smiles,targetname
CC(C)(C)OC(=O)N[C@H]1CC[C@H](CN2CCN(c3cccc(Cl)c3Cl)CC2)CC1,Dopamine D2 receptor
Fc1ccc2[nH]c3c(c2c1)CCN(CCCCc1ccnc2ccccc12)C3,Dopamine D2 receptor
Cc1cc(C)c2c(N)c(C(=O)NCCCN3CCC(O)(c4ccc(Cl)cc4)CC3)sc2n1,Dopamine D2 receptor
O=C(N[C@H]1CC[C@H](CCN2CCN(c3ccccn3)CC2)CC1)c1ccccc1,Dopamine D2 receptor
COc1cc2c(cc1OC)CC(NCCO)CC2.Cl,Dopamine D2 receptor
CCN1C(=O)c2ccccc2[S+]([O-])c2ccc(NC(=O)Cc3ccc(OC)cc3)cc21,Dopamine D2 receptor
CCN(CC)CCN1C(=O)c2cc(Cl)c(NC=O)cc2OC(C)=C1C,Dopamine D2 receptor
[H][C@@]1(CNC(=O)c2c(OC)cccc2OC)CCCN1CC,Dopamine D2 receptor
CC(C)(C)OC(=O)Nc1ccc(CCN2CCc3ccccc3C2)cc1,Dopamine D2 receptor
[H][C@@]1(CNC(=O)c2c(OC)c(Cl)cc(OC)c2OC)CCCN1CC,Dopamine D2 receptor
CCN(CC)CCNC(=O)c1cc(Cl)c(N)cc1OCC(C)O,Dopamine D2 receptor
Cl.N#Cc1cccnc1N1CCN(CCCCN2C(=O)c3ccc([N+](=O)[O-])cc3C2=O)CC1,Dopamine D2 receptor
C=CCN1CCC[C@H]1CNC(=O)c1cc(CCCSC2CC(=O)N(CCCCCC(=O)NCCOCCOCCOCCOCCC(=O)N[C@@H](CCCCNC(=O)CN3CCN(CC(=O)O)CCN(CC(=O)O)CCN(CC(=O)O)CC3)C(=O)N[C@@H](Cc3cnc[nH]3)C(=O)N[C@@H](C)C(=O)N[C@H](C(=O)N[C@@H](Cc3ccc(O)cc3)C(=O)N3CCC[C@H]3C(=O)N[C@@H](CCCNC(=N)N)C(=O)N[C@@H](Cc3cnc[nH]3)C(=O)O)[C@@H](C)CC)C2=O)cc(OC)c1OC,Dopamine D2 receptor
OCCOCCN1CCN(C2=Nc3cc(Cl)ccc3Cc3ccccc32)CC1,Dopamine D2 receptor
CC(C)C[C@H](NC(=O)[C@@H]1CCNC1)C(=O)NCC(N)=O,Dopamine D2 receptor
C=CCN1CCC[C@H]1CNC(=O)c1cc(CCCSC2CC(=O)N(CCCCCC(=O)N[C@H](C(=O)N[C@@H](Cc3cnc[nH]3)C(=O)N[C@@H](CCCNC(=N)N)C(=O)N3CCC[C@H]3C(=O)N3CCC[C@H]3C(=O)N[C@@H](CCSC)C(=O)N[C@@H](Cc3c[nH]c4ccccc34)C(=O)N[C@@H](CO)C(=O)N3CCC[C@H]3C(=O)N[C@H](C(=O)N[C@@H](Cc3c[nH]c4ccccc34)C(=O)N3CCC[C@H]3C(=O)O)C(C)C)[C@@H](C)O)C2=O)cc(OC)c1OC,Dopamine D2 receptor
[H][C@@]12Cc3ccc(OCCCNC(=O)CCCCCCCCCCC(=O)NCCCOc4ccc5c(c4O)-c4cccc6c4[C@@]([H])(C5)N(C)CC6)c(O)c3-c3cccc(c31)CCN2C,Dopamine D2 receptor
[H][C@@]1(c2cccc(S(=O)(=O)OC(F)(F)F)c2)CCCN(CCC)C1,Dopamine D2 receptor
CC[n+]1cccc2c1CCC1CCC(O)CC21,Dopamine D2 receptor
CCN1CCC[C@H]1CNC(=O)c1c(Cl)c(OC)cc(O)c1OC,Dopamine D2 receptor
CCN1CCC[C@H]1CNC(=O)c1c(Br)c(Br)cc(O)c1OC,Dopamine D2 receptor
CN(Cc1ccccc1)Cc1c[nH]c(-c2ccccc2)n1.Cl.Cl,Dopamine D2 receptor
COc1cc(Br)cc(-c2nc(CN(C)Cc3ccccc3)c[nH]2)c1OC.Cl.Cl,Dopamine D2 receptor
[H][C@@]1(CNC(=O)c2c(O)c(Br)cc(OC)c2OC)CCCN1CC=C,Dopamine D2 receptor
[H][C@@]1(CNC(=O)c2c(OC)ccc(CCCC)c2O)CCCN1CC,Dopamine D2 receptor
CCc1c(Cl)cc(O)c(OC)c1C(=O)NC[C@@H]1CCCN1CC,Dopamine D2 receptor
COc1ccccc1N1CCN(CC[C@H]2CC[C@H](NC(=O)c3cc4ccccc4[nH]3)CC2)CC1,Dopamine D2 receptor
Cc1cc2c(cc1C)OC(CN1CCC(n3c(O)nc4cc(F)ccc43)CC1)CO2,Dopamine D2 receptor
[H][C@]12C=C(CO)CN(C)[C@]1([H])Cc1c(SC)[nH]c3cccc2c13,Dopamine D2 receptor
CC(C)[C@H](NC(=O)[C@@H]1N[C@@H](CN=[N+]=[N-])C[C@H]1CN=[N+]=[N-])C(=O)NCC(N)=O.Cl,Dopamine D2 receptor
c1ccc2nc(CCCCN3CCc4c([nH]c5ccccc45)C3)ccc2c1,Dopamine D2 receptor
CCCCNC1CCc2n[nH]cc2C1,Dopamine D2 receptor
[H][C@@]1(CNC(=O)c2c(O)c(CCC)cc(OC)c2OC)CCCN1CC,Dopamine D2 receptor
CCCCN1CCN2c3cccc4[nH]cc(c34)CC2C1,Dopamine D2 receptor
CCCN1CCOC(c2ccccc2O)C1,Dopamine D2 receptor
CCN1CCC[C@H]1CNC(=O)c1c(Cl)c(C)cc(O)c1OC,Dopamine D2 receptor
CCCN[C@@H]1CCc2c(cccc2OC)C1,Dopamine D2 receptor
COc1ccc2[nH]c3c(c2c1)CCN(CCc1ccncc1)C3,Dopamine D2 receptor
CCCC[C@H]1Cc2c(Cl)cccc2[C@@H](c2ccccc2)N1,Dopamine D2 receptor
[H][C@]12CN3CCC(O)(C(C)(C)C)C[C@]3([H])c3cccc(c31)CCc1ccccc12,Dopamine D2 receptor
CCC(=O)C(C)Oc1cc(N)c(Cl)cc1C(=O)NCCN(CC)CC,Dopamine D2 receptor
C[N+](C)(C)NCCN1c2ccccc2Sc2ccc(Cl)cc21.[I-],Dopamine D2 receptor
CCCN1CCOC(c2cccc([N+](=O)[O-])c2)C1,Dopamine D2 receptor
C=CCN1CCCC1CNC(=O)c1c(OC)c(Br)cc(OC)c1OC,Dopamine D2 receptor
CN(CCCl)C1CCc2c(ccc(O)c2O)C1.Cl,Dopamine D2 receptor
[H][C@@]1(NC(=O)[C@@H]2CCCN2)CCN(CC(N)=O)C1=O,Dopamine D2 receptor
CN1CCN(C2=Nc3ccccc3Sc3ccccc32)CC1,Dopamine D2 receptor
[H][C@@]12Cc3ccc(OCCCNC(C)=O)c(O)c3-c3cccc(c31)CCN2C,Dopamine D2 receptor
NC(=O)CNC(=O)[C@H](CCc1ccccc1)NC(=O)[C@H]1CCCN1,Dopamine D2 receptor
CNc1cc(OC)c(C(=O)N[C@H]2CCN(Cc3ccccc3)[C@H]2C)cc1Cl,Dopamine D2 receptor
CCOC(=O)N[C@H]1CC[C@H](CCN2CCc3ccccc3C2)CC1,Dopamine D2 receptor
O=C(CCCCCCCCC(=O)NCCCN1CCN(C2=Nc3cc(Cl)ccc3Nc3ccccc32)CC1)NCCCN1CCN(C2=Nc3cc(Cl)ccc3Nc3ccccc32)CC1,Dopamine D2 receptor
CCN(CC)CCNC(=O)c1cc(Cl)c(N)cc1OCC(=O)c1ccccc1,Dopamine D2 receptor
CCN(CC)CCNC(=O)c1cc(Cl)c(N)cc1OC(C)C(C)=O,Dopamine D2 receptor
CCN(CC)CCNC(=O)c1cc(Cl)c(N)cc1OCC1=NCCN1,Dopamine D2 receptor
Fc1ccc(C(CCCN2CCc3c([nH]c4ccccc34)C2)c2ccc(F)cc2)cc1,Dopamine D2 receptor
CN1CCN(C2=Nc3cc(Cl)ccc3N(NC(=O)CCCCCCCCCCCCCCCCC(=O)NN3c4ccc(Cl)cc4N=C(N4CCN(C)CC4)c4ccccc43)c3ccccc32)CC1,Dopamine D2 receptor
Br.CCCN(CCBr)C1CCc2cc(O)c(O)cc2C1,Dopamine D2 receptor
Clc1ccc2[nH]cc(CCCCN3CC=C(c4ccccc4)CC3)c2c1,Dopamine D2 receptor
COc1cc(Br)cc(C(=O)NC[C@@H]2CCCN2Cc2ccc(F)cc2)c1OC,Dopamine D2 receptor
[H][C@@]12c3ccccc3CN(CCC)[C@]1([H])Cc1c[nH]c3cccc2c13,Dopamine D2 receptor
OCCOCCN1CCN(C2=Nc3cc(Cl)ccc3Cc3sccc32)CC1,Dopamine D2 receptor
Cc1[nH]n(C)c(=O)c1C(=N)c1ccc(F)cc1,Dopamine D2 receptor
CCN(CC)CCNC(=O)c1cc(Cl)c(N)cc1OCC(=O)Cc1ccccc1,Dopamine D2 receptor
Cl.O=C1CC2(CCCc3ccccc32)C(=O)N1CCCCN1CCN(c2ncccn2)CC1,Dopamine D2 receptor
N#Cc1ccc2c(c1)CN(CC[C@H]1CC[C@H](NC(=O)c3nc4ccccc4[nH]3)CC1)CC2,Dopamine D2 receptor
CCN(CC)CCNC(=O)c1cc(Cl)c(N)cc1OC/C(C)=N/O,Dopamine D2 receptor
Clc1ccc2[nH]c3c(c2c1)CCN(CCc1ccc2ccccc2n1)C3,Dopamine D2 receptor
CC(C)OC(=O)N[C@H]1CC[C@H](CCN2CCc3ccccc3C2)CC1,Dopamine D2 receptor
CN1CCN(C2=Nc3cc(Cl)c(Cl)cc3Nc3ncccc32)CC1,Dopamine D2 receptor
COc1ccc(Br)c(OC)c1C(=O)NC[C@@H]1CCCN1Cc1ccccc1,Dopamine D2 receptor
COc1cc(Br)c(OC)c(C(=O)NCC2CCCN2)c1OC.Cl,Dopamine D2 receptor
FC(F)(F)c1ccc(C2=CCC[C@@H](CN3CC=C(c4ccccc4)CC3)C2)cc1,Dopamine D2 receptor
Cc1ccc2c(c1)OCC(CN1CCC(n3c(O)nc4cc(Cl)ccc43)CC1)O2,Dopamine D2 receptor
CCN1CCN2c3cccc4[nH]cc(c34)CC2C1,Dopamine D2 receptor
CC(C)(C)OC(=O)N[C@H]1CC[C@H](CCN2CCc3ccccc3C2)CC1,Dopamine D2 receptor
c1ccc(-c2ccccc2CN2CCN3c4cccc5[nH]cc(c45)CC3C2)cc1,Dopamine D2 receptor
[H][C@@]1(CNC(=O)c2c(OC)c(Cl)cc(Cl)c2OC)CCCN1CC,Dopamine D2 receptor
CN(C)C(=O)N[C@H]1CC[C@@H](CCN2CCc3ccccc3C2)CC1,Dopamine D2 receptor
CCN1CCC[C@H]1CNC(=O)c1c(Br)c(Cl)cc(O)c1OC,Dopamine D2 receptor
c1cnc(N2CCN(CC[C@H]3CC[C@H](c4c[nH]c5ccccc54)CC3)CC2)nc1,Dopamine D2 receptor
CCN1CCC[C@H]1CNC(=O)c1c(Br)ccc(O)c1OC,Dopamine D2 receptor
C=CCN1CCC[C@H]1CNC(=O)c1cc(CCCSC2CC(=O)N(CCCCCC(=O)NCCOCCOCCOCCOCCC(=O)N[C@@H](CCCCNC(=O)O/N=C/c3ccc([Si](F)(C(C)(C)C)C(C)(C)C)cc3)C(=O)N[C@@H](Cc3cnc[nH]3)C(=O)N[C@@H](C)C(=O)N[C@H](C(=O)N[C@@H](Cc3ccc(O)cc3)C(=O)N3CCC[C@H]3C(=O)N[C@@H](CCCNC(=N)N)C(=O)N[C@@H](Cc3cnc[nH]3)C(=O)O)[C@@H](C)CC)C2=O)cc(OC)c1OC,Dopamine D2 receptor
c1cnc2cc(OCCCCN3CCN(c4cccc5sccc45)CC3)ccc2c1,Dopamine D2 receptor
COc1ccccc1N1CCN(Cc2ccc(CNC(C)=O)n2C)CC1.O=C(O)CCC(=O)O,Dopamine D2 receptor
CC(C)CN1CCN2c3cccc4[nH]cc(c34)CC2C1,Dopamine D2 receptor
C=CCN1CCC[C@H]1CNC(=O)c1cc(CCCSC2CC(=O)N(CCCCCC(=O)NCCOCCOCCOCCOCCOCCOCCOCCOCCC(=O)N[C@H](C(=O)N[C@@H](Cc3ccccc3)C(=O)N[C@@H](Cc3ccccc3)C(=O)N[C@@H](Cc3ccc(O)cc3)C(=O)NCC(=O)NCC(=O)N[C@@H](CO)C(=O)N[C@@H](CCCNC(=N)N)C(=O)NCC(=O)N[C@@H](CCCCNC(=O)CN3CCN(CC(=O)O)CCN(CC(=O)O)CCN(CC(=O)O)CC3)C(=O)N[C@@H](CCCNC(=N)N)C(=O)N[C@@H](CC(N)=O)C(=O)N[C@@H](CC(N)=O)C(=O)N[C@@H](Cc3ccccc3)C(=O)N[C@@H](CCCCN)C(=O)N[C@H](C(=O)N[C@@H](CCC(=O)O)C(=O)N[C@@H](CCC(=O)O)C(=O)N[C@@H](Cc3ccc(O)cc3)C(=O)O)[C@@H](C)O)[C@@H](C)O)C2=O)cc(OC)c1OC,Dopamine D2 receptor
C/C=C/COc1cc(N)c(Cl)cc1C(=O)NCCN(CC)CC,Dopamine D2 receptor
CCCN(CCC)C1CCc2ccc(NS(C)(=O)=O)cc2C1,Dopamine D2 receptor
CCN1CCCC1CNC(=O)c1c(OC)ccc(OC)c1OC,Dopamine D2 receptor
[H][C@@]1(CNC(=O)c2c(OC)c(CCC)cc(OC)c2OC)CCCN1CC,Dopamine D2 receptor
COc1cc2c(cc1OC)CC(NC(=O)CCl)CC2,Dopamine D2 receptor
[H][C@]12C=C(C)CN(CC)[C@]1([H])Cc1c(SC)[nH]c3cccc2c13,Dopamine D2 receptor
CC[N+]1(CC)CCCC1CNC(=O)c1cc(S(N)(=O)=O)ccc1OC.[I-],Dopamine D2 receptor
[H][C@]12C[C@@H](CSC)CN(CCC)[C@]1([H])CCc1c2ccc(O)c1O,Dopamine D2 receptor
CCCN(CCc1ccccc1)C1CCc2n[nH]cc2C1,Dopamine D2 receptor
[H][C@@]1(CNC(=O)c2c(O)ccc(OC)c2OC)CCCN1CC,Dopamine D2 receptor
c1cncc(CCCN2CCc3c(n(CCCN4CCCCC4)c4ccccc34)C2)c1,Dopamine D2 receptor
[H][C@@]1(CNC(=O)c2c(OC)ccc(C)c2O)CCCN1CC,Dopamine D2 receptor
CC(C)[C@H](NC(=O)[C@@H]1N[C@@H](CN=[N+]=[N-])C[C@H]1CN=[N+]=[N-])C(=O)NCC(=O)O.Cl,Dopamine D2 receptor
c1ccc(N2CCN([C@H]3CC[C@@H](c4c[nH]c5ccccc54)CC3)CC2)nc1,Dopamine D2 receptor
[H][C@]12C[C@@H](CSC)CN(CCC)[C@]1([H])CCc1c(O)cccc12,Dopamine D2 receptor
CCN(CC)CCNC(=O)c1cc(Cl)c(N)cc1OCCO,Dopamine D2 receptor
CCOc1ccccc1N1CCCN(CCCCOc2ccc3c(n2)NC(=O)CC3)CC1,Dopamine D2 receptor
OCCOCCN1CCN(C2=Nc3ccccc3Oc3ccccc32)CC1,Dopamine D2 receptor
CCN(CC)CCNC(=O)c1cc(Cl)c(N)cc1O,Dopamine D2 receptor
OC1(c2ccc(Cl)cc2)CCNCC1,Dopamine D2 receptor
Br.CCCN(CCCl)C1CCc2cc(O)c(O)cc2C1,Dopamine D2 receptor
[H][C@]12C=C(C)CN(C)[C@]1([H])Cc1c(SC(C)C)[nH]c3cccc2c13,Dopamine D2 receptor
C1=C(c2ccccc2)CC(CN2CCN(c3ccccc3)CC2)CC1,Dopamine D2 receptor
O=C(CCCCC(=O)NCCCN1CCN(C2=Nc3cc(Cl)ccc3Nc3ccccc32)CC1)NCCCN1CCN(C2=Nc3cc(Cl)ccc3Nc3ccccc32)CC1,Dopamine D2 receptor
CCN1CCC[C@H]1CNC(=O)c1cc(C)cc(O)c1OC,Dopamine D2 receptor
CN1CCN(C2=Nc3cc(Cl)ccc3Cc3ccccc32)CC1,Dopamine D2 receptor
COc1cc(Br)c(O)c(C(=O)NC[C@H]2CCCN2Cc2ccccc2)c1OC,Dopamine D2 receptor
CC1(c2ccccc2)CC(=O)N(CCCCN2CCN(c3ncccn3)CC2)C1=O.Cc1ccc(S(=O)(=O)O)cc1,Dopamine D2 receptor
C=CCN1CCCC1CNC(=O)c1cc2nn[nH]c2cc1OC(C)C(C)=O,Dopamine D2 receptor
C1=C(c2cccs2)CCC(N2CCN(c3ccccn3)CC2)C1,Dopamine D2 receptor
[H][C@@]12c3ccccc3CN(CC)[C@]1([H])Cc1c[nH]c3cccc2c13,Dopamine D2 receptor
CCN1CCCC1CNC(=O)c1c(OC)ccc(I)c1O,Dopamine D2 receptor
COc1ccccc1N1CCCN(CCCCOc2ccc3c(n2)NC(=O)CC3)CC1,Dopamine D2 receptor
OC1(c2ccc(Cl)cc2)CCN(CCCn2c3c(c4ccccc42)CCN(CCc2ccccn2)C3)CC1,Dopamine D2 receptor
c1ccc(Cn2c3c(c4ccccc42)CCN(CCc2ccccn2)C3)cc1,Dopamine D2 receptor
[H][C@@]12Cc3ccc(OCCCNC(=O)CCCCCCCCC(=O)NCCCOc4ccc5c(c4O)-c4cccc6c4[C@@]([H])(C5)N(C)CC6)c(O)c3-c3cccc(c31)CCN2C,Dopamine D2 receptor
CCN(CC)CCNC(=O)c1cc(Cl)c(N)cc1OC/C(C)=N/OC,Dopamine D2 receptor
CC(C)CCN1CCC=C(c2csc(N)n2)C1.Cl.Cl,Dopamine D2 receptor
CCN(CC)CCNC(=O)c1cc(Cl)c(N)cc1OCCOCCOC,Dopamine D2 receptor
COc1ccc2c(CCCCN3CC=C(c4ccccc4)CC3)c[nH]c2c1,Dopamine D2 receptor
CCN1C(=O)c2ccccc2[S+]([O-])c2ccc(C(=O)NCc3cccc(OC)c3)cc21,Dopamine D2 receptor
C1=C(c2ccccc2)CCN(C2CCC=C(c3ccccc3)C2)C1,Dopamine D2 receptor
CCN(CC)CCNC(=O)c1cc(Cl)c(N)cc1OCCC(C)O,Dopamine D2 receptor
c1cc2c3c(c[nH]c3c1)CC1CNCCN21,Dopamine D2 receptor
COc1ccc2c(c1)nc(O)n2C1CCN(CC2COc3ccccc3O2)CC1,Dopamine D2 receptor
[H][C@]12C[C@H](NC(=O)C(C)(C)C)CN(C)[C@]1([H])Cc1c(C)[nH]c3cccc2c13,Dopamine D2 receptor
CCCN(CCCNC(=O)CCCCCCCCCCCCCCC(=O)NCCCN(CCC)CCc1cccc2c1CC(=O)N2)CCc1cccc2c1CC(=O)N2,Dopamine D2 receptor
CC(C)(C)OC(=O)NCCCCCN1CCN(c2cccc(Cl)c2Cl)CC1,Dopamine D2 receptor
COCC(COC)N1CCN(C2=Nc3ccccc3Sc3ccccc32)CC1,Dopamine D2 receptor
[H][C@]12C[C@@H](CC#N)CN(CCC)[C@]1([H])CCc1ccc(O)cc12,Dopamine D2 receptor
CN1CCN(C2=Nc3cc(Cl)ccc3N(C(=O)CCCCCCCCCCCCC(=O)N3c4ccc(Cl)cc4N=C(N4CCN(C)CC4)c4ccccc43)c3ccccc32)CC1,Dopamine D2 receptor
CC(C)(C)OC(=O)NCCN1CCC(O)(c2ccc(Cl)cc2)CC1,Dopamine D2 receptor
COc1ccccc1N1CCN(CCCCCNC(=O)c2sc3nc(C)cc(C)c3c2N)CC1,Dopamine D2 receptor
C(#Cc1cccnc1)CCN1CCN(c2ncccn2)CC1,Dopamine D2 receptor
Oc1nc2cc(F)ccc2n1C1CCN(CC2COc3ccc(F)cc3O2)CC1,Dopamine D2 receptor
CCN(CC)CCNC(=O)c1cc(Cl)c(N)cc1OC(C)/C(C)=N/O,Dopamine D2 receptor
CCN(Cc1ccccc1)C(=O)c1ccc2c(c1)N(CC)C(=O)c1ccccc1[S+]2[O-],Dopamine D2 receptor
COc1ccccc1N1CCN(Cc2ccc(CN(Cc3ccccc3)C(C)=O)n2C)CC1.O=C(O)CCC(=O)O,Dopamine D2 receptor
CCN(CC)CCNC(=O)c1cc(Cl)c(N)cc1OCc1cc(C)no1,Dopamine D2 receptor
COc1ccc([C@@H](O)[C@@H](C)N2CCN(c3cccccc3=O)CC2)cc1OC,Dopamine D2 receptor
CN1CCN(C2=Nc3cc(Cl)ccc3N(NC(=O)CCCCCCCCCCC(=O)NN3c4ccc(Cl)cc4N=C(N4CCN(C)CC4)c4ccccc43)c3ccccc32)CC1,Dopamine D2 receptor
CCc1cc(O)c(OC)c(C(=O)NC[C@@H]2CCCN2CC)c1,Dopamine D2 receptor
C1=C(c2ccccc2)CCC(CN2CCN(c3ccccn3)CC2)C1,Dopamine D2 receptor
[H][C@@]1(CNC(=O)c2c(OC)ccc3ccccc23)CCCN1CC,Dopamine D2 receptor
CCCN(CCCC(=O)OCC)CCc1cccc2c1CC(=O)N2,Dopamine D2 receptor
O=C1CCc2ccc(Oc3cccc(CN4CCN(c5cccc(Cl)c5Cl)CC4)c3)cc2N1,Dopamine D2 receptor
O=c1ccc2ccc(OCCCN3CCCN(c4cccc(Cl)c4Cl)CC3)cc2[nH]1,Dopamine D2 receptor
COc1ccc2[nH]c3c(c2c1)CCN(CCc1ccccn1)C3,Dopamine D2 receptor
Cl.O=C1CC2(CCc3ccccc32)C(=O)N1CCCCN1CCN(c2ncccn2)CC1,Dopamine D2 receptor
C=CCOc1cc(N)c(Cl)cc1C(=O)NCCN(CC)CC,Dopamine D2 receptor
[H][C@]12CN3CC[C@](O)(C(C)C)C[C@]3([H])c3cccc(c31)CCc1ccccc12,Dopamine D2 receptor
[H][C@]12C=C(C)CN(C)[C@]1([H])Cc1c(SC)n(CO)c3cccc2c13,Dopamine D2 receptor
C1=C(c2ccccc2)CCN(C[C@H]2CCC=C(c3ccccc3)C2)C1,Dopamine D2 receptor
CCN(CC)CCNC(=O)c1cc(Cl)c(N)cc1OCC1COC(C)(C)O1,Dopamine D2 receptor
CCN1CCCC1CNc1nncc2ccc(OC)c(OC)c12,Dopamine D2 receptor
COc1c(Cl)cc(Cl)c(OC)c1C(=O)NC1CCN(Cc2ccccc2)CC1,Dopamine D2 receptor
[H][C@@]12CC[C@H](NC(=O)c3ccccc3)C[C@@]1([H])CC[C@@H](N1CCN(c3ccccn3)CC1)C2,Dopamine D2 receptor
CCc1cc(Cl)c(OC)c(C(=O)NC[C@H]2CCCN2Cc2ccc(F)cc2)c1O,Dopamine D2 receptor
O=C(CCCCCCCCCCCCCCCCCCC(=O)NCCCN1CCN(C2=Nc3cc(Cl)ccc3Nc3ccccc32)CC1)NCCCN1CCN(C2=Nc3cc(Cl)ccc3Nc3ccccc32)CC1,Dopamine D2 receptor
O=C1CCc2ccc(OCCCCN3CCC(c4cccc(Cl)c4Cl)CC3)cc2N1,Dopamine D2 receptor
CCN1CCCC1CN1Cc2ccccc2C1=O,Dopamine D2 receptor
COc1nc2sc(C(=O)NCCCCCN3CCN(c4cccc(Cl)c4Cl)CC3)c(N)c2c(C)c1Cl,Dopamine D2 receptor
[H][C@]1(CNC(=O)c2c(O)c(Br)cc(OC)c2OC)CCCN1CC,Dopamine D2 receptor
O=C1C2C3C=CC(C4CCC34)C2C(=O)N1CCCCN1CCN(c2ccc(Cl)nn2)CC1,Dopamine D2 receptor
OCCOCCN1CCN(C2=Nc3cccc(F)c3Sc3ccccc32)CC1,Dopamine D2 receptor
COc1ccc2c(c1OC)CCC(NCCO)C2.Cl,Dopamine D2 receptor
CCN(CC)CCNC(=O)c1cc(Cl)c(N)cc1OCC(C)(C)O,Dopamine D2 receptor
CS(=O)(=O)c1cccc(C2CCN(Cc3ccccc3)CC2)c1,Dopamine D2 receptor
O=C1C2C3C=CC(C3)C2C(=O)N1CCCCN1CCN(c2ccc(Cl)nn2)CC1,Dopamine D2 receptor
CC(C)Oc1ccccc1N1CCN(Cc2ccc(CCN3CCCCC3=O)n2C)CC1.Cl,Dopamine D2 receptor
O=c1[nH]c2ccc(OCCCCN3CCC(c4cccc(Cl)c4Cl)CC3)cc2[nH]1,Dopamine D2 receptor
CC1(c2ccccc2)CC(=O)N(CCCCN2CCN(c3ncccn3)CC2)C1=O.Cl,Dopamine D2 receptor
[H][C@@]12Cc3ccc(OCCCNC(=O)CCCCCCCCCCCCCCCCCCC(=O)NCCCOc4ccc5c(c4O)-c4cccc6c4[C@@]([H])(C5)N(C)CC6)c(O)c3-c3cccc(c31)CCN2C,Dopamine D2 receptor
COCC(CCN1CCN(C2=Nc3ccccc3Sc3ccccc32)CC1)OC,Dopamine D2 receptor
O=c1[nH]c2ccc(OCCCCN3CCN(c4cccc(Cl)c4Cl)CC3)cc2[nH]1,Dopamine D2 receptor
CN(C(=O)c1cc2ccccc2[nH]1)[C@H]1CC[C@H](CCN2CCc3ccc(C#N)cc3C2)CC1,Dopamine D2 receptor
CCN1CCC[C@H]1CNC(=O)c1c(Cl)c(Cl)cc(O)c1OC,Dopamine D2 receptor
CCc1cc(Cl)c(OC)c(C(=O)NC2CCN(Cc3ccccc3)CC2)c1O,Dopamine D2 receptor
OCCOCCN1CCN(C2=Nc3ccc(O)cc3Cc3ccccc32)CC1,Dopamine D2 receptor
Clc1ccc(C2=CCC[C@@H](CN3CC=C(c4ccccc4)CC3)C2)cc1,Dopamine D2 receptor
[H][C@@]1(CNC(=O)c2cc(I)ccc2OC)CCCN1CC,Dopamine D2 receptor
CN1C(=O)c2ccccc2[S+]([O-])c2ccc(C(=O)NCCN3CCCC3)cc21,Dopamine D2 receptor
C=CCN1CCC[C@H]1CNC(=O)c1cc(CCCSC2CC(=O)N(CCCCCC(=O)NCCCC(=O)N[C@@H](Cc3cnc[nH]3)C(=O)N[C@@H](C)C(=O)N[C@H](C(=O)N[C@@H](Cc3ccc(O)cc3)C(=O)N3CCC[C@H]3C(=O)N[C@@H](CCCNC(=N)N)C(=O)N[C@@H](Cc3cnc[nH]3)C(=O)O)[C@@H](C)CC)C2=O)cc(OC)c1OC,Dopamine D2 receptor
N#Cc1ccc2c(c1)CN(CC[C@H]1CC[C@H](NC(=O)c3cc4cccnc4[nH]3)CC1)CC2,Dopamine D2 receptor
COc1ccc(S(N)(=O)=O)cc1C(=O)NCC1CCCS1,Dopamine D2 receptor
[H][C@@]1(CNC(=O)c2cc(CCCF)cc(OC)c2OC)CCCN1CC,Dopamine D2 receptor
CN1CCN(C2=Nc3cc(Cl)ccc3N(NC(=O)CCCCC(=O)NN3c4ccc(Cl)cc4N=C(N4CCN(C)CC4)c4ccccc43)c3ccccc32)CC1,Dopamine D2 receptor
COc1ccc2c(c1OC)CCC(N(CCO)CCO)C2,Dopamine D2 receptor
[H][C@@]12Cc3ccc(O)c(O)c3-c3cc(SC)cc(c31)CCN2CCC,Dopamine D2 receptor
Cc1[nH]n(C)c(=O)c1C(=N)c1ccccc1,Dopamine D2 receptor
CCCN(Cc1ccc(OC)cc1)[C@@H]1CCc2c(cccc2OC)C1,Dopamine D2 receptor
C=CCN1CCC[C@H]1CNC(=O)c1cc(CCCSC2CC(=O)N(CCCCCC(=O)NCCOCCOCCOCCOCCOCCOCCOCCOCCOCCOCCOCCOCCC(=O)N[C@@H](Cc3cnc[nH]3)C(=O)N[C@@H](C)C(=O)N[C@H](C(=O)N[C@@H](Cc3ccc(O)cc3)C(=O)N3CCC[C@H]3C(=O)N[C@@H](CCCNC(=N)N)C(=O)N[C@@H](Cc3cnc[nH]3)C(=O)O)[C@@H](C)CC)C2=O)cc(OC)c1OC,Dopamine D2 receptor
[H][C@@]1(CNC(=O)c2c(OC)ccc(OC)c2O)CCCN1CC,Dopamine D2 receptor
O=C(N[C@H]1CC[C@H](CCN2CCc3ccc(C(F)(F)F)cc3C2)CC1)c1cc2ccccc2[nH]1,Dopamine D2 receptor
CN1CCN(C2=Nc3cc(Cl)ccc3N(C(=O)CCCCCCCCCCCCCCCCC(=O)N3c4ccc(Cl)cc4N=C(N4CCN(C)CC4)c4ccccc43)c3ccccc32)CC1,Dopamine D2 receptor
[H][C@@]12CC[C@@H](NC(=O)c3ccccc3)C[C@@]1([H])CC[C@@H](N1CCN(c3ccccn3)CC1)C2,Dopamine D2 receptor
CC(C)CCN1CCN2c3cccc4[nH]cc(c34)CC2C1,Dopamine D2 receptor
CCN1CCCC1CN1C(=O)c2ccccc2S1(=O)=O,Dopamine D2 receptor
Clc1cccc(C2CCN(CCCOc3ccc4scnc4c3)CC2)c1Cl,Dopamine D2 receptor
COc1ccc(Br)c(O)c1C(=O)NCC1CCCN1Cc1ccccc1,Dopamine D2 receptor
C1=C(c2ccccc2)CCN(CC2CCCC=C2c2ccccc2)C1,Dopamine D2 receptor
[H][C@]12C=C(C)CN(C)[C@]1([H])Cc1c(SCCC)[nH]c3cccc2c13,Dopamine D2 receptor
COc1c(Cl)cc(Cl)c(O)c1C(=O)NC1CCN(Cc2ccccc2)CC1,Dopamine D2 receptor
CCN(CC)CCNC(=O)c1cc(Cl)c(N)cc1OC1CCCC[C@H]1O,Dopamine D2 receptor
CCCN(CCC)[C@@H]1Cc2cc(O)ccc2C[C@H]1C,Dopamine D2 receptor
NC(=O)CNC(=O)[C@H](CCc1ccccc1)NC(=O)[C@@H]1CCCN1,Dopamine D2 receptor
CCN1CCC[C@H]1CN1Cc2ccc(Cl)cc2C1=O,Dopamine D2 receptor
C=C(C)COc1cc(N)c(Cl)cc1C(=O)NCCN(CC)CC,Dopamine D2 receptor
O=C1CCc2ccc(OC/C=CCN3CCN(c4cccc5sccc45)CC3)cc2N1,Dopamine D2 receptor
[H][C@@]1(CNC(=O)c2cc(CCC)cc(OC)c2OC)CCCN1CC,Dopamine D2 receptor
[H][C@]12C[C@@H](CC#N)CN(CCC)[C@]1([H])CCc1c2ccc(O)c1O,Dopamine D2 receptor
CCN1CCC[C@H]1CNC(=O)c1cc([N+](=O)[O-])cc(O)c1OC,Dopamine D2 receptor
CCN1CCCC1Cn1sc2ccccc2c1=O,Dopamine D2 receptor
CCOc1cc(N)c(Cl)cc1C(=O)NCC1CN(Cc2ccccc2)CCO1.O,Dopamine D2 receptor
[H][C@@]12c3ccccc3CN[C@]1([H])Cc1c[nH]c3cccc2c13,Dopamine D2 receptor
CCN1CCCC1CN1CSc2ccccc2C1=O,Dopamine D2 receptor
CC(C)(C)OC(=O)NC[C@H]1CC[C@H](CN2CCc3ccccc3C2)CC1,Dopamine D2 receptor
CCN1CCC[C@H]1CNC(=O)c1c(Cl)ccc(O)c1OC,Dopamine D2 receptor
CCCN1CCC=C(c2cnc(N)s2)C1,Dopamine D2 receptor
CCCN(CCCNC(=O)CCC(=O)NCCCN(CCC)CCc1cccc2c1CC(=O)N2)CCc1cccc2c1CC(=O)N2,Dopamine D2 receptor
Clc1ccccc1C1=CCN(CCCCc2c[nH]c3ccccc23)CC1,Dopamine D2 receptor
CCc1cc(O)c(OC)c(C(=O)NC[C@@H]2CCCN2CC)c1Cl,Dopamine D2 receptor
CC(C)(C)OC(=O)N[C@H]1CC[C@@H](CCN2CCc3ccccc3C2)CC1,Dopamine D2 receptor
CCN1C(=O)c2ccccc2[S+]([O-])c2ccc(C(=O)NCc3ccc(C#N)cc3)cc21,Dopamine D2 receptor
COc1cc(Br)c(O)c(C(=O)NC[C@H]2CCCN2Cc2ccc(F)cc2)c1OC,Dopamine D2 receptor
c1ccc(N2CCN([C@H]3CC[C@H](c4c[nH]c5ccccc54)CC3)CC2)nc1,Dopamine D2 receptor
Cl.OCCCNCC1CCc2ccccc2O1,Dopamine D2 receptor
CCC1(CC)CC(=O)N(CCCCN2CCN(c3nsc4ccccc34)CC2)C(=O)C1.Cl,Dopamine D2 receptor
[H][C@@]12Cc3ccc(OCCCNC(=O)CCCCCNC(=O)OC(C)(C)C)c(O)c3-c3cccc(c31)CCN2C,Dopamine D2 receptor
CC(C)=C1C2C=CC1C1C(=O)N(CCCCN3CCN(c4cncc(Cl)n4)CC3)C(=O)C21,Dopamine D2 receptor
C=CCN1CCC[C@H]1CNC(=O)c1cc(CCCSC2CC(=O)N(CCCCCC(=O)N[C@@H](Cc3cnc[nH]3)C(=O)N[C@@H](C)C(=O)N[C@H](C(=O)N[C@@H](Cc3ccc(O)cc3)C(=O)N3CCC[C@H]3C(=O)N[C@@H](CCCNC(=N)N)C(=O)N[C@@H](Cc3cnc[nH]3)C(=O)O)[C@@H](C)CC)C2=O)cc(OC)c1OC,Dopamine D2 receptor
CCCN1CCCC2c3cccc(O)c3CCC21,Dopamine D2 receptor
CCN1CCC[C@H]1CNC(=O)c1cc(Cl)cc(O)c1OC,Dopamine D2 receptor
CCN1CCC[C@H]1CN1C(=O)c2ccccc2S1(=O)=O,Dopamine D2 receptor
COc1cccc(-c2nc(CN(C)Cc3ccccc3)c[nH]2)c1.Cl.Cl,Dopamine D2 receptor
CSc1nc(N2CCN(CCCCN3C(=O)c4ccccc4C3=O)CC2)ncc1F.Cl,Dopamine D2 receptor
[H][C@@]1(CNC(=O)c2c(O)cccc2OC)CCCN1CC,Dopamine D2 receptor
Oc1cccc(C2CCCN3CCCC23)c1,Dopamine D2 receptor
FC(F)(F)c1ccc(CN2CCN(CCCN3CCc4c([nH]c5ccccc45)C3)CC2)cc1,Dopamine D2 receptor
CCN(CC)CCN(C)C(=O)c1cc(Cl)c(N)cc1OC,Dopamine D2 receptor
O=C(N[C@H]1CC[C@H](CCN2CCc3ccc(Cl)cc3C2)CC1)c1cc2ccccc2[nH]1,Dopamine D2 receptor
c1ccc2c(c1)N=C(N1CCN(CC3COCCO3)CC1)c1ccccc1S2,Dopamine D2 receptor
CCCN(Cc1ccc(F)cc1)[C@@H]1CCc2c(cccc2OC)C1,Dopamine D2 receptor
O=C1NCCc2ccc(OCCCCN3CCN(c4cccc(Cl)c4Cl)CC3)cc21,Dopamine D2 receptor
C[C@@H]1CN(CC(=O)N2CCc3ccccc32)CCN1Cc1ccc(Cl)cc1,Dopamine D2 receptor
CCCN(C(=O)CCl)C1CCc2cc(OC)c(OC)cc2C1,Dopamine D2 receptor
COc1cc(N)c(Cl)cc1C(=O)N1CC2CCCC(C1)N2Cc1ccccc1,Dopamine D2 receptor
C1=C(c2ccccc2)CC(CN2CCN(c3ncccn3)CC2)CC1,Dopamine D2 receptor
O=C1c2ccccc2C(=O)N1OCCCN1CCN(c2ccc3ccccc3n2)CC1,Dopamine D2 receptor
[H][C@]12CC[C@]3(CCCN3C(=O)[C@@H]3CCCN3)C(=O)N1[C@H](C(N)=O)CS2,Dopamine D2 receptor
C#CCOc1cc(N)c(Cl)cc1C(=O)NCCN(CC)CC,Dopamine D2 receptor
Cc1ccc2c(c1)nc(O)n2C1CCN(CC2COc3cc(C)c(C)cc3O2)CC1,Dopamine D2 receptor
[H][C@]12C[C@@H](CSC)CN(CCC)[C@]1([H])CCc1ccc(O)cc12,Dopamine D2 receptor
OCCOCCN1CCN(C2=Nc3cc(Cl)ccc3Oc3ccccc32)CC1,Dopamine D2 receptor
CN1CCN(C2=Nc3ccccc3Sc3ccc(F)cc32)CC1,Dopamine D2 receptor
CCN1CCCNC(=O)c2cc(Cl)c(N)cc2OCCOCC1,Dopamine D2 receptor
Cl.[N-]=[N+]=Nc1ccc(C(=O)NCCNC(=O)CN2CC[C@@H](NC(=O)[C@@H]3CCCN3)C2=O)cc1,Dopamine D2 receptor
[H][C@]1([C@@H](C)N2CCN(c3ccc(C)cc3C)CC2)C[C@]1(C)c1ccccc1,Dopamine D2 receptor
CN1CCN(C2=Nc3cc(Cl)ccc3N(C(=O)CCCCCCCCCCC(=O)N3c4ccc(Cl)cc4N=C(N4CCN(C)CC4)c4ccccc43)c3ccccc32)CC1,Dopamine D2 receptor
O=C1CCc2ccc(Oc3ccc(CN4CCN(c5cccc(Cl)c5Cl)CC4)cc3)cc2N1,Dopamine D2 receptor
CC(C)C[C@H](NC(=O)[C@@H]1CNC[C@H]1Cc1ccccc1)C(=O)NCC(N)=O,Dopamine D2 receptor
N#Cc1ccc2c(c1)CN(CC[C@H]1CC[C@H](NC(=O)[C@H]3CCCN3)CC1)CC2,Dopamine D2 receptor
Cc1nnc(-c2cccnc2N2CCN(CCCCN3C(=O)CC4(CCCC4)CC3=O)CC2)o1,Dopamine D2 receptor
COc1cc(Br)cc(C(=O)NC2CCN(Cc3ccccc3)CC2)c1OC,Dopamine D2 receptor
COc1ccccc1N1CCN(Cc2ccc(CN(C(C)C)S(C)(=O)=O)n2C)CC1,Dopamine D2 receptor
COc1ccccc1N1CCN(CCCNC(=O)c2sc3nc(OC)c(Cl)c(C)c3c2N)CC1,Dopamine D2 receptor
CCN(CC)CCNC(=O)c1cc(Cl)c(N)cc1OCC#N,Dopamine D2 receptor
[H][C@@]1(CNC(=O)c2c(OC)ccc(Br)c2O)CCCN1CC,Dopamine D2 receptor
CCCN(CCC)[C@@H]1CCc2c(cccc2OC)C1,Dopamine D2 receptor
CCN1CCC[C@H]1CNC(=O)c1cc(OC)cc(O)c1OC,Dopamine D2 receptor
C1=C(c2ccccc2)CCC(N2CCN(c3ccccn3)CC2)C1,Dopamine D2 receptor
CC(C)(C)NC(=O)N[C@H]1CC[C@H](CCN2CCc3ccccc3C2)CC1,Dopamine D2 receptor
Clc1ccc(C2=CCN(CCCCc3c[nH]c4ccccc34)CC2)cc1,Dopamine D2 receptor
CCN(CC)CCNC(=O)c1cc(Cl)c(N)cc1OC1CCCC[C@@H]1O,Dopamine D2 receptor
C[N+](C)(C)CCc1cc2c(c3c1ccc1ccccc13)OCO2,Dopamine D2 receptor
CCN(CC)CCNC(=O)c1cc(Cl)c(N)cc1OCc1ccccn1,Dopamine D2 receptor
O=C1CCc2ccc(OCCCN3CCN(c4cccc(Cl)c4Cl)CC3)cc2N1,Dopamine D2 receptor
C=CCN1CCC[C@H]1CNC(=O)c1cc(CCCSC2CC(=O)N(CCCCCC(=O)NCC(=O)N[C@@H](CCCNC(=N)N)C(=O)N[C@@H](CCCCN)C(=O)N[C@@H](CCCCN)C(=O)N[C@@H](CCCNC(=N)N)C(=O)N[C@@H](CCCNC(=N)N)C(=O)N[C@@H](CCC(N)=O)C(=O)N[C@@H](CCCNC(=N)N)C(=O)N[C@@H](CCCNC(=N)N)C(=O)N[C@@H](CCCNC(=N)N)C(=O)N3CCC[C@H]3C(=O)N3CCC[C@H]3C(=O)N[C@@H](CCC(N)=O)C(=O)O)C2=O)cc(OC)c1OC,Dopamine D2 receptor
Oc1nc2cc(Cl)ccc2n1C1CCN(CC2COc3ccccc3O2)CC1,Dopamine D2 receptor
O=C(O)/C(O)=C(O)C(=O)O.[H][C@@]1(CNC(=O)c2c(O)c(CCC)cc(OC)c2OC)CCCN1CC,Dopamine D2 receptor
[H][C@@]1(CNC(=O)c2cc3cc(I)ccc3cc2OC)CCCN1CC,Dopamine D2 receptor
COc1ccccc1-c1nc(CN(C)Cc2ccccc2)c[nH]1.Cl.Cl,Dopamine D2 receptor
C=CCN1CCC[C@H]1CNC(=O)c1cc(CCCCl)cc(OC)c1OC,Dopamine D2 receptor
Clc1cccc(N2CCN(CCCCOc3ccc4cn[nH]c4c3)CC2)c1Cl,Dopamine D2 receptor
CC1CN(c2nsc3ccccc23)CCN1CCCCN1C(=O)CC2(CCCC2)CC1=O,Dopamine D2 receptor
OCCOCCN1CCN(C2=Nc3ccc(O)cc3Sc3ccccc32)CC1,Dopamine D2 receptor
[H][C@]12C=C(C)CN(C)[C@]1([H])Cc1c(SC)[nH]c3cccc2c13,Dopamine D2 receptor
Cc1cccnc1N1CCN(CCCCN2C(=O)CC3(CCCC3)CC2=O)CC1,Dopamine D2 receptor
Fc1ccc2[nH]cc([C@H]3CC[C@H](CCN4CCN(c5ccccn5)CC4)CC3)c2c1,Dopamine D2 receptor
C=CCN1CCC[C@H]1CNC(=O)c1cc(CCCSC2CC(=O)N(CCCCCC(=O)NCCOCCOCCOCCOCCOCCOCCOCCOCCC(=O)N[C@@H](Cc3cnc[nH]3)C(=O)N[C@@H](C)C(=O)N[C@H](C(=O)N[C@@H](Cc3ccc(O)cc3)C(=O)N3CCC[C@H]3C(=O)N[C@@H](CCCNC(=N)N)C(=O)N[C@@H](Cc3cnc[nH]3)C(=O)O)[C@@H](C)CC)C2=O)cc(OC)c1OC,Dopamine D2 receptor
Cc1cc2ccc(OCCCCN3CCN(c4cccc5sccc45)CC3)cc2[nH]c1=O,Dopamine D2 receptor
CN1CCN(C2=Nc3cc(Cl)ccc3N(NC(=O)CCCCCCC(=O)NN3c4ccc(Cl)cc4N=C(N4CCN(C)CC4)c4ccccc43)c3ccccc32)CC1,Dopamine D2 receptor
O=C(CCCn1c2c(c3ccccc31)CCN(CCc1ccccn1)C2)c1ccc(F)cc1,Dopamine D2 receptor
CCN1CCC[C@H]1CNC(=O)c1cc(Br)cc(O)c1OC,Dopamine D2 receptor
COc1cc2c(cc1OC)CC(N(C)CCO)CC2.Cl,Dopamine D2 receptor
COc1cccc2c1CC[C@@H](NCc1ccccc1)C2,Dopamine D2 receptor
[H][C@@]1(CNC(=O)c2c(O)c(OC)cc(Br)c2OC)CCCN1CC=C,Dopamine D2 receptor
N=C(N)NCCC[C@H](N)C(=O)N[C@@H](CCCCN)C(=O)N[C@@H](CCCCN)C(=O)N[C@@H](CCCNC(=N)N)C(=O)N1CCC[C@H]1C(=O)N[C@@H](CCC(N)=O)C(=O)N[C@@H](CCCNC(=N)N)C(=O)N[C@@H](CCCNC(=N)N)C(=O)N[C@@H](CCCNC(=N)N)C(=O)O,Dopamine D2 receptor
Cl.[N-]=[N+]=Nc1ccc(C(=O)N[C@H]2CN[C@H](C(=O)N[C@@H]3CCN(CC(N)=O)C3=O)C2)cc1,Dopamine D2 receptor
[H][C@]12C[C@H](C)CN(C)[C@]1([H])Cc1c(Sc3ccccc3)[nH]c3cccc2c13,Dopamine D2 receptor
C1=C(c2ccccn2)CCC(N2CCN(c3ccccn3)CC2)C1,Dopamine D2 receptor
COc1cccc(C(=O)NC[C@H]2CCCN2Cc2ccccc2)c1OC,Dopamine D2 receptor
[H][C@]12C=C(C)CN(C)[C@]1([H])Cc1c(S(C)(=O)=O)[nH]c3cccc2c13,Dopamine D2 receptor
O=c1cccccc1N1CCN(CCc2ccc(O)c(O)c2)CC1,Dopamine D2 receptor
CCN(CC)CCNC(=O)c1cc(Cl)c(N)cc1OCC1OCCO1,Dopamine D2 receptor
Cl.Oc1cc2c(cc1O)CC(NCCCl)CC2,Dopamine D2 receptor
CCCN(CCO)C1CCc2cc(OC)c(OC)cc2C1,Dopamine D2 receptor
CC[C@H](C)[C@H](NC(=O)[C@H](C)NC(=O)[C@H](Cc1cnc[nH]1)NC(=O)[C@H](CCCCNC(=O)O/N=C/c1ccc([Si](F)(C(C)(C)C)C(C)(C)C)cc1)NC(=O)CCOCCOCCOCCOCCNC(=O)CCCCCN1C(=O)CC(SC[C@H](N)C(=O)O)C1=O)C(=O)N[C@@H](Cc1ccc(O)cc1)C(=O)N1CCC[C@H]1C(=O)N[C@@H](CCCNC(=N)N)C(=O)N[C@@H](Cc1cnc[nH]1)C(=O)O,Dopamine D2 receptor
[H][C@@]1(CNC(=O)c2c(OC)ccc(Br)c2OCC)CCCN1CC,Dopamine D2 receptor
CCCN[C@@H]1Cc2c[nH]nc2C[C@H]1CCCOC,Dopamine D2 receptor
CCN(CC)CCC[S+]([O-])c1cc(Cl)c(N)cc1OC,Dopamine D2 receptor
CC(C)C[C@H](NC(=O)[C@@H]1N[C@@H](CN=[N+]=[N-])C[C@H]1CN=[N+]=[N-])C(=O)NCC(N)=O.Cl,Dopamine D2 receptor
[H][C@@]1(C(=O)c2ccnc(OCC(N)=O)c2CC(C)C)CCCN1,Dopamine D2 receptor
CCN(CC)CCNC(=O)c1cc(Cl)c(N)cc1OCC(C)OC,Dopamine D2 receptor
CC(C)NCC1CCc2ccc(O)cc2O1.O=C(O)C(=O)O,Dopamine D2 receptor
CCN1CCC[C@H]1CNC(=O)c1c(Br)c(C)cc(O)c1OC,Dopamine D2 receptor
[H][C@@]1(CNC(=O)c2c(O)ccc(O)c2OC)CCCN1CC,Dopamine D2 receptor
O=C1CCc2ccc(OCCCN3CCCN(c4cccc(Cl)c4Cl)CC3)cc2N1,Dopamine D2 receptor
[H][C@@]12c3ccccc3CN(C)[C@]1([H])CC1CNc3cccc2c31,Dopamine D2 receptor
Oc1ccc2c(CCCCN3CC=C(c4ccccc4)CC3)c[nH]c2c1,Dopamine D2 receptor
C=CCN1CCC[C@H]1CNC(=O)c1cc(CCCSC2CC(=O)N(CCCCCC(=O)NCCOCCOCCOCCOCCC(=O)N[C@H](C(=O)N[C@@H](Cc3ccccc3)C(=O)N[C@@H](Cc3ccccc3)C(=O)N[C@@H](Cc3ccc(O)cc3)C(=O)NCC(=O)NCC(=O)N[C@@H](CO)C(=O)N[C@@H](CCCNC(=N)N)C(=O)NCC(=O)N[C@@H](CCCCNC(=O)CN3CCN(CC(=O)O)CCN(CC(=O)O)CCN(CC(=O)O)CC3)C(=O)N[C@@H](CCCNC(=N)N)C(=O)N[C@@H](CC(N)=O)C(=O)N[C@@H](CC(N)=O)C(=O)N[C@@H](Cc3ccccc3)C(=O)N[C@@H](CCCCN)C(=O)N[C@H](C(=O)N[C@@H](CCC(=O)O)C(=O)N[C@@H](CCC(=O)O)C(=O)N[C@@H](Cc3ccc(O)cc3)C(=O)O)[C@@H](C)O)[C@@H](C)O)C2=O)cc(OC)c1OC,Dopamine D2 receptor
Nc1ccccc1C#CCCN1CC=C(c2ccccc2)CC1,Dopamine D2 receptor
CCN1CCC[C@H]1CNC(=O)c1c(OC)ccc(O)c1OC,Dopamine D2 receptor
COc1ccc(Br)c(O)c1C(=O)NC1CCN(Cc2ccccc2)CC1,Dopamine D2 receptor
[H][C@@]1(CNC(=O)c2c(OC)ccc(CCC)c2O)CCCN1CC,Dopamine D2 receptor
CCc1c(Br)cc(O)c(OC)c1C(=O)NC[C@@H]1CCCN1CC,Dopamine D2 receptor
N#Cc1ccc2c(c1)CN(CC[C@H]1CC[C@H](NC(=O)c3nc4ccccc4o3)CC1)CC2,Dopamine D2 receptor
CN1CCN(C(=O)C23CC(c4ccccc42)c2ccccc23)CC1,Dopamine D2 receptor
C=CCN1CCC[C@H]1CNC(=O)c1cc(CCCSC2CC(=O)N(CCCCCC(=O)NCCOCCOCCOCCOCCC(=O)N[C@@H](Cc3cnc[nH]3)C(=O)N[C@@H](C)C(=O)N[C@H](C(=O)N[C@@H](Cc3ccc(O)cc3)C(=O)N3CCC[C@H]3C(=O)N[C@@H](CCCNC(=N)N)C(=O)N[C@@H](Cc3cnc[nH]3)C(=O)O)[C@@H](C)CC)C2=O)cc(OC)c1OC,Dopamine D2 receptor
O=C(CCCCCCCCCCCCC(=O)NCCCN1CCN(C2=Nc3cc(Cl)ccc3Nc3ccccc32)CC1)NCCCN1CCN(C2=Nc3cc(Cl)ccc3Nc3ccccc32)CC1,Dopamine D2 receptor
CCOc1ccccc1N1CCCN(CCCCOc2ccc3c(c2)NC(=O)CC3)CC1,Dopamine D2 receptor
[H][C@]1(CNC(=O)c2cc(I)ccc2OC)CCCN1CC,Dopamine D2 receptor
COc1cc(N(C)C)c(Cl)cc1C(=O)NCC1CN(Cc2ccccc2)CCO1.O=C(O)/C=C/C(=O)O,Dopamine D2 receptor
CCCCN(CCC)C1CCc2n[nH]cc2C1,Dopamine D2 receptor
NC(=O)[C@@H]1CCCN1C(=O)[C@@H]1CCCN1C(=O)[C@@H]1CCCN1,Dopamine D2 receptor
O=C1NCCc2ccc(OCCCN3CCCN(c4cccc(Cl)c4Cl)CC3)cc21,Dopamine D2 receptor
COc1cc(N)c(Cl)cc1C(=O)NC1CC2CCCC(C1)N2Cc1ccccc1,Dopamine D2 receptor
CCCN(CCCNC(=O)CCCCCCC(=O)NCCCN(CCC)CCc1cccc2c1CC(=O)N2)CCc1cccc2c1CC(=O)N2,Dopamine D2 receptor
CCCN[C@@H]1Cc2c[nH]nc2C[C@H]1CCC,Dopamine D2 receptor
CCc1cc(O)c(OC)c(C(=O)NC[C@@H]2CCCN2CC)c1F,Dopamine D2 receptor
[H][C@]12C=C(C)CN(C)[C@]1([H])Cc1c(Sc3ccc(OC)cc3)[nH]c3cccc2c13,Dopamine D2 receptor
c1csc(CCNC2CCc3n[nH]cc3C2)c1,Dopamine D2 receptor
[H][C@]12C[C@@H](C)CN(CCC)[C@]1([H])CCc1c(O)cccc12,Dopamine D2 receptor
CCc1ccc(O)c(OC)c1C(=O)NC[C@@H]1CCCN1CC,Dopamine D2 receptor
CN(Cc1ccccc1)Cc1c[nH]c(-c2ccccc2F)n1.Cl.Cl,Dopamine D2 receptor
Cl.Cl.Nc1nc(C2=CCCN(CCc3ccccc3)C2)cs1,Dopamine D2 receptor
CCN1CCC[C@H]1CNC(=O)c1c(OC)c(O)cc(I)c1OC,Dopamine D2 receptor
Cc1ccc(C2=CCC[C@@H](CN3CC=C(c4ccccc4)CC3)C2)cc1,Dopamine D2 receptor
COc1ccc(CNC(=O)c2ccc3c(c2)C(=O)c2ccccc2C3=O)cc1,Dopamine D2 receptor
CS(=O)(=O)[O-].C[N+](C)(N)CCCN1c2ccccc2Sc2ccc(Cl)cc21,Dopamine D2 receptor
CC(C)(C)OC(=O)N[C@H]1CC[C@H](CCN2CCc3ccc([N+](=O)[O-])cc3C2)CC1,Dopamine D2 receptor
CCN1CCC[C@H]1CNC(=O)c1cc(S(C)(=O)=O)ccc1OC,Dopamine D2 receptor
[H][C@@]1(CNC(=O)c2c(OC)ccc(F)c2O)CCCN1CC,Dopamine D2 receptor
[H][C@]1(C)Cc2c(O)cccc2C[C@H]1N(CCC)CCC,Dopamine D2 receptor
CC(C)(C)OC(=O)NCCCN1CCC(O)(c2ccc(Cl)cc2)CC1,Dopamine D2 receptor
CC(C)(C)OC(=O)N[C@H]1CC[C@H](CCN2CCN(c3cccc(Cl)c3Cl)CC2)CC1,Dopamine D2 receptor
OCCOCCN1CCN(C2=Nc3cc(F)ccc3Sc3ccccc32)CC1,Dopamine D2 receptor
Clc1ccc2c(c1)C(N1CCNCC1)=Nc1ccccc1S2,Dopamine D2 receptor
O=Cc1cccnc1N1CCN(CCCCN2C(=O)COCC2=O)CC1,Dopamine D2 receptor
[H][C@]12C[C@@H](CC#N)CN(CCC)[C@]1([H])CCc1c(O)cccc12,Dopamine D2 receptor
CCN(CC)CCN1C(=O)c2cc(Cl)c(N)cc2OC(C)=C1C,Dopamine D2 receptor
CCN(CC)CCNC(=O)c1cc(Cl)c(N)cc1OCC(=O)c1cccs1,Dopamine D2 receptor
CCCN1CCCC(c2ccccc2O)C1,Dopamine D2 receptor
CCN1CCCC1CNC(=O)c1c(OCc2ccccc2)ccc(OCc2ccccc2)c1OC,Dopamine D2 receptor
c1ccc(N2CCN(C[C@H]3CC[C@@H](c4c[nH]c5ccccc54)CC3)CC2)nc1,Dopamine D2 receptor
CCN1CCC[C@H]1CNC(=O)c1c(OC)ccc(SC)c1OC,Dopamine D2 receptor
O=C(N[C@H]1CC[C@H](CCN2CCCc3ccccc3C2)CC1)c1cc2ccccc2[nH]1,Dopamine D2 receptor
CCN1CCC[C@H]1CNC(=O)c1c(C)c(Br)cc(O)c1OC,Dopamine D2 receptor
COc1cccc(N2CCN(CCCCN3C(=O)SC4(CCCC4)C3=O)CC2)n1,Dopamine D2 receptor
CCCc1cc(O)c(OC)c(C(=O)NC[C@@H]2CCCN2CC)c1,Dopamine D2 receptor
c1ccc(CCN2CCc3c(n(CCCN4CCCCC4)c4ccccc34)C2)nc1,Dopamine D2 receptor
[H][C@]1(CNC(=O)c2c(O)c(OC)cc(Br)c2OC)CCCN1CC,Dopamine D2 receptor
NC(=O)CNC(=O)[C@H](Cc1ccc([N+](=O)[O-])cc1)NC(=O)[C@@H]1CCCN1,Dopamine D2 receptor
O=C1SC2(CCCC2)C(=O)N1CCCCN1CCCN(c2noc3ccccc23)CC1,Dopamine D2 receptor
CCN1CCC[C@H]1CNC(=O)c1c(O)c(Br)cc(O)c1OC.Cl,Dopamine D2 receptor
CCCCN(CCCC)C1Cc2cccc3nc(O)n(c23)C1,Dopamine D2 receptor
N#Cc1ccc2c(c1)CN(CC[C@H]1CC[C@H](NC(=O)[C@@H]3CCCN3)CC1)CC2,Dopamine D2 receptor
CCCN1CCCC(c2csc(N)n2)C1.Cl.Cl,Dopamine D2 receptor
C(#Cc1ccc2[nH]ccc2c1)CCN1CC=C(c2ccccc2)CC1,Dopamine D2 receptor
CN(CCCl)C1CCc2cc(O)c(O)cc2C1.Cl,Dopamine D2 receptor
Cc1cccc2c1OCC(CN1CCC(n3c(O)nc4cc(F)ccc43)CC1)O2,Dopamine D2 receptor
C(#Cc1ccc2c(c1)OCCO2)CCN1CC=C(c2ccccc2)CC1,Dopamine D2 receptor
C1=C(c2ccccc2)CC(CN2CCN(c3ccccn3)CC2)CC1,Dopamine D2 receptor
CCCN1CCC=C(c2csc(C)n2)C1.Cl.Cl,Dopamine D2 receptor
CCN1C(=O)c2ccccc2[S+]([O-])c2ccc(C(=O)NCc3ccc(SC)cc3)cc21,Dopamine D2 receptor
[H][C@@]12Cc3ccc(OCCCNC(=O)CCC(=O)NCCCOc4ccc5c(c4O)-c4cccc6c4[C@@]([H])(C5)N(C)CC6)c(O)c3-c3cccc(c31)CCN2C,Dopamine D2 receptor
CCN1CCC[C@H]1CNC(=O)c1c(F)c(Br)cc(O)c1OC,Dopamine D2 receptor
c1ccc(N2CCN(CC[C@H]3CC[C@@H](c4c[nH]c5ccccc54)CC3)CC2)nc1,Dopamine D2 receptor
CCN1CCCCCOc2cc(N)c(Cl)cc2C(=O)NCCC1,Dopamine D2 receptor
O=C1NCCc2ccc(OCCCCN3CCCN(c4cccc(Cl)c4Cl)CC3)cc21,Dopamine D2 receptor
CN1CCN(C2=Nc3ccc(O)cc3Sc3ccccc32)CC1,Dopamine D2 receptor
[H][C@]12C[C@@H](C)CN(CCC)[C@]1([H])CCc1ccc(O)cc12,Dopamine D2 receptor
Clc1cccc(N2CCCN(CCCOc3ccc4scnc4c3)CC2)c1Cl,Dopamine D2 receptor
CCN(CC)CCNC(=O)c1cc(Cl)c(N)cc1OCC(O)CO,Dopamine D2 receptor
CN1C(=O)c2ccccc2[S+]([O-])c2ccc(C(=O)NCc3ccccn3)cc21,Dopamine D2 receptor
C(#Cc1ccccn1)CCN1CC=C(c2ccccc2)CC1,Dopamine D2 receptor
O=C1SC2(CCCC2)C(=O)N1CCCCN1CCN(c2ccccn2)CC1,Dopamine D2 receptor
c1ccc2c(CN3CCc4c([nH]c5ccccc45)C3)ccnc2c1,Dopamine D2 receptor
CN1CCN(C2=Nc3ccc(F)cc3Sc3ccccc32)CC1,Dopamine D2 receptor
c1ccc(CCN2CCc3c([nH]c4ccccc34)C2)nc1,Dopamine D2 receptor
CCN(CC)CCNC(=O)c1cc(Cl)c(N)cc1OCC1CO1,Dopamine D2 receptor
CCN1CCCC1CNC(=O)c1cc(Br)ccc1OC,Dopamine D2 receptor
c1ccc2c(N3CCc4c([nH]c5ccccc45)C3)ccnc2c1,Dopamine D2 receptor
CC1(c2ccc(F)cc2)CC(=O)N(CCCCN2CCN(c3ncccn3)CC2)C1=O,Dopamine D2 receptor
[H][C@@]1(CNC(=O)c2c(OC)ccc(S(N)(=O)=O)c2I)CCCN1CC,Dopamine D2 receptor
Fc1ccccc1C1=CCN(CCCCc2c[nH]c3ccccc23)CC1,Dopamine D2 receptor
CCN1CCC[C@H]1CNC(=O)c1cccc(O)c1OC,Dopamine D2 receptor
COc1ccc2c(c1)CCC(NCCO)C2.Cl,Dopamine D2 receptor
CCN1CCC[C@H]1CNC(=O)c1c(C)c(C)cc(O)c1OC,Dopamine D2 receptor
Cc1cccnc1N1CCN(CCCCN2C(=O)SC3(CCCC3)C2=O)CC1,Dopamine D2 receptor
Fc1ccc(N2CCN(CC[C@H]3CC[C@H](c4c[nH]c5ccccc54)CC3)CC2)cc1,Dopamine D2 receptor
[H][C@@]1(CNC(=O)c2cc(Br)cc3c2OCCO3)CCCN1CC,Dopamine D2 receptor
CCN1C(=O)c2ccccc2[S+]([O-])c2ccc(C(=O)NCc3ccccc3)cc21,Dopamine D2 receptor
CC(C)C[C@H](NC(=O)[C@H]1CNC[C@@H]1Cc1ccccc1)C(=O)NCC(N)=O,Dopamine D2 receptor
CCN1CCCC1CNC(=O)c1cc(Br)cc(O)c1OC,Dopamine D2 receptor
Fc1ccc2[nH]c3c(c2c1)CCN(CCc1ccccn1)C3,Dopamine D2 receptor
[H][C@@]1(c2cccc(S(=O)(=O)OC(F)(F)F)c2)CCCN(CCc2ccccc2)C1,Dopamine D2 receptor
COC(=O)CNC(=O)[C@H](CC(C)C)NC(=O)[C@H]1N[C@H](CN=[N+]=[N-])C[C@@H]1CN=[N+]=[N-].Cl,Dopamine D2 receptor
COc1ccc(Br)c(O)c1C(=O)NC[C@H]1CCCN1Cc1ccc(F)cc1,Dopamine D2 receptor
CCN1CCC[C@H]1CNC(=O)c1c(C)c(Cl)cc(O)c1OC,Dopamine D2 receptor
CC[C@H](NC(=O)[C@@H]1CCCN1)C(=O)NCC(N)=O,Dopamine D2 receptor
CCN1CCCC1CN1Cc2ccc(Cl)cc2C1=O,Dopamine D2 receptor
CCN1CCC[C@H]1CNC(=O)c1c(OC)c(O)cc(Cl)c1OC,Dopamine D2 receptor
CCOc1cccc(N2CCN(CCCCOc3ccc4c(c3)NC(=O)CC4)CC2)c1,Dopamine D2 receptor
CCC[C@H](NC(=O)[C@@H]1CCCN1)C(=O)NCC(N)=O,Dopamine D2 receptor
Cl.Cn1ccc2c(N3CCN(CCCCN4C(=O)COCC4=O)CC3)nccc21,Dopamine D2 receptor
COc1ccccc1N1CCN(Cc2ccc(CCN3CCCCC3=O)n2C)CC1.Cl,Dopamine D2 receptor
CCCCCCCCCC(=O)N1c2ccc(Cl)cc2N=C(N2CCN(C)CC2)c2ccccc21,Dopamine D2 receptor
Fc1ccc2[nH]c3c(c2c1)CCN(CCCCc1ccncc1)C3,Dopamine D2 receptor
CCCN(CCC)CCc1cccc(NS(C)(=O)=O)c1,Dopamine D2 receptor
CC1(C)CC(=O)N(CCCCN2CCN(c3ncccc3-c3ccccc3)CC2)C(=O)C1,Dopamine D2 receptor
C(#Cc1cccnc1)CCCN1CC=C(c2ccccc2)CC1,Dopamine D2 receptor
COc1ccc(CCN2CCN(c3cccccc3=O)CC2)cc1OC,Dopamine D2 receptor
COc1ccc(C2=CCN(CCCCc3c[nH]c4ccccc34)CC2)cc1,Dopamine D2 receptor
CCN(CC)CCNC(=O)c1cc(Cl)c(N)cc1OCC(OC)OC,Dopamine D2 receptor
CCn1[nH]c(C)c(C(=N)c2cccc(Cl)c2)c1=O,Dopamine D2 receptor
O=c1ccc2ccc(OCCCCN3CCN(c4cccc5c4OCCO5)CC3)cc2[nH]1,Dopamine D2 receptor
[H][C@@]12CCCN1C(=O)CN([C@@H]1CCN(CC(N)=O)C1=O)C2=O,Dopamine D2 receptor
CCN1CCC[C@@H]1CNC(=O)c1cc(CCF)cc(OC)c1OC,Dopamine D2 receptor
COc1c(Cl)cc(Cl)c(O)c1C(=O)NC[C@H]1CCCN1Cc1ccc(F)cc1,Dopamine D2 receptor
C1=C(c2ccccc2)CCCC1CN1CC=C(c2ccccc2)CC1,Dopamine D2 receptor
CN(C)CCCNC(=O)c1ccc2c(c1)N(C)C(=O)c1ccccc1[S+]2[O-],Dopamine D2 receptor
N#Cc1ccc2c(c1)CN(CCCCCNC(=O)c1cc3ccccc3[nH]1)CC2,Dopamine D2 receptor
c1ccc2c(CCCCN3CCc4c([nH]c5ccccc45)C3)ccnc2c1,Dopamine D2 receptor
CCCCCN1CCN2c3cccc4[nH]cc(c34)CC2C1,Dopamine D2 receptor
c1coc(CN2CCc3c([nH]c4ccccc34)C2)c1,Dopamine D2 receptor
CCCC[C@H]1Cc2ccccc2[C@@H](c2ccccc2)N1,Dopamine D2 receptor
COc1ccccc1N1CCN(CCCCCNC(=O)c2sc3nc(OC)c(Cl)c(C)c3c2N)CC1,Dopamine D2 receptor
COc1ccccc1N1CCN(Cc2ccc(CN(Cc3ccccc3)C(=O)c3ccccc3)n2C)CC1.O=C(O)CCC(=O)O,Dopamine D2 receptor
C=CCN1CCC[C@H]1CNC(=O)c1cc(CCCSC2CC(=O)N(CCCCCC(=O)N[C@@H](CCCNC(=N)N)C(=O)N[C@@H](CCCCN)C(=O)N[C@@H](CCCCN)C(=O)N[C@@H](CCCNC(=N)N)C(=O)N[C@@H](CCCNC(=N)N)C(=O)N[C@@H](CCC(N)=O)C(=O)N[C@@H](CCCNC(=N)N)C(=O)N[C@@H](CCCNC(=N)N)C(=O)N[C@@H](CCCNC(=N)N)C(=O)O)C2=O)cc(OC)c1OC,Dopamine D2 receptor
[H][C@@]1(CNC(=O)c2cccc(OC)c2OC)CCCN1CC,Dopamine D2 receptor
[H][C@@]12CC[C@H](NC(=O)c3ccccc3)C[C@@]1([H])CC[C@H](N1CCN(c3ccccn3)CC1)C2,Dopamine D2 receptor
CN1CCN(C2=Nc3cc(Cl)ccc3N(C(=O)CCCCCCCCCCCCCCCCCCC(=O)N3c4ccc(Cl)cc4N=C(N4CCN(C)CC4)c4ccccc43)c3ccccc32)CC1,Dopamine D2 receptor
Cc1cc(C)c2c(N)c(C(=O)NCCCCN3CCC(O)(c4ccc(Cl)cc4)CC3)sc2n1,Dopamine D2 receptor
COc1ccc(C#CCCN2CC=C(c3ccccc3)CC2)cc1,Dopamine D2 receptor
CCN[C@@H]1Cc2cc3nc(N)sc3cc2C1,Dopamine D2 receptor
CC(C)(C)OC(=O)N[C@H]1CC[C@@H](CCN2CCN(c3cccc(Cl)c3Cl)CC2)CC1,Dopamine D2 receptor
CCCc1ccc(OC)c(C(=O)NC[C@@H]2CCCN2CC)c1,Dopamine D2 receptor
[H][C@]1(CNC(=O)c2c(OC)c(Br)cc(OC)c2OC)CCCN1CC,Dopamine D2 receptor
[H][C@@]1(CNC(=O)c2cc(Br)cc(OC)c2OCCF)CCCN1CC,Dopamine D2 receptor
COCC(CN1CCN(C2=Nc3ccccc3Sc3ccccc32)CC1)OC,Dopamine D2 receptor
OCCN1CCN([C@H]2C[C@H](c3ccc(F)cc3)c3ccc(C(F)(F)F)cc32)CC1,Dopamine D2 receptor
Cl.[N-]=[N+]=Nc1ccc(C(=O)N[C@H]2CN[C@H](C(=O)N[C@@H]3CCN(CC(N)=O)C3=O)C2)c(O)c1,Dopamine D2 receptor
CCN1C(=O)c2ccccc2[S+]([O-])c2ccc(C(=O)NCCc3ccc(OC)cc3)cc21,Dopamine D2 receptor
O=C1c2ccc([N+](=O)[O-])cc2C(=O)N1CCCCN1CCN(c2ncccn2)CC1,Dopamine D2 receptor
COCC(CO)N1CCN(C2=Nc3ccccc3Sc3ccccc32)CC1,Dopamine D2 receptor
CCN(CC)CCNC(=O)c1cc(Cl)c(N)cc1OCC(=O)OC,Dopamine D2 receptor
CCN1CCC[C@H]1CNC(=O)c1c(Br)c(OC)cc(O)c1OC,Dopamine D2 receptor
O=C1NCCc2ccc(OCCCCN3CCC(c4cccc(Cl)c4Cl)CC3)cc21,Dopamine D2 receptor
Clc1cccc(N2CCN(CCCn3c4c(c5ccccc53)CCN(CCc3ccccn3)C4)CC2)c1,Dopamine D2 receptor
COc1ccc(CNC(=O)c2ccc3c(c2)N(C)C(=O)c2ccccc2[S+]3[O-])cc1,Dopamine D2 receptor
[NH3+][C@@H](Cc1ccccc1)C(=O)NC1C(=O)N(CC(=O)[O-])C[C@H]1CC(=O)O,Dopamine D2 receptor
CN1C(=O)c2ccccc2[S+]([O-])c2ccc(C(=O)NCc3ccccc3)cc21,Dopamine D2 receptor
[H][C@@]1(CNC(=O)c2c(OC)ccc(I)c2OC)CCCN1CC,Dopamine D2 receptor
Cc1[nH]c2ccccc2c1CCCCN1CC=C(c2ccccc2)CC1,Dopamine D2 receptor
[H][C@]12C=C(C)CN(C)[C@]1([H])Cc1c(SCC)[nH]c3cccc2c13,Dopamine D2 receptor
[H][C@]12C[C@@H](C)CN(C)[C@]1([H])Cc1c(SCCC)[nH]c3cccc2c13,Dopamine D2 receptor
CC(C)(C)OC(=O)NC[C@H]1CC[C@H](CN2CCN(c3cccc(Cl)c3Cl)CC2)CC1,Dopamine D2 receptor
O=C1CC(c2ccccc2)(c2ccccc2)C(=O)N1CCCCN1CCN(c2nsc3ccccc23)CC1,Dopamine D2 receptor
Cl.[N-]=[N+]=Nc1ccc(C(=O)N[C@@H]2CN[C@H](C(=O)N[C@@H]3CCN(CC(N)=O)C3=O)C2)cc1,Dopamine D2 receptor
O=C1c2cc(Cl)c(Cl)cc2C(=O)N1CCCCN1CCN(c2ncccn2)CC1,Dopamine D2 receptor
COC(=O)CNC(=O)[C@H](CC(C)C)NC(=O)[C@@H]1N[C@@H](CN=[N+]=[N-])C[C@H]1CN=[N+]=[N-].Cl,Dopamine D2 receptor
FC(F)(F)c1cccc(N2CCN(CCCN3CCc4c([nH]c5ccccc45)C3)CC2)c1,Dopamine D2 receptor
CCN1C(=O)c2ccccc2[S+]([O-])c2ccc(C(=O)NCc3ccc4c(c3)OCO4)cc21,Dopamine D2 receptor
Fc1ccc(N2CCN(CCC#Cc3cccnc3)CC2)cc1,Dopamine D2 receptor
COc1cc(Br)cc(C(=O)NC[C@H]2CCCN2Cc2ccc(F)cc2)c1OC,Dopamine D2 receptor
Clc1ccc2[nH]c3c(c2c1)CCN(CCc1ccncc1)C3,Dopamine D2 receptor
CCN(CC)CCNC(=O)c1cc(Cl)c(N)cc1OCC(O)Cc1ccccc1,Dopamine D2 receptor
COc1c(Cl)cc(Cl)c(OC)c1C(=O)NC[C@H]1CCCN1Cc1ccc(F)cc1,Dopamine D2 receptor
[H][C@@]1(c2cccc(O)c2)CCCN2CCCC21,Dopamine D2 receptor
[H][C@@]12Cc3ccc(OCCCNC(=O)CCCCCCCCCCCCCCCCC(=O)NCCCOc4ccc5c(c4O)-c4cccc6c4[C@@]([H])(C5)N(C)CC6)c(O)c3-c3cccc(c31)CCN2C,Dopamine D2 receptor
O=C1C2C3CCC(C4CCC43)C2C(=O)N1CCCCN1CCN(c2nccnc2Cl)CC1,Dopamine D2 receptor
[H][C@@]12Cc3ccc(OCCCNC(=O)CCCCCCCCCCCCC(=O)NCCCOc4ccc5c(c4O)-c4cccc6c4[C@@]([H])(C5)N(C)CC6)c(O)c3-c3cccc(c31)CCN2C,Dopamine D2 receptor
