smiles,targetname
CC(C)OP(=O)(NC(CNC(=O)CC1CC(c2ccc(C(=N)N)cc2)=NO1)C(=O)O)OC(C)C,Integrin alpha-IIb/beta-3
COc1ccc(C[C@H](NC(=O)[C@H](CC(=O)O)NC(=O)CNC(=O)[C@@H](N)CCCNC(=N)N)C(N)=O)cc1,Integrin alpha-IIb/beta-3
N=C(N)NCC1CCC(C(=O)NCC(=O)N2CCN(CCc3ccccc3)C(=O)[C@@H]2CC(=O)O)CC1,Integrin alpha-IIb/beta-3
CCCCCCC(CCCCNC(=O)c1cc2cc(C(=N)N)ccc2[nH]1)CC(=O)O,Integrin alpha-IIb/beta-3
CC(C)[C@@H]1NC(=O)CSC[C@@H](C(=O)O)NC(=O)[C@H](CC(=O)O)NC(=O)CNC(=O)[C@H](CCCN=C(N)N)NC1=O,Integrin alpha-IIb/beta-3
NCCCCOc1ccc2c(c1)CCN(CC(=O)O)C2=O,Integrin alpha-IIb/beta-3
C[C@@H](CC(=O)N1CCC(CC(=O)O)CC1)NC(=O)c1ccc(C(=N)N)cc1,Integrin alpha-IIb/beta-3
Cc1noc(C)c1S(=O)(=O)N[C@@H](CNC(=O)CC1CC(c2ccc(C(=N)N)cc2)=NO1)C(=O)O.O=C(O)C(F)(F)F,Integrin alpha-IIb/beta-3
C#C[C@H](CC(=O)O)NC(=O)CN1CCc2ccc(N3CCNCC3)cc2C1=O,Integrin alpha-IIb/beta-3
CCCCN(Cc1ccccc1)C(=O)[C@H](CC(=O)O)NC(=O)CC1CC(c2ccc(C(=N)N)cc2)=NO1.O=C(O)C(F)(F)F,Integrin alpha-IIb/beta-3
CC(C)[C@H](NC(=O)[C@H](CC(=O)O)NC(=O)C1CN(C(=O)/C=C/c2ccc(NC(=N)N)cc2)C1)C(=O)O,Integrin alpha-IIb/beta-3
N=C(N)c1ccc(-c2csc(NC3CCN(C(C(=O)O)c4ccccc4Cl)CC3)n2)cc1,Integrin alpha-IIb/beta-3
N=C(N)c1cccc(C(=O)NCC(=O)N2CCN(CC(=O)O)C(=O)[C@@H]2CC(=O)O)c1,Integrin alpha-IIb/beta-3
N=C(N)c1ccc(N2C(=O)CC3(CCN(C(=O)CCCC(=O)O)CC3)C2=O)cc1,Integrin alpha-IIb/beta-3
O=C(O)[C@H](Cc1c[nH]c2ccc(OCCCCC3CCNCC3)cc12)NS(=O)(=O)c1ccc(F)cc1,Integrin alpha-IIb/beta-3
[H][C@](CC)(NC(=O)c1ccc(C(=N)N(CC)CC)cc1F)C(C)(C)C(=O)N1CCC(CC(=O)O)CC1,Integrin alpha-IIb/beta-3
O=C(O)CC1CCc2cc(NC(=O)CCC3CCNCC3)ccc2C1=O,Integrin alpha-IIb/beta-3
N=C(N)NCCC[C@@H]1NC(=O)CNC(=O)CS(=O)(=O)C[C@@H](C(=O)O)NC(=O)[C@H](CC(=O)O)NC(=O)CNC1=O,Integrin alpha-IIb/beta-3
O=C(O)CC1Nc2cc(C(=O)NCCC3CCNCC3)ccc2CN(CCc2ccccc2)C1=O,Integrin alpha-IIb/beta-3
CS(=O)(=O)O.Cc1noc(C)c1S(=O)(=O)N[C@H](CNC(=O)C[C@@H]1CC(c2ccc(C(=N)N)cc2)=NO1)C(=O)O,Integrin alpha-IIb/beta-3
COC(=O)CNC12CC3CC(C1)CC(NC(=O)C(CCCCN)NC(=O)OCC1c4ccccc4-c4ccccc41)(C3)C2,Integrin alpha-IIb/beta-3
CC(=O)N[C@@H](CS)C(=O)N(C)[C@H](CCCN=C(N)N)C(=O)NCC(=O)N[C@@H](CC(=O)O)C(=O)N[C@H](C(N)=O)C(C)(C)S,Integrin alpha-IIb/beta-3
N=C(N)NCCC[C@@H]1NC(=O)CNC(=O)C(c2ccc(C(F)(F)F)cc2)SC[C@@H](C(=O)O)NC(=O)[C@H](CC(=O)O)NC(=O)CNC1=O,Integrin alpha-IIb/beta-3
Cl.N=C(N)c1ccc(COc2ccc3cc(CC(NC(=O)c4ccccc4)C(=O)O)ccc3c2)cc1,Integrin alpha-IIb/beta-3
CC(=O)NCC(=O)N[C@@H](CCCN=C(N)N)C(=O)NCC(=O)N[C@@H](CC(=O)O)C(=O)N[C@H](C(=O)O)C(C)C,Integrin alpha-IIb/beta-3
CC(=O)N[C@@H](CS)C(=O)N[C@H](CCCN=C(N)N)C(=O)NCC(=O)N[C@@H](CC(=O)O)C(=O)N[C@H](C(N)=O)C(C)(C)S,Integrin alpha-IIb/beta-3
[H][C@@]1(C(=O)N[C@H](CC(=O)OCC)c2ccc3c(c2)OCO3)CCCN(C(=O)CCC2CCNCC2)C1,Integrin alpha-IIb/beta-3
O=C(O)CCCCC(=O)N1CCC2(CCN(c3ccncc3)CC2)C1,Integrin alpha-IIb/beta-3
N=C(N)Nc1ccc(C(=O)NCCC(=O)N2CCC(CC(=O)O)CC2)cc1,Integrin alpha-IIb/beta-3
NCC(=O)N[C@@H](CCCN=C(N)N)C(=O)NCC(=O)N[C@@H](CC(=O)O)C(=O)N[C@@H](Cc1ccccc1)C(=O)O,Integrin alpha-IIb/beta-3
CC(=O)N[C@@H](CCCN=C(N)N)C(=O)NCC(=O)N[C@@H](CC(=O)O)C(N)=O,Integrin alpha-IIb/beta-3
CCCNCCCNC(=O)c1cnn(-c2nc(-c3cccc(C(F)(F)F)c3)cs2)c1C(F)(F)F,Integrin alpha-IIb/beta-3
CCCC(CC(=O)O)N1CCc2cc(OCc3ccc(C(=N)N)cc3)ccc2C1=O,Integrin alpha-IIb/beta-3
CN(C(=O)c1ccc2c(c1)NC(CC(=O)O)C(=O)N(CCc1ccccc1)C2)c1ccc(C(=N)N)cc1,Integrin alpha-IIb/beta-3
O=C(N[C@@H](CNC(=O)C1CCC2(CC1)CCN(c1ccncc1)CC2)C(=O)O)OCc1ccccc1,Integrin alpha-IIb/beta-3
CC(C)CC(=O)N[C@H](CCCCNC(=O)c1ccc(C(=N)N)cc1)CC(=O)O,Integrin alpha-IIb/beta-3
N=C(N)c1ccc2[nH]c(C(=O)NCCCCCCC(=O)O)cc2c1,Integrin alpha-IIb/beta-3
O=C(O)CC(=O)N1CCC(C(=O)N2CCC3(CC2)CCN(c2ccncc2)C3)CC1,Integrin alpha-IIb/beta-3
N=C(N)c1ccc2c(C(=O)NCCC(=O)NC(CC(=O)O)c3ccccc3)[nH]nc2c1,Integrin alpha-IIb/beta-3
N=C(N)c1ccc(-c2csc(NC3CCN(CCC(=O)O)CC3)n2)cc1,Integrin alpha-IIb/beta-3
O=C(O)C[C@H](NC(=O)CN1CCc2ccc(N3CCNCC3)cc2C1=O)c1cccnc1,Integrin alpha-IIb/beta-3
[H][C@@](CNC(=O)c1ccc(CCCN)cc1)(NS(=O)(=O)c1ccccc1)C(=O)O,Integrin alpha-IIb/beta-3
N=C(N)c1ccc(N2CC3(CCN(C(=O)CCCCC(=O)O)CC3)CC2=O)cc1,Integrin alpha-IIb/beta-3
CN1C(=O)N(c2ccc(C(=N)N)cc2)C(=O)C12CCN(C(=O)CCCC(=O)O)CC2,Integrin alpha-IIb/beta-3
CCN(CC(=O)N[C@@H](CC(=O)O)C(=O)N[C@H](CCC1CCCCC1)C(=O)O)C(=O)CCCC1CCNCC1,Integrin alpha-IIb/beta-3
NCC(=O)Nc1cc(-c2nn3c(=O)cc(N4CCNCC4)nc3s2)ccn1,Integrin alpha-IIb/beta-3
O=C(O)COCC1CCN(C(=O)N2CCC3(CC2)CCN(c2ccncc2)C3)CC1,Integrin alpha-IIb/beta-3
CC(=O)N[C@@H]1CSSC(C)(C)[C@H](C(N)=O)NC(=O)[C@@H](CC(=O)O)NC(=O)CNC(=O)[C@@H](CCCN=C(N)N)N(C)C1=O,Integrin alpha-IIb/beta-3
N=C(N)c1ccc(C2=NOC(CC(=O)NC[C@H](NS(=O)(=O)c3ccccc3-c3ccccc3)C(=O)O)C2)cc1.O=C(O)C(F)(F)F,Integrin alpha-IIb/beta-3
[H][C@@](CNC(=O)c1ccc2c(c1)C(=O)N(CCC1CCNCC1)C2)(NS(C)(=O)=O)C(=O)O,Integrin alpha-IIb/beta-3
[H][C@@]1(C(=O)N[C@H](CC(=O)O)c2ccc(Cl)s2)CCCN(C(=O)CCC2CCNCC2)C1,Integrin alpha-IIb/beta-3
N=C(N)c1ccc(N2CCN(Cc3cccc(OCC(=O)O)c3)CC2)cc1,Integrin alpha-IIb/beta-3
CN1C(=O)c2ccccc2SSc2ccccc2NC(=O)[C@H](CC(=O)O)NC(=O)CNC(=O)[C@H]1CCCN=C(N)N,Integrin alpha-IIb/beta-3
CC(=O)N[C@@H]1CSSc2ccccc2NC(=O)[C@@H](CC(=O)O)NC(=O)CNC(=O)[C@@H](CCCN=C(N)N)NC1=O,Integrin alpha-IIb/beta-3
O=C(NC[C@H](NS(=O)(=O)c1ccccc1)[PH](=O)O)c1ccc(OCCC2CCNCC2)cc1,Integrin alpha-IIb/beta-3
CCN(CC(=O)N[C@@H](CC(=O)O)C(=O)N[C@H](CCCC1CCCCC1)C(=O)O)C(=O)CCCC1CCNCC1,Integrin alpha-IIb/beta-3
CCCC[C@H](NC(=O)[C@H](CC(=O)O)NC(=O)CN(CC)C(=O)CCCC1CCNCC1)C(=O)O,Integrin alpha-IIb/beta-3
N=C(N)c1ccc(C(=O)NCCC(=O)N2CCC(COC(=O)O)CC2)cc1,Integrin alpha-IIb/beta-3
CCCCS(=O)(=O)NC(CC(=O)O)CC(=O)N1CCC(CCCC2CCNCC2)CC1,Integrin alpha-IIb/beta-3
O=C(NC[C@@H](NS(=O)(=O)c1ccccc1)C(=O)O)c1ccc(OCCC2CCNCC2)cc1,Integrin alpha-IIb/beta-3
N=C(N)c1ccc(N2CCC3(CCC(C(=O)NCCCC(=O)O)CC3)CC2)cc1,Integrin alpha-IIb/beta-3
O=C(O)C[C@H](NC(=O)[C@@H]1CCCN(C(=O)CCC2CCNCC2)C1)c1ccc(OCCF)cc1,Integrin alpha-IIb/beta-3
CCC(=O)COC1CCN(C(=O)[C@H](C)NC(=O)c2ccc(C(=N)NO)cc2)CC1,Integrin alpha-IIb/beta-3
CCOC(=O)CN1CCN(C[C@@H]2CN(c3ccc(C(=N)NC(=O)OC)cc3)C(=O)O2)CC1,Integrin alpha-IIb/beta-3
CCCCS(=O)(=O)NC(Cc1ccc2cc(OCc3ccc(C(=N)N)cc3)ccc2c1)C(=O)O.Cl,Integrin alpha-IIb/beta-3
COC(=O)CC[C@H]1C(=O)N(CC(=O)O)CCN1C(=O)CNC(=O)c1ccc(CCN)cc1,Integrin alpha-IIb/beta-3
CCCCOC(=O)N[C@@H](CNC(=O)C[C@H]1CC(c2ccc(C(=N)N)cc2)=NO1)C(=O)O.O=C(O)C(F)(F)F,Integrin alpha-IIb/beta-3
NCC(=O)N[C@@H](CCCN=C(N)N)C(=O)NCC(=O)N[C@@H](CC(=O)O)C(=O)N[C@@H](CC(=O)O)C(=O)O,Integrin alpha-IIb/beta-3
Cl.Cl.O=C(Nc1ccc2nc(N3CCNCC3)[nH]c(=O)c2c1)c1ccc(N2CCNCC2)cc1,Integrin alpha-IIb/beta-3
Cl.NCCCNC(=O)c1cnn(-c2nc(-c3cccc(C(F)(F)F)c3)cs2)c1C(F)(F)F,Integrin alpha-IIb/beta-3
NC(N)=NCCC[C@H](N)C(=O)NCC(=O)N[C@@H](CC(=O)O)C(=O)N[C@@H](Cc1ccc(O)cc1)C(=O)O,Integrin alpha-IIb/beta-3
[H][C@]1([C@H](C)CC)NC(=O)CSC[C@@H](C(=O)O)NC(=O)[C@H](CC(=O)O)NC(=O)CNC(=O)[C@H](CCCN=C(N)N)NC1=O,Integrin alpha-IIb/beta-3
CCN(CC)CCCNC(=O)c1cnn(-c2nc(-c3ccc(C)cc3)cs2)c1C(F)(F)F,Integrin alpha-IIb/beta-3
[H][C@@]1(C(=O)NCCC(=O)O)CCCN(C(=O)[C@H](CCCCNC(=O)OCc2ccccc2)NC(=O)OC(C)(C)C)C1,Integrin alpha-IIb/beta-3
[H][C@@](CC(=O)O)(NC(=O)[C@]1([H])CCCN(C(=O)CCC2CCNCC2)C1)c1ccc(Cl)nc1,Integrin alpha-IIb/beta-3
N=C(N)c1ccc(N2CCC3(CCN(C(=O)CCC(=O)O)CC3)C2=O)cc1,Integrin alpha-IIb/beta-3
CCCC(=O)N[C@@H](Cc1c[nH]c2ccc(OCCCC3CCNCC3)cc12)C(=O)O,Integrin alpha-IIb/beta-3
[H][C@]1(c2ccccc2)SSC[C@H](NC(C)=O)C(=O)N(C)[C@@H](CCCN=C(N)N)C(=O)NCC(=O)N[C@@H](CC(=O)O)C(=O)N[C@@H]1C(N)=O,Integrin alpha-IIb/beta-3
[H][C@]1(CC(=O)O)C(=O)N(CCC(=O)O)CCN1C(=O)CNC(=O)c1ccc(C(=N)N)cc1,Integrin alpha-IIb/beta-3
CC(CCCCCNC(=O)c1cc2cc(C(=N)N)ccc2[nH]1)C(=O)O,Integrin alpha-IIb/beta-3
CCOC(=O)COC1CCN(C(=O)[C@H](C)NC(=O)c2ccc(C(=N)N)cc2)CC1,Integrin alpha-IIb/beta-3
[H][C@@](CNC(=O)c1ccc2c(c1)C(=O)N(CCC1CCNCC1)C2)(NC(=O)CCCCC)C(=O)O,Integrin alpha-IIb/beta-3
[H][C@@](CNC(=O)c1cc2n(n1)CCN(CCC1CCNCC1)C2=O)(NS(=O)(=O)CCCC)C(=O)O,Integrin alpha-IIb/beta-3
C[C@H](NC(=O)[C@H](CS)NC(=O)[C@@H]1CCCN1C(=O)[C@H](CO)NC(=O)[C@H](CC(=O)O)NC(=O)CNC(=O)[C@H](CCCN=C(N)N)NC(=O)CNC(=O)[C@@H](NC(=O)CN)C(C)(C)S)C(=O)O,Integrin alpha-IIb/beta-3
CC(=O)N[C@@H](CCCN=C(N)N)C(=O)N[C@@H](C)C(=O)N[C@@H](CC(=O)O)C(=O)N[C@@H](CO)C(N)=O,Integrin alpha-IIb/beta-3
N=C(N)c1ccc(COc2ccc3c(c2)CCCN(CC(=O)O)C3=O)cc1,Integrin alpha-IIb/beta-3
CC(C)NCCCC[C@@H](NC(=O)OC(C)(C)C)C(=O)N1CCCC(C(=O)NCCC(=O)O)C1,Integrin alpha-IIb/beta-3
CCOC(=O)CN1CCN(C[C@@H]2CN(c3ccc(C(=N)NC(=O)OCc4ccccc4)cc3)C(=O)O2)CC1,Integrin alpha-IIb/beta-3
CCOC(=O)C1CCN(CC2CN(c3ccc(C(=N)NC(=O)c4ccccc4)cc3)C(=O)O2)CC1,Integrin alpha-IIb/beta-3
N=C(N)c1ccc(NC(=O)c2ccc3c(c2)NC(CC(=O)O)CN(CCc2ccccc2)C3)cc1,Integrin alpha-IIb/beta-3
CC(C)(Oc1ccc(N2CCN(c3ccc(C(=N)N)cc3)CC2)cc1)C(=O)O,Integrin alpha-IIb/beta-3
CC(=O)N[C@@H](CCCN=C(N)N)C(=O)NCC(=O)N[C@@H](CC(=O)O)C(=O)NCCc1ccccc1,Integrin alpha-IIb/beta-3
[H][C@@]1(C(=O)N[C@H](CC(=O)O)c2cccs2)CCCN(C(=O)CCC2CCNCC2)C1,Integrin alpha-IIb/beta-3
CCN(CC(=O)N[C@@H](CC(=O)O)C(=O)N[C@@H](CC(C)(C)C)C(=O)O)C(=O)CCCC1CCNCC1,Integrin alpha-IIb/beta-3
CCN(CC(=O)N[C@@H](CC(=O)O)C(=O)N[C@@H](C(=O)O)C(C)C)C(=O)CCCC1CCNCC1,Integrin alpha-IIb/beta-3
CCCC(=O)N[C@@H](Cc1c[nH]c2ccc(OCCN3CCN(C)CC3)cc12)C(=O)O,Integrin alpha-IIb/beta-3
C=CCOC(/C=C/c1ccc(C(=N)N)cc1)C(C)(C)C(=O)N1CCC(CC(=O)O)CC1,Integrin alpha-IIb/beta-3
[H][C@@]1(C(=O)NC[C@H](NC(=O)OCc2ccccc2)C(=O)O)CCCN(C(=O)CCC2CCNCC2)C1,Integrin alpha-IIb/beta-3
CC(C)COC(=O)N[C@@H](CNC(=O)CC1CC(c2ccc(C(=N)N)cc2)=NO1)C(=O)O.O=C(O)C(F)(F)F,Integrin alpha-IIb/beta-3
N=C(N)NCCCCOc1ccc2c(c1)C(=O)N(CC(=O)O)CC2,Integrin alpha-IIb/beta-3
N=C(N)c1cccc(S(=O)(=O)NCCc2ccc(OCC(=O)O)cc2)c1,Integrin alpha-IIb/beta-3
N=C(N)c1ccc(C2=NOC(CC(=O)N3CCC(=O)C(C(=O)O)C3)C2)cc1.O=C(O)C(F)(F)F,Integrin alpha-IIb/beta-3
O=C(O)COc1ccc(C(=O)CNC(=O)c2cc3c(s2)CCNC3)cc1,Integrin alpha-IIb/beta-3
O=C(O)C[C@@H](NC(=O)C1CCC2(CC1)CCN(c1ccncc1)CC2)c1ccccc1,Integrin alpha-IIb/beta-3
[H][C@@](CC(=O)O)(NC(=O)[C@]1([H])CCCN(C(=O)/C=C/C2CCNCC2)C1)c1cccnc1,Integrin alpha-IIb/beta-3
N=C(N)c1ccc(C(=O)NCCC(=O)N[C@@H](CC(=O)O)C(=O)N[C@@H](Cc2ccc(O)cc2)C(=O)O)cc1,Integrin alpha-IIb/beta-3
CN(CCC1CCNCC1)C(=O)c1ccc2c(c1)CC(CC(=O)O)C(=O)N(Cc1ccccc1)C2,Integrin alpha-IIb/beta-3
CC(C)[C@H](NC(=O)[C@H](CC(=O)O)NC(=O)CCNC(=O)/C=C/c1ccc(NC(=N)N)cc1)C(=O)O,Integrin alpha-IIb/beta-3
O=C(O)CC1CCc2cc(NCCCC3CCNCC3)ccc2C1=O,Integrin alpha-IIb/beta-3
N=C(N)c1ccc(CN2CCN(c3ccc(CC(=O)O)cc3)CC2)cc1,Integrin alpha-IIb/beta-3
CCCCCC(NC(=O)c1ccc(C(=N)N)cc1)C(C)(C)C(=O)N1CCC(CC(=O)O)CC1,Integrin alpha-IIb/beta-3
Cc1ccc(S(=O)(=O)N[C@@H](Cc2c[nH]c3ccc(OCCCCC4CCNCC4)cc23)C(=O)O)cc1,Integrin alpha-IIb/beta-3
CCOP(=O)(NC(CNC(=O)CC1CC(c2ccc(C(=N)N)cc2)=NO1)C(=O)O)OCC,Integrin alpha-IIb/beta-3
Cl.O=C(CCNC(=O)c1ccc2c(c1)CNCC2)NC[C@H](NS(=O)(=O)c1ccccc1)C(=O)O,Integrin alpha-IIb/beta-3
CC(C)(S)[C@@H](NC(=O)[C@H](CCCN=C(N)N)NC(=O)[C@H](Cc1c[nH]c2ccccc12)NC(=O)[C@H](CC(=O)O)NC(=O)CNC(=O)[C@H](CCCN=C(N)N)NC(=O)CCS)C(N)=O,Integrin alpha-IIb/beta-3
COC(=O)[C@H](CC12CC3CC(CC(C3)C1)C2)NC(=O)[C@H](CC(=O)O)N1CC[C@H](NC(=O)Cc2ccc(C(=N)N)cc2)C1=O.O=C(O)C(F)(F)F,Integrin alpha-IIb/beta-3
N=C(N)c1ccc(N2CCN(c3cccc(OCC(=O)O)c3)CC2)cc1,Integrin alpha-IIb/beta-3
[H][C@@](Cc1ccc(OCCCCC2CCNCC2)cc1)(NC(=O)CCCC)C(=O)O,Integrin alpha-IIb/beta-3
N=C(N)c1ccc(C(=O)Nc2ccc3c(c2)NC(CC(=O)O)C(=O)N(CCc2ccccc2)C3)cc1,Integrin alpha-IIb/beta-3
CCN(CC(=O)N[C@@H](CC(=O)O)C(=O)NC1(C(=O)O)CCCCC1)C(=O)CCCC1CCNCC1,Integrin alpha-IIb/beta-3
C#C[C@H](CC(=O)O)NC(=O)C[C@H]1CCCN(CCc2ccnc(N)c2)C1=O,Integrin alpha-IIb/beta-3
CCCCCCCCS(=O)(=O)N[C@@H](CCC(=O)N1CCC(CCCC2CCNCC2)CC1)C(=O)O,Integrin alpha-IIb/beta-3
[H][C@@](CNC(=O)c1ccc2c(c1)C(=O)N(CCC1CCNCC1)C2)(NC(=O)NCc1ccccc1)C(=O)O,Integrin alpha-IIb/beta-3
CC(=O)N[C@H]1CSSC(C)(C)[C@H](C(N)=O)NC(=O)[C@H](CC(=O)O)NC(=O)CNC(=O)[C@H](CCCN=C(N)N)N(C)C1=O,Integrin alpha-IIb/beta-3
CC(=O)N[C@@H]1CSSC(C)(C)[C@H](C(N)=O)NC(=O)[C@@H](CC(=O)O)NC(=O)CNC(=O)[C@H](CCCN=C(N)N)NC1=O,Integrin alpha-IIb/beta-3
N=C(N)c1ccc(C(=O)Nc2ccc3c(c2)CCC(CC(=O)O)C3=O)cc1,Integrin alpha-IIb/beta-3
Cc1cccc(S(=O)(=O)N[C@@H](CNC(=O)C[C@@H]2CC(c3ccc(C(=N)N)cc3)=NO2)C(=O)O)c1.O=C(O)C(F)(F)F,Integrin alpha-IIb/beta-3
N=C(N)c1ccc2[nH]c(C(=O)N3CCC(C(=O)NC(CC(=O)O)c4ccccc4)CC3)cc2c1,Integrin alpha-IIb/beta-3
O=C(NC[C@H](NS(=O)(=O)Cc1ccccc1)C(=O)O)C1CCCn2c(/C=C/C3CCNCC3)nnc21,Integrin alpha-IIb/beta-3
[H][C@@](CNC(=O)c1ccc2c(c1)C(=O)N(CCC1CCNCC1)C2)(NS(=O)(=O)NCCCC)C(=O)O,Integrin alpha-IIb/beta-3
CC(C)[C@H](NC(=O)[C@H](CC(=O)O)NC(=O)CNC(=O)[C@H](CCCN=C(N)N)NC(=O)CN)C(=O)O,Integrin alpha-IIb/beta-3
[H][C@@](Cc1ccc(OCCCCC2CCNCC2)cc1)(NS(=O)(=O)CCC)C(=O)O,Integrin alpha-IIb/beta-3
O=C(O)CCNC(=O)c1cccc(C(=O)NCCC2CCNCC2)c1,Integrin alpha-IIb/beta-3
[H][C@@](CC(=O)O)(Cc1ccc(OCCCCC2CCNCC2)cc1)NS(=O)(=O)CCCC,Integrin alpha-IIb/beta-3
CCC(=O)Nc1ccc2nc(N3CCNCC3)[nH]c(=O)c2c1.Cl,Integrin alpha-IIb/beta-3
O=C(O)CCNC(=O)c1cc2cc(CCC3CCNCC3)sc2s1,Integrin alpha-IIb/beta-3
COc1ccc(CCC(=O)N[C@@H](CCCNC(=O)Cc2ccc(C(=N)N)cc2)CC(=O)O)cc1,Integrin alpha-IIb/beta-3
N=C(N)c1ccc(C(=O)Nc2ccc3c(c2)CCC(CC(=O)O)C3=O)c(C(F)(F)F)c1,Integrin alpha-IIb/beta-3
O=C(O)COc1ccc(C(=O)CNC(=O)c2sc3c(c2Cc2ccccc2)CNCC3)cc1OCC(=O)O,Integrin alpha-IIb/beta-3
CCCCN1Cc2ccc(C(=O)N(C)CCC3CCNCC3)cc2CC(CC(=O)O)C1=O,Integrin alpha-IIb/beta-3
O=C(O)[C@H](Cc1c[nH]c2ccc(OCCCCN3CCNCC3)cc12)NS(=O)(=O)c1ccccc1,Integrin alpha-IIb/beta-3
COc1ccc(C(=O)NC(Cc2ccc3cc(OCc4ccc(C(=N)N)cc4)ccc3c2)C(=O)O)cc1.Cl,Integrin alpha-IIb/beta-3
N=C(N)c1ccc(C2=NOC(CC(=O)NC[C@H](NC(=O)NCc3ccccc3)C(=O)O)C2)cc1.O=C(O)C(F)(F)F,Integrin alpha-IIb/beta-3
COc1ccc(S(=O)(=O)NC(Cc2ccc3cc(OCc4ccc(C(=N)N)cc4)ccc3c2)C(=O)O)cc1.Cl,Integrin alpha-IIb/beta-3
O=C(O)CC(=O)N1CCN(C(=O)N2CCC3(CC2)CCN(c2ccncc2)C3)CC1,Integrin alpha-IIb/beta-3
CC(C)(C)OC(=O)N[C@H](CCCCN)C(=O)N1CCCC(C(=O)NCCCC(=O)O)C1,Integrin alpha-IIb/beta-3
NCC1CCC(C(=O)NCC(=O)c2ccc(OCC(=O)O)c(OCC(=O)O)c2)CC1,Integrin alpha-IIb/beta-3
O=C(O)CC1Nc2cc(/C=C/CCC3CCNCC3)ccc2CN(CCc2ccccc2)C1=O,Integrin alpha-IIb/beta-3
[H][C@@]1(C(=O)N[C@H](C)CC(=O)O)CCCN(C(=O)CCC2CCNCC2)C1,Integrin alpha-IIb/beta-3
N=C(N)NCCCCC(=O)NCC(=O)N1CCN(CC(=O)O)C(=O)[C@@H]1CC(=O)O,Integrin alpha-IIb/beta-3
CC(=O)N[C@@H]1CSSC(C)(C)[C@H](C(N)=O)NC(=O)[C@@H](CC(=O)O)NC(=O)CNC(=O)[C@@H](CCCN=C(N)N)N(Cc2ccccc2)C1=O,Integrin alpha-IIb/beta-3
[H][C@@](Cc1ccc(OCCCCC2CCNCC2)cc1)(NC(=O)CC)C(=O)O,Integrin alpha-IIb/beta-3
N=C(N)c1ccc(NC(=O)c2ccc3c(c2)CCN(CC(=O)O)C3=O)cc1,Integrin alpha-IIb/beta-3
CCCC1SC[C@@H](C(=O)O)NC(=O)[C@H](CC(=O)O)NC(=O)CNC(=O)[C@H](CCCN=C(N)N)NC(=O)CNC1=O,Integrin alpha-IIb/beta-3
C#C[C@H](CC(=O)O)NC(=O)C[C@H]1CCCN(CCC2CCNCC2)C1=O,Integrin alpha-IIb/beta-3
C=CC(CC(=O)O)NC(=O)CCC(=O)Nc1ccc(C(=N)N)cc1,Integrin alpha-IIb/beta-3
N=C(N)NCCC[C@@H]1NC(=O)[C@H](Cc2ccccc2)NC(=O)C[S+]([O-])C[C@@H](C(=O)O)NC(=O)[C@H](CC(=O)O)NC(=O)CNC1=O,Integrin alpha-IIb/beta-3
CC(C)[C@H](NC(=O)[C@H](CC(=O)O)NC(=O)[C@H]1CCN(C(=O)/C=C/c2ccc(NC(=N)N)cc2)C1)C(=O)O,Integrin alpha-IIb/beta-3
[H][C@@](CCCCN)(NC(C)=O)C(=O)N1CCCC(C(=O)NCCC(=O)O)C1,Integrin alpha-IIb/beta-3
C#CC/N=C(N)c1ccc(C(=O)Nc2ccc3c(c2)CC(CC(=O)O)CC3)cc1,Integrin alpha-IIb/beta-3
COC(/C=C/c1ccc(C(=N)N)cc1)C(C)(C)C(=O)N1CCC(CC(=O)O)CC1,Integrin alpha-IIb/beta-3
CCCCOC(=O)N[C@@H](CNC(=O)CC1CC(CC2CCNCC2)=NO1)C(=O)O.O=C(O)C(F)(F)F,Integrin alpha-IIb/beta-3
N=C(N)c1ccc(C(=O)Nc2ccc3c(c2)CCN(CC(=O)O)C3)cc1,Integrin alpha-IIb/beta-3
C=C[C@H](CC(=O)O)NC(=O)CC/C=C/c1ccc(C(=N)N)cc1,Integrin alpha-IIb/beta-3
CC(C)[C@H]1NC(=O)/C=CCCNC(=O)[C@@H](CC(=O)O)NC(=O)CNC(=O)[C@@H](CCCN=C(N)N)N(C)C1=O,Integrin alpha-IIb/beta-3
COC(=O)C[C@H]1C(=O)N(CC(=O)O)CCN1C(=O)CNC(=O)c1ccc(CCN)cc1,Integrin alpha-IIb/beta-3
[H][C@@](Cc1ccc(OCCCCC2CCNCC2)cc1)(NS(C)(=O)=O)C(=O)O,Integrin alpha-IIb/beta-3
[H][C@@]1([C@@H](C)O)NC(=O)CSC[C@@H](C(=O)O)NC(=O)[C@H](CC(=O)O)NC(=O)CNC(=O)[C@H](CCCN=C(N)N)NC1=O,Integrin alpha-IIb/beta-3
CCOC(=O)CC1CCN(C(=O)C(C)(C)C(CC)NC(=O)c2ccc(C(=N)N)cc2F)CC1,Integrin alpha-IIb/beta-3
N=C(N)c1ccc(C(=O)N2CCC3(CCC(C(=O)O)CC3)CC2)cc1,Integrin alpha-IIb/beta-3
[H][C@@]1([C@@H](C)CC)NC(=O)CSC[C@@H](C(=O)O)NC(=O)[C@H](CC(=O)O)NC(=O)CNC(=O)[C@H](CCCN=C(N)N)NC1=O,Integrin alpha-IIb/beta-3
CC(=O)N[C@@H]1CSSC(C)(C)[C@H](C(N)=O)NC(=O)[C@@H](CC(=O)O)NC(=O)CNC(=O)[C@H](CCCN=C(N)N)N(C)C1=O,Integrin alpha-IIb/beta-3
N/C(=N/C(=O)c1ccccc1)c1ccc(N2C[C@@H](CN3CCN(CC(=O)O)CC3)OC2=O)cc1,Integrin alpha-IIb/beta-3
O=C(O)CC1Nc2cc(/C=CCCC3CCNCC3)ccc2CN(CCc2ccccc2)C1=O,Integrin alpha-IIb/beta-3
CCOC(=O)CCN1CCN(C[C@@H]2CN(c3ccc(C(=N)NC(=O)c4ccccc4)cc3)C(=O)O2)CC1,Integrin alpha-IIb/beta-3
CC(CC(=O)O)NC(=O)CCC(=O)Nc1ccc(C(=N)N)cc1,Integrin alpha-IIb/beta-3
N=C(N)c1ccc(C(=O)NCC(=O)N2CCN(CC(=O)O)C(=O)[C@@H]2CC(=O)O)cc1,Integrin alpha-IIb/beta-3
CC(C)(C(=O)N1CCC(CC(=O)O)CC1)C(CCc1ccccc1)NC(=O)c1ccc(C(=N)N)cc1,Integrin alpha-IIb/beta-3
N=C(N)NCCCCC1=NOC(C(=O)NC[C@H](NC(=O)OCc2ccccc2)C(=O)O)C1,Integrin alpha-IIb/beta-3
N=C(N)c1ccc2[nH]cc(C(=O)NCCCCCCCC(=O)O)c2c1,Integrin alpha-IIb/beta-3
N=C(N)c1ccc(N2C(=O)CC3(CCN(C(=O)NCCC(=O)O)CC3)C2=O)cc1,Integrin alpha-IIb/beta-3
CC(=O)N[C@@H]1CSSC(C)(C)[C@H](C(N)=O)NC(=O)[C@@H](CC(=O)O)N(C)C(=O)CNC(=O)[C@@H](CCCN=C(N)N)N(C)C1=O,Integrin alpha-IIb/beta-3
CCN(CC)CCCNC(=O)c1cnn(-c2nc(-c3ccccc3)cs2)c1C(F)(F)F,Integrin alpha-IIb/beta-3
O=C(O)COc1cnc(C(=O)CNC(=O)c2cc3c(s2)CCNC3)cc1OCC(=O)O,Integrin alpha-IIb/beta-3
N=C(N)Nc1ccc(C2NC(=O)N(CC(=O)N[C@@H](CC(=O)O)C(=O)N[C@H](C(=O)O)c3ccccc3)C2=O)cc1,Integrin alpha-IIb/beta-3
CN(C(=O)c1ccc2c(c1)CC(CC(=O)O)C(=O)N(CCc1ccccc1)C2)c1ccc(C(=N)N)cc1,Integrin alpha-IIb/beta-3
COC(=O)C[C@@H](CC(C)C)NC(=O)CC1CC(c2ccc(C(=N)N)cc2)=NO1.O=C(O)C(F)(F)F,Integrin alpha-IIb/beta-3
CC(C)[C@H](NC(=O)[C@H](CC(=O)O)NC(=O)C[C@@H]1CCCCN1C(=O)/C=C/c1ccc(NC(=N)N)cc1)C(=O)O,Integrin alpha-IIb/beta-3
N=C(N)c1ccc(C2=NOC(CC(=O)NC[C@H](NS(=O)(=O)c3ccc4ccccc4c3)C(=O)O)C2)cc1.O=C(O)C(F)(F)F,Integrin alpha-IIb/beta-3
Cc1ccc(S(=O)(=O)N[C@@H](CCC(=O)N2CCC3(CC2)C(=O)N(c2ccc(C(=N)N)cc2)C(=O)N3C)C(=O)O)cc1,Integrin alpha-IIb/beta-3
C[C@H](CC(=O)O)N1CC(=O)N(C(C)(C)C)c2c(Cl)cc(C#Cc3ccc(C(=N)N)cc3)cc2C1=O,Integrin alpha-IIb/beta-3
CCN(CC)CCCNC(=O)c1cnn(-c2nc(-c3ccc(Cl)cc3)cs2)c1C(F)(F)F,Integrin alpha-IIb/beta-3
CC(C)(CNC(=O)c1ccc(C(=N)N)cc1)C(=O)N1CCC(CC(=O)O)CC1,Integrin alpha-IIb/beta-3
N#Cc1ccc(COc2cncc([C@H](CC(=O)O)NC(=O)[C@@H]3CCCN(C(=O)CCC4CCNCC4)C3)c2)cc1F,Integrin alpha-IIb/beta-3
CC(=O)N[C@H]1C(=O)N[C@@H](CCCN=C(N)N)C(=O)NCC(=O)N[C@@H](CC(=O)O)C(=O)N[C@H](C(N)=O)CSSC1(C)C,Integrin alpha-IIb/beta-3
CN1C(=O)[C@@H](NCC(=O)c2ccccc2)CSSC(C)(C)[C@H](C(N)=O)NC(=O)[C@H](CC(=O)O)NC(=O)CNC(=O)[C@@H]1CCCN=C(N)N,Integrin alpha-IIb/beta-3
CCNC(=O)[C@H](CO)NC(=O)[C@H](CC(=O)O)NC(=O)CNC(=O)[C@H](CCCN=C(N)N)NC(C)=O,Integrin alpha-IIb/beta-3
N=C(N)c1ccc(CCc2ccc3c(c2)CCN(CC(=O)O)C3=O)cc1,Integrin alpha-IIb/beta-3
CC(C)(C(=O)N1CCC(CC(=O)O)CC1)C(NC(=O)c1ccc(C(=N)N)cc1)c1ccc(Cl)cc1,Integrin alpha-IIb/beta-3
N=C(N)NCCC[C@H]1NC(=O)c2ccccc2SSc2ccccc2NC(=O)[C@@H](CC(=O)O)NC(=O)CNC1=O,Integrin alpha-IIb/beta-3
N=C(N)c1ccc(NC(=O)CCC(=O)NC(CC(=O)O)c2ccc(F)c(F)c2)cc1,Integrin alpha-IIb/beta-3
CC(=O)N[C@H]1C(=O)N[C@H](CCCN=C(N)N)C(=O)NCC(=O)N[C@H](CC(=O)O)C(=O)N[C@@H](C(N)=O)CSSC1(C)C,Integrin alpha-IIb/beta-3
[H][C@](CC)(NC(=O)c1ccc(C(=N)N)cc1F)C(C)(C)C(=O)N1CCC(CC(=O)O)CC1,Integrin alpha-IIb/beta-3
N=C(N)c1ccc(C(=O)NCCCC[C@H](CC(=O)O)NC(=O)Cc2cccc3ccccc23)cc1,Integrin alpha-IIb/beta-3
[H][C@]1(C(=O)NC(CC(=O)O)c2ccccc2)CCCN1C(=O)c1cc2cc(C(=N)N)ccc2o1,Integrin alpha-IIb/beta-3
N#Cc1ccc([C@H](CC(=O)O)NC(=O)[C@@H]2CCCN(C(=O)CCC3CCNCC3)C2)cc1F,Integrin alpha-IIb/beta-3
N=C(N)c1ccc(COc2ccc3c(c2)CC(=O)N(CC(=O)O)C3)cc1,Integrin alpha-IIb/beta-3
CN(C(=O)c1ccccc1S)[C@@H](CCCN=C(N)N)C(=O)NCC(=O)N[C@@H](CC(=O)O)C(=O)Nc1ccccc1S,Integrin alpha-IIb/beta-3
CCOC(=O)CC1CCN(CC2CN(c3ccc(C(=N)NC(=O)c4ccccc4)cc3)C(=O)O2)CC1,Integrin alpha-IIb/beta-3
CC(=O)N[C@H]1CSSC(C)(C)[C@H](C(=O)O)NC(=O)[C@H](CC(=O)O)NC(=O)CNC(=O)[C@H](CCCN=C(N)N)N(C)C1=O,Integrin alpha-IIb/beta-3
CC(C)(C)c1nn2c(=O)cc(N3CCNCC3)nc2s1,Integrin alpha-IIb/beta-3
Cl.O=C(CCNC(=O)c1ccc2c(c1)CNCC2)NC[C@@H](NS(=O)(=O)c1ccccc1)C(=O)O,Integrin alpha-IIb/beta-3
O=C(N[C@@H](CNC(=O)C1CCCn2c(CCC3CCNCC3)nnc21)C(=O)O)OCc1ccccc1,Integrin alpha-IIb/beta-3
O=C(O)COc1ccc(C(=O)CNC(=O)c2cc3c(s2)CCCNC3)cc1OCC(=O)O,Integrin alpha-IIb/beta-3
O=C(O)C[C@H](NC(=O)[C@@H]1CCCN(C(=O)CCC2CCNCC2)C1)c1cncc(-c2ccccc2OCCF)c1,Integrin alpha-IIb/beta-3
O=C(NC[C@H](NS(=O)(=O)c1ccccc1)P(=O)(O)O)c1ccc(OCCC2CCNCC2)cc1,Integrin alpha-IIb/beta-3
N=C(N)c1ccc(CC(=O)N[C@H]2CCN([C@@H](CC(=O)O)C(=O)N[C@@H](Cn3ccc4ccccc43)C(=O)O)C2=O)cc1.O=C(O)C(F)(F)F,Integrin alpha-IIb/beta-3
N=C(N)c1ccc(C2=NOC(CC(=O)N[C@@H](CC(=O)O)C(=O)NCC34CC5CC(CC(C5)C3)C4)C2)cc1.O=C(O)C(F)(F)F,Integrin alpha-IIb/beta-3
[H][C@](Cc1ccccc1)(C(=O)O)N1CCN(C(=O)CNC(=O)c2ccc(C(=N)N)cc2)[C@@]([H])(CC(=O)O)C1=O,Integrin alpha-IIb/beta-3
CCOC(=O)CC1CCN(C(=O)C(C)(C)C(CC)NC(=O)c2ccc(C(=N)N3CCN(C)CC3)cc2F)CC1,Integrin alpha-IIb/beta-3
[H][C@](Cc1ccc(OCCCCC2CCNCC2)cc1)(NS(=O)(=O)CCCC)C(=O)O,Integrin alpha-IIb/beta-3
O=C(O)C[C@H](NC(=O)C1CCCn2c(/C=C/C3CCNCC3)nnc21)c1cccnc1,Integrin alpha-IIb/beta-3
O=C(NC[C@H](NS(=O)(=O)c1ccccc1)P(O)(O)=S)c1ccc(OCCC2CCNCC2)cc1,Integrin alpha-IIb/beta-3
CC(=O)N[C@@H](CCCN=C(N)N)C(=O)N1CCC[C@H]1C(=O)N[C@@H](CC(=O)O)C(=O)N[C@@H](CO)C(N)=O,Integrin alpha-IIb/beta-3
N=C(N)c1ccc(N2CC3(CCN(C(=O)NCCC(=O)O)CC3)NC2=O)cc1,Integrin alpha-IIb/beta-3
O=C(O)CCCCCNC(=O)N1CCC2(CC1)CCN(c1ccncc1)C2,Integrin alpha-IIb/beta-3
[H][C@@]1(c2ccccc2)SSC[C@H](NC(C)=O)C(=O)N(C)[C@@H](CCCN=C(N)N)C(=O)NCC(=O)N[C@@H](CC(=O)O)C(=O)N[C@@H]1C(N)=O,Integrin alpha-IIb/beta-3
CCCCCCOC(=O)N[C@@H](CNC(=O)CC1CC(c2ccc(C(=N)N)cc2)=NO1)C(=O)O.O=C(O)C(F)(F)F,Integrin alpha-IIb/beta-3
CS(=O)(=O)O.Cc1noc(C)c1S(=O)(=O)N[C@H](CNC(=O)C[C@H]1CC(c2ccc(C(=N)N)cc2)=NO1)C(=O)O,Integrin alpha-IIb/beta-3
CC(C)(C(=O)N1CCC(CC(=O)O)CC1)C(NC(=O)c1ccc(C(=N)N)cc1)c1cccc(Cl)c1,Integrin alpha-IIb/beta-3
N=C(N)c1ccc(C2=NOC(CC(=O)NCC(NP(=O)(O)O)C(=O)O)C2)cc1,Integrin alpha-IIb/beta-3
CCN(CC(=O)N[C@@H](CC(=O)O)C(=O)N[C@@H](Cc1ccccc1)C(=O)O)C(=O)CCCC1CCNCC1,Integrin alpha-IIb/beta-3
N=C(N)NCCC[C@@H]1NC(=O)[C@H](Cc2ccc(O)cc2)NC(=O)CSC[C@@H](C(=O)O)NC(=O)[C@H](CC(=O)O)NC(=O)CNC1=O,Integrin alpha-IIb/beta-3
N=C(N)c1ccc(C(=O)NCC(=O)N2CCN(CC(=O)O)C(=O)C2)cc1,Integrin alpha-IIb/beta-3
CCN(CC(=O)N[C@@H](CC(=O)O)C(=O)N[C@H](CC1CCCCCCC1)C(=O)O)C(=O)CCCC1CCNCC1,Integrin alpha-IIb/beta-3
NC(=O)C[C@@H]1NC(=O)C[S+]([O-])C[C@@H](C(=O)O)NC(=O)[C@H](CC(=O)O)NC(=O)CNC(=O)[C@H](CCCN=C(N)N)NC1=O,Integrin alpha-IIb/beta-3
CCN1C(=O)[C@H](NC(C)=O)CSSC(C)(C)[C@H](C(N)=O)NC(=O)[C@@H](CC(=O)O)NC(=O)CNC(=O)[C@H]1CCCN=C(N)N,Integrin alpha-IIb/beta-3
N=C(N)c1ccc(CCCCC(=O)NC(CC(=O)O)c2ccccc2)cc1,Integrin alpha-IIb/beta-3
N=C(N)NCCC[C@@H]1NC(=O)[C@@H](Cc2ccc(O)cc2)NC(=O)C[S+]([O-])C[C@@H](C(=O)O)NC(=O)[C@H](CC(=O)O)NC(=O)CNC1=O,Integrin alpha-IIb/beta-3
Cl.O=C(O)C(Cc1ccc2cc(OCCCN3CCNCC3)ccc2c1)NS(=O)(=O)c1ccccc1,Integrin alpha-IIb/beta-3
Cn1cnc(S(=O)(=O)N[C@@H](CNC(=O)CC2CC(c3ccc(C(=N)N)cc3)=NO2)C(=O)O)c1.O=C(O)C(F)(F)F,Integrin alpha-IIb/beta-3
O=C(O)C[C@H](NC(=O)c1cccn2c(CCC3CCNCC3)nnc12)c1cccnc1,Integrin alpha-IIb/beta-3
Cc1c(C(=O)NCCCCCCC(=O)O)[nH]c2ccc(C(=N)N)cc12,Integrin alpha-IIb/beta-3
N=C(N)c1ccc(C(=O)Nc2ccc3c(c2)CCC(CC(=O)O)C3=O)cn1,Integrin alpha-IIb/beta-3
CC(C)C(NC(=O)c1ccc(C(=N)N)cc1)C(C)(C)C(=O)N1CCC(CC(=O)O)CC1,Integrin alpha-IIb/beta-3
COC(=O)[C@H](Cn1ccc2ccccc21)NC(=O)[C@H](CC(=O)O)N1CC[C@H](NC(=O)Cc2ccc(C(=N)N)cc2)C1=O.O=C(O)C(F)(F)F,Integrin alpha-IIb/beta-3
O=C(O)CS(=O)(=O)N1CCC(C(=O)N2CCC3(CC2)CCN(c2ccncc2)C3)CC1,Integrin alpha-IIb/beta-3
Cc1nc(C)c(S(=O)(=O)N[C@@H](CNC(=O)CC2CC(c3ccc(C(=N)N)cc3)=NO2)C(=O)O)s1.O=C(O)C(F)(F)F,Integrin alpha-IIb/beta-3
[H][C@@](Cc1ccc(OCCCCC2CCNCC2)cc1)(NS(=O)(=O)CCc1ccccc1)C(=O)O,Integrin alpha-IIb/beta-3
CN(CCC1CCNCC1)C(=O)c1ccc2c(c1)CC(CC(=O)O)C(=O)N(CCC1CCCCC1)C2,Integrin alpha-IIb/beta-3
N=C(N)c1ccc(OCCCC(=O)N[C@@H](CC(=O)O)C(=O)N[C@@H](Cc2ccc(O)cc2)C(=O)O)cc1,Integrin alpha-IIb/beta-3
N=C(N)c1ccc(N2CCN(c3ccc(OCC(=O)O)cc3)CC2)cc1,Integrin alpha-IIb/beta-3
CCOC(=O)CC1CCN(C(=O)C(C)(C)[C@H](CC)NC(=O)c2ccc(C(=N)N3CCSC3)cc2F)CC1,Integrin alpha-IIb/beta-3
CC(C)[C@@H]1NC(=O)c2ccc([nH]2)CNC(=O)[C@H](CC(=O)O)NC(=O)CNC(=O)[C@H](CCCN=C(N)N)N(C)C1=O,Integrin alpha-IIb/beta-3
N=C(N)c1ccc(NC(=O)CCC(=O)NC(CC(=O)O)c2ccccc2)cc1,Integrin alpha-IIb/beta-3
O=C(O)CC1CCc2cc(NC(=O)COC3CCNCC3)ccc2C1=O,Integrin alpha-IIb/beta-3
O=C(O)C[C@H](NC(=O)C1CCCn2c(CCC3CCNCC3)nnc21)c1cccnc1,Integrin alpha-IIb/beta-3
CC(NC(=O)c1ccc(C(=N)N)cc1F)C(C)(C)C(=O)N1CCC(CC(=O)O)CC1,Integrin alpha-IIb/beta-3
[H][C@@](Cc1ccc(OCCCNC(C)(C)CC(C)(C)C)cc1)(NC(=O)OCc1ccccc1)C(=O)O,Integrin alpha-IIb/beta-3
O=C(O)COC1CCN(C(=O)N2CCC3(CC2)CCN(c2ccncc2)C3)CC1,Integrin alpha-IIb/beta-3
N=C(N)c1ccc(COc2ccc3c(c2)CCC(CC(=O)O)C3)cc1,Integrin alpha-IIb/beta-3
CCCCS(=O)(=O)N[C@@H](CNC(=O)CC1CC(c2ccc(C(=N)N)cc2)=NO1)C(=O)O.O=C(O)C(F)(F)F,Integrin alpha-IIb/beta-3
CN1Cc2cc(C(=O)N3CCC(C4CCNCC4)CC3)ccc2N[C@H](CC(=O)O)C1=O,Integrin alpha-IIb/beta-3
COC(=O)/N=C(/N)c1ccc(N2CC(CN3CCN(CC(=O)OC(C)(C)C)CC3)OC2=O)cc1,Integrin alpha-IIb/beta-3
O=C(O)C1CC(c2ccc(OCCC3CCNCC3)cc2)=NO1,Integrin alpha-IIb/beta-3
N=C(N)c1ccc(NC(=O)c2ccc3c(c2)N[C@H](CC(=O)O)C(=O)N(CCc2ccccc2)C3)cc1,Integrin alpha-IIb/beta-3
Cc1c(C(=O)NCCC(=O)O)cn2c1C(=O)N(CCC1CCNCC1)CCC2,Integrin alpha-IIb/beta-3
N=C(N)c1ccc(-c2csc(NC3CCN(C(C(=O)O)c4ccccc4)CC3)n2)cc1,Integrin alpha-IIb/beta-3
Cl.Cl.NCCCC(=O)Nc1ccc2nc(N3CCNCC3)[nH]c(=O)c2c1,Integrin alpha-IIb/beta-3
O=C(O)CN1CCc2cc(OCCCCC3CCNCC3)ccc2C1=O,Integrin alpha-IIb/beta-3
O=C(O)CCN1CCC2(CCC(C(=O)N3CCN(c4ccncc4)CC3)CC2)CC1,Integrin alpha-IIb/beta-3
COC(=O)[C@H](CNC(=O)CC1CC(c2ccc(C(=N)N)cc2)=NO1)NC(=O)Nc1ccccc1.O=C(O)C(F)(F)F,Integrin alpha-IIb/beta-3
N=C(N)NCCC[C@@H]1NC(=O)CNC(=O)C(c2ccccc2)SC[C@@H](C(=O)O)NC(=O)[C@H](CC(=O)O)NC(=O)CNC1=O,Integrin alpha-IIb/beta-3
CN(CCC1CCNCC1)C(=O)c1ccc2c(c1)CC(CC(=O)O)C(=O)N(C1CCCCC1)C2,Integrin alpha-IIb/beta-3
Cc1noc(C)c1S(=O)(=O)N[C@@H](CNC(=O)C1CCC2(CC1)CCN(c1ccncc1)CC2)C(=O)O,Integrin alpha-IIb/beta-3
CC1(C(=O)NC[C@H](NC(=O)OCc2ccccc2)C(=O)O)CCCn2c(CCC3CCNCC3)nnc21,Integrin alpha-IIb/beta-3
N=C(N)c1ccc2[nH]c(C(=O)NCCCC(=O)NCC(=O)O)cc2c1,Integrin alpha-IIb/beta-3
N=C(N)NCCCOc1ccc2c(c1)C(=O)N(CC(=O)O)CC2,Integrin alpha-IIb/beta-3
N=C(c1ccc(C(=O)Nc2ccc3c(c2)CC(CC(=O)O)CC3)cc1)N1CCOCC1,Integrin alpha-IIb/beta-3
CCCCCC(CC(=O)O)N1CCc2cc(OCc3ccc(C(=N)N)cc3)ccc2C1=O,Integrin alpha-IIb/beta-3
O=C(O)CN1CCC(C(=O)N2CCC3(CC2)CCN(c2ccncc2)C3)CC1,Integrin alpha-IIb/beta-3
CCC(NC(=O)c1ccc(C(=N)N)cc1)C(C)(C)C(=O)N1CCC(CC(=O)O)CC1,Integrin alpha-IIb/beta-3
N=C(N)NCCC[C@@H]1NC(=O)c2cccc(c2)CSC[C@@H](C(=O)O)NC(=O)[C@H](CC(=O)O)NC(=O)CNC1=O,Integrin alpha-IIb/beta-3
O=C(N[C@@H](Cc1c[nH]c2ccc(OCCCCC3CCNCC3)cc12)C(=O)O)c1cc(Cl)cc(Cl)c1,Integrin alpha-IIb/beta-3
N=C(N)NCCC[C@@H]1NC(=O)CNC(=O)C(c2ccc3ccccc3c2)SC[C@@H](C(=O)O)NC(=O)[C@H](CC(=O)O)NC(=O)CNC1=O,Integrin alpha-IIb/beta-3
CC(=O)N[C@@H](CCCN=C(N)N)C(=O)N[C@@H](CCCN=C(N)N)C(=O)NCC(=O)N[C@@H](CC(=O)O)C(=O)N[C@@H](Cc1ccccc1)C(N)=O,Integrin alpha-IIb/beta-3
O=C(O)CCNC1CCC2(CC1)CCN(c1ccncc1)CC2,Integrin alpha-IIb/beta-3
O=C(NC[C@@H](NS(=O)(=O)c1cccnc1)C(=O)O)c1cc2cc(CCC3CCNCC3)sc2s1,Integrin alpha-IIb/beta-3
C[C@H](CC(=O)O)NC(=O)N1CCC2(CC1)CCN(c1ccc(C(=N)N)cc1)C2=O,Integrin alpha-IIb/beta-3
N=C(N)NCCC[C@@H]1NC(=O)[C@H](Cc2ccc(O)cc2)NC(=O)CS(=O)(=O)C[C@@H](C(=O)O)NC(=O)[C@H](CC(=O)O)NC(=O)CNC1=O,Integrin alpha-IIb/beta-3
CC(=O)N[C@@H]1CSSC[C@H](C(=O)O)NC(=O)[C@@H](CC(=O)O)NC(=O)CNC(=O)[C@@H](CCCN=C(N)N)NC1=O,Integrin alpha-IIb/beta-3
CN1C(=O)c2ccccc2SSc2ccccc2NC(=O)[C@@H](CC(=O)O)NC(=O)CNC(=O)[C@H]1CCCN=C(N)N,Integrin alpha-IIb/beta-3
O=C(O)CC1CC(c2ccc(OCC3CCNCC3)cc2)=NO1,Integrin alpha-IIb/beta-3
[H][C@](CNC(=O)CNC(=O)CCCCN)(NS(=O)(=O)c1ccccc1)C(=O)O,Integrin alpha-IIb/beta-3
N=C(N)c1ccc(COc2ccc3c(c2)C(=O)N(CC(=O)O)CC3)cc1,Integrin alpha-IIb/beta-3
N/C(=NCc1ccco1)c1ccc(C(=O)Nc2ccc3c(c2)CC(CC(=O)O)CC3)cc1,Integrin alpha-IIb/beta-3
N=C(N)NCc1ccc(COc2ccc3c(c2)CCN(CC(=O)O)C3=O)cc1,Integrin alpha-IIb/beta-3
CCOC(C)SCC(=O)NCC(CCC(=O)NCCCCCC(=O)Nc1cc2cc(c1)C(=O)N[C@H](C(C)C)C(=O)N(C)[C@@H](CCCN=C(N)N)C(=O)NCC(=O)N[C@@H](CC(=O)O)C(=O)NC2)NC(=O)CSC(C)OCC.O=C(O)C(F)(F)F.O=C(O)C(F)(F)F,Integrin alpha-IIb/beta-3
CC(=O)N[C@@H]1CSSc2ccccc2NC(=O)[C@@H](CC(=O)O)NC(=O)CNC(=O)[C@@H](CCCN=C(N)N)N(C)C1=O,Integrin alpha-IIb/beta-3
Cl.O=C(NC(Cc1ccc2cc(OCCCN3CCNCC3)ccc2c1)C(=O)O)c1cccc(F)c1,Integrin alpha-IIb/beta-3
O=C(O)CC(NC(=O)C1CCCN(C(=O)CCC2CCNCC2)C1)c1cncc(-c2ccc(Cl)s2)c1,Integrin alpha-IIb/beta-3
CN(CCC1CCNCC1)C(=O)c1ccc2c(c1)CC(CC(=O)O)C(=O)N(CCc1ccc(F)cc1)C2,Integrin alpha-IIb/beta-3
C[C@H](NC(=O)c1ccc(CN=C(N)N)cc1)C(=O)N1CCC(C(=O)O)CC1,Integrin alpha-IIb/beta-3
N=C(N)c1ccc(NC(=O)CCC(=O)N[C@@H](CC(=O)O)c2cccnc2)cc1,Integrin alpha-IIb/beta-3
Cc1noc(C)c1S(=O)(=O)N[C@@H](CCC(=O)N1CCC2(CC1)C(=O)N(c1ccc(C(=N)N)cc1)C(=O)N2C)C(=O)O,Integrin alpha-IIb/beta-3
Cl.O=C(O)C(Cc1ccc2cc(OCCCN3CCNCC3)ccc2c1)NS(=O)(=O)c1ccc(F)cc1,Integrin alpha-IIb/beta-3
N=C(N)NCCC[C@H](NC(=O)OCc1ccccc1)C(=O)N[C@H]1CCN([C@@H](CC(=O)O)C(=O)N[C@@H](Cn2ccc3ccccc32)C(=O)O)C1=O.O=C(O)C(F)(F)F,Integrin alpha-IIb/beta-3
CC(C)[C@H](NC(=O)[C@H](CC(=O)O)NC(=O)[C@@H]1CCCN(C(=O)/C=C/c2ccc(NC(=N)N)cc2)C1)C(=O)O,Integrin alpha-IIb/beta-3
CCCC(=O)N[C@@H](Cc1c[nH]c2ccc(OCCN3CCNCC3)cc12)C(=O)O,Integrin alpha-IIb/beta-3
CCCCC(CC(=O)O)N1CCc2cc(OCc3ccc(C(=N)N)cc3)ccc2C1=O,Integrin alpha-IIb/beta-3
CC(C)(C(=O)N1CCC(CC(=O)O)CC1)C(/C=C/c1ccc(C(=N)N)cc1)OCc1ccccc1,Integrin alpha-IIb/beta-3
CN(c1nc(-c2ccc(C(=N)N)cc2)cs1)C1CCN(CC(=O)O)CC1,Integrin alpha-IIb/beta-3
O=C(O)CCNC(=O)c1cccc(C(=O)NCC2CCNCC2)c1,Integrin alpha-IIb/beta-3
[H][C@@]1(C(=O)N[C@H](CC(=O)O)c2cccnc2)CCCN(C(=O)CCC2CCNCC2)C1,Integrin alpha-IIb/beta-3
O=C(O)C1CCN(C(=O)N2CCC3(CC2)CCN(c2ccncc2)C3)CC1,Integrin alpha-IIb/beta-3
N=C(N)c1ccc(N2CCC3(CCN(C(=O)CC(=O)O)CC3)C2=O)cc1,Integrin alpha-IIb/beta-3
CN(CCC1CCNCC1)C(=O)c1ccc2c(c1)CC(CC(=O)O)C(=O)NC2,Integrin alpha-IIb/beta-3
O=C(O)CCc1ccc(OCCCCC2CCNCC2)cc1,Integrin alpha-IIb/beta-3
N=C(N)NCCC[C@@H]1NC(=O)CNC(=O)CSC[C@@H](C(N)=O)NC(=O)[C@H](CC(=O)O)NC(=O)CNC1=O,Integrin alpha-IIb/beta-3
CCCCOP(=O)(NC(CNC(=O)CC1CC(c2ccc(C(=N)N)cc2)=NO1)C(=O)O)OCCCC,Integrin alpha-IIb/beta-3
[H][C@]1(CC(N)=O)C(=O)N(CC(=O)O)CCN1C(=O)CNC(=O)c1ccc(C(=N)N)cc1,Integrin alpha-IIb/beta-3
N=C(N)c1ccc(N2CCN(c3ccc(CCC(=O)O)cc3)CC2)cc1,Integrin alpha-IIb/beta-3
N=C(c1ccc(C(=O)Nc2ccc3c(c2)C[C@@H](CC(=O)O)CO3)cc1)N1CCOCC1,Integrin alpha-IIb/beta-3
CC(=O)N[C@@H]1CSSC(C)(C)[C@H](C(N)=O)NC(=O)[C@@H](CC(=O)O)N(C)C(=O)CNC(=O)[C@@H](CCCN=C(N)N)NC1=O,Integrin alpha-IIb/beta-3
O=C(O)COc1ccc(C(=O)N2CCC3(CC2)CCN(c2ccncc2)C3)cc1,Integrin alpha-IIb/beta-3
C#C[C@H](CC(=O)OCC)NC(=O)CCC(=O)Nc1ccc(C(=N)N)cc1,Integrin alpha-IIb/beta-3
[H][C@@](Cc1ccc(OCCCNC(C)(C)C)cc1)(NC(=O)OC(C)(C)C)C(=O)O,Integrin alpha-IIb/beta-3
N=C(N)c1ccc(N2CC3(CCN(C(=O)CCCC(=O)O)CC3)NC2=O)cc1,Integrin alpha-IIb/beta-3
C=CCC(CC(=O)O)NC(=O)CCC(=O)Nc1ccc(C(=N)N)cc1,Integrin alpha-IIb/beta-3
[H][C@@]1([C@@H](C)O)NC(=O)C[S+]([O-])C[C@@H](C(=O)O)NC(=O)[C@H](CC(=O)O)NC(=O)CNC(=O)[C@H](CCCN=C(N)N)NC1=O,Integrin alpha-IIb/beta-3
O=C(N[C@@H](Cc1c[nH]c2ccc(OCCCN3CCNCC3)cc12)C(=O)O)c1ccccc1,Integrin alpha-IIb/beta-3
CN1C(=O)N(c2ccc(C(=N)N)cc2)CC12CCN(C(=O)NCCC(=O)O)CC2,Integrin alpha-IIb/beta-3
[H][C@@]1(C(=O)NCCC(=O)O)CCCN(C(=O)[C@H](CCCCN)NC(=O)OC(C)(C)C)C1,Integrin alpha-IIb/beta-3
N=C(N)c1ccc2[nH]cc(C(=O)NCCCCCCC(=O)O)c2c1,Integrin alpha-IIb/beta-3
CCCC(=O)N[C@@H](Cc1c[nH]c2ccc(OCCCN3CCN(C)CC3)cc12)C(=O)O,Integrin alpha-IIb/beta-3
CCCCS(=O)(=O)N[C@@H](CNC(=O)CC1CC(CCC2CCNCC2)=NO1)C(=O)O.O=C(O)C(F)(F)F,Integrin alpha-IIb/beta-3
[H][C@@](CC(=O)OC)(NC(=O)[C@]1([H])CCCN(C(=O)CCC2CCNCC2)C1)c1cccnc1,Integrin alpha-IIb/beta-3
COC(=O)COc1ccc(C[C@H](C)NS(=O)(=O)c2ccc(C(=N)N)cc2)cc1,Integrin alpha-IIb/beta-3
C[C@@H](CC(=O)O)NC(=O)C1CCC2(CC1)CCN(c1ccncc1)CC2,Integrin alpha-IIb/beta-3
O=C(O)CC(NC(=O)C1CCCN(C(=O)CCC2CCNCC2)C1)c1cncc(-c2ccc3ccccc3c2)c1,Integrin alpha-IIb/beta-3
Cc1nc(NC(=O)c2ccc(C(=N)N)cc2)sc1CCC(=O)O,Integrin alpha-IIb/beta-3
[H][C@@](CNC(=O)c1ccc2c(c1)C(=O)N(CCC1CCNCC1)C2)(NS(=O)(=O)c1cccnc1)C(=O)O,Integrin alpha-IIb/beta-3
C=CCCOC(=O)N[C@@H](CNC(=O)CC1CC(c2ccc(C(=N)N)cc2)=NO1)C(=O)O.O=C(O)C(F)(F)F,Integrin alpha-IIb/beta-3
CCCC(=O)N[C@@H](Cc1c[nH]c2ccc(OCCCN3CCNCC3)cc12)C(=O)O,Integrin alpha-IIb/beta-3
O=C(NC(C(=O)O)C1CC(c2ccc(OCCC3CCNCC3)cc2)=NO1)OCc1ccccc1,Integrin alpha-IIb/beta-3
CC(=O)N[C@@H]1CSSC(C)(C)[C@H](C(N)=O)NC(=O)[C@H](CC(=O)O)NC(=O)CNC(=O)[C@H](CCCN=C(N)N)NC(=O)CNC1=O,Integrin alpha-IIb/beta-3
[H][C@@](CNC(=O)c1ccc(CCC2CCCCN2)cc1)(NS(=O)(=O)c1ccccc1)C(=O)O,Integrin alpha-IIb/beta-3
Cn1c(C(=O)NCCCCCCC(=O)O)cc2cc(C(=N)N)ccc21,Integrin alpha-IIb/beta-3
CC(=O)N[C@@H]1CSSC(C)(C)[C@H](C(N)=O)NC(=O)[C@@H](CC(=O)O)NC(=O)CNC(=O)[C@@H](CCCN=C(N)N)N(C)C(=O)CNC1=O,Integrin alpha-IIb/beta-3
CCN(CC(=O)N[C@@H](CC(=O)O)C(=O)N[C@H](C(=O)O)C(C)C)C(=O)CCCCC1CCNCC1,Integrin alpha-IIb/beta-3
[H][C@@](NC(=O)c1ccc(C(=N)N)cc1)(C(C)C)C(C)(C)C(=O)N1CCC(CC(=O)O)CC1,Integrin alpha-IIb/beta-3
N=C(N)c1ccc(C2=NOC(CC(=O)NC[C@H](NC(=O)OCc3ccccc3)C(=O)O)C2)cc1.O=C(O)C(F)(F)F,Integrin alpha-IIb/beta-3
CC/N=C(N)c1ccc(N2CCC3(CCN(C(=O)CCCC(=O)O)CC3)C2=O)cc1,Integrin alpha-IIb/beta-3
[H][C@@](Cc1ccc(OCCCc2ccccc2)cc1)(NC(=O)OCc1ccccc1)C(=O)O,Integrin alpha-IIb/beta-3
Cc1cccc(S(=O)(=O)N[C@@H](CNC(=O)C[C@H]2CC(c3ccc(C(=N)N)cc3)=NO2)C(=O)O)c1.O=C(O)C(F)(F)F,Integrin alpha-IIb/beta-3
N=C(N)NCCC[C@@H]1NC(=O)CNC(=O)CCSC[C@@H](C(=O)O)NC(=O)[C@H](CC(=O)O)NC(=O)CNC1=O,Integrin alpha-IIb/beta-3
COC(=O)CC(NC(=O)CNC12CC3CC(C1)CC(NC(=O)C(CCCCN)NC(=O)OCC1c4ccccc4-c4ccccc41)(C3)C2)C(=O)NC(C(=O)OC)C(C)C,Integrin alpha-IIb/beta-3
N=C(N)NCCCCCCCC(=O)N[C@@H](CC(=O)O)C(=O)N[C@@H](Cc1ccccc1)C1N=NN=N1,Integrin alpha-IIb/beta-3
N=C(N)c1ccc(C(=O)N[C@@H](CC(=O)N2CCC(CC(=O)O)CC2)C(=O)Oc2ccccc2)cc1,Integrin alpha-IIb/beta-3
CN1C(=O)[C@@H](N)CSSC(C)(C)[C@H](C(N)=O)NC(=O)[C@H](CC(=O)O)NC(=O)CNC(=O)[C@@H]1CCCN=C(N)N,Integrin alpha-IIb/beta-3
O=C(NCCCNC1CCCCC1)c1cnn(-c2nc(-c3cccc(C(F)(F)F)c3)cs2)c1C(F)(F)F.O=C(O)C(=O)O,Integrin alpha-IIb/beta-3
O=C(N[C@@H](Cc1c[nH]c2ccc(OCCCCC3CCNCC3)cc12)C(=O)O)c1ccc([N+](=O)[O-])cc1,Integrin alpha-IIb/beta-3
CC(=O)N[C@@H]1CSSC(C)(C)[C@H](C(N)=O)NC(=O)[C@@H](CC(N)=O)NC(=O)CNC(=O)[C@@H](CCCN=C(N)N)N(C)C1=O,Integrin alpha-IIb/beta-3
CCCCOC(=O)N[C@H](CNC(=O)C[C@H]1CC(c2ccc(C(=N)N)cc2)=NO1)C(=O)O.Cl,Integrin alpha-IIb/beta-3
O=C(N[C@@H](CCC(=O)N1CCC2(CC1)CCN(c1ccncc1)C2)C(=O)O)OCc1ccccc1,Integrin alpha-IIb/beta-3
[H][C@@]1(C(=O)N[C@@H](CC(=O)O)Cc2ccccc2)CCCN(C(=O)CCC2CCNCC2)C1,Integrin alpha-IIb/beta-3
CC(C)[C@@H]1NC(=O)C[S+]([O-])C[C@@H](C(=O)O)NC(=O)[C@H](CC(=O)O)NC(=O)CNC(=O)[C@H](CCCN=C(N)N)NC1=O,Integrin alpha-IIb/beta-3
O=C(O)C(Cc1c[nH]c2ccc(OCCCCC3CCNCC3)cc12)NS(=O)(=O)c1ccc(Br)cc1,Integrin alpha-IIb/beta-3
O=C(O)CC(=O)N1CCCN(C(=O)N2CCC3(CC2)CCN(c2ccncc2)C3)CC1,Integrin alpha-IIb/beta-3
N=C(N)c1ccc2[nH]c(C(=O)NCc3ccc(CCC(=O)O)cc3)cc2c1,Integrin alpha-IIb/beta-3
[H][C@](CNC(=O)CNC(=O)CCCCCCN)(NS(=O)(=O)c1ccccc1)C(=O)O,Integrin alpha-IIb/beta-3
[H][C@]1(Cc2ccccc2)C(=O)N(CC(=O)O)CCN1C(=O)CNC(=O)c1ccc(C(=N)N)cc1,Integrin alpha-IIb/beta-3
CC(=O)N[C@@H]1CSSC(C)(C)[C@H](C(N)=O)NC(=O)[C@@H](CC(=O)O)NC(=O)CNC(=O)[C@@H](CCCCN)NC1=O,Integrin alpha-IIb/beta-3
CN(C[C@@H](C(=O)O)N(C)C(=O)OCc1ccccc1)C(=O)CC1CC(c2ccc(C(=N)N)cc2)=NO1.O=C(O)C(F)(F)F,Integrin alpha-IIb/beta-3
O=C(NCCCN1CCCC1=O)c1cnn(-c2nc(-c3cccc(C(F)(F)F)c3)cs2)c1C(F)(F)F,Integrin alpha-IIb/beta-3
C=CC/N=C(N)c1ccc(C(=O)Nc2ccc3c(c2)CC(CC(=O)O)CC3)cc1,Integrin alpha-IIb/beta-3
CC(=O)N[C@@H](CCCN=C(N)N)C(=O)NCC(=O)N[C@@H](CC(=O)O)C(=O)N[C@H](C(N)=O)c1ccc2ccccc2c1,Integrin alpha-IIb/beta-3
CC(C)[C@H]1NC(=O)c2cc(cc(NC(=O)CCCCCNC(=O)c3ccc(CN(CCSC(c4ccccc4)(c4ccccc4)c4ccccc4)CC(=O)NCCSC(c4ccccc4)(c4ccccc4)c4ccccc4)cc3)c2)CNC(=O)[C@H](CC(=O)O)NC(=O)CNC(=O)[C@H](CCCN=C(N)N)N(C)C1=O.O=C(O)C(F)(F)F,Integrin alpha-IIb/beta-3
CC(C)[C@@H](CC(=O)N1CCC(CC(=O)O)CC1)NC(=O)c1ccc(C(=N)N)cc1,Integrin alpha-IIb/beta-3
N=C(N)c1ccc(C(=O)N2CCC[C@H]2C(=O)N2CCC(OCC(=O)O)CC2)cc1,Integrin alpha-IIb/beta-3
O=C(O)CCNC(=O)c1ccc2c(c1)C(=O)C(CCC1CCNCC1)C2,Integrin alpha-IIb/beta-3
Cl.N=C(N)c1ccc(COc2ccc3cc(CC(NC(=O)c4cccc(F)c4)C(=O)O)ccc3c2)cc1,Integrin alpha-IIb/beta-3
CCN(CC(=O)N[C@@H](CC(=O)O)C(=O)N[C@H](C(=O)O)C(C)C)C(=O)CCCCCN=C(N)N,Integrin alpha-IIb/beta-3
CC(=O)N[C@@H](CCCNC(N)=O)C(=O)NCC(=O)N[C@@H](CC(=O)O)C(=O)N[C@@H](CO)C(N)=O,Integrin alpha-IIb/beta-3
CC(=O)N[C@@H]1CSSC(C)(C)[C@H](C(N)=O)NC(=O)[C@@H](CC(=O)O)NC(=O)CNC(=O)[C@@H](CCCCN=C(N)N)NC1=O,Integrin alpha-IIb/beta-3
Cn1c2c(s/c1=NC(=O)c1ccc(C(=N)N)cc1)C(=O)N(CCC(=O)O)C2,Integrin alpha-IIb/beta-3
O=C(O)CC1CCN(C(=O)N2CCC3(CC2)CCN(c2ccncc2)C3)CC1,Integrin alpha-IIb/beta-3
N=C(N)c1cc(F)c(C(=O)Nc2ccc3c(c2)CCC(CC(=O)O)C3=O)c(F)c1,Integrin alpha-IIb/beta-3
CC(C)[C@H](NC(=O)[C@H](CC(=O)O)NC(=O)CNC(=O)CCCCN=C(N)N)C(=O)O,Integrin alpha-IIb/beta-3
COC(=O)CC[C@H]1C(=O)N(CC(=O)O)CCN1C(=O)CNC(=O)c1ccc(CCN(C)C)cc1,Integrin alpha-IIb/beta-3
COCCCC(CC(=O)O)N1CCc2cc(OCc3ccc(C(=N)N)cc3)ccc2C1=O,Integrin alpha-IIb/beta-3
NC(=O)CC[C@H]1NC(=O)CSC[C@@H](C(=O)O)NC(=O)[C@H](CC(=O)O)NC(=O)CNC(=O)[C@H](CCCN=C(N)N)NC1=O,Integrin alpha-IIb/beta-3
N=C(N)c1ccc(COc2ccc3c(c2)CCC(CC(=O)O)C3=O)cc1,Integrin alpha-IIb/beta-3
CCCCS(=O)(=O)N[C@@H](CNC(=O)CCNC(=O)c1ccc2c(c1)CNCC2)C(=O)O.Cl,Integrin alpha-IIb/beta-3
[H][C@@](CNC(=O)c1ccc(OCCCN)cc1)(NS(=O)(=O)c1ccccc1)C(=O)O,Integrin alpha-IIb/beta-3
[H][C@@](CNC(=O)c1cc2sc(CCC3CCNCC3)cc2s1)(NS(=O)(=O)CCOCC)C(=O)O,Integrin alpha-IIb/beta-3
COc1ccccc1-c1cncc(C(CC(=O)O)NC(=O)C2CCCN(C(=O)CCC3CCNCC3)C2)c1,Integrin alpha-IIb/beta-3
Cc1ccc(-c2cncc(C(CC(=O)O)NC(=O)C3CCCN(C(=O)CCC4CCNCC4)C3)c2)cc1,Integrin alpha-IIb/beta-3
CC(C)[C@H]1NC(=O)c2cc(cc(NC(=O)CCCCCNC(=O)c3ccc(NN)nc3)c2)CNC(=O)[C@H](CC(=O)O)NC(=O)CNC(=O)[C@H](CCCN=C(N)N)N(C)C1=O.O=C(O)C(F)(F)F.O=C(O)C(F)(F)F,Integrin alpha-IIb/beta-3
N=C(N)c1ccc(CC(=O)NCC(=O)N2CCN(CC(=O)O)C(=O)[C@@H]2CC(=O)O)cc1,Integrin alpha-IIb/beta-3
CC(C)C[C@H](NC(=O)[C@H](CC(=O)O)N1CC[C@H](NC(=O)[C@H](CCCN=C(N)N)NC(=O)OCc2ccccc2)C1=O)C(=O)O.O=C(O)C(F)(F)F,Integrin alpha-IIb/beta-3
O=C(O)[C@H](Cc1c[nH]c2ccc(OCCCCC3CCNCC3)cc12)NS(=O)(=O)c1ccccc1,Integrin alpha-IIb/beta-3
O=C(O)c1cccc(-c2nn3c(=O)cc(N4CCNCC4)nc3s2)c1,Integrin alpha-IIb/beta-3
Cc1ccc(S(=O)(=O)N[C@@H](CNC(=O)N2CCC3(CC2)CCN(c2ccc(C(=N)N)cc2)C3=O)C(=O)O)cc1,Integrin alpha-IIb/beta-3
[H][C@](CC(C)C)(NC(=O)c1ccc(C(=N)N)cc1)C(C)(C)C(=O)N1CCC(CC(=O)O)CC1,Integrin alpha-IIb/beta-3
CC(CC(=O)O)NC(=O)N1CCC2(CC1)CCN(c1ccc(C(=N)N)cc1)C2=O,Integrin alpha-IIb/beta-3
Cl.N=C(N)c1ccc(COc2ccc3cc(CC(NC(=O)c4ccc([N+](=O)[O-])cc4)C(=O)O)ccc3c2)cc1,Integrin alpha-IIb/beta-3
N=C(N)c1ccc(C2=NOC(CC(=O)NC[C@H](NS(=O)(=O)c3cccc4cccnc34)C(=O)O)C2)cc1.O=C(O)C(F)(F)F,Integrin alpha-IIb/beta-3
Cc1c(C(=O)NCCC(=O)O)s/c(=NC(=O)c2ccc(C(=N)N3CCC4(CC3)OCCO4)cc2)n1C,Integrin alpha-IIb/beta-3
CN(CCC1CCNCC1)C(=O)c1ccc2c(c1)NC(CC(=O)O)C(=O)N(CCc1ccccc1)C2,Integrin alpha-IIb/beta-3
N=C(N)c1ccc2[nH]c(C(=O)NCC(=O)NCCCC(=O)O)cc2c1,Integrin alpha-IIb/beta-3
COC(=O)COc1ccc(C(=O)CN(C)C(=O)c2ccc(C(=N)NO)cc2)cc1OCC(=O)OC,Integrin alpha-IIb/beta-3
[H][C@@](Cc1ccc(OCCCCCCN)cc1)(NC(=O)Cc1ccccc1)C(=O)O,Integrin alpha-IIb/beta-3
CC(C)(C)C[C@@H]1NC(=O)CSC[C@@H](C(=O)O)NC(=O)[C@H](CC(=O)O)NC(=O)CNC(=O)[C@H](CCCN=C(N)N)NC1=O,Integrin alpha-IIb/beta-3
Cl.O=C(NC(Cc1ccc2cc(OCCCN3CCNCC3)ccc2c1)C(=O)O)c1ccc([N+](=O)[O-])cc1,Integrin alpha-IIb/beta-3
CC(C)C[C@@H]1NC(=O)CSC[C@@H](C(=O)O)NC(=O)[C@H](CC(=O)O)NC(=O)CNC(=O)[C@H](CCCN=C(N)N)NC1=O,Integrin alpha-IIb/beta-3
Cl.Cl.O=C(Nc1ccc2nc(N3CCNCC3)[nH]c(=O)c2c1)C1CCNCC1,Integrin alpha-IIb/beta-3
O=C(O)C[C@H](NC(=O)C1CCCn2c(/C=C/C3CCNCC3)nnc21)c1cnc2ccccc2c1,Integrin alpha-IIb/beta-3
N=C(N)c1ccc(COc2ccc3c(c2)CCN(CCC(=O)O)C3=O)cc1,Integrin alpha-IIb/beta-3
O=C(O)CC1CCc2cc(NC(=O)/C=C/C3CCNCC3)ccc2C1=O,Integrin alpha-IIb/beta-3
CCCCOC(=O)N[C@H](CCNC(=O)CC1CC(CC2CCNCC2)=NO1)C(=O)O.O=C(O)C(F)(F)F,Integrin alpha-IIb/beta-3
Cl.O=C(O)C(Cc1ccc2cc(OCCCCN3CCNCC3)ccc2c1)NS(=O)(=O)c1ccc(Br)cc1,Integrin alpha-IIb/beta-3
C=CCOP(=O)(NC(CNC(=O)CC1CC(c2ccc(C(=N)N)cc2)=NO1)C(=O)O)OCC=C,Integrin alpha-IIb/beta-3
CC(CC(=O)O)N1CCC(C(=O)N2CCC3(CC2)CCN(c2ccncc2)C3)CC1,Integrin alpha-IIb/beta-3
[H][C@](/C=C/C)(NC(=O)c1ccc(C(=N)N)cc1)C(C)(C)C(=O)N1CCC(CC(=O)O)CC1,Integrin alpha-IIb/beta-3
[H][C@@](CC(=O)O)(NC(=O)[C@]1([H])CCCN(C(=O)CCC2CCNCC2)C1)c1cncc(C#C)c1,Integrin alpha-IIb/beta-3
CCOC(=O)CN1CCN(CC2CN(c3ccc(C(=N)NC(=O)c4ccco4)cc3)C(=O)O2)CC1,Integrin alpha-IIb/beta-3
O=C(O)CC(NC(=O)C1CCCN(C(=O)CCC2CCNCC2)C1)c1cncc(-c2ccsc2)c1,Integrin alpha-IIb/beta-3
O=C(O)[C@H](Cc1c[nH]c2ccc(OCCCN3CCNCC3)cc12)NS(=O)(=O)c1ccccc1,Integrin alpha-IIb/beta-3
O=C(O)CCCC(=O)N1CCC2(CCC(C(=O)N3CCC(C4CCNCC4)CC3)CC2)CC1,Integrin alpha-IIb/beta-3
N=C(N)NCCCCCCCC(=O)N[C@@H](CC(=O)O)C(=O)NCCc1ccccc1,Integrin alpha-IIb/beta-3
N=C(N)c1ccc(N2C(=O)NC3(CCN(C(=O)CCCC(=O)O)CC3)C2=O)cc1,Integrin alpha-IIb/beta-3
CCCCOC(=O)N[C@@H](CNC(=O)CC1CC(c2ccc(C(=N)N)cc2)=NO1)C(=O)O,Integrin alpha-IIb/beta-3
O=C(O)CC(NC(=O)C1CCCN(C(=O)CCC2CCNCC2)C1)c1cccnc1,Integrin alpha-IIb/beta-3
CC(C)(C)OC(=O)CCN1CCN(CC2CN(c3ccc(C(=N)NC(=O)c4ccccc4)cc3)C(=O)O2)CC1,Integrin alpha-IIb/beta-3
N=C(N)NCCC[C@H](NC(=O)OCc1ccccc1)C(=O)N[C@@H]1CCN([C@@H](CC(=O)O)C(=O)N[C@@H](Cc2ccccc2)C(=O)O)C1=O.O=C(O)C(F)(F)F,Integrin alpha-IIb/beta-3
NCCCCCCCNC(=O)c1cnn(-c2nc(-c3cccc(C(F)(F)F)c3)cs2)c1C(F)(F)F,Integrin alpha-IIb/beta-3
CN(CCC1CCNCC1)C(=O)c1ccc2c(c1)CC(CC(=O)O)C(=O)N(C)C2,Integrin alpha-IIb/beta-3
CCOC(=O)CC1CCN(C(=O)C(C)(C)C(CC)NC(=O)c2ccc(C(=N)N3CCN(c4ccc(F)cc4)CC3)cc2F)CC1,Integrin alpha-IIb/beta-3
[H][C@]1(CCC(=O)OC)C(=O)N(CC(=O)O)CCN1C(=O)CNC(=O)c1ccc(C(=N)N)cc1,Integrin alpha-IIb/beta-3
N=C(N)c1ccc(COc2ccc3c(c2)CCN(C(CC(=O)O)c2ccccc2)C3=O)cc1,Integrin alpha-IIb/beta-3
CN(C(=O)c1ccccc1)C(CCCN=C(N)N)C(=O)NCC1=CC(CC(=O)O)C(=O)N(c2ccccc2)CC1,Integrin alpha-IIb/beta-3
COP(=O)(O)[C@@H](CNC(=O)c1ccc(OCCC2CCNCC2)cc1)NS(=O)(=O)c1ccccc1,Integrin alpha-IIb/beta-3
CN(CC(=O)N1CCC(CC(=O)O)CC1)C(=O)c1ccc(C(=N)N)cc1,Integrin alpha-IIb/beta-3
O=C(O)C[C@H](NC(=O)[C@@H]1CCCN(C(=O)CCC2CCNCC2)C1)c1cc(F)cc(-c2ccc(OCCF)cc2)c1,Integrin alpha-IIb/beta-3
C[C@H](NC(=O)c1ccc(NC(=N)N)cc1)C(=O)N1CCC(CC(=O)O)CC1,Integrin alpha-IIb/beta-3
CC(C)(C(=O)N1CCC(CC(=O)O)CC1)C(NC(=O)c1ccc(C(=N)N)cc1)c1ccccc1,Integrin alpha-IIb/beta-3
C#C[C@H](CC(=O)O)NC(=O)CN1CCC[C@@H](CCc2ccnc(N)c2)C1=O,Integrin alpha-IIb/beta-3
N=C(N)c1ccc(C2=NOC(CC(=O)NC[C@H](NS(=O)(=O)c3cccc4nsnc34)C(=O)O)C2)cc1.O=C(O)C(F)(F)F,Integrin alpha-IIb/beta-3
CC(C)OC(=O)OC(C)OC(=O)COC1CCN(C(=O)[C@H](C)NC(=O)c2ccc(C(=N)NO)cc2)CC1,Integrin alpha-IIb/beta-3
C[C@H](CC(=O)O)N1CC(=O)N(C)c2ccc(C#Cc3ccc(C(=N)N)cc3)cc2C1=O,Integrin alpha-IIb/beta-3
CC(=O)N(C)[C@H]1CSSC(C)(C)[C@H](C(N)=O)NC(=O)[C@@H](CC(=O)O)NC(=O)CNC(=O)[C@@H](CCCN=C(N)N)NC1=O,Integrin alpha-IIb/beta-3
CCC(NC(=O)c1ccc(C(=N)N)cc1F)C(C)(C)C(=O)N1CCC(CC(=O)O)CC1,Integrin alpha-IIb/beta-3
CN1C(=O)N(c2ccc(C(=N)N)cc2)C(=O)C12CCN(C(=O)NC(CC(=O)O)c1ccccc1)CC2,Integrin alpha-IIb/beta-3
N=C(N)c1ccc(C(=O)NCCC(=O)N[C@@H](CC(=O)O)C(=O)N[C@H](Cc2ccc(O)cc2)C(=O)O)cc1,Integrin alpha-IIb/beta-3
CC(C)(/C=C/C(=O)c1ccc(C(=N)N)cc1)C(=O)N1CCC(CC(=O)O)CC1,Integrin alpha-IIb/beta-3
N=C(N)c1ccc(N2CCN(c3ccc(OCCCC(=O)O)cc3)CC2)cc1,Integrin alpha-IIb/beta-3
N=C(N)c1ccc(C2=NOC(CC(=O)NC[C@H](NS(=O)(=O)Cc3ccccc3)C(=O)O)C2)cc1.O=C(O)C(F)(F)F,Integrin alpha-IIb/beta-3
[H][C@@]1(C(=O)NCC(O)C(=O)O)CCCN(C(=O)CCC2CCNCC2)C1,Integrin alpha-IIb/beta-3
Cl.O=C(NC(Cc1ccc2cc(OCCCN3CCNCC3)ccc2c1)C(=O)O)c1ccc(F)cc1,Integrin alpha-IIb/beta-3
CC(C)[C@@H]1NC(=O)c2ccc(s2)CNC(=O)[C@H](CC(=O)O)NC(=O)CNC(=O)[C@H](CCCN=C(N)N)N(C)C1=O,Integrin alpha-IIb/beta-3
N=C(N)c1ccc(NC(=O)c2ccc3c(c2)N[C@@H](CC(=O)O)C(=O)N(CCc2ccccc2)C3)cc1,Integrin alpha-IIb/beta-3
COP(=O)(OC)[C@H](CNC(=O)c1ccc(OCCC2CCNCC2)cc1)NS(=O)(=O)c1ccccc1,Integrin alpha-IIb/beta-3
COc1cccc(-c2cncc(C(CC(=O)O)NC(=O)C3CCCN(C(=O)CCC4CCNCC4)C3)c2)c1,Integrin alpha-IIb/beta-3
O=C(CN1CCc2ccc(N3CCNCC3)cc2C1=O)NC[C@H](NS(=O)(=O)c1ccccc1)C(=O)O,Integrin alpha-IIb/beta-3
CC(=O)N[C@H](CCCN=C(N)N)C(=O)NCC(=O)N[C@@H](CC(=O)O)C(=O)N[C@@H](CO)C(N)=O,Integrin alpha-IIb/beta-3
N=C(N)c1ccc(C2=NO[C@@H](CC(=O)N[C@@H](CC(=O)O)c3cccnc3)C2)cc1.O=C(O)C(F)(F)F,Integrin alpha-IIb/beta-3
N=C(N)N1CCN(c2ccc(C(=O)NC[C@H](NS(=O)(=O)c3c(O)ccc4ccccc34)C(=O)O)cc2[N+](=O)[O-])CC1,Integrin alpha-IIb/beta-3
NCc1ccc(C(=O)NCC(=O)N2CCN(CC(=O)O)C(=O)[C@@H]2CC(=O)O)cc1,Integrin alpha-IIb/beta-3
O=C(O)CCC(=O)N1CCN(C(=O)N2CCC3(CC2)CCN(c2ccncc2)C3)CC1,Integrin alpha-IIb/beta-3
O=C(O)COc1cc(OCC(=O)O)cc(C(=O)CNC(=O)c2cc3c(s2)CCNC3)c1,Integrin alpha-IIb/beta-3
O=C(O)C[C@H](NC(=O)[C@@H]1CCCN(C(=O)CCC2CCNCC2)C1)c1cncc(-c2cccc(OCCF)c2)c1,Integrin alpha-IIb/beta-3
CC(NC(=O)c1ccc(C(=N)N)cc1)C(C)(C)C(=O)N1CCC(CC(=O)O)CC1,Integrin alpha-IIb/beta-3
CC(C)C[C@H](NC(=O)[C@H](CC(=O)O)NC(=O)CNC(=O)[C@H](CCCN=C(N)N)NC(=O)CN)C(=O)O,Integrin alpha-IIb/beta-3
COc1ccc(S(=O)(=O)NC(Cc2ccc3cc(OCCCN4CCNCC4)ccc3c2)C(=O)O)cc1.Cl,Integrin alpha-IIb/beta-3
N=C(N)NCCCCCOc1ccc2c(c1)CCN(CC(=O)O)C2=O,Integrin alpha-IIb/beta-3
N=C(N)c1ccc(NC(=O)CCC(=O)NC(CC(=O)O)c2cnc3ccccc3c2)cc1,Integrin alpha-IIb/beta-3
O=C(O)CCNC(=O)c1cncc(C(=O)NCCC2CCNCC2)c1,Integrin alpha-IIb/beta-3
N=C(N)c1ccc(N2CCC3(CCN(C(=O)CC(CC(=O)O)c4ccccc4)CC3)C2=O)cc1,Integrin alpha-IIb/beta-3
CC(C)CNC(=O)[C@@H](CCCNC(=O)Cc1ccc(C(=N)N)cc1)CC(=O)O,Integrin alpha-IIb/beta-3
C[C@@H](CC(=O)O)N1CC(=O)N(C)c2c(Cl)cc(C#Cc3ccc(C(=N)N)cc3)cc2C1=O,Integrin alpha-IIb/beta-3
Cl.NCCCCNC(=O)c1cnn(-c2nc(-c3cccc(C(F)(F)F)c3)cs2)c1C(F)(F)F,Integrin alpha-IIb/beta-3
[H][C@@](CC(=O)O)(Cc1ccc(OCCCC2CCNCC2)cc1)NC(=O)OCc1ccccc1,Integrin alpha-IIb/beta-3
O=C(O)CC1Nc2ccc(C(=O)N3CCC(C4CCNCC4)CC3)cc2CN(CCc2ccccc2)C1=O,Integrin alpha-IIb/beta-3
CN1Cc2cc(C(=O)N3CCC(C4CCNCC4)CC3)ccc2NC(CC(=O)O)C1=O,Integrin alpha-IIb/beta-3
CC(C)[C@@H]1NC(=O)c2cccc(n2)CNC(=O)[C@H](CC(=O)O)NC(=O)CNC(=O)[C@H](CCCN=C(N)N)N(C)C1=O,Integrin alpha-IIb/beta-3
CC(=O)N[C@@H](CCCN=C(N)N)C(=O)NCC(=O)N[C@@H](CC(=O)O)C(=O)N[C@H](CO)C(N)=O,Integrin alpha-IIb/beta-3
[H][C@@](CC(=O)O)(NC(=O)[C@]1([H])CCCN(C(=O)CCC2CCNCC2)C1)c1cncc(Br)c1,Integrin alpha-IIb/beta-3
[H][C@](CCC)(NC(=O)c1ccc(C(=N)N)cc1)C(C)(C)C(=O)N1CCC(CC(=O)O)CC1,Integrin alpha-IIb/beta-3
Cl.Cl.NCC[C@H](NC(=O)OCc1ccccc1)C(=O)Nc1ccc2nc(N3CCNCC3)[nH]c(=O)c2c1,Integrin alpha-IIb/beta-3
[H][C@@](Cc1ccc(OCCCCN2CCNCC2)cc1)(NC(=O)OCc1ccccc1)C(=O)O,Integrin alpha-IIb/beta-3
CC(C)(Oc1ccc(CCNS(=O)(=O)c2ccc(C(=N)N)cc2)cc1)C(=O)O,Integrin alpha-IIb/beta-3
[H][C@@](Cc1ccc(OCCCCC2CCNCC2)cc1)(NS(=O)(=O)c1cccs1)C(=O)O,Integrin alpha-IIb/beta-3
COc1ccc(CCNC(=O)C(CC(=O)O)NC(=O)CCCCCCCN=C(N)N)cc1,Integrin alpha-IIb/beta-3
N=C(N)NCCC[C@@H]1NC(=O)[C@H](Cc2c[nH]cn2)NC(=O)CSC[C@@H](C(=O)O)NC(=O)[C@H](CC(=O)O)NC(=O)CNC1=O,Integrin alpha-IIb/beta-3
[H][C@](CC)(NC(=O)c1ccc(C(=N)N2CCC(O)CC2)cc1F)C(C)(C)C(=O)N1CCC(CC(=O)O)CC1,Integrin alpha-IIb/beta-3
N=C(N)NCCCOc1ccc2c(c1)CCN(CC(=O)O)C2=O,Integrin alpha-IIb/beta-3
CS(=O)(=O)O.Cc1noc(C)c1S(=O)(=O)N[C@@H](CNC(=O)C[C@@H]1CC(c2ccc(C(=N)N)cc2)=NO1)C(=O)O,Integrin alpha-IIb/beta-3
O=C(O)[C@H](Cc1c[nH]c2ccc(OCCCCC3CCNCC3)cc12)NS(=O)(=O)c1ccc([N+](=O)[O-])cc1,Integrin alpha-IIb/beta-3
[H][C@@](CNC(=O)c1cc2sc(CCC3CCNCC3)cc2s1)(NS(C)(=O)=O)C(=O)O,Integrin alpha-IIb/beta-3
