smiles,targetname
O=C(O)Cc1ccc2c(c1)C(SCCN1CCC(Cc3ccccc3)CC1)c1ccccc1CO2,Histamine H1 receptor
Cn1c(NCCCN2CCC(Oc3ccc(Cl)c(Cl)c3)CC2)cc(=O)n(C)c1=O,Histamine H1 receptor
CCN1CC[C@@](O)(c2ccccc2)[C@H](C(=O)c2ccccc2)C1,Histamine H1 receptor
CCCCCn1c(NC2CCN(CCc3ccccc3)CC2)nc2ccccc21,Histamine H1 receptor
Oc1nc2ccccc2n1CCCN1CCC(Nc2nc3ccccc3n2Cc2ccccc2)CC1,Histamine H1 receptor
c1ccc2c3c([nH]c2c1)CN1CCNCC1C3,Histamine H1 receptor
CCn1c(NC2CCN(C/C=C/c3ccccc3)CC2)nc2ccccc21,Histamine H1 receptor
CN(C)CCCC1CN(C)C(=S)c2cccnc2O1,Histamine H1 receptor
C[C@H](c1ccccc1)N1CCC(=C2c3ccc(Cl)cc3CCc3cccnc32)CC1,Histamine H1 receptor
CC(=O)N1CCN(C2c3ccc(Cl)cc3CCc3cccnc32)C[C@@H]1C,Histamine H1 receptor
Cc1ccc(C(CCc2nc(CCN)c[nH]2)c2ccccc2)cc1,Histamine H1 receptor
NCCc1c[nH]c(-c2cccc(OC(F)(F)F)c2)n1,Histamine H1 receptor
CNCC(O)CN1c2ccccc2C2CCCCC21,Histamine H1 receptor
O=C(NCCN1CCN2Cc3[nH]c4ccccc4c3CC2C1)c1ccccc1Cl,Histamine H1 receptor
CN1CCC2=C(C1)C(c1ccccc1)c1ccccc12,Histamine H1 receptor
O=c1cc(-c2ccccc2)c2ccc(OCC(O)CN3CCN(c4ccccc4)CC3)cc2o1,Histamine H1 receptor
O=C([O-])c1ccc2c(c1)C(SCCN1CCC(Cc3ccccc3)CC1)c1ccccc1CO2.[Na+],Histamine H1 receptor
O=C1c2ccccc2C(=O)N1CCCN1CCC(=C2c3ccc(Cl)cc3CCc3cccnc32)CC1,Histamine H1 receptor
NCCCCCCCCCCc1cccnc1,Histamine H1 receptor
CN1CCC(Oc2ccccc2)CC1.O=C(O)/C=C/C(=O)O,Histamine H1 receptor
O=C1C=C(CN2CCC(=C3c4ccc(Cl)cc4CCc4cccnc43)CC2)/C(=C/c2ccc(F)cc2)O1,Histamine H1 receptor
CC(=O)N1CCC(=C2c3ccc(Cl)cc3CCc3cc(C)cnc32)CC1,Histamine H1 receptor
CN1CC(CCN2CCC2)Oc2ncc(Cl)cc2C1=O,Histamine H1 receptor
CN(c1nc2ccccc2n1Cc1ccc(Br)cc1)C1CCN(CCc2ccccc2)CC1,Histamine H1 receptor
Cn1c(NC2CCN(CCn3nnn(-c4ccccc4)c3=O)CC2)nc2ccccc21,Histamine H1 receptor
Cn1c(N2CCCN(CCCN3c4ccccc4CCc4ccc(C(C)(C)C(=O)O)cc43)CC2)cc(=O)n(C)c1=O,Histamine H1 receptor
COc1ccc(CN(CCN(C)CCCCCCCCN)c2ccccn2)cc1,Histamine H1 receptor
Cn1c(N2CCCN(CC/C=C3/c4ccccc4COc4ccc(CC(=O)O)cc43)CC2)cc(=O)n(C)c1=O,Histamine H1 receptor
CC(N)Cc1cnc[nH]1.Cl,Histamine H1 receptor
NCCc1c[nH]c(CCC(c2ccccc2)c2ccc(Br)cc2)n1,Histamine H1 receptor
ClN1CCN2Cc3[nH]c4ccccc4c3CC2C1,Histamine H1 receptor
c1ccc(CCN2CCC(Nc3nc4ccccc4n3C3CCCC3)CC2)cc1,Histamine H1 receptor
NCCc1c[nH]c(-c2cccc(Cl)c2)n1,Histamine H1 receptor
C=CCN1CCC(Nc2nc3ccccc3n2Cc2ccccc2)CC1,Histamine H1 receptor
COc1ccccc1N1CCN(CC(O)COc2ccc3oc(=O)cc(C)c3c2)CC1,Histamine H1 receptor
c1ccc(CCN2CCC(N(c3nc4ccccc4[nH]3)C3CC3)CC2)cc1,Histamine H1 receptor
COc1ccc(CN(CCN(C)CCNc2ccc([N+](=O)[O-])c3nonc23)c2ccccn2)cc1,Histamine H1 receptor
N[C@H](CO)[C@H](O)c1c[nH]c(C(=O)CC(c2ccccc2)c2ccccc2)n1,Histamine H1 receptor
NCCc1c[nH]c(-c2cncc(Br)c2)n1,Histamine H1 receptor
CN(C)C[C@@H]1O[C@H](c2ccccc2)c2ccccc21,Histamine H1 receptor
CCOC(=O)N1CCN(C=C2C(=O)NC(=O)NC2=O)CC1,Histamine H1 receptor
c1nc(CCCCCCCCN2CCCC2)c[nH]1,Histamine H1 receptor
CCCC(C)Cn1c(N2CCN(C)CC2)nc2ccccc21,Histamine H1 receptor
O=C(O)/C=C/C(=O)O.c1ccc(Cc2cccc(OC3CCNCC3)c2)cc1,Histamine H1 receptor
NCCOCCN1CCN(C(c2ccccc2)c2ccc(Cl)cc2)CC1,Histamine H1 receptor
CN(C)[C@@H]1CO[C@@H](c2ccccc2)c2ccccc21,Histamine H1 receptor
CC(C(=O)O)c1ccc2c(c1)N(CCCN1CCCN(c3cc(=O)n(C)c(=O)n3C)CC1)c1ccccc1S2,Histamine H1 receptor
N#CN/C(=NCCCCCCNC(=O)CCCCCNC(=O)COc1ccc(/C=C/C2=[N+]3C(=Cc4ccc(-c5ccc[nH]5)n4[B-]3(F)F)C=C2)cc1)NCCCOc1cccc(CN2CCCCC2)c1,Histamine H1 receptor
Cl.Cl.NC(=O)c1cnc2n1CCc1ccccc1C21CCNCC1,Histamine H1 receptor
NCCc1c[nH]c(Cc2ccsc2)n1,Histamine H1 receptor
CN(C)CCCN1C(=O)CSC1c1cccc([N+](=O)[O-])c1.Cl,Histamine H1 receptor
CN(C)CCCN1C(=O)CSC1c1ccc(Br)cc1.Cl,Histamine H1 receptor
CN(C)CCOc1ccccc1Cc1ccccc1.O=C(O)/C=C/C(=O)O,Histamine H1 receptor
CN(C)CCC1CN(C)C(=O)c2cc3ccccc3nc2O1,Histamine H1 receptor
CCCOCn1c(N2CCN(C)CC2)nc2ccccc21,Histamine H1 receptor
NC1=NC(c2ccccc2)n2c(nc3ccccc32)N1,Histamine H1 receptor
CCCc1c(OCC(O)CN2CCN(Cc3ccc(Cl)cc3)CC2)ccc2c(O)c([N+](=O)[O-])c(=O)oc12,Histamine H1 receptor
Cn1c(N2CCCN(CC/C=C3/c4ccccc4CCc4ccc(CC(=O)O)cc43)CC2)cc(=O)n(C)c1=O,Histamine H1 receptor
CC(CO)(CO)NCCCN1C(=O)c2ccccc2C1=O,Histamine H1 receptor
NCCc1c[nH]c(-c2csc(Br)c2)n1,Histamine H1 receptor
c1ccc(Cn2c(NC3CCN(C(c4ccccc4)c4ccccc4)CC3)nc3ccccc32)cc1,Histamine H1 receptor
CC(Cn1c(NC2CCN(CCc3ccccc3)CC2)nc2ccccc21)c1ccccc1,Histamine H1 receptor
NC(=O)c1c(N2CCOCC2)nc2sc3cc(Cl)ccc3n2c1=O,Histamine H1 receptor
O=C(O)c1ccc2c(c1)C(SCCN1CCC(n3c(O)nc4ccccc43)CC1)c1ccccc1CO2,Histamine H1 receptor
Cc1ccccc1C(=O)NCCN1CCN(Cc2ccccc2)CC1,Histamine H1 receptor
NCCOc1ccccc1Cc1ccccc1.NCCOc1ccccc1Cc1ccccc1.O=C(O)/C=C/C(=O)O,Histamine H1 receptor
CN(C)CCC(c1ccccn1)c1ccc(Cl)cn1,Histamine H1 receptor
Cl.Cn1cncc1CCN,Histamine H1 receptor
CCn1c(NC2CCN(CC3COc4ccccc4O3)CC2)nc2ccccc21,Histamine H1 receptor
CCN1CCN(C(c2ccc(Cl)cc2)c2ccc(Cl)cc2)CC1,Histamine H1 receptor
OC1CCC(N2CCC(=C3c4ccc(Cl)cc4CCc4cccnc43)CC2)CC1,Histamine H1 receptor
CN(C)CCC1CN(C)C(=S)c2cc(Br)cnc2O1,Histamine H1 receptor
Oc1nc2ccccc2n1CCN1CCC(Nc2nc3ccccc3n2Cc2ccccc2)CC1,Histamine H1 receptor
CCCN1CCCN(c2nc3ccccc3n2CCOCC)CC1,Histamine H1 receptor
CN1CCN(c2nc3sc4ccccc4n3c(=O)c2C(N)=O)CC1,Histamine H1 receptor
COc1ccc(CN(CCN(C)CCNC(=O)c2ccc(-c3c4ccc(=O)cc-4oc4cc(O)ccc34)c(C(=O)O)c2)c2ccccn2)cc1,Histamine H1 receptor
Cn1c(N2CCN(CCCN3c4ccccc4Sc4ccc(C(=O)O)cc43)CC2)cc(=O)n(C)c1=O,Histamine H1 receptor
COc1cc(C(C)=O)ccc1OCCCN1CCC(C(O)(c2ccc(F)cc2)c2ccc(F)cc2)CC1,Histamine H1 receptor
NCCCCCCCCCCCCCc1c[nH]cn1,Histamine H1 receptor
CCCCCCCCCCn1c(N2CCN(C)CC2)nc2ccccc21,Histamine H1 receptor
CC(C)[C@H]1C[C@@H](N(Cc2ccccc2)c2ccccc2)CCN1c1ccccc1,Histamine H1 receptor
c1ccc(Cc2ccccc2OCCCN2CCCCCC2)cc1,Histamine H1 receptor
NCCc1c[nH]c(Cc2ccc(C(F)(F)F)cc2)n1,Histamine H1 receptor
O=C(NCCN1CCN(Cc2ccccc2)CC1)c1ccccc1,Histamine H1 receptor
O=c1oc2cc(CN3CCN(Cc4ccc(Cl)cc4)CC3)ccc2c(O)c1[N+](=O)[O-],Histamine H1 receptor
O=C(CCCCCNC(=O)COc1ccc(/C=C/C2=[N+]3C(=Cc4ccc(-c5ccc[nH]5)n4[B-]3(F)F)C=C2)cc1)NCCCOc1cccc(CN2CCCCC2)c1,Histamine H1 receptor
NCCc1ccccc1Oc1ccccc1,Histamine H1 receptor
CCc1ccccc1NC(=O)CCN1CCN2Cc3ccccc3CC2C1,Histamine H1 receptor
CN1CC[C@@](O)(c2ccccc2)[C@H](C(=O)c2ccccc2)C1,Histamine H1 receptor
C=CCn1c(=N)n(CC(=O)c2ccccc2)c2ccccc21,Histamine H1 receptor
COc1ccc(CN(CCN(C)CCCCCCNC(=O)c2ccc(-c3c4ccc5cc(O)ccc5c4oc4c3ccc3cc(=O)ccc34)c(C(=O)O)c2)c2ccccn2)cc1,Histamine H1 receptor
CCSCCn1c(N2CCN(C)CC2)nc2ccccc21,Histamine H1 receptor
CCCCCCCn1c(N2CCN(C)CC2)nc2ccccc21,Histamine H1 receptor
Cn1c(N2CCCN(CCCN3c4ccccc4Sc4cccc(C(=O)O)c43)CC2)cc(=O)n(C)c1=O,Histamine H1 receptor
CCCCCCn1c(N2CCN(C)CC2)nc2ccccc21,Histamine H1 receptor
CCN1CCC2=C(C1)C(c1ccccc1)c1ccccc12,Histamine H1 receptor
CC(=O)N1CCC(=C2c3ccc(Cl)cc3CCc3ccc(Cl)nc32)CC1,Histamine H1 receptor
CC(C)(C(=O)O)c1ccc2c(c1)C(SCCN1CCC(Cc3ccccc3)CC1)c1ccccc1CO2,Histamine H1 receptor
c1ccc(Cc2ccccc2OCCN2CCCCCC2)cc1,Histamine H1 receptor
CN1CCN(c2nc3ccccc3[nH]2)CC1,Histamine H1 receptor
NCCCN1CCC(=C2c3ccc(Cl)cc3CCc3cccnc32)CC1,Histamine H1 receptor
CC(CN)c1cnc[nH]1.Cl,Histamine H1 receptor
NCCc1c[nH]c(C(c2ccccc2)c2ccccc2)n1,Histamine H1 receptor
O=c1cc(-c2ccccc2)c2ccc(OCC(O)CN3CCCCC3)cc2o1,Histamine H1 receptor
CCCN1CCC(=C2c3ccc(Cl)cc3CCc3cccnc32)CC1,Histamine H1 receptor
OCCN(Cc1nc2ccccc2[nH]1)c1nc2ccccc2[nH]1,Histamine H1 receptor
c1ccc(CN2CCC3=C(C2)C(c2ccccc2)c2ccccc23)cc1,Histamine H1 receptor
CN1CC(CCN2CCC2)Oc2ccc(Cl)cc2C1=S,Histamine H1 receptor
Cn1c(NC2CCN(CCCC(c3ccc(F)cc3)c3ccc(F)cc3)CC2)nc2ccccc21,Histamine H1 receptor
CC(C)N(c1nc2ccccc2n1Cc1ccccc1)C1CCN(CCc2ccccc2)CC1,Histamine H1 receptor
CN1CCN(c2nc3sc4cc(Cl)ccc4n3c(=O)c2C(N)=O)CC1,Histamine H1 receptor
Cl.Cn1c(=O)c2c(ncn2CCCN2CCN(c3cncc(Cl)n3)CC2)n(C)c1=O,Histamine H1 receptor
COc1ccc(CCN2CCC(Nc3nc4ccccc4n3Cc3ccccc3)CC2)cc1OC,Histamine H1 receptor
CCn1c(N(Cc2ccccc2)C2CCN(CCc3ccccc3)CC2)nc2ccccc21,Histamine H1 receptor
CCn1c(NC2CCN(CCC(C(=O)N(C)C)(c3ccccc3)c3ccccc3)CC2)nc2ccccc21,Histamine H1 receptor
Cl.Cl.O=C1C2C3C=CC(C4CC34)C2C(=O)N1CCCCN1CCN(C(c2ccc(F)cc2)c2ccc(F)cc2)CC1,Histamine H1 receptor
CC(C)[C@H]1C[C@@H](OC(c2ccccc2)c2ccccc2)CCN1C,Histamine H1 receptor
CN(C)CCCC1CN(C)C(=O)c2cccnc2O1,Histamine H1 receptor
CCCOCCn1c(N2CCN(C)CC2)nc2ccccc21,Histamine H1 receptor
Brc1ccc(Cn2c(NC3CCN(CCc4ccccc4)CC3)nc3ccccc32)cc1,Histamine H1 receptor
COc1cccc(CCN2CCC(Nc3nc4ccccc4n3Cc3ccccc3)CC2)c1,Histamine H1 receptor
COc1ccccc1/C=C1OC(=O)C=C1CN1CCC(=C2c3ccc(Cl)cc3CCc3cccnc32)CC1,Histamine H1 receptor
NCCc1c[nH]c(CCCCc2ccccc2)n1,Histamine H1 receptor
Clc1ccc(Cc2ccccc2OC2CCNCC2)cc1.O=C(O)/C=C/C(=O)O,Histamine H1 receptor
CN1CCN(c2nc3ccccc3n2CCO)CC1,Histamine H1 receptor
CN(C)[C@@H]1C[C@H](c2ccccc2)N(c2ccccc2)C1,Histamine H1 receptor
Cc1ccc([C@H](OCCN(C)C)c2ccccc2)cc1,Histamine H1 receptor
CN(C)CCC1(C)CN(C)C(=S)c2cccnc2O1,Histamine H1 receptor
CCN1CC=C2C(=C(c3ccccc3)c3ccccc32)C1,Histamine H1 receptor
Clc1ccc([C@H](c2ccccc2)N2CCNCC2)cc1,Histamine H1 receptor
COc1ccc(CN(CCN(C)CCCCN)c2ccccn2)cc1,Histamine H1 receptor
CC(C)[C@H]1C[C@@H](OC(c2ccccc2)c2ccccc2)CCN1c1ccccc1,Histamine H1 receptor
NN1CCN2Cc3[nH]c4ccccc4c3CC2C1,Histamine H1 receptor
O=C(NCCN1CCN(Cc2ccccc2)CC1)c1ccccc1Br,Histamine H1 receptor
O=C1NC(=O)C(=CN2CCOCC2)C(=O)N1,Histamine H1 receptor
COc1ccc(CN(CCN(C)CCCCCCNC(=O)c2ccc(C(=O)O)c(-c3c4ccc(=O)cc-4oc4cc(O)ccc34)c2)c2ccccn2)cc1,Histamine H1 receptor
CN(C)CCC1CN(C)C(=S)c2cnccc2O1,Histamine H1 receptor
Fc1ccc(C(CCCN2CCC(Nc3nc4ccccc4n3Cc3ccccc3)CC2)c2ccc(F)cc2)cc1,Histamine H1 receptor
CN(C)CCOC1c2ccccc2-c2ccccc21,Histamine H1 receptor
CN1CCC(=C2c3ccccc3OCc3ncccc32)CC1,Histamine H1 receptor
COCCCn1c(N2CCN(C)CC2)nc2ccccc21,Histamine H1 receptor
CCn1c(N(C(C)C)C2CCN(CCc3ccccc3)CC2)nc2ccccc21,Histamine H1 receptor
Cn1c(N2CCN(CC/C=C3/c4ccccc4COc4ccc(CC(=O)O)cc43)CC2)cc(=O)n(C)c1=O,Histamine H1 receptor
COc1ccc(CN(CCN(C)CCCCCCN=C(O)CCC2=C3C(C)=CC(C)N3[B-](F)(F)n3c(C)cc(C)c32)c2ccccn2)cc1,Histamine H1 receptor
NCCCCCCCCCCCCc1c[nH]cn1,Histamine H1 receptor
CN(C)CCCN1C(=O)CSC1c1cccc(Br)c1.Cl,Histamine H1 receptor
CCn1c(NC2CCN(CCCC(=O)c3ccc(F)cc3)CC2)nc2ccccc21,Histamine H1 receptor
c1ccc(OC2CCNCC2)cc1,Histamine H1 receptor
Cn1c(N2CCN(CCCN3c4ccccc4COc4ccc(CC(=O)O)cc43)CC2)cc(=O)n(C)c1=O,Histamine H1 receptor
CN1CCC(=C2c3ccccc3COc3ccccc32)CC1,Histamine H1 receptor
NCCc1c[nH]c(-c2cc3ccccc3c3ccccc23)n1,Histamine H1 receptor
Fc1ccc(CCN2CCC(Nc3nc4ccccc4n3Cc3ccccc3)CC2)cc1,Histamine H1 receptor
CC(C)(CO)NC=C1C(=O)NC(=O)NC1=O,Histamine H1 receptor
CCN1CC(CCN(C)C)N(C)c2ccccc2C1=S,Histamine H1 receptor
CCC(C(=O)O)c1ccc2c(c1)N(CCCN1CCCN(c3cc(=O)n(C)c(=O)n3C)CC1)c1ccccc1S2,Histamine H1 receptor
CC(CN(C)C)C1CN(C)C(=S)c2cccnc2O1,Histamine H1 receptor
Cn1c(N2CCN(CCCN3c4ccccc4Sc4ccc(CCC(=O)O)cc43)CC2)cc(=O)n(C)c1=O,Histamine H1 receptor
CC[C@@H](CO)N1CCC(=C2c3ccc(Cl)cc3CCc3cccnc32)CC1,Histamine H1 receptor
CCCn1c(N2CCN(C)CC2)nc2ccccc21,Histamine H1 receptor
C=CCOCCn1c(N2CCCN(C)CC2)nc2ccccc21,Histamine H1 receptor
CNCCc1[nH]cnc1C.Cl,Histamine H1 receptor
CCOCCn1c(N2CCNCC2)nc2ccccc21,Histamine H1 receptor
Cc1cc(=O)oc2ccc(OCC(O)CN3CCN(C)CC3)cc12,Histamine H1 receptor
O=C(CCN1CCC(Cc2ccccc2)CC1)Nc1ccccc1Cl,Histamine H1 receptor
Cc1ccc([C@@H](OCCN(C)C)c2ccccc2)cc1,Histamine H1 receptor
Cc1c(OCCCN2CCN(Cc3cccc(Cl)c3)CC2)ccc2c(O)c3nnnc-3oc12,Histamine H1 receptor
CC(c1ccccc1)n1c(NC2CCN(CCc3ccccc3)CC2)nc2ccccc21,Histamine H1 receptor
COc1ccccc1Cn1c(N(C)C2CCN(CCc3ccccc3)CC2)nc2ccccc21,Histamine H1 receptor
NCCc1cscn1,Histamine H1 receptor
NCCc1c[nH]c(-c2cccc(F)c2)n1,Histamine H1 receptor
c1ccc(CN2CCC(Nc3nc4ccccc4n3Cc3ccccc3)CC2)cc1,Histamine H1 receptor
CCn1nnn(CCN2CCC(Nc3nc4ccccc4n3Cc3ccccc3)CC2)c1=O,Histamine H1 receptor
NCCCOc1ccccc1Cc1ccccc1.O=C(O)/C=C/C(=O)O,Histamine H1 receptor
CN1CCCN(c2nc3ccccc3n2CCOc2ccccc2)CC1,Histamine H1 receptor
CN(CCCN1CCC(CN2c3ccccc3Sc3ccc(C(=O)O)cc32)CC1)c1cc(=O)n(C)c(=O)n1C,Histamine H1 receptor
CN1CC[C@H](OC(c2ccccc2)c2ccccc2)CC1(C)C,Histamine H1 receptor
Cc1nc[nH]c1CCN(C)C.Cl,Histamine H1 receptor
Fc1ccc(CN2CCC(Nc3nc4ccccc4n3Cc3ccccc3)CC2)cc1,Histamine H1 receptor
CN(c1nc2ccccc2[nH]1)C1CCN(CCc2ccccc2)CC1,Histamine H1 receptor
O=C1C=C(CN2CCC(=C3c4ccc(Cl)cc4CCc4cccnc43)CC2)/C(=C/c2ccc(O)cc2)O1,Histamine H1 receptor
c1ccc(CCN2CCC(Nc3nc4ccccc4n3Cc3ccccc3)CC2)cc1,Histamine H1 receptor
CC(CO)(CO)Nc1nc2ccccc2[nH]1,Histamine H1 receptor
CCCC(=O)N1CCN(C2c3ccc(Cl)cc3CCc3cccnc32)CC1,Histamine H1 receptor
CCCN1CCN(c2nc3ccccc3n2CCOCC)CC1,Histamine H1 receptor
CN(C)CCC1CN(C)C(=S)c2cc3ccccc3nc2O1,Histamine H1 receptor
CCCOCCn1c(N2CCCN(C)CC2)nc2ccccc21,Histamine H1 receptor
NCCc1c[nH]c(-c2ccc(Cl)c(Cl)c2)n1,Histamine H1 receptor
NCCc1csc(Cc2ccccc2)n1,Histamine H1 receptor
Cc1cccc(-c2nc(CCN)c[nH]2)c1,Histamine H1 receptor
CC(=O)N1CCC(=C2c3ccc(Cl)cc3CCc3cc(O)cnc32)CC1,Histamine H1 receptor
Cc1c(OCCCN(C)CCN(C)Cc2ccc(Cl)cc2)ccc2c(O)c3nnnc-3oc12,Histamine H1 receptor
NCCCCCCCCCCc1ccccn1,Histamine H1 receptor
CCN(c1nc2ccccc2[nH]1)C1CCN(CCc2ccccc2)CC1,Histamine H1 receptor
O=C(CCN1CCN2Cc3[nH]c4ccccc4c3CC2C1)Nc1ccccc1Cl,Histamine H1 receptor
NCCc1c[nH]c(CCCCCc2ccccc2)n1,Histamine H1 receptor
CCOCCn1c(N2CCCN(Cc3ccccc3)CC2)nc2ccccc21,Histamine H1 receptor
Oc1c2nnnc-2oc2cc(OCCCN3CCN(Cc4ccc(Cl)cc4)CC3)ccc12,Histamine H1 receptor
O=C(O)c1ccc2c(c1)C(SCCN1CCC(c3ccccc3)CC1)c1ccccc1CO2,Histamine H1 receptor
Cn1c(N2CCCN(CC/C=C3/c4ccccc4CCc4ccc(C(=O)O)cc43)CC2)cc(=O)n(C)c1=O,Histamine H1 receptor
c1nc(CCCCCCCCCCCCN2CCCC2)c[nH]1,Histamine H1 receptor
Cn1c(NCCCN2CCC(CN3c4ccccc4Sc4ccc(C(=O)O)cc43)CC2)cc(=O)n(C)c1=O,Histamine H1 receptor
COc1cccc(C2SCC(=O)N2CCCN(C)C)c1.Cl,Histamine H1 receptor
O=c1oc2cc(OCCCN3CCN(Cc4ccc(Cl)cc4)CC3)ccc2c(O)c1[N+](=O)[O-],Histamine H1 receptor
CCCCOCCn1c(N2CCCN(C)CC2)nc2ccccc21,Histamine H1 receptor
c1ccc(CCCN2CCC(Nc3nc4ccccc4n3Cc3ccccc3)CC2)cc1,Histamine H1 receptor
CN(c1nc2ccccc2n1Cc1ccccc1)C1CCN(CCc2ccccc2)CC1,Histamine H1 receptor
FC(F)(F)c1cccc(CCN2CCC(Nc3nc4ccccc4n3Cc3ccccc3)CC2)c1,Histamine H1 receptor
Cn1c(N2CCCN(CCCN3c4ccccc4CCc4ccc(C(=O)O)cc43)CC2)cc(=O)n(C)c1=O,Histamine H1 receptor
NCCCCCCCCCCCCc1ccccn1,Histamine H1 receptor
CN(C)CCSC1c2ccccc2COc2ccc(C(=O)O)cc21,Histamine H1 receptor
COc1ccccc1CCN1CCC(Nc2nc3ccccc3n2Cc2ccccc2)CC1,Histamine H1 receptor
NCCc1c[nH]c(Cc2ccccc2Cl)n1,Histamine H1 receptor
Fc1ccccc1Cn1c(NC2CCN(CCc3ccccc3)CC2)nc2ccccc21,Histamine H1 receptor
CN1CCC(Nc2nc3ccccc3n2Cc2ccccc2)CC1,Histamine H1 receptor
C=COCCn1c(N2CCN(C)CC2)nc2ccccc21,Histamine H1 receptor
CCOCCn1c(N2CCN(c3ccccc3)CC2)nc2ccccc21,Histamine H1 receptor
Clc1ccc2c(c1)CCc1cccnc1C2=C1CCN(C2CCC(Cl)CC2)CC1,Histamine H1 receptor
CCC(=O)N1CCN(C2c3ccc(Cl)cc3CCc3cccnc32)CC1,Histamine H1 receptor
CCCCCCCCCCCCNC(=O)C(N)CCCN,Histamine H1 receptor
Cl.Cl.Cn1c(=O)c2c(ncn2CCCCN2CCN(C(c3ccc(Cl)cc3)c3ccc(Cl)cc3)CC2)n(C)c1=O,Histamine H1 receptor
O=C(NCCN1CCN2Cc3[nH]c4ccccc4c3CC2C1)c1ccccc1[N+](=O)[O-],Histamine H1 receptor
CC(C)[C@@H]1C[C@@H](N(Cc2ccccc2)c2ccccc2)CCN1c1ccccc1,Histamine H1 receptor
Cc1c(OCCCN2CCN(Cc3ccccc3Cl)CC2)ccc2c(O)c3nnnc-3oc12,Histamine H1 receptor
Cl.Cl.Cn1c(=O)c2c(ncn2CCCN2CCN(C(c3ccccc3)c3ccc(Cl)cc3)CC2)n(C)c1=O,Histamine H1 receptor
Cc1ccc(Cn2c(N(C)C3CCN(CCc4ccccc4)CC3)nc3ccccc32)cc1,Histamine H1 receptor
c1cnc2c(c1)cc([C@@H]1CCCO1)n2CCN1CCCCC1,Histamine H1 receptor
O=C(O)CCN1CCC(=C2c3ccccc3OCc3cccnc32)CC1,Histamine H1 receptor
CC(C)(CO)NCC(C)(C)N1C(=O)c2ccccc2C1=O,Histamine H1 receptor
O=C(CCN1CCN(Cc2ccccc2)CC1)Nc1ccccc1F,Histamine H1 receptor
CN(C)CCNc1nc2sc3ccccc3n2c(=O)c1C(N)=O,Histamine H1 receptor
Cn1c(NC2CCN(CCc3ccccc3)CC2)nc2ccccc21,Histamine H1 receptor
CC(C)n1c(NC2CCN(CCc3ccccc3)CC2)nc2ccccc21,Histamine H1 receptor
O=C(CCN1CCN(Cc2ccccc2)CC1)Nc1ccccc1[N+](=O)[O-],Histamine H1 receptor
Nc1ccccc1C(=O)NCCN1CCN2Cc3[nH]c4ccccc4c3CC2C1,Histamine H1 receptor
O=C(CCN1CCN2Cc3ccccc3CC2C1)Nc1ccccc1[N+](=O)[O-],Histamine H1 receptor
O=C(CCN1CCN(Cc2ccccc2)CC1)Nc1ccccc1,Histamine H1 receptor
c1ccc(Cc2ccccc2OC2CCNCC2)cc1,Histamine H1 receptor
CN1CCN2Cc3[nH]c4ccccc4c3CC2C1,Histamine H1 receptor
CC(CC1CN(C)C(=O)c2cccnc2O1)N(C)C,Histamine H1 receptor
c1ccc(C(O[C@H]2CCN(c3ccccc3)[C@H](c3ccccc3)C2)c2ccccc2)cc1,Histamine H1 receptor
O=C(CCN1CCC(Cc2ccccc2)CC1)Nc1ccccc1,Histamine H1 receptor
CN(C)CCC1CN(C)C(=S)c2cc(Cl)cnc2O1,Histamine H1 receptor
NCCc1c[nH]c(Cc2ccccc2C(F)(F)F)n1,Histamine H1 receptor
COc1ccc(CN(CCN(C)CCCCCCCCNC(=O)c2ccc(-c3c4ccc(=O)cc-4oc4cc(O)ccc34)c(C(=O)O)c2)c2ccccn2)cc1,Histamine H1 receptor
Cn1c(N2CCN(CCCCN3c4ccccc4Sc4ccc(C(=O)O)cc43)CC2)cc(=O)n(C)c1=O,Histamine H1 receptor
CCCC(C)n1c(N2CCN(C)CC2)nc2ccccc21,Histamine H1 receptor
COc1cccc(-c2nc(CCN)c[nH]2)c1,Histamine H1 receptor
CCn1c(NC2CCN(CCc3ccccc3)CC2)nc2ccccc21,Histamine H1 receptor
C(=C/c1ccccc1)CN1CCC(Nc2nc3ccccc3n2Cc2ccccc2)CC1,Histamine H1 receptor
CN(c1nc2ccccc2n1Cc1ccc(F)cc1)C1CCN(CCc2ccccc2)CC1,Histamine H1 receptor
NCCc1csc(-c2cccc(C(F)(F)F)c2)n1,Histamine H1 receptor
CCOCCn1c(N2CCCNCC2)nc2ccccc21,Histamine H1 receptor
CN(C)CCC1CN(C)C(=O)c2cccnc2S1,Histamine H1 receptor
Cc1nc[nH]c1CCN.Cl,Histamine H1 receptor
CC(=O)N1CCN([C@H]2c3ccc(Cl)cc3CCc3cccnc32)CC1,Histamine H1 receptor
CN1CCC(N(Cc2ccccc2)c2ccccc2)CC1,Histamine H1 receptor
CCn1c(N(C)C2CCN(CCc3ccccc3)CC2)nc2ccccc21,Histamine H1 receptor
CN1CC(CCN2CCC2)Oc2ncccc2C1=O,Histamine H1 receptor
CN1C[C@@H](CCN2CCC2)Oc2ncc(Cl)cc2C1=S,Histamine H1 receptor
CC(C)[C@@H]1C[C@@H](OC(c2ccccc2)c2ccccc2)CCN1c1ccccc1,Histamine H1 receptor
CCCCCCN1CCN(c2nc3ccccc3n2CCOCC)CC1,Histamine H1 receptor
CC(=O)c1cnc2c(c1)CCc1cc(Cl)ccc1C2=C1CCN(C(C)=O)CC1,Histamine H1 receptor
Cc1nc2c(cc1Cl)C(=S)N(C)CC(CCN1CCC1)O2,Histamine H1 receptor
CCCSCn1c(N2CCN(C)CC2)nc2ccccc21,Histamine H1 receptor
O=CN1CCN(C2c3ccc(Cl)cc3CCc3cccnc32)CC1,Histamine H1 receptor
Cl.Cn1c(=O)c2c(ncn2CCCN2CCN(c3nccnc3Cl)CC2)n(C)c1=O,Histamine H1 receptor
CN1CC(CCn2ccnc2)Oc2ncccc2C1=S,Histamine H1 receptor
CCCCCCCn1c(NC2CCN(CCc3ccccc3)CC2)nc2ccccc21,Histamine H1 receptor
COc1ccc(CN(CCN(C)CCCCNC(=O)c2ccc(-c3c4ccc(=O)cc-4oc4cc(O)ccc34)c(C(=O)O)c2)c2ccccn2)cc1,Histamine H1 receptor
CCCCOCCn1c(N2CCN(C)CC2)nc2ccccc21,Histamine H1 receptor
CN1CCN(C2c3ccc(Cl)cc3CCc3cccnc32)CC1,Histamine H1 receptor
c1ccc(Cn2c(NC3CCN(C4CCCCC4)CC3)nc3ccccc32)cc1,Histamine H1 receptor
CCCCN1CCCN(c2nc3ccccc3n2CCOCC)CC1,Histamine H1 receptor
Clc1ccc(Cn2c(NC3CCN(CCc4ccccc4)CC3)nc3ccccc32)cc1,Histamine H1 receptor
O=C1C=C(CN2CCC(=C3c4ccc(Cl)cc4CCc4cccnc43)CC2)C(C(O)c2ccccc2)O1,Histamine H1 receptor
c1ccc(CN2CCC3C(=C(c4ccccc4)c4ccccc43)C2)cc1,Histamine H1 receptor
Cc1nc2c(cc1Cl)C(=S)N(C)CC(CCN(C)C)O2,Histamine H1 receptor
Cc1ncc(CCN(C)C)[nH]1.Cl,Histamine H1 receptor
c1ccc(-c2ccccc2OC2CCNCC2)cc1,Histamine H1 receptor
NCCCCCCCCCCCCCCc1c[nH]cn1,Histamine H1 receptor
NCCc1c[nH]c(-c2ccc(C(F)(F)F)cc2)n1,Histamine H1 receptor
COc1ccc(Cn2c(N(C)C3CCN(CCc4ccccc4)CC3)nc3ccccc32)cc1,Histamine H1 receptor
CCc1ccccc1NC(=O)CCN1CCN2Cc3[nH]c4ccccc4c3CC2C1,Histamine H1 receptor
Clc1ccc(CCN2CCC(Nc3nc4ccccc4n3Cc3ccccc3)CC2)cc1,Histamine H1 receptor
Cl.Cl.Cn1c(=O)c2c(ncn2CCN2CCN(C(c3ccc(F)cc3)c3ccc(F)cc3)CC2)n(C)c1=O,Histamine H1 receptor
CCN(CC)CC(O)COc1ccc2oc(=O)cc(C)c2c1,Histamine H1 receptor
c1ccc(Cn2c(NC3CCN(CCCOc4ccccc4)CC3)nc3ccccc32)cc1,Histamine H1 receptor
Cn1c(NCCCN2CCC(Oc3ccc(Cl)cc3C(=O)O)CC2)cc(=O)n(C)c1=O,Histamine H1 receptor
COc1ccc(CN(CCN(C)CCCCCCNS(=O)(=O)c2cccc3c(N(C)C)cccc23)c2ccccn2)cc1,Histamine H1 receptor
O=C1CCC2CN(C3c4ccc(Cl)cc4CCc4cccnc43)CCN12,Histamine H1 receptor
CC(CN(C)C)C1CN(C)C(=O)c2cccnc2O1,Histamine H1 receptor
COc1ccccc1NC(=O)CCN1CCC(Cc2ccccc2)CC1,Histamine H1 receptor
O=C1C=C(CN2CCC(=C3c4ccc(Cl)cc4CCc4cccnc43)CC2)CO1,Histamine H1 receptor
O=C(CCCN1CCC(Nc2nc3ccccc3n2Cc2ccccc2)CC1)c1ccc(F)cc1,Histamine H1 receptor
CN(C)CCCN1CCC(=C2c3ccc(Cl)cc3CCc3cccnc32)CC1,Histamine H1 receptor
COc1cc(/C=C2OC(=O)C=C2CN2CCC(=C3c4ccc(Cl)cc4CCc4cccnc43)CC2)cc(OC)c1OC,Histamine H1 receptor
Cn1c(N2CCCN(CCCN3c4ccccc4Sc4ccc(C(C)(C)C(=O)O)cc43)CC2)cc(=O)n(C)c1=O,Histamine H1 receptor
Cl.Cl.Cl.Cn1c(=O)c2c(ncn2CCCN2CCN(C3(Cl)CC=CN=N3)CC2)n(C)c1=O,Histamine H1 receptor
CON1CCN2Cc3[nH]c4ccccc4c3CC2C1,Histamine H1 receptor
NCCc1csc(Cc2cccc(Cl)c2)n1,Histamine H1 receptor
CN1CC(CCN2CCCC2)Oc2ncc(Cl)cc2C1=S,Histamine H1 receptor
Cc1ccc(Cn2c(NC3CCN(CCc4ccccc4)CC3)nc3ccccc32)cc1,Histamine H1 receptor
CN1CCC2C(=C(c3ccccc3)c3ccccc32)C1,Histamine H1 receptor
CCN1CCN(c2nc3sc4cc(Cl)ccc4n3c(=O)c2C(N)=O)CC1,Histamine H1 receptor
NCCCCCCCCCc1ccccn1,Histamine H1 receptor
Cn1ccc2c1C(=O)Cn1ccnc1C2=C1CCNCC1,Histamine H1 receptor
NC(=O)c1c(N2CCN(CCO)CC2)nc2sc3cc(Cl)ccc3n2c1=O,Histamine H1 receptor
c1ccc(CCN2CCC(N(Cc3ccccc3)c3nc4ccccc4[nH]3)CC2)cc1,Histamine H1 receptor
COc1ccc(CN(CCN(C)CCCCCCNC(=O)c2ccc(-c3c4ccc(=O)cc-4oc4cc(O)ccc34)c(C(=O)O)c2)c2ccccn2)cc1,Histamine H1 receptor
O=C(O)c1ccc2c(c1)C(SCCN1CCN(Cc3ccccc3)CC1)c1ccccc1CO2,Histamine H1 receptor
c1ccc2c(c1)n(CCN1CCCCC1)c1ncnn21,Histamine H1 receptor
CN(C)CC[C@H]1CN(C)C(=S)c2cc(Cl)cnc2O1,Histamine H1 receptor
CC(=O)N1CCC(=C2c3ccc(Cl)cc3CCc3c(Cl)ccnc32)CC1,Histamine H1 receptor
CN(C)CCC1CN(C)C(=S)c2cc3ccccc3cc2O1,Histamine H1 receptor
COc1ccc(CN(CCN(C)CCCCNC(=O)c2ccc(C(=O)O)c(-c3c4ccc(=O)cc-4oc4cc(O)ccc34)c2)c2ccccn2)cc1,Histamine H1 receptor
Cn1c(N2CCCN(CCCN3c4ccccc4CCc4ccc(CC(=O)O)cc43)CC2)cc(=O)n(C)c1=O,Histamine H1 receptor
O=C(O)CCc1ccc2c(c1)C(SCCN1CCC(Cc3ccccc3)CC1)c1ccccc1CO2,Histamine H1 receptor
O=C1C=C(CN2CCC(=C3c4ccc(Cl)cc4CCc4cccnc43)CC2)/C(=C/c2ccc(Cl)cc2)O1,Histamine H1 receptor
NCCc1c[nH]c(C(=O)CC(c2ccccc2)c2ccccc2)n1,Histamine H1 receptor
COC(=O)c1ccc(OCCCN2CCC(C(O)(c3ccc(F)cc3)c3ccc(F)cc3)CC2)cc1,Histamine H1 receptor
O=C1c2ccccc2C(=O)N1CC(O)CNC1CCCCC1,Histamine H1 receptor
CN(C)CCN(Cc1ccccc1)Cc1ccccc1,Histamine H1 receptor
C[S+]([O-])(=S)CCN,Histamine H1 receptor
CC(CO)(CO)NCc1nc2ccccc2[nH]1,Histamine H1 receptor
CNCCOc1ccccc1Cc1ccccc1.O=C(O)/C=C/C(=O)O,Histamine H1 receptor
CN(C)CCCN1C(=O)CSC1c1ccc(Cl)cc1,Histamine H1 receptor
CCN(c1nc2ccccc2n1Cc1ccccc1)C1CCN(CCc2ccccc2)CC1,Histamine H1 receptor
CN(c1nc2ccccc2n1Cc1ccc(Cl)cc1)C1CCN(CCc2ccccc2)CC1,Histamine H1 receptor
O=c1oc2cc(OCC(O)CN3CCN(Cc4ccc(Cl)cc4)CC3)ccc2c(O)c1[N+](=O)[O-],Histamine H1 receptor
COc1ccc(CN(CCN(C)CCCCCCCCNC(=O)c2ccc(C(=O)O)c(-c3c4ccc(=O)cc-4oc4cc(O)ccc34)c2)c2ccccn2)cc1,Histamine H1 receptor
CCOCCn1c(N2CCN(C)CC2)nc2ccccc21,Histamine H1 receptor
CNCCCOc1ccccc1Cc1ccccc1.O=C(O)/C=C/C(=O)O,Histamine H1 receptor
COc1ccc(CN(CCN(C)CCNC(=O)c2ccc(C(=O)O)c(-c3c4ccc(=O)cc-4oc4cc(O)ccc34)c2)c2ccccn2)cc1,Histamine H1 receptor
CN1CC(CCN2CCCCC2)Oc2ncccc2C1=S,Histamine H1 receptor
C[C@@H](CO)N1CCC(=C2c3ccc(Cl)cc3CCc3cccnc32)CC1,Histamine H1 receptor
Cc1ccc2c(n1)OC(CCN(C)C)CN(C)C2=S,Histamine H1 receptor
Cc1ncc(CCN)[nH]1.Cl,Histamine H1 receptor
CN1CCN(c2nc3ccccc3n2Cc2ccccc2)CC1,Histamine H1 receptor
Cn1c(N2CCCN(CCCN3c4ccccc4COc4ccc(CC(=O)O)cc43)CC2)cc(=O)n(C)c1=O,Histamine H1 receptor
Clc1ccc2c(c1)CCc1cccnc1C2=C1CCN(C2CCCCC2)CC1,Histamine H1 receptor
NCCc1c[nH]c(CCCC(c2ccccc2)c2ccccc2)n1,Histamine H1 receptor
NC(=O)c1c(N2CCCC2)nc2sc3ccccc3n2c1=O,Histamine H1 receptor
C#CCOCCn1c(N2CCN(C)CC2)nc2ccccc21,Histamine H1 receptor
c1ccc(CCN2CCC(Nc3nc4ccccc4n3Cc3ccccn3)CC2)cc1,Histamine H1 receptor
Cn1c(N2CCCN(CCCN3c4ccccc4Sc4ccc(OCC(=O)O)cc43)CC2)cc(=O)n(C)c1=O,Histamine H1 receptor
NCCc1c[nH]c(CCC(c2ccccc2)C2CCCCC2)n1,Histamine H1 receptor
OCCCN1CCC(=C2c3ccc(Cl)cc3CCc3cccnc32)CC1,Histamine H1 receptor
O=C(NCCN1CCC(Cc2ccccc2)CC1)c1ccccc1Cl,Histamine H1 receptor
Cl.Cl.Cn1c(=O)c2c(ncn2CCCN2CCN(c3cc(C(=O)NN)c(Cl)cn3)CC2)n(C)c1=O,Histamine H1 receptor
Clc1ccc2c(c1)CCc1cccnc1C2=C1CCN(C2CC=CCC2)CC1,Histamine H1 receptor
COCCOCn1cc(CCN)nc1C(=O)CC(c1ccccc1)c1ccccc1,Histamine H1 receptor
c1ccc(Cc2ccccc2OCCCN2CCCCC2)cc1,Histamine H1 receptor
CCOCCn1c(N2CCN(CCc3ccccc3)CC2)nc2ccccc21,Histamine H1 receptor
CC(=O)N1CCN(C2c3ccc(Cl)cc3CCc3cccnc32)CC1,Histamine H1 receptor
COc1ccnc2c1CCc1cc(Cl)ccc1C2=C1CCN(C(C)=O)CC1,Histamine H1 receptor
CN1CC=C2C(=C(c3ccccc3)c3ccccc32)C1,Histamine H1 receptor
CC(=O)N1CCC(=C2c3ccc(Cl)cc3CCc3cc(-c4ccccc4)cnc32)CC1,Histamine H1 receptor
NC(=O)c1c(N2CCCCC2)nc2sc3cc(Cl)ccc3n2c1=O,Histamine H1 receptor
COc1ccc(CN(CCN(C)CCN)c2ccccn2)cc1,Histamine H1 receptor
CNCCc1cnc[nH]1.Cl,Histamine H1 receptor
Cc1cccc(CCN2CCC(Nc3nc4ccccc4n3Cc3ccccc3)CC2)c1,Histamine H1 receptor
COc1cc(C(C)=O)ccc1OCCCN1CCC(C(O)(c2ccccc2)c2ccccc2)CC1,Histamine H1 receptor
c1ccc(CCN2CCC(Nc3nc4ccccc4n3CCc3ccccc3)CC2)cc1,Histamine H1 receptor
NCCc1c[nH]c(Cc2cccc(C(F)(F)F)c2)n1,Histamine H1 receptor
Cc1cccc2c(CCN)cn(Cc3ccccc3)c12,Histamine H1 receptor
COc1ccc(CN(CCN(C)CCCCCCNC(=O)c2ccc(-c3c4ccc(=N)cc-4oc4cc(N)ccc34)c(C(=O)O)c2)c2ccccn2)cc1,Histamine H1 receptor
CN1CCC(Nc2nc3ccccc3n2C)CC1,Histamine H1 receptor
CC1(C)C[C@@H](OC(c2ccccc2)c2ccccc2)CCN1c1ccccc1,Histamine H1 receptor
CCCCCCn1c(NC2CCN(CCc3ccccc3)CC2)nc2ccccc21,Histamine H1 receptor
C1=C2C(=C(c3ccccc3)c3ccccc32)CNC1,Histamine H1 receptor
CCCN(c1nc2ccccc2n1Cc1ccccc1)C1CCN(CCc2ccccc2)CC1,Histamine H1 receptor
O=C(O)c1ccc2c(c1)C(SCCN1CCN(c3ccc(F)cc3)CC1)c1ccccc1CO2,Histamine H1 receptor
O=c1cc(-c2ccccc2)c2ccc(OCC(O)CN3CCNCC3)cc2o1,Histamine H1 receptor
CN1CC(CCCN)Oc2ncccc2C1=O,Histamine H1 receptor
CC(=O)N1CCC(=C2c3ccc(Cl)cc3CCc3c(C)ccnc32)CC1,Histamine H1 receptor
Cl.Cl.O=C1C2C3C=CC(C4CC34)C2C(=O)N1CCCN1CCN(C(c2ccc(F)cc2)c2ccc(F)cc2)CC1,Histamine H1 receptor
CN1CCN(c2nc3ccccc3n2CCOc2ccccc2)CC1,Histamine H1 receptor
O=C(CCN1CCN2Cc3[nH]c4ccccc4c3CC2C1)Nc1ccccc1F,Histamine H1 receptor
CN(C)C(=O)C(CCN1CCC(Nc2nc3ccccc3n2Cc2ccccc2)CC1)(c1ccccc1)c1ccccc1,Histamine H1 receptor
CN1CCC(Oc2ccccc2Cc2ccccc2)CC1.O=C(O)/C=C/C(=O)O,Histamine H1 receptor
CSc1cnc2c(c1)CCc1cc(Cl)ccc1C2=C1CCN(C(C)=O)CC1,Histamine H1 receptor
CCN(CC)CC(O)COc1ccc2c(-c3ccccc3)cc(=O)oc2c1,Histamine H1 receptor
CC(=O)N1[C@@H](C)CN(C2c3ccc(Cl)cc3CCc3cccnc32)C[C@H]1C,Histamine H1 receptor
c1ccc(CN(c2ccccc2)[C@H]2CCN(c3ccccc3)[C@@H](c3ccccc3)C2)cc1,Histamine H1 receptor
CC(CN1CCC(=C2c3ccc(F)cc3OCc3cccnc32)CC1)C(=O)O,Histamine H1 receptor
CCCCN1CCN(c2nc3ccccc3n2CCOCC)CC1,Histamine H1 receptor
Cn1c(=O)c2c(ncn2CCCN2CCC(C(c3ccc(F)cc3)c3ccc(F)cc3)CC2)n(C)c1=O.O=C(O)/C=C/C(=O)O,Histamine H1 receptor
O=C(O)c1ccc2c(c1)C(SCCN1CCOCC1)c1ccccc1CO2,Histamine H1 receptor
O=C(NCCN1CCC(Cc2ccccc2)CC1)c1ccccc1Br,Histamine H1 receptor
O=C(O)c1ccc2c(c1)/C(=C/CN1CCN(c3ccc(F)cc3)CC1)c1ccccc1CO2,Histamine H1 receptor
COc1cc(CCN2CCC(Nc3nc4ccccc4n3Cc3ccccc3)CC2)cc(OC)c1OC,Histamine H1 receptor
CC(=O)N1CCC(=C2c3ccc(Cl)cc3CCc3cc(C=O)cnc32)CC1,Histamine H1 receptor
NC(=O)c1c(N2CCCCC2)nc2sc3ccccc3n2c1=O,Histamine H1 receptor
Cl.Cl.O=C1C2C3C=CC(C4CC34)C2C(=O)N1CCN1CCN(C(c2ccccc2)c2ccccc2)CC1,Histamine H1 receptor
CC(=O)N1CCC(=C2c3ccc(Cl)cc3CCc3cc(Cl)cnc32)CC1,Histamine H1 receptor
Clc1ccccc1Cn1c(NC2CCN(CCc3ccccc3)CC2)nc2ccccc21,Histamine H1 receptor
C=CCN1CCC(Nc2nc3ccccc3n2CC)CC1,Histamine H1 receptor
COC(=O)[C@@H](N)[C@H](O)c1c[nH]c(C(=O)CC(c2ccccc2)c2ccccc2)n1,Histamine H1 receptor
Fc1ccc(C(c2ccc(F)cc2)n2c(NC3CCN(CCc4ccccc4)CC3)nc3ccccc32)cc1,Histamine H1 receptor
CN(C)[C@H]1C[C@H](c2ccccc2)N(c2ccccc2)C1,Histamine H1 receptor
CN(C)CCCN1C(=O)CSC1c1ccc(N)cc1.Cl,Histamine H1 receptor
c1ccc(Cc2ccc(OC3CCNCC3)cc2)cc1,Histamine H1 receptor
CC(=O)N1CCC(=C2c3ccc(Cl)cc3CCc3c(O)ccnc32)CC1,Histamine H1 receptor
c1ccc(Cn2c(NC3CCN(CCOc4ccccc4)CC3)nc3ccccc32)cc1,Histamine H1 receptor
CN(C)CC[C@@H]1CN(C)C(=S)c2cc(Cl)cnc2O1,Histamine H1 receptor
COc1ccccc1C(O)C1OC(=O)C=C1CN1CCC(=C2c3ccc(Cl)cc3CCc3cccnc32)CC1,Histamine H1 receptor
CC(c1ccccc1)N1CCC(Nc2nc3ccccc3n2Cc2ccccc2)CC1,Histamine H1 receptor
NCCc1c[nH]c(Cc2cccc(Cl)c2)n1,Histamine H1 receptor
Cc1cc(=O)oc2ccc(OCC(O)CN3CCN(c4ccccc4)CC3)cc12,Histamine H1 receptor
Cn1c(N2CCCN(CCCN3c4ccccc4Sc4ccc(/C=CC(=O)O)cc43)CC2)cc(=O)n(C)c1=O,Histamine H1 receptor
NCCc1csc(-c2ccccc2)n1,Histamine H1 receptor
CCCNCC(O)COc1ccc2c(-c3ccccc3)cc(=O)oc2c1,Histamine H1 receptor
Cn1c(N2CCCN(CCCN3c4ccccc4Sc4ccc(C(=O)O)cc43)CC2)cc(=O)n(C)c1=O,Histamine H1 receptor
c1ccc(C(CCc2nc(CCN3CCCC3)c[nH]2)c2ccccc2)cc1,Histamine H1 receptor
O=[N+]([O-])N1CCN2Cc3[nH]c4ccccc4c3CC2C1,Histamine H1 receptor
CC(=O)N1CCC(=C2c3ccc(Cl)cc3CCc3ccc(C)nc32)CC1,Histamine H1 receptor
O=C(O)CCN1CCC(=C2c3ccc(F)cc3OCc3ncccc32)CC1,Histamine H1 receptor
CC(=O)N1CCC(=C2c3ccc(Cl)cc3CCc3cc(Br)cnc32)CC1,Histamine H1 receptor
CCSCCCn1c(N2CCN(C)CC2)nc2ccccc21,Histamine H1 receptor
CN1CC(CCN2CCOCC2)Oc2ncccc2C1=S,Histamine H1 receptor
CC(=O)N1CCC(=C2c3ccc(Cl)cc3CCc3cc(C(C)O)cnc32)CC1,Histamine H1 receptor
Cn1c(N2CCCN(CCCN3c4ccccc4Sc4ccc(CCC(=O)O)cc43)CC2)cc(=O)n(C)c1=O,Histamine H1 receptor
CCOCCn1c(N2CCN(C=O)CC2)nc2ccccc21,Histamine H1 receptor
Cn1c(N2CCN(CCCN3c4ccccc4COc4ccc(C(=O)O)cc43)CC2)cc(=O)n(C)c1=O,Histamine H1 receptor
CCc1ccccc1NC(=O)CCN1CCN(Cc2ccccc2)CC1,Histamine H1 receptor
CN(C)CCN1C(=O)CSC1c1ccccc1.Cl,Histamine H1 receptor
C[C@@H](c1ccccc1)N1CCC(=C2c3ccc(Cl)cc3CCc3cccnc32)CC1,Histamine H1 receptor
O=C(NCCN1CCN(Cc2ccccc2)CC1)c1ccccc1Cl,Histamine H1 receptor
CN(C)CCNc1nc2sc3cc(Cl)ccc3n2c(=O)c1C(N)=O,Histamine H1 receptor
CN(C)CCCN1C(=O)CSC1c1cccc(F)c1.Cl,Histamine H1 receptor
NCCc1c[nH]c(-c2ccc[nH]2)n1,Histamine H1 receptor
CN1CCN(CCC2CN(C)C(=S)c3cccnc3O2)CC1,Histamine H1 receptor
Cn1c(=O)c2c(ncn2CCCN2CCC(C(C3CC(F)C3)C3CC(F)C3)CC2)n(C)c1=O.O=C(O)/C=C/C(=O)O,Histamine H1 receptor
CN(C)CCSc1nc2ccccc2c2nnnn12,Histamine H1 receptor
O=C(O)/C=C/C(=O)O.c1ccc(Cc2ccccc2OCCCN2CCC2)cc1,Histamine H1 receptor
O=C(O)c1ccc2c(c1)C(SCCN1CCc3ccccc3C1)c1ccccc1CO2,Histamine H1 receptor
O=C(CCN1CCC(Cc2ccccc2)CC1)Nc1ccccc1F,Histamine H1 receptor
CN1CCN(c2nc3ccccc3n2CCc2ccccc2)CC1,Histamine H1 receptor
O=C(O)/C=C/C(=O)O.c1ccc(Cc2ccccc2OC2CCNCC2)cc1,Histamine H1 receptor
COC(=O)C(N)C(O)c1c[nH]c(C(=O)CC(c2ccccc2)c2ccccc2)n1,Histamine H1 receptor
Cn1c(N2CCN(CC/C=C3/c4ccccc4COc4ccc(C(=O)O)cc43)CC2)cc(=O)n(C)c1=O,Histamine H1 receptor
CC(C)(CO)N1C(=O)c2ccccc2C1=O,Histamine H1 receptor
CCOCCn1c(N2CCCN(CC)CC2)nc2ccccc21,Histamine H1 receptor
O=C(O)CCN1CCC(=C2c3ccccc3COc3ccccc32)CC1,Histamine H1 receptor
COc1cnc2c(c1)CCc1cc(Cl)ccc1C2=C1CCN(C(C)=O)CC1,Histamine H1 receptor
CCCCCn1c(N2CCN(C)CC2)nc2ccccc21,Histamine H1 receptor
CCCCCN1CCN(c2nc3ccccc3n2CCOCC)CC1,Histamine H1 receptor
O=c1cc(-c2ccccc2)c2ccc(OCC(O)CN3CCOCC3)cc2o1,Histamine H1 receptor
CN(C)CCC1CN(C)C(=O)c2cnc3cc(C(F)(F)F)ccc3c2O1,Histamine H1 receptor
CN(C)CCC1CN(C)C(=S)c2cccnc2O1,Histamine H1 receptor
Cl.Cl.O=C1C2C3C=CC(C4CC34)C2C(=O)N1CCCCN1CCN(C(c2ccccc2)c2ccccc2)CC1,Histamine H1 receptor
O=C(O)CCN1CCC(=C2c3ccccc3OCc3ncccc32)CC1,Histamine H1 receptor
O=c1oc2cc(OCCCN3CCN(Cc4ccccc4)CC3)ccc2c(O)c1[N+](=O)[O-],Histamine H1 receptor
c1ccc(CCN2CCC(N(Cc3ccccc3)c3nc4ccccc4n3Cc3ccccc3)CC2)cc1,Histamine H1 receptor
OCCN1CCC(=C2c3ccc(Cl)cc3CCc3cccnc32)CC1,Histamine H1 receptor
CCn1c(NC2CCN(CCCC(c3ccc(F)cc3)c3ccc(F)cc3)CC2)nc2ccccc21,Histamine H1 receptor
CC(C(=O)O)c1ccc2c(c1)N(CCCN1CCCN(c3cc(=O)n(C)c(=O)n3C)CC1)c1ccccc1CO2,Histamine H1 receptor
CCN1CCN(c2nc3sc4ccccc4n3c(=O)c2C(N)=O)CC1,Histamine H1 receptor
O=C(NCCN1CCN(Cc2ccccc2)CC1)c1ccccc1I,Histamine H1 receptor
NCCc1c[nH]c(CCCCC(c2ccccc2)c2ccccc2)n1,Histamine H1 receptor
c1ccc(CCN2CCC(Nc3nc4ccccc4[nH]3)CC2)cc1,Histamine H1 receptor
CC(=O)N1CCN([C@@H]2c3ccc(Cl)cc3CCc3cccnc32)CC1,Histamine H1 receptor
Cn1c(N2CCN(CCN3c4ccccc4Sc4ccc(C(=O)O)cc43)CC2)cc(=O)n(C)c1=O,Histamine H1 receptor
CN(C)CCc1cnc[nH]1.Cl,Histamine H1 receptor
CN(C)CCN(Cc1ccccc1)c1ccccc1,Histamine H1 receptor
OCCOCCN1CCN(C(c2ccc(Cl)cc2)c2ccc(Cl)cc2)CC1,Histamine H1 receptor
CS(=O)(=O)c1ccc(/C=C2OC(=O)C=C2CN2CCC(=C3c4ccc(Cl)cc4CCc4cccnc43)CC2)cc1,Histamine H1 receptor
CN(C)C[C@@H]1O[C@@H](c2ccccc2)c2ccccc21,Histamine H1 receptor
Cc1cccc(C2SCC(=O)N2CCCN(C)C)c1.Cl,Histamine H1 receptor
COc1ccccc1N1CCN(CC(O)COc2ccc3c(-c4ccccc4)cc(=O)oc3c2)CC1,Histamine H1 receptor
N#CC1(c2ccccc2)CCC(N2CCC(Nc3nc4ccccc4n3Cc3ccccc3)CC2)CC1,Histamine H1 receptor
CN(c1nc2ccccc2n1Cc1ccccc1Cl)C1CCN(CCc2ccccc2)CC1,Histamine H1 receptor
CNCCN(Cc1ccc(OC)cc1)c1ccccn1,Histamine H1 receptor
CC(C)[C@H]1C[C@@H](N(Cc2ccccc2)c2ccccc2)CCN1C,Histamine H1 receptor
NCCSc1nc(C2CCCCC2)n(-c2ccccc2)n1,Histamine H1 receptor
CCCCCN1CCCN(c2nc3ccccc3n2CCOCC)CC1,Histamine H1 receptor
CC(=O)N1CCN(C2c3ccccc3CCc3ccccc32)CC1,Histamine H1 receptor
CN1CC(CC[N+](C)(C)C)Oc2ncccc2C1=S.[I-],Histamine H1 receptor
CN1CCN(c2nc3ccccc3n2CCOCCO)CC1,Histamine H1 receptor
NC(=O)c1c(N2CCOCC2)nc2sc3ccccc3n2c1=O,Histamine H1 receptor
CCn1c(NC2CCN(C(C)C)CC2)nc2ccccc21,Histamine H1 receptor
CN1C[C@H](CCN2CCC2)Oc2ncc(Cl)cc2C1=S,Histamine H1 receptor
CCc1ccccc1NC(=O)CCN1CCC(Cc2ccccc2)CC1,Histamine H1 receptor
CCOCCn1c(N2CCN(C(c3ccccc3)c3ccccc3)CC2)nc2ccccc21,Histamine H1 receptor
NCCCCCCCCCCc1ccncc1,Histamine H1 receptor
CN1CC(CCN2CCC2)Oc2ncccc2C1=S,Histamine H1 receptor
NCCCCCCCCCCCCc1ccncc1,Histamine H1 receptor
Cl.O=C1C2C3C=CC(C4CC34)C2C(=O)N1CCCCN1CCN(c2ccc(Cl)nn2)CC1,Histamine H1 receptor
CC1(C)C[C@@H](N(Cc2ccccc2)c2ccccc2)CCN1c1ccccc1,Histamine H1 receptor
CN1CC(CCN2CCC2)Oc2ncc(Br)cc2C1=S,Histamine H1 receptor
Cn1c(N2CCCN(CC/C=C3/c4ccccc4COc4ccc(C(=O)O)cc43)CC2)cc(=O)n(C)c1=O,Histamine H1 receptor
OCCN1CCN(c2ncnc3c2oc2ccccc23)CC1,Histamine H1 receptor
Cn1c(N2CCCN(CCCN3c4ccccc4Sc4ccc(CC(=O)O)cc43)CC2)cc(=O)n(C)c1=O,Histamine H1 receptor
CCN1CCN([C@@H](c2ccccc2)c2ccc(Cl)cc2)CC1,Histamine H1 receptor
O=C(CCN1CCN2Cc3[nH]c4ccccc4c3CC2C1)Nc1ccccc1,Histamine H1 receptor
Cn1c(N2CCN(CC/C=C3/c4ccccc4CCc4ccc(CC(=O)O)cc43)CC2)cc(=O)n(C)c1=O,Histamine H1 receptor
CCOc1ccc(CCN2CCC(Nc3nc4ccccc4n3Cc3ccccc3)CC2)cc1,Histamine H1 receptor
CN1CCN(c2nc3ccccc3n2-c2ccccc2)CC1,Histamine H1 receptor
c1ccc(Cn2c(NC3CCN(CCC(c4ccccc4)c4ccccc4)CC3)nc3ccccc32)cc1,Histamine H1 receptor
COc1ccc2c(n1)C(=C1CCN(C(C)=O)CC1)c1ccc(Cl)cc1CC2,Histamine H1 receptor
