smiles,targetname
C[C@H](Cc1ccccc1)NCCc1ccccc1,Sigma opioid receptor
CN(CCc1cccc(I)c1)CCN1CCCC1,Sigma opioid receptor
CCC(C(=O)NC1CCCCC1)N1CCN(C2CCCC2)CC1,Sigma opioid receptor
[H][C@@]12OCCC[C@]1([H])[C@H](C1CCOCC1)Nc1ccc(OCCC(C)C)cc12,Sigma opioid receptor
CN(CCCc1cn(-c2ccc(F)cc2)c2ccccc12)Cc1ccc(Br)cc1,Sigma opioid receptor
O=C(Cc1cccc(Br)c1)NC1CCN(Cc2ccc(F)cc2)CC1,Sigma opioid receptor
COc1ccc(N2C[C@H](CN3CCC(O)(c4ccc(Cl)c(C(F)(F)F)c4)CC3)OC2=O)cc1,Sigma opioid receptor
CCN(CC)CCNS(=O)(=O)c1ccc(Br)cc1,Sigma opioid receptor
CC1C2Cc3ccccc3C1(C)CCN2Cc1ccccc1,Sigma opioid receptor
Fc1ccc(-n2cc(CCN3CCC4(CC3)OCc3ccccc34)c3ccccc32)cc1,Sigma opioid receptor
COc1ccc(CN(C)C(C)CCn2c(=O)oc3ccccc32)cc1,Sigma opioid receptor
[H][C@@]12Cc3ccccc3CN1C(=O)N(CCCNCCCCc1ccccc1)C2=O,Sigma opioid receptor
CCCC(=O)c1ccc2c(c1)sc(=O)n2CCCCCCN1CCCCCC1,Sigma opioid receptor
c1ccc(CN2CCC3(CC2)OCc2ccccc2O3)cc1,Sigma opioid receptor
O=C(Cc1cccc(F)c1)NC1CCN(Cc2ccc(I)cc2)CC1,Sigma opioid receptor
C[C@H](Cc1ccccc1)NCCCCc1ccccc1,Sigma opioid receptor
CCN(CC1CCN(Cc2ccc(Cl)cc2)CC1)C(=O)c1ccc(-c2ccccc2)cc1.Cl,Sigma opioid receptor
[H][C@@]12CCN(Cc3ccccc3)[C@@]([H])(Cc3ccccc31)[C@H]2C(C)C,Sigma opioid receptor
CC1C2Cc3ccc(F)cc3C1(C)CCN2Cc1ccccc1,Sigma opioid receptor
O=C(Cc1cc(F)ccc1F)NC1CCN(Cc2ccccc2)CC1,Sigma opioid receptor
Cc1cc(OCCCN2CCCC2)nn1-c1ccc(Cl)c(Cl)c1,Sigma opioid receptor
COc1ccc(CN2CC3CCCC2CN3Cc2ccccc2)cc1,Sigma opioid receptor
CCC(=O)c1ccc2c(c1)sc(=O)n2CCN1CCCCCC1,Sigma opioid receptor
[H][C@@](C)(Cc1ccccc1)NCCOc1ccccc1,Sigma opioid receptor
COc1ccccc1CN(C)CCCn1c(=O)oc2ccccc21,Sigma opioid receptor
O=C(Cc1cccc(Br)c1)NC1CCN(Cc2ccc(I)cc2)CC1,Sigma opioid receptor
O=C(Cc1cccc(Cl)c1)NC1CCN(Cc2cccc(I)c2)CC1,Sigma opioid receptor
C(CCCNCCc1ccccc1)=C(c1ccccc1)c1ccccc1,Sigma opioid receptor
COc1ccc(CCCN2CCN(C3CCCCC3)CC2)c2c1CCCC2.Cl.Cl,Sigma opioid receptor
CN(CCCn1c(=O)sc2ccccc21)Cc1ccccc1,Sigma opioid receptor
CC(=O)N1CCN(CCOc2cc(C)n(-c3ccc4ccccc4c3)n2)CC1,Sigma opioid receptor
C=CCN(CCc1ccc(Cl)c(Cl)c1)CCN1CCCC1,Sigma opioid receptor
Cl.O=C(OCCN1CCN(c2ccccc2)CC1)C1(c2ccc(Cl)cc2)CCCC1,Sigma opioid receptor
Fc1ccc(-n2cc(CCCCN3CCC4(CC3)OCc3ccc(F)cc34)c3ccccc32)cc1,Sigma opioid receptor
[H][C@]12OCCC[C@@]1([H])[C@H](C1CCCCC1)Nc1ccc(Oc3ccc(Cl)cc3)cc12,Sigma opioid receptor
Cc1cc(OCCN2CCCCC2)nn1-c1ccc2ccccc2c1,Sigma opioid receptor
CN(CCc1ccc(Br)cc1)CCN1CCCC1,Sigma opioid receptor
O=C1NC(c2ccccc2)(c2ccccc2)C(=O)N1CCCCCN1CCN(c2ccccc2)CC1,Sigma opioid receptor
Br.Clc1ccc(CCN2CCCC2)cc1Cl,Sigma opioid receptor
CCCCc1ccc2c(c1)sc(=O)n2CCCCN1CCCCCC1.Cl,Sigma opioid receptor
[H][C@]12CCN(Cc3ccccc3)[C@]([H])(Cc3ccccc31)[C@@H]2C(C)C,Sigma opioid receptor
O=C(Cc1ccc(F)cc1)NC1CCN(Cc2ccccc2)CC1,Sigma opioid receptor
Clc1ccc(-n2ccc(OCCCN3CCOCC3)n2)cc1Cl,Sigma opioid receptor
Cn1ncc2c1CCCC2CCN1CCC(c2ccccc2)CC1,Sigma opioid receptor
c1cc2c(cn1)CCCC2,Sigma opioid receptor
[H][C@@]12Cc3ccccc3CN1C(=O)N(CCN(C)Cc1ccccc1)C2=O,Sigma opioid receptor
CN(CCc1ccc(Cl)c(Cl)c1)[C@H]1CCCC[C@@H]1N1CCCC1,Sigma opioid receptor
Fc1ccc(-n2cc(CCCCN3CCC4(CC3)OCCc3ccccc34)c3ccccc32)cc1,Sigma opioid receptor
CCCCN1CCC2c3ccccc3CC2C1.Cl,Sigma opioid receptor
COc1ccc(N2C[C@H](CN3CCC(O)(c4ccc5c(c4)OCO5)CC3)OC2=O)cc1,Sigma opioid receptor
COC(=O)[C@@]1(c2ccccc2)C[C@H]1CN(C)C12CC3CC(CC(C3)C1)C2,Sigma opioid receptor
Cl.Clc1ccc2c(c1)CCCC21CCN(Cc2ccccc2)CC1,Sigma opioid receptor
CCCC(Cc1ccccc1)[N+](C)(C)CCCc1ccccc1,Sigma opioid receptor
CN1CCN(CCCOc2ccn(-c3ccc(Cl)c(Cl)c3)n2)CC1,Sigma opioid receptor
Cc1cc(OCCN2CCCCC2)nn1-c1ccc(Cl)c(Cl)c1,Sigma opioid receptor
CCCc1ccc2c(c1)sc(=O)n2CCCCCN1CCCCCC1,Sigma opioid receptor
O=c1oc2ccccc2n1CC1CCN(Cc2cccc3ccccc23)CC1,Sigma opioid receptor
CN(CCCn1c(=O)sc2ccc(Br)cc21)Cc1ccccc1,Sigma opioid receptor
N=C(Nc1ccc(I)cc1)Nc1ccc(I)cc1,Sigma opioid receptor
COc1cccc2c1CCC2CCCCN1CCCC(C)(C)C1,Sigma opioid receptor
CC(=O)Nc1cccc(N2CCN(CCCN3C(=O)CCc4c(Cl)cccc43)CC2)c1,Sigma opioid receptor
[H][C@@]12C=Cc3ccc(OC)cc3[C@]1(CCN(C)CCO)CCCC2,Sigma opioid receptor
[H][C@@]12Cc3ccccc3CN1C(=O)N(CCN1CCN(CC(=O)NC(C)C)CC1)C2=O,Sigma opioid receptor
CN1CCN(CCc2ccc(C(c3ccccc3)C34CC5CC(CC(C5)C3)C4)cc2)CC1,Sigma opioid receptor
[H][C@@]12Cc3ccc(O)cc3[C@@](C)(CCN1Cc1ccc(F)cc1)[C@@H]2C,Sigma opioid receptor
CC(=O)Oc1ccc(N2C[C@H](CN3CCC(O)(c4ccc5c(c4)OCO5)CC3)OC2=O)cc1,Sigma opioid receptor
[H][C@@]12OCCC[C@]1([H])[C@H](C1CCCCC1)Nc1ccc(CCCCC)cc12,Sigma opioid receptor
c1csc(-n2cc(CCCCN3CCC4(CC3)OCc3ccccc34)c3ccccc32)c1,Sigma opioid receptor
C=CCN1CCC2c3cc(O)ccc3CC23C(C)C13,Sigma opioid receptor
COc1cccc2c1CCC(=O)N2CCCN1CCN(c2cccc(Cl)c2)CC1.Cl,Sigma opioid receptor
c1ccc(CCCN2CCN(c3ccc4ccccc4c3)CC2)cc1,Sigma opioid receptor
[H][C@@]12Cc3ccccc3[C@@](C)(CCN1Cc1ccccc1)[C@@H]2C,Sigma opioid receptor
CCCCc1ccc2c(c1)sc(=O)n2CCCCCCN1CCCCCC1,Sigma opioid receptor
CCCN(CCc1ccc(Cl)c(Cl)c1)[C@@H]1CCCC[C@@H]1N1CCCC1,Sigma opioid receptor
CN(CCc1ccc2c(c1)OCO2)[C@H]1CCCC[C@H]1N1CCCC1,Sigma opioid receptor
CCN(CC1CCN(Cc2ccc(Cl)cc2)CC1)C(=O)c1ccc(OC)cc1.Cl,Sigma opioid receptor
CN1CCN(CCCc2ccc(C(c3ccccc3)C34CC5CC(CC(C5)C3)C4)cc2)CC1,Sigma opioid receptor
[H][C@@]12Cc3ccc(O)cc3[C@@](C)(CCN1Cc1ccccc1C)[C@@H]2C,Sigma opioid receptor
FCCOc1ccc(N2CCN(CCCCc3cn(-c4ccc(F)cc4)c4ccccc34)CC2)cc1,Sigma opioid receptor
[H][C@]12OCC[C@@]1([H])[C@@H](C1CCCCC1)Nc1ccc(OCCC(C)C)cc12,Sigma opioid receptor
c1ccc(CCN2CCN(c3ccncc3)CC2)cc1,Sigma opioid receptor
CC1(C)CCCN(CCCCCc2ccccc2)C1,Sigma opioid receptor
O=C(Cc1ccccc1)NC1CCN(Cc2ccc3c(c2)OCO3)CC1,Sigma opioid receptor
Cl.[H][C@@]12CCc3ccccc3[C@]1([H])CCN(C)C2,Sigma opioid receptor
[H][C@@](C)(Cc1ccccc1)NCC,Sigma opioid receptor
Cc1cc(OCCN2CCN(c3ccccc3)CC2)nn1-c1ccc(Cl)c(Cl)c1,Sigma opioid receptor
c1ccc(CN2CCC3(CC2)OCc2ccccc2S3)cc1,Sigma opioid receptor
CC1C2Cc3cc(Cl)c(O)c(Cl)c3C1(C)CCN2Cc1ccccc1,Sigma opioid receptor
c1ccc(N2CCN(CCC3OCCc4c3cnn4-c3ccccc3)CC2)cc1,Sigma opioid receptor
Cc1ccc(CN(C)CCCCc2cn(-c3ccc(F)cc3)c3ccccc23)cc1C,Sigma opioid receptor
CN(CCCn1c(=O)oc2ccc(Br)cc21)Cc1ccccc1,Sigma opioid receptor
c1ccc(C2c3[nH]c4ccccc4c3CCN2CCCN2Cc3ccccc3C2)cc1,Sigma opioid receptor
O=C(Cc1ccc(O)c(O)c1)NC1CCN(Cc2ccccc2)CC1,Sigma opioid receptor
Clc1ccc(CCN(CC2CC2)[C@H]2CCCC[C@H]2N2CCCC2)cc1Cl,Sigma opioid receptor
Cc1ccc(CN(C)CCCn2c(=O)oc3ccccc32)cc1,Sigma opioid receptor
O=c1oc2ccccc2n1CCCCN1CCN(C2CCCCC2)CC1,Sigma opioid receptor
O=C(Cc1cccc(F)c1)NC1CCN(Cc2cccc(I)c2)CC1,Sigma opioid receptor
c1ccc(CCCCCNCCc2ccccc2)cc1,Sigma opioid receptor
[H][C@@](C)(Cc1ccccc1)NCC1CC1,Sigma opioid receptor
O=C(CSc1ncccn1)NC1CCN(Cc2ccccc2)CC1,Sigma opioid receptor
Cc1ccccc1CN1CCC(Cn2c(=O)oc3ccccc32)CC1,Sigma opioid receptor
[H][C@]12CC[C@]([H])([C@@H](C(=O)OC)[C@@H](OC(=O)c3ccc(N=[N+]=[N-])c([125I])c3)C1)N2C,Sigma opioid receptor
Clc1ccc(CN2CCN(Cc3ccccc3)CC2)c(Cl)c1,Sigma opioid receptor
O=C(Cc1cccc(F)c1)NC1CCN(Cc2ccc(F)cc2)CC1,Sigma opioid receptor
CCN(CC)CCNC(=O)c1ccc(OC)c(I)c1,Sigma opioid receptor
CN(CCCCc1cn(-c2ccc(F)cc2)c2ccccc12)Cc1ccc(Cl)c(Cl)c1,Sigma opioid receptor
Cl.O=C(OCCCN1CCC(c2ccccc2)CC1)C1(c2ccc(I)cc2)CCCC1,Sigma opioid receptor
O=C(Cc1ccccc1)NC1CCN(Cc2cccc(F)c2)CC1,Sigma opioid receptor
O=C1NC(c2ccccc2)(c2ccccc2)C(=O)N1CCCCCN1CCC(c2ccccc2)CC1,Sigma opioid receptor
N#Cc1ccc(OCC2CCN(Cc3ccccc3I)CC2)cc1,Sigma opioid receptor
Cc1cc(OCCCCN2CCCCC2)nn1-c1ccc(Cl)c(Cl)c1,Sigma opioid receptor
CN(CCCN1CCCC1)CCc1ccc(Cl)c(Cl)c1,Sigma opioid receptor
[H][C@@]12C=Cc3ccc(OC)cc3[C@]1(CCNC)CCCC2,Sigma opioid receptor
Fc1cccc(CN2CCC(COc3c(F)c(F)c(F)c(F)c3F)CC2)c1,Sigma opioid receptor
O=c1sc2ccccc2n1CCCCCN1CCCCCC1,Sigma opioid receptor
C[C@H]1C=Cc2ccccc2[C@@H]1CCNCc1ccccc1,Sigma opioid receptor
O=C(Cc1cccc(F)c1)NC1CCN(Cc2ccccc2)CC1,Sigma opioid receptor
CN(CCCN1CCc2c([nH]c3ccccc23)C1c1ccccc1)Cc1ccccc1,Sigma opioid receptor
Clc1ccc(-n2ccc(OCCCCN3CCSCC3)n2)cc1Cl,Sigma opioid receptor
O=C(Cc1ccccc1Cl)NC1CCN(Cc2ccccc2)CC1,Sigma opioid receptor
Cl.[H][C@]12CCN(C)C[C@]1([H])CCc1ccccc12,Sigma opioid receptor
COc1ccc(N2C[C@H](CN3CCC(O)(c4ccsc4)CC3)OC2=O)cc1,Sigma opioid receptor
COc1ccc2c(c1)CCC(=O)N2CCCN1CCN(c2cccc(Cl)c2)CC1,Sigma opioid receptor
Fc1ccc(-n2cc(CCCCN3CCC4(CC3)COc3ccccc34)c3ccccc32)cc1,Sigma opioid receptor
COc1cccc2c1CCC(=O)N2CCCN1CCN(c2cccc(Cl)c2)CC1.CS(=O)(=O)O.O,Sigma opioid receptor
Cl.[H][C@@]12CCc3ccccc3[C@]1([H])CCN(Cc1ccccn1)C2,Sigma opioid receptor
COc1ccc(CCN2CCN(CCc3ccc(OC)cc3)CC2)cc1,Sigma opioid receptor
COc1ccc2c(c1)N(CCCN1CCN(c3cccc(Cl)c3)CC1)C(=O)CC2,Sigma opioid receptor
CN(CCN1CCCCCC1)S(=O)(=O)c1ccc(Br)cc1,Sigma opioid receptor
O=C(Cc1ccccc1C(F)(F)F)NC1CCN(Cc2ccccc2)CC1,Sigma opioid receptor
O=C1O[C@@H](CN2CCC(O)(c3ccc4c(c3)OCO4)CC2)CN1c1ccc(O)cc1,Sigma opioid receptor
CCN(CC)CCNC(=O)c1cc(I)ccc1OC,Sigma opioid receptor
Cl.O=c1sc2ccccc2n1CCN1CCCC1,Sigma opioid receptor
OC(CCC(c1ccc(F)cn1)N1CCNCC1)c1ccc(F)cc1,Sigma opioid receptor
O=c1sc2ccccc2n1CCCN1CCN(C2CCCCC2)CC1,Sigma opioid receptor
CN(CCCc1cn(-c2ccc(F)cc2)c2ccccc12)Cc1ccc(Cl)cc1,Sigma opioid receptor
C[C@@H](Cc1ccccc1)NCCCc1ccccc1,Sigma opioid receptor
COc1cc2c(cc1OC)CN(CCCCn1cc(-c3ccccc3)c3ccccc31)CC2,Sigma opioid receptor
[H][C@@]12Cc3ccccc3CN1CN(CCN1CCCCC1)C2,Sigma opioid receptor
[H][C@]12OCCC[C@@]1([H])[C@@H](C1CCOCC1)Nc1ccc(CCCCC)cc12,Sigma opioid receptor
COc1ccc(CCN(C)CCN2CCCC2)cc1,Sigma opioid receptor
Clc1ccc(CCN2CCC[C@H]2CN2CCCC2)cc1Cl,Sigma opioid receptor
C[C@H](Cc1ccccc1)NCCCc1cccc2ccccc12,Sigma opioid receptor
Cl.c1ccc2c(c1)CCCC1CN(C3CCCCC3)CCC21,Sigma opioid receptor
OCC1Cc2ccccc2C2(CCN(Cc3ccccc3)CC2)O1,Sigma opioid receptor
Nc1cccc(CCN2CCN(CCCc3ccccc3)CC2)c1,Sigma opioid receptor
c1ccc(CN2CCC(C3CCc4ccccc4S3)CC2)cc1,Sigma opioid receptor
COc1cc2c(cc1OC)CN(CCCCc1cn(-c3ccc(F)cc3)c3ccccc13)C2,Sigma opioid receptor
O=c1sc2ccccc2n1CCCN1CCCCCC1,Sigma opioid receptor
CN(Cc1ccc(Cl)c(Cl)c1)[C@H]1CCCC[C@H]1N1CCCC1,Sigma opioid receptor
FCCCCCN1CCN(CCc2ccc(Cl)c(Cl)c2)CC1,Sigma opioid receptor
COc1ccc2c(CCCN3CCCC(C)(C)C3)cccc2c1,Sigma opioid receptor
CN(C(=O)Cc1ccc2c(c1)OCO2)[C@@H]1CCCC[C@@H]1N1CCCC1,Sigma opioid receptor
FCCn1cc(CCCCN2CCC3(CC2)OCc2ccccc23)c2ccccc21,Sigma opioid receptor
CN(CCc1cccc(N)c1)CCN1CCCC1,Sigma opioid receptor
CN(CCc1ccccc1N)CCN1CCCC1,Sigma opioid receptor
[H][C@]12OCCC[C@@]1([H])[C@@H](C1CCCCC1)Nc1ccc(CCCC)cc12,Sigma opioid receptor
[H][C@@]12Cc3ccc(O)cc3[C@@](C)(CCN1Cc1ccc(OC)cc1)[C@@H]2C,Sigma opioid receptor
c1ccc(C(c2ccc(N3CCOCC3)cc2)C23CC4CC(CC(C4)C2)C3)cc1,Sigma opioid receptor
COc1cccc2c1CCC(=O)N2CCCN1CCN(c2ccccc2Cl)CC1,Sigma opioid receptor
[H][C@]12OCCC[C@@]1([H])[C@@H](C1CCCCC1)Nc1ccc(C3CCCCC3)cc12,Sigma opioid receptor
CCN1CCN(c2ccc(C(c3ccccc3)C34CC5CC(CC(C5)C3)C4)cc2)CC1,Sigma opioid receptor
O=c1sc2ccccc2n1CCCCCCN1CCCCCC1,Sigma opioid receptor
[H][C@@]12Cc3ccc(O)cc3[C@@](C)(CCN1Cc1ccc(C)cc1)[C@@H]2C,Sigma opioid receptor
CC(C)=CCN1CCC2(C)c3c(ccc(O)c3Br)CC1C2C,Sigma opioid receptor
CC1C2Cc3ccc(N(C)C)cc3C1(C)CCN2Cc1ccccc1,Sigma opioid receptor
N#Cc1cccc(CN2CCC(COc3ccc(I)cc3)CC2)c1,Sigma opioid receptor
CN(CCc1ccc2ccccc2c1)CCN1CCCC1,Sigma opioid receptor
[H][C@@]12Cc3ccccc3CN1C(=O)N(CCN1CCN(CCO)CC1)C2=O,Sigma opioid receptor
CS(=O)(=O)CCCN1CCC2(CC1)OCc1ccccc12,Sigma opioid receptor
[H][C@@]12OCCC[C@]1([H])[C@H](C1CCCCC1)Nc1ccc(OCCC(C)C)cc12,Sigma opioid receptor
Clc1ccc(CCN2CCCNCC2)cc1Cl,Sigma opioid receptor
c1ccc(C(c2ccc(CCCN3CCCCC3)cc2)C23CC4CC(CC(C4)C2)C3)cc1,Sigma opioid receptor
CCN1CCCC1CNCCc1ccc(Cl)c(Cl)c1,Sigma opioid receptor
O=C(NCc1ccccc1)C1CCN(Cc2ccccc2)CC1,Sigma opioid receptor
[H][C@@]12Cc3ccccc3CN1C(=O)N(CCCN(C)c1ccccc1)C2=O,Sigma opioid receptor
Clc1ccc(CN2CCN(Cc3ccccc3)CC2)cc1Cl,Sigma opioid receptor
COc1cc2c(cc1OC)CN(CCCCn1cc(-c3ccoc3)c3ccccc31)CC2,Sigma opioid receptor
COc1ccc(N2C[C@H](CN3CCC(O)(c4ccc(F)cc4)CC3)OC2=O)cc1,Sigma opioid receptor
O=c1oc2cc(Br)ccc2n1CCCN1Cc2ccccc2C1,Sigma opioid receptor
c1ccc(CN2CCN(c3ccc(C(c4ccccc4)C45CC6CC(CC(C6)C4)C5)cc3)CC2)cc1,Sigma opioid receptor
c1ccc(CCCCCN2CCC3(CC2)OCc2ccccc23)cc1,Sigma opioid receptor
CN(CCCc1cn(-c2ccc(F)cc2)c2ccccc12)Cc1ccccc1Br,Sigma opioid receptor
CN(CCCN1CCc2c([nH]c3ccccc23)C1c1ccccc1)CCc1ccccc1,Sigma opioid receptor
Cc1cccc(CN(C)CCCCn2c(=O)oc3ccccc32)c1,Sigma opioid receptor
[H][C@]12C[C@@](c3cccc(O)c3)(CC/C1=C/c1ccccc1)CCN2C,Sigma opioid receptor
CCOC1Cc2ccccc2C2(CCN(Cc3ccccc3)CC2)O1,Sigma opioid receptor
CCN(CC1CCN(Cc2ccc(Cl)cc2)CC1)C(=O)c1ccc(Cl)cc1.Cl,Sigma opioid receptor
Cl.[H][C@@]12CCc3ccccc3[C@]1([H])CCN(C1[C@]3([H])C[C@@]4([H])C[C@]([H])(C[C@]1([H])C4)C3)C2,Sigma opioid receptor
CN(CCCN1CCc2oc3ccccc3c2C1)CCc1ccccc1,Sigma opioid receptor
O=C([C@H]1C[C@@H]1c1ccccc1)N1CCN(c2ccccc2)CC1,Sigma opioid receptor
Cl.[H][C@@]12CCc3ccc(OC)cc3[C@]1([H])CCN(C)C2,Sigma opioid receptor
CCN(CC)CCCCOc1ccn(-c2ccc(Cl)c(Cl)c2)n1,Sigma opioid receptor
[H][C@@]12Cc3ccccc3CN1C(=O)N(CCCCN(C)Cc1ccccc1)C2=O,Sigma opioid receptor
COc1cccc(CCN2CCN(CCc3cccc(OC)c3)CC2)c1,Sigma opioid receptor
CC(C)=CCN1CCC2(C)c3cc(O)c(I)cc3CC1C2C,Sigma opioid receptor
[H][C@]12Cc3ccccc3CN1C(=O)N(CCN1CCCCC1)C2=O,Sigma opioid receptor
Cl.c1ccc2c(c1)CCCC21CCN(CC2CCCO2)CC1,Sigma opioid receptor
O=C(Cc1ccsc1)NC1CCN(Cc2ccccc2)CC1,Sigma opioid receptor
COc1cc2c(cc1OC)CN(CCCCNC(=O)c1ccc([N+](=O)[O-])cc1)CC2,Sigma opioid receptor
Fc1ccccc1N1CCN(CCCn2ccc3ccccc32)CC1,Sigma opioid receptor
Clc1ccc(-n2ccc(OCCOCCN3CCCCC3)n2)cc1Cl,Sigma opioid receptor
FCCOc1cccc(N2CCN(CCCCc3cn(-c4ccc(F)cc4)c4ccccc34)CC2)c1,Sigma opioid receptor
c1ccc2c(c1)COC21CCN(CCCCc2cn(-c3ccsc3)c3ccccc23)CC1,Sigma opioid receptor
COc1ccc2cc(C(C)CCN3CCCCC3)ccc2c1,Sigma opioid receptor
[H][C@]12OCCC[C@@]1([H])[C@@H](C1CCCCC1)Nc1ccc(Oc3ccccc3)cc12,Sigma opioid receptor
CC1C2Cc3ccc(O)cc3C1(C)CCN2Cc1ccccc1,Sigma opioid receptor
O=c1oc2ccccc2n1CCCCCN1CCN(C2CCCCC2)CC1,Sigma opioid receptor
CC1C2Cc3ccc(NS(C)(=O)=O)cc3C1(C)CCN2Cc1ccccc1,Sigma opioid receptor
CC(Cc1ccc2ccccc2c1)NCCCc1ccccc1,Sigma opioid receptor
[H][C@@]12Cc3ccccc3CN1C(=O)N(CCCN(C)CCc1ccccc1)C2=O,Sigma opioid receptor
CN(CCc1ccc(Cl)c(Cl)c1)CCN(C)CCN1CCCC1,Sigma opioid receptor
[H][C@]12OCCC[C@@]1([H])[C@@H](C1CCCC1)Nc1ccc(OCCC(C)C)cc12,Sigma opioid receptor
O=c1oc2cc(Cc3ccccc3)ccc2n1CCN1CCOCC1,Sigma opioid receptor
N=C(Nc1cccc(I)c1)NC12CC3CC(CC(C3)C1)C2,Sigma opioid receptor
COC1Cc2ccccc2C2(CCN(CCCCc3ccccc3)CC2)O1,Sigma opioid receptor
Clc1ccc(CCN2CCC[C@@H]2CN2CCCC2)cc1Cl,Sigma opioid receptor
[H][C@@]12Cc3ccc(O)cc3[C@@](C)(CCN1Cc1ccccc1I)[C@@H]2C,Sigma opioid receptor
CC[C@H](C)[C@H](C(=O)NCc1ccccc1)N1C(=O)[C@@H](CCCCCN)N(Cc2ccccc2)C1=O,Sigma opioid receptor
CN(CCCCCc1ccccc1)Cc1ccccc1,Sigma opioid receptor
C1=Cc2ccccc2C2(CCN(Cc3ccccc3)CC2)O1,Sigma opioid receptor
CC1C2Cc3ccc(N)cc3C1(C)CCN2Cc1ccccc1,Sigma opioid receptor
CCCN(CCC)C1Cc2ccccc2C(c2ccccc2)C1,Sigma opioid receptor
O=C(CCCCC1CCSS1)N1CCN(c2ccccc2)CC1,Sigma opioid receptor
CC(Cc1ccc(Br)cc1)NCCCc1ccccc1,Sigma opioid receptor
CC[C@H]1C=Cc2ccccc2[C@@H]1CCNCc1ccccc1,Sigma opioid receptor
N#CC1OC2(CCN(Cc3ccccc3)CC2)c2ccccc21,Sigma opioid receptor
Clc1cccc(CN2CCN(Cc3ccccc3)CC2)c1,Sigma opioid receptor
CN(CCCCc1cn(-c2ccc(F)cc2)c2ccccc12)Cc1ccccc1,Sigma opioid receptor
CN(CCCCn1c(=O)oc2ccccc21)Cc1ccccc1,Sigma opioid receptor
N=C(Nc1cccc(F)c1)NC12CC3CC(CC(C3)C1)C2,Sigma opioid receptor
Fc1ccc(CN2CCN(Cc3ccc4c(c3)OCO4)CC2)cc1,Sigma opioid receptor
O=[N+]([O-])c1ccc(CN2CCN(Cc3ccc4c(c3)OCO4)CC2)cc1,Sigma opioid receptor
CCN(CC1CCN(Cc2ccccc2)CC1)C(=O)c1ccc(Cl)cc1.Cl,Sigma opioid receptor
O=C1O[C@@H](CN2CCC(O)(c3ccc4c(c3)OCO4)CC2)CN1c1ccc(OCC2CC2)cc1,Sigma opioid receptor
C=CCN1CC2[C@@H](O)CCC1CN2Cc1ccc(OC)cc1,Sigma opioid receptor
CCCCCN(C)C(=O)CN1CCCNCC1,Sigma opioid receptor
O=C(c1ccccc1)c1ccc2c(c1)sc(=O)n2CCN1CCCC1,Sigma opioid receptor
CC(Cc1cccc(Br)c1)NCCCc1ccccc1,Sigma opioid receptor
c1ccc(CCNC23OC4C5C6CC(C7C6C4C72)C53)cc1,Sigma opioid receptor
CN(CCc1cccc(Br)c1)CCN1CCCC1,Sigma opioid receptor
O=C(Cc1ccc2c(c1)OCO2)NC1CCN(Cc2ccccc2)CC1,Sigma opioid receptor
[H][C@@](C)(Cc1ccccc1)NCCC,Sigma opioid receptor
Fc1ccc(-n2cc(CCCCN3CCC4(CC3)SCc3ccccc34)c3ccccc32)cc1,Sigma opioid receptor
O=C(Cc1c[nH]cn1)NC1CCN(Cc2ccccc2)CC1,Sigma opioid receptor
[H][C@@]12Cc3ccc(O)cc3[C@@](C)(CCN1Cc1ccc(C(C)(C)C)cc1)[C@@H]2C,Sigma opioid receptor
COc1cccc2c1CCC(=O)N2CCCN1CCN(c2cccc(Br)c2)CC1,Sigma opioid receptor
Cc1cc(C)c(CN2CCC(Cn3c(=O)oc4ccccc43)CC2)c(C)c1,Sigma opioid receptor
CCC(=O)c1ccc2c(c1)sc(=O)n2CCCCCCN1CCCCCC1,Sigma opioid receptor
CC(=O)N(Cc1ccccc1)CC1CCN(Cc2ccc(Cl)cc2)CC1,Sigma opioid receptor
O=C(Cc1cccc(Br)c1)NC1CCN(Cc2ccccc2)CC1,Sigma opioid receptor
CCC(=O)c1ccc2c(c1)sc(=O)n2CCN1CCCCC1,Sigma opioid receptor
O=C(Cc1ccccc1)NC1CCN(Cc2ccccc2F)CC1,Sigma opioid receptor
CCC(=O)c1ccc2c(c1)sc(=O)n2CCCCCN1CCCCCC1,Sigma opioid receptor
CN(C)CCCCCc1ccccc1,Sigma opioid receptor
CCC(=O)c1ccc2c(c1)sc(=O)n2CCCN1CCCCCC1,Sigma opioid receptor
CC(C)N1CCCN(CC(=O)N[C@H](C)C(C)(C)C)CC1,Sigma opioid receptor
C[C@@H](Cc1ccccc1)NCCc1ccccc1,Sigma opioid receptor
CCN(CC)CCCCOc1cc(C)n(-c2ccc(Cl)c(Cl)c2)n1,Sigma opioid receptor
CN(CCCN1c2ccccc2Sc2ccccc21)CCc1ccccc1,Sigma opioid receptor
c1ccc2c(c1)CN(CCCN1CCc3oc4ccccc4c3C1)C2,Sigma opioid receptor
[H][C@]12OCCC[C@@]1([H])[C@@H](c1ccccc1)Nc1ccc(OCCCC)cc12,Sigma opioid receptor
COc1ccc(N2C[C@H](CN3CCC(O)(c4ccccc4)CC3)OC2=O)cc1,Sigma opioid receptor
CC(C)=CCN1CCC2(C)c3cc(F)ccc3CC1C2C,Sigma opioid receptor
COc1cc2c(cc1OC)CN(CCCCNC(=O)c1ccccc1)CC2,Sigma opioid receptor
c1ccc(CCCN2CCc3ccccc3C2)cc1,Sigma opioid receptor
O=C1NC(c2ccccc2)(c2ccccc2)C(=O)N1CCCCN1CCC(c2ccccc2)CC1,Sigma opioid receptor
CCCc1ccc(CC(C)NCCCc2ccccc2)cc1,Sigma opioid receptor
Cc1ccc(CN2CCC3(CCc4ccccc43)CC2)cc1.Cl,Sigma opioid receptor
NCCCC[C@@H]1C(=O)N([C@@H](CC2CCCCC2)C(N)=O)C(=O)N1Cc1ccccc1,Sigma opioid receptor
O=C(CN1CCCCC1)Nc1ccn(-c2ccc(Cl)c(Cl)c2)n1,Sigma opioid receptor
[H][C@@](C)(Cc1ccccc1)NCC#Cc1ccccc1,Sigma opioid receptor
Fc1ccc(-n2cc(CCCCN3CCC4(CC3)OCc3c(C(F)(F)F)cccc34)c3ccccc32)cc1,Sigma opioid receptor
Cl.OC12C3C4CC5C6C4C1C6C(C53)N2Cc1ccccc1,Sigma opioid receptor
Cn1c(=O)n(CCCN2Cc3ccccc3C2)c2ccccc21,Sigma opioid receptor
O=C1O[C@@H](CN2CCC(O)(c3ccc4c(c3)OCO4)CC2)CN1c1ccc(Cl)cc1,Sigma opioid receptor
O=c1oc2ccccc2n1CC1CCN(Cc2ccccc2)CC1,Sigma opioid receptor
CC1CCN(CCOc2ccn(-c3ccc(Cl)c(Cl)c3)n2)CC1,Sigma opioid receptor
CC(C)[C@@H]1C=Cc2ccccc2[C@H]1CCNCc1ccccc1,Sigma opioid receptor
CC(Cc1ccccc1)NC(C)c1ccccc1,Sigma opioid receptor
[H][C@]12CCN(Cc3ccccc3)[C@]([H])(Cc3ccccc31)[C@@H]2CC,Sigma opioid receptor
CCN(CC1CCN(Cc2ccccc2)CC1)C(=O)c1ccc(OC)cc1.Cl,Sigma opioid receptor
CCCCN(CCc1ccc(Cl)c(Cl)c1)CCN1CCCC1,Sigma opioid receptor
COc1ccc2cc(/C(C)=C/CN3CCCCC3)ccc2c1,Sigma opioid receptor
CSc1ccc(NC(=O)NC2CCN(Cc3ccccc3)CC2)cc1,Sigma opioid receptor
Br.[H][C@@]12C=Cc3ccc(OC)cc3[C@]1(CCN(C)CC(=O)OC(C)(C)C)CCCC2,Sigma opioid receptor
COC1Cc2ccccc2C2(CCN(C/C=C/c3ccccc3)CC2)O1,Sigma opioid receptor
Cl.O=C(OCCCN1CCC(c2ccccc2)CC1)C1(c2ccc([N+](=O)[O-])cc2)CCCC1,Sigma opioid receptor
CCCN(CCc1ccc(Cl)c(Cl)c1)[C@H]1CCCC[C@H]1N1CCCC1,Sigma opioid receptor
O=C(Cc1cc(F)cc(F)c1)NC1CCN(Cc2ccccc2)CC1,Sigma opioid receptor
[H][C@@]12Cc3ccc(O)cc3[C@@](C)(CCN1Cc1ccc(N)cc1)[C@@H]2C,Sigma opioid receptor
Clc1ccc(CCN2CCCC(N3CCCC3)C2)cc1Cl,Sigma opioid receptor
Fc1ccc(-n2cc(CCCN3CCC4(CC3)OCc3ccccc34)c3ccccc32)cc1,Sigma opioid receptor
[H][C@]12OCCC[C@@]1([H])[C@@H](C1CCCCC1)Nc1ccc(OCc3ccc(F)cc3)cc12,Sigma opioid receptor
FCCOc1ccc(CN2CCC3(CC2)OCc2ccccc23)cn1,Sigma opioid receptor
CCN(CC)CCCCC(c1ccccc1)c1ccccc1,Sigma opioid receptor
CC(=O)c1ccc2c(c1)oc(=O)n2CCCCN1CCN(c2ccc(F)cc2)CC1,Sigma opioid receptor
O=c1oc2ccccc2n1CC1CCN(Cc2ccc(F)cc2)CC1,Sigma opioid receptor
Cc1cc(OCCNC2CCCCC2)nn1-c1ccc(Cl)c(Cl)c1,Sigma opioid receptor
[H][C@@]12CCCCN1C(=O)N(CCN1CCCCC1)C2=O,Sigma opioid receptor
[H][C@@]12Cc3ccccc3CN1C(=O)N(CCN1CCN(C)CC1)C2=O,Sigma opioid receptor
N=C(Nc1ccccc1I)NC12CC3CC(CC(C3)C1)C2,Sigma opioid receptor
CC(=O)c1ccc2c(ccn2CCCCN2CCN(C3CCCCC3)CC2)c1,Sigma opioid receptor
O=C(Cc1cccs1)NC1CCN(Cc2ccccc2)CC1,Sigma opioid receptor
OC1OC2(CCN(Cc3ccccc3)CC2)c2ccccc21,Sigma opioid receptor
CCCCN(CCC)C(=O)CN1CCNCC1,Sigma opioid receptor
O=C(Cc1ccc(I)cc1)NC1CCN(Cc2ccccc2)CC1,Sigma opioid receptor
O=C(Cc1cccc(Cl)c1)NC1CCN(Cc2ccc(I)cc2)CC1,Sigma opioid receptor
CCCCCN1CCN(CCc2ccc(Cl)c(Cl)c2)CC1,Sigma opioid receptor
[H][C@]12CC[C@]([H])([C@@H](C(=O)OC)[C@@H](OC(=O)c3ccccc3)C1)N2CCc1ccc(N=[N+]=[N-])c([125I])c1,Sigma opioid receptor
Cl.O=C(OCCCCN1CCC(c2ccccc2)CC1)C1(c2ccccc2)CCCC1,Sigma opioid receptor
CCN(CC1CCN(Cc2ccccc2)CC1)C(=O)c1cccc2ccccc12.Cl,Sigma opioid receptor
C[C@@H]1C=Cc2ccccc2[C@H]1CCNCc1ccccc1,Sigma opioid receptor
O=C(Cc1cccc([N+](=O)[O-])c1)N1CCN(CCCc2ccccc2)CC1,Sigma opioid receptor
CN(C)CCn1c(=O)oc2cc(C(=O)c3ccccc3)ccc21,Sigma opioid receptor
COc1ccccc1CCN1CCN(CCc2ccccc2OC)CC1,Sigma opioid receptor
Cc1cccc(CN(C)CCCn2c(=O)oc3ccccc32)c1,Sigma opioid receptor
[H][C@]12OCCC[C@@]1([H])[C@@H](C1CC1)Nc1ccc(OCCCC)cc12,Sigma opioid receptor
c1ccc(CCNCCCCC(c2ccccc2)c2ccccc2)cc1,Sigma opioid receptor
CC1CCN(CCC=C(c2ccccc2)c2ccccc2)CC1,Sigma opioid receptor
CCN(CC1CCN(Cc2ccc(Cl)cc2)CC1)C(=O)c1ccc2ccccc2c1.Cl,Sigma opioid receptor
CCCC(Cc1ccccc1)NCCCCc1ccccc1,Sigma opioid receptor
[H][C@@]12Cc3ccccc3CN1C(=O)N(CCCN(Cc1ccccc1)c1nccn1C=O)C2=O,Sigma opioid receptor
COc1cccc2c1ccc(=O)n2CCCN1CCN(c2cccc(C(F)(F)F)c2)CC1,Sigma opioid receptor
CC1(C)C2CC[C@]1(C)CN(CCC1CCCCC1)C2,Sigma opioid receptor
CC1C2Cc3ccc(Cl)cc3C1(C)CCN2Cc1ccccc1,Sigma opioid receptor
CC1C2Cc3ccccc3C1(C)CCN2C,Sigma opioid receptor
CC(C)(C)CCNC(=O)CN1CCN(C(=O)C2CCCCC2)CC1,Sigma opioid receptor
c1ccc(CCN2CCc3ccccc3C2)cc1,Sigma opioid receptor
[H][C@@]12C=Cc3ccc(OC)cc3[C@]1(CCN(C)CC(=O)OC(C)(C)C)CCCC2,Sigma opioid receptor
COc1ccc(N2C[C@H](CN3CCC(O)(c4ccc(Cl)cc4)CC3)OC2=O)cc1,Sigma opioid receptor
Cl.Clc1ccc(CN2CCC3(CCCc4ccccc43)CC2)cc1,Sigma opioid receptor
CN(CCN1CCCC1)Cc1cccc(I)c1,Sigma opioid receptor
CN(CCCn1c(=O)oc2ccccc21)Cc1ccccc1Cl,Sigma opioid receptor
OC1Cc2ccccc2C2(CCN(CCCc3ccccc3)CC2)O1,Sigma opioid receptor
O=c1oc2ccccc2n1CCCCCCN1CCN(C2CCCCC2)CC1,Sigma opioid receptor
COc1ccc(CC(=O)N(C)CCN2CCCC2)cc1,Sigma opioid receptor
Clc1ccc(-n2ccc(OCCN3CCOCC3)n2)cc1,Sigma opioid receptor
c1ccc2c(c1)c(-c1ccoc1)cn2CCCCN1CCN(C2CCCCC2)CC1,Sigma opioid receptor
COc1ccc(C2(C(=O)OCCN3CCC(c4ccccc4)CC3)CCCC2)cc1.Cl,Sigma opioid receptor
COc1ccc2c(c1)C1(CCC2)CCN(Cc2ccccc2)CC1.Cl,Sigma opioid receptor
CN(CCc1ccccc1[N+](=O)[O-])CCN1CCCC1,Sigma opioid receptor
CC1C2Cc3ccc(Br)cc3C1(C)CCN2Cc1ccccc1,Sigma opioid receptor
CN(CCCCc1cn(-c2ccc(F)cc2)c2ccccc12)Cc1ccccc1F,Sigma opioid receptor
CCN(CC1CCN(Cc2ccccc2)CC1)C(=O)c1ccco1.Cl,Sigma opioid receptor
O=c1sc2ccccc2n1CCCCN1CCN(C2CCCCC2)CC1,Sigma opioid receptor
CN(C)CC(C)(C)CNC(=O)[C@H]1C[C@@H]1c1ccccc1,Sigma opioid receptor
[H][C@@]12Cc3ccc(O)cc3CN1C(=O)N(CCN1CCCCC1)C2=O,Sigma opioid receptor
CC1CCN(CCC=C2c3ccccc3Sc3ccccc32)CC1,Sigma opioid receptor
O=C(Cc1ccccn1)NC1CCN(Cc2ccccc2)CC1,Sigma opioid receptor
COc1ccc(N2C[C@H](CN3CCC(O)(c4ccc(OC)c(OC)c4)CC3)OC2=O)cc1,Sigma opioid receptor
COc1cc2c(cc1OC)CN(CCCCn1cc(CCF)c3ccccc31)CC2,Sigma opioid receptor
Cc1ccc(CN2CCC(Cn3c(=O)oc4ccccc43)CC2)c(C)c1,Sigma opioid receptor
O=C(Cc1ccccc1Br)NC1CCN(Cc2ccccc2)CC1,Sigma opioid receptor
O=C(Cc1ccccc1)NC1CCN(Cc2ccc(F)c(F)c2)CC1,Sigma opioid receptor
CN(CCN1CCCC1)C(=O)Cc1cccc([N+](=O)[O-])c1,Sigma opioid receptor
Nc1ccc(CC(=O)NC2CCN(Cc3ccccc3)CC2)cc1,Sigma opioid receptor
c1ccc(-c2cn(CCCCN3CCN(C4CCCCC4)CC3)c3ccccc23)cc1,Sigma opioid receptor
CCCN(C)C1Cc2ccccc2C(c2ccccc2)C1,Sigma opioid receptor
COc1ccc(NC(=N)NC23CC4CC(CC(C4)C2)C3)cc1,Sigma opioid receptor
COc1cccc(N2CCN(CCCN3C(=O)CCc4c(Cl)cccc43)CC2)c1,Sigma opioid receptor
Clc1ccc(CCN(CC2CC2)[C@@H]2CCCC[C@@H]2N2CCCC2)cc1Cl,Sigma opioid receptor
CCN(CC1CCN(Cc2ccccc2)CC1)C(=O)c1ccc(C)cc1.Cl,Sigma opioid receptor
O=C1CC(C2CCN(Cc3ccccc3)CC2)Sc2ccccc21,Sigma opioid receptor
O=c1oc2ccccc2n1CCCN1Cc2ccccc2C1,Sigma opioid receptor
C[C@H](Cc1ccccc1)NCCCc1ccc2ccccc2c1,Sigma opioid receptor
O=C(Cc1ccc(C(F)(F)F)cc1)NC1CCN(Cc2ccccc2)CC1,Sigma opioid receptor
Cc1cc(OCCN2CCOCC2)nn1-c1cccc(Cl)c1,Sigma opioid receptor
COc1cccc2c1ccc(=O)n2CCCN1CCN(c2cccc(Br)c2)CC1,Sigma opioid receptor
CN(C)CCC1OCCc2c1cnn2-c1ccccc1,Sigma opioid receptor
CC1C2Cc3ccc(O)c(Cl)c3C1(C)CCN2Cc1ccccc1,Sigma opioid receptor
[H][C@]12OCCC[C@@]1([H])[C@@H](C1CCCCC1)Nc1ccc(OCCC(C)C)cc12,Sigma opioid receptor
O=C1CCc2c(Cl)cccc2N1CCCN1CCN(c2cccc([N+](=O)[O-])c2)CC1,Sigma opioid receptor
O=C(Cc1ccc(Cl)c(Cl)c1)N1CCN(CCCc2ccccc2)CC1,Sigma opioid receptor
Cl.[H][C@@]12CCc3ccccc3[C@]1([H])CCN(Cc1ccc([N+](=O)[O-])cc1)C2,Sigma opioid receptor
Fc1ccc(N2CCN(CCCCn3cc(-c4ccccc4)c4ccccc43)CC2)cc1,Sigma opioid receptor
CSc1cccc2c1CCC(=O)N2CCCN1CCN(c2cccc(Cl)c2)CC1,Sigma opioid receptor
c1ccc2c(c1)ccn2CCCCN1CCN(C2CCCCC2)CC1,Sigma opioid receptor
C[C@@H](Cc1ccc(I)cc1)NCCCc1ccccc1,Sigma opioid receptor
CC(C)=CCN1CCC2(C)c3c(ccc(O)c3Cl)CC1C2C,Sigma opioid receptor
Cl.c1ccc(CN2CCC3(CCc4ccccc43)CC2)nc1,Sigma opioid receptor
Cc1cc(OCCN2CCC(C)CC2)nn1-c1ccc(Cl)c(Cl)c1,Sigma opioid receptor
Cl.[H][C@@]12CCc3ccccc3[C@]1([H])CCN(Cc1ccccc1)C2,Sigma opioid receptor
COc1ccc2c(c1)CCC2CCCN1CCCC(C)(C)C1,Sigma opioid receptor
O=C1O[C@@H](CN2CCC(O)(c3ccc4c(c3)OCO4)CC2)CN1c1ccc(F)cc1,Sigma opioid receptor
Cl.O=c1sc2ccccc2n1CCN1CCCCCCC1,Sigma opioid receptor
Clc1ccccc1CN1CCN(Cc2ccccc2)CC1,Sigma opioid receptor
[H][C@@]12Cc3ccccc3CN1C(=O)N(CCN1CCCCC1)C2,Sigma opioid receptor
[H][C@@]12Cc3ccccc3CN1C(=O)N(CCCN1CCN(CCCN(C)C)CC1)C2=O,Sigma opioid receptor
O=c1oc2ccccc2n1CC1CCN(Cc2ccc(Cl)cc2)CC1,Sigma opioid receptor
O=S(=O)(NCCN1CCCCCC1)c1ccc(Br)cc1,Sigma opioid receptor
CC(C)CCN1CCC2(C)c3cc(F)ccc3CC1C2C,Sigma opioid receptor
O=C(Cc1ccc2ccccc2c1)NC1CCN(Cc2ccccc2)CC1,Sigma opioid receptor
CN(CCN1CCCC1)C(=O)Cc1ccc([N+](=O)[O-])cc1,Sigma opioid receptor
[H][C@]12OCC[C@@]1([H])[C@@H](C1CCCCC1)Nc1ccc(CCCCC)cc12,Sigma opioid receptor
COc1cccc(CC(=O)N2CCN(CCCc3ccccc3)CC2)c1,Sigma opioid receptor
Br.[H][C@@]12C=Cc3ccc(OC)cc3[C@]1(CCN(C)CCOCc1ccccc1)CCCC2,Sigma opioid receptor
[H][C@@]12Cc3ccc(O)cc3[C@@](C)(CCN1Cc1ccc(N(C)C)cc1)[C@@H]2C,Sigma opioid receptor
Fc1ccc(-n2cc(CCCCN3CCC4(CC3)Oc3ccccc3O4)c3ccccc32)cc1,Sigma opioid receptor
Clc1ccc(CCN2CCCCC(N3CCCC3)C2)cc1Cl,Sigma opioid receptor
CN(CCCc1cn(-c2ccc(F)cc2)c2ccccc12)Cc1ccccc1F,Sigma opioid receptor
COc1cccc(CC(=O)NC2CCN(Cc3ccccc3)CC2)c1,Sigma opioid receptor
CN(CCCCOc1ccn(-c2ccc(Cl)c(Cl)c2)n1)Cc1ccccc1,Sigma opioid receptor
COc1ccc2c(c1)C(CCCN1CCCC(C)(C)C1)CCC2,Sigma opioid receptor
Cc1cc(OCCN2CCOCC2)n(-c2ccc3ccccc3c2)n1,Sigma opioid receptor
CC1(C)CCCN(CCCC2=CCc3ccccc32)C1,Sigma opioid receptor
Clc1ccc(CCN2CCN3CCCCC3C2)cc1Cl,Sigma opioid receptor
Cc1c(OCCN2CCOCC2)nn(-c2ccc(Cl)c(Cl)c2)c1C,Sigma opioid receptor
[H][C@@]12Cc3ccc(O)cc3[C@@](C)(CCN1Cc1ccc(Br)cc1)[C@@H]2C,Sigma opioid receptor
COc1cccc(C(O)CNC2CCN(Cc3ccccc3)CC2)c1OC,Sigma opioid receptor
O=C(Nc1ccccc1)C1CCN(Cc2ccc(Cl)cc2)CC1,Sigma opioid receptor
O=C(NC1CCC(N2CCCCC2)CC1)[C@H]1C[C@@H]1c1ccccc1,Sigma opioid receptor
O=c1sc2ccccc2n1CCCCCN1CCN(C2CCCCC2)CC1,Sigma opioid receptor
COc1ccccc1CC(=O)N1CCN(CCCc2ccccc2)CC1,Sigma opioid receptor
COc1ccc(N2C[C@@H](CN3CCC(O)(c4ccc(F)cc4)CC3)OC2=O)cc1,Sigma opioid receptor
C[C@H]1[C@H](c2ccccc2)CC(=O)N1CC(N)=O,Sigma opioid receptor
Cl.O=C(OCCCN1CCC(c2ccccc2)CC1)C1(c2ccc(Cl)cc2)CCCC1,Sigma opioid receptor
O=C(Cc1ccc(Cl)c(Cl)c1)N[C@@H]1CCCC[C@@H]1N1CCCC1,Sigma opioid receptor
[H][C@]12CCN(Cc3ccccc3)[C@]([H])(Cc3ccccc31)[C@@H]2C,Sigma opioid receptor
[H][C@@](C)(Cc1ccccc1)NCCC(=O)c1ccccc1,Sigma opioid receptor
c1ccc(CCCCCN2CCCC2)cc1,Sigma opioid receptor
Cl.c1ccc(CCN2CCC3=C(CCc4ccccc43)C2)cc1,Sigma opioid receptor
O=C1NC(c2ccccc2)(c2ccccc2)C(=O)N1CCCCN1CCN(c2ccccc2)CC1,Sigma opioid receptor
COc1ccccc1CC(=O)N(C)CCN1CCCC1,Sigma opioid receptor
COc1ccccc1CN(C)CCCCn1c(=O)oc2ccccc21,Sigma opioid receptor
OC(COc1ccn(-c2ccc(Cl)c(Cl)c2)n1)CN1CCOCC1,Sigma opioid receptor
CC1(C)CCCN(CCCC2CCCc3sccc32)C1.O=C(O)C(=O)O,Sigma opioid receptor
CNCCN(C)CCc1ccc(Cl)c(Cl)c1,Sigma opioid receptor
CC(C)=CCN1CCC2(C)c3ccccc3CC1C2C,Sigma opioid receptor
O=C1CCc2c(Cl)cccc2N1CCCN1CCN(c2cccc(Cl)c2)CC1,Sigma opioid receptor
CN(CCCN1CCc2c([nH]c3ccccc23)C1)CCc1ccccc1,Sigma opioid receptor
[H][C@@]12Cc3ccc(O)cc3[C@@](C)(CCN1Cc1cccc(I)c1)[C@@H]2C,Sigma opioid receptor
[H][C@@]12C=Cc3ccc(OCC(=O)OC(C)(C)C)cc3[C@]1(CCN(C)CC(=O)OC(C)(C)C)CCCC2,Sigma opioid receptor
COc1ccc2c(c1)CCCC2CCCN1CCCC(C)(C)C1,Sigma opioid receptor
[H][C@]12Cc3ccccc3[C@](C)(CCN1Cc1ccccc1)[C@H]2C,Sigma opioid receptor
[H][C@@]12Cc3ccc(O)cc3[C@@](C)(CCN1Cc1ccc(I)cc1)[C@@H]2C,Sigma opioid receptor
[H][C@]12C[C@](c3cccc(O)c3)(CCN1C)CC(=O)/C2=C/c1ccc(Cl)c(Cl)c1,Sigma opioid receptor
[H][C@@]12Cc3ccccc3CN1C(=O)N(CCCCCCN(C)CCc1ccccc1)C2=O,Sigma opioid receptor
c1ccc(CCN2CCC3(CC2)OCc2ccccc23)cc1,Sigma opioid receptor
[H][C@]12OCCC[C@@]1([H])[C@@H](C1CCCCC1)Nc1ccc(Oc3ccccc3Cl)cc12,Sigma opioid receptor
N/C(=NC12CC3CC(CC(C3)C1)C2)Nc1ccc(O)cc1,Sigma opioid receptor
COc1ccc(N2C[C@H](CN3CCC(O)(c4ccc(OC)cc4)CC3)OC2=O)cc1,Sigma opioid receptor
CCC(=O)c1ccc2c(c1)sc(=O)n2CCCCN1CCCCCC1,Sigma opioid receptor
CNCCCCCc1ccccc1,Sigma opioid receptor
Cc1cc(F)ccc1/N=C(N)NC12CC3CC(CC(C3)C1)C2,Sigma opioid receptor
O=C(Cc1ccc(Cl)cc1)NC1CCN(Cc2ccccc2)CC1,Sigma opioid receptor
CN(CCCCc1cn(-c2ccc(F)cc2)c2ccccc12)Cc1ccc(Cl)cc1,Sigma opioid receptor
[H][C@]12OCCC[C@@]1([H])[C@H](C1CCCCC1)Nc1ccc(Oc3cccc(Cl)c3)cc12,Sigma opioid receptor
CN(CCc1ccc(Cl)c(Cl)c1)CCN(C)CCN(C)CCN(C)CCN1CCCC1,Sigma opioid receptor
[H][C@@]12Cc3ccc(O)cc3[C@@](C)(CCN1Cc1ccc(C(F)(F)F)cc1)[C@@H]2C,Sigma opioid receptor
CN(CCCn1c(=O)oc2cc3c(cc21)C(c1ccccc1)CC3=O)Cc1ccccc1,Sigma opioid receptor
COc1ccc(N2C[C@@H](CN3CCC(O)(c4ccccc4)CC3)OC2=O)cc1,Sigma opioid receptor
O=C(Cc1cccc([N+](=O)[O-])c1)NC1CCN(Cc2ccccc2)CC1,Sigma opioid receptor
COc1ccc(N2C[C@H](CN3CCC(O)(c4ccc5c(c4)OCCO5)CC3)OC2=O)cc1,Sigma opioid receptor
Cc1cc(OCCCCN2C[C@H](C)O[C@H](C)C2)nn1-c1ccc2ccccc2c1,Sigma opioid receptor
COc1ccc(N2C[C@H](CN3CCC(O)(c4ccc5c(c4)OC4(CCCC4)O5)CC3)OC2=O)cc1,Sigma opioid receptor
[H][C@@]12Cc3ccccc3CN1C(=O)N(CCCCCN(C)CCc1ccccc1)C2=O,Sigma opioid receptor
CCC[C@H](C(=O)NCc1ccccc1)N1C(=O)[C@@H](CCCCCN)N(Cc2ccccc2)C1=O,Sigma opioid receptor
c1ccc(CCCCCCN2CCC3(CC2)OCc2ccccc23)cc1,Sigma opioid receptor
COc1ccccc1CCN1CCN(C(=O)Cc2ccccc2OC)CC1,Sigma opioid receptor
CCN(CC)CCCCC(O)(c1ccccc1)c1ccccc1,Sigma opioid receptor
CCCCCN(C)C(=O)CN1CCNC2(CCCCC2)C1,Sigma opioid receptor
CC1(C)CCCN(CCCC2CCc3ccccc32)C1,Sigma opioid receptor
CC(C)=CCN1CCC2(C)c3c(cc(Br)c(O)c3Br)CC1C2C,Sigma opioid receptor
O=C(Cc1ccc(Cl)cc1Cl)NC1CCN(Cc2ccccc2)CC1,Sigma opioid receptor
O=c1ccc2ccccc2n1CCCN1CCN(c2cccc(Cl)c2)CC1,Sigma opioid receptor
CCN(CC1CCN(Cc2ccc(Cl)cc2)CC1)C(=O)c1ccc(C)cc1.Cl,Sigma opioid receptor
O=[N+]([O-])c1ccccc1CCN1CCN(CCCc2ccccc2)CC1,Sigma opioid receptor
CCC(=O)N1CCN(CC(=O)NCC(C)CC)CC1,Sigma opioid receptor
O=c1oc2ccccc2n1CC1CCN(Cc2ccccc2F)CC1,Sigma opioid receptor
COc1cc2c(cc1OC)CN(CCCCn1cc(CCCF)c3ccccc31)CC2,Sigma opioid receptor
CC[C@@H](C)[C@H](C(=O)NCc1ccccc1)N1C(=O)[C@@H](CCCCN)N(Cc2ccccc2)C1=O,Sigma opioid receptor
CN(CCCn1c(=O)oc2cc3c(cc21)C(c1ccc(Cl)cc1)CC3=O)Cc1ccccc1,Sigma opioid receptor
Fc1ccc(-c2cn(CCCCN3CCN(C4CCCCC4)CC3)c3ccccc23)cc1,Sigma opioid receptor
c1ccc(CCCCCCCNCc2ccccc2)cc1,Sigma opioid receptor
[H][C@@](C)(Cc1ccccc1)NCc1ccccc1,Sigma opioid receptor
COc1ccc(CC(=O)N2CCN(CCCc3ccccc3)CC2)cc1,Sigma opioid receptor
O=c1oc2ccccc2n1CC1CCN(Cc2ccc(-c3ccccc3)cc2)CC1,Sigma opioid receptor
Fc1ccc(-c2cn(CCCCN3CCN(c4ccc(F)cc4)CC3)c3ccccc23)cc1,Sigma opioid receptor
[H][C@@]12CCN(Cc3ccccc3)[C@@]([H])(Cc3ccccc31)[C@H]2C,Sigma opioid receptor
CCN1CCC2(CC1)OCc1ccccc12,Sigma opioid receptor
Clc1ccc(CCN2CCN3CCC2CC3)cc1Cl,Sigma opioid receptor
CN(CCCN1c2ccccc2Sc2ccccc21)Cc1ccccc1,Sigma opioid receptor
COc1cc2c(cc1OC)CN(CCCCn1ccc3cc(C(C)=O)ccc31)CC2,Sigma opioid receptor
NCCCCCC1CCCCC1,Sigma opioid receptor
N=C(NCCCOc1ccc(F)cc1)Nc1ccc(C(F)(F)F)cc1,Sigma opioid receptor
NCCC[C@H]1C(=O)N([C@H](CC2CCCCC2)C(N)=O)C(=O)N1Cc1ccccc1,Sigma opioid receptor
Cc1ccc(CN(C)CCCCc2cn(-c3ccc(F)cc3)c3ccccc23)cc1,Sigma opioid receptor
c1ccc(CCCCCNCCCc2ccccc2)cc1,Sigma opioid receptor
CCN1CCN(CCc2ccc(Cl)c(Cl)c2)CC1,Sigma opioid receptor
COc1ccc(C)cc1NC(=O)OC1CC2CCCC(C1)N2CCCCCCCCCCN,Sigma opioid receptor
C[C@H](Cc1ccccc1)N(C)CCCc1ccccc1,Sigma opioid receptor
COc1ccc(C2(C(=O)OCCCN3CCC(c4ccccc4)CC3)CCCC2)cc1.Cl,Sigma opioid receptor
CN(C)CCNCCc1ccc(Cl)c(Cl)c1,Sigma opioid receptor
CN(CCCN1c2ccccc2Oc2ccccc21)Cc1ccccc1,Sigma opioid receptor
O=C(Cc1ccccc1)NC1CCN(Cc2cccc(I)c2)CC1,Sigma opioid receptor
O=C(CCN1CCN(C(=O)C2CC2)CC1)NC1CCCCC1,Sigma opioid receptor
CCC(CC)NC(=O)CN1CCCN(C)CC1,Sigma opioid receptor
Nc1cccc2c1CCC(=O)N2CCCN1CCN(c2cccc(Cl)c2)CC1,Sigma opioid receptor
COc1ccc2c(c1)C1=C(CC2)CN(C)CC1.Cl,Sigma opioid receptor
