smiles,targetname
CC(=O)NCc1cncc(Cl)c1COc1cccc2c(-c3ccnn3C)cc(C)nc12,Bradykinin B2 receptor
CNC(=O)c1ccc(/C=C/C(=O)NCC(=O)N(C)c2ccc(Cl)c(COc3cccc4ccc(C)nc34)c2)cc1,Bradykinin B2 receptor
Cc1cc(-c2ncnn2C)c2cccc(OCc3c(Cl)cncc3Cl)c2n1,Bradykinin B2 receptor
NC(N)=NCCC[C@H](NC(=O)[C@@H]1CC2CCCCC2N1C(=O)[C@@H]1Cc2ccccc2CN1C(=O)[C@H](CO)NC(=O)[C@@H](N)Cc1ccccc1)C(=O)O,Bradykinin B2 receptor
[H][C@@]12CC3CCCCC3N1C(=O)[C@@]1([H])Cc3ccccc3CN1C(=O)[C@H](Cc1cccs1)N[C@@H](CCCCN)C(=O)NC(=O)[C@H](CCCN=C(N)N)NC2=O,Bradykinin B2 receptor
Cc1ccc(NC(=O)NCC(=O)N(C)c2ccc(Cl)c(COc3cccn4c(Br)c(C)nc34)c2Cl)cc1.Cl,Bradykinin B2 receptor
Cc1ccc2cccc(OCc3c(Cl)ccc(N(C)C(=O)CCc4ccc(C(=O)c5cccnc5)n4C)c3Cl)c2n1,Bradykinin B2 receptor
CC(=O)Nc1ccc(/C=C/C(=O)NCC(=O)N(C)c2ccc(C)c(COc3cccc4ncc(C)nc34)c2C)cn1,Bradykinin B2 receptor
O=[N+]([O-])c1ccccc1C/N=C(S)NCc1ccccc1,Bradykinin B2 receptor
CCCC[P+](CCCC)(CCCC)Cc1ccc(NC(=O)[C@H](Cc2ccc3ccccc3c2)N(C)/C(=N/C2CCCCC2)NC2CCCCC2)cc1.[Cl-],Bradykinin B2 receptor
Clc1cccc(Cl)c1COc1cccn2ccnc12,Bradykinin B2 receptor
NC(N)=NCCC[C@H](NC(=O)CN1CC[C@H](NC(=O)[C@H](CO)NC(=O)[C@H](Cc2cccs2)NC(=O)CNC(=O)[C@@H]2CC(O)CN2C(=O)[C@@H]2CCCN2C(=O)[C@H](CCCN=C(N)N)NC(=O)[C@H](N)CCCN=C(N)N)C1=O)C(=O)O,Bradykinin B2 receptor
Cc1nc2c(OCc3c(Br)cccc3Br)cccn2c1Cl,Bradykinin B2 receptor
[H][C@@]1(C(=O)NCCN(C)CCN(C)C)CCCN1S(=O)(=O)c1ccc(NNC(=O)NC(c2ccccc2)c2ccccc2)c(Cl)c1,Bradykinin B2 receptor
CCCC[PH](CCCC)(CCCC)Cc1ccc(NC(=O)C2Cc3ccccc3CN2C(=O)[C@H](CCc2ccccc2)N/C(=N/C2CCCCC2)NC2CCCCC2)cc1.Cl.Cl,Bradykinin B2 receptor
NCCCCN1C(=O)C(Cc2ccccc2)N=C(c2ccccc2)c2ccccc21,Bradykinin B2 receptor
Cc1ccc2cccc(OCc3c(Cl)ccc(N(C)C(=O)CNC(=O)/C=C/c4cccc(C(=O)N(C)C)c4)c3Cl)c2n1,Bradykinin B2 receptor
CC(=O)NCCC(=O)N(C)c1ccc(Cl)c(COc2cccn3c(Br)c(C)nc23)c1Cl,Bradykinin B2 receptor
Cc1cc(C)c2cccc(OCc3c(Cl)ccc(S(=O)(=O)N4CCC[C@H]4C(=O)CCCNC(=O)c4ccc(C(=N)N)cc4)c3Cl)c2n1,Bradykinin B2 receptor
Cc1ccc2cccc(OCc3c(Cl)ccc(N(C)C(=O)Cc4ccc(C(=O)c5cccs5)n4C)c3Cl)c2n1,Bradykinin B2 receptor
Cc1cc(OCc2ccccn2)c2cccc(OCc3c(Cl)ccc(N(C)C(=O)CNC(=O)/C=C/c4ccc(C(=O)N(C)C)cc4)c3Cl)c2n1,Bradykinin B2 receptor
COc1nc2c(OCc3c(Cl)ccc(N(C)C(=O)CNC(=O)/C=C/c4ccc(NC(C)=O)nc4)c3Cl)cccc2n1C,Bradykinin B2 receptor
CC(=O)N(C)c1ccc(/C=C/C(=O)NCC(=O)N(C)c2ccc(Cl)c(COc3cccn4c(Br)c(C)nc34)c2Cl)cc1.Cl,Bradykinin B2 receptor
COc1ccc(N(C)C(=O)CNC(=O)/C=C/c2cccc(C)c2)c(OC)c1COc1cccc2ccc(C)nc12,Bradykinin B2 receptor
Cc1nc2c(NCc3c(Cl)cccc3Cl)cccn2c1Cl,Bradykinin B2 receptor
CCCCc1ccnc([C@H](CC2CCCCC2)NC(=O)CCCCN(CCCC)CCCC)c1,Bradykinin B2 receptor
Cc1nc2c(OCc3c(Cl)ccc(N(C)C(=O)CNC(=O)Nc4cccc(N)c4)c3Cl)cccn2c1Br,Bradykinin B2 receptor
Cc1nc2c(OCc3c(Cl)cccc3Cl)cccn2c1CO,Bradykinin B2 receptor
Cc1nc2c(OCc3c(Cl)ccc(N(C)C(=O)CN)c3Cl)cccn2c1Br,Bradykinin B2 receptor
N=C(N)NCCC[C@H](N)C(=O)N1CCC[C@H]1C(=O)N1CCC[C@H]1C(=O)NCC(=O)N[C@@H](CC(=O)O)C(=O)N[C@@H](CO)C(=O)N1CCC[C@H]1C(=O)N[C@@H](Cc1ccccc1)C(=O)N[C@@H](CCCNC(=N)N)C(=O)O,Bradykinin B2 receptor
Cc1cc(OCc2ccccn2)c2cccc(OCc3c(Cl)ccc(N(C)C(=O)CNC(=O)/C=C/c4ccc(NC(=O)c5ccncc5)cc4)c3Cl)c2n1,Bradykinin B2 receptor
CCCC[P+](CCCC)(CCCC)Cc1ccc(NC(=O)[C@H](Cc2ccccc2)N/C(=N/C(C)C)NC(C)C)cc1.[Cl-],Bradykinin B2 receptor
Cc1nc2c(OCc3c(Cl)ccc(N(C)C(=O)CNC(=O)/C=C/c4ccc(C(=O)N(C)C)cc4)c3Cl)cccn2c1Br.Cl,Bradykinin B2 receptor
Cc1cnc2cccc(OCc3c(Cl)ccc(N(C)C(=O)CNC(=O)/C=C/c4ccc(C(=O)N(C)C)cc4)c3Cl)c2n1,Bradykinin B2 receptor
COc1ccc(C(=O)c2ccc(CC(=O)N(C)c3ccc(Cl)c(COc4cccc5ccc(C)nc45)c3Cl)n2C)cc1,Bradykinin B2 receptor
Cc1ccccc1NC(=O)NCC(=O)N(C)c1ccc(Cl)c(COc2cccn3c(Br)c(C)nc23)c1Cl,Bradykinin B2 receptor
O=[N+]([O-])c1ccccc1N/N=C(/S)NCc1ccccc1,Bradykinin B2 receptor
CCC[P+](CCC)(CCC)Cc1ccc(-c2ccc(C[P+](CCC)(CCC)CCC)cc2)cc1.[Cl-].[Cl-],Bradykinin B2 receptor
NC(N)=NCCC[C@H](NC(=O)[C@H](N)CCCN=C(N)N)C(=O)N1CCC[C@H]1C(=O)N1CC(O)C[C@H]1C(=O)NCC(=O)N[C@@H](Cc1cccs1)C(=O)N[C@@H](CO)C(=O)NC1COc2ccccc2N(CC(=O)N[C@H](CCCN=C(N)N)C(=O)O)C1=O,Bradykinin B2 receptor
CCCC[P+](CCCC)(CCCC)Cc1ccc(NC(=O)C2Cc3ccccc3CN2C(=O)C(CCc2ccccc2)NC(=O)OC(C)(C)C)cc1.[Cl-],Bradykinin B2 receptor
Cc1ccc2cccc(OCc3c(Cl)ccc(N(C)C(=O)CNC(=O)/C=C/c4ccc(N5CCCC5=O)nc4)c3Cl)c2n1.Cl.Cl,Bradykinin B2 receptor
CNC(=O)c1ccc(/C=C/C(=O)NCC(=O)N(C)c2ccc(Cl)c(COc3cccc4c(OC5CCCC5)cc(C)nc34)c2Cl)cc1.Cl,Bradykinin B2 receptor
[H][C@@]12CC3CCCCC3N1C(=O)[C@@]1([H])Cc3ccccc3CN1C(=O)[C@H](Cc1cccs1)NC(=O)CNC(=O)[C@H](CCCNC(=N)N)NC2=O,Bradykinin B2 receptor
Cc1cc(-c2ccnn2C)c2cccc(OCc3c(Cl)cncc3Sc3nccn3C)c2n1,Bradykinin B2 receptor
CNC(=O)c1ccc(/C=C/C(=O)NCC(=O)N(C)c2ccc(Cl)c(COc3cccc4c3nc(OC)n4C)c2Cl)cc1,Bradykinin B2 receptor
C[C@@]12CCCC[C@]1(C)N(C(=O)[C@H]1Cc3ccccc3CN1C(=O)[C@H](CO)NC(=O)[C@H](Cc1cccs1)NC(=O)CNC(=O)[C@@H]1C[C@@H](O)CN1C(=O)[C@H]1CCCN1C(=O)[C@H](CCCN=C(N)N)NC(=O)c1ccc(NC(N)C=N)cc1)[C@H](C(=O)N[C@@H](CCCN=C(N)N)C(=O)O)C2,Bradykinin B2 receptor
Cc1cn2cccc(OCc3c(Cl)cccc3Cl)c2n1,Bradykinin B2 receptor
CNC(=O)c1ccc(/C=C/C(=O)NCC(=O)N(C)c2ccc(Cl)c(COc3cccc4cnc(C)nc34)c2Cl)cc1,Bradykinin B2 receptor
CNC(=O)c1ccc(/C=C/C(=O)NCC(=O)N(C)c2ccc(Cl)c(COc3cccc4ccc(C)nc34)c2Cl)cc1.Cl,Bradykinin B2 receptor
Cc1cc(-c2n[nH]cc2C)c2cccc(OCc3c(Cl)cncc3Cl)c2n1,Bradykinin B2 receptor
CC(NC(=O)[C@@H]1C[C@H](O)CN1C(=O)[C@@H]1CCCN1C(=O)[C@H](CCCN=C(N)N)NC(=O)[C@H](N)CCCN=C(N)N)C(=O)N[C@@](C)(Cc1ccccc1)C(=O)N[C@@H](CO)C(=O)N1Cc2ccccc2C[C@@H]1C(=O)N1C2CCCCC2C[C@H]1C(=O)N[C@@H](CCCN=C(N)N)C(=O)O,Bradykinin B2 receptor
NC(N)=NCCC[C@H](NC(=O)CN1C(=O)[C@](Cc2ccccc2)(NC(=O)[C@H](CO)NC(=O)[C@H](Cc2cccs2)NC(=O)CNC(=O)[C@@H]2CC(O)CN2C(=O)[C@@H]2CCCN2C(=O)[C@H](CCCN=C(N)N)NC(=O)[C@H](N)CCCN=C(N)N)C(=O)C1Cc1ccccc1)C(=O)O,Bradykinin B2 receptor
CCCC[PH](CCCC)(CCCC)Cc1ccc(NC(=O)CN/C(=N/C(C)C)NC(C)C)cc1.Cl.Cl,Bradykinin B2 receptor
CC(=O)Nc1ccc(Cl)c(COc2cccn3c(Br)c(C)nc23)c1Cl,Bradykinin B2 receptor
Cc1cc(-c2ccnn2C)c2cccc(OCc3c(Cl)cncc3CNS(C)(=O)=O)c2n1,Bradykinin B2 receptor
Cc1ccc2cccc(OCc3c(Cl)ccc(N(C)C(=O)CNC(=O)/C=C/c4ccc(C(=O)Nc5ccccn5)cc4)c3Cl)c2n1,Bradykinin B2 receptor
CCCC[PH](CCCC)(CCCC)Cc1ccc(/C=C[C@H](Cc2ccc3ccccc3c2)N/C(=N/C2CCCCC2)NC2CCCCC2)cc1.Cl.Cl,Bradykinin B2 receptor
CNC(=O)c1ccc(/C=C/C(=O)NCC(=O)N(C)c2ccc(Cl)c(COc3cccc4c(OCC(=O)O)cc(C)nc34)c2Cl)cc1,Bradykinin B2 receptor
Cc1nc2c(OCc3c(Cl)ccc(N(C)C(=O)CNC(=O)CN(C)C)c3Cl)cccn2c1Br,Bradykinin B2 receptor
O=C(NC1CN2CCC1CC2)[C@H](Cc1ccc2ccccc2c1)N/C(=N/C1CCCCC1)NC1CCCCC1,Bradykinin B2 receptor
Cc1nc2c(NC(=O)c3c(Cl)cccc3Cl)cccn2c1Cl,Bradykinin B2 receptor
CNC(=O)c1ccc(/C=C/C(=O)NCC(=O)N(C)c2ccc(Cl)c(COc3cccc4c3nc(-c3ccccc3)n4C)c2Cl)cc1,Bradykinin B2 receptor
Cc1cc(-c2ccnn2C)c2cccc(OCc3c(Cl)cncc3OCC(=O)N(C)C)c2n1,Bradykinin B2 receptor
CCC(=O)NCC(=O)N(C)c1ccc(Cl)c(COc2cccn3c(Br)c(C)nc23)c1Cl.Cl,Bradykinin B2 receptor
N=C(N)Nc1cccc(CN2C(=O)C(Cc3ccccc3)N=C(c3ccccc3)c3ccccc32)c1,Bradykinin B2 receptor
[H][C@@]12CC3CCCCC3N1C(=O)[C@@]1([H])Cc3ccccc3CN1C(=O)[C@H](CO)NC(=O)[C@H](Cc1cccs1)NC(=O)[C@H](C)NC(=O)[C@H](CCCN=C(N)N)NC2=O,Bradykinin B2 receptor
COc1cccc(NC(=O)NCC(=O)N(C)c2ccc(Cl)c(COc3cccn4c(Br)c(C)nc34)c2Cl)c1.Cl,Bradykinin B2 receptor
Cc1cc(OCc2ccccn2)c2cccc(OCc3c(Cl)ccc(N(C)C(=O)CNC(=O)/C=C/c4ccc(NC(=O)Cc5ccncc5)nc4)c3Cl)c2n1,Bradykinin B2 receptor
Cc1cc(-c2ccnn2C)c2cccc(OCc3c(Cl)cncc3Sc3nccs3)c2n1,Bradykinin B2 receptor
CCCC[PH](CCCC)(CCCC)Cc1ccc(NC(=O)[C@H](Cc2ccccc2)N/C(=N/C2CCCCC2)NC2CCCCC2)cc1.Cl.Cl,Bradykinin B2 receptor
CCOc1cc(C)nc2c(OCc3c(Cl)ccc(N(C)C(=O)CNC(=O)/C=C/c4ccc(C(=O)NC)cc4)c3Cl)cccc12.Cl,Bradykinin B2 receptor
CNC(=O)c1ccc(/C=C/C(=O)NCC(=O)N(C)c2ccc(Cl)c(COc3cccc4cnc(C)cc34)c2Cl)cc1,Bradykinin B2 receptor
Cc1cc(-c2ccnn2C)c2cccc(OCc3c(Cl)cncc3CNC(=O)N(C)C)c2n1,Bradykinin B2 receptor
Cc1ccc2cccc(OCc3c(Cl)ccc(N(C)C(=O)CNC(=O)/C=C/c4ccc(C(=O)Nc5ccncc5)cc4)c3Cl)c2n1.Cl.Cl,Bradykinin B2 receptor
O=C(O)c1ccccc1N/N=C(S)NCc1ccccc1,Bradykinin B2 receptor
Cc1cc(-c2scnc2C)c2cccc(OCc3c(Cl)cncc3Cl)c2n1,Bradykinin B2 receptor
CCCC[P+](CCCC)(CCCC)Cc1ccc(NC(=O)C2Cc3ccccc3CN2C(=O)CCCc2ccccc2)cc1.[Cl-],Bradykinin B2 receptor
Cc1ccc2cccc(OCc3c(Cl)ccc(N(C)C(=O)CCc4ccc(C(=O)c5ccc(Cl)nc5)n4C)c3Cl)c2n1,Bradykinin B2 receptor
O=C(Nc1cccnc1)[C@@H](Cc1ccc2ccccc2c1)N/C(=N/C1CCCCC1)NC1CCCCC1,Bradykinin B2 receptor
CCCC[P+](CCCC)(CCCC)Cc1ccc(NC(=O)[C@H](Cc2ccccc2)NC(=O)c2ccc(C[P+](CCCC)(CCCC)CCCC)cc2)cc1.[Cl-].[Cl-],Bradykinin B2 receptor
[H][C@@]12CC3CCCCC3N1C(=O)[C@@]1([H])Cc3ccccc3CN1C(=O)[C@H](CO)NC(=O)[C@H](C)NC(=O)CCCNC(=O)[C@H](CCCN=C(N)N)NC2=O,Bradykinin B2 receptor
CC(=O)Nc1ccc(/C=C/C(=O)NCC(=O)N(C)c2ccc(Cl)c(COc3cccn4c(Br)c(C)nc34)c2Cl)cc1.Cl,Bradykinin B2 receptor
NC(=O)c1ccc(N/N=C(/S)NC(c2ccccc2)c2ccccc2)c([N+](=O)[O-])c1,Bradykinin B2 receptor
CN(C)CCN(C)CCNC(=O)[C@H]1CCCN1S(=O)(=O)c1ccc(NNC(=S)NC(c2ccccc2)c2ccccc2)c([N+](=O)[O-])c1.O=C(O)C(F)(F)F,Bradykinin B2 receptor
CCCCC[P+](CCCCC)(CCCCC)Cc1ccc2cc(C[P+](CCCCC)(CCCCC)CCCCC)ccc2c1.[Cl-].[Cl-],Bradykinin B2 receptor
N=C(N)NCCCC(=O)N[C@@H](Cc1cccs1)C(=O)N1Cc2ccccc2C[C@H]1C(=O)N1C2CCCCC2C[C@H]1C(=O)N[C@@H](CCCNC(=N)N)C(=O)O,Bradykinin B2 receptor
Cc1nc2c(C(=O)Oc3c(Cl)cccc3Cl)cccn2c1Br,Bradykinin B2 receptor
CCCC[P+](CCCC)(CCCC)Cc1ccc(NC(=O)[C@H](Cc2c[nH]c3ccccc23)N/C(=N/C2CCCCC2)NC2CCCCC2)cc1.[Cl-],Bradykinin B2 receptor
CCn1c(C)nc2c(OCc3c(Cl)ccc(N(C)C(=O)CNC(=O)/C=C/c4ccc(C(=O)NC)cc4)c3Cl)cccc21,Bradykinin B2 receptor
CN(C)CCN(C)CCNC(=O)c1cccn1S(=O)(=O)c1ccc(N/N=C(S)NC(c2ccccc2)c2ccccc2)c([N+](=O)[O-])c1,Bradykinin B2 receptor
NC(N)=NCCC[C@H](NC(=O)CN1CCCC[C@@H](NC(=O)[C@H](CO)NC(=O)[C@H](Cc2cccs2)NC(=O)CNC(=O)[C@@H]2CC(O)CN2C(=O)[C@@H]2CCCN2C(=O)[C@H](CCCN=C(N)N)NC(=O)[C@H](N)CCCN=C(N)N)C1=O)C(=O)O,Bradykinin B2 receptor
CCC(=O)N(C)c1ccc(Cl)c(COc2cccn3c(Br)c(C)nc23)c1Cl,Bradykinin B2 receptor
Cc1ccc2cccc(OCc3c(Cl)ccc(N(C)C(=O)CNC(=O)NCCCC(=O)O)c3C#N)c2n1,Bradykinin B2 receptor
Cc1ccc2cccc(OCc3c(C)ccc(N(C)C(=O)Cc4ccc(C(=O)c5ccc(C#N)nc5)n4C)c3C)c2n1,Bradykinin B2 receptor
CCCCC[P+](CCCCC)(CCCCC)Cc1ccc(-c2ccc(C[P+](CCCCC)(CCCCC)CCCCC)cc2)cc1.[Cl-].[Cl-],Bradykinin B2 receptor
CNC(=O)c1ccc(/C=C/C(=O)NCc2cccn2-c2ccc(C(=O)NC)c(COc3cccc4ccc(C)nc34)c2C(=O)NC)cn1.Cl.Cl,Bradykinin B2 receptor
Cc1nc2c(OCc3c(Cl)cccc3Cl)cccn2c1Cl,Bradykinin B2 receptor
COc1cccc(/C=C/C(=O)NCC(=O)N(C)c2ccc(Cl)c(COc3cccc4ccc(C)nc34)c2C#N)c1,Bradykinin B2 receptor
CCCC[P+](CCCC)(CCCC)Cc1ccc(NC(=O)CN/C(=NC(C)C)NC(C)C)cc1.[Cl-],Bradykinin B2 receptor
CNC(=O)c1ccc(/C=C/C(=O)NC/C=Cc2ccc(Cl)c(COc3cccc4ccc(C)nc34)c2Cl)cc1,Bradykinin B2 receptor
[H][C@@]1(C(=O)NCCCN(C)CCCN(C)C)CCCN1S(=O)(=O)c1ccc(N/N=C(S)NC(c2ccccc2)c2ccccc2)c([N+](=O)[O-])c1,Bradykinin B2 receptor
NC(N)=NCCC[C@H](NC(=O)[C@H](N)CCCN=C(N)N)C(=O)N1CCC[C@H]1C(=O)N1CC(O)C[C@H]1C(=O)NCC(=O)N[C@@H](Cc1cccs1)C(=O)N[C@@H](CO)C(=O)NC1CSc2ccccc2N(CC(=O)N[C@H](CCCN=C(N)N)C(=O)O)C1=O,Bradykinin B2 receptor
Cc1cc(-c2ccnn2C)c2cccc(OCc3c(Cl)cncc3CCC(N)=O)c2n1,Bradykinin B2 receptor
Cc1nc2c(OCc3c(Cl)ccc(N(C)C(=O)CNC(=O)NC(=O)c4ccccc4)c3Cl)cccn2c1Br,Bradykinin B2 receptor
CC(=O)N(C)c1ccc(Cl)c(COc2cccn3c(Br)c(C)nc23)c1Cl,Bradykinin B2 receptor
N=C(N)NC[C@H]1C[C@@H](OCc2ccccc2)CN1C(=O)c1ccc2ccccc2c1,Bradykinin B2 receptor
[H][C@@]1(C(=O)NCCN(C)CCCN(C)C)CCCN1S(=O)(=O)c1ccc(N/N=C(S)NC2c3ccccc3-c3ccccc32)c([N+](=O)[O-])c1,Bradykinin B2 receptor
Cc1cc(-c2nncn2C)c2cccc(OCc3c(Cl)cncc3Cl)c2n1,Bradykinin B2 receptor
N=C(N)NCCC[C@H](NC(=O)C1CC2CCCCC2N1C(=O)[C@H]1Cc2ccccc2CN1C(=O)[C@H](CO)NC(=O)C(Cc1cccs1)NC(=O)CNC(=O)C1CC(O)CN1C(=O)[C@@H]1CCCN1C(=O)[C@H](CCCNC(=N)N)NC(=O)[C@H](N)CCCNC(=N)N)C(=O)O,Bradykinin B2 receptor
[H][C@@]12CC3CCCCC3N1C(=O)[C@H](CN)NC(=O)[C@H](CCCCN)NC(=O)[C@H](c1ccccc1)NC(=O)[C@H](CNC(=O)Cc1ccccc1)NC(=O)[C@@]1([H])Cc3ccccc3CN1C2=O,Bradykinin B2 receptor
CNC(=O)c1ccc(/C=C/C(=O)NCC(=O)N(C)c2ccc(C)c(COc3cccc4c3nc(OC)n4C)c2C)cc1,Bradykinin B2 receptor
Cc1cc(-n2ccnc2)c2cccc(OCc3c(Cl)cncc3Cl)c2n1,Bradykinin B2 receptor
CNC(=O)c1ccc(/C=C/C(=O)NCC(=O)N(C)c2ccc(C)c(COc3cccc4c3nc(NC)n4C)c2C)cc1,Bradykinin B2 receptor
CC(=O)Nc1ccc(/C=C/C(=O)NCC(=O)N(C)c2ccc(Cl)c(COc3cccc4c(N5CCOCC5)cc(C)nc34)c2Cl)cn1,Bradykinin B2 receptor
Cc1ccc2cccc(OCc3c(C)ccc(N(C)C(=O)CCc4ccc(C(=O)c5cccs5)n4C)c3C)c2n1,Bradykinin B2 receptor
NCCCCCCCCCC(=O)N[C@@H](Cc1cccs1)C(=O)N1Cc2ccccc2C[C@H]1C(=O)N1C2CCCCC2C[C@H]1C(=O)N[C@@H](CCCN=C(N)N)C(=O)O,Bradykinin B2 receptor
N=C(N)NCCC[C@H](N)C(=O)N1CCC[C@H]1C(=O)N1CCC[C@H]1C(=O)NCC(=O)N[C@@H](Cc1cc(I)c(N)c(I)c1)C(=O)N[C@@H](CO)C(=O)N1CCC[C@H]1C(=O)N[C@@H](Cc1ccccc1)C(=O)N[C@@H](CCCNC(=N)N)C(=O)O,Bradykinin B2 receptor
Cc1nc2c(OCc3c(Cl)ccc(N(C)C(=O)CNC(=O)COc4ccccc4)c3Cl)cccn2c1Br,Bradykinin B2 receptor
Cc1ccc2cccc(OCc3c(Cl)ccc(N(C)C(=O)CNC(=O)/C=C/c4ccc(C(=O)N(C)C)cc4)c3Cl)c2n1.Cl,Bradykinin B2 receptor
Cc1ccc2cccc(OCc3c(/C=C/c4ccncc4)ccc(-n4cccc4CNC(=O)/C=C/c4ccc(/C=C/c5ccncc5)nc4)c3/C=C/c3ccncc3)c2n1.Cl.Cl.Cl,Bradykinin B2 receptor
N=C(N)NCCCCN1C(=O)C(Cc2ccccc2)N=C(c2ccccc2)c2ccccc21,Bradykinin B2 receptor
Cc1nc2c(OCc3c(Cl)ccc(N(C)C(=O)CNC(=O)Cc4ccccc4)c3Cl)cccn2c1Br.Cl,Bradykinin B2 receptor
CC(=O)NCC(=O)N(C)c1ccc(Cl)c(COc2cccn3c(Br)c(C)nc23)c1Cl.Cl,Bradykinin B2 receptor
CCCCn1c(CC(=O)N(C)c2ccc(Cl)c(COc3cccc4ccc(C)nc34)c2Cl)ccc1C(=O)c1ccc(C#N)cc1,Bradykinin B2 receptor
Cc1cc(-n2ccnn2)c2cccc(OCc3c(Cl)ccc(N(C)C(=O)CNC(=O)/C=C/c4ccc(C(=O)N(C)C)cc4)c3Cl)c2n1.Cl,Bradykinin B2 receptor
Cc1nc2c(OCc3c(Cl)ccc(N(C)C(=O)CNC(=O)/C=C/c4ccc(N5CCCC5=O)cc4)c3Cl)cccn2c1Br.Cl,Bradykinin B2 receptor
N=C(N)Nc1cccc(CN2C(=O)[C@@H](Cc3ccccc3)N=C(c3ccccc3)c3ccccc32)c1,Bradykinin B2 receptor
Cc1cc(N2CCOCC2)c2cccc(OCc3c(Cl)ccc(N(C)C(=O)CNC(=O)/C=C/c4ccc(N5CCCC5=O)cc4)c3Cl)c2n1.Cl.Cl.Cl.Cl,Bradykinin B2 receptor
Nc1cccc(CN2C(=O)C(Cc3ccccc3)N=C(c3ccccc3)c3ccccc32)c1,Bradykinin B2 receptor
Cc1ccc2cccc(OCc3c(C)ccc(N(C)C(=O)Cc4ccc(C(=O)c5ccc(Cl)nc5)n4C)c3C)c2n1,Bradykinin B2 receptor
Cc1cc(OCc2ccccn2)c2cccc(OCc3c(Cl)ccc(N(C)C(=O)CNC(=O)/C=C/c4ccc(N5CCCC5=O)cc4)c3Cl)c2n1,Bradykinin B2 receptor
CCOC(=O)c1c(C)nc2c(OCc3c(Cl)cccc3Cl)cccn12,Bradykinin B2 receptor
Cc1ccc2cccc(OCc3c(Cl)ccc(N(C)C(=O)Cc4ccc(C(=O)c5ccc(C(=O)N(C)C)cc5)n4C)c3Cl)c2n1,Bradykinin B2 receptor
Cc1cc(-c2ccnn2C)c2cccc(OCc3c(Cl)cncc3[S+]([O-])CC(=O)N(C)C)c2n1,Bradykinin B2 receptor
NCCCC[C@H](C(=O)NCc1ccc(CN)cc1)n1cccc1C(=O)NCCc1ccccc1,Bradykinin B2 receptor
NC(N)=NCCC[C@H](NC(=O)[C@@H]1CC2(CCCC2)C2CCC[C@](Cc3ccccc3)(NC(=O)[C@H](CO)NC(=O)[C@H](Cc3cccs3)NC(=O)CNC(=O)[C@@H]3CC(O)CN3C(=O)[C@@H]3CCCN3C(=O)[C@H](CCCN=C(N)N)NC(=O)[C@H](N)CCCN=C(N)N)C(=O)N21)C(=O)O,Bradykinin B2 receptor
Cc1nc2c(/C=C/c3c(Cl)cccc3Cl)cccn2c1Br,Bradykinin B2 receptor
CC(=O)Nc1ccc(/C=C/C(=O)NCC(=O)N(C)c2ccc(Cl)c(COc3cccc4c(N(C)C)cc(C)nc34)c2Cl)cn1.Cl,Bradykinin B2 receptor
Cc1cc(-c2cncn2C)c2cccc(OCc3c(Cl)cncc3Cl)c2n1,Bradykinin B2 receptor
COc1nc2c(OCc3c(Cl)ccc(N(C)C(=O)CNC(=O)/C=C/c4ccc(C(=O)N(C)C)cc4)c3Cl)cccc2n1C,Bradykinin B2 receptor
NC(N)=NCCC[C@H](N)C(=O)N1CCC[C@H]1C(=O)N1CCC[C@H]1C(=O)NCC(=O)N[C@@H](Cc1ccccc1)C(=O)N[C@@H](CO)C(=O)N1CCC[C@H]1C(=O)N[C@@H](Cc1cc(I)c(N)c(I)c1)C(=O)N[C@@H](CCCN=C(N)N)C(=O)O,Bradykinin B2 receptor
Cc1nc2c(OCc3c(Cl)ccc(N(C)C(=O)CNC(=O)Nc4cccc(C(=O)O)c4)c3Cl)cccn2c1Br,Bradykinin B2 receptor
Cc1ccc2cccc(OCc3c(Cl)ccc(N(C)C(=O)CNC(=O)NCCCCN)c3C#N)c2n1,Bradykinin B2 receptor
CNC(=O)c1ccc(/C=C/C(=O)NCC(=O)N(C)c2ccc(C)c(COc3cccc4c(-c5ccccc5)cc(C)nc34)c2C)cc1.Cl,Bradykinin B2 receptor
N=C(N)NCCCCC(=O)N[C@@H](CCCNC(=N)N)C(=O)N1CCC[C@@H]1C(=O)N1C[C@@H](O)C[C@@H]1C(=O)NCC(=O)N[C@@H](Cc1cccs1)C(=O)N[C@@H](CO)C(=O)N1Cc2ccccc2C[C@@H]1C(=O)N(CC(=O)N[C@@H](CCCNC(=N)N)C(=O)O)C1CCCCC1,Bradykinin B2 receptor
CNC(=O)c1ccc(/C=C/C(=O)NCC(=O)N(C)c2ccc(C)c(COc3cccc4c3nc(C(C)=O)n4C)c2C)cc1,Bradykinin B2 receptor
CCNC(=O)NCC(=O)N(C)c1ccc(Cl)c(COc2cccn3c(Br)c(C)nc23)c1Cl,Bradykinin B2 receptor
Cc1cc(N2CCCCC2)c2cccc(OCc3c(Cl)ccc(N(C)C(=O)CNC(=O)/C=C/c4ccc(C(=O)NCc5ccccn5)cc4)c3Cl)c2n1.Cl,Bradykinin B2 receptor
CCCC[P+](CCCC)(CCCC)Cc1ccc(NC(=O)[C@H](Cc2cccc3ccccc23)N/C(=N/C2CCCCC2)NC2CCCCC2)cc1.[Cl-],Bradykinin B2 receptor
Cc1ccc2cccc(OCc3c(C)ccc(N(C)C(=O)CCc4ccc(C(=O)c5ccc(C#N)cc5)n4C)c3C)c2n1,Bradykinin B2 receptor
N=C(N)NCCCCC(=O)N[C@@H](Cc1cccs1)C(=O)N1Cc2ccccc2C[C@H]1C(=O)N1C2CCCCC2C[C@H]1C(=O)N[C@@H](CCCNC(=N)N)C(=O)O,Bradykinin B2 receptor
Cc1cc(-c2ccnn2C)c2cccc(OCc3c(Cl)cncc3COc3ccccn3)c2n1,Bradykinin B2 receptor
CCCCc1ccnc([C@H](CC2CCCCC2)NC(=O)c2ccc(CN)cc2)c1,Bradykinin B2 receptor
CC(=O)CN1CN(C2CCCCC2)C2(CCN(C)CC2)C1=O,Bradykinin B2 receptor
CC(=O)N(Cc1c(Cl)cccc1Cl)c1cccn2c(Br)c(C)nc12,Bradykinin B2 receptor
Cc1nc2c(OCc3c(Cl)ccc(N(C)C(=O)CNC(=O)CCCc4ccccc4)c3Cl)cccn2c1Br,Bradykinin B2 receptor
CNC(=O)c1ccc(/C=C/C(=O)NCC(=O)N(C)c2ccc(Cl)c(COc3cccc4c(OCc5ccccn5)cc(C)nc34)c2Cl)cn1,Bradykinin B2 receptor
Cc1cc(OCc2ccccn2)c2cccc(OCc3c(Cl)ccc(N(C)C(=O)CNC(=O)/C=C/c4ccc(/C=C/c5ccncc5)nc4)c3Cl)c2n1,Bradykinin B2 receptor
N=C(N)NCCCCCC(=O)N[C@@H](Cc1cccs1)C(=O)N1Cc2ccccc2C[C@H]1C(=O)N1C2CCCCC2C[C@H]1C(=O)N[C@@H](CCCNC(=N)N)C(=O)O,Bradykinin B2 receptor
N=C(N)NCCC1N=C(c2ccccc2)c2cc(N(Cc3ccccc3)Cc3ccccc3)ccc2N(CCCN=C(N)N)C1=O,Bradykinin B2 receptor
CCCC[N+](CCCC)(CCCC)Cc1ccc(-c2ccc(C[N+](CCCC)(CCCC)CCCC)cc2)cc1.[Cl-].[Cl-],Bradykinin B2 receptor
NCC(=O)N[C@@H](Cc1cccs1)C(=O)N1Cc2ccccc2C[C@H]1C(=O)N1C2CCCCC2C[C@H]1C(=O)N[C@@H](CCCN=C(N)N)C(=O)O,Bradykinin B2 receptor
C=C/C=C/C(=O)NCC(=O)N(C)c1ccc(Cl)c(COc2cccc3sc(C)nc23)c1Cl,Bradykinin B2 receptor
CC(=O)Nc1cccc(C(=O)c2ccc(CC(=O)N(C)c3ccc(Cl)c(COc4cccc5ccc(C)nc45)c3Cl)n2C)c1,Bradykinin B2 receptor
CCCC[P+](CCCC)(CCCC)Cc1ccc(-c2ccc(C[P+](CCCC)(CCCC)CCCC)cc2)cc1.[Cl-].[Cl-],Bradykinin B2 receptor
Cc1cc(-c2nccn2C)c2cccc(OCc3c(Cl)cncc3Cl)c2n1,Bradykinin B2 receptor
CNC(=O)c1ccc(/C=C/C(=O)Nc2cccc(-c3ccc(C)c(COc4cccc5ccc(C)nc45)c3C)c2)cc1,Bradykinin B2 receptor
NCC(=O)N[C@@H](Cc1ccccc1)C(=O)N1Cc2ccccc2C[C@H]1C(=O)N1C2CCCCC2C[C@H]1C(=O)N[C@@H](CCCN=C(N)N)C(=O)O,Bradykinin B2 receptor
Cc1cc(-c2ncsc2C)c2cccc(OCc3c(Cl)cncc3Cl)c2n1,Bradykinin B2 receptor
COc1c(N(C)C(=O)CNC(=O)/C=C/c2ccc(C(F)(F)F)cc2)ccc(SC)c1COc1cccc2ccc(C)nc12,Bradykinin B2 receptor
CCCC[PH](CCCC)(CCCC)Cc1ccc(NC(=O)[C@H](Cc2ccccc2)N/C(=N/C(C)C)NC(C)C)cc1.Cl.Cl,Bradykinin B2 receptor
Cc1nc2c(OCc3c(Cl)ccc(N(C)C(=O)CNC(=O)/C=Cc4ccccc4)c3Cl)cccn2c1Br.Cl,Bradykinin B2 receptor
NC(N)=NCCC[C@H](N)C(=O)N[C@@H](CCCN=C(N)N)C(=O)N1C[C@@H](O)C[C@@H]1C(=O)N1C[C@@H](O)C[C@@H]1C(=O)NCC(=O)N[C@@H](Cc1cccs1)C(=O)N[C@@H](CO)C(=O)N1Cc2ccccc2C[C@@H]1C(=O)N(CC(=O)N[C@@H](CCCN=C(N)N)C(=O)O)C1CCCCC1,Bradykinin B2 receptor
Cc1cc(-c2ccnn2C)c2cccc(OCc3ccncc3Cl)c2n1,Bradykinin B2 receptor
Cc1cc(N(C)C)c2cccc(OCc3c(Cl)ccc(N(C)C(=O)CNC(=O)/C=C/c4ccc(C(=O)NCc5ccccn5)cc4)c3Cl)c2n1.Cl,Bradykinin B2 receptor
CCCC[P+](CCCC)(CCCC)Cc1ccc(NC(=O)[C@H](CC(C)C)N/C(=N/C2CCCCC2)NC2CCCCC2)cc1.[Cl-],Bradykinin B2 receptor
[H][C@](Cc1ccccc1)(C(=O)N[C@@H](CCCN=C(N)N)C(=O)O)N1CC[C@@H](NC(=O)[C@H](CO)NC(=O)[C@H](Cc2cccs2)NC(=O)CNC(=O)[C@@H]2CC(O)CN2C(=O)[C@@H]2CCCN2C(=O)[C@H](CCCN=C(N)N)NC(=O)[C@H](N)CCCN=C(N)N)C1=O,Bradykinin B2 receptor
O=C([C@H](Cc1ccc2ccccc2c1)N/C(=N/C1CCCCC1)NC1CCCCC1)N(Cc1ccccc1)C1CN2CCC1CC2,Bradykinin B2 receptor
CN(C)CCCN(CCCN(C)C)S(=O)(=O)c1ccc(N/N=C(/S)NC(c2ccccc2)c2ccccc2)c([N+](=O)[O-])c1,Bradykinin B2 receptor
Cc1ccc2cccc(OCc3c(Cl)ccc(N(C)C(=O)Cc4ccc(C(=O)c5ccc(Cl)nc5)n4C)c3Cl)c2n1,Bradykinin B2 receptor
Cc1cc(N2CCOCC2)c2cccc(OCc3c(Cl)ccc(N(C)C(=O)CNC(=O)/C=C/c4ccc(NC(=O)c5ccncc5)cc4)c3Cl)c2n1.Cl,Bradykinin B2 receptor
[H][C@@]12CC3CCCCC3N1C(=O)[C@@]1([H])Cc3ccccc3CN1C(=O)[C@H](C)NC(=O)[C@H](Cc1cccs1)NC(=O)CCCNC(=O)[C@H](CCCN=C(N)N)NC2=O,Bradykinin B2 receptor
CCCCC[P+](CCCCC)(CCCCC)Cc1ccc(NC(=O)c2ccc(C[P+](CCCCC)(CCCCC)CCCCC)cc2)cc1.[Cl-].[Cl-],Bradykinin B2 receptor
Cc1cc(-c2cn[nH]c2C)c2cccc(OCc3c(Cl)cncc3Cl)c2n1,Bradykinin B2 receptor
Cc1nc2c(OCc3c(Cl)ccc(N(C)C(=O)CNC(=O)/C=C/c4ccc(C(F)(F)F)cc4)c3Cl)cccc2s1,Bradykinin B2 receptor
CNC(=O)c1ccc(/C=C/C(=O)NCC(=O)N(C)c2ccc(Cl)c(COc3cccc4c(NCCOC)cc(C)nc34)c2Cl)cc1.Cl.Cl.Cl.Cl,Bradykinin B2 receptor
CNC(=O)c1ccc(/C=C/C(=O)NCC(=O)N(C)c2ccc(Cl)c(COc3cccc4c(OC)cc(C)nc34)c2Cl)cc1.Cl,Bradykinin B2 receptor
COCCn1c(OC)nc2c(OCc3c(Cl)ccc(N(C)C(=O)CNC(=O)/C=C/c4ccc(NC(C)=O)nc4)c3Cl)cccc21,Bradykinin B2 receptor
CC(=O)Nc1ccc(/C=C/C(=O)NCC(=O)N(C)c2ccc(Cl)c(COc3cccc4ccc(C)nc34)c2Cl)cc1.Cl,Bradykinin B2 receptor
Cc1cc(-c2ccnn2C)c2cccc(OCc3c(Cl)cncc3Cn3cccc(C(F)(F)F)c3=O)c2n1,Bradykinin B2 receptor
[H][C@@]1(C(=O)NCCN(C)CCN(C)C)CCCN1S(=O)(=O)c1ccc(N/N=C(S)NC(c2ccccc2Cl)c2ccccc2Cl)c([N+](=O)[O-])c1,Bradykinin B2 receptor
[H][C@@]12CC3CCCCC3N1C(=O)[C@@]1([H])Cc3ccccc3CN1C(=O)[C@H](Cc1cccs1)NC(=O)CCCNC(=O)[C@H](CCCNC(=N)N)NC2=O,Bradykinin B2 receptor
Cc1ccc2cccc(OCc3c(Cl)ccc(N(C)C(=O)CNC(=O)/C=C/c4ccc(N5CCCC5=O)cc4)c3Cl)c2n1.Cl,Bradykinin B2 receptor
COCC(=O)Nc1cccc(NC(=O)NCC(=O)N(C)c2ccc(Cl)c(COc3cccn4c(Br)c(C)nc34)c2Cl)c1,Bradykinin B2 receptor
NC(N)=NCCC[C@H](N)C(=O)N[C@@H](Cc1cccs1)C(=O)N1Cc2ccccc2C[C@H]1C(=O)N1C2CCCCC2C[C@H]1C(=O)N[C@@H](CCCN=C(N)N)C(=O)O,Bradykinin B2 receptor
O=[N+]([O-])c1cccc(N/N=C(S)NCc2ccccc2)c1,Bradykinin B2 receptor
CC(NC(=O)[C@@H]1C[C@H](O)CN1C(=O)[C@@H]1CCCN1C(=O)[C@H](CCCN=C(N)N)NC(=O)[C@H](N)CCCN=C(N)N)C(=O)N[C@@H](Cc1ccccc1)C(=O)N[C@@H](CO)C(=O)N1Cc2ccccc2C[C@@H]1C(=O)N1C2CCCCC2C[C@H]1C(=O)N[C@@H](CCCN=C(N)N)C(=O)O,Bradykinin B2 receptor
Cc1cc(C)c2cccc(OCc3c(Cl)ccc(S(=O)(=O)NC4(C(=O)N5CCN(C(=O)[C@@H](N)CCC[N+](C)(C)C)CC5)CCOCC4)c3Cl)c2n1.[Cl-],Bradykinin B2 receptor
Cc1nc2c(OCc3c(Cl)ccc(Cl)c3Cl)cccn2c1Br,Bradykinin B2 receptor
Cc1cc(N(C)C)c2cccc(OCc3c(Cl)ccc(N(C)C(=O)CNC(=O)Nc4cccc(C(=O)Nc5ccncc5)c4)c3Cl)c2n1.Cl,Bradykinin B2 receptor
CCOc1cc(C)nc2c(OCc3c(Cl)ccc(N(C)C(=O)CNC(=O)/C=C/c4ccc(C(=O)NC)cc4)c3Cl)cccc12,Bradykinin B2 receptor
CN1CCN(C(=O)[C@H](Cc2ccc3ccccc3c2)N/C(=N/C2CCCCC2)NC2CCCCC2)CC1,Bradykinin B2 receptor
CCCC[P+](CCCC)(CCCC)Cc1ccc(NC(=O)C(N/C(=N/C2CCCCC2)NC2CCCCC2)c2ccc3ccccc3c2)cc1.[Cl-],Bradykinin B2 receptor
O=C(NC1C2CCN(CC2)C1C(c1ccccc1)c1ccccc1)[C@H](Cc1ccc2ccccc2c1)N/C(=N/C1CCCCC1)NC1CCCCC1,Bradykinin B2 receptor
NCCCN1C(=O)C(CCN)N=C(c2ccccc2)c2cc(N(Cc3ccccc3)Cc3ccccc3)ccc21,Bradykinin B2 receptor
O=[N+]([O-])c1cc(S(=O)(=O)NCc2ccco2)ccc1N/N=C(/S)NCc1ccco1,Bradykinin B2 receptor
N=C(N)NCC1N=C(c2ccccc2)c2cc(N(Cc3ccccc3)Cc3ccccc3)ccc2N(CCCN=C(N)N)C1=O,Bradykinin B2 receptor
Cc1cc(-c2nccs2)c2cccc(OCc3c(Cl)cncc3Cl)c2n1,Bradykinin B2 receptor
[H][C@@]12CC3CCCCC3N1C(=O)[C@@]1([H])Cc3ccccc3CN1C(=O)[C@H](Cc1cccs1)NC(=O)[C@H](CCCNC(=N)N)NC(=O)[C@H](CCCNC(=N)N)NC2=O,Bradykinin B2 receptor
CNC(=O)c1ccc(/C=C/C(=O)NCC(=O)N(C)c2ccc(Cl)c(COc3cccn4c(Br)c(C)nc34)c2Cl)cn1.Cl.Cl,Bradykinin B2 receptor
CC(=O)OCc1cncc(Cl)c1C(=O)c1cccc2c(-c3ccnn3C)cc(C)nc12,Bradykinin B2 receptor
CCCC[PH](CCCC)(CCCC)Cc1ccc(NC(=O)[C@H](CC(C)C)N/C(=N/C2CCCCC2)NC2CCCCC2)cc1.Cl.Cl,Bradykinin B2 receptor
Cc1ccc2cccc(OCc3c(Cl)ccc(N(C)C(=O)Cc4ccc(C(=O)C(C)(C)C)n4C)c3Cl)c2n1,Bradykinin B2 receptor
CCCC[P+](CCCC)(CCCC)Cc1ccc(NC(=O)[C@H](Cc2cccs2)N/C(=N/C2CCCCC2)NC2CCCCC2)cc1.[Cl-],Bradykinin B2 receptor
CC(=O)N(C)CC(=O)N(C)c1ccc(Cl)c(COc2cccn3c(Br)c(C)nc23)c1Cl,Bradykinin B2 receptor
Cc1ccc2cccc(OCc3c(Cl)ccc(N(C)C(=O)Cc4ccc(C(=O)C5CCCCC5)n4C)c3Cl)c2n1,Bradykinin B2 receptor
CCCC[PH](CCCC)(CCCC)Cc1ccc(NC(=O)C2Cc3ccccc3CN2C(=O)[C@@H](N)CCc2ccccc2)cc1.Cl.Cl,Bradykinin B2 receptor
N=C(N)NCCC[C@H](NC(=O)[C@H](N)CCCN=C(N)N)C(=O)NCCCCCCCCCCCC(=O)N[C@@H](CO)C(=O)N1CCc2ccccc2[C@@H]1C(=O)N1C2CCCCC2C[C@H]1C(=O)N[C@@H](CCCN=C(N)N)C(=O)O,Bradykinin B2 receptor
Cc1nc2c(OCc3c(Cl)ccc(N(C)C(=O)CNC(=O)/C=C/c4ccc(NS(C)(=O)=O)cc4)c3Cl)cccn2c1Br.Cl,Bradykinin B2 receptor
CNC(=O)c1ccc(/C=C/C(=O)NCC(=O)N(C)c2ccc(Cl)c(COc3cccc4c(N(CCOC)CCOC)cc(C)nc34)c2Cl)cc1.Cl.Cl.Cl.Cl,Bradykinin B2 receptor
CNC(=O)c1ccc(/C=C/C(=O)NCC(=O)N(C)c2ccc(Cl)c(COc3cccc4c(N5CCCC5)cc(C)nc34)c2Cl)cc1.Cl.Cl.Cl.Cl,Bradykinin B2 receptor
Cc1nc2c(OCc3c(Cl)ccc([N+](=O)[O-])c3Cl)cccn2c1Br,Bradykinin B2 receptor
CCCC[P+](CCCC)(CCCC)Cc1ccc(NC(=O)[C@@H](Cc2ccc3ccccc3c2)N/C(=N/c2ccc(C)cc2)Nc2ccc(C)cc2)cc1.[Cl-],Bradykinin B2 receptor
Cc1cnc2cccc(OCc3c(C)ccc(N(C)C(=O)CNC(=O)/C=C/c4ccc(C(=O)N(C)C)cc4)c3C)c2n1,Bradykinin B2 receptor
Cc1cc(N2CCCCC2)c2cccc(OCc3c(Cl)ccc(N(C)C(=O)CNC(=O)/C=C/c4ccc(N5CCCC5=O)cc4)c3Cl)c2n1.Cl.Cl.Cl.Cl,Bradykinin B2 receptor
CCCC[PH](CCCC)(CCCC)Cc1ccc(NC(=O)C2Cc3ccccc3CN2C(=O)CN/C(=N/C2CCCCC2)NC2CCCCC2)cc1.Cl.Cl,Bradykinin B2 receptor
CCOC(=O)Cn1c(OC)nc2c(OCc3c(Cl)ccc(N(C)C(=O)CNC(=O)/C=C/c4ccc(NC(C)=O)nc4)c3Cl)cccc21,Bradykinin B2 receptor
CCCC[PH](CCCC)(CCCC)Cc1ccc(NC(=O)C2Cc3ccccc3CN2/C(=N/C2CCCCC2)NC2CCCCC2)cc1.Cl.Cl,Bradykinin B2 receptor
Cc1cc(-c2ccnn2C)c2cccc(OCc3c(Cl)cncc3COC(=O)N(C)C)c2n1,Bradykinin B2 receptor
CCN(C)c1ccc(Cl)c(COc2cccn3c(Br)c(C)nc23)c1Cl,Bradykinin B2 receptor
CNC(=O)c1ccc(/C=C/C(=O)NCC(=O)N(C)c2ccc(Cl)c(COc3cccn4c(Br)c(C)nc34)c2Cl)cc1.Cl,Bradykinin B2 receptor
Cc1nc2c(OCc3c(F)cccc3Cl)cccn2c1Br,Bradykinin B2 receptor
Cc1ccc2cccc(OCc3c(Cl)ccc(N(C)C(=O)Cc4ccc(C(=O)c5ccc(C#N)cc5)[nH]4)c3Cl)c2n1,Bradykinin B2 receptor
CNC(=O)c1ccc(/C=C/C(=O)NCC(=O)N(C)c2ccc(Cl)c(COc3cccc4c(-n5cncn5)cc(C)nc34)c2Cl)cc1.Cl.Cl.Cl.Cl,Bradykinin B2 receptor
CC(=O)CN1CN(CCc2ccccc2)C2(CCN(C)CC2)C1=O,Bradykinin B2 receptor
Cc1ccc2cccc(OCc3c(Cl)ccc(N(C)C(=O)CNC(=O)/C=C/c4cccnc4)c3Cl)c2n1.Cl.Cl,Bradykinin B2 receptor
Cc1cc(N(C)C)c2cccc(OCc3c(Cl)ccc(N(C)C(=O)CNC(=O)/C=C/c4ccc(C(=O)N(C)C)nc4)c3Cl)c2n1.Cl.Cl.Cl.Cl,Bradykinin B2 receptor
[H][C@@]12CC3CCCCC3N1C(=O)[C@@]1([H])Cc3ccccc3CN1C(=O)[C@H](CO)NC(=O)[C@H](Cc1cccs1)NC(=O)CCCNC(=O)[C@H](CCCNC(=N)N)NC2=O,Bradykinin B2 receptor
COC(=O)CCCCC(=O)NCC(=O)N(C)c1ccc(OC)c(COc2cccc3ccc(C)nc23)c1SC,Bradykinin B2 receptor
O=[N+]([O-])c1ccccc1N/N=C(/S)NC(c1ccccc1)c1ccccc1,Bradykinin B2 receptor
Cc1ccc2cccc(OCc3c(Cl)ccc(N(C)C(=O)CNC(=O)/C=C/c4ccc(C(F)(F)F)cc4)c3C#N)c2n1,Bradykinin B2 receptor
Cc1nc2c(OCc3c(Cl)ccc(N(C)C(=O)CNC(=O)Nc4cccc(Cl)c4)c3Cl)cccn2c1Br.Cl,Bradykinin B2 receptor
Cc1nc2c(COc3c(Cl)cccc3Cl)cccn2c1Br,Bradykinin B2 receptor
Cc1ccc2cccc(OCc3c(Cl)ccc(N(C)C(=O)CNC(=O)/C=C/c4ccc(NC(=O)c5ccncc5)nc4)c3Cl)c2n1.Cl.Cl.Cl,Bradykinin B2 receptor
CNC(=O)N(C)c1ccc(Cl)c(COc2cccn3c(Br)c(C)nc23)c1Cl,Bradykinin B2 receptor
NC[C@H]1C[C@@H](OCc2ccccc2)CN1C(=O)c1ccc2ccccc2c1,Bradykinin B2 receptor
Cl.Cl.O=C(NC1CN2CCC1CC2)[C@H](Cc1ccc2ccccc2c1)N/C(=N/C1CCCCC1)NC1CCCCC1,Bradykinin B2 receptor
CC(=O)Nc1ccc(/C=C/C(=O)NCC(=O)Nc2ccc(Cl)c(COc3cccc4ccc(C)nc34)c2Cl)cn1,Bradykinin B2 receptor
CNC(=O)c1ccc(/C=C/C(=O)NC/C=C/c2ccc(Cl)c(COc3cccc4ccc(C)nc34)c2Cl)cc1,Bradykinin B2 receptor
NC(N)=NCCC[C@H](N)C(=O)N1CCC[C@H]1C(=O)N1CCC[C@H]1C(=O)NCC(=O)N[C@@H](Cc1ccccc1)C(=O)N[C@@H](CO)C(=O)N1CCC[C@H]1C(=O)N[C@@H](CC(=O)O)C(=O)N[C@@H](CCCN=C(N)N)C(=O)O,Bradykinin B2 receptor
CCCn1c(CC(=O)N(C)c2ccc(Cl)c(COc3cccc4ccc(C)nc34)c2Cl)ccc1C(=O)c1ccc(C#N)cc1,Bradykinin B2 receptor
Cc1ccc2cccc(OCc3c(C(=O)N(C)C)ccc(-n4cccc4CNC(=O)/C=C/c4ccc(C(=O)N(C)C)cc4)c3C(=O)N(C)C)c2n1.Cl,Bradykinin B2 receptor
Cc1cc(-c2csnc2C)c2cccc(OCc3c(Cl)cncc3Cl)c2n1,Bradykinin B2 receptor
Cc1nc2c(OCc3c(F)cccc3F)cccn2c1Cl,Bradykinin B2 receptor
CCCC1C[C@H](C(=O)N2C3CCCCC3C[C@H]2C(=O)N[C@@H](CCCN=C(N)N)C(=O)O)N(C(=O)[C@H](CO)NC(=O)[C@H](Cc2ccsc2)NC(=O)CNC(=O)[C@@H]2CC[C@H](O)N2C(=O)[C@@H]2CCCN2C(=O)[C@H](CCCN=C(N)N)NC(=O)[C@H](N)CCCN=C(N)N)C1,Bradykinin B2 receptor
Cc1ccc2cccc(OCc3c(Cl)ccc(N(C)C(=O)CNC(=O)/C=C/c4ccc(C(=O)Nc5ccccc5)cc4)c3Cl)c2n1,Bradykinin B2 receptor
CCCCC(=O)NCC(=O)N(C)c1ccc(Cl)c(COc2cccn3c(Br)c(C)nc23)c1Cl.Cl,Bradykinin B2 receptor
NCCCC[C@H](C(=O)NCc1ccc(CN)cc1)n1cccc1C(=O)NC(Cc1ccccc1)c1ccccc1,Bradykinin B2 receptor
CN(CC(=O)N(C)[C@@H](Cc1ccccc1)C(=O)N[C@@H](CO)C(=O)N1Cc2ccccc2C[C@@H]1C(=O)N1C2CCCCC2C[C@H]1C(=O)N[C@@H](CCCN=C(N)N)C(=O)O)C(=O)[C@@H]1C[C@H](O)CN1C(=O)[C@@H]1CCCN1C(=O)[C@H](CCCN=C(N)N)NC(=O)[C@H](N)CCCN=C(N)N,Bradykinin B2 receptor
Cc1cc(-n2ccnc2)c2cccc(OCc3c(Cl)ccc(N(C)C(=O)CNC(=O)Nc4ccc(C(=O)Nc5ccncc5)cc4)c3Cl)c2n1.Cl,Bradykinin B2 receptor
CCCNC(=O)NCC(=O)N(C)c1ccc(Cl)c(COc2cccn3c(Br)c(C)nc23)c1Cl.Cl,Bradykinin B2 receptor
Cc1cc(-c2ccnn2C)c2cccc(OCc3c(Cl)cncc3SCC(=O)N(C)C)c2n1,Bradykinin B2 receptor
CNC(=O)c1ccc(/C=C/C(=O)NCC(=O)N(C)c2ccc(Cl)c(COc3cccc4c(N(C)C)cc(C)nc34)c2Cl)cc1.Cl.Cl,Bradykinin B2 receptor
[H][C@@]12CCCN1C(=O)[C@@H](NC(=O)[C@H](CCCN=C(N)N)NC(=O)[C@H](N)CCCN=C(N)N)CSSC[C@@H](C(=O)N1Cc3ccccc3C[C@@H]1C(=O)N1CC3CCCCC3[C@H]1C(=O)N[C@@H](CCCN=C(N)N)C(=O)O)NC(=O)[C@H](Cc1ccccc1)NC(=O)CNC2=O,Bradykinin B2 receptor
CNC(=O)c1ccc(/C=C/C(=O)NCC(=O)N(C)c2ccc(Cl)c(COc3cccc4ccc(C)nc34)c2Cl)cc1,Bradykinin B2 receptor
Cc1ccc2cccc(OCc3c(C)ccc(N(C)C(=O)CNC(=O)/C=C/c4ccc(N5CCCC5=O)cc4)c3C)c2n1.Cl,Bradykinin B2 receptor
NC(N)=NCCC[C@H](N)C(=O)N[C@@H](CCCN=C(N)N)C(=O)N1CCC[C@H]1C(=O)N1C[C@H](O)C[C@H]1C(=O)NCC(=O)N[C@@H](Cc1cccs1)C(=O)N[C@@H](CO)C(=O)N[C@H](Cc1ccccc1)C(=O)N(CC(=O)N[C@@H](CCCN=C(N)N)C(=O)O)c1ccccc1,Bradykinin B2 receptor
COc1ccc(/C=C/C(=O)NCC(=O)N(C)c2ccc(SC)c(COc3cccc4ccc(C)nc34)c2SC)cc1,Bradykinin B2 receptor
[H][C@@]12Cc3ccccc3CN1C(=O)CCCNC(=O)[C@H](CCCNC(=N)N)NC(=O)[C@]1([H])CC3CCCCC3N1C(=O)[C@@]1([H])Cc3ccccc3CN1C(=O)[C@H](CO)NC2=O,Bradykinin B2 receptor
CCOC(=O)COc1cc(C)nc2c(OCc3c(Cl)ccc(N(C)C(=O)CNC(=O)/C=C/c4ccc(C(=O)NC)cc4)c3Cl)cccc12.Cl,Bradykinin B2 receptor
CCn1c(CC(=O)N(C)c2ccc(Cl)c(COc3cccc4ccc(C)nc34)c2Cl)ccc1C(=O)c1ccc(C#N)cc1,Bradykinin B2 receptor
CCCC[PH](CCCC)(CCCC)Cc1ccc(NC(=O)C2Cc3ccccc3CN2C(=O)CN)cc1.Cl.Cl,Bradykinin B2 receptor
Cc1cc(-c2conc2C)c2cccc(OCc3c(Cl)cncc3Cl)c2n1,Bradykinin B2 receptor
CCCC[P+](CCCC)(CCCC)Cc1ccc(NC(=O)C2Cc3ccccc3CN2C(=O)CNC(=O)OC(C)(C)C)cc1.[Cl-],Bradykinin B2 receptor
CNC(=O)c1ccc(/C=C/C(=O)NCC(=O)N(C)c2ccc(Cl)c(COc3cccc4c(OCc5ccccn5)cc(C)nc34)c2Cl)cc1OC,Bradykinin B2 receptor
CN(C)CCN(C)CCNC(=O)[C@H]1CCCN1S(=O)(=O)c1ccc(NNC(=S)NC(c2ccccc2)c2ccccc2)c([N+](=O)[O-])c1,Bradykinin B2 receptor
[H][C@@]1(C(N)=O)CCCN1S(=O)(=O)c1ccc(NNC(=S)NC2Cc3ccccc3Cc3ccccc32)c([N+](=O)[O-])c1,Bradykinin B2 receptor
Cc1cc(-c2ccnn2C)c2cccc(OCc3c(Cl)cncc3CNC(=O)C(C)C)c2n1,Bradykinin B2 receptor
CNC(=O)c1ccc(/C=C/C(=O)NCC(=O)N(C)c2ccc(Cl)c(COc3cccc4c(N5CCOCC5)cc(C)nc34)c2Cl)cc1.Cl.Cl.Cl.Cl,Bradykinin B2 receptor
Cc1nc2c(OCc3c(Cl)ccc(N(C)S(C)(=O)=O)c3Cl)cccn2c1Br,Bradykinin B2 receptor
CNC(=O)c1ccc(/C=C/C(=O)NCC(=O)N(C)c2ccc(C)c(COc3cccc4ccc(C)nc34)c2C)cn1.Cl.Cl,Bradykinin B2 receptor
CNC(=O)c1ccc(/C=C/C(=O)NCC(=O)N(C)c2ccc(C)c(COc3cccc4c3nc(N(C)C)n4C)c2C)cc1,Bradykinin B2 receptor
Cc1cc(N(C)C)c2cccc(OCc3c(Cl)ccc(N(C)C(=O)CNC(=O)/C=C/c4ccc(C(=O)Nc5ccncc5)cc4)c3Cl)c2n1.Cl,Bradykinin B2 receptor
Cc1ccc2cccc(OCc3c(C)ccc(N(C)C(=O)Cc4ccc(C(=O)c5ccc(C#N)cc5)n4C)c3C)c2n1,Bradykinin B2 receptor
Cc1ccc2cccc(OCc3c(C)ccc(N(C)C(=O)CCc4ccc(C(=O)c5ccc(Cl)nc5)n4C)c3C)c2n1,Bradykinin B2 receptor
NC(N)=NCCC[C@H](NC(=O)[C@@H]1CC2(CCCC2)C2CCC[C@@](Cc3ccccc3)(NC(=O)[C@H](CO)NC(=O)[C@H](Cc3cccs3)NC(=O)CNC(=O)[C@@H]3CC(O)CN3C(=O)[C@@H]3CCCN3C(=O)[C@H](CCCN=C(N)N)NC(=O)[C@H](N)CCCN=C(N)N)C(=O)N21)C(=O)O,Bradykinin B2 receptor
Cc1nc2c(OCc3c(Cl)ccc(N(C)C(=O)CNC(=O)/C=C/c4ccc(C(=O)N(C)C)nc4)c3Cl)cccn2c1Br.Cl.Cl,Bradykinin B2 receptor
Cc1cc(-c2ccnn2C)c2cccc(OCc3c(Cl)cncc3CCC(=O)N(C)C)c2n1,Bradykinin B2 receptor
CCCC[P+](CCCC)(CCCC)CCCCCCCCCC[P+](CCCC)(CCCC)CCCC.[Cl-].[Cl-],Bradykinin B2 receptor
COCCNC(=O)c1cccc(NC(=O)NCC(=O)N(C)c2ccc(Cl)c(COc3cccn4c(Br)c(C)nc34)c2Cl)c1.Cl,Bradykinin B2 receptor
Cc1cc(-c2ncc(C)n2C)c2cccc(OCc3c(Cl)cncc3Cl)c2n1,Bradykinin B2 receptor
Cc1ccc2cccc(OCc3c(Cl)ccc(N(C)C(=O)Cc4ccc(C(=O)c5ccc(N)cc5)n4C)c3Cl)c2n1,Bradykinin B2 receptor
[H][C@@]12CC3CCCCC3N1C(=O)[C@@]1([H])Cc3ccccc3CN1C(=O)[C@H](CO)NC(=O)[C@H](c1ccccc1)NC(=O)CCCNC(=O)[C@H](CCCNC(=N)N)NC2=O,Bradykinin B2 receptor
Cc1cc(OCc2ccccn2)c2cccc(OCc3c(Cl)ccc(N(C)C(=O)CNC(=O)/C=C/c4ccc(C(=O)N/C=C/c5ccncc5)nc4)c3Cl)c2n1,Bradykinin B2 receptor
Cc1cc(-n2ccnc2)c2cccc(OCc3c(Cl)ccc(N(C)C(=O)CNC(=O)/C=C/c4ccc(C(=O)N(C)C)cc4)c3Cl)c2n1.Cl.Cl.Cl.Cl,Bradykinin B2 receptor
Cc1cc(N2CCCCC2)c2cccc(OCc3c(Cl)ccc(N(C)C(=O)CNC(=O)/C=C/c4ccc(C(=O)N(C)C)cc4)c3Cl)c2n1.Cl.Cl.Cl.Cl,Bradykinin B2 receptor
CNC(=O)c1ccc(/C=C/C(=O)NCC(=O)N(C)c2ccc(Cl)c(COc3cccc4c(N5CCCCCC5)cc(C)nc34)c2Cl)cc1.Cl.Cl.Cl.Cl,Bradykinin B2 receptor
Cc1cc(N2CCCCC2)c2cccc(OCc3c(Cl)ccc(N(C)C(=O)CNC(=O)/C=C/c4ccc(C(=O)Nc5ccncc5)cc4)c3Cl)c2n1.Cl,Bradykinin B2 receptor
COCC(=O)N(C)c1ccc(Cl)c(COc2cccn3c(Br)c(C)nc23)c1Cl,Bradykinin B2 receptor
CNC(=O)c1ccc(/C=C/C(=O)NCC(=O)N(C)c2ccc(OC)c(COc3cccc4ccc(C)nc34)c2OC)cc1,Bradykinin B2 receptor
CNC(=O)c1ccc(/C=C/C(=O)NCC(=O)N(C)c2ccc(Cl)c(COc3cccc4c(NCCN(C)C)cc(C)nc34)c2Cl)cc1.Cl,Bradykinin B2 receptor
CCc1nc2c(OCc3c(Cl)ccc(N(C)C(=O)CNC(=O)/C=C/c4ccc(C(=O)NC)cc4)c3Cl)cccc2n1C.Cl,Bradykinin B2 receptor
Cc1nc2c(OCc3c(Cl)ccc(N(C)C(=O)CNC(=O)Nc4cccc([N+](=O)[O-])c4)c3Cl)cccn2c1Br.Cl,Bradykinin B2 receptor
N=C(N)NCCCCC(=O)N1CCC[C@@H]1C(=O)N1C[C@@H](O)C[C@@H]1C(=O)NCC(=O)N[C@@H](Cc1cccs1)C(=O)N[C@@H](CO)C(=O)N1Cc2ccccc2C[C@@H]1C(=O)N(CC(=O)N[C@@H](CCCNC(=N)N)C(=O)O)C1CCCCC1,Bradykinin B2 receptor
O=C1Nc2ccccc2C(c2ccccc2)=NC1Cc1ccccc1,Bradykinin B2 receptor
CNC(=O)c1ccc(/C=C/C(=O)NCC(=O)N(C)c2ccc(Cl)c(COc3cccc4c(N(C)C)cc(C)nc34)c2Cl)cc1OC.Cl.Cl.Cl.Cl,Bradykinin B2 receptor
CNC(=O)c1ccc(/C=C/C(=O)NCC(=O)N(C)c2ccc(Cl)c(COc3cccc4ccc(C)nc34)c2Cl)cn1.Cl.Cl,Bradykinin B2 receptor
Cc1ccc2cccc(OCc3c(Cl)ccc(N(C)C(=O)Cc4ccc(C(=O)c5ccc(S(N)(=O)=O)cc5)n4C)c3Cl)c2n1,Bradykinin B2 receptor
CC(=O)Nc1ccc(/C=C/C(=O)NCC(=O)N(C)c2ccc(Cl)c(COc3cccc4c(OCc5ccccn5)cc(C)nc34)c2Cl)cn1,Bradykinin B2 receptor
CCCCC[P+](CCCCC)(CCCCC)Cc1ccc(NC(=O)[C@H](Cc2ccc3ccccc3c2)N/C(=N/C2CCCCC2)NC2CCCCC2)cc1.[Cl-],Bradykinin B2 receptor
CC(=O)Nc1ccc(/C=C/C(=O)NCC(=O)N(C)c2ccc(Cl)c(COc3cccc4c(N(C)C)cc(C)nc34)c2Cl)cc1C.Cl.Cl.Cl.Cl,Bradykinin B2 receptor
NCCCC[C@H](N)C(=O)N[C@@H](CCCN=C(N)N)C(=O)N1CCC[C@H]1C(=O)N1CC(O)C[C@H]1C(=O)NCC(=O)N[C@@H](Cc1cccs1)C(=O)N[C@@H](CO)C(=O)NC1CSc2ccccc2N(CC(=O)N[C@H](CCCN=C(N)N)C(=O)O)C1=O,Bradykinin B2 receptor
C#CCOCc1c(C)nc2c(OCc3c(Cl)cccc3Cl)cccn12,Bradykinin B2 receptor
CNC(=O)Nc1ccc(/C=C/C(=O)NCC(=O)N(C)c2ccc(Cl)c(COc3cccn4c(Br)c(C)nc34)c2Cl)cc1.Cl,Bradykinin B2 receptor
CC(=O)CN1CN(c2ccc(C)cc2)C2(CCN(C)CC2)C1=O,Bradykinin B2 receptor
[H][C@@]1(C(=O)NCCN(C)CCN(C)C)CCCN1S(=O)(=O)c1ccc(NNC(=S)NC2Cc3ccccc3Cc3ccccc32)c([N+](=O)[O-])c1,Bradykinin B2 receptor
Cc1ccc2cccc(OCc3c(C(=O)N(C)C)ccc(N(C)C(=O)CNC(=O)/C=C/c4ccc(C(=O)N(C)C)cc4)c3C(=O)N(C)C)c2n1.Cl,Bradykinin B2 receptor
NC[C@H]1C[C@@H](OCc2ccccc2)CN1C(=O)c1ccccc1,Bradykinin B2 receptor
NC(N)=NCCC[C@H](N)C(=O)N[C@@H](CCCN=C(N)N)C(=O)N1CCC[C@H]1C(=O)N1C[C@H](O)C[C@H]1C(=O)NCC(=O)N[C@@H](Cc1cccs1)C(=O)N[C@@H](CS)C(=O)N1Cc2ccccc2C[C@@H]1C(=O)N1c2ccccc2C[C@@H]1C(=O)N[C@@H](CCCN=C(N)N)C(=O)O,Bradykinin B2 receptor
O=C(Nc1cccc2ccncc12)[C@@H](Cc1ccc2ccccc2c1)N/C(=N/C1CCCCC1)NC1CCCCC1,Bradykinin B2 receptor
NCc1ccc(CNC(=O)[C@@H](CN)n2cccc2CNC(=O)C(c2ccccc2)C2CCCCC2)cc1,Bradykinin B2 receptor
NC(N)=NCCC[C@H](N)C(=O)N[C@H](Cc1ccccc1)C(=O)N[C@@H](CCCN=C(N)N)C(=O)N1CCC[C@H]1C(=O)N1CCC[C@H]1C(=O)NCC(=O)N[C@@H](Cc1ccccc1)C(=O)N[C@@H](CO)C(=O)[C@@H]1CCCN1C(=O)N[C@@H](Cc1ccccc1)C(=O)N[C@H](CCCN=C(N)N)C(=O)O,Bradykinin B2 receptor
CNC(=O)c1ccc(/C=C/C(=O)NCC(=O)N(C)c2ccc(Cl)c(COc3cccc4c(N(C)C)cc(C)nc34)c2Cl)cn1.Cl,Bradykinin B2 receptor
COc1cccc(/C=C/C(=O)NCC(=O)N(C)c2ccc(Cl)c(COc3cccc4sc(C)nc34)c2Cl)c1,Bradykinin B2 receptor
NC(N)=NCCC[C@H](N)C(=O)N[C@@H](CCCN=C(N)N)C(=O)N1CCC[C@@H]1C(=O)N1C[C@@H](O)C[C@@H]1C(=O)NCC(=O)N[C@@H](Cc1ccccc1)C(=O)N[C@@H](CO)C(=O)N1Cc2ccccc2C[C@@H]1C(=O)N(CC(=O)N[C@@H](CCCN=C(N)N)C(=O)O)C1CCCCC1,Bradykinin B2 receptor
CC(=O)CN1CN(c2ccccc2)C2(CCN(C)CC2)C1=O,Bradykinin B2 receptor
[H][C@@]12CC3CCCCC3N1C(=O)[C@@]1([H])Cc3ccccc3CN1C(=O)[C@H](C)NC(=O)[C@H](Cc1cc3ccccc3[nH]1)NC(=O)CCCNC(=O)[C@H](CCCN=C(N)N)NC2=O,Bradykinin B2 receptor
[H][C@@]12CC3CCCCC3N1C(=O)[C@@]1([H])Cc3ccccc3CN1C(=O)[C@H](Cc1cccs1)NC(=O)CN(C)C(=O)[C@H](CCCN=C(N)N)NC2=O,Bradykinin B2 receptor
Cc1cc(-c2cscn2)c2cccc(OCc3c(Cl)cncc3Cl)c2n1,Bradykinin B2 receptor
NC(N)=NCCC[C@H](N)C(=O)N[C@@H](CCCN=C(N)N)C(=O)NCCCCCCCCCCCCC(=O)N[C@@H](CO)C(=O)N1CCc2ccccc2[C@@H]1C(=O)N1C2CCCCC2C[C@H]1C(=O)N[C@@H](CCCN=C(N)N)C(=O)O,Bradykinin B2 receptor
Cc1cc(-n2ccnc2)c2cccc(OCc3c(Cl)ccc(-n4cccc4CNC(=O)/C=C/c4ccc(C(=O)N(C)C)cc4)c3Cl)c2n1.Cl.Cl.Cl.Cl,Bradykinin B2 receptor
Cc1cc(-c2nscc2C)c2cccc(OCc3c(Cl)cncc3Cl)c2n1,Bradykinin B2 receptor
CNC(=O)c1ccc(/C=C/C(=O)NCC(=O)N(C)c2ccc(C)c(COc3cccc4ncc(C)nc34)c2C)cc1,Bradykinin B2 receptor
CN(C)CCN(C)CCNC(=O)[C@@H]1CCCN1S(=O)(=O)c1ccc(NNC(=S)NC(c2ccccc2)c2ccccc2)c([N+](=O)[O-])c1.O=C(O)C(F)(F)F,Bradykinin B2 receptor
Cc1ccc2cccc(OCc3c(/C=C/c4ccncc4)ccc(N(C)C(=O)CNC(=O)/C=C/c4ccc(/C=C/c5ccncc5)nc4)c3/C=C/c3ccncc3)c2n1,Bradykinin B2 receptor
NCCCC(=O)N[C@@H](Cc1cccs1)C(=O)N1Cc2ccccc2C[C@H]1C(=O)N1C2CCCCC2C[C@H]1C(=O)N[C@@H](CCCN=C(N)N)C(=O)O,Bradykinin B2 receptor
Cc1cc(N2CCOCC2)c2cccc(OCc3c(Cl)ccc(N(C)C(=O)CNC(=O)/C=C/c4ccc(C(=O)N(C)C)cc4)c3Cl)c2n1.Cl.Cl.Cl.Cl,Bradykinin B2 receptor
COc1nc2c(OCc3c(Cl)ccc(N(C)C(=O)CNC(=O)/C=C/c4ccc(NC(C)=O)nc4)c3Cl)cccc2n1Cc1ccccc1,Bradykinin B2 receptor
CNC(=O)c1ccc(/C=C/C(=O)NCC(=O)N(C)c2ccc(Cl)c(COc3cccc4nc(C)cnc34)c2Cl)cc1,Bradykinin B2 receptor
Cc1ccc2cccc(OCc3c(C)ccc(N(C)C(=O)CNC(=O)/C=C/c4ccc(C(F)(F)F)cc4)c3C)c2n1,Bradykinin B2 receptor
CCNC(=O)NCC(=O)N(C)c1ccc(OC)c(COc2cccc3ccc(C)nc23)c1C#N,Bradykinin B2 receptor
Cc1ccc2cccc(OCc3c(N4CCCC4=O)ccc(N(C)C(=O)CNC(=O)/C=C/c4ccc(N5CCCC5=O)cc4)c3N3CCCC3=O)c2n1.Cl,Bradykinin B2 receptor
Cc1ccc2cccc(OCc3c(Cl)ccc(N(C)C(=O)CNC(=O)/C=C/c4ccccc4)c3Cl)c2n1.Cl,Bradykinin B2 receptor
C=CCN(C(=O)Cc1ccc(C(=O)c2ccc(C#N)cc2)n1C)c1ccc(Cl)c(COc2cccc3ccc(C)nc23)c1Cl,Bradykinin B2 receptor
CCCC[P+](CCCC)(CCCC)Cc1ccc(NC(=O)[C@H](Cc2ccc3ccccc3c2)N/C(=N/C(C)C)NC(C)C)cc1.[Cl-],Bradykinin B2 receptor
CNC(=O)c1ccc(/C=C/C(=O)NCc2ccccc2-c2ccc(C)c(COc3cccc4ccc(C)nc34)c2C)cc1,Bradykinin B2 receptor
N=C(N)NCCC[C@H](NC(=O)[C@@H]1CC2CCCCC2N1C(=O)[C@@H]1Cc2ccccc2CN1C(=O)[C@H](CO)NC(=O)[C@@H]1Cc2ccccc2CN1)C(=O)O,Bradykinin B2 receptor
Cc1cc(N(C)C)c2cccc(OCc3c(Cl)ccc(N(C)C(=O)CNC(=O)/C=C/c4ccc(NC(=O)c5ccncc5)cc4)c3Cl)c2n1.Cl,Bradykinin B2 receptor
Cc1nc2c(OCc3c(Cl)ccc(N(C)C(=O)CNC(=O)Nc4cccc(C(=O)N(C)C)c4)c3Cl)cccn2c1Br.Cl,Bradykinin B2 receptor
CCCCC[P+](CCCCC)(CCCCC)Cc1ccc(C(=O)c2ccc(C[P+](CCCCC)(CCCCC)CCCCC)cc2)cc1.[Cl-].[Cl-],Bradykinin B2 receptor
[H][C@@]12CC3CCCCC3N1C(=O)[C@@]1([H])Cc3ccccc3CN1C(=O)[C@H](Cc1ccccc1)NC(=O)CNC(=O)[C@H](CCCNC(=N)N)NC2=O,Bradykinin B2 receptor
N=C(N)NCCC[C@H](NC(=O)[C@@H]1C2CCCCC2CN1C(=O)[C@H]1Cc2ccccc2CN1C(=O)[C@H](CO)NC(=O)[C@H](NC(=O)CNC(=O)[C@@H]1C[C@@H](O)CN1C(=O)[C@@H]1CCCN1C(=O)[C@H](CCCNC(=N)N)NC(=O)[C@@H](CCCNC(=N)N)NC(=O)c1ccc(CN2CCCNCCNCCCNCC2)cc1)c1cccs1)C(=O)O,Bradykinin B2 receptor
[H][C@@]1(C(=O)NCCN(C)CCCN(C)C)CCCN1S(=O)(=O)c1ccc(NNC(=O)NC2c3ccccc3CCc3ccccc32)c([N+](=O)[O-])c1,Bradykinin B2 receptor
Cc1ccc2c(c1)SCC(NC(=O)[C@H](CO)NC(=O)[C@H](Cc1cccs1)NC(=O)CNC(=O)[C@@H]1CC(O)CN1C(=O)[C@@H]1CCCN1C(=O)[C@H](CCCN=C(N)N)NC(=O)[C@H](N)CCCN=C(N)N)C(=O)N2CC(=O)N[C@H](CCCN=C(N)N)C(=O)O,Bradykinin B2 receptor
Cl.Cl.O=C(Nc1ccc(CN/C(=N/C2CCCCC2)NC2CCCCC2)cc1)C1Cc2ccccc2CN1C(=O)CN/C(=N/C1CCCCC1)NC1CCCCC1,Bradykinin B2 receptor
NC(N)=NCCC[C@H](NC(=O)[C@@H]1CN(C(=O)[C@H]2c3ccccc3CCN2C(=O)[C@H](CO)NC(=O)[C@H](Cc2ccccc2)NC(=O)CNC(=O)[C@@H]2C[C@@H](O)CN2C(=O)[C@@H]2CCCN2C(=O)[C@H](CCCN=C(N)N)NC(=O)[C@H](N)CCCN=C(N)N)C2CCCCC21)C(=O)O,Bradykinin B2 receptor
Cc1cc(-c2scnc2Cl)c2cccc(OCc3c(Cl)cncc3Cl)c2n1,Bradykinin B2 receptor
Cc1ccc2cccc(OCc3c(Cl)cncc3Cl)c2n1,Bradykinin B2 receptor
CNC(=O)c1ccc(/C=C/C(=O)NCC(=O)N(C)c2ccc(Cl)c(COc3cccc4c(-n5cccn5)cc(C)nc34)c2Cl)cc1.Cl.Cl.Cl.Cl,Bradykinin B2 receptor
CC(=O)c1cccc(NC(=O)NCC(=O)N(C)c2ccc(Cl)c(COc3cccn4c(Br)c(C)nc34)c2Cl)c1.Cl,Bradykinin B2 receptor
N=C(N)NCCC[C@@H]1NC(=O)N2C3CCCCC3C[C@H]2C(=O)N2Cc3ccccc3C[C@@H]2C(=O)NCC[C@@H](NC(=O)CCc2ccccc2)C(=O)CCNC1=O,Bradykinin B2 receptor
Cc1nc2c(OCc3c(Cl)ccc(N(C)C(=O)CNC(=O)NCc4ccccc4)c3Cl)cccn2c1Br.Cl,Bradykinin B2 receptor
NC(N)=NCCC[C@H](NC(=O)[C@H](Cc1ccccc1)NC(=O)[C@@H](Cc1ccccc1)NC(=O)[C@H](CO)NC(=O)[C@H](Cc1ccccc1)NC(=O)CNC(=O)[C@@H]1C[C@@H](O)CN1C(=O)[C@@H]1CCCN1C(=O)[C@H](CCCN=C(N)N)NC(=O)[C@H](N)CCCN=C(N)N)C(=O)O,Bradykinin B2 receptor
CC(=O)Nc1ccc(/C=C/C(=O)NCC(=O)N(C)c2ccc(Cl)c(COc3cccc4ccc(C)nc34)c2Cl)cn1,Bradykinin B2 receptor
O=[N+]([O-])c1cc(S(=O)(=O)NCc2ccccc2)ccc1NC/C(S)=NCc1ccccc1,Bradykinin B2 receptor
NC(N)=NCCC[C@H](NC(=O)[C@H](N)CCCN=C(N)N)C(=O)N1CCC[C@H]1C(=O)N1C[C@H](O)C[C@H]1C(=O)NCC(=O)N[C@@H](Cc1cccs1)C(=O)N[C@@H](CO)C(=O)NC1N=C(c2ccccc2)c2ccccc2N(CC(=O)N[C@H](CCCN=C(N)N)C(=O)O)C1=O,Bradykinin B2 receptor
Cc1ccc2cccc(OCc3c(N4CCCC4=O)ccc(-n4cccc4CNC(=O)/C=C/c4ccc(N5CCCC5=O)cc4)c3N3CCCC3=O)c2n1.Cl,Bradykinin B2 receptor
Cc1ccc2cccc(OCc3c(Cl)ccc(N(C)C(=O)CNC(=O)/C=C/c4ccc(C(=O)Nc5ccncc5)nc4)c3Cl)c2n1.Cl.Cl.Cl,Bradykinin B2 receptor
Cc1ccc2cccc(OCc3c(Cl)ccc(N(C)C(=O)CCc4ccc(C(=O)c5ccc(C#N)cc5)n4C)c3Cl)c2n1,Bradykinin B2 receptor
Cc1cc(-c2ccnn2C)c2cccc(OCc3c(Cl)cncc3Cn3ccccc3=O)c2n1,Bradykinin B2 receptor
CCOC(=O)Cc1nc2c(OCc3c(C)ccc(N(C)C(=O)CNC(=O)/C=C/c4ccc(C(=O)NC)cc4)c3C)cccc2n1C,Bradykinin B2 receptor
COc1ccc(Cl)c(COc2cccn3c(Br)c(C)nc23)c1Cl,Bradykinin B2 receptor
Cc1ccc2cccc(OCc3c(Cl)ccc(N(C)C(=O)Cc4ccc(C(=O)c5ccccc5)n4C)c3Cl)c2n1,Bradykinin B2 receptor
CNC(=O)c1ccc(/C=C/C(=O)NCC(=O)N(C)c2cccc(COc3cccc4ccc(C)nc34)c2C)cc1,Bradykinin B2 receptor
CC(=O)Nc1ccc(/C=C/C(=O)NCc2cccn2-c2ccc(NC(C)=O)c(COc3cccc4ccc(C)nc34)c2NC(C)=O)cn1.Cl.Cl,Bradykinin B2 receptor
CCCOc1c(N(C)C(=O)CNC(=O)/C=C/c2ccc(C(F)(F)F)cc2)ccc(OC)c1COc1cccc2ccc(C)nc12,Bradykinin B2 receptor
CC(=O)CN1CN(CC2CCCCC2)C2(CCN(C)CC2)C1=O,Bradykinin B2 receptor
CC(=O)N(C)c1c(Cl)cc(Cl)c(COc2cccn3c(Br)c(C)nc23)c1Cl,Bradykinin B2 receptor
CC(=O)Nc1ccc(/C=C/C(=O)NCC(=O)N(C)c2ccc(Cl)c(COc3cccn4c(Br)c(C)nc34)c2Cl)cn1.Cl.Cl,Bradykinin B2 receptor
Cc1cc(OCc2ccccn2)c2cccc(OCc3c(Cl)ccc(N(C)C(=O)CNC(=O)/C=C/c4ccc(C(=O)Nc5ccncc5)cc4)c3Cl)c2n1,Bradykinin B2 receptor
CC(=O)NC(C)C(=O)N(C)c1ccc(Cl)c(COc2cccn3c(Br)c(C)nc23)c1Cl,Bradykinin B2 receptor
CCCCc1ccnc([C@H](CC2CCCCC2)NC(=O)CCCCN)c1,Bradykinin B2 receptor
CC(CCCN)(NC(=O)c1ccccc1Cn1ccc2c1C(=O)C(Cc1ccccc1)(Cc1ccccc1)CC2)C(=O)O,Bradykinin B2 receptor
CNC(=O)c1ccc(/C=C/C(=O)NCC(=O)N(C)c2ccc(Cl)c(COc3cccc4c(-n5ccnc5)cc(C)nc34)c2Cl)cc1.Cl.Cl.Cl.Cl,Bradykinin B2 receptor
CCCC[P+](CCCC)(CCCC)Cc1ccc(NC(=O)[C@H](CCc2ccccc2)N/C(=N/C2CCCCC2)NC2CCCCC2)cc1.[Cl-],Bradykinin B2 receptor
O=[N+]([O-])c1cc(S(=O)(=O)NCc2ccccc2)ccc1N/N=C(/S)NCc1ccccc1,Bradykinin B2 receptor
[H][C@@]1(C(=O)NCCN(C)CCCN(C)C)CCCN1S(=O)(=O)c1ccc(N/N=C(S)NC(c2ccccc2)c2ccccc2)c([N+](=O)[O-])c1,Bradykinin B2 receptor
Cc1ccc(C[C@@H](CN[C@@H](CCCN=C(N)N)C(=O)O)NC(=O)[C@@H]2CCCN2C(=O)[C@H](CO)NC(=O)[C@H](Cc2cccs2)NC(=O)CNC(=O)[C@@H]2C[C@@H](O)CN2C(=O)[C@@H]2CCCN2C(=O)[C@@H](N)CCCN=C(N)N)cc1,Bradykinin B2 receptor
COC(=O)N(C)c1ccc(Cl)c(COc2cccn3c(Br)c(C)nc23)c1Cl,Bradykinin B2 receptor
COc1c(N(C)C(=O)CNC(=O)/C=C/c2ccc(C(F)(F)F)cc2)ccc(Cl)c1COc1cccc2ccc(C)nc12,Bradykinin B2 receptor
Cc1cc(-c2ocnc2C)c2cccc(OCc3c(Cl)cncc3Cl)c2n1,Bradykinin B2 receptor
Cc1cc(-n2ccnc2)c2cccc(OCc3c(Cl)ccc(N(C)C(=O)CNC(=O)/C=C/c4ccc(C(=O)Nc5ccncc5)cc4)c3Cl)c2n1.Cl,Bradykinin B2 receptor
CNC(=O)c1ccc(/C=C/C(=O)NCC(=O)N(C)c2ccc(C)c(COc3cccc4ncc(C)nc34)c2C)cn1,Bradykinin B2 receptor
Cc1ccc2cccc(OCc3c(Cl)ccc(N(C)C(=O)Cc4ccc(C(=O)c5ccc(C(F)(F)F)cc5)n4C)c3Cl)c2n1,Bradykinin B2 receptor
FC(F)(F)c1cn2cccc(OCc3c(Cl)cccc3Cl)c2n1,Bradykinin B2 receptor
O=C(Nc1nc2ccccc2[nH]1)[C@H](Cc1ccc2ccccc2c1)N/C(=N/C1CCCCC1)NC1CCCCC1,Bradykinin B2 receptor
CNC(=O)c1ccc(/C=C/C(=O)NCC(=O)N(C)c2ccc(Cl)c(COc3cccc4c(OCc5ccccn5)cc(C)nc34)c2Cl)cc1,Bradykinin B2 receptor
O=C(O)CN1C(=O)C(Cc2ccccc2)N=C(c2ccccc2)c2ccccc21,Bradykinin B2 receptor
CCn1c(C)cc(C#N)c1-c1ccc(COc2cc(C)nc3ccccc23)cc1,Bradykinin B2 receptor
Cc1cc(-n2cccn2)c2cccc(OCc3c(Cl)ccc(N(C)C(=O)CNC(=O)/C=C/c4ccc(C(=O)N(C)C)cc4)c3Cl)c2n1.Cl,Bradykinin B2 receptor
CNC(=O)c1ccc(/C=C/C(=O)NCC(=O)N(C)c2ccc(C)c(COc3cccc4ccc(C)nc34)c2C)cc1.Cl,Bradykinin B2 receptor
Cc1cc(-n2cccn2)c2cccc(OCc3c(Cl)cncc3Cl)c2n1,Bradykinin B2 receptor
Cc1cc(-c2ncsc2Cl)c2cccc(OCc3c(Cl)cncc3Cl)c2n1,Bradykinin B2 receptor
Cc1ccc(/C=C/C(=O)NCC(=O)N(C)c2ccc(Cl)c(COc3cccc4sc(-c5ccccc5)nc34)c2Cl)cc1,Bradykinin B2 receptor
COc1ccc(C[C@@H](CN[C@@H](CCCN=C(N)N)C(=O)O)NC(=O)[C@@H]2CCCN2C(=O)[C@H](CO)NC(=O)[C@H](Cc2cccs2)NC(=O)CNC(=O)[C@@H]2C[C@@H](O)CN2C(=O)[C@@H]2CCCN2C(=O)[C@@H](N)CCCN=C(N)N)cc1,Bradykinin B2 receptor
Cc1nc2c(OCc3c(Cl)ccc(N(C)C(=O)CNC(=O)CCc4ccccc4)c3Cl)cccn2c1Br,Bradykinin B2 receptor
O=C(Nc1cnc2ccccc2c1)[C@@H](Cc1ccc2ccccc2c1)N/C(=N/C1CCCCC1)NC1CCCCC1,Bradykinin B2 receptor
CC(=O)Nc1ccc(/C=C/C(=O)NCC(=O)N(C)c2ccc(C)c(COc3cccc4ccc(C)nc34)c2C)cn1.Cl.Cl,Bradykinin B2 receptor
NC(N)=NCCC[C@H](NC(=O)[C@H](N)CCCN=C(N)N)C(=O)N1CCC[C@H]1C(=O)N1CC(O)C[C@H]1C(=O)NCC(=O)N[C@@H](Cc1cccs1)C(=O)N[C@@H](CO)C(=O)N[C@H]1CCc2cccc3c2N(C1=O)[C@@H](C(=O)N[C@H](CCCN=C(N)N)C(=O)O)C3,Bradykinin B2 receptor
CC(=O)Nc1ccc(C(=O)c2ccc(CC(=O)N(C)c3ccc(Cl)c(COc4cccc5ccc(C)nc45)c3Cl)n2C)cc1,Bradykinin B2 receptor
CCOC(=O)c1cccc(NC(=O)NCC(=O)N(C)c2ccc(Cl)c(COc3cccn4c(Br)c(C)nc34)c2Cl)c1,Bradykinin B2 receptor
CN(C)CCCN(C)CCNC(=O)c1cccn1S(=O)(=O)c1ccc(NNC(=O)NC2c3ccccc3CCc3ccccc32)c(Cl)c1,Bradykinin B2 receptor
CNC(=O)c1ccc(/C=C/C(=O)NCC(=O)N(C)c2ccc(Cl)c(COc3cccc4c(N5CCCCC5)cc(C)nc34)c2Cl)cc1.Cl.Cl.Cl.Cl,Bradykinin B2 receptor
CNC(=O)c1ccc(/C=C/C(=O)NCC(=O)N(C)c2ccc(Cl)c(COc3cccc4c(OCC(=O)N(C)C)cc(C)nc34)c2Cl)cc1.Cl,Bradykinin B2 receptor
NCCCC(=O)N[C@@H](Cc1ccccc1)C(=O)N1Cc2ccccc2C[C@H]1C(=O)N1C2CCCCC2C[C@H]1C(=O)N[C@@H](CCCN=C(N)N)C(=O)O,Bradykinin B2 receptor
N=C(N)Nc1ccc(N2C(=O)C(Cc3ccccc3)N=C(c3ccccc3)c3ccccc32)cc1,Bradykinin B2 receptor
CCN(C(=O)Cc1ccc(C(=O)c2ccc(C#N)cc2)n1C)c1ccc(Cl)c(COc2cccc3ccc(C)nc23)c1Cl,Bradykinin B2 receptor
CNC(=O)c1ccc(/C=C/C(=O)NCC(=O)N(C)c2ccc(Cl)c(COc3cccnc3-n3c(C)ccc3C)c2Cl)cc1,Bradykinin B2 receptor
CCCC[PH](CCCC)(CCCC)Cc1ccc(/C=C/[C@H](Cc2ccc3ccccc3c2)N/C(=N/C2CCCCC2)NC2CCCCC2)cc1.Cl.Cl,Bradykinin B2 receptor
CN(C)CCCN(C)CCNC(=O)c1cccn1S(=O)(=O)c1ccc(NNC(=O)NC2c3ccccc3CCc3ccccc32)c([N+](=O)[O-])c1,Bradykinin B2 receptor
Cc1ccc2cccc(OCc3c(Cl)ccc(N(C)C(=O)CNC(=O)/C=C/c4ccc(C(=O)Nc5cccnc5)cc4)c3Cl)c2n1.Cl.Cl,Bradykinin B2 receptor
Cc1ccc2cccc(OCc3c(Cl)ccc(N(C)C(=O)Cc4ccc(C(=O)c5ccc(S(C)(=O)=O)cc5)n4C)c3Cl)c2n1,Bradykinin B2 receptor
COc1ccc(N(C)C(=O)CNC(=O)/C=C/c2ccc(C(F)(F)F)cc2)c(Cl)c1COc1cccc2ccc(C)nc12,Bradykinin B2 receptor
CCCCc1ccnc([C@H](CC2CCCCC2)NC(=O)c2ccc(CN=C(N)N)cc2)c1,Bradykinin B2 receptor
Cc1ccc2cccc(OCc3c(Cl)ccc(NC(=O)Cc4ccc(C(=O)c5ccc(C#N)cc5)n4C)c3Cl)c2n1,Bradykinin B2 receptor
Cc1ccc2cccc(OCc3c(C)ccc(N(C)C(=O)CCc4ccc(C(=O)c5cccnc5)n4C)c3C)c2n1,Bradykinin B2 receptor
Cc1cc(-n2ccnc2)c2cccc(OCc3c(Cl)ccc(-n4cccc4CNC(=O)/C=C/c4ccc(C(=O)NCc5ccccn5)cc4)c3Cl)c2n1.Cl,Bradykinin B2 receptor
CNC(=O)c1ccc(/C=C/C(=O)NCC(=O)N(C)c2ccc(C)c(COc3cccc4c3nc(COC)n4C)c2C)cc1,Bradykinin B2 receptor
N=C(N)NC[C@H]1C[C@@H](OCc2ccccc2)CN1C(=O)c1ccccc1,Bradykinin B2 receptor
N=C(N)NCCC[C@H](N)C(=O)N[C@H](CCCNC(=N)N)C(=O)N1CCC[C@H]1C(=O)N1C[C@H](O)C[C@H]1C(=O)NCC(=O)N[C@@H](Cc1ccccc1)C(=O)N[C@@H](CO)C(=O)N[C@H](Cc1ccccc1)C(=O)N[C@@H](Cc1ccccc1)C(=O)N[C@@H](CCCNC(=N)N)C(=O)O,Bradykinin B2 receptor
Cc1ccc(/C=C/C(=O)NCC(=O)N(C)c2ccc(Cl)c(COc3cccc4scnc34)c2Cl)cc1,Bradykinin B2 receptor
COc1nc2c(OCc3c(C)ccc(N(C)C(=O)CNC(=O)/C=C/c4ccc(NC(C)=O)nc4)c3C)cccc2n1C,Bradykinin B2 receptor
CNC(=O)c1ccc(/C=C/C(=O)NCC(=O)N(C)c2ccc(Cl)c(COc3cccc4c(OC(C)C)cc(C)nc34)c2Cl)cc1.Cl,Bradykinin B2 receptor
CCCC(=O)NCC(=O)N(C)c1ccc(Cl)c(COc2cccn3c(Br)c(C)nc23)c1Cl,Bradykinin B2 receptor
Cc1ccc2cccc(OCc3c(Cl)ccc(N(C)C(=O)CCc4ccc(C(=O)c5cccs5)n4C)c3Cl)c2n1,Bradykinin B2 receptor
CN(C)CCN(C)CCNC(=O)[C@@H]1CCCN1S(=O)(=O)c1ccc(NNC(=S)NC(c2ccccc2)c2ccccc2)c([N+](=O)[O-])c1,Bradykinin B2 receptor
CNC(=O)c1ccc(/C=C/C(=O)NCC(=O)N(C)c2ccc(C(=O)NC)c(COc3cccc4ccc(C)nc34)c2C(=O)NC)cn1.Cl.Cl,Bradykinin B2 receptor
NC(N)=NCCC[C@H](NC(=O)[C@@H]1CC2CCCCC2N1C(=O)[C@@H](Cc1ccccc1)NC(=O)[C@H](CO)NC(=O)[C@H](Cc1ccccc1)NC(=O)CNC(=O)[C@@H]1CCCN1C(=O)[C@@H]1CCCN1C(=O)[C@H](CCCN=C(N)N)NC(=O)[C@H](N)CCCN=C(N)N)C(=O)O,Bradykinin B2 receptor
Cc1ccc2cccc(OCc3c(Cl)ccc(N(C)C(=O)Cc4ccc(C(=O)c5ccc(C#N)nc5)n4C)c3Cl)c2n1,Bradykinin B2 receptor
CCCCC1(CCCC)Oc2cccc(NC(=O)c3ccc(CN)cc3)c2O1,Bradykinin B2 receptor
NS(=O)(=O)c1ccc(N/N=C(/S)NC(c2ccccc2)c2ccccc2)c([N+](=O)[O-])c1,Bradykinin B2 receptor
Cc1ccc2cccc(OCc3c(Cl)ccc(N(C)C(=O)Cc4ccc(C(=O)c5ccc(Cl)cc5)n4C)c3Cl)c2n1,Bradykinin B2 receptor
CCCC[P+](CCCC)(CCCC)Cc1ccc(NC(=O)[C@H](Cc2cc3ccccc3s2)N/C(=N/C2CCCCC2)NC2CCCCC2)cc1.[Cl-],Bradykinin B2 receptor
CCNC(=O)NCC(=O)N(C)c1ccc(Cl)c(COc2cccc3ccc(C)nc23)c1C#N,Bradykinin B2 receptor
Cc1ccc2cccc(OCc3c(C)ccc(N(C)C(=O)CNC(=O)/C=C/c4ccc(N5CCCC5=O)nc4)c3C)c2n1.Cl.Cl,Bradykinin B2 receptor
CCCC[P+](CCCC)(CCCC)Cc1ccc(NC(=O)[C@H](Cc2ccccc2)N/C(=N/C2CCCCC2)NC2CCCCC2)cc1.[Cl-],Bradykinin B2 receptor
CC(=O)Nc1ccc(/C=C/C(=O)NCC(=O)N(C)c2ccc(Cl)c(COc3cccc4ncc(C)nc34)c2Cl)cc1.Cl,Bradykinin B2 receptor
CCCCC[P+](CCCCC)(CCCCC)Cc1ccc(-c2ccc(C[P+](CCCCC)(CCCCC)CCCCC)cc2)cc1.[Br-].[Br-],Bradykinin B2 receptor
Cc1cnc2cccc(OCc3c(Cl)ccc(N(C)C(=O)CNC(=O)/C=C/c4ccc(N5CCCC5=O)cc4)c3Cl)c2n1,Bradykinin B2 receptor
CNC(=O)c1ccc(/C=C/C(=O)NCc2cccn2-c2ccc(Cl)c(COc3cccc4ccc(C)nc34)c2Cl)cc1.Cl,Bradykinin B2 receptor
Cc1ccc(/C=C/C(=O)NCC(=O)N(C)c2ccc(Cl)c(COc3cccc4sc(C)nc34)c2Cl)cc1,Bradykinin B2 receptor
O=C(Nc1ccc(C[P+](c2ccccc2)(c2ccccc2)c2ccccc2)cc1)[C@H](Cc1ccc2ccccc2c1)N/C(=N/C1CCCCC1)NC1CCCCC1.[Cl-],Bradykinin B2 receptor
CN(C(=O)CNC(=O)[C@@H]1C[C@H](O)CN1C(=O)[C@@H]1CCCN1C(=O)[C@H](CCCN=C(N)N)NC(=O)[C@H](N)CCCN=C(N)N)[C@@H](Cc1ccccc1)C(=O)N[C@@H](CO)C(=O)N1Cc2ccccc2C[C@@H]1C(=O)N1C2CCCCC2C[C@H]1C(=O)N[C@@H](CCCN=C(N)N)C(=O)O,Bradykinin B2 receptor
CCCC[PH](CCCC)(CCCC)Cc1ccc(NC(=O)[C@H](Cc2cccc3ccccc23)N/C(=N/C2CCCCC2)NC2CCCCC2)cc1.Cl.Cl,Bradykinin B2 receptor
CNC(=O)c1ccc(/C=C/C(=O)NCC(=O)N(C)c2ccc(C)c(COc3cccc4ccc(C)nc34)c2C)cc1,Bradykinin B2 receptor
NC(N)=NCCC[C@H](NC(=O)CN1CCC[C@H](NC(=O)[C@H](CO)NC(=O)[C@H](Cc2cccs2)NC(=O)CNC(=O)[C@@H]2CC(O)CN2C(=O)[C@@H]2CCCN2C(=O)[C@H](CCCN=C(N)N)NC(=O)[C@H](N)CCCN=C(N)N)C1=O)C(=O)O,Bradykinin B2 receptor
COc1ccc(N(C)C(=O)CNC(=O)/C=C/c2ccc(NC(C)=O)nc2)c(SC)c1COc1cccc2ccc(C)nc12,Bradykinin B2 receptor
CNC(=O)c1ccc(/C=C/C(=O)NCC(=O)N(C)c2ccc(C)c(COc3cccc4c3nc(SC)n4C)c2C)cc1,Bradykinin B2 receptor
CNC(=O)c1ccc(/C=C/C(=O)NCC(=O)N(C)c2ccc(Cl)c(COc3ccc4ccc(C)nc4c3)c2Cl)cc1,Bradykinin B2 receptor
Cc1cc(-n2ccnc2C)c2cccc(OCc3c(Cl)cncc3Cl)c2n1,Bradykinin B2 receptor
CNC(=O)c1ccc(/C=C/C(=O)NCC(=O)N(C)c2ccc(Cl)c(COc3cccc4c3nc(C)n4C)c2Cl)cc1,Bradykinin B2 receptor
Cc1cnc2cccc(OCc3c(C)ccc(N(C)C(=O)CNC(=O)/C=C/c4ccc(N5CCCC5=O)cc4)c3C)c2n1,Bradykinin B2 receptor
O=[N+]([O-])c1cc(S(=O)(=O)NCc2ccccc2)ccc1N/N=C(S)CCc1ccccc1,Bradykinin B2 receptor
Cc1cc(N2CCOCC2)c2cccc(OCc3c(Cl)ccc(N(C)C(=O)CNC(=O)/C=C/c4ccc(C(=O)Nc5ccncc5)cc4)c3Cl)c2n1.Cl,Bradykinin B2 receptor
CNC(=O)NCC(=O)N(C)c1ccc(Cl)c(COc2cccn3c(Br)c(C)nc23)c1Cl.Cl,Bradykinin B2 receptor
CNC(=O)c1ccc(/C=C/C(=O)NCC(=O)N(C)c2ccc(Cl)c(COc3cccc4c(N5CCN(C)CC5)cc(C)nc34)c2Cl)cc1.Cl.Cl.Cl.Cl,Bradykinin B2 receptor
CC(=O)OCC(=O)N(C)c1ccc(Cl)c(COc2cccn3c(Br)c(C)nc23)c1Cl,Bradykinin B2 receptor
C[C@@](Cc1ccccc1)(NC(=O)CNC(=O)[C@@H]1C[C@H](O)CN1C(=O)[C@@H]1CCCN1C(=O)[C@H](CCCN=C(N)N)NC(=O)[C@H](N)CCCN=C(N)N)C(=O)N[C@@H](CO)C(=O)N1Cc2ccccc2C[C@@H]1C(=O)N1C2CCCCC2C[C@H]1C(=O)N[C@@H](CCCN=C(N)N)C(=O)O,Bradykinin B2 receptor
CN(CC(=O)N[C@@H](Cc1ccccc1)C(=O)N[C@@H](CO)C(=O)N1Cc2ccccc2C[C@@H]1C(=O)N1C2CCCCC2C[C@H]1C(=O)N[C@@H](CCCN=C(N)N)C(=O)O)C(=O)[C@@H]1C[C@H](O)CN1C(=O)[C@@H]1CCCN1C(=O)[C@H](CCCN=C(N)N)NC(=O)[C@H](N)CCCN=C(N)N,Bradykinin B2 receptor
Cc1nc2c(OCc3c(Cl)ccc(N(C)C(=O)CNC(=O)Nc4cccc(C#N)c4)c3Cl)cccn2c1Br.Cl,Bradykinin B2 receptor
CCN(C(C)=O)c1ccc(Cl)c(COc2cccn3c(Br)c(C)nc23)c1Cl,Bradykinin B2 receptor
CCCOc1cc(C)nc2c(OCc3c(Cl)ccc(N(C)C(=O)CNC(=O)/C=C/c4ccc(C(=O)NC)cc4)c3Cl)cccc12.Cl,Bradykinin B2 receptor
Cc1cc(-c2ccnn2C)c2cccc(OCc3c(Cl)cncc3Cl)c2n1,Bradykinin B2 receptor
Cc1ccc2cccc(OCc3c(Cl)ccc(N(C)C(=O)Cc4ccc(C(=O)c5ccc(C#N)cc5)n4CCC(C)C)c3Cl)c2n1,Bradykinin B2 receptor
Cc1ccc2cccc(OCc3c(Cl)ccc(N(C)C(=O)Cc4ccc(C(=O)c5ccc(C#N)cc5)n4C)c3Cl)c2n1,Bradykinin B2 receptor
CNC(=O)c1ccc(/C=C/C(=O)NCc2sccc2-c2ccc(C)c(COc3cccc4ccc(C)nc34)c2C)cc1,Bradykinin B2 receptor
CNC(=O)c1ccc(/C=C/C(=O)NCC(=O)N(C)c2ccc(Cl)c(COc3cccc4c(C)c(C)oc34)c2Cl)cc1,Bradykinin B2 receptor
Cc1nc2c(OCc3c(Cl)ccc(N(C)C(=O)CNC(=O)Nc4ccccc4)c3Cl)cccn2c1Br.Cl,Bradykinin B2 receptor
N=C(N)Nc1cccc(CN2C(=O)[C@H](Cc3ccccc3)N=C(c3ccccc3)c3ccccc32)c1,Bradykinin B2 receptor
NC(N)=NCCC[C@H](NC(=O)[C@@H]1CC2CCCCC2N1C(=O)[C@@H]1Cc2ccccc2CN1C(=O)[C@H](CO)NC(=O)[C@@H](N)Cc1cccs1)C(=O)O,Bradykinin B2 receptor
CCOc1nc2c(OCc3c(C)ccc(N(C)C(=O)CNC(=O)/C=C/c4ccc(C(=O)NC)cc4)c3C)cccc2n1C,Bradykinin B2 receptor
NC(N)=NCCC[C@H](NC(=O)CN1CC[C@@H](NC(=O)[C@H](CO)NC(=O)[C@H](Cc2cccs2)NC(=O)CNC(=O)[C@@H]2CC(O)CN2C(=O)[C@@H]2CCCN2C(=O)[C@H](CCCN=C(N)N)NC(=O)[C@H](N)CCCN=C(N)N)C1=O)C(=O)O,Bradykinin B2 receptor
CN(C)CCN(C)CCNC(=O)c1cccn1S(=O)(=O)c1ccc(N/N=C(S)NC2c3ccccc3CCc3ccccc32)c([N+](=O)[O-])c1,Bradykinin B2 receptor
[H][C@@]12CC3CCCCC3N1C(=O)[C@@]1([H])Cc3ccccc3CN1C(=O)[C@H](C)NC(=O)CNC(=O)[C@H](CCCN=C(N)N)NC2=O,Bradykinin B2 receptor
CCCN1CN(CC(C)=O)C(=O)C12CCN(C)CC2,Bradykinin B2 receptor
CC(=O)Nc1ccccc1C(=O)c1ccc(CC(=O)N(C)c2ccc(Cl)c(COc3cccc4ccc(C)nc34)c2Cl)n1C,Bradykinin B2 receptor
Cc1nc2c(C(=O)Nc3c(Cl)cccc3Cl)cccn2c1Br,Bradykinin B2 receptor
Cc1nc2c(OCc3c(Cl)cccc3Cl)cccn2c1Br,Bradykinin B2 receptor
NCCCN1C(=O)C(CN)N=C(c2ccccc2)c2cc(N(Cc3ccccc3)Cc3ccccc3)ccc21,Bradykinin B2 receptor
O=C(NC1CN2CCC1CC2)C(Cc1ccc2ccccc2c1)N/C(=N/C1CCCCC1)NC1CCCCC1,Bradykinin B2 receptor
Cc1cc(-c2ccn[nH]2)c2cccc(OCc3c(Cl)cncc3Cl)c2n1,Bradykinin B2 receptor
Cc1cc(N2CCCCC2)c2cccc(OCc3c(Cl)ccc(N(C)C(=O)CNC(=O)/C=C/c4ccc(NC(=O)c5ccncc5)cc4)c3Cl)c2n1.Cl,Bradykinin B2 receptor
CCCN(C(=O)Cc1ccc(C(=O)c2ccc(C#N)cc2)n1C)c1ccc(Cl)c(COc2cccc3ccc(C)nc23)c1Cl,Bradykinin B2 receptor
NC(N)=NCCC[C@H](NC(=O)CN1CCCC[C@H](NC(=O)[C@H](CO)NC(=O)[C@H](Cc2cccs2)NC(=O)CNC(=O)[C@@H]2CC(O)CN2C(=O)[C@@H]2CCCN2C(=O)[C@H](CCCN=C(N)N)NC(=O)[C@H](N)CCCN=C(N)N)C1=O)C(=O)O,Bradykinin B2 receptor
Cc1nc2c(OCc3c(Cl)ccc(N(C)C(=O)CNS(C)(=O)=O)c3Cl)cccn2c1Br.Cl,Bradykinin B2 receptor
CNC(=O)c1ccc(/C=C/C(=O)NCC(=O)N(C)c2ccc(Cl)c(COc3cccc4oc(C)nc34)c2Cl)cc1,Bradykinin B2 receptor
NC(N)=NCCC[C@H](N)C(=O)N[C@@H](CCCN=C(N)N)C(=O)NCCCCCCCCCCCC(=O)N[C@@H](CO)C(=O)N1CCc2ccccc2C1C(=O)N1CC(C(=O)N[C@@H](CCCN=C(N)N)C(=O)O)C2CCCCC21,Bradykinin B2 receptor
Cc1nc2c(OCc3c(Cl)ccc(N)c3Cl)cccn2c1Br.Cl,Bradykinin B2 receptor
Cc1cccc(NC(=O)NCC(=O)N(C)c2ccc(Cl)c(COc3cccn4c(Br)c(C)nc34)c2Cl)c1.Cl,Bradykinin B2 receptor
[H][C@@]12CC3CCCCC3N1C(=O)[C@@]1([H])Cc3ccccc3CN1C(=O)[C@H](C)NC(=O)[C@@H](Cc1ccccc1)NC(=O)CCCNC(=O)[C@H](CCCN=C(N)N)NC2=O,Bradykinin B2 receptor
