smiles,targetname
CCn1ncc2c(NC3CCOCC3)c(C(=O)NC3CCN(C(C)=O)CC3)cnc21,Phosphodiesterase 4B
CCOC(=O)c1n[nH]c(-c2cccc(Cl)c2)c1C#CCCO,Phosphodiesterase 4B
COc1cc(Nc2c(C(N)=O)cnc3ccc(S(C)(=O)=O)cc23)ccc1F,Phosphodiesterase 4B
CCCCn1c(=O)c2ccccc2n2c(-c3cccc([N+](=O)[O-])c3)nnc12,Phosphodiesterase 4B
O=C1NCCc2nc(-c3ccc(F)c(F)c3)cc(Nc3cccc4ncccc34)c21,Phosphodiesterase 4B
CCN(CC)Cc1oc(-c2ccc(OC)c3nc(C(F)(F)F)ccc23)nc1C(N)=O,Phosphodiesterase 4B
CN(C)Cc1cc(O)ccc1-c1cccc(Oc2ncc(F)cc2C(=O)N[C@H]2CC[C@@H](NC(=O)c3cccc4ocnc34)CC2)c1,Phosphodiesterase 4B
CCOC(=O)C1=CN(Cc2ccc(C(F)(F)F)cc2)C=C(C(=O)OCC)C1c1ccc(OC)cc1,Phosphodiesterase 4B
COC(=O)c1ccccc1C#CCN1c2cc(Oc3ccccc3)c(NS(C)(=O)=O)cc2C(C)=CC1(C)C,Phosphodiesterase 4B
CCOC(=O)C1=CN(c2ccc(OC)cc2)C=C(C(=O)OCC)C1c1ccc(Br)cc1,Phosphodiesterase 4B
CCc1cccc(Nc2c(C(N)=O)cnc3ccc(S(=O)(=O)c4ccccc4)cc23)c1,Phosphodiesterase 4B
COc1ccc(C(C)Cn2ccnc2NC#N)cc1OCCCCCc1ccccc1,Phosphodiesterase 4B
CCOC(=O)c1cc(-c2ccccc2)n(-c2ccc(/C=C/C(=O)OC)cc2)c1C(=O)c1ccccc1,Phosphodiesterase 4B
CCOC(=O)c1n[nH]c(-c2cccc(Cl)c2)c1C#CCO,Phosphodiesterase 4B
[H][C@@]12CNC(=O)N1CC[C@@H]2c1ccc(OC)c(OC2CCCC2)c1,Phosphodiesterase 4B
O=C(c1ccc(-c2ccc(Cl)cc2)o1)n1cncn1,Phosphodiesterase 4B
O=C(c1coc(-c2ccccc2)n1)n1cccn1,Phosphodiesterase 4B
COc1ccc(-c2nc(C(=O)NCc3ccc(Cl)cc3)c([C@@H](N)CO)o2)c2ccc(C(F)(F)F)nc12,Phosphodiesterase 4B
CC(C)(C)CNC(=O)Cc1ccc(Nc2nc(NN3CCCCC3)ncc2C(N)=O)cc1,Phosphodiesterase 4B
COc1cccc(Nc2cc(-c3ccccc3OC)nc3c2C(=O)NCC3)c1,Phosphodiesterase 4B
COc1ccc([C@@H]2CN(C(=O)OC(C)(C)C)C[C@H]2C(N)=O)cc1OC1CCCC1,Phosphodiesterase 4B
CC(C)(C)NC(=O)Cc1ccc(Nc2nc(-c3ccccc3)nc3c2S(=O)(=O)CCC3)cc1,Phosphodiesterase 4B
CCN(CC)c1ccc(-c2nc3cc(S(N)(=O)=O)cc4oc5ccccc5n2c34)c(O)c1,Phosphodiesterase 4B
O=C(O)Cc1ccc(Nc2nc(-c3ccccc3)nc3c2CCCC3)cc1,Phosphodiesterase 4B
CCn1nc(-c2cccc(-c3cccc(C(N)=O)c3)c2)cc(NC(=O)Nc2c(Cl)cncc2Cl)c1=O,Phosphodiesterase 4B
CC1=CC(C)(C)N(CC#Cc2ccccc2Cl)c2cc(Oc3ccccc3)c(NS(C)(=O)=O)cc21,Phosphodiesterase 4B
CC1=CC(C)(C)N(CC#Cc2ccc([N+](=O)[O-])cc2)c2cc(Oc3ccccc3)c(NS(C)(=O)=O)cc21,Phosphodiesterase 4B
COc1ccc(C2CCN(C(=O)OC(C)(C)C)C2)cc1OC1CCCC1,Phosphodiesterase 4B
CNC(=O)c1c(NC(=O)c2c(F)cccc2F)sc2c1CCC(C(C)(C)C)C2,Phosphodiesterase 4B
[H][C@@]12COC(=O)N1CC[C@@H]2c1ccc(OC)c(OC2CCCC2)c1,Phosphodiesterase 4B
CN(C)C(=O)c1cnc(-c2ccccc2)nc1Nc1ccc(CC(=O)O)cc1,Phosphodiesterase 4B
CCn1ncc2c(NC3CCOCC3)c(C(=O)Nc3ccc(F)cc3)cnc21,Phosphodiesterase 4B
O=C(c1ccc(-c2ccc(F)cc2F)o1)n1cccn1,Phosphodiesterase 4B
O=C(N[C@H]1CC[C@@H](NC(=O)c2nc3ccccc3[nH]c2=O)CC1)c1cc(F)cnc1Oc1cccc(-c2ccc(O)cc2CN2CCOCC2)c1,Phosphodiesterase 4B
COc1ccc(-c2nc3cc(S(N)(=O)=O)cc4oc5ccccc5n2c34)cc1,Phosphodiesterase 4B
COc1ccc(C2=NNC(=O)CC(C)(C)C2)cc1OC,Phosphodiesterase 4B
COc1ccc(S(=O)(=O)c2ccc3ncc(C(N)=O)c(Nc4cccc(OC)c4)c3c2)cc1,Phosphodiesterase 4B
O=C1NCCc2nc(-c3ccccc3)cc(Nc3ccc(CCO)cc3)c21,Phosphodiesterase 4B
COc1ccc(C2CCN(C(=O)Oc3ccccc3)C2)cc1OC1CCCC1,Phosphodiesterase 4B
COc1ccc2c(Nc3c(Cl)cncc3Cl)cc(=O)oc2c1OCCCC(=O)O,Phosphodiesterase 4B
COc1ccc(C2CCN(C(=O)c3cc4ccccc4[nH]3)C2)cc1OC1CCCC1,Phosphodiesterase 4B
CCn1ncc2c(NC3CCOCC3)c(C(=O)NC3CCCC3)cnc21,Phosphodiesterase 4B
COc1cccc(Nc2cc(-c3cccc(-c4cccc(C(N)=O)c4)c3)nc3c2C(=O)NCC3)c1,Phosphodiesterase 4B
O=C(N[C@H]1CC[C@@H](NC(=O)c2cc(F)cnc2Oc2cccc(-c3ccc(O)cc3CN3CCCOCC3)c2)CC1)c1cn2cc(F)ccc2n1,Phosphodiesterase 4B
CCOC(=O)c1cc(-c2ccccc2)n(-c2ccc(-c3ccc(OC)cc3)cc2)c1C(=O)c1ccccc1,Phosphodiesterase 4B
CCOC(=O)C1=CN(c2ccc(OC)cc2)C=C(C(=O)OCC)C1c1ccc(Cl)cc1,Phosphodiesterase 4B
CCCCn1c(=O)c2ccccc2n(CCN(CC)CC)c1=O,Phosphodiesterase 4B
Cc1cc(S(C)(=O)=O)cc2c(Nc3cccc(C#N)c3)c(C(N)=O)c(=O)[nH]c12,Phosphodiesterase 4B
CCOC(=O)C1=CN(c2ccc(Cl)cc2)C=C(C(=O)OCC)C1Cc1ccccc1,Phosphodiesterase 4B
CCOC(=O)C1=CN(Cc2ccc(OC)c(OC)c2)C=C(C(=O)OCC)C1c1cccc2ccccc12,Phosphodiesterase 4B
CN(C)c1ncc(C(N)=O)c(Nc2ccc(CC(=O)NCC(C)(C)C)cc2)n1,Phosphodiesterase 4B
CC(C)CNC(=O)Cc1ccc(Nc2nc(-c3ccccc3)ncc2C(N)=O)cc1,Phosphodiesterase 4B
COc1ccc(C2CCN(S(C)(=O)=O)C2)cc1OC1CCCC1,Phosphodiesterase 4B
O=Cc1cc2ccccc2n(CC#Cc2ccc([N+](=O)[O-])cc2)c1=O,Phosphodiesterase 4B
CS(=O)(=O)n1c(COCCN2COc3ccccc3C2=O)cc2cc(C(F)(F)F)ccc21,Phosphodiesterase 4B
CCCCn1c(=O)c2ccccc2n2c(-c3ccc(N(C)C)cc3)nnc12,Phosphodiesterase 4B
COC(=O)N1C[C@@H](C#N)[C@H](c2ccc(OC)c(OC3CCCC3)c2)C1,Phosphodiesterase 4B
CCC(=O)[C@@H]1CN(C(=O)OC)C[C@H]1c1ccc(OC)c(OC2CCCC2)c1,Phosphodiesterase 4B
CC(C)CNC(=O)Cc1ccc(Nc2nc(-c3ccccc3)nc3c2S(=O)(=O)CCC3)cc1,Phosphodiesterase 4B
CCOC(=O)c1c(C)nc(OCC)c(C#N)c1-c1ccc(F)cc1F,Phosphodiesterase 4B
Cc1ccc(-c2ccc(C(=O)n3cccn3)o2)cc1,Phosphodiesterase 4B
COc1ccc(C2=NN(C3CCN(C(=O)CN4CCCC4=O)CC3)C(=O)C2(C)C)cc1OC,Phosphodiesterase 4B
CC1(C)Cc2cnn(-c3ccc(F)cc3)c2-c2cc([N+](=O)[O-])ccc21,Phosphodiesterase 4B
CCN(CC)CCN1N=C(c2ccc(OC)c(OC)c2)CCCC1=O,Phosphodiesterase 4B
Cc1cc(C)n(C(=O)c2coc(-c3ccc(Cl)cc3)n2)n1,Phosphodiesterase 4B
CCOC(=O)C1=CN(Cc2ccc(OC)cc2)C=C(C(=O)OCC)C1c1cccc(F)c1,Phosphodiesterase 4B
COC(=O)[C@@H]1CN(C(=O)OC(C)(C)C)C[C@H]1c1ccc(OC)c(OCCCOc2ccccc2)c1,Phosphodiesterase 4B
COc1ccc2c(-c3nc4ccccc4cc3C#N)c[nH]c2c1,Phosphodiesterase 4B
Cc1coc2c1C(Nc1c(C(N)=O)cnc3ccc(S(=O)(=O)c4ccccc4)cc13)CCC2,Phosphodiesterase 4B
CC(C)(C)NC(=O)Cc1ccc(Nc2nc(-c3ccccc3)ncc2C(N)=O)cc1,Phosphodiesterase 4B
O=C1NCCc2nc(-c3ccccc3)cc(Nc3n[nH]c4ncccc34)c21,Phosphodiesterase 4B
CCCCn1c(N/N=C/c2cccc(O)c2)nc2ccccc2c1=O,Phosphodiesterase 4B
O=C1NCCc2nc(-c3ccccc3)cc(Nc3cccc(CO)c3)c21,Phosphodiesterase 4B
COc1ccc(-c2nc(C(=O)N[C@H](CO)c3ccccc3)c([C@@H](C)N)o2)c2ccc(C(F)(F)F)nc12,Phosphodiesterase 4B
O=C(c1ccc(-c2c(F)cccc2F)o1)n1cncn1,Phosphodiesterase 4B
COc1ccc(-c2nc(C=O)c(C)o2)c2ccc(C(F)(F)F)nc12,Phosphodiesterase 4B
CN(C)Cc1cc(O)ccc1-c1cccc(Oc2ncc(F)cc2C(=O)N[C@H]2CC[C@@H](NC(=O)c3cn4cc(F)ccc4n3)CC2)c1,Phosphodiesterase 4B
COc1ccc(C2CCN(C(=O)c3cccn3C)C2)cc1OC1CCCC1,Phosphodiesterase 4B
CCOC(=O)c1c(C)nc(OCC)c(C#N)c1-c1ccc(OC)cc1,Phosphodiesterase 4B
COc1ccc(-c2nc(C(=O)N[C@H](CO)c3ccccc3)c(CN)o2)c2ccc(C(F)(F)F)nc12,Phosphodiesterase 4B
Cc1cc(C)n(C(=O)c2coc(-c3ccc(F)cc3)n2)n1,Phosphodiesterase 4B
O=C(c1ccc(-c2ccccc2[N+](=O)[O-])o1)n1cccn1,Phosphodiesterase 4B
COc1ccc(-c2ccc(C(=O)n3cncn3)o2)cc1,Phosphodiesterase 4B
Cc1cc(S(C)(=O)=O)cc2c(Nc3cccc(C#N)c3)c(C(N)=O)cnc12,Phosphodiesterase 4B
Cc1nc(C(=O)N[C@H]2CC[C@@H](NC(=O)c3cc(F)cnc3Oc3cccc(-c4ccc(CN5CCCOCC5)cc4)c3)CC2)cs1,Phosphodiesterase 4B
COc1cccc(Nc2cc(-c3cccc(-c4cccc(C(=O)NC5CC5)c4)c3)nc3c2C(=O)NCC3)c1,Phosphodiesterase 4B
CCn1ncc2c(NC3CCOCC3)c(C(=O)NCC3CCCCC3)cnc21,Phosphodiesterase 4B
COc1ccc(-c2nc(C(N)=O)c(CN(C)C)o2)c2ccc(C(F)(F)F)nc12,Phosphodiesterase 4B
CC(C)OCCOc1nc(Oc2ccc3c(c2)COB3O)ccc1C#N,Phosphodiesterase 4B
COc1ccc2c(Nc3c(Cl)cncc3Cl)cc(=O)oc2c1OCCCCCCCC(=O)O,Phosphodiesterase 4B
CNCc1oc(-c2ccc(OC)c3nc(C(F)(F)F)ccc23)nc1C(N)=O,Phosphodiesterase 4B
COC(=O)N1C[C@@H](C(=O)OC(C)C)[C@H](c2ccc(OC)c(OC3CCCC3)c2)C1,Phosphodiesterase 4B
Cn1cc(-c2nc3ccccc3cc2C#N)c2ccccc21,Phosphodiesterase 4B
CCOC(=O)c1cnc2c(cnn2CCO)c1NC1CCOCC1,Phosphodiesterase 4B
COc1ccc(C2=NN(C3CCN(C(=O)CN4C(=O)COCC4=O)CC3)C(=O)C2(C)C)cc1OC,Phosphodiesterase 4B
COC(=O)c1c(C)nc(OC)c(C#N)c1-c1ccc(Br)cc1,Phosphodiesterase 4B
CCCCn1c(=O)c2ccccc2n2c(-c3ccc(O)c(OC)c3)nnc12,Phosphodiesterase 4B
COc1cccc(Nc2cc(-c3ccccc3)ncc2C(N)=O)c1,Phosphodiesterase 4B
COc1ccc(-c2nc(C(N)=O)c(CNC3CCCC3)o2)c2ccc(C(F)(F)F)nc12,Phosphodiesterase 4B
CCn1nc(-c2cccc(-c3ccc(F)cc3O)c2)cc(NC(=O)Nc2c(Cl)cncc2Cl)c1=O,Phosphodiesterase 4B
Cc1cccc(O)c1C(=O)N[C@H]1CC[C@@H](NC(=O)c2cc(F)cnc2Oc2cccc(-c3ccc(O)cc3CN3CCCOCC3)c2)CC1,Phosphodiesterase 4B
CCn1nc(-c2cccc(-c3cccc(O)c3F)c2)cc(NC(=O)Nc2c(Cl)cncc2Cl)c1=O,Phosphodiesterase 4B
Cc1cccc2nc(C(=O)N[C@H]3CC[C@@H](NC(=O)c4cc(F)cnc4Oc4cccc(-c5ccc(CN(C)C)cc5)c4)CC3)cn12,Phosphodiesterase 4B
O=C(c1ccc(-c2ccccc2)o1)n1cccn1,Phosphodiesterase 4B
COC(=O)c1c(C)nc(OC)c(C#N)c1-c1ccc(OC)cc1,Phosphodiesterase 4B
O=C(O)Cc1ccc(Nc2nc(-c3ccccc3)nc3c2COC3)cc1,Phosphodiesterase 4B
CCCCCCc1oc(=O)c2c(nn3c(-c4ccccc4)ccnc23)c1/C=C/C(=O)OC(C)(C)C,Phosphodiesterase 4B
CCn1nc(-c2cccc(-c3cc(C(=O)O)ccc3F)c2)cc(NC(=O)Nc2c(Cl)cncc2Cl)c1=O,Phosphodiesterase 4B
Cc1cc(S(C)(=O)=O)cc2c1NNC(C(N)=O)=C2Nc1cncc(F)c1,Phosphodiesterase 4B
COc1cccc(Nc2c(C(N)=O)cnc3ccc(S(=O)(=O)c4ccc(-c5ccoc5)cc4)cc23)c1,Phosphodiesterase 4B
O=C1NCCc2nc(-c3ccccc3)cc(Nc3cccc4cnccc34)c21,Phosphodiesterase 4B
COc1ccc(C2=NN(Cc3ccc(S(C)(=O)=O)cc3)C(=O)CCC2)cc1OC,Phosphodiesterase 4B
COc1ccc(C(C)Cn2ccnc2O)cc1OC1CC2CCC1C2,Phosphodiesterase 4B
CC(=O)c1ccc2c(c1)cc(COCCN1COc3ccccc3C1=O)n2S(C)(=O)=O,Phosphodiesterase 4B
Cc1cc(C(=O)N[C@H]2CC[C@@H](NC(=O)c3cc(F)cnc3Oc3cccc(-c4ccc(CN5C[C@H](C)N[C@H](C)C5)c(O)c4)c3)CC2)nn1C,Phosphodiesterase 4B
O=C(c1coc(-c2ccc(O)cc2)n1)n1cccn1,Phosphodiesterase 4B
COc1ccc2c(Nc3c(Cl)cncc3Cl)nccc2c1OC1CCCC1,Phosphodiesterase 4B
O=C(c1ccc(-c2ccccc2[N+](=O)[O-])o1)n1cncn1,Phosphodiesterase 4B
CS(=O)(=O)Nc1ccc(-n2cc(COc3ccc([N+](=O)[O-])cc3)nn2)cc1Oc1ccccc1,Phosphodiesterase 4B
CC1(C)Cc2cnn(-c3ccc(F)cc3)c2-c2cc(NS(C)(=O)=O)ccc21,Phosphodiesterase 4B
COC1=C(c2ccccc2)C(=O)C(OC)=C(c2ccccc2)C1=O,Phosphodiesterase 4B
COC(=O)c1ccc(O)c(-c2cccc(-c3cc(Nc4cccc(OC)c4)c4c(n3)CCNC4=O)c2)c1,Phosphodiesterase 4B
CCn1ncc2c(NC3CCOCC3)c(C(=O)NC3CC3)cnc21,Phosphodiesterase 4B
CSc1nc(-c2ccccc2)nc(Nc2ccc(CC(=O)O)cc2)c1C(N)=O,Phosphodiesterase 4B
COc1ccc2c(Nc3c(Cl)cncc3Cl)cc(=O)oc2c1OCCCCCCCCC(=O)O,Phosphodiesterase 4B
N#Cc1cc2ccccc2nc1-c1c[nH]c2ccccc12,Phosphodiesterase 4B
CCCn1ncc2c(NC3CCOCC3)c(C(=O)OCC)cnc21,Phosphodiesterase 4B
CCCCn1c(=O)c2ccccc2n(CCN2CCN(c3ccccc3)CC2)c1=O,Phosphodiesterase 4B
COc1ccc(-c2nc(CO)c(C)o2)c2ccc(C(F)(F)F)nc12,Phosphodiesterase 4B
COC(=O)N1C[C@@H](NC(=O)OC(C)(C)C)[C@H](c2ccc(OC)c(OC3CCCC3)c2)C1,Phosphodiesterase 4B
COC[C@@H]1CN(C(=O)OC(C)(C)C)C[C@H]1c1ccc(OC)c(OC2CCCC2)c1,Phosphodiesterase 4B
COc1ccc(-c2nc(C(=O)NCc3ccc(F)cc3F)c([C@@H](N)C(C)C)o2)c2ccc(C(F)(F)F)nc12,Phosphodiesterase 4B
COc1cccc(Nc2cc(-c3cccc(OC)c3)nc3c2/C(=N/C#N)NCC3)c1,Phosphodiesterase 4B
CC[C@H](N)c1oc(-c2ccc(OC)c3nc(C(F)(F)F)ccc23)nc1C(=O)NCc1ccc(Cl)cc1,Phosphodiesterase 4B
CS(=O)(=O)Nc1ccc(NC(=O)Cn2cc(-c3ccccc3)nn2)cc1Oc1ccccc1,Phosphodiesterase 4B
O=C(c1ccc(-c2cccc(Cl)c2)o1)n1cncn1,Phosphodiesterase 4B
COc1ccc(C2CCN(C(=O)N(C)C)C2)cc1OC1CCCC1,Phosphodiesterase 4B
NC(=O)c1cnc2ccc(S(=O)(=O)c3ccccc3)cc2c1Nc1ccc2ncsc2c1,Phosphodiesterase 4B
CS(=O)(=O)n1c(COCCN2COc3ccccc3C2=O)cc2cc(F)ccc21,Phosphodiesterase 4B
COc1ccc(C(=O)CCCC(=O)O)cc1,Phosphodiesterase 4B
CCOC(=O)c1cnc2c(cnn2CC)c1NS(=O)(=O)c1ccccc1,Phosphodiesterase 4B
CCCCn1c(=O)c2ccccc2n(CCN2CCOCC2)c1=O,Phosphodiesterase 4B
COc1ccc(C2CCN(C(=O)NC(C)C)C2)cc1OC1CCCC1,Phosphodiesterase 4B
CS(=O)(=O)c1ccc2c(c1)C(Nc1cncc(Cl)c1)=C(C(N)=O)NN2,Phosphodiesterase 4B
COc1ccc2c(Nc3c(Cl)cncc3Cl)cc(=O)oc2c1OCCCCCCCCN(C)C,Phosphodiesterase 4B
CCCCn1c(=O)c2ccccc2n(CCCN2CCN(c3ccccc3)CC2)c1=O.Cl,Phosphodiesterase 4B
NS(=O)(=O)c1cc2nc(-c3cc(Br)ccc3F)n3c4ccccc4oc(c1)c23,Phosphodiesterase 4B
NC(=O)Cc1ccc(Nc2nc(-c3ccccc3)nc3c2S(=O)(=O)CCC3)cc1,Phosphodiesterase 4B
CCCCCCCCCCCCCCCCN1C=C(C(=O)OCC)C(c2ccc(OC)cc2)C(C(=O)OCC)=C1,Phosphodiesterase 4B
COc1ccc(-c2nc(C(=O)O)c(C)o2)c2ccc(C(F)(F)F)nc12,Phosphodiesterase 4B
NS(=O)(=O)c1cc2nc(-c3cccc(O)c3)n3c4ccccc4oc(c1)c23,Phosphodiesterase 4B
CCn1nc(-c2cccc(-c3ccc(O)cc3F)c2)cc(NC(=O)Nc2c(Cl)cncc2Cl)c1=O,Phosphodiesterase 4B
CNC(=O)c1cnc(-c2ccccc2)cc1Nc1cccc2ncccc12,Phosphodiesterase 4B
COc1ccc(C2=NN(Cc3ccc(F)cc3)C(=O)CC(C)(C)C2)cc1OC,Phosphodiesterase 4B
COc1cc(Nc2c(C(N)=O)cnc3c(OC)cc(S(C)(=O)=O)cc23)ccc1F,Phosphodiesterase 4B
COc1ccc(-c2nc(C(N)=O)c(C)o2)c2ccc(C(F)(F)F)nc12,Phosphodiesterase 4B
CCOC(=O)c1cnc2c(cnn2CC)c1NCc1ccc(F)cc1,Phosphodiesterase 4B
O=C(c1coc(-c2ccc(F)cc2)n1)n1cccn1,Phosphodiesterase 4B
CCOC(=O)C1=CN(Cc2ccc3c(c2)OCO3)C=C(C(=O)OCC)C1c1ccc(OC)cc1,Phosphodiesterase 4B
CCOC(=O)c1cnc2c(cnn2CC)c1Nc1ccccc1,Phosphodiesterase 4B
COc1ccc(C(C)(C)Cn2ccnc2O)cc1OC1CCCC1,Phosphodiesterase 4B
NS(=O)(=O)c1cc2nc(-c3cccc([N+](=O)[O-])c3)n3c4ccccc4oc(c1)c23,Phosphodiesterase 4B
COc1ccc2c(Nc3c(Cl)cncc3Cl)cc(=O)oc2c1OCCCCCN(C)C,Phosphodiesterase 4B
CC1(C)Cc2cnn(-c3ccc(C(F)(F)F)cc3)c2-c2cc(Br)ccc21,Phosphodiesterase 4B
COc1ccc(-c2nc(C(N)=O)c(CN3CCCC3)o2)c2ccc(C(F)(F)F)nc12,Phosphodiesterase 4B
O=C(c1ccc(-c2ccccc2Cl)o1)n1cncn1,Phosphodiesterase 4B
COc1cccc(Nc2cc(-c3ccncc3)nc3c2C(=O)NCC3)c1,Phosphodiesterase 4B
COc1ccc(C2=NN(C3CCN(C(=O)CCN4C(=O)CCC4=O)CC3)C(=O)C2(C)C)cc1OC,Phosphodiesterase 4B
[H][C@@]12CCC(=O)N1CC[C@@H]2c1ccc(OC)c(OC2CCCC2)c1,Phosphodiesterase 4B
COC(=O)c1c(C)nc(OC)c(C#N)c1-c1ccccc1,Phosphodiesterase 4B
COc1ccc(C(C)Cn2ccnc2NC#N)cc1OCCC1Cc2ccccc2C1,Phosphodiesterase 4B
CCOC(=O)C1=CN(Cc2ccccc2OC)C=C(C(=O)OCC)C1C1CC1,Phosphodiesterase 4B
COc1ccc(C2(Cn3ccnc3O)CC2)cc1OC1CCCC1,Phosphodiesterase 4B
NS(=O)(=O)c1cc2nc(-c3c(Cl)cccc3Cl)n3c4ccccc4oc(c1)c23,Phosphodiesterase 4B
COC(=O)[C@@H]1CN(C(=O)OCc2ccccc2)C[C@H]1c1ccc(OC)c(OC2CCCC2)c1,Phosphodiesterase 4B
Nc1cc(-c2ccccc2)nc2c1C(=O)NCC2,Phosphodiesterase 4B
CS(=O)(=O)c1cc(F)c2c(c1)C(Nc1cncc(F)c1)=C(C(N)=O)NN2,Phosphodiesterase 4B
N#Cc1cccc(Nc2c(C(N)=O)cnc3ccc(S(=O)(=O)c4ccccc4)cc23)c1,Phosphodiesterase 4B
CCOC(=O)c1cnc2c(cnn2C)c1NC1CCOCC1,Phosphodiesterase 4B
COc1ccc(-c2nc(CCl)c(C)o2)c2ccc(C(F)(F)F)nc12,Phosphodiesterase 4B
COc1cccc(Nc2c(C(N)=O)cnc3ccc(S(=O)(=O)N4CCOCC4)cc23)c1,Phosphodiesterase 4B
O=C(O)Cc1ccc(Nc2nc(-c3ccccc3)nc3sccc23)cc1,Phosphodiesterase 4B
CCCCn1c(=O)c2ccccc2n(CC(=O)c2ccc(Cl)cc2)c1=O,Phosphodiesterase 4B
O=C(c1ccc(-c2cccc(Cl)c2)o1)n1cccn1,Phosphodiesterase 4B
CC(=O)CCCOc1nc(Oc2ccc3c(c2)COB3O)ccc1C#N,Phosphodiesterase 4B
O=C(c1coc(-c2ccc(Cl)cc2)n1)n1cccn1,Phosphodiesterase 4B
NC(=O)c1cnc(-c2ccccc2)cc1Nc1cccc2ncccc12,Phosphodiesterase 4B
CC1=CC(C)(C)N(CC#Cc2cccc([N+](=O)[O-])c2)c2cc(Oc3ccccc3)c(NS(C)(=O)=O)cc21,Phosphodiesterase 4B
COc1ccc(C(=O)Cn2ccnc2O)cc1OC1CCCC1,Phosphodiesterase 4B
COc1ccc(C2=NNC(=O)CCC2)cc1,Phosphodiesterase 4B
CCn1nc(-c2cccc(-c3ccc(O)nc3)c2)cc(NC(=O)Nc2c(Cl)cncc2Cl)c1=O,Phosphodiesterase 4B
CS(=O)(=O)n1c(-c2ccccc2)cc2nc3ccccc3nc21,Phosphodiesterase 4B
COc1ccc([C@@H]2CN(C(=O)OCc3ccccc3)C[C@H]2NC(=O)OC(C)(C)C)cc1OC1CCCC1,Phosphodiesterase 4B
CCOC(=O)C1=CN(c2ccccc2OC)C=C(C(=O)OCC)C1c1ccc(Br)cc1,Phosphodiesterase 4B
CCOC(=O)c1nn(C)c(-c2cccc(Cl)c2)c1C#CCO,Phosphodiesterase 4B
COc1cc2c(cc1OC1CCCC1)CN(Cc1ccncc1)CC2,Phosphodiesterase 4B
O=C(O)CCc1ccc(Nc2nc(-c3ccccc3)nc3c2CS(=O)(=O)C3)cc1,Phosphodiesterase 4B
Cc1ccc(-c2nc(C(=O)n3cccn3)co2)cc1,Phosphodiesterase 4B
CS(=O)(=O)c1ccc2ncc(C(N)=O)c(Nc3cccc4c3CCO4)c2c1,Phosphodiesterase 4B
COc1cc2c(cc1OC1CCCC1)CN(C(=O)[C@H]1CC[C@H](N)CC1)CC2.Cl,Phosphodiesterase 4B
CC(Cn1ccnc1O)c1ccc(OC(F)F)c(OC2CCCC2)c1,Phosphodiesterase 4B
COc1ccc(C2CCN(C(=O)C(C)C)C2)cc1OC1CCCC1,Phosphodiesterase 4B
[H][C@]12CCC(=O)N1CC[C@@H]2c1ccc(OC)c(OC2CCCC2)c1,Phosphodiesterase 4B
COc1ccc(C2=NN(Cc3ccc(F)cc3)C(=O)CCC2)cc1OC,Phosphodiesterase 4B
CCCOC(=O)N1CCC(c2ccc(OC)c(OC3CCCC3)c2)C1,Phosphodiesterase 4B
CC(C)n1ncc2c1-c1cc(Br)ccc1C(C)(C)C2,Phosphodiesterase 4B
COc1cccc(Nc2cc(-c3ccccc3)nc3c2C(=O)NC(C)C3)c1,Phosphodiesterase 4B
CCn1ncc2c(NC3CCOCC3)c(C(=O)NCc3ccccc3)cnc21,Phosphodiesterase 4B
COc1cccc(Nc2c(C#N)cnc3ccc(S(C)(=O)=O)cc23)c1,Phosphodiesterase 4B
CCCC1(C)C(=O)N(C2CCN(C(=O)CN3C(=O)CCC3=O)CC2)N=C1c1ccc(OC)c(OC)c1,Phosphodiesterase 4B
COc1ccc2c(Nc3c(Cl)cncc3Cl)cc(=O)oc2c1OCCCCCCN(C)C,Phosphodiesterase 4B
CC(Cn1ccnc1O)c1ccc(OC(F)(F)F)c(OC2CCCC2)c1,Phosphodiesterase 4B
CCOC(=O)C1=CN(c2ccc(OC)cc2)C=C(C(=O)OCC)C1c1ccc(F)cc1,Phosphodiesterase 4B
O=C1NCCc2nc(-c3ccccc3)cc(Nc3cccc4ncccc34)c21,Phosphodiesterase 4B
COC(=O)N1C[C@@H]([N+](=O)[O-])[C@H](c2ccc(OC)c(OC3CCCC3)c2)C1,Phosphodiesterase 4B
CS(=O)(=O)c1ccc2ncc(C(N)=O)c(Sc3cccc(Cl)c3)c2c1,Phosphodiesterase 4B
Cc1cccc(C(=O)N[C@H]2CC[C@@H](NC(=O)c3cc(F)cnc3Oc3cccc(-c4ccc(O)cc4CN(C)C)c3)CC2)n1,Phosphodiesterase 4B
COC(=O)N1C[C@@H](C(=O)O)[C@H](c2ccc(OC)c(OC3CCCC3)c2)C1,Phosphodiesterase 4B
CS(=O)(=O)c1ccc2ncc(C(N)=O)c(Nc3cccc(Cl)c3F)c2c1,Phosphodiesterase 4B
O=C(O)Cc1ccc(Nc2nc(-c3ccccc3)nc3c2CCS(=O)(=O)C3)cc1,Phosphodiesterase 4B
COc1cc(-c2nc3cc(S(N)(=O)=O)cc4oc5ccccc5n2c34)ccc1O,Phosphodiesterase 4B
CC(C)(C)CNC(=O)Cc1ccc(Nc2nc(-c3cncnc3)ncc2C(N)=O)cc1,Phosphodiesterase 4B
CCOC(=O)N1CCC(c2ccc(OC)c(OC3CCCC3)c2)C1,Phosphodiesterase 4B
CC(Cn1ccnc1NC#N)c1ccc(OC(F)F)c(OCCCCCc2ccccc2)c1,Phosphodiesterase 4B
COc1ccc(C#CCn2c(=O)c(C=O)cc3ccccc32)cc1,Phosphodiesterase 4B
CCOC(=O)c1cnc2c(cnn2CC)c1NC(=O)c1ccccc1,Phosphodiesterase 4B
COc1cccc(Nc2c(C(N)=O)cnc3ccc(Sc4ccccc4)cc23)c1,Phosphodiesterase 4B
CNC(=O)c1cnc(-c2ccccc2)nc1Nc1ccc(CC(=O)O)cc1,Phosphodiesterase 4B
CC#CC(=O)N1CCC(c2ccc(OC)c(OC3CCCC3)c2)C1,Phosphodiesterase 4B
CCOC(=O)c1ccsc1-n1c(-c2ccccc2)cc2nc3ccccc3nc21,Phosphodiesterase 4B
Cc1nn(C)c(C)c1C#Cc1ccccc1,Phosphodiesterase 4B
CC(C)(C)CNC(=O)Cc1ccc(Nc2nc(-c3ccoc3)ncc2C(N)=O)cc1,Phosphodiesterase 4B
NS(=O)(=O)c1cc2nc(-c3ccc(Cl)cc3)n3c4ccccc4oc(c1)c23,Phosphodiesterase 4B
CCOC(=O)c1cnc2c(cnn2-c2ccccc2)c1NC1CCOCC1,Phosphodiesterase 4B
Cc1nc(C(=O)N[C@H]2CC[C@@H](NC(=O)c3cc(F)cnc3Oc3cccc(-c4ccc(CN5C[C@H](C)N[C@H](C)C5)cc4)c3)CC2)cs1,Phosphodiesterase 4B
COc1ccc2c(Nc3c(Cl)cncc3Cl)cc(=O)oc2c1OC1CCCC1,Phosphodiesterase 4B
O=C(c1ccc(-c2cccc(F)c2)o1)n1cncn1,Phosphodiesterase 4B
O=C1NCCc2nc(-c3ccccc3)cc(Nc3nn(-c4ccccc4)c4ncccc34)c21,Phosphodiesterase 4B
COc1cccc(Nc2cc(-c3cccc(-c4cccc(O)c4)c3)nc3c2C(=O)NCC3)c1,Phosphodiesterase 4B
COc1ccc(C2CCN(C(=O)c3co[n+](C)c3C)C2)cc1OC1CCCC1,Phosphodiesterase 4B
CNC(=O)Cc1ccc(Nc2nc(-c3ccccc3)nc3c2S(=O)(=O)CCC3)cc1,Phosphodiesterase 4B
COc1ccc(C2=NN(C3CCN(C(=O)CN4C(=O)CCC4=O)CC3)C(=O)C2(C)C)cc1OCC(F)(F)F,Phosphodiesterase 4B
CCOC(=O)c1cnc2[nH]ncc2c1NC1CCOCC1,Phosphodiesterase 4B
CCCCN1C(=O)c2ccccc2NC1c1cccc([N+](=O)[O-])c1,Phosphodiesterase 4B
CN(C)CCCNC(=O)c1cccc(-c2cccc(-c3cc(Nc4cccc5ncccc45)c4c(n3)CCNC4=O)c2)c1,Phosphodiesterase 4B
COc1ccc([C@@H]2CN(C(=O)OCc3ccccc3)C[C@H]2NS(=O)(=O)c2ccccc2)cc1OC1CCCC1,Phosphodiesterase 4B
CCCCn1c(=O)c2ccccc2n(CC(=O)c2ccccc2)c1=O,Phosphodiesterase 4B
CCOC(=O)c1cnc2c(cnn2CC)c1NC1CCCCC1,Phosphodiesterase 4B
COc1ccc(C2=NN(CCCO)C(=O)CCC2)cc1OC,Phosphodiesterase 4B
NC(=O)c1cnc2ccc(S(=O)(=O)c3ccccc3)cc2c1Nc1cccnc1,Phosphodiesterase 4B
[H][C@]12COC(=O)N1CC[C@@H]2c1ccc(OC)c(OC2CCCC2)c1,Phosphodiesterase 4B
CC1(C)Cc2cnn(-c3ccc(Br)cc3)c2-c2cc(Br)ccc21,Phosphodiesterase 4B
CS(=O)(=O)Nc1ccc(NC(=O)Cn2cc(COc3ccc([N+](=O)[O-])cc3)nn2)cc1Oc1ccccc1,Phosphodiesterase 4B
Cc1cc(S(C)(=O)=O)cc2c1NNC(C(N)=O)=C2Nc1cccc(C#N)c1,Phosphodiesterase 4B
COc1ccc(CC2CNC(=O)N2)cc1OC1CCCC1,Phosphodiesterase 4B
CS(=O)(=O)c1ccc2ncc(C(N)=O)c(Nc3cccc(C#N)c3)c2c1,Phosphodiesterase 4B
Cc1cc(C(=O)N[C@H]2CC[C@@H](NC(=O)c3cc(F)cnc3Oc3cccc(-c4cccc(CN5C[C@H](C)N[C@H](C)C5)c4O)c3)CC2)nn1C,Phosphodiesterase 4B
Cc1ccc2nc(-c3c[nH]c4ccccc34)c(C#N)cc2c1,Phosphodiesterase 4B
N#Cc1cccc(Nc2cc(-c3ccccc3)nc3c2C(=O)NCC3)c1,Phosphodiesterase 4B
Cc1ccncc1Nc1cc(-c2ccccc2)nc2c1C(=O)NCC2,Phosphodiesterase 4B
CCC(=O)N1C[C@@H](C(=O)OC)[C@H](c2ccc(OC)c(OC3CCCC3)c2)C1,Phosphodiesterase 4B
CCOC(=O)CCn1ncc2c(NC3CCOCC3)c(C(=O)OCC)cnc21,Phosphodiesterase 4B
COc1cc2c(cc1OC1CCCC1)CN(C(=O)c1ccccn1)CC2,Phosphodiesterase 4B
Cc1cccc2nc(C(=O)N[C@H]3CC[C@@H](NC(=O)c4cc(F)cnc4Oc4cccc(-c5ccc(O)cc5CN(C)C)c4)CC3)cn12,Phosphodiesterase 4B
CCOC(=O)c1cnc2c(cnn2CC)c1Nc1ccc(OC)cc1,Phosphodiesterase 4B
CS(=O)(=O)c1ccc2ncc(C(N)=O)c(Nc3cccc(Cl)c3)c2c1,Phosphodiesterase 4B
CCOC(=O)C1=CN(Cc2ccc(Cl)cc2)C=C(C(=O)OCC)C1c1ccc(Cl)cc1,Phosphodiesterase 4B
CN(C)C(=O)Cc1ccc(Nc2nc(-c3ccccc3)nc3c2S(=O)(=O)CCC3)cc1,Phosphodiesterase 4B
Cc1ccc(-c2cn(CC(=O)Nc3ccc(NS(C)(=O)=O)c(Oc4ccccc4)c3)nn2)cc1,Phosphodiesterase 4B
CCOC(=O)c1c(C)nc(OCC)c(C#N)c1-c1ccc(F)cc1,Phosphodiesterase 4B
COC(=O)c1c(C)nc(OC)c(C#N)c1-c1ccc(F)cc1,Phosphodiesterase 4B
CCOC(=O)c1cnc2c(cnn2C(C)C)c1NC1CCOCC1,Phosphodiesterase 4B
CCOC(=O)c1cnc2c(cnn2CC)c1NC1CCCC1,Phosphodiesterase 4B
CC(C)(C)CNC(=O)Cc1ccc(Nc2nc(-c3ccsc3)ncc2C(N)=O)cc1,Phosphodiesterase 4B
O=C(c1ccc(-c2ccccc2Cl)o1)n1cccn1,Phosphodiesterase 4B
CC(C)CNC(=O)Cc1ccc(Nc2nc(-c3ccccc3)nc3c2C(=O)NCC3)cc1,Phosphodiesterase 4B
COc1cccc(Nc2c(C(N)=O)cnc3ccc(S(=O)(=O)c4ccc(C(C)(C)C)cc4)cc23)c1,Phosphodiesterase 4B
COc1ccc(C2CCN(C(=O)c3cccs3)C2)cc1OC1CCCC1,Phosphodiesterase 4B
Cc1nc(C(=O)N[C@H]2CC[C@@H](NC(=O)c3cc(F)cnc3Oc3cccc(-c4ccc(O)cc4CN4CCOCC4)c3)CC2)cs1,Phosphodiesterase 4B
CS(=O)(=O)c1ccc2ncc(C(N)=O)c(Nc3cccc(CN)c3)c2c1,Phosphodiesterase 4B
O=C(c1ccc(-c2ccc(Cl)cc2)o1)n1cccn1,Phosphodiesterase 4B
CCCNC(=O)Cc1ccc(Nc2nc(-c3ccccc3)ncc2C(N)=O)cc1,Phosphodiesterase 4B
CCCCCCCCN1C=C(C(=O)OCC)C(c2ccc(OC)cc2)C(C(=O)OCC)=C1,Phosphodiesterase 4B
N#Cc1cc2ccccc2nc1-c1c[nH]c2cc(F)c(F)cc12,Phosphodiesterase 4B
NC(=O)c1cnc2ccc(S(=O)(=O)c3ccccc3)cc2c1Nc1ccccc1,Phosphodiesterase 4B
NC(=O)c1cnc(-c2ccccc2)nc1Nc1ccc(CC(=O)O)cc1,Phosphodiesterase 4B
O=C(O)Cc1ccc(Nc2nc(-c3ccccc3)nc3c2S(=O)(=O)CC3)cc1,Phosphodiesterase 4B
CCOC(=O)C1=CN(c2ccc(Cl)cc2)C=C(C(=O)OCC)C1c1ccc(Cl)cc1,Phosphodiesterase 4B
COc1ccc(C(C)Cn2ccnc2O)cc1OC1CCOC1,Phosphodiesterase 4B
COC(=O)[C@@H]1CN(C(N)=O)C[C@H]1c1ccc(OC)c(OC2CCCC2)c1,Phosphodiesterase 4B
CS(=O)(=O)c1ccc2ncc(C(N)=O)c(Nc3cccc(C(=O)O)c3)c2c1,Phosphodiesterase 4B
N#Cc1cc2ccccc2nc1-c1c[nH]c2ccc(Br)cc12,Phosphodiesterase 4B
O=C(c1coc(-c2cccc(F)c2)n1)n1cccn1,Phosphodiesterase 4B
COC(=O)[C@@H]1CN(C(=N)S)C[C@H]1c1ccc(OC)c(OC2CCCC2)c1,Phosphodiesterase 4B
CS(=O)(=O)Nc1ccc(NC(=O)Cn2cc(COc3ccccc3Cl)nn2)cc1Oc1ccccc1,Phosphodiesterase 4B
Cc1cccc2nc(C(=O)N[C@H]3CC[C@@H](NC(=O)c4cc(F)cnc4Oc4cccc(-c5ccc(O)cc5CN5CCOCC5)c4)CC3)cn12,Phosphodiesterase 4B
COc1ccc2c(-c3nc4ccc(C)cc4cc3C#N)c[nH]c2c1,Phosphodiesterase 4B
O=c1oc(-c2ccccc2)c(-c2cnc3ccccc3c2)c2nn3c(-c4ccccc4)ccnc3c12,Phosphodiesterase 4B
NS(=O)(=O)c1cc2nc(-c3ccccc3Br)n3c4ccccc4oc(c1)c23,Phosphodiesterase 4B
CC1(C)Cc2cnn(-c3ccc(F)cc3)c2-c2cc(NS(=O)(=O)c3ccccc3)ccc21,Phosphodiesterase 4B
CN(C)Cc1cc(O)ccc1-c1cccc(Oc2ncc(F)cc2C(=O)N[C@H]2CC[C@@H](NC(=O)c3cccc4oc(=O)[nH]c34)CC2)c1,Phosphodiesterase 4B
C[C@H]1CN(Cc2ccc(-c3cccc(Oc4ncc(F)cc4C(=O)N[C@H]4CC[C@@H](NC(=O)c5ncccc5O)CC4)c3)cc2)C[C@@H](C)N1,Phosphodiesterase 4B
Cc1cc(C)n(C(=O)c2coc(-c3ccccc3O)n2)n1,Phosphodiesterase 4B
NS(=O)(=O)c1cc2nc(-c3ccc(O)cc3)n3c4ccccc4oc(c1)c23,Phosphodiesterase 4B
CNC(=O)c1cnc2ccc(S(C)(=O)=O)cc2c1Nc1cccc(OC)c1,Phosphodiesterase 4B
COc1cccc(Nc2cc(-c3cccc(-c4cccc(C(=O)NCCN(C)C)c4)c3)nc3c2C(=O)NCC3)c1,Phosphodiesterase 4B
COC1=C(c2ccccc2)C(=O)C=C(c2ccccc2)C1=O,Phosphodiesterase 4B
CCOC(=O)C1=CN(c2ccccc2)C=C(C(=O)OCC)C1c1ccc(Cl)cc1,Phosphodiesterase 4B
Cc1nc(C(=O)N[C@H]2CC[C@@H](NC(=O)c3cc(F)cnc3Oc3cccc(-c4ccc(CN(C)C)cc4)c3)CC2)cs1,Phosphodiesterase 4B
CCn1nc(-c2cccc(-c3cncc(C(=O)O)c3)c2)cc(NC(=O)Nc2c(Cl)cncc2Cl)c1=O,Phosphodiesterase 4B
CCOC(=O)C1=CN(Cc2ccc(OC)cc2)C=C(C(=O)OCC)C1c1ccc([N+](=O)[O-])cc1,Phosphodiesterase 4B
Cc1cccc(O)c1C(=O)N[C@H]1CC[C@@H](NC(=O)c2cc(F)cnc2Oc2cccc(-c3ccc(O)cc3CN3CCOCC3)c2)CC1,Phosphodiesterase 4B
CCOC(=O)c1nn(C)c(-c2cccc(Cl)c2)c1C#CCCO,Phosphodiesterase 4B
COc1ccc2c(Nc3c(Cl)cncc3Cl)cc(=O)oc2c1OCCCCCCC(=O)O,Phosphodiesterase 4B
COc1ccc2c(Nc3c(Cl)cncc3Cl)cc(=O)oc2c1OCCCCN(C)C,Phosphodiesterase 4B
COc1cc2c(cc1OC1CCCC1)CN(Cc1ccccc1F)CC2,Phosphodiesterase 4B
COc1ccc(C2=NN(C3CCN(C(=O)CN4C(=O)CCC4=O)CC3)C(=O)C23CCCC3)cc1OC,Phosphodiesterase 4B
COc1ccc(-c2nc(C(N)=O)c(CN3CCCCC3)o2)c2ccc(C(F)(F)F)nc12,Phosphodiesterase 4B
C=CCN1C=C(C(=O)OCC)C(c2ccc(Cl)cc2)C(C(=O)OCC)=C1,Phosphodiesterase 4B
COc1cccc(Nc2c(C(N)=O)cnc3ccc(S(=O)(=O)c4cccc(C(=O)N(C)C)c4)cc23)c1,Phosphodiesterase 4B
Cc1ccc2nc(-c3c[nH]c4ccc(Br)cc34)c(C#N)cc2c1,Phosphodiesterase 4B
O=C(c1ccc(-c2ccc(F)cc2F)o1)n1cncn1,Phosphodiesterase 4B
CS(=O)(=O)Nc1ccc(NC(=O)Cn2cc(COc3ccc4ccccc4c3)nn2)cc1Oc1ccccc1,Phosphodiesterase 4B
CC1(C)Cc2cnn(-c3ccc(Cl)cc3)c2-c2cc(Br)ccc21,Phosphodiesterase 4B
COC(=O)c1c(C)nc(OC)c(C#N)c1-c1c(F)cc(Br)cc1F,Phosphodiesterase 4B
Cc1ccccc1C#CCn1c(=O)c(C=O)cc2ccccc21,Phosphodiesterase 4B
COc1ccc(C2CCN(C(=N)S)C2)cc1OC1CCCC1,Phosphodiesterase 4B
O=C(Cc1ccc(Nc2nc(-c3ccccc3)nc3c2S(=O)(=O)CCC3)cc1)Nc1ccccc1,Phosphodiesterase 4B
CCOc1ccc(C2=NN(C3CCN(C(=O)CN4C(=O)CCC4=O)CC3)C(=O)C2(C)C)cc1OCC,Phosphodiesterase 4B
CCOC(=O)C1=CN(Cc2ccc3c(c2)OCO3)C=C(C(=O)OCC)C1c1ccc(O)cc1,Phosphodiesterase 4B
COc1ccc2[nH]cc(-c3nc4ccc(C)cc4cc3C#N)c2c1,Phosphodiesterase 4B
CCCCn1c(=O)c2ccccc2n(CCCN(CC)CC)c1=O.Cl,Phosphodiesterase 4B
CCn1nc(-c2cccc(-c3ccccc3C(=O)O)c2)cc(NC(=O)Nc2c(Cl)cncc2Cl)c1=O,Phosphodiesterase 4B
O=c1oc(-c2ccccc2)c(-c2cccc([N+](=O)[O-])c2)c2nn3c(-c4ccccc4)ccnc3c12,Phosphodiesterase 4B
O=c1oc(-c2ccccc2)c(-c2ccc(F)cc2)c2nn3c(-c4ccccc4)ccnc3c12,Phosphodiesterase 4B
COc1ccc2c(Nc3c(Cl)cncc3Cl)ncnc2c1OC1CCCC1,Phosphodiesterase 4B
Cc1nc(C(=O)N[C@H]2CC[C@@H](NC(=O)c3cc(F)cnc3Oc3cccc(-c4ccc(O)cc4CN(C)C)c3)CC2)cs1,Phosphodiesterase 4B
CCOC(=O)c1c(-n2c(-c3ccccc3)cc3nccnc32)sc2c1CCC2,Phosphodiesterase 4B
COc1cc(CN2CCc3cc(OC)c(OC4CCCC4)cc3C2)ccc1O,Phosphodiesterase 4B
COC(=O)c1c(C)nc(OC)c(C#N)c1-c1ccc(C(F)(F)F)cc1,Phosphodiesterase 4B
CCCCn1c(=O)c2ccccc2n(CCN2CCCCC2)c1=O,Phosphodiesterase 4B
CS(=O)(=O)Nc1ccc(NC(=O)Cn2cc(COc3ccc(Cl)cc3)nn2)cc1Oc1ccccc1,Phosphodiesterase 4B
COc1ccc(-c2nc(CN)c(C)o2)c2ccc(C(F)(F)F)nc12,Phosphodiesterase 4B
O=C1NCCc2nc(-c3ccccc3)cc(Nc3cccc4c3ccc[n+]4[O-])c21,Phosphodiesterase 4B
O=C(c1ccc(-c2cccc([N+](=O)[O-])c2)o1)n1cccn1,Phosphodiesterase 4B
Cc1nc(-c2ccccc2)nc(Nc2ccc(CC(=O)O)cc2)c1C(N)=O,Phosphodiesterase 4B
O=C(NC1CC1)c1cccc(-c2cccc(-c3cc(Nc4cncc5ccccc45)c4c(n3)CCNC4=O)c2)c1,Phosphodiesterase 4B
CCOC(=O)C1=CN(Cc2ccc(OC)c(OC)c2)C=C(C(=O)OCC)C1Cc1ccccc1,Phosphodiesterase 4B
Cc1cc(C(=O)N[C@H]2CC[C@@H](NC(=O)c3cc(F)cnc3Oc3cccc(-c4ccc(CN5C[C@H](C)N[C@H](C)C5)cc4)c3)CC2)nn1C,Phosphodiesterase 4B
COc1ccc(-c2ccc(C(=O)n3cccn3)o2)cc1,Phosphodiesterase 4B
CCCN1N=C(c2ccc(OC)c(OC)c2)CCCC1=O,Phosphodiesterase 4B
COc1ccc(-c2nc(CN)c(C(N)=O)o2)c2ccc(C(F)(F)F)nc12,Phosphodiesterase 4B
NS(=O)(=O)c1cc2nc(-c3ccccc3O)n3c4ccccc4oc(c1)c23,Phosphodiesterase 4B
Cc1cc(C)n(C(=O)c2coc(-c3ccc(O)cc3)n2)n1,Phosphodiesterase 4B
COc1ccc(C(C)Cn2ccnc2NC#N)cc1OC1CCCC1,Phosphodiesterase 4B
NS(=O)(=O)c1cc2nc(-c3ccccc3Cl)n3c4ccccc4oc(c1)c23,Phosphodiesterase 4B
COc1ccc(C2=NN(CC(C)C)C(=O)CCC2)cc1OC,Phosphodiesterase 4B
COc1ccc2[nH]cc(-c3nc4ccccc4cc3C#N)c2c1,Phosphodiesterase 4B
O=C(O)CC1CCN(c2nc(-c3ccccc3)nc3c2CS(=O)(=O)C3)CC1,Phosphodiesterase 4B
COc1ccc([C@@H]2CN(C(=O)OC(C)(C)C)C[C@H]2NC(=O)OC(C)(C)C)cc1OC1CCCC1,Phosphodiesterase 4B
COc1cccc(Nc2c(C(N)=O)cnc3ccc(C(=O)N(C)C)cc23)c1,Phosphodiesterase 4B
O=C1NCCc2nc(-c3cccc(-c4cccc(O)c4)c3)cc(Nc3cccc4ncccc34)c21,Phosphodiesterase 4B
COc1cc2c(cc1OC1CCCC1)CN(C(=O)c1ccccc1OC)CC2,Phosphodiesterase 4B
COc1cc(Nc2cc(-c3ccccc3)nc3c2C(=O)NCC3)ccc1C(=O)O,Phosphodiesterase 4B
Cc1cccc2nc(C(=O)N[C@H]3CC[C@@H](NC(=O)c4cc(F)cnc4Oc4cccc(-c5ccc(O)cc5CN5CCCOCC5)c4)CC3)cn12,Phosphodiesterase 4B
COc1ccc([C@@H]2CN(C(=O)OC(C)(C)C)C[C@H]2C(=O)O)cc1OC1CCCC1,Phosphodiesterase 4B
COc1ccc(C2=NN(C3CCN(C(=O)CN4C(=O)CS(=O)(=O)CC4=O)CC3)C(=O)C2(C)C)cc1OC,Phosphodiesterase 4B
CCn1nc(-c2cccc(-c3ccc(O)cc3)c2)cc(NC(=O)Nc2c(Cl)cncc2Cl)c1=O,Phosphodiesterase 4B
CCOC(=O)c1cnc2c(cnn2CC)c1NC1CCOCC1,Phosphodiesterase 4B
O=C(c1coc(-c2ccccc2O)n1)n1cccn1,Phosphodiesterase 4B
CCOC(=O)C1=CN(Cc2ccccc2Cl)C=C(C(=O)OCC)C1c1ccc(O)cc1,Phosphodiesterase 4B
C=CCN1C=C(C(=O)OCC)C(c2ccc(O)cc2)C(C(=O)OCC)=C1,Phosphodiesterase 4B
COc1cccc(-c2nc(C(=O)n3nc(C)cc3C)co2)c1,Phosphodiesterase 4B
Cc1cc(S(C)(=O)=O)cc2c1NNC(C(N)=O)=C2Nc1cncc(Cl)c1,Phosphodiesterase 4B
O=C(N[C@H]1CC[C@@H](NC(=O)c2cc(F)cnc2Oc2cccc(-c3ccc(O)cc3CN3CCOCC3)c2)CC1)c1csc(CO)n1,Phosphodiesterase 4B
CS(=O)(=O)c1ccc2ncc(C(N)=O)c(Nc3cccc(O)c3)c2c1,Phosphodiesterase 4B
COc1cccc(Nc2c(-c3nc(C)no3)cnc3ccc(S(C)(=O)=O)cc23)c1,Phosphodiesterase 4B
O=Cc1cc2ccccc2n(CC#Cc2ccccc2Cl)c1=O,Phosphodiesterase 4B
COc1cccc(Nc2c(C(N)=O)cnc3ccc(S(=O)(=O)c4ccccc4)cc23)c1,Phosphodiesterase 4B
CCCCCC#Cc1c(-c2ccccc2)oc(=O)c2c1nn1c(-c3ccccc3)ccnc21,Phosphodiesterase 4B
N#C/N=C1NCCc2nc(-c3ccc(F)c(F)c3)cc(Nc3cccc4ncccc34)c21,Phosphodiesterase 4B
CCOC(=O)C1=CN(Cc2ccc(Cl)cc2)C=C(C(=O)OCC)C1c1cccc(F)c1,Phosphodiesterase 4B
COc1ccc(C(C)Cn2ccnc2O)cc1OC1CCCC1,Phosphodiesterase 4B
CCCCn1c(=O)c2ccccc2n(Cc2ccccc2)c1=O,Phosphodiesterase 4B
COc1ccc(C2=NN(Cc3cccnc3)C(=O)CCC2)cc1OC,Phosphodiesterase 4B
COc1ccc(C(C)C(C)n2ccnc2O)cc1OC1CCCC1,Phosphodiesterase 4B
CCCOc1cc([C@]2(C)CNC(=O)O2)ccc1OC,Phosphodiesterase 4B
CCOC(=O)C1=CN(c2ccccc2OC)C=C(C(=O)OCC)C1c1cccc(Cl)c1,Phosphodiesterase 4B
COc1cccc(Nc2cc(C(N)=O)nc3ccc(S(C)(=O)=O)cc23)c1,Phosphodiesterase 4B
NC(=O)c1ccc(Nc2cc(-c3ccccc3)nc3c2C(=O)NCC3)cc1,Phosphodiesterase 4B
COc1ccc(C2=NN(C3CCN(C(=O)CN4C(=O)CSCC4=O)CC3)C(=O)C2(C)C)cc1OC,Phosphodiesterase 4B
CC(C)(C)CNC(=O)Cc1ccc(Nc2nc(-c3cccnc3)ncc2C(N)=O)cc1,Phosphodiesterase 4B
COc1ccc2c(Nc3c(Cl)cncc3Cl)coc2c1OC1CCCC1,Phosphodiesterase 4B
COc1ccc2c(Nc3c(Cl)cncc3Cl)cc(=O)oc2c1OCCCCC(=O)O,Phosphodiesterase 4B
CS(=O)(=O)c1ccc2ncc(C(N)=O)c(NC3CCOCC3)c2c1,Phosphodiesterase 4B
COc1ccc2c(c1OC1CCCC1)OCCC2Nc1c(Cl)cncc1Cl,Phosphodiesterase 4B
Cc1cc(C)n(C(=O)c2coc(-c3cccc(F)c3)n2)n1,Phosphodiesterase 4B
CCCCN1C(=O)c2ccccc2NC1c1ccc(O)c(OC)c1,Phosphodiesterase 4B
NC(=O)c1cnc(-c2ccccc2)nc1Nc1ccc(CC(=O)NCC2CC2)cc1,Phosphodiesterase 4B
COc1ccc([C@@H]2CN(C(=O)OC(C)(C)C)C[C@H]2CO)cc1OC1CCCC1,Phosphodiesterase 4B
COc1ccc(C2CCN(C(=O)OCc3ccccc3)C2)cc1OC1CCCC1,Phosphodiesterase 4B
COc1ccc(C2=NN(C3CCN(C(=O)CN4C(=O)Cc5ccccc54)CC3)C(=O)C2(C)C)cc1OC,Phosphodiesterase 4B
COc1ccc(CCn2ccnc2O)cc1OC1CCCC1,Phosphodiesterase 4B
O=C(c1ccc(-c2c(F)cccc2F)o1)n1cccn1,Phosphodiesterase 4B
CC1(C)CCc2c(Nc3c(Cl)cncc3Cl)nc3oc4c(NCc5cccnc5)ncnc4c3c2C1,Phosphodiesterase 4B
NC(=O)c1cccc(Nc2cc(-c3ccccc3)nc3c2C(=O)NCC3)c1,Phosphodiesterase 4B
CC(C)(C)C1CCc2c(sc(NC(=O)c3c(F)cccc3F)c2C(N)=O)C1,Phosphodiesterase 4B
CCCCCC#Cc1c(CCCCCC)oc(=O)c2c1nn1c(-c3ccccc3)ccnc21,Phosphodiesterase 4B
C=CCN1N=C(c2ccc(OC)c(OC)c2)CCCC1=O,Phosphodiesterase 4B
COc1cccc(Nc2cc(-c3cccc(Br)c3)nc3c2C(=O)NCC3)c1,Phosphodiesterase 4B
O=C(O)Cc1ccc(Nc2nc(-c3ccccc3)nc3c2C(=O)NCC3)cc1,Phosphodiesterase 4B
COc1ccc(C2=NN(C3CCN(C(=O)CN4C(=O)CCCC4=O)CC3)C(=O)C2(C)C)cc1OC,Phosphodiesterase 4B
COc1ccc([C@H]2CCN(C(N)=O)C2)cc1OC1CCCC1,Phosphodiesterase 4B
CCn1ncc2c(NC3CCOCC3)c(C(=O)N3CCCC3)cnc21,Phosphodiesterase 4B
O=C(c1ccc(-c2ccc(F)cc2)o1)n1cccn1,Phosphodiesterase 4B
COc1cc(Nc2cc(-c3ccccc3)nc3c2C(=O)NCC3)cc(OC)c1,Phosphodiesterase 4B
CCOC(=O)C1=CN(c2ccc(OC)cc2)C=C(C(=O)OCC)C1c1ccc(F)c(F)c1,Phosphodiesterase 4B
CCOC(=O)c1cnc2c(cnn2Cc2ccccc2)c1NC1CCOCC1,Phosphodiesterase 4B
CCCCCCC#Cc1ccc(-n2c(-c3ccccc3)cc(C(=O)OCC)c2C(=O)c2ccccc2)cc1,Phosphodiesterase 4B
COC(=O)N1C[C@@H](C(N)=O)[C@H](c2ccc(OC)c(OC3CCCC3)c2)C1,Phosphodiesterase 4B
COC(=O)[C@@H]1CN(C(=O)OC(C)(C)C)C[C@H]1c1ccc(OC)c(OC)c1,Phosphodiesterase 4B
O=C(c1ccc(-c2ccc(F)cc2)o1)n1cncn1,Phosphodiesterase 4B
CCOC(=O)C1=CN(c2ccccc2OC)C=C(C(=O)OCC)C1c1ccc(F)cc1,Phosphodiesterase 4B
CCOC(=O)C1=CN(Cc2ccccc2Cl)C=C(C(=O)OCC)C1c1ccccc1,Phosphodiesterase 4B
O=C(O)CN1CCN(c2nc(-c3ccccc3)nc3c2CS(=O)(=O)C3)CC1,Phosphodiesterase 4B
Cc1cc(C)n(C(=O)c2coc(-c3ccccc3)n2)n1,Phosphodiesterase 4B
CCOC(=O)C1=CN(c2ccccc2OC)C=C(C(=O)OCC)C1c1ccc(F)c(F)c1,Phosphodiesterase 4B
CCOC(=O)C1=CN(Cc2ccccc2Cl)C=C(C(=O)OCC)C1c1ccc(OC)cc1,Phosphodiesterase 4B
CCn1nc(-c2cccc(-c3ccc(C(N)=O)cc3)c2)cc(NC(=O)Nc2c(Cl)cncc2Cl)c1=O,Phosphodiesterase 4B
CCOC(=O)c1cnc2c(cnn2CC)c1N(C)C1CCOCC1,Phosphodiesterase 4B
O=C(NC1CC1)c1cccc(-c2cccc(-c3cc(Nc4ccnc5ccccc45)c4c(n3)CCNC4=O)c2)c1,Phosphodiesterase 4B
O=C(O)Cc1ccc(Nc2nc(-c3ccccc3)nc3c2CS(=O)(=O)C3)cc1,Phosphodiesterase 4B
O=C(O)Cc1ccc(Nc2nc(-c3ccccc3)ncc2C(=O)NO)cc1,Phosphodiesterase 4B
COc1ccc([C@@H]2CCN(C(N)=O)C2)cc1OC1CCCC1,Phosphodiesterase 4B
CC(C)(C)CNC(=O)Cc1ccc(Nc2nc(-c3ccccc3)ncc2C(N)=O)cc1,Phosphodiesterase 4B
COc1ccc(C(O)Cn2ccnc2O)cc1OC1Cc2ccccc2C1,Phosphodiesterase 4B
O=C(O)c1ccc(-c2cccc(-c3cc(Nc4cccc5ncccc45)c4c(n3)CCNC4=O)c2)cc1,Phosphodiesterase 4B
CCOC(=O)/C=C/c1ccc(-n2c(-c3ccccc3)cc(C(=O)OCC)c2C(=O)c2ccccc2)cc1,Phosphodiesterase 4B
CS(=O)(=O)c1ccc2ncc(C(N)=O)c(N)c2c1,Phosphodiesterase 4B
COc1ccc(C(C)(O)Cn2ccnc2O)cc1OC1CCOC1,Phosphodiesterase 4B
Cc1cc(C(=O)N[C@H]2CC[C@@H](NC(=O)c3cc(F)cnc3Oc3cccc(-c4cccc(CN5C[C@H](C)N[C@H](C)C5)c4)c3)CC2)nn1C,Phosphodiesterase 4B
CCn1nc(-c2cccc(-c3ccc(F)c(C(=O)O)c3)c2)cc(NC(=O)Nc2c(Cl)cncc2Cl)c1=O,Phosphodiesterase 4B
CCC1(C)C(=O)N(C2CCN(C(=O)CN3C(=O)CCC3=O)CC2)N=C1c1ccc(OC)c(OC)c1,Phosphodiesterase 4B
O=C(O)CN1CCC(Nc2nc(-c3ccccc3)nc3c2CS(=O)(=O)C3)CC1,Phosphodiesterase 4B
COC(=O)[C@@H]1CN(C=O)C[C@H]1c1ccc(OC)c(OC2CCCC2)c1,Phosphodiesterase 4B
O=C1NCCc2nc(-c3ccccc3)cc(Nc3cccc4ccccc34)c21,Phosphodiesterase 4B
COc1cc(Nc2c(C(N)=O)cnc3c(C)cc(S(C)(=O)=O)cc23)ccc1F,Phosphodiesterase 4B
CCc1coc(-c2ccc(OC)c3nc(C(F)(F)F)ccc23)n1,Phosphodiesterase 4B
[H][C@]12CNC(=O)N1CC[C@@H]2c1ccc(OC)c(OC2CCCC2)c1,Phosphodiesterase 4B
CCOC(=O)C1=CN(c2ccc(OC)cc2OC)C=C(C(=O)OCC)C1c1ccc(F)c(F)c1,Phosphodiesterase 4B
O=C1NCCc2nc(-c3ccccc3)cc(Nc3ccc4ncccc4c3)c21,Phosphodiesterase 4B
COc1ccc2c(Nc3c(Cl)cncc3Cl)ccnc2c1OC1CCCC1,Phosphodiesterase 4B
O=C(O)Cc1ccc(Nc2nc(-c3ccccc3)nc3c2CCCCC3)cc1,Phosphodiesterase 4B
O=C(c1coc(-c2cccc(O)c2)n1)n1cccn1,Phosphodiesterase 4B
CCCCN1C(=O)c2ccccc2NC1c1ccc(N(C)C)cc1,Phosphodiesterase 4B
CCOC(=O)c1n[nH]c(-c2cccc(Cl)c2)c1C#CC1(O)CCCCC1,Phosphodiesterase 4B
CC1(C)C(=O)N(C2CCN(C(=O)CN3C(=O)CCC3=O)CC2)N=C1c1ccc(OC(F)F)c(OCC2CC2)c1,Phosphodiesterase 4B
CS(=O)(=O)c1ccc2ncc(C(N)=O)c(Nc3cccnc3)c2c1,Phosphodiesterase 4B
COc1ccc(-c2nc(C(=O)O)c(CN)o2)c2ccc(C(F)(F)F)nc12,Phosphodiesterase 4B
CCn1ncc2c(NC3CCOCC3)c(C(N)=O)cnc21,Phosphodiesterase 4B
CC(C)(C)CNC(=O)Cc1ccc(Nc2nc(N3CCCC3)ncc2C(N)=O)cc1,Phosphodiesterase 4B
COc1ccc([C@@H]2CN(C(=O)OCc3ccccc3)C[C@H]2NS(C)(=O)=O)cc1OC1CCCC1,Phosphodiesterase 4B
Cc1cc(C(=O)N[C@H]2CC[C@@H](NC(=O)c3cc(F)cnc3Oc3cccc(-c4ccc(O)c(CN5C[C@H](C)N[C@H](C)C5)c4)c3)CC2)nn1C,Phosphodiesterase 4B
O=C(c1ccc(-c2ccccc2F)o1)n1cccn1,Phosphodiesterase 4B
Cc1csc(C(=O)N[C@H]2CC[C@@H](NC(=O)c3cc(F)cnc3Oc3cccc(-c4ccc(O)cc4CN4CCOCC4)c3)CC2)n1,Phosphodiesterase 4B
COc1ccc(C2CCN(C(=O)Nc3ccccc3)C2)cc1OC1CCCC1,Phosphodiesterase 4B
O=C(NC1CC1)c1cccc(-c2cccc(-c3cc(Nc4cccc5c4ccc[n+]5[O-])c4c(n3)CCNC4=O)c2)c1,Phosphodiesterase 4B
Cc1cc(C(=O)N[C@H]2CC[C@@H](NC(=O)c3cc(F)cnc3Oc3cccc(-c4cc(O)cc(CN5C[C@H](C)N[C@H](C)C5)c4)c3)CC2)nn1C,Phosphodiesterase 4B
CS(=O)(=O)n1c(COCCN2COc3ccccc3C2=O)cc2cc(Cl)ccc21,Phosphodiesterase 4B
COc1ccc(S(=O)(=O)c2cc(C)c3ncc(C(N)=O)c(Nc4cccc(OC)c4)c3c2)cc1,Phosphodiesterase 4B
COc1ccc(-c2nc(C(=O)N[C@H](CO)c3ccccc3)c([C@H](C)N)o2)c2ccc(C(F)(F)F)nc12,Phosphodiesterase 4B
COc1cccc(Nc2cc(C3CC3)nc3c2C(=O)NCC3)c1,Phosphodiesterase 4B
CCOc1cc(C2=NN(C3CCN(C(=O)CN4C(=O)CCC4=O)CC3)C(=O)C2(C)C)ccc1OC,Phosphodiesterase 4B
COc1cccc(Nc2c(CN)cnc3ccc(S(=O)(=O)c4ccccc4)cc23)c1,Phosphodiesterase 4B
N#Cc1cc2ccccc2nc1-c1c[nH]c2ccc(Cl)cc12,Phosphodiesterase 4B
NC(=O)c1cnc(-c2ccccc2)nc1Nc1ccc(CC(=O)NO)cc1,Phosphodiesterase 4B
COc1cccc(Nc2c(C(N)=O)cnc3ccc(S(=O)(=O)C4CCCC4)cc23)c1,Phosphodiesterase 4B
O=Cc1cc2ccccc2n(CC#Cc2cccc([N+](=O)[O-])c2)c1=O,Phosphodiesterase 4B
COc1ccc(C2CCN(C(=O)c3ccccc3)C2)cc1OC1CCCC1,Phosphodiesterase 4B
CCOC(=O)c1c(C)nc(OCC)c(C#N)c1-c1ccc(Br)cc1,Phosphodiesterase 4B
Cc1cc(OCc2cn(-c3ccc(NS(C)(=O)=O)c(Oc4ccccc4)c3)nn2)ccc1Cl,Phosphodiesterase 4B
CCOC(=O)C1=CN(c2ccc(OC)cc2)C=C(C(=O)OCC)C1c1cccc(Br)c1,Phosphodiesterase 4B
CCOC(=O)c1ccc(-c2cccc(-c3cc(Nc4cccc(OC)c4)c4c(n3)CCNC4=O)c2)cc1,Phosphodiesterase 4B
CCCCn1c(=O)c2ccccc2n(CCCN2CCOCC2)c1=O.Cl,Phosphodiesterase 4B
COc1ccc(C2CCNC2)cc1OC1CCCC1,Phosphodiesterase 4B
CS(=O)(=O)NC(=O)Cc1ccc(Nc2nc(-c3ccccc3)ncc2C(N)=O)cc1,Phosphodiesterase 4B
COc1cccc(Nc2cc(-c3cccc(Sc4cccc(OC)c4)c3)nc3c2C(=O)NCC3)c1,Phosphodiesterase 4B
COC(=O)[C@@H]1CN(C(=O)OC(C)C)C[C@H]1c1ccc(OC)c(OC2CCCC2)c1,Phosphodiesterase 4B
CCn1nc(-c2ccccc2)c(C(C)=O)c(Nc2ccc(C(=O)O)cc2)c1=O,Phosphodiesterase 4B
O=C1NCCc2nc(-c3ccccc3)cc(NCCc3ccncc3)c21,Phosphodiesterase 4B
CS(=O)(=O)n1c(COCCN2COc3ccccc3C2=O)cc2cc(C#N)ccc21,Phosphodiesterase 4B
COc1cccc(Nc2cc(-c3cccc(-c4cc(C(=O)O)ccc4O)c3)nc3c2C(=O)NCC3)c1,Phosphodiesterase 4B
CCOC(=O)c1cc(-c2ccccc2)n(-c2ccc(/C=C/C(=O)OC(C)(C)C)cc2)c1C(=O)c1ccccc1,Phosphodiesterase 4B
COc1cccc(Nc2c(C(N)=O)cnc3ccccc23)c1,Phosphodiesterase 4B
Cc1ccc2nc(-c3c[nH]c4ccc(Cl)cc34)c(C#N)cc2c1,Phosphodiesterase 4B
COc1cccc(Nc2c(C(N)=O)cnc3c(C)cc(S(=O)(=O)c4cccc(C(=O)N(C)C)c4)cc23)c1,Phosphodiesterase 4B
Cc1cc(C)n(C(=O)c2coc(-c3cccc(O)c3)n2)n1,Phosphodiesterase 4B
COc1ccc(C(C)(F)Cn2ccnc2O)cc1OC1CCOC1,Phosphodiesterase 4B
Cc1ccc(-n2ncc3c2-c2cc(Br)ccc2C(C)(C)C3)cc1,Phosphodiesterase 4B
CCOC(=O)c1c(-c2ccccc2)csc1-n1c(-c2ccc(C)cc2)cc2nc3ccccc3nc21,Phosphodiesterase 4B
