smiles,targetname
O=C(NCc1ccc(Cl)cc1)c1cc(-c2ccccc2Cl)nc2ccccc12,Neurokinin 3 receptor
N#Cc1ccccc1N1CCN(C(=O)c2cc(-c3ccc(Cl)cc3)n[nH]2)CC1,Neurokinin 3 receptor
CCN(C(=O)Oc1ccc(F)cc1)[C@@H]1CN(C(=O)C2CCN(C(=O)C3(C)CC3)CC2)C[C@H]1c1ccc(F)c(F)c1,Neurokinin 3 receptor
COc1cccc([C@]2(C(=O)N(C)Cc3ccc(F)cc3)C[C@H]2CN2CCC(NC(C)=O)(c3ccccc3)CC2)c1,Neurokinin 3 receptor
COc1cc(CN(C)C(=O)C2(c3ccc(Cl)c(Cl)c3)CC2CN2CCC(NC(C)=O)(c3ccccc3)CC2)cc(OC)c1,Neurokinin 3 receptor
CN(Cc1ccc(F)cc1)C(=O)[C@@]1(c2ccc(Cl)c(Cl)c2)C[C@H]1CN1CCN(C(=O)CN2CCOCC2)CC1,Neurokinin 3 receptor
Cc1ccc(-c2nnc3n2CCN(C(=O)c2ccc(F)cc2)C3)nc1,Neurokinin 3 receptor
CCN(C(=O)Oc1ccc(F)cc1)[C@@H]1CN(C(=O)C2CCN(c3ccc(Cl)cn3)CC2)C[C@H]1c1ccc(Cl)cc1,Neurokinin 3 receptor
O=C(c1cc(-c2ccc(Cl)cc2)n[nH]1)N1CCN(Cc2cccnc2)CC1,Neurokinin 3 receptor
CC[C@@H](c1ccccc1)n1sc2c(-c3ccccc3)nc3ccccc3c2c1=O,Neurokinin 3 receptor
CC[C@H](NC(=O)c1c(OCCN2CCCC2)c(-c2ccccc2)nc2ccccc12)c1ccccc1,Neurokinin 3 receptor
O=C(C1CCN(c2ccc(C(F)(F)F)cn2)CC1)N1C[C@@H](N(C(=O)Oc2ccc(F)cc2)C2CC2)[C@H](c2ccc(Cl)cc2)C1,Neurokinin 3 receptor
N#Cc1ccc(N2CCC(C(=O)N3C[C@@H](N(C(=O)Oc4ccc(F)cc4)C4CC4)[C@H](c4ccc(Cl)cc4)C3)CC2)nn1,Neurokinin 3 receptor
COC(=O)C(NC(=O)c1cc(-c2ccccc2)nc2cc(OC)ccc12)c1ccccc1,Neurokinin 3 receptor
Cc1ccc(-c2ccc(C(=O)N3CCn4c(nnc4-c4ccccn4)C3)cc2)o1,Neurokinin 3 receptor
CC[C@H](NC(=O)c1c(OCCCN(C)C)c(-c2ccccc2)nc2ccccc12)c1ccccc1,Neurokinin 3 receptor
Nc1c(-c2cccc(F)c2)nc2ccccc2c1C(=O)NC(c1cccc(F)c1)C1CC1,Neurokinin 3 receptor
CCN(C(=O)Oc1ccc(F)cc1)[C@@H]1CN(C(=O)C2CCN(c3ccc(Cl)cn3)CC2)C[C@H]1c1ccc(Cl)c(Cl)c1,Neurokinin 3 receptor
C[S+]([O-])c1c(-c2ccccc2)nc2ccccc2c1C(=O)NC1(c2ccccc2)CCC1,Neurokinin 3 receptor
CC[C@H](NC(=O)c1c(NS(C)(=O)=O)c(-c2ccccc2)nc2ccccc12)c1ccccc1,Neurokinin 3 receptor
CN(Cc1ccc(F)cc1)C(=O)[C@@]1(c2ccc(Cl)c(Cl)c2)C[C@H]1CN1CCN(C(=O)CN2CCCCCC2)CC1,Neurokinin 3 receptor
CCN(C(=O)Oc1ccc(F)cc1)[C@H]1CN(C(=O)C2CCN(c3ccc(C#N)cn3)CC2)C[C@@H]1c1ccc(Cl)cc1,Neurokinin 3 receptor
COC(=O)C(NC(=O)c1cc(-c2ccccc2C)nc2ccccc12)c1ccccc1,Neurokinin 3 receptor
COc1ccccc1N1CCN(S(=O)(=O)c2cc(-c3ccccc3)n[nH]2)CC1,Neurokinin 3 receptor
COc1ccc2c(NCc3ccccc3)cc(-c3ccccc3)nc2c1,Neurokinin 3 receptor
CCN(C(=O)Oc1ccc(F)cc1)[C@@H]1CN(C(=O)C2CCN(c3cc(C#N)ccn3)CC2)C[C@H]1c1ccc(Cl)c(F)c1,Neurokinin 3 receptor
CN(C(=O)Oc1ccc(F)cc1)[C@@H]1CN(C(=O)c2ccc(N3CCCCC3=O)cc2)C[C@@]1(C)c1ccc(Cl)cc1,Neurokinin 3 receptor
Cc1nc(-c2ccc(C(=O)N3C[C@H](c4ccc(Cl)cc4)[C@@](C)(COc4ccc(Cl)cn4)C3)cc2)no1,Neurokinin 3 receptor
CC(C)[C@H](OC(=O)N[C@](C)(Cc1ccccc1)C(=O)NCCCCCCCNC(N)=O)c1ccccc1,Neurokinin 3 receptor
CCCN1N=C(C(=O)NC(C)c2ccccc2)C2CN(CC)CCC21,Neurokinin 3 receptor
CC(C)N(C(=O)Oc1ccc(F)cc1)[C@H]1CN(C(=O)C2CCN(c3ccc(C#N)cn3)CC2)C[C@@H]1c1ccc(Cl)cc1,Neurokinin 3 receptor
CCC(NC(=O)c1c(O)c(-c2ccccc2)nc2ccccc12)c1ccccc1,Neurokinin 3 receptor
COc1ccccc1N1CCN(C(=O)c2cc(-c3ccc(F)cc3)n[nH]2)CC1,Neurokinin 3 receptor
COc1ccccc1C(=O)N1CCn2c(nnc2-c2ccccn2)C1,Neurokinin 3 receptor
CC[C@H](NC(=O)c1c([S+](C)[O-])c(-c2cscn2)nc2ccccc12)c1ccccc1,Neurokinin 3 receptor
COc1ccccc1N1CCN(C(=O)c2cc(-c3ccc(Cl)cc3Cl)n[nH]2)CC1,Neurokinin 3 receptor
[3H]c1cccc(C2(N(C)C(C)=O)CCN(CCC[C@]3(c4ccc(Cl)c(Cl)c4)CCCN(C(=O)c4ccccc4)C3)CC2)c1,Neurokinin 3 receptor
CN(C(=O)Oc1ccc(F)cc1)[C@@H]1CN(C(=O)C2CCOCC2)C[C@@]1(C)c1ccc(Cl)cc1,Neurokinin 3 receptor
CC(C)N(C(=O)Oc1ccc(F)cc1)[C@@H]1CN(C(=O)C2CCN(c3ccc(C(F)(F)F)cn3)CC2)C[C@H]1c1ccc(Cl)cc1,Neurokinin 3 receptor
Cc1ccc(N2CCC(C(=O)N3C[C@H](c4ccc(Cl)cc4)[C@@](C)(N(C)C(=O)Oc4ccc(F)cc4)C3)CC2)nc1,Neurokinin 3 receptor
CN(C(=O)Oc1ccc(F)cc1)[C@@H]1CN(C(=O)C2CCN(c3ccc(Cl)cn3)CC2)C[C@@]1(C)c1ccc(Cl)cc1,Neurokinin 3 receptor
O=C(c1ccc(-c2ccc(F)cc2)cc1)N1CCn2c(nnc2-c2ccccn2)C1,Neurokinin 3 receptor
CCN(C(=O)Oc1ccc(F)cc1)[C@@H]1CN(C(=O)C2CCN(C(C)=O)CC2)C[C@H]1c1ccc(Cl)cc1,Neurokinin 3 receptor
C[C@H]1c2nnc(-c3ccccn3)n2CCN1C(=O)c1ccc(F)cc1,Neurokinin 3 receptor
O=C(c1cc(-c2ccccc2)n[nH]1)N1CCN(c2ccccc2-c2ccccc2)CC1,Neurokinin 3 receptor
CCN(C(=O)Oc1ccc(F)cc1)[C@@H]1CN(C(=O)C2CCN(c3ccc(C#N)nn3)CC2)C[C@H]1c1ccc(Cl)cc1,Neurokinin 3 receptor
CC(=O)NC1(c2ccccc2)CCN(C[C@@H]2C[C@@]2(C(=O)N(C)Cc2ccc(F)cc2)c2ccsc2)CC1,Neurokinin 3 receptor
CC[C@H](NC(=O)c1c([S+](C)[O-])c(-c2cccnc2)nc2ccccc12)c1ccccc1,Neurokinin 3 receptor
CN(C)C(=O)NC1(c2ccccc2)CCN(C[C@@H]2C[C@@]2(C(=O)N(C)Cc2ccccc2)c2ccc(Cl)c(Cl)c2)CC1,Neurokinin 3 receptor
C[C@]1(COc2ccc(Cl)cn2)CN(C(=O)C2CCN(c3ccc(C#N)cc3)CC2)C[C@@H]1c1ccc(Cl)cc1,Neurokinin 3 receptor
CC(=O)NC1(c2ccccc2)CCN(C[C@@H]2C[C@@]2(C(=O)N(C)Cc2ccc(F)cc2)c2cccc(C)c2)CC1,Neurokinin 3 receptor
CC[C@H](NC(=O)c1c(O)c(-c2ccccc2O)nc2ccccc12)c1ccccc1,Neurokinin 3 receptor
CC(=O)NC1(c2ccccc2)CCN(CC2CC2(C(=O)N(C)Cc2cccs2)c2ccc(Cl)c(Cl)c2)CC1,Neurokinin 3 receptor
CC(C)(C)OC(=O)N[C@H](Cc1ccccc1)C(=O)NC(C)(Cc1ccccc1)C(N)=O,Neurokinin 3 receptor
CC(=O)NC1(c2ccccc2)CCN(C[C@@H]2C[C@@]2(C(=O)N(C)Cc2ccc(F)cc2)c2cc(Cl)cc(Cl)c2)CC1,Neurokinin 3 receptor
CCN(C(=O)Oc1ccc(F)cc1)[C@@H]1CN(C(=O)C2CCN(c3ccc(C(C)=O)cn3)CC2)C[C@H]1c1ccc(Cl)cc1,Neurokinin 3 receptor
CC[C@H](NC(=O)c1c([S+](C)[O-])c(-c2ccccc2)nc2cc(C)ccc12)c1ccccc1,Neurokinin 3 receptor
COc1cccc(C(=O)N2CCn3c(nnc3-c3ccccn3)C2)c1,Neurokinin 3 receptor
O=C(c1cc(-c2ccc(Cl)cc2)n[nH]1)N1CCN(c2ccccc2O)CC1,Neurokinin 3 receptor
CN(C(=O)Oc1ccc(F)cc1)[C@@H]1CN(C(=O)C2CCN(C(=O)C3(C)CC3)CC2)C[C@@]1(C)c1ccc(Cl)cc1,Neurokinin 3 receptor
Cc1ccc(-c2cc(C(=O)NCCc3ccccc3)c3ccccc3n2)cc1,Neurokinin 3 receptor
CCN(C(=O)Oc1ccc(F)cc1)[C@@H]1CN(C(=O)C2CCN(c3cnc(C#N)cn3)CC2)C[C@H]1c1ccc(F)c(F)c1,Neurokinin 3 receptor
CC[C@H](NC(=O)c1c(S(C)(=O)=O)c(-c2ccccc2)nc2ccccc12)c1ccccc1,Neurokinin 3 receptor
CC(=O)N1CCC(C(=O)N2C[C@@H](N(C)C(=O)Oc3ccc(F)cc3)[C@](C)(c3ccc(Cl)cc3)C2)CC1,Neurokinin 3 receptor
CC[C@H](NC(=O)c1c(S)c(-c2ccccc2)nc2ccccc12)c1ccccc1,Neurokinin 3 receptor
CCN(C(=O)Oc1ccc(F)cc1)[C@@H]1CN(C(=O)C2CCN(C(=O)C3(COC)CC3)CC2)C[C@H]1c1ccc(Cl)cc1,Neurokinin 3 receptor
CCN(C(=O)Oc1ccc(F)cc1)[C@@H]1CN(C(=O)C2CCN(c3ccc(C(C)=O)cn3)CC2)C[C@H]1c1ccc(Cl)c(Cl)c1,Neurokinin 3 receptor
COc1cccc(N2CCN(C(=O)c3cc(-c4ccc(Cl)cc4)n[nH]3)CC2)c1,Neurokinin 3 receptor
CC(C)(C)OC(=O)NC(C)(Cc1ccccc1)C(=O)N[C@@H](Cc1ccccc1)C(N)=O,Neurokinin 3 receptor
CC(C)(C)OC(=O)N[C@@H](Cc1ccccc1)C(=O)N[C@@H](Cc1ccc(O)cc1)C(N)=O,Neurokinin 3 receptor
CCN(C(=O)Oc1ccc(F)cc1)[C@@H]1CN(C(=O)C2CCN(C(=O)C3CC(F)C3)CC2)C[C@H]1c1ccc(Cl)c(F)c1,Neurokinin 3 receptor
COc1ccccc1N1CCN(C(=O)c2cc(-c3ccc(C#N)cc3)n[nH]2)CC1,Neurokinin 3 receptor
COC(=O)C(NC(=O)c1cc(-c2ccccc2)nc2ccccc12)c1cccs1,Neurokinin 3 receptor
Cc1ccc(-c2cc(C(=O)NC(C)c3ccccc3)c3ccccc3n2)c(C)c1,Neurokinin 3 receptor
Cc1csc(-c2nnc3n2CCN(C(=O)c2ccc(-c4ccccc4)cc2)C3)n1,Neurokinin 3 receptor
Cc1ccc(CNC(=O)c2cc(-c3ccccc3)nc3ccccc23)cc1,Neurokinin 3 receptor
CN(C(=O)Oc1ccc(F)cc1)[C@@H]1CN(C(=O)C2CCN(c3ccc(F)cn3)CC2)C[C@@]1(C)c1ccc(Cl)cc1,Neurokinin 3 receptor
CCN(C(=O)Oc1ccc(F)cc1)[C@@H]1CN(C(=O)C2CCN(C(=O)c3ccc(F)cn3)CC2)C[C@H]1c1ccc(Cl)cc1,Neurokinin 3 receptor
C[C@]1(COc2ccc(Cl)cn2)CN(C(=O)c2ccc(-n3cccn3)nc2)C[C@@H]1c1ccc(Cl)cc1,Neurokinin 3 receptor
CCN(C(=O)Oc1ccc(F)cc1)[C@@H]1CN(C(=O)C2CCN(c3ccc(S(C)(=O)=O)cn3)CC2)C[C@H]1c1ccc(F)cc1,Neurokinin 3 receptor
COc1ccc(Cl)cc1N1CCN(C(=O)c2cc(-c3ccc(Cl)cc3)n[nH]2)CC1,Neurokinin 3 receptor
CCN(C(=O)Oc1ccc(F)cc1)[C@@H]1CN(C(=O)C2CCN(C(=O)C3CC(F)C3)CC2)C[C@H]1c1ccc(Cl)cc1,Neurokinin 3 receptor
COc1ccc2c(C(=O)NCc3ccccc3)cc(Cc3ccccc3)nc2c1,Neurokinin 3 receptor
COC(=O)CC(NC(=O)c1cc(-c2ccccc2)nc2ccccc12)c1ccccc1,Neurokinin 3 receptor
CCN(C(=O)Oc1ccc(F)cc1)[C@@H]1CN(C(=O)C2CCN(c3ncc(C#N)cn3)CC2)C[C@H]1c1ccc(Cl)cc1,Neurokinin 3 receptor
CCN(C(=O)Oc1ccc(F)cc1)[C@@H]1CN(C(=O)C2CCN(C(=O)C3(C)CC3)CC2)C[C@H]1c1ccc(Cl)c(Cl)c1,Neurokinin 3 receptor
CC(C)CN1CCC(C(=O)N2C[C@H](c3ccc(Cl)cc3)[C@@](C)(COc3ccc(Cl)cn3)C2)CC1,Neurokinin 3 receptor
CC(C)(C)OC(=O)N[C@@H](Cc1ccccc1)C(=O)N[C@](C)(Cc1ccccc1)C(=O)NCCc1ccc(OCC(N)=O)cc1,Neurokinin 3 receptor
COC(=O)C(NC(=O)c1ccnc(-c2ccccc2)c1)c1ccccc1,Neurokinin 3 receptor
COC(=O)C(NC(=O)c1cc(-c2ccc(O)cc2)nc2ccccc12)c1ccccc1,Neurokinin 3 receptor
CC[C@H](NC(=O)c1c(O)c(-c2ccccc2OC)nc2ccccc12)c1ccccc1,Neurokinin 3 receptor
CC(C)(C)OC(=O)N[C@@](C)(Cc1ccccc1)C(=O)NC(Cc1ccccc1)C(=O)NCCCCCCCCO,Neurokinin 3 receptor
CN(C)C[C@@H](NC(=O)c1cc(-c2ccccc2)nc2ccccc12)c1ccccc1,Neurokinin 3 receptor
CC(C)(C)OC(=O)N[C@@H](Cc1ccccc1)C(=O)NC(C)(Cc1ccccc1)C(=O)NCc1ccc(O)cc1,Neurokinin 3 receptor
O=C(c1cc(-c2ccc(Cl)cc2)n[nH]1)N1CCN(CC2CCCCC2)CC1,Neurokinin 3 receptor
O=C(c1ccccc1F)N1CCn2c(nnc2-c2ccccn2)C1,Neurokinin 3 receptor
COC(=O)C(NC(=O)c1cc(-c2cccs2)nc2ccccc12)c1ccccc1,Neurokinin 3 receptor
CC[C@H](NC(=O)c1c(N)c(-c2ccc(F)cc2)nc2ccccc12)c1ccccc1,Neurokinin 3 receptor
CCC(NC(=O)c1c(OC)c(-c2ccccc2)nc2ccccc12)c1ccccc1,Neurokinin 3 receptor
Cc1cc(C(=O)N2C[C@H](c3ccc(Cl)cc3)[C@@](C)(COc3ccc(Cl)cn3)C2)cnn1,Neurokinin 3 receptor
O=C(NC(Cc1ccccc1)c1ccccc1)c1cc(-c2ccccc2)nc2ccccc12,Neurokinin 3 receptor
COc1ccc(-c2ccc(C(=O)N3CCn4c(nnc4-c4ccccn4)C3)cc2)cc1,Neurokinin 3 receptor
COC(=O)[C@H](NC(=O)c1cc(-c2ccccc2)nc2ccccc12)C(C)C,Neurokinin 3 receptor
O=C(NC(CCO)c1ccccc1)c1cc(-c2ccccc2)nc2ccccc12,Neurokinin 3 receptor
COC(=O)C(NC(=O)c1cc(-c2cc[nH]c2)nc2ccccc12)c1ccccc1,Neurokinin 3 receptor
Nc1c(-c2ccccc2)nc2ccccc2c1C(=O)N[C@H](c1cccc(F)c1)C1CC1,Neurokinin 3 receptor
CN(C(=O)Oc1ccc(F)cc1)[C@@]1(C)CN(C(=O)C2CCN(c3ccc(C#N)cc3)CC2)C[C@@H]1c1ccc(Cl)cc1,Neurokinin 3 receptor
CCN(C(=O)Oc1ccc(F)cc1)[C@H]1CN(C(=O)C2CCN(c3ncc(C#N)cn3)CC2)C[C@@H]1c1ccc(Cl)cc1,Neurokinin 3 receptor
CS(=O)(=O)N1CCN(C(=O)N2C[C@H](c3ccccc3)[C@@H](NC(=O)c3cc(C(F)(F)F)cc(C(F)(F)F)c3)C2)CC1,Neurokinin 3 receptor
COc1ccc(CN(C)C(=O)C2(c3ccc(Cl)c(Cl)c3)CC2CN2CCC(NC(C)=O)(c3ccccc3)CC2)cc1OC,Neurokinin 3 receptor
CCN(C(=O)Oc1ccc(F)cc1)[C@@H]1CN(C(=O)C2CCN(C(=O)OC(C)(C)C)CC2)C[C@H]1c1ccc(Cl)c(F)c1,Neurokinin 3 receptor
O=C(N[C@H](C(=O)O)c1ccccc1)c1cc(-c2ccccc2)nc2ccccc12,Neurokinin 3 receptor
CC[C@H](NC(=O)c1c([S+](C)[O-])c(-c2ccccc2)nc2ccccc12)c1ccccn1,Neurokinin 3 receptor
CC(=O)NC1(c2ccccc2)CCN(C[C@@H]2C[C@]2(C(=O)N(C)Cc2ccc(F)cc2)c2cccs2)CC1,Neurokinin 3 receptor
COC(=O)N(NC(=O)c1c(OC)c(-c2ccccc2F)nc2ccccc12)c1ccccc1,Neurokinin 3 receptor
CCN(C(=O)Oc1ccc(F)cc1)[C@@H]1CN(C(=O)C2CCN(C(=O)C3(C)COC3)CC2)C[C@H]1c1ccc(Cl)cc1,Neurokinin 3 receptor
O=C(/C=C/c1ccccc1)N1CCN(C(c2ccccc2)c2ccc(Cl)cc2)CC1,Neurokinin 3 receptor
O=C(c1ccc(-c2cccs2)cc1)N1CCn2c(nnc2-c2ccccn2)C1,Neurokinin 3 receptor
Cc1ccnc(-c2nnc3n2CCN(C(=O)c2ccc(F)cc2)C3)c1,Neurokinin 3 receptor
COc1ccc(N2CCC(C(=O)N3C[C@@H](N(C)C(=O)Oc4ccc(F)cc4)[C@](C)(c4ccc(Cl)cc4)C3)CC2)nn1,Neurokinin 3 receptor
COc1ccc2c(C(=O)NC(C(=O)O)c3ccccc3)cc(-c3ccccc3)nc2c1,Neurokinin 3 receptor
Cc1cc(-c2nnc3n2CCN(C(=O)c2ccc(-c4cccs4)cc2)[C@@H]3C)n(C)n1,Neurokinin 3 receptor
CC[C@H](NC(=O)c1c(N)c(-c2cccc(F)c2)nc2ccccc12)c1ccccc1,Neurokinin 3 receptor
CC(C)(C)OC(=O)N[C@@](C)(Cc1ccccc1)C(=O)NC(Cc1ccccc1)C(=O)NCc1ccc(O)cc1,Neurokinin 3 receptor
CC(C)(C)OC(=O)N[C@@H](Cc1ccccc1)C(=O)N[C@](C)(Cc1ccccc1)C(=O)NCCCCCCCCC(N)=O,Neurokinin 3 receptor
O=C(c1cc(-c2ccccc2)n[nH]1)N1CCN(c2ccccc2)CC1,Neurokinin 3 receptor
CCc1nc(-c2nnc3n2CCN(C(=O)c2ccc(-c4cccs4)cc2)[C@@H]3C)cs1,Neurokinin 3 receptor
COC(=O)C(NC(=O)c1cc(-c2ccccc2)cc2ccccc12)c1ccccc1,Neurokinin 3 receptor
CC(=O)NC1(c2ccccc2)CCN(C[C@@H]2C[C@@]2(C(=O)N(C)Cc2ccc(F)cc2)c2ccc(C)cc2)CC1,Neurokinin 3 receptor
CCN(C(=O)Oc1ccccc1F)[C@@H]1CN(C(=O)C2CCN(C(=O)C3(C#N)CC3)CC2)C[C@H]1c1ccc(Cl)cc1,Neurokinin 3 receptor
CC[C@H](NC(=O)c1c(SCc2ccc(OC)cc2)c(-c2ccccc2)nc2ccccc12)c1ccccc1,Neurokinin 3 receptor
CCCCC(NC(=O)c1cc(-c2ccccc2)nc2ccccc12)c1ccccc1,Neurokinin 3 receptor
CN(Cc1ccc(F)cc1)C(=O)[C@@]1(c2ccc(Cl)c(Cl)c2)C[C@H]1CN1CCN(CC(=O)N2CCCC2)CC1,Neurokinin 3 receptor
COc1ccccc1N1CCN(C(=O)c2cc(-c3ccccc3F)n[nH]2)CC1,Neurokinin 3 receptor
CC(C)C(=O)N1CCC(C(=O)N2C[C@H](c3ccc(Cl)cc3)[C@@](C)(COc3ccc(Cl)cn3)C2)CC1,Neurokinin 3 receptor
CC(C)[C@@H](OC(=O)N[C@](C)(Cc1ccccc1)C(=O)N[C@@H](C)c1ccccc1)c1ccccc1,Neurokinin 3 receptor
Cc1nc(-c2ccc(C(=O)N3C[C@H](c4ccc(Cl)cc4)[C@@](C)(N(C)C(=O)Oc4ccc(F)cc4)C3)cc2)no1,Neurokinin 3 receptor
COC(=O)C(NC(=O)c1cc(-c2ccc(Cl)cc2)nc2ccccc12)c1ccccc1,Neurokinin 3 receptor
CCC(NC(=O)c1c(-c2ccccc2)c(-c2ccccc2)nc2ccccc12)c1ccccc1,Neurokinin 3 receptor
CC[C@H](NC(=O)c1c([S+](C)[O-])c(-c2ccccc2)nc2cc(CN(C)C)ccc12)c1ccccc1,Neurokinin 3 receptor
COc1ccccc1N1CCN(C(=O)c2cc(-c3ccc(Cl)cc3)n[nH]2)CC1=O,Neurokinin 3 receptor
COc1ccccc1N1CCN(C(=O)c2cc(-c3ccc(C)cc3)n[nH]2)CC1,Neurokinin 3 receptor
CN(C(=O)Oc1ccc(F)cc1)[C@@]1(C)CN(C(=O)c2ccc(N3CCCCC3=O)cc2)C[C@@H]1c1ccc(Cl)cc1,Neurokinin 3 receptor
CCc1ccccc1N1CCN(C(=O)c2cc(-c3ccc(Cl)cc3)n[nH]2)CC1,Neurokinin 3 receptor
CN(C(=O)Oc1ccc(F)cc1)[C@@]1(C)CN(C(=O)C2CCN(c3ccc(C#N)cn3)CC2)C[C@@H]1c1ccc(Cl)cc1,Neurokinin 3 receptor
CCN(C(=O)Oc1ccc(F)cc1)[C@@H]1CN(C(=O)C2CCN(c3ccc(S(C)(=O)=O)cn3)CC2)C[C@H]1c1ccc(Cl)c(F)c1,Neurokinin 3 receptor
COc1ccccc1N1CCN(C(=O)c2cc(-c3cccnc3)n[nH]2)CC1,Neurokinin 3 receptor
Nc1c(-c2cccc(F)c2)nc2ccccc2c1C(=O)N[C@@H](c1ccccc1)C1CC1,Neurokinin 3 receptor
COc1ccccc1N1CCN(C(=O)c2cc(-c3ccc(OC(F)(F)F)cc3)n[nH]2)CC1,Neurokinin 3 receptor
CC[C@H](NC(=O)c1c([S+]([O-])CC(=O)N(C)C)c(-c2ccccc2)nc2ccccc12)c1ccccc1,Neurokinin 3 receptor
CCCCc1c(-c2ccccc2)nc2ccccc2c1C(=O)NC(CC)c1ccccc1,Neurokinin 3 receptor
CC[C@H](NC(=O)c1c(SSc2c(-c3ccccc3)nc3ccccc3c2C(=O)N[C@@H](CC)c2ccccc2)c(-c2ccccc2)nc2ccccc12)c1ccccc1,Neurokinin 3 receptor
CN(C(=O)Oc1ccc(F)cc1)[C@@]1(C)CN(C(=O)C2CCN(C(=O)C3(C)CC3)CC2)C[C@@H]1c1ccc(Cl)cc1,Neurokinin 3 receptor
CCN(C(=O)Oc1ccc(F)cc1)[C@@H]1CN(C(=O)C2CCN(C(=O)C3(C)CC3)CC2)C[C@H]1c1ccc(Cl)c(F)c1,Neurokinin 3 receptor
CCN(C(=O)Oc1ccc(F)cc1)[C@@H]1CN(C(=O)C2CCN(C(=O)c3ccc(C(F)(F)F)cn3)CC2)C[C@H]1c1ccc(Cl)cc1,Neurokinin 3 receptor
CN(Cc1c(-c2ccccc2)nc2ccccc2c1C(=O)N[C@H](c1ccccc1)C1CC1)S(C)(=O)=O,Neurokinin 3 receptor
COC(=O)C(NC(=O)c1c2c(nc3ccccc13)-c1ccccc1CC2)c1ccccc1,Neurokinin 3 receptor
COCC(NC(=O)c1cc(-c2ccccc2)nc2ccccc12)c1ccccc1,Neurokinin 3 receptor
CNC(=O)CCCCCCCCNC(=O)[C@@](C)(Cc1ccccc1)NC(=O)[C@H](Cc1ccccc1)NC(=O)OC(C)(C)C,Neurokinin 3 receptor
CC[C@H](NC(=O)c1c(O)c(-c2ccc(OC)cc2)nc2ccccc12)c1ccccc1,Neurokinin 3 receptor
CC(C)N(C(=O)Oc1ccc(F)cc1)[C@@H]1CN(C(=O)C2CCN(c3ccc(C#N)cn3)CC2)C[C@H]1c1ccc(Cl)cc1,Neurokinin 3 receptor
CSCC[C@H](NC(=O)[C@H](CC(C)C)NC(=O)CNC(=O)[C@H](Cc1ccccc1)NC(=O)[C@H](Cc1ccccc1)NC(=O)Cc1ccc(O)cc1)C(N)=O,Neurokinin 3 receptor
COC(=O)C(NC(=O)c1cc(-c2ccccc2Cl)nc2ccccc12)c1ccccc1,Neurokinin 3 receptor
C=Cc1nc(-c2nnc3n2CCN(C(=O)c2ccc(-c4cccs4)cc2)C3)cs1,Neurokinin 3 receptor
Cc1nc(-c2nnc3n2CCN(C(=O)c2ccc(-c4ccccc4)cc2)[C@@H]3C)co1,Neurokinin 3 receptor
CCN(C(=O)Oc1ccc(F)cc1)[C@@H]1CN(C(=O)C2CCN(c3ccc(C(F)(F)F)cn3)CC2)C[C@H]1c1ccc(Cl)cc1,Neurokinin 3 receptor
COc1c(-c2ccccc2)nc2ccccc2c1C(=O)NN(C(=O)OCC(C)C)c1ccccc1,Neurokinin 3 receptor
CN(C)C(=O)CCCCCCCCNC(=O)[C@@](C)(Cc1ccccc1)NC(=O)[C@H](Cc1ccccc1)NC(=O)OC(C)(C)C,Neurokinin 3 receptor
Nc1c(-c2ccccc2)nc2ccccc2c1C(=O)NC(c1ccccc1)C1CC1,Neurokinin 3 receptor
CCN(C(=O)Oc1ccc(F)cc1)[C@@H]1CN(C(=O)C2CCN(c3ccc(C(F)(F)F)cn3)CC2)C[C@H]1c1ccc(Cl)c(Cl)c1,Neurokinin 3 receptor
COc1ccc(CN(C)C(=O)C2(c3ccc(Cl)c(Cl)c3)CC2CN2CCC(NC(C)=O)(c3ccccc3)CC2)cc1,Neurokinin 3 receptor
N#Cc1ccc(N2CCC(C(=O)N3C[C@H](c4ccc(Cl)cc4)[C@@H](N(C(=O)Oc4ccc(F)cc4)C4CC4)C3)CC2)nc1,Neurokinin 3 receptor
CCCC(NC(=O)c1cc(-c2ccccc2)nc2ccccc12)c1ccccc1,Neurokinin 3 receptor
CCc1c(-c2ccccc2)nc2ccccc2c1C(=O)NC(CC)c1ccccc1,Neurokinin 3 receptor
CCN(C(=O)Oc1ccc(F)cc1)[C@@H]1CN(C(=O)C2CCN(c3ccc(C(N)=O)cn3)CC2)C[C@H]1c1ccc(Cl)c(Cl)c1,Neurokinin 3 receptor
CC[C@H](NC(=O)c1c(SC)c(-c2ccccc2)nc2ccccc12)c1ccccc1,Neurokinin 3 receptor
O=C(Cc1ccccc1)N1CCC(Cc2ccccc2)C1,Neurokinin 3 receptor
CCN(CC)CC(=O)c1ccc(N2CCC(C(=O)N3C[C@@H](N(CC)C(=O)Oc4ccc(F)cc4)[C@H](c4ccc(F)cc4)C3)CC2)nc1,Neurokinin 3 receptor
CC(=O)c1ccc(N2CCC(C(=O)N3C[C@H](c4ccc(Cl)cc4)[C@@](C)(N(C)C(=O)Oc4ccc(F)cc4)C3)CC2)nc1,Neurokinin 3 receptor
CC(C)(C)OC(=O)N[C@H](Cc1ccccc1)C(=O)N[C@](C)(Cc1ccccc1)C(=O)NCCCCc1ccc(O)cc1,Neurokinin 3 receptor
NC[C@@H](NC(=O)c1cc(-c2ccccc2)nc2ccccc12)c1ccccc1,Neurokinin 3 receptor
CC(=O)NC1(c2ccccc2)CCN(CC2CC2(C(=O)N(C)Cc2cccc(F)c2)c2ccc(Cl)c(Cl)c2)CC1,Neurokinin 3 receptor
CCN(C(=O)Oc1ccc(F)cc1)[C@@H]1CN(C(=O)C2CCN(c3ccc(C(C)O)cn3)CC2)C[C@H]1c1ccc(Cl)cc1,Neurokinin 3 receptor
CC[C@H](NC(=O)c1c([S+]([O-])C(C)C)c(-c2ccccc2)nc2ccccc12)c1ccccc1,Neurokinin 3 receptor
C[C@]1(COc2ccc(Cl)cn2)CN(C(=O)C2CCN(C3CCCCC3)CC2)C[C@@H]1c1ccc(Cl)cc1,Neurokinin 3 receptor
CC(=O)NC1(c2ccccc2)CCN(C[C@@H]2C[C@@]2(C(=O)N(C)Cc2ccc(F)cc2)c2cccc(F)c2)CC1,Neurokinin 3 receptor
CC[C@H](NC(=O)c1c(OCCN(C)C)c(-c2ccccc2)nc2ccccc12)c1ccccc1,Neurokinin 3 receptor
CC[C@H](NC(=O)c1c([S+](C)[O-])c(-c2cccs2)nc2ccccc12)c1ccccc1,Neurokinin 3 receptor
O=C(NCc1ccc(Cl)cc1)c1cc(-c2ccc(Cl)cc2)nc2ccccc12,Neurokinin 3 receptor
CCN(C(=O)Oc1ccc(F)cc1)[C@@H]1CN(C(=O)C2CCN(C(=O)C3CCC(=O)NC3)CC2)C[C@H]1c1ccc(F)c(F)c1,Neurokinin 3 receptor
CC(=O)NC1(c2ccccc2)CCN(C[C@H]2C[C@]2(C(=O)N(C)Cc2ccccc2)c2ccc(Cl)c(Cl)c2)CC1,Neurokinin 3 receptor
COC(=O)[C@H](NC(=O)c1cc(-c2ccccc2)nc2ccccc12)c1ccc(O)cc1,Neurokinin 3 receptor
CN(Cc1c(-c2ccccc2)nc2ccccc2c1C(=O)N[C@H](c1cccc(F)c1)C1CC1)S(C)(=O)=O,Neurokinin 3 receptor
CCN(C(=O)Oc1ccc(F)cc1)[C@H]1CN(C(=O)C2CCN(C(=O)C3(C)CC3)CC2)C[C@@H]1c1ccc(Cl)c(Cl)c1,Neurokinin 3 receptor
Cc1csc(-c2nnc3n2CCN(C(=O)c2ccc(-c4ccccc4)cc2)[C@@H]3C)n1,Neurokinin 3 receptor
CCC(NC(=O)c1cc(-c2ccccc2)nc2ccccc12)c1ccccn1,Neurokinin 3 receptor
CCc1nc(-c2nnc3n2CCN(C(=O)c2ccc(-c4ccccc4)cc2)[C@@H]3C)cs1,Neurokinin 3 receptor
COc1c(-c2ccccc2)nc2ccccc2c1C(=O)NN(C(C)=O)c1ccccc1,Neurokinin 3 receptor
CC[C@H](NC(=O)c1c(O)c(-c2ccccc2)nc2cc(O)ccc12)c1ccccc1,Neurokinin 3 receptor
O=C(c1ccc(-c2ccccc2)cc1)N1CCn2c(nnc2-c2ccccn2)C1,Neurokinin 3 receptor
CC[C@H](NC(=O)c1c([S+](C)[O-])c(-c2ccccc2)nc2c(C)cccc12)c1ccccc1,Neurokinin 3 receptor
CC(=O)c1ccc(N2CCC(C(=O)N3C[C@H](c4ccc(Cl)cc4)[C@@](C)(COc4ccc(Cl)cn4)C3)CC2)nc1,Neurokinin 3 receptor
CC(C)C(=O)N1CCC(C(=O)N2C[C@@H](N(C)C(=O)Oc3ccc(F)cc3)[C@](C)(c3ccc(Cl)cc3)C2)CC1,Neurokinin 3 receptor
CC(C)c1nc(-c2nnc3n2CCN(C(=O)c2ccc(-c4cccs4)cc2)C3)co1,Neurokinin 3 receptor
CN(C(=O)Oc1ccc(F)cc1)[C@@H]1CN(C(=O)c2ccc(C#N)cc2)C[C@@]1(C)c1ccc(Cl)cc1,Neurokinin 3 receptor
CCCc1c(-c2ccccc2)nc2ccccc2c1C(=O)NC(CC)c1ccccc1,Neurokinin 3 receptor
COc1ccccc1CN(C)C(=O)C1(c2ccc(Cl)c(Cl)c2)CC1CN1CCC(NC(C)=O)(c2ccccc2)CC1,Neurokinin 3 receptor
CC[C@H](NC(=O)c1c([S+](C)[O-])c(-c2cccc(F)c2)nc2ccccc12)c1ccccc1,Neurokinin 3 receptor
CCN(C(=O)Oc1ccc(F)cc1)[C@@H]1CN(C(=O)C2CCN(C(=O)C3CCOCC3)CC2)C[C@H]1c1ccc(Cl)cc1,Neurokinin 3 receptor
CC(C)(C)OC(=O)N[C@@](C)(Cc1ccccc1)C(=O)NC(Cc1ccccc1)C(N)=O,Neurokinin 3 receptor
COc1ccc2c(C(=O)Nc3ccccc3)cc(-c3ccccc3)nc2c1,Neurokinin 3 receptor
COc1ccccc1N1CCN(C(=O)c2cc(-c3ccccc3)no2)CC1,Neurokinin 3 receptor
CCN(C(=O)Oc1ccc(F)cc1)[C@@H]1CN(C(=O)C2CCN(c3ccc(C)cn3)CC2)C[C@H]1c1ccc(Cl)c(F)c1,Neurokinin 3 receptor
CC(C)N(C(=O)Oc1ccc(F)cc1)[C@@H]1CN(C(=O)C2CCN(C(=O)C3(C)CC3)CC2)C[C@H]1c1ccc(Cl)c(Cl)c1,Neurokinin 3 receptor
CC(=O)c1ccc(N2CCC(C(=O)N3C[C@@H](N(C)C(=O)Oc4ccc(F)cc4)[C@](C)(c4ccc(Cl)cc4)C3)CC2)nc1,Neurokinin 3 receptor
CCN(C(=O)Oc1ccc(F)cc1)[C@@H]1CN(C(=O)C2CCN(c3ccc(F)cn3)CC2)C[C@H]1c1ccc(Cl)c(F)c1,Neurokinin 3 receptor
CN(C(=O)Oc1ccc(F)cc1)[C@@]1(C)CN(C(=O)c2ccc(C#N)cc2)C[C@@H]1c1ccc(Cl)cc1,Neurokinin 3 receptor
CC(C)(C)OC(=O)N[C@@H](Cc1ccccc1)C(=O)NC(C)(Cc1ccccc1)C(=O)NCCCCCCCC(=O)O,Neurokinin 3 receptor
C[C@]1(COc2ccc(Cl)cn2)CN(C(=O)c2ccc(N3CCCCC3=O)cc2)C[C@@H]1c1ccc(Cl)cc1,Neurokinin 3 receptor
CCN(C(=O)Oc1ccc(F)cc1)[C@@H]1CN(C(=O)C2CCN(C(=O)C3CC(F)(F)C3)CC2)C[C@H]1c1ccc(Cl)c(F)c1,Neurokinin 3 receptor
CC[C@H](NC(=O)c1c([S+](C)[O-])c(-c2ccsc2)nc2ccccc12)c1ccccc1,Neurokinin 3 receptor
CC[C@H](NC(=O)c1c(N=[N+]=[N-])c(-c2ccccc2)nc2ccccc12)c1ccccc1,Neurokinin 3 receptor
Cc1nc(-c2nnc3n2CCN(C(=O)c2ccc(-c4cccs4)cc2)[C@@H]3C)c(C)s1,Neurokinin 3 receptor
CC(C)(C)OC(=O)N[C@@H](Cc1ccccc1)C(=O)NC(C)(Cc1ccccc1)C(=O)NCCCCCCCCO,Neurokinin 3 receptor
CC[C@H](NC(=O)c1c([S+](C)[O-])c(-c2ccc(F)cc2)nc2ccccc12)c1ccccc1,Neurokinin 3 receptor
CN(C(=O)Cc1cc(C(F)(F)F)cc(C(F)(F)F)c1)[C@H]1CN(C(=O)N2CCN(S(C)(=O)=O)CC2)C[C@@H]1c1ccccc1,Neurokinin 3 receptor
CN(C(=O)[C@H](Cc1ccccc1)NC(=O)OC(C)(C)C)C(Cc1ccccc1)C(N)=O,Neurokinin 3 receptor
CC[C@H](NC(=O)c1c(CC[S+](C)[O-])c(-c2ccccc2)nc2ccccc12)c1ccccc1,Neurokinin 3 receptor
CCN(C(=O)Oc1ccc(F)cc1)[C@@H]1CN(C(=O)C2CCN(C(=O)C3CC3(F)F)CC2)C[C@H]1c1ccc(Cl)cc1,Neurokinin 3 receptor
CCN(C(=O)Oc1ccc(F)cc1)[C@@H]1CN(C(=O)C2CCN(c3ccc(Cl)cn3)CC2)C[C@H]1c1ccc(F)c(F)c1,Neurokinin 3 receptor
COC(=O)C(NC(=O)c1cc(-c2cccc(Cl)c2)nc2ccccc12)c1ccccc1,Neurokinin 3 receptor
COc1ccc([C@]2(C(=O)N(C)Cc3ccc(F)cc3)C[C@H]2CN2CCC(NC(C)=O)(c3ccccc3)CC2)cc1,Neurokinin 3 receptor
Cc1ccc(N2CCC(C(=O)N3C[C@@H](N(C)C(=O)Oc4ccc(F)cc4)[C@](C)(c4ccc(Cl)cc4)C3)CC2)nc1,Neurokinin 3 receptor
CC[C@H](NC(=O)c1c(CSC)c(-c2ccccc2)nc2ccccc12)c1ccccc1,Neurokinin 3 receptor
CC(=O)NC1(c2ccccc2)CCN(C[C@@H]2C[C@@]2(C(=O)N(C)Cc2ccc(F)cc2)c2cccc(C#N)c2)CC1,Neurokinin 3 receptor
CN(Cc1cc(C(F)(F)F)cc(C(F)(F)F)c1)[C@H]1CN(C(=O)N2CCN(S(C)(=O)=O)CC2)C[C@@H]1c1ccccc1,Neurokinin 3 receptor
Nc1c(-c2ccccc2)nc2ccccc2c1C(=O)NC(c1ccccc1F)C1CC1,Neurokinin 3 receptor
CN(C(=O)Oc1ccc(F)cc1)[C@@H]1CN(C(=O)C2CCN(c3ccc(C#N)cn3)CC2)C[C@@]1(C)c1ccc(Cl)cc1,Neurokinin 3 receptor
CC(C)CN(C(=O)Oc1ccc(F)cc1)[C@@H]1CN(C(=O)C2CCN(C(=O)C3(C)CC3)CC2)C[C@H]1c1ccc(Cl)c(Cl)c1,Neurokinin 3 receptor
CCC(NC(=O)c1c(N)c(-c2cccc(F)c2)nc2ccccc12)c1ccccc1,Neurokinin 3 receptor
CCC(NC(=O)c1c(N)c(-c2ccccc2)nc2ccccc12)c1ccccc1,Neurokinin 3 receptor
CCN(C(=O)Oc1ccc(F)cc1)[C@@H]1CN(C(=O)C2CCN(c3cc(C#N)ccn3)CC2)C[C@H]1c1ccc(F)c(F)c1,Neurokinin 3 receptor
CC[C@@H](NC(=O)c1c(Cl)c(-c2ccccc2)nc2ccccc12)c1ccccc1,Neurokinin 3 receptor
C[S+]([O-])c1c(-c2ccccc2)nc2ccccc2c1C(=O)N[C@H](c1ccccc1)C1CC1,Neurokinin 3 receptor
CSCC[C@H](NC(=O)[C@@H](N)CC(C)C)C(N)=O,Neurokinin 3 receptor
CN(C(=O)Oc1ccc(F)cc1)[C@@]1(C)CN(C(=O)c2ccc(C#N)nc2)C[C@@H]1c1ccc(Cl)cc1,Neurokinin 3 receptor
O=C(c1cc(-c2ccc(Cl)cc2)n[nH]1)N1CCN(Cc2ccccn2)CC1,Neurokinin 3 receptor
C[S+]([O-])c1c(-c2ccccc2)nc2ccccc2c1C(=O)NC1(c2ccccc2)CC1,Neurokinin 3 receptor
COc1ccccc1N1CCN(C(=O)c2cc(-c3ccncc3)n[nH]2)CC1,Neurokinin 3 receptor
COC(=O)C(NC(=O)c1cc(-c2cc3ccccc3o2)nc2ccccc12)c1ccccc1,Neurokinin 3 receptor
COC(=O)C(NC(=O)c1cc(-c2nccs2)nc2ccccc12)c1ccccc1,Neurokinin 3 receptor
CC(C)(C)OC(=O)N[C@@H](Cc1ccccc1)C(=O)NC(Cc1ccccc1)C(=O)NCCCCCCCCO,Neurokinin 3 receptor
O=C(c1cc(-c2ccc(Cl)cc2)n[nH]1)N1CCn2c(nnc2-c2ccccn2)C1,Neurokinin 3 receptor
CCN(C(=O)Oc1ccc(F)cc1)[C@H]1CN(C(=O)C2CCN(c3ccc(C(F)(F)F)cn3)CC2)C[C@@H]1c1ccc(Cl)cc1,Neurokinin 3 receptor
CN(C)C(=O)C(NC(=O)c1cc(-c2ccccc2)nc2ccccc12)c1ccccc1,Neurokinin 3 receptor
COc1ccccc1N1CCN(C(=O)c2cc(-c3ccc(Cl)cc3)[nH]c2C)CC1,Neurokinin 3 receptor
CCN(C(=O)Oc1ccc(F)cc1)[C@@H]1CN(C(=O)C2CCN(c3cc(C#N)ccn3)CC2)C[C@H]1c1ccc(Cl)cc1,Neurokinin 3 receptor
CC(C)[C@H](OC(=O)N[C@](C)(Cc1ccccc1)C(=O)NCCCCCCCCO)c1ccccc1,Neurokinin 3 receptor
CCN(C(=O)Oc1ccc(F)cc1)[C@H]1CN(C(=O)C2CCN(c3ccc(C(C)=O)cn3)CC2)C[C@@H]1c1ccc(Cl)cc1,Neurokinin 3 receptor
CN(CC(C)(C)c1cc(C(F)(F)F)cc(C(F)(F)F)c1)[C@H]1CN(C(=O)N2CCN(S(C)(=O)=O)CC2)C[C@@H]1c1ccccc1,Neurokinin 3 receptor
CC[C@H](NC(=O)c1c(OCCN)c(-c2ccccc2)nc2ccccc12)c1ccccc1,Neurokinin 3 receptor
COC(=O)[C@H](NC(=O)c1cc(-c2ccccc2)nc2ccccc12)c1ccc(OC)cc1,Neurokinin 3 receptor
C[C@]1(COc2ccc(Cl)cn2)CN(C(=O)C2CCN(c3ccc(C#N)nc3)CC2)C[C@@H]1c1ccc(Cl)cc1,Neurokinin 3 receptor
CCN(C(=O)Oc1ccc(F)cc1)[C@@H]1CN(C(=O)C2CCN(c3ccc(C#N)nc3)CC2)C[C@H]1c1ccc(Cl)c(F)c1,Neurokinin 3 receptor
CC(C)CCC(=O)N[C@@H](Cc1c[nH]c2ccccc12)C(=O)N[C@@H](Cc1c[nH]c2ccccc12)C(N)=O,Neurokinin 3 receptor
Nc1c(-c2ccccc2)nc2ccccc2c1C(=O)N[C@H](c1ccccc1)C1CC1,Neurokinin 3 receptor
C[C@]1(COc2ccc(Cl)cn2)CN(C(=O)C2CCN(c3ccc(F)cn3)CC2)C[C@@H]1c1ccc(Cl)cc1,Neurokinin 3 receptor
Nc1c(-c2cccc(F)c2)nc2ccccc2c1C(=O)N[C@H](c1ccccc1)C1CC1,Neurokinin 3 receptor
CC(C)(C)OC(=O)N[C@@H](Cc1ccccc1)C(=O)N[C@](C)(Cc1ccccc1)C(=O)NCCCCCCCCS(C)(=O)=O,Neurokinin 3 receptor
COc1ccccc1N1CCN(C(=O)c2cc(-c3ccc(C(F)(F)F)cc3)n[nH]2)CC1,Neurokinin 3 receptor
CCN(C(=O)Oc1ccc(F)cc1)[C@@H]1CN(C(=O)C2CCN(c3ccc(C#N)nc3)CC2)C[C@H]1c1ccc(F)c(F)c1,Neurokinin 3 receptor
CC(C)C(=O)N1CCC(C(=O)N2C[C@H](c3ccc(Cl)cc3)[C@@](C)(N(C)C(=O)Oc3ccc(F)cc3)C2)CC1,Neurokinin 3 receptor
CC(C)c1nc(-c2nnc3n2CCN(C(=O)c2ccc(-c4cccs4)cc2)C3)cs1,Neurokinin 3 receptor
Cc1cccc(-c2nnc3n2CCN(C(=O)c2ccc(F)cc2)[C@@H]3C)n1,Neurokinin 3 receptor
COc1ccccc1N1CCN(C(=O)c2cc(C3CCCCC3)n[nH]2)CC1,Neurokinin 3 receptor
CN(Cc1ccc(F)cc1)C(=O)[C@@]1(c2ccc(Cl)c(Cl)c2)C[C@H]1CN1CCN(CCN2CCOCC2)CC1,Neurokinin 3 receptor
Cc1ccc(-c2cc(C(=O)NCc3ccc(F)cc3)c3ccccc3n2)cc1,Neurokinin 3 receptor
CSCC[C@H](NC(=O)/C(=C/CCNC(=O)[C@H](Cc1ccccc1)N(C)C(=O)[C@H](Cc1ccccc1)NC(=O)[C@H](CC(=O)O)NC(=O)CCC(=O)O)CC(C)C)C(N)=O,Neurokinin 3 receptor
CC[C@H](NC(=O)c1c([S+](C)[O-])c(-c2ccccc2F)nc2ccccc12)c1ccccc1,Neurokinin 3 receptor
C[C@]1(COc2ccc(Cl)cn2)CN(C(=O)C2CCN(c3ccc(Cl)cn3)CC2)C[C@@H]1c1ccc(Cl)cc1,Neurokinin 3 receptor
CCN(C(=O)Oc1ccc(F)cc1)[C@@H]1CN(C(=O)C2CCN(c3ccc(C#N)nn3)CC2)C[C@H]1c1ccc(F)c(F)c1,Neurokinin 3 receptor
CC1(C(=O)N2CCC(C(=O)N3C[C@@H](N(C(=O)Oc4ccc(F)cc4)C4CC4)[C@H](c4ccc(Cl)c(Cl)c4)C3)CC2)CC1,Neurokinin 3 receptor
CCN(C(=O)Oc1ccc(F)cc1)[C@@H]1CN(C(=O)C2CCN(C(=O)c3ccc(C#N)cc3)CC2)C[C@H]1c1ccc(Cl)c(F)c1,Neurokinin 3 receptor
CCN(C(=O)Oc1ccc(F)cc1)[C@@H]1CN(C(=O)C2CCN(C(=O)C3CCC3)CC2)C[C@H]1c1ccc(Cl)c(F)c1,Neurokinin 3 receptor
CCN(C(=O)Oc1ccc(F)cc1)[C@@H]1CN(C(=O)C2CCN(C(=O)C3CC3(C)C)CC2)C[C@H]1c1ccc(Cl)cc1,Neurokinin 3 receptor
COc1ccc(N2CCN(C(=O)c3cc(-c4ccc(Cl)cc4)n[nH]3)CC2)cc1,Neurokinin 3 receptor
CCN(C(=O)Oc1ccc(F)cc1)[C@@H]1CN(C(=O)C2CCN(c3ccc(Cl)cn3)CC2)C[C@H]1c1ccc(Cl)c(F)c1,Neurokinin 3 receptor
CN(C(=O)OC(C)(C)C)C(Cc1ccccc1)C(=O)N[C@@H](Cc1ccccc1)C(N)=O,Neurokinin 3 receptor
CCN(C(=O)Oc1ccc(F)cc1)[C@@H]1CN(C(=O)C2CCN(c3ccc(C#N)cn3)CC2)C[C@H]1c1ccc(Cl)cc1,Neurokinin 3 receptor
CN(C)C(=O)CCN1CCN(C[C@@H]2C[C@@]2(C(=O)N(C)Cc2ccc(F)cc2)c2ccc(Cl)c(Cl)c2)CC1,Neurokinin 3 receptor
CN(C(=O)Oc1ccc(F)cc1)[C@@H]1CN(C(=O)C2CCN(c3ccc(C#N)cc3)CC2)C[C@@]1(C)c1ccc(Cl)cc1,Neurokinin 3 receptor
CC(C)NC[C@@H]1C[C@@]1(C(=O)N(C)Cc1ccc(F)cc1)c1ccc(Cl)c(Cl)c1,Neurokinin 3 receptor
CCN(C(=O)Oc1ccc(F)cc1)[C@@H]1CN(C(=O)C2CCN(c3ccc(C(C)=O)cn3)CC2)C[C@H]1c1ccc(F)c(Cl)c1,Neurokinin 3 receptor
CC(Cc1ccccc1)(NC(=O)[C@@H](Cc1ccccc1)NC(=O)Cc1ccc(O)cc1)C(N)=O,Neurokinin 3 receptor
CCN(C(=O)Oc1ccc(F)cc1)[C@@H]1CN(C(=O)C2CCC(=O)N(C(C)C)C2)C[C@H]1c1ccc(Cl)c(F)c1,Neurokinin 3 receptor
CN(C(=O)OC(C)(C)C)C(Cc1ccccc1)C(=O)N[C@H](Cc1ccccc1)C(N)=O,Neurokinin 3 receptor
CCN(C(=O)Oc1ccc(F)cc1)[C@@H]1CN(C(=O)C2CCN(c3ccc(C#N)cn3)CC2)C[C@H]1c1ccc(Cl)c(F)c1,Neurokinin 3 receptor
CC(=O)NC1(c2ccccc2)CCN(CC2CC2(C(=O)N(C)Cc2ccccc2C)c2ccc(Cl)c(Cl)c2)CC1,Neurokinin 3 receptor
COC(=O)C(Cc1ccccc1)NC(=O)c1cc(-c2ccccc2)nc2ccccc12,Neurokinin 3 receptor
O=C(NC(CO)c1ccccc1)c1cc(-c2ccccc2)nc2ccccc12,Neurokinin 3 receptor
Nc1c(-c2ccccc2)nc2ccccc2c1C(=O)N[C@H](c1ccccc1F)C1CC1,Neurokinin 3 receptor
CCN(C(=O)Oc1ccc(F)cc1)[C@@H]1CN(C(=O)C2CCN(C(=O)[C@@H]3CC(=O)N3)CC2)C[C@H]1c1ccc(F)c(F)c1,Neurokinin 3 receptor
C[C@]1(COc2ccc(Cl)cn2)CN(C(=O)c2ccc(C#N)nc2)C[C@@H]1c1ccc(Cl)cc1,Neurokinin 3 receptor
Cc1cccc(-c2nc3c(NCc4ccccc4)nccc3[nH]2)c1,Neurokinin 3 receptor
COC(=O)C(NC(=O)c1cc(-c2ccccc2O)nc2ccccc12)c1ccccc1,Neurokinin 3 receptor
CC(C)(C)OC(=O)N[C@@H](Cc1ccccc1)C(=O)N[C@@](C)(Cc1ccccc1)C(N)=O,Neurokinin 3 receptor
CC(C)(C)OC(=O)N[C@@H](Cc1ccccc1)C(=O)N[C@@](C)(Cc1ccccc1)C(=O)NCCCCCCCCO,Neurokinin 3 receptor
C[S+]([O-])c1c(-c2ccccc2)nc2ccccc2c1C(=O)N[C@H](c1ccncc1)C1CC1,Neurokinin 3 receptor
CCN(C(=O)Oc1ccc(F)cc1)[C@@H]1CN(C(=O)C2CCN(C(=O)[C@@H]3CC(=O)N3)CC2)C[C@H]1c1ccc(Cl)cc1,Neurokinin 3 receptor
COC(=O)C(c1ccccc1)N(C)C(=O)c1cc(-c2ccccc2)nc2ccccc12,Neurokinin 3 receptor
CCC(NC(=O)c1c(C)c(-c2ccccc2)nc2ccccc12)c1ccccc1,Neurokinin 3 receptor
CN(C(=O)Oc1ccc(F)cc1)[C@@]1(C)CN(C(=O)C2CCN(C3CCCCC3)CC2)C[C@@H]1c1ccc(Cl)cc1,Neurokinin 3 receptor
C[C@]1(COc2ccc(Cl)cn2)CN(C(=O)c2ccnc(Cl)c2)C[C@@H]1c1ccc(Cl)cc1,Neurokinin 3 receptor
CCN(C(=O)Oc1ccc(F)cc1)[C@@H]1CN(C(=O)C2CCN(c3ccc(F)cn3)CC2)C[C@H]1c1ccc(Cl)c(Cl)c1,Neurokinin 3 receptor
CC[C@H](NC(=O)c1c(NS(C)(=O)=O)c(-c2ccccc2O)nc2ccccc12)c1ccccc1,Neurokinin 3 receptor
CC(=O)NC1(c2ccccc2)CCN(C[C@@H]2C[C@@]2(C(=O)N(C)Cc2ccc(F)cc2)c2ccc(C#N)cc2)CC1,Neurokinin 3 receptor
Cc1coc(-c2nnc3n2CCN(C(=O)c2ccc(-c4cccs4)cc2)[C@@H]3C)n1,Neurokinin 3 receptor
CCN(C(=O)Oc1ccc(F)cc1)[C@H]1CN(C(=O)C2CCN(c3cc(C#N)ccn3)CC2)C[C@@H]1c1ccc(Cl)cc1,Neurokinin 3 receptor
CC(C)(C)OC(=O)N[C@@H](Cc1ccccc1)C(=O)NC(C)(Cc1ccccc1)C(N)=O,Neurokinin 3 receptor
CC(=O)c1ccc(N2CCC(C(=O)N3C[C@@H](N(C(=O)Oc4ccc(F)cc4)C(C)C)[C@H](c4ccc(Cl)cc4)C3)CC2)nc1,Neurokinin 3 receptor
C[C@]1(COc2ccc(Cl)cn2)CN(C(=O)C2CCN(c3ccc(C(F)(F)F)cn3)CC2)C[C@@H]1c1ccc(Cl)cc1,Neurokinin 3 receptor
CC(=O)NC1(c2ccccc2)CCN(CC2CC2(C(=O)N(C)Cc2ccc(C(F)(F)F)cc2)c2ccc(Cl)c(Cl)c2)CC1,Neurokinin 3 receptor
CCN(C(=O)Oc1ccc(F)cc1)[C@@H]1CN(C(=O)C2CCN(c3cnc(C#N)cn3)CC2)C[C@H]1c1ccc(Cl)cc1,Neurokinin 3 receptor
NC(=O)COc1ccccc1N1CCN(C(=O)c2cc(-c3ccc(Cl)cc3)n[nH]2)CC1,Neurokinin 3 receptor
CC(C)(C)OC(=O)N[C@@H](Cc1ccccc1)C(=O)NC(C)(Cc1ccccc1)C(=O)NCCCCCCCO,Neurokinin 3 receptor
COc1ccccc1N1CCN(C(=O)c2cc(-c3ccc(Cl)cc3)n[nH]2)[C@@H](C)C1,Neurokinin 3 receptor
c1ccc(CNc2nccc3[nH]c(-c4ccccc4)nc23)cc1,Neurokinin 3 receptor
CCN(C(=O)Oc1ccc(F)cc1)[C@@H]1CN(C(=O)C2CCN(C(=O)C3(C(F)(F)F)CCC3)CC2)C[C@H]1c1ccc(Cl)c(F)c1,Neurokinin 3 receptor
CCC(C(=O)Oc1ccc(F)cc1)[C@@H]1CN(C(=O)C2CCN(c3ccc(C(N)=O)cn3)CC2)C[C@H]1c1ccc(Cl)c(F)c1,Neurokinin 3 receptor
COC(=O)C(NC(=O)c1cc(-c2ccc[nH]2)nc2ccccc12)c1ccccc1,Neurokinin 3 receptor
C[C@]1(COc2ccc(Cl)cn2)CN(C(=O)c2ccc(C#N)cc2)C[C@@H]1c1ccc(Cl)cc1,Neurokinin 3 receptor
CCC(NC(=O)c1cc(-c2ccccc2)nc2ccccc12)c1ccccc1,Neurokinin 3 receptor
COC(=O)C(NC(=O)c1nc(-c2ccccc2)nc2ccccc12)c1ccccc1,Neurokinin 3 receptor
CC(C)(C)OC(=O)N[C@@](C)(Cc1ccccc1)C(=O)N[C@@H](Cc1ccccc1)C(=O)NCCCCCCCCO,Neurokinin 3 receptor
CSCC[C@H](NC(=O)[C@H](CC(C)C)NC(=N)CNC(=O)[C@H](Cc1ccccc1)N(C)C(=O)[C@H](Cc1ccccc1)NC(=O)[C@H](CC(=O)O)NC(=O)CCC(=O)O)C(N)=O,Neurokinin 3 receptor
CC[C@H](NC(=O)c1c(CN(C)S(C)(=O)=O)c(-c2ccccc2)nc2ccccc12)c1cccc(F)c1,Neurokinin 3 receptor
CC(=O)NC1(c2ccccc2)CCN(C[C@@H]2C[C@@]2(C(=O)N(C)Cc2ccc(F)cc2)c2ccc(F)c(F)c2)CC1,Neurokinin 3 receptor
CC(C)(C)OC(=O)N[C@@H](Cc1ccccc1)C(=O)N[C@](C)(Cc1ccccc1)C(=O)NCCCCCCCNS(C)(=O)=O,Neurokinin 3 receptor
CN(C(=O)[C@@H](Cc1ccccc1)NC(=O)OC(C)(C)C)C(Cc1ccccc1)C(N)=O,Neurokinin 3 receptor
CC(=O)NC1(c2ccccc2)CCN(C[C@@H]2C[C@@]2(C(=O)N(C)Cc2ccc(F)cc2)c2ccc(Cl)cc2)CC1,Neurokinin 3 receptor
Cc1cc(C(=O)N2C[C@H](c3ccc(Cl)cc3)[C@@](C)(N(C)C(=O)Oc3ccc(F)cc3)C2)cnn1,Neurokinin 3 receptor
CC(=O)NC1(c2ccccc2)CCN(CC2CC2(C(=O)N(C)Cc2cccc(Cl)c2Cl)c2ccc(Cl)c(Cl)c2)CC1,Neurokinin 3 receptor
CC[C@H](NC(=O)c1c(CN(C)S(C)(=O)=O)c(-c2cccc(F)c2)nc2ccccc12)c1ccccc1,Neurokinin 3 receptor
O=C(c1cc(-c2ccc(Cl)cc2)n[nH]1)N1CCN(c2ccccc2C(F)(F)F)CC1,Neurokinin 3 receptor
NC(=O)c1ccccc1N1CCN(C(=O)c2cc(-c3ccc(Cl)cc3)n[nH]2)CC1,Neurokinin 3 receptor
CSCC[C@@H](NC(=O)[C@H](CC(C)C)NC(=O)CNC(=O)[C@H](Cc1ccccc1)NC(=O)[C@H](Cc1ccccc1)NC(=O)Cc1ccc(O)cc1)C(N)=O,Neurokinin 3 receptor
COC(=O)N(NC(=O)c1c(OC)c(-c2ccccc2)nc2ccccc12)c1ccccc1F,Neurokinin 3 receptor
CC(=O)NC1(c2ccccc2)CCN(C[C@@H]2C[C@@]2(C(=O)N(C)Cc2ccc(F)cc2)c2ccc(Cl)c(Cl)c2)CC1,Neurokinin 3 receptor
CCN(C(=O)Oc1ccccc1F)[C@@H]1CN(C(=O)C2CCN(C(=O)C3(C)COC3)CC2)C[C@H]1c1ccc(Cl)cc1,Neurokinin 3 receptor
CCN(C(=O)Oc1ccc(F)cc1)[C@H]1CN(C(=O)C2CCN(c3ccc(C#N)nn3)CC2)C[C@@H]1c1ccc(Cl)cc1,Neurokinin 3 receptor
CC(=O)NC1(c2ccccc2)CCN(CC2CC2(C(=O)N(C)Cc2cc(Cl)cc(Cl)c2)c2ccc(Cl)c(Cl)c2)CC1,Neurokinin 3 receptor
CC[C@@H](NC(=O)c1c(F)c(-c2ccccc2)nc2ccccc12)c1ccccc1,Neurokinin 3 receptor
CCN(C(=O)Oc1ccc(F)cc1)[C@@H]1CN(C(=O)C2CCN(C(=O)c3ccc(C(F)(F)F)cn3)CC2)C[C@H]1c1ccc(Cl)c(F)c1,Neurokinin 3 receptor
NC(=O)C(NC(=O)c1cc(-c2ccccc2)nc2ccccc12)c1ccccc1,Neurokinin 3 receptor
CCN(C(=O)Oc1ccc(F)cc1)[C@@H]1CN(C(=O)C2CCN(c3ccc(F)cn3)CC2)C[C@H]1c1ccc(F)c(F)c1,Neurokinin 3 receptor
CC(C)[C@H](OC(=O)N[C@@](C)(Cc1cccc(F)c1F)C(=O)NCCCCCCCNC(N)=O)c1ccccc1,Neurokinin 3 receptor
CC[C@H](NC(=O)c1c([S+](C)[O-])c(-c2ccccc2)nc2cc(Cl)ccc12)c1ccccc1,Neurokinin 3 receptor
CN(Cc1ccccc1)C(=O)[C@@]1(c2ccc(Cl)c(Cl)c2)C[C@H]1CN1CCC(c2ccccc2)(N(C)C(=O)C(N)=O)CC1,Neurokinin 3 receptor
COc1ccccc1N1CCN(C(=O)c2cc(-c3ccccn3)n[nH]2)CC1,Neurokinin 3 receptor
CCN(C(=O)Oc1ccc(F)cc1)[C@@H]1CN(C(=O)C2CCN(C(=O)C3CCOC(C)(C)C3)CC2)C[C@H]1c1ccc(Cl)cc1,Neurokinin 3 receptor
CN(C(=O)Oc1ccc(F)cc1)[C@@]1(C)CN(C(=O)C2CCN(c3ccc(C#N)nc3)CC2)C[C@@H]1c1ccc(Cl)cc1,Neurokinin 3 receptor
CSCC[C@H](NC(=O)[C@H](CC(C)C)N/C(CNC(=O)[C@H](Cc1ccccc1)N(C)C(=O)[C@H](Cc1ccccc1)NC(=O)[C@H](CC(=O)O)NC(=O)CCC(=O)O)=NO)C(N)=O,Neurokinin 3 receptor
CCN(C(=O)Oc1ccc(F)cc1)[C@@H]1CN(C(=O)C2CCN(C(=O)C3(C#N)CC3)CC2)C[C@H]1c1ccc(Cl)cc1,Neurokinin 3 receptor
CC(=O)N1CCC(C(=O)N2C[C@H](c3ccc(Cl)cc3)[C@@](C)(N(C)C(=O)Oc3ccc(F)cc3)C2)CC1,Neurokinin 3 receptor
CC[C@H](NC(=O)c1c([S+](C)[O-])c(-c2ccccc2)nc2cc(N(C)C)ccc12)c1ccccc1,Neurokinin 3 receptor
CCN(C(=O)Oc1ccc(F)cc1)[C@@H]1CN(C(=O)C2CCN(c3ccc(C#N)cn3)CC2)C[C@H]1c1ccc(F)cc1,Neurokinin 3 receptor
CN(C(=O)Oc1ccc(F)cc1)[C@@]1(C)CN(C(=O)C2CCN(c3ccc(C(F)(F)F)cn3)CC2)C[C@@H]1c1ccc(Cl)cc1,Neurokinin 3 receptor
CCCCCCCC(NC(=O)c1cc(-c2ccccc2)nc2ccccc12)c1ccccc1,Neurokinin 3 receptor
COC(=O)NC1(c2ccccc2)CCN(C[C@@H]2C[C@@]2(C(=O)N(C)Cc2ccccc2)c2ccc(Cl)c(Cl)c2)CC1,Neurokinin 3 receptor
CCN(C(=O)Oc1ccc(F)cc1)[C@@H]1CN(C(=O)C2CCN(C(=O)c3ccc(F)cc3)CC2)C[C@H]1c1ccc(Cl)c(F)c1,Neurokinin 3 receptor
CSCC[C@H](NC(=O)[C@@H](/C=C/CNC(=O)[C@H](Cc1ccccc1)N(C)C(=O)[C@H](Cc1ccccc1)NC(=O)[C@H](CC(=O)O)NC(=O)CCC(=O)O)CC(C)C)C(N)=O,Neurokinin 3 receptor
CCOC(=O)COc1c(-c2ccccc2)nc2ccccc2c1C(=O)N[C@@H](CC)c1ccccc1,Neurokinin 3 receptor
CCN(C(=O)Oc1ccc(F)cc1)[C@@H]1CN(C(=O)C2CCN(C(=O)C3CCOC(C)(C)C3)CC2)C[C@H]1c1ccc(Cl)c(F)c1,Neurokinin 3 receptor
CC[C@H](NC(=O)c1c(Br)c(-c2ccccc2)nc2ccccc12)c1ccccc1,Neurokinin 3 receptor
CC(=O)NC1(c2ccccc2)CCN(CC2CC2(C(=O)N(C)Cc2cccc(Cl)c2)c2ccc(Cl)c(Cl)c2)CC1,Neurokinin 3 receptor
CCCCCCCCCNC(=O)C(C)(Cc1ccccc1)NC(=O)[C@H](Cc1ccccc1)NC(=O)OC(C)(C)C,Neurokinin 3 receptor
C=Cc1nc(-c2nnc3n2CCN(C(=O)c2ccc(-c4ccccc4)cc2)C3)cs1,Neurokinin 3 receptor
CC(C)C(OC(=O)N[C@](C)(Cc1c[nH]c2ccccc12)C(=O)N[C@@H](C)c1ccccc1)c1ccccc1,Neurokinin 3 receptor
CC[C@H](NC(=O)c1c([S+](C)[O-])c(-c2cncs2)nc2ccccc12)c1ccccc1,Neurokinin 3 receptor
CC(C)(C)CNC(=O)C1(Cc2ccccc2)CCc2ccc(Cc3ccccc3)cc21,Neurokinin 3 receptor
CC(=O)NC1(c2ccccc2)CCN(CC2CC2(C(=O)N(C)Cc2ccc(Cl)c(Cl)c2)c2ccc(Cl)c(Cl)c2)CC1,Neurokinin 3 receptor
CCN(NC(=O)c1c(OC)c(-c2ccccc2)nc2ccccc12)c1ccccc1,Neurokinin 3 receptor
CCN(C(=O)Oc1ccc(F)cc1)[C@@H]1CN(C(=O)C2CCN(c3ccc(C(C)=O)cn3)CC2)C[C@H]1c1ccc(F)c(F)c1,Neurokinin 3 receptor
CNC(=O)C(NC(=O)c1cc(-c2ccccc2)nc2ccccc12)c1ccccc1,Neurokinin 3 receptor
COc1ccc(CN(C)C(=O)C2(c3ccc(Cl)c(Cl)c3)CC2CN2CCC(NC(C)=O)(c3ccccc3)CC2)c(OC)c1,Neurokinin 3 receptor
CCN(C(=O)Oc1ccc(F)cc1)[C@@H]1CN(C(=O)C2CCN(C(=O)C3(C(F)(F)F)CC3)CC2)C[C@H]1c1ccc(Cl)cc1,Neurokinin 3 receptor
CC(C)(C)OC(=O)N[C@@H](Cc1ccccc1)C(=O)NC(C)(Cc1ccccc1)C(=O)NCCCCc1ccccc1,Neurokinin 3 receptor
CC(=O)NC1(c2ccccc2)CCN(CC2CC2(C(=O)N(C)Cc2ccsc2)c2ccc(Cl)c(Cl)c2)CC1,Neurokinin 3 receptor
CC(=O)NC1(c2ccccc2)CCN(CC2CC2(C(=O)N(C)Cc2ccc(C)cc2)c2ccc(Cl)c(Cl)c2)CC1,Neurokinin 3 receptor
CCC1c2nnc(-c3nc(C)ns3)n2CCN1C(=O)c1ccc(F)cc1,Neurokinin 3 receptor
CCN(C(=O)Oc1ccccc1F)[C@@H]1CN(C(=O)C2CCN(C(=O)c3ccc(C(F)(F)F)cn3)CC2)C[C@H]1c1ccc(Cl)cc1,Neurokinin 3 receptor
COC(=O)C(NC(=O)c1cc(-c2ccco2)nc2ccccc12)c1ccccc1,Neurokinin 3 receptor
COc1ccccc1N1CCN(C(=O)c2cc(-c3cccc(F)c3)n[nH]2)CC1,Neurokinin 3 receptor
CN(Cc1ccc(Cl)cc1)C(=O)[C@@H](CCN1CCC2(CC1)OC(=O)N(C)c1ccc(F)cc12)c1ccc(Cl)c(Cl)c1,Neurokinin 3 receptor
O=C(NC1(c2ccccc2)CCCC1)c1cc(-c2ccccc2)nc2ccccc12,Neurokinin 3 receptor
COC(=O)C(NC(=O)c1cc(C2CCCCC2)nc2ccccc12)c1ccccc1,Neurokinin 3 receptor
CCN(C(=O)Oc1ccc(F)cc1)[C@H]1CN(C(=O)C2CCN(c3ccc(S(C)(=O)=O)cn3)CC2)C[C@@H]1c1ccc(Cl)cc1,Neurokinin 3 receptor
CCN(C(=O)Oc1ccc(F)cc1)[C@@H]1CN(C(=O)C2CCN(c3ccc(C(F)(F)F)cn3)CC2)C[C@H]1c1ccc(F)c(Cl)c1,Neurokinin 3 receptor
COc1ccc(N2CCC(C(=O)N3C[C@H](c4ccc(Cl)cc4)[C@@](C)(N(C)C(=O)Oc4ccc(F)cc4)C3)CC2)nn1,Neurokinin 3 receptor
CC[C@H](NC(=O)c1c(N)c(-c2ccccc2)nc2ccccc12)c1ccccc1,Neurokinin 3 receptor
CC(=O)NC1(c2ccccc2)CCN(C[C@@H]2C[C@@]2(C(=O)N(C)Cc2ccc(F)cc2)c2ccc(F)cc2)CC1,Neurokinin 3 receptor
COC(=O)C(NC(=O)c1cc(-c2ccsc2)nc2ccccc12)c1ccccc1,Neurokinin 3 receptor
CC[C@H](NC(=O)c1c(NC(C)=O)c(-c2ccccc2)nc2ccccc12)c1ccccc1,Neurokinin 3 receptor
CCN(C(=O)Oc1ccc(F)cc1)[C@@H]1CN(C(=O)C2CCN(c3ccc(C(N)=O)cn3)CC2)C[C@H]1c1ccc(Cl)cc1,Neurokinin 3 receptor
CCN(C(=O)Oc1ccc(F)cc1)[C@@H]1CN(C(=O)C2CCN(c3ccc(C(F)(F)F)cn3)CC2)C[C@H]1c1ccc(Cl)c(F)c1,Neurokinin 3 receptor
CC(C)C(NC(=O)c1cc(-c2ccccc2)nc2ccccc12)c1ccccc1,Neurokinin 3 receptor
CCN(C(=O)Oc1ccc(F)cc1)[C@@H]1CN(C(=O)C2CCN(C(=O)C3CCC3)CC2)C[C@H]1c1ccc(Cl)cc1,Neurokinin 3 receptor
C[C@]1(COc2ccc(Cl)cn2)CN(C(=O)C2CCN(c3ccc(C#N)cn3)CC2)C[C@@H]1c1ccc(Cl)cc1,Neurokinin 3 receptor
COc1ccc(C(=O)N2CCn3c(nnc3-c3ccccn3)C2)cc1,Neurokinin 3 receptor
Cc1nsc(-c2nnc3n2CCN(C(=O)c2ccc(F)cc2)C3CCO)n1,Neurokinin 3 receptor
CCN(C(=O)Oc1ccc(F)cc1)[C@H]1CN(C(=O)C2CCN(c3cnc(C#N)cn3)CC2)C[C@@H]1c1ccc(Cl)cc1,Neurokinin 3 receptor
CCN(C(=O)Oc1ccc(F)cc1)[C@@H]1CN(C(=O)C2CCN(C(=O)C3CCC(=O)N(C(C)C)C3)CC2)C[C@H]1c1ccc(Cl)cc1,Neurokinin 3 receptor
C=Cc1nc(-c2nnc3n2CCN(C(=O)c2ccc(-c4cccs4)cc2)[C@@H]3C)cs1,Neurokinin 3 receptor
CN(C(=O)Oc1ccc(F)cc1)[C@@]1(C)CN(C(=O)C2CCN(c3ccc(Cl)cn3)CC2)C[C@@H]1c1ccc(Cl)cc1,Neurokinin 3 receptor
CCN(C(=O)Oc1ccc(F)cc1)[C@@H]1CN(C(=O)C2CCN(C(=O)CC#N)CC2)C[C@H]1c1ccc(Cl)cc1,Neurokinin 3 receptor
CCN(C(=O)Oc1ccc(F)cc1)[C@@H]1CN(C(=O)C2CCN(c3ccc(Cl)cn3)CC2)C[C@H]1c1ccc(F)c(Cl)c1,Neurokinin 3 receptor
CC(=O)NC1(c2ccccc2)CCN(C[C@@H]2C[C@@]2(C(=O)N(C)Cc2ccc(F)cc2)c2ccc(C)c(C)c2)CC1,Neurokinin 3 receptor
COC(=O)C(NC(=O)c1c2c(nc3ccccc13)-c1ccccc1CCC2)c1ccccc1,Neurokinin 3 receptor
CC(C)N(C(=O)Oc1ccc(F)cc1)[C@@H]1CN(C(=O)C2CCN(c3ccc(C#N)nn3)CC2)C[C@H]1c1ccc(Cl)cc1,Neurokinin 3 receptor
COCCCCCCCCNC(=O)C(Cc1ccccc1)NC(=O)[C@](C)(Cc1ccccc1)NC(=O)OC(C)(C)C,Neurokinin 3 receptor
CCN(C(=O)Oc1ccc(F)cc1)[C@@H]1CN(C(=O)C2CCN(C(=O)c3ccc(F)cn3)CC2)C[C@H]1c1ccc(Cl)c(F)c1,Neurokinin 3 receptor
COc1ccccc1N1CCN(C(=O)c2cc(Cc3ccccc3)n[nH]2)CC1,Neurokinin 3 receptor
CCN(C(=O)Oc1ccc(F)cc1)[C@@H]1CN(C(=O)C2CCN(C(=O)C3CC(OC)C3)CC2)C[C@H]1c1ccc(Cl)cc1,Neurokinin 3 receptor
CC(C)(C)OC(=O)N[C@@](C)(Cc1ccccc1)C(=O)NC(Cc1ccccc1)C(=O)NCCCCCCCC(=O)O,Neurokinin 3 receptor
O=C(NC(c1ccccc1)C(F)(F)F)c1cc(-c2ccccc2)nc2ccccc12,Neurokinin 3 receptor
CCN(C(=O)Oc1ccc(F)cc1)[C@@H]1CN(C(=O)C2CCN(C(=O)c3cnc(C(F)(F)F)cn3)CC2)C[C@H]1c1ccc(Cl)c(F)c1,Neurokinin 3 receptor
CC(C)CCC(=O)N[C@@H](Cc1ccccc1)C(=O)N[C@@H](Cc1c[nH]c2ccccc12)C(N)=O,Neurokinin 3 receptor
COc1c(-c2ccccc2)nc2ccccc2c1C(=O)NNc1ccccc1,Neurokinin 3 receptor
CN(C(=O)C(C)(C)c1cc(C(F)(F)F)cc(C(F)(F)F)c1)[C@H]1CN(Cc2ccccc2)C[C@@H]1c1ccc(F)cc1,Neurokinin 3 receptor
O=C(c1cccc(F)c1)N1CCn2c(nnc2-c2ccccn2)C1,Neurokinin 3 receptor
COC(=O)C(NC(=O)c1cc(-c2ccc(C)cc2)nc2ccccc12)c1ccccc1,Neurokinin 3 receptor
COC(=O)C(NC(=O)c1cc(-c2ccncc2)nc2ccccc12)c1ccccc1,Neurokinin 3 receptor
O=C(c1ccc(-c2ccc(Cl)cc2)cc1)N1CCn2c(nnc2-c2ccccn2)C1,Neurokinin 3 receptor
Cc1cccnc1-c1nnc2n1CCN(C(=O)c1ccc(F)cc1)C2,Neurokinin 3 receptor
CCN(C(=O)Oc1ccc(F)cc1)[C@@H]1CN(C(=O)C2CCN(C(=O)C3(C#N)CC3)CC2)C[C@H]1c1ccc(Cl)c(F)c1,Neurokinin 3 receptor
CCOC(=O)N(NC(=O)c1c(OC)c(-c2ccccc2)nc2ccccc12)c1ccccc1,Neurokinin 3 receptor
CCN(C(=O)Oc1ccc(F)cc1)[C@@H]1CN(C(=O)C2CCN(C(=O)C3(C(F)(F)F)CC3)CC2)C[C@H]1c1ccc(Cl)c(F)c1,Neurokinin 3 receptor
Nc1c(-c2cccc(F)c2)nc2ccccc2c1C(=O)NC(c1ccccc1)C1CC1,Neurokinin 3 receptor
CCOC(=O)c1nn(C)c2c1CN(C(=O)c1cc(-c3ccccc3)nc3ccccc13)CC2,Neurokinin 3 receptor
C[C@@H]1c2nnc(-c3coc(C4CC4)n3)n2CCN1C(=O)c1ccc(-c2cccs2)cc1,Neurokinin 3 receptor
Cc1coc(-c2nnc3n2CCN(C(=O)c2ccc(-c4ccccc4)cc2)[C@@H]3C)n1,Neurokinin 3 receptor
CN(Cc1ccc(F)cc1)C(=O)[C@@]1(c2ccc(Cl)c(Cl)c2)C[C@H]1CN1CCN(C(=O)CN2CCCCC2)CC1,Neurokinin 3 receptor
CC(=O)C(NC(=O)c1cc(-c2ccccc2)nc2ccccc12)c1ccccc1,Neurokinin 3 receptor
COC(=O)C(NC(=O)c1cc(-c2ccc(OC)cc2)nc2ccccc12)c1ccccc1,Neurokinin 3 receptor
CC(NC(=O)c1cc(-c2ccccc2)nc2ccccc12)c1ccccc1,Neurokinin 3 receptor
Cc1ccccc1N1CCN(C(=O)c2cc(-c3ccc(Cl)cc3)n[nH]2)CC1,Neurokinin 3 receptor
CCCCC(NC(=O)c1cc(-c2ccccc2)cc2ccccc12)c1ccccc1,Neurokinin 3 receptor
CC(C)(C)OC(=O)N[C@@H](Cc1ccccc1)C(=O)N[C@](C)(Cc1ccccc1)C(=O)NCCc1ccccc1OCC(N)=O,Neurokinin 3 receptor
CC[C@H](NC(=O)c1c([S+](C)[O-])c(-c2cc[nH]n2)nc2ccccc12)c1ccccc1,Neurokinin 3 receptor
COc1ccccc1N1CCN(C(=O)c2cc(-c3ccc(Cl)cc3)n[nH]2)CC1(C)C,Neurokinin 3 receptor
C[C@@H]1c2nnc(-c3ccccn3)n2CCN1C(=O)c1ccc(F)cc1,Neurokinin 3 receptor
CCCNC[C@@H]1C[C@@]1(C(=O)N(C)Cc1ccc(F)cc1)c1ccc(Cl)c(Cl)c1,Neurokinin 3 receptor
CN(CCc1cc(C(F)(F)F)cc(C(F)(F)F)c1)[C@H]1CN(C(=O)N2CCN(S(C)(=O)=O)CC2)C[C@@H]1c1ccccc1,Neurokinin 3 receptor
Nc1c(-c2ccccc2)nc2ccccc2c1C(=O)NC(c1cccc(F)c1)C1CC1,Neurokinin 3 receptor
CN(Cc1ccc(F)cc1)C(=O)[C@@]1(c2ccc(Cl)c(Cl)c2)C[C@H]1CN1CCN(S(=O)(=O)N2CCCC2)CC1,Neurokinin 3 receptor
CC(C)(C)OC(=O)N[C@@H](Cc1ccccc1)C(=O)N[C@@H](Cc1c[nH]c2ccccc12)C(N)=O,Neurokinin 3 receptor
CCN(C(=O)Oc1ccc(F)cc1)[C@@H]1CN(C(=O)C2CCN(C(C)=O)CC2)C[C@H]1c1ccc(Cl)c(F)c1,Neurokinin 3 receptor
N#Cc1cnc(N2CCC(C(=O)N3C[C@@H](N(C(=O)Oc4ccc(F)cc4)C4CC4)[C@H](c4ccc(Cl)cc4)C3)CC2)cn1,Neurokinin 3 receptor
CC(=O)N(C)C1(c2ccccc2)CCN(C[C@@H]2C[C@@]2(C(=O)N(C)Cc2ccccc2)c2ccc(Cl)c(Cl)c2)CC1,Neurokinin 3 receptor
CCN(C(=O)Oc1ccc(F)cc1)[C@@H]1CN(C(=O)C2CCN(c3ccc(C(C)=O)cn3)CC2)C[C@H]1c1ccc(F)cc1,Neurokinin 3 receptor
O=C(c1ccc(Cc2ccccc2)cc1)N1CCn2c(nnc2-c2ccccn2)C1,Neurokinin 3 receptor
CCN(C(=O)Oc1ccc(F)cc1)[C@@H]1CN(C(=O)C2CCN(c3ccc(S(C)(=O)=O)cn3)CC2)C[C@H]1c1ccc(Cl)cc1,Neurokinin 3 receptor
CCN(C(=O)Oc1ccc(F)cc1)[C@@H]1CN(C(=O)C2CCN(c3ccc(C(C)=O)cn3)CC2)C[C@H]1c1ccc(Cl)c(F)c1,Neurokinin 3 receptor
O=C(c1cc(-c2ccc(Cl)cc2)n[nH]1)N1CCN(c2ccccc2OCc2cccc(F)c2)CC1,Neurokinin 3 receptor
CC(C)(C)OC(=O)N[C@@H](Cc1ccccc1)C(=O)NC(C)(Cc1ccccc1)C(=O)NCc1ccccc1,Neurokinin 3 receptor
COc1ccccc1N1CCN(C(=O)c2cc(-c3ccc(S(C)(=O)=O)cc3)n[nH]2)CC1,Neurokinin 3 receptor
CCN(C(=O)Oc1ccc(F)cc1)[C@@H]1CN(C(=O)C2CCN(C(=O)C3CC(F)(F)C3)CC2)C[C@H]1c1ccc(Cl)cc1,Neurokinin 3 receptor
COc1ccc2c(CNCc3ccccc3)cc(-c3ccccc3)nc2c1,Neurokinin 3 receptor
CC[C@H](NC(=O)c1c([S+]([O-])CC)c(-c2ccccc2)nc2ccccc12)c1ccccc1,Neurokinin 3 receptor
CC(C)(C)OC(=O)NC(C)(Cc1ccccc1)C(=O)N[C@H](Cc1ccccc1)C(N)=O,Neurokinin 3 receptor
CC[C@H](NC(=O)c1c(N)c(-c2ccccc2F)nc2ccccc12)c1ccccc1,Neurokinin 3 receptor
COC(=O)N(NC(=O)c1c(O)c(-c2ccccc2)nc2ccccc12)c1ccccc1,Neurokinin 3 receptor
CN(C(=O)Oc1ccc(F)cc1)[C@@]1(C)CN(C(=O)C2CCOCC2)C[C@@H]1c1ccc(Cl)cc1,Neurokinin 3 receptor
Cc1noc(-c2ccc(C(=O)N3C[C@H](c4ccc(Cl)cc4)[C@@](C)(COc4ccc(Cl)cn4)C3)cc2)n1,Neurokinin 3 receptor
CN(Cc1ccc(F)cc1)C(=O)[C@@]1(c2ccc(Cl)c(Cl)c2)C[C@H]1CN1CC(N2CCN(S(=O)(=O)N(C)C)CC2)C1,Neurokinin 3 receptor
CC(=O)NC1(c2ccccc2)CCN(C[C@@H]2C[C@@]2(C(=O)N(C)Cc2ccc(F)cc2)c2ccc(C(F)(F)F)cc2)CC1,Neurokinin 3 receptor
CN(Cc1ccc(F)cc1)C(=O)[C@@]1(c2ccc(Cl)c(Cl)c2)C[C@H]1CN1CCN(C(=O)CN2CCCC2)CC1,Neurokinin 3 receptor
CC(C)[C@H](OC(=O)N[C@](C)(Cc1ccccc1)C(=O)N[C@@H](C)c1ccccc1)c1ccccc1,Neurokinin 3 receptor
CCC(=O)N(NC(=O)c1c(OC)c(-c2ccccc2)nc2ccccc12)c1ccccc1,Neurokinin 3 receptor
CN(Cc1c(-c2cccc(F)c2)nc2ccccc2c1C(=O)N[C@H](c1cccc(F)c1)C1CC1)S(C)(=O)=O,Neurokinin 3 receptor
COC(=O)C(NC(=O)c1cc(-c2ccccc2OC)nc2ccccc12)c1ccccc1,Neurokinin 3 receptor
CN(Cc1ccccc1)C(=O)[C@@]1(c2ccc(Cl)c(Cl)c2)C[C@H]1CN1CCC(C(=O)N2CCCCC2)(c2ccccc2)CC1,Neurokinin 3 receptor
CCCCCCc1c(-c2ccccc2)nc2ccccc2c1C(=O)NC(CC)c1ccccc1,Neurokinin 3 receptor
CC(C)[C@@H](OC(=O)N[C@](C)(Cc1ccccc1)C(=O)NCCCCCCCCO)c1ccccc1,Neurokinin 3 receptor
COc1c(-c2ccccc2)nc2ccccc2c1C(=O)NN(C)c1ccccc1,Neurokinin 3 receptor
COc1ccc2c(C(=O)NCCc3ccccc3)cc(-c3ccccc3)nc2c1,Neurokinin 3 receptor
C[C@]1(COc2ccc(Cl)cn2)CN(C(=O)C2CCOCC2)C[C@@H]1c1ccc(Cl)cc1,Neurokinin 3 receptor
CCN(C(=O)Oc1ccc(F)cc1)[C@@H]1CN(C(=O)C2CCN(C(=O)C3CCC(=O)NC3)CC2)C[C@H]1c1ccc(Cl)cc1,Neurokinin 3 receptor
CSCC[C@H](NC(=O)[C@@H](CCCNC(=O)[C@H](Cc1ccccc1)N(C)C(=O)[C@H](Cc1ccccc1)NC(=O)[C@H](CC(=O)O)NC(=O)CCC(=O)O)CC(C)C)C(N)=O,Neurokinin 3 receptor
CC(=O)NC1(c2ccccc2)CCN(C[C@@H]2C[C@@]2(C(=O)N(C)Cc2ccc(F)cc2)c2cccc(C(F)(F)F)c2)CC1,Neurokinin 3 receptor
CC(C)(C)OC(=O)N[C@H](Cc1ccccc1)C(=O)N[C@@](C)(Cc1ccccc1)C(N)=O,Neurokinin 3 receptor
COc1ccccc1N1CCN(C(=O)c2cc(-c3ccc(Cl)cc3)n[nH]2)[C@H](C)C1,Neurokinin 3 receptor
CCN(C(=O)Oc1ccc(F)cc1)[C@@H]1CN(C(=O)C2CCN(c3ccc(Cl)cn3)CC2)C[C@H]1c1ccc(F)cc1,Neurokinin 3 receptor
CC(C)c1nsc(-c2nnc3n2CCN(C(=O)c2ccc(-c4cccs4)cc2)[C@@H]3C)n1,Neurokinin 3 receptor
CCN(C(=O)Oc1ccc(F)cc1)[C@@H]1CN(C(=O)C2CCN(C(=O)C3(C)COC3)CC2)C[C@H]1c1ccc(Cl)c(F)c1,Neurokinin 3 receptor
Nc1c(-c2cccc(F)c2)nc2ccccc2c1C(=O)N[C@H](c1cccc(F)c1)C1CC1,Neurokinin 3 receptor
COc1ccc(C(=O)N2C[C@H](c3ccc(Cl)cc3)[C@@](C)(COc3ccc(Cl)cn3)C2)cn1,Neurokinin 3 receptor
CC(=O)NC1(c2ccccc2)CCN(CC2CC2(C(=O)N(C)Cc2ccc(Cl)cc2)c2ccc(Cl)c(Cl)c2)CC1,Neurokinin 3 receptor
CCN(C(=O)Oc1ccc(F)cc1)[C@@H]1CN(C(=O)C2CCNCC2)C[C@H]1c1ccc(Cl)c(F)c1,Neurokinin 3 receptor
CN(C(=O)c1cc(C(F)(F)F)cc(C(F)(F)F)c1)[C@H]1CN(C(=O)N2CCN(S(C)(=O)=O)CC2)C[C@@H]1c1ccccc1,Neurokinin 3 receptor
