smiles,targetname
CCN[C@@H](C)C(=O)N[C@@H]1C(=O)N(Cc2cccc3c2cc(C#N)n3-c2ccccc2C#N)c2ccccc2O[C@H]1C,Inhibitor of apoptosis protein 3
CC(C)[C@H](NC(=O)[C@H](C)N)C(=O)N1CCC[C@H]1C(=O)N[C@@H](Cc1ccc(Cl)cc1)C(=O)N[C@@H](Cc1ccc(O)cc1)C(=O)O,Inhibitor of apoptosis protein 3
CN[C@@H](C)C(=O)N[C@H]1CCc2ccccc2N(CCc2ccccc2)C1=O.Cl,Inhibitor of apoptosis protein 3
C[C@@H]1CN(CC(=O)N2CC(C)(C)c3cnc(Cc4ccc(F)cc4F)cc32)[C@@H](CN2CCCC2=O)CN1,Inhibitor of apoptosis protein 3
CN[C@@H](C)C(=O)N[C@H]1COc2ccccc2N(Cc2cccc3c2CN(S(C)(=O)=O)C3)C1=O,Inhibitor of apoptosis protein 3
CN[C@@H](C)C(=O)N[C@H]1COc2ccccc2N(Cc2c(OC)ccc3ccccc23)C1=O,Inhibitor of apoptosis protein 3
CN[C@@H](C)C(=O)N[C@@H](Cc1ccc(NCc2ccc(C(=O)NC3C[C@@H](C(=O)NC4CCCc5ccccc54)N(C(=O)[C@@H](NC(=O)[C@H](C)NC)C(C)(C)C)C3)cc2)cc1)C(=O)N1Cc2ccccc2CC1C(=O)N[C@@H]1CCCc2ccccc21,Inhibitor of apoptosis protein 3
Cl.[H][C@@]12CCC(NC(=O)[C@H](C)N)C(=O)N1[C@H](C(=O)NC(c1ccccc1)c1ccccc1)CC2,Inhibitor of apoptosis protein 3
CN[C@@H](C)C(=O)N[C@H](C(=O)N1CCC[C@H]1C(=O)NC(c1ccccc1)c1ccccc1)c1ccccc1,Inhibitor of apoptosis protein 3
[H][C@]12CC[C@@H](C(=O)NC(c3ccccc3)c3ccccc3)N1C(=O)[C@@H](NC(=O)[C@@H](N)CC)[C@@H](CCNC(=O)NCc1ccccc1)CC2,Inhibitor of apoptosis protein 3
CN[C@@H](C)C(=O)N[C@@H](C(=O)N1CCC[C@H]1C(=O)NNc1ccccc1)C1CCCCC1.O=CO,Inhibitor of apoptosis protein 3
CN[C@@H](C)C(=O)N[C@H](C(=O)N1CCC[C@H]1C(=O)NN(c1ccccc1)c1ccccc1)C(C)C.O=CO,Inhibitor of apoptosis protein 3
CN[C@@H](C)C(=O)N[C@H](C(=O)N1C[C@@H](NC(=O)c2ccc(C(=O)Nc3ccc4c(c3)CN(C(=O)[C@@H](NC(=O)[C@H](C)NC)C(C)(C)SCC(=O)NCCCN(CCCN(CCCCN(CCCNC(=N)N)C(=N)N)C(=N)N)C(=N)N)[C@H](C(=O)N[C@@H]3CCCc5ccccc53)C4)cc2)C[C@H]1C(=O)N[C@@H]1CCCc2ccccc21)C(C)(C)C,Inhibitor of apoptosis protein 3
[H][C@@]12CCC[C@H](NC(=O)[C@@H](O)CC)C(=O)N1[C@H](C(=O)NC(c1ccccc1)c1ccccc1)CC2,Inhibitor of apoptosis protein 3
CN[C@@H](C)C(=O)N[C@H]1CSc2c(NC(=O)c3ccncc3)cccc2N(Cc2cccc3ccccc23)C1=O,Inhibitor of apoptosis protein 3
CCN[C@@H](C)C(=O)N[C@H]1COc2ccccc2N(Cc2cc(F)cc3c2cnn3-c2ccccc2C#N)C1=O,Inhibitor of apoptosis protein 3
CN[C@@H](C)C(=O)N[C@H](C(=O)N1CCC[C@H]1C(=O)Nc1cccc2ccccc12)C(C)C.O=C(O)C(F)(F)F,Inhibitor of apoptosis protein 3
C[C@@H]1CN(CC(=O)N2CC(C)(C)c3ncc(Cc4ccc(F)cc4F)cc32)[C@@H](CN2CC[C@H](F)C2)CN1,Inhibitor of apoptosis protein 3
C[C@@H]1CN(CC(=O)N2CC(C)(C)c3cnc(C(F)(F)c4ccccc4)cc32)[C@@H](C(=O)N(C)C)CN1,Inhibitor of apoptosis protein 3
CN[C@@H](C)C(=O)NC1C(=O)N(Cc2c(OC)ccc3cc(Br)ccc23)c2ccccc2OC1(C)CCOC,Inhibitor of apoptosis protein 3
CN[C@@H](C)C(=O)N[C@H]1C(=O)N(Cc2c(OC)ccc3cc(Br)ccc23)c2ccccc2OC12CCN(S(C)(=O)=O)CC2,Inhibitor of apoptosis protein 3
C[C@H](N)C(=O)Nc1nc(-c2ccccc2)c(C(C)(C)C)s1,Inhibitor of apoptosis protein 3
CC(C)[C@H](NC(=O)[C@H](C)N)C(=O)N(C)CC(=O)N[C@@H](Cc1ccccc1)C(=O)N[C@@H](Cc1ccc(O)cc1)C(=O)O,Inhibitor of apoptosis protein 3
C[C@@H]1CN(CC(=O)N2CC(C)(C)c3c[n+]([O-])c(Cc4ccc(F)cc4F)cc32)[C@@H](C(=O)N(C)C)CN1,Inhibitor of apoptosis protein 3
CN[C@@H](C)C(=O)N[C@H](C(=O)N[C@@H](C)C(=O)Nc1cccc2ncccc12)C(C)C.O=CO.O=CO,Inhibitor of apoptosis protein 3
CN[C@@H](C)C(=O)N[C@@H]1C(=O)N(Cc2c(OC)ccc3ccccc23)c2ccc(C#N)cc2N(C(=O)C2CCOCC2)[C@H]1C,Inhibitor of apoptosis protein 3
CN[C@@H](C)C(=O)NC(Cc1ccc(C#CC(=O)NC2C[C@@H](C(=O)NC3CCCc4ccccc43)N(C(=O)[C@@H](NC(=O)[C@H](C)NC)C(C)(C)C)C2)cc1)C(=O)N1C[Si](C)(C)C[C@H]1C(=O)NC1CCCc2ccccc21,Inhibitor of apoptosis protein 3
CN[C@@H](C)C(=O)N[C@H](C(=O)N[C@@H](C)C(=O)NC1CCc2ccccc2C1)C(C)C.O=CO,Inhibitor of apoptosis protein 3
CN[C@@H](C)C(=O)N[C@@H](CC(C)C)C(=O)N1Cc2ccccc2[C@H]1C(=O)Nc1c(F)cccc1F,Inhibitor of apoptosis protein 3
C[C@@H]1CN(CC(=O)N2CC(C)(C)c3ncc(Cc4ccc(F)cc4F)cc32)[C@@H](CN2CCOCC2)CN1,Inhibitor of apoptosis protein 3
CN[C@@H](C)C(=O)N[C@@H]1C(=O)N(Cc2nn(-c3ccccc3C#N)c3ccccc23)c2ccccc2N(C(=O)c2ccc(C(C)=O)cc2)[C@H]1C,Inhibitor of apoptosis protein 3
[H][C@@]12[C@@H](NC(=O)c3ccc4nonc4c3)CC[C@]1([H])CCN2C(=O)[C@@H](NC(=O)[C@H](C)NC)C(C)(C)C,Inhibitor of apoptosis protein 3
CN[C@@H](C)C(=O)N[C@H]1CN(C(=O)c2ccc(C(=O)N3C[C@H](NC(=O)[C@H](C)NC)C(=O)N(Cc4c(OC)ccc5c(Br)cccc45)c4ccccc43)cc2)c2ccccc2N(Cc2c(OC)ccc3c(Br)cccc23)C1=O,Inhibitor of apoptosis protein 3
CN[C@@H](C)C(=O)N[C@@H]1C(=O)N(Cc2cc(=O)oc3cc(OC)ccc23)c2ccccc2N(C(=O)CS(C)(=O)=O)[C@H]1C,Inhibitor of apoptosis protein 3
CN[C@@H](C)C(=O)N[C@H](C(=O)N1CCC[C@H]1C(=O)OCc1ccccc1)C(C)C.O=CO,Inhibitor of apoptosis protein 3
CC(C)C[C@@H](NC(=O)[C@H](C)N)C(=O)N1CCC[C@H]1C(=O)N[C@@H](Cc1ccccc1)C(=O)N[C@@H](Cc1ccc(O)cc1)C(=O)O,Inhibitor of apoptosis protein 3
CN[C@@H](C)C(=O)N[C@H](C(=O)N1CCC[C@H]1C(=O)Nc1ccc2ccccc2n1)C(C)C.O=CO.O=CO,Inhibitor of apoptosis protein 3
CN[C@@H](C)C(=O)N[C@H]1CN(C(=O)CC(=O)N2C[C@H](NC(=O)[C@H](C)NC)C(=O)N(Cc3c(OC)ccc4cc(Br)ccc34)c3ccccc32)c2ccccc2N(Cc2c(OC)ccc3cc(Br)ccc23)C1=O,Inhibitor of apoptosis protein 3
[H][C@@]12[C@@H](NC(=O)c3coc4ccccc34)CC[C@]1([H])CCN2C(=O)[C@@H](NC(=O)[C@H](C)NC)C(C)(C)C,Inhibitor of apoptosis protein 3
CCCCOc1ccc(-c2nnc(NC(=O)[C@H](C)N)s2)cc1,Inhibitor of apoptosis protein 3
CN[C@@H](C)C(=O)N[C@H](C(=O)N1Cc2ccccc2[C@H]1C(=O)Nc1c(F)cccc1F)C(C)C,Inhibitor of apoptosis protein 3
CN[C@@H](C)C(=O)N[C@@H](Cc1ccc(/C=C/c2ccc(C(=O)NC3CC(C(=O)N[C@@H]4CCCc5ccccc54)N(C(=O)[C@@H](NC(=O)[C@H](C)NC)C(C)(C)C)C3)cc2)cc1)C(=O)N1Cc2ccccc2CC1C(=O)N[C@@H]1CCCc2ccccc21,Inhibitor of apoptosis protein 3
CN[C@@H](C)C(=O)N[C@H]1COc2ccccc2N(Cc2c(Cl)n(S(=O)(=O)c3ccccc3)c3ccccc23)C1=O,Inhibitor of apoptosis protein 3
Cl.[H][C@@]12CCC(NC(=O)[C@@H](N)CC)C(=O)N1[C@H](C(=O)NC(c1ccccc1)c1ccccc1)CC2,Inhibitor of apoptosis protein 3
CN[C@@H](C)C(=O)N[C@H](C(=O)N1Cc2ccccc2[C@H]1C(=O)Nc1c(C)cccc1F)C(C)C,Inhibitor of apoptosis protein 3
C[C@@H]1CN(CC(=O)N2CC(C)(C)c3cnc(Cc4ccc(F)cc4F)cc32)[C@@H](CN2CCOC2=O)CN1,Inhibitor of apoptosis protein 3
CN[C@@H](C)C(=O)N[C@H](C(=O)N[C@@H](CCCCN)C(=O)NNc1ccccc1)C(C)C.O=CO,Inhibitor of apoptosis protein 3
[H][C@@]12[C@@H](NC(=O)N3CCc4ccccc43)CC[C@]1([H])CCN2C(=O)[C@@H](NC(=O)[C@H](C)NC)C(C)(C)C,Inhibitor of apoptosis protein 3
CC(C(=O)O)N1Cc2ccccc2C1=O,Inhibitor of apoptosis protein 3
O=C1C=C(O)C(=O)C(CCc2ccccc2)=C1O,Inhibitor of apoptosis protein 3
CC(C)[C@H](NC(=O)[C@H](C)N)C(=O)N1CCC[C@H]1C(=O)NC(c1ccccc1)c1ccccc1,Inhibitor of apoptosis protein 3
CN[C@@H](C)C(=O)N[C@H]1CCc2ccccc2N(Cc2c(OC)ccc3cc(Br)ccc23)C1=O.Cl,Inhibitor of apoptosis protein 3
CN[C@@H](C)C(=O)N[C@H](C(=O)N[C@@H](CCCN)C(=O)N[C@@H]1CCCc2ccccc21)C(C)C,Inhibitor of apoptosis protein 3
CN[C@@H](C)C(=O)N[C@H](C(=O)N[C@@H](C)C(=O)Nc1ccc(Br)c2ccccc12)C(C)C.O=CO,Inhibitor of apoptosis protein 3
CN[C@@H](C)C(=O)N[C@H](C(=O)N1CCC[C@H]1C(=O)NCc1ccccn1)C(C)C,Inhibitor of apoptosis protein 3
C[C@H](N)C(=O)N[C@@H](Cc1ccccc1)C(=O)N1CCC[C@H]1C(=O)N[C@@H](Cc1ccccc1)C(=O)N[C@@H](Cc1ccc(O)cc1)C(=O)O,Inhibitor of apoptosis protein 3
CN[C@@H](C)C(=O)N[C@H]1CN(C(=O)c2ccc(C(=O)N3C[C@H](NC(=O)[C@H](C)NC)C(=O)N(Cc4c(OC)ccc5cc(Br)ccc45)c4ccccc43)c(C)c2)c2ccccc2N(Cc2c(OC)ccc3cc(Br)ccc23)C1=O,Inhibitor of apoptosis protein 3
CN[C@@H](C)C(=O)N[C@@H]1C(=O)N(Cc2cc(-c3ccccc3)ccc2OC)c2ccc(C#N)cc2N(C(C)=O)[C@H]1C,Inhibitor of apoptosis protein 3
CN[C@@H](C)C(=O)N[C@@H]1C(=O)N(Cc2ccnc3ccccc23)c2ccccc2OC12CCOCC2,Inhibitor of apoptosis protein 3
CN[C@@H](C)C(=O)N[C@@H]1C(=O)N(Cc2c(OC)ccc3cc(Br)ccc23)c2ccc(C)cc2O[C@H]1C,Inhibitor of apoptosis protein 3
CN[C@@H](C)C(=O)N[C@H](C(=O)N1Cc2ccccc2[C@H]1C(=O)Nc1c(F)cccc1F)C(C)(C)C,Inhibitor of apoptosis protein 3
CN[C@@H](C)C(=O)N[C@H](C(=O)N1CCC[C@H]1C(=O)NC1CCCc2ccccc21)C(C)C.O=CO,Inhibitor of apoptosis protein 3
CN[C@@H](C)C(=O)Nc1nc2c(s1)CCCCC2C(=O)NCc1ccccc1,Inhibitor of apoptosis protein 3
CC(=O)NCCN(CC(=O)NCCN(CC(=O)NCCN(CC(=O)NCCN(CC(=O)NCCN(CC(=O)NCCN(CC(=O)NCCN(CC(=O)NCCN(CC(=O)N[C@@H](CCCCNC(=O)CCSC(=O)[C@H](C)N)C(N)=O)C(=O)Cn1ccc(N)nc1=O)C(=O)Cn1cnc2c(N)ncnc21)C(=O)Cn1ccc(N)nc1=O)C(=O)Cn1ccc(N)nc1=O)C(=O)Cn1ccc(N)nc1=O)C(=O)Cn1ccc(N)nc1=O)C(=O)Cn1cc(C)c(=O)[nH]c1=O)C(=O)Cn1cc(C)c(=O)[nH]c1=O,Inhibitor of apoptosis protein 3
CN[C@H](C(=O)N1CCC[C@H]1C(=O)N[C@@H](Cc1ccccc1)C(=O)N[C@@H](Cc1ccc(O)cc1)C(=O)O)C(C)C,Inhibitor of apoptosis protein 3
CN[C@@H](C)C(=O)N[C@H](C(=O)N[C@@H](C)C(=O)NCc1cccc2ccccc12)C(C)C,Inhibitor of apoptosis protein 3
CC[C@H](C)[C@H](NC(=O)[C@H](C)NC)C(=O)N1CCC[C@H]1C(=O)NCc1ccccn1.O=CO,Inhibitor of apoptosis protein 3
CN[C@@H](C)C(=O)N[C@@H]1C(=O)N(Cc2cc(=O)oc3cc(Cl)ccc23)c2ccccc2N(C(=O)CS(C)(=O)=O)[C@H]1C,Inhibitor of apoptosis protein 3
CN[C@@H](C)C(=O)N[C@@H]1C(=O)N(Cc2c(OC)ccc3cc(C(=O)O)ccc23)c2ccccc2OC12CCOCC2,Inhibitor of apoptosis protein 3
CN[C@@H](C)C(=O)N[C@@H]1C(=O)N(Cc2c(OC)ccc3c(Br)cccc23)c2ccccc2N(C(=O)CCOC)[C@H]1C,Inhibitor of apoptosis protein 3
O=C1C=C(O)C(=O)C(CCc2cccc(CCc3ccccc3)c2)=C1O,Inhibitor of apoptosis protein 3
CC[C@H](NC)C(=O)N[C@H]1COc2ccccc2N(Cc2c(OC)ccc3cc(Br)ccc23)C1=O,Inhibitor of apoptosis protein 3
Cc1sc(NC(=O)[C@H](C)N)nc1-c1ccccc1,Inhibitor of apoptosis protein 3
CN[C@@H](C)C(=O)N[C@H](C(=O)N1CCC[C@H]1C(=O)Nc1ccc2ncccc2c1)C(C)C.O=CO,Inhibitor of apoptosis protein 3
C[C@@H]1CN(CC(=O)N2CCc3ccc(F)cc32)CCN1,Inhibitor of apoptosis protein 3
CN[C@@H](C)C(=O)N[C@H](C(=O)N1C[C@H](Oc2ccccc2)C[C@H]1C(=O)N[C@@H]1CCCc2ccccc21)C(C)(C)C,Inhibitor of apoptosis protein 3
CC(C)N1C(=O)[C@@H](NC(=O)[C@H](C)N)C2(CCOCC2)Oc2ccccc21,Inhibitor of apoptosis protein 3
CN[C@@H](C)C(=O)N[C@@H]1C(=O)N(Cc2c(C3CC3)cnc3ccccc23)c2ccccc2N(C(C)=O)[C@H]1C,Inhibitor of apoptosis protein 3
C[C@@H]1CN(CC(=O)N2CC(C)(C)c3cnc(Cc4ccccc4)cc32)[C@@H](Cn2cc(F)cn2)CN1,Inhibitor of apoptosis protein 3
CN[C@@H](C)C(=O)N[C@@H]1C(=O)N(Cc2c(C)ccc3ccccc23)c2ccccc2N(C(C)=O)[C@H]1C,Inhibitor of apoptosis protein 3
CN[C@@H](C)C(=O)N[C@H](C(=O)N1CCC[C@H]1C(=O)NNc1cccc(F)c1)C(C)C.O=CO,Inhibitor of apoptosis protein 3
CN[C@@H](C)C(=O)N[C@H](C(=O)N[C@@H](CCC/N=C(N)N[N+](=O)[O-])C(=O)NNc1ccccc1)C(C)C,Inhibitor of apoptosis protein 3
[H][C@]12CC[C@@H](C(=O)NC(c3ccccc3)c3ccccc3)N1C(=O)[C@@H](NC(=O)[C@@H](N)CC)[C@@H](CCNCc1ccccc1)CC2,Inhibitor of apoptosis protein 3
C[C@@H]1CN(CC(=O)N2CC(C)(C)c3cnc(Cc4ccc(F)cc4F)cc32)[C@@H](CN2CCC(=O)C2)CN1,Inhibitor of apoptosis protein 3
CN[C@@H](C)C(=O)N[C@H](C(=O)N[C@@H](CCCNC(=O)OCc1ccccc1)C(=O)NNc1ccccc1)C(C)C.O=CO,Inhibitor of apoptosis protein 3
CC[C@H](NC(=O)[C@H](C)NC)C(=O)N1CCC[C@H]1C(=O)NC(c1ccccc1)c1ccccc1,Inhibitor of apoptosis protein 3
CN[C@@H](C)C(=O)N[C@H](C(=O)N1CCC[C@H]1C(=O)NC(c1ccccc1)c1ccccc1)C1CCCCC1,Inhibitor of apoptosis protein 3
CN[C@@H](C)C(=O)N[C@@H](CC(=O)O)C(=O)N1CCC[C@H]1C(=O)NC1CCCc2ccccc21.O=CO,Inhibitor of apoptosis protein 3
CN[C@@H](C)C(=O)N[C@H](C(=O)N1Cc2ccccc2[C@H]1C(=O)Nc1c(F)cccc1Cl)C(C)C,Inhibitor of apoptosis protein 3
CN[C@@H](C)C(=O)N[C@H](C(=O)N1Cc2ccccc2[C@H]1C(=O)Nc1ccccc1F)C(C)C,Inhibitor of apoptosis protein 3
CC[C@H](C)[C@H](NC(=O)[C@H](C)NC)C(=O)N1CCC[C@H]1C(=O)NC(c1ccccc1)c1ccccc1.O=CO,Inhibitor of apoptosis protein 3
CCCC(F)(F)c1cnc2c(c1)N(C(=O)CN1C[C@@H](C)NC[C@@H]1CN1CC[C@@H](F)C1)CC2(C)C,Inhibitor of apoptosis protein 3
CC(C)[C@H](NC(=O)[C@@H](NS(=O)(=O)Cc1ccccc1)C(C)C)C(=O)NNc1ccccc1.O=CO,Inhibitor of apoptosis protein 3
CC[C@H](C)[C@H](NC(=O)[C@H](C)NC)C(=O)N1CCC[C@H]1C(=O)NC1CCCc2ccccc21.O=CO,Inhibitor of apoptosis protein 3
CN[C@@H](C)C(=O)N[C@H]1COc2c(C(=O)O)cccc2N(Cc2c(OC)ccc3ccccc23)C1=O,Inhibitor of apoptosis protein 3
Cc1cc(-c2csc(NC(=O)[C@H](C)N)n2)ccc1Cl,Inhibitor of apoptosis protein 3
CN[C@@H](C)C(=O)N[C@H]1C(=O)N(Cc2c(OC)ccc3cc(Br)ccc23)c2cccc(F)c2OC12CCOCC2,Inhibitor of apoptosis protein 3
C[C@@H]1CN(CC(=O)N2CC(C)(C)c3ncc(Cc4ccccc4F)cc32)[C@@H](CN2CC[C@@H](F)C2)CN1,Inhibitor of apoptosis protein 3
CN[C@@H](C)C(=O)N[C@H](C(=O)N1CCc2ccc(F)cc2[C@H]1C(=O)Nc1c(F)cccc1F)C(C)C,Inhibitor of apoptosis protein 3
CN[C@@H](C)C(=O)N[C@H]1CN(C)c2ccccc2N(Cc2cccc3ccccc23)C1=O.Cl,Inhibitor of apoptosis protein 3
CN[C@@H](C)C(=O)N[C@H](C(=O)N1CCC[C@H]1CNC(=O)c1cccc2ccccc12)C(C)(C)C,Inhibitor of apoptosis protein 3
[H][C@]12CC[C@@H](C(=O)NC(c3ccccc3)c3ccccc3)N1C(=O)[C@@H](NC(=O)[C@H](CC)NC)[C@@H](CCNC(=O)c1ccccc1)CC2,Inhibitor of apoptosis protein 3
CNC(C)C(=O)N[C@H](C(=O)N1CCC[C@H]1C(=O)NC(c1ccccc1)c1ccccc1)C(C)(C)C.O=C(O)C(F)(F)F,Inhibitor of apoptosis protein 3
CN[C@@H](C)C(=O)N[C@H]1CSc2c(NC(=O)COCCOC)cccc2N(Cc2cccc3ccccc23)C1,Inhibitor of apoptosis protein 3
CN[C@@H](C)C(=O)N[C@H]1CCc2ccccc2N(Cc2c(OC)ccc3ccccc23)C1=O.Cl,Inhibitor of apoptosis protein 3
CN[C@@H](C)C(=O)N[C@H]1CN(CCC(C)C)c2ccccc2N(Cc2cccc3ccccc23)C1=O.Cl,Inhibitor of apoptosis protein 3
CN[C@@H](C)C(=O)N[C@H](C(=O)N1CCC[C@H]1C(=O)Nc1cccc2ncccc12)C(C)C,Inhibitor of apoptosis protein 3
CN[C@@H](C)C(=O)Nc1nc2c(s1)CCC2C(=O)NCc1ccccc1,Inhibitor of apoptosis protein 3
CN[C@@H](C)C(=O)N[C@H](C(=O)N[C@@H](CO)C(=O)NC1CCCc2ccccc21)C(C)C.O=CO,Inhibitor of apoptosis protein 3
CN[C@@H](C)C(=O)N[C@H](C(=O)N[C@@H](CCC(N)=O)C(=O)NNc1ccccc1)C(C)C.O=CO,Inhibitor of apoptosis protein 3
CN[C@@H](C)C(=O)N[C@H](C(=O)N1CCC[C@H]1C(=O)NC1c2ccccc2-c2ccccc21)C(C)(C)C,Inhibitor of apoptosis protein 3
C[C@H](N)C(=O)N[C@@H]1C(=O)N(C)CCc2ccccc21,Inhibitor of apoptosis protein 3
CN[C@@H](C)C(=O)N[C@@H]1C(=O)N(Cc2c(OC(F)F)ccc3ccccc23)c2ccccc2OC12CCOCC2,Inhibitor of apoptosis protein 3
CN[C@@H](C)C(=O)N[C@@H]1C(=O)N(Cc2cc(-c3ccccc3F)ccc2OC)c2ccc(C#N)cc2N(C(C)=O)[C@H]1C,Inhibitor of apoptosis protein 3
CN[C@@H](C)C(=O)N[C@H](C(=O)N[C@@H](CCCN)C(=O)NNc1ccccc1)C(C)C,Inhibitor of apoptosis protein 3
CN[C@@H](C)C(=O)N[C@H]1COc2cc(C)ccc2N(Cc2c(OC)ccc3cc(Br)ccc23)C1=O,Inhibitor of apoptosis protein 3
Cl.[H][C@@]12CCC(NC(=O)[C@H](C)N)C(=O)N1[C@H](C(=O)NCCc1ccccc1)CC2,Inhibitor of apoptosis protein 3
C[C@@H]1CN(CC(=O)N2CCc3cccnc32)CCN1,Inhibitor of apoptosis protein 3
CN[C@@H](C)C(=O)N[C@H](C(=O)N1CCc2cc(Cl)ccc2[C@H]1C(=O)Nc1c(F)cccc1F)C(C)C,Inhibitor of apoptosis protein 3
CN[C@@H](C)C(=O)N[C@H](C(=O)N1c2ccccc2C[C@H]1C(=O)Nc1ccccc1C(=O)c1ccccc1)C(C)C,Inhibitor of apoptosis protein 3
CN[C@@H](C)C(=O)N[C@@H]1C(=O)N(Cc2cccc3ncccc23)c2ccccc2OC12CCOCC2,Inhibitor of apoptosis protein 3
CN[C@@H](C)C(=O)N[C@H](C(=O)N1CCC[C@H]1C(=O)NCc1ccccc1)C(C)C.O=C(O)C(F)(F)F,Inhibitor of apoptosis protein 3
CN[C@@H](C)C(=O)N[C@H](C(=O)N1C[C@@H](NC(=O)c2ccc(CN(C(=O)[C@@H]3C[Si](C)(C)CN3C(=O)[C@@H](NC(=O)[C@H](C)NC)C(C)(C)C)[C@H](C)c3cccc(F)c3F)cc2)C[C@H]1C(=O)NC1CCCc2ccccc21)C(C)(C)C,Inhibitor of apoptosis protein 3
COC[C@H]1CN[C@H](C)CN1CC(=O)N1CC(C)(C)c2cnc(Cc3ccc(F)cc3)cc21,Inhibitor of apoptosis protein 3
C[C@H](N)C(=O)Nc1nc(COc2ccc3ccccc3c2)c(Cc2ccccc2)s1,Inhibitor of apoptosis protein 3
CN[C@@H](C)C(=O)NC1CSc2ccccc2N(Cc2cccc(-c3ccccc3)c2)C1=O,Inhibitor of apoptosis protein 3
CC(C)[C@H](N)C(=O)N[C@H](C(=O)N1CCC[C@H]1C(=O)N[C@@H](Cc1ccccc1)C(=O)N[C@@H](Cc1ccc(O)cc1)C(=O)O)C(C)C,Inhibitor of apoptosis protein 3
C[C@H](N)C(=O)NCC(=O)c1c[nH]c2ccccc12,Inhibitor of apoptosis protein 3
C[C@@H]1CN(CC(=O)N2CC(C)(C)c3cnc(Cc4ccc(F)cc4F)cc32)[C@@H](Cn2cccnc2=O)CN1,Inhibitor of apoptosis protein 3
[H][C@]12CC[C@@H](C(=O)NC(c3ccccc3)c3ccccc3)N1C(=O)[C@@H](NC(=O)[C@@H](N)CC)[C@@H](CNC(=O)NCC)CC2,Inhibitor of apoptosis protein 3
C[C@H](N)C(=O)Nc1nc2c(s1)CCCCC2C(=O)NCc1ccccc1,Inhibitor of apoptosis protein 3
CN[C@@H](C)C(=O)N[C@H](C(=O)N[C@H](C(=O)NNc1cccc(F)c1)C(C)C)C(C)C.O=CO,Inhibitor of apoptosis protein 3
CN[C@@H](C)C(=O)N[C@@H]1C(=O)N(Cc2c(OC)ccc3ccccc23)c2ccccc2N(C(=O)CCOC)[C@H]1C,Inhibitor of apoptosis protein 3
CN[C@@H](C)C(=O)N[C@@H]1C(=O)N(Cc2cc(Br)ccc2OC)c2ccc(C#N)cc2N(C(C)=O)[C@H]1C,Inhibitor of apoptosis protein 3
CN[C@@H](C)C(=O)N[C@H](C(=O)N1Cc2ccccc2C1C(=O)Nc1nccc2ccccc12)C(C)C,Inhibitor of apoptosis protein 3
CN[C@@H](C)C(=O)NC1CCCN([C@@H](C)C(=O)NC2CCc3ccccc3C2)C1=O.O=CO,Inhibitor of apoptosis protein 3
CN[C@@H](C)C(=O)Nc1cccn(CC(=O)NC2CCCc3ccccc32)c1=O.O=CO,Inhibitor of apoptosis protein 3
CN[C@@H](C)C(=O)N[C@H]1CN(C(=O)c2ccc(C(=O)N3C[C@H](NC(=O)[C@H](C)NC)C(=O)N(Cc4c(OC)ccc5ccccc45)c4ccccc43)cc2)c2ccccc2N(Cc2c(OC)ccc3ccccc23)C1=O,Inhibitor of apoptosis protein 3
CN[C@@H](C)C(=O)N[C@H](C(=O)N1Cc2ccccc2[C@H]1C(=O)Nc1c(F)cccc1F)C1CCCC1,Inhibitor of apoptosis protein 3
CN[C@@H](C)C(=O)NC1CCCN([C@@H](C)C(=O)Nc2ccc3ccccc3c2)C1=O.O=CO,Inhibitor of apoptosis protein 3
Cl.[H][C@@]12CCC(NC(=O)[C@H](C)N)C(=O)N1[C@H](C(=O)Nc1ccccc1)CC2,Inhibitor of apoptosis protein 3
CN[C@@H](C)C(=O)N[C@H](C(=O)N1C[C@H](Oc2ccccc2)C[C@H]1C(=O)NCc1c[nH]c2ccccc12)C(C)(C)C,Inhibitor of apoptosis protein 3
CC(C)[C@@H](NC(=O)[C@H](C)N)C(=O)N1CCC[C@H]1C(=O)N[C@@H](Cc1ccccc1)C(=O)N[C@@H](Cc1ccc(O)cc1)C(=O)O,Inhibitor of apoptosis protein 3
[H][C@@]12[C@@H](NC(=O)c3cccc4cccnc34)CC[C@]1([H])CCN2C(=O)[C@@H](NC(=O)[C@H](C)NC)C(C)(C)C,Inhibitor of apoptosis protein 3
CN[C@@H](C)C(=O)N[C@H](C(=O)N[C@@H](C)C(=O)Nc1cccc2ccccc12)C(C)C.O=C(O)C(F)(F)F,Inhibitor of apoptosis protein 3
COc1ccc2cc(Br)ccc2c1CN1C(=O)[C@@H](NC(=O)[C@@H](N)[C@@H](C)O)COc2cc(C)ccc21,Inhibitor of apoptosis protein 3
CN[C@@H](C)C(=O)N[C@H]1CN(C(=O)c2ccc(C(=O)N3C[C@H](NC(=O)[C@H](C)NC)C(=O)N(Cc4nn(-c5ccccc5C#N)c5ccccc45)c4ccccc43)cc2)c2ccccc2N(Cc2nn(-c3ccccc3C#N)c3ccccc23)C1=O,Inhibitor of apoptosis protein 3
CC[C@H](NC)C(=O)N[C@H]1CCc2ccccc2N(Cc2c(OC)ccc3cc(Br)ccc23)C1=O.O=C(O)C(F)(F)F,Inhibitor of apoptosis protein 3
CN[C@@H](C)C(=O)N[C@@H]1C(=O)N(Cc2c(C)ccc3ccccc23)c2ccccc2OC12CCOCC2,Inhibitor of apoptosis protein 3
CC[C@H](C)[C@H](NC(=O)[C@@H]1CCCN1C(=O)[C@H](CS)NC(=O)[C@H](C)N)C(=O)N[C@@H](C)C(=O)N[C@@H](CCC(N)=O)C(=O)N[C@@H](CCCCN)C(=O)NCCN(CC(=O)NCCN(CC(=O)NCCN(CC(=O)NCCN(CC(=O)NCCN(CC(=O)NCCN(CC(=O)NCCN(CC(=O)NCC(N)=O)C(=O)Cn1cnc2c(=O)[nH]c(N)nc21)C(=O)Cn1cnc2c(N)ncnc21)C(=O)Cn1ccc(N)nc1=O)C(=O)Cn1cnc2c(N)ncnc21)C(=O)Cn1cc(C)c(=O)[nH]c1=O)C(=O)Cn1ccc(N)nc1=O)C(=O)Cn1ccc(N)nc1=O,Inhibitor of apoptosis protein 3
[H][C@@]12CCCC[C@H](NC(=O)[C@H](C)O)C(=O)N1[C@H](C(=O)NC(c1ccccc1)c1ccccc1)CC2,Inhibitor of apoptosis protein 3
CN[C@@H](C)C(=O)N[C@H](C(=O)N1C[C@@H](NC(=O)c2ccc(COc3ccc(CN(NC(=O)[C@H](C)NC)C(=O)C4CCC[C@H]4C(=O)NC4CCCc5ccccc54)cc3)cc2)CC1C(=O)N[C@@H]1CCCc2ccccc21)C(C)(C)C,Inhibitor of apoptosis protein 3
[H][C@@]12[C@@H](NC(=O)N(C)c3ccc(F)cc3)CC[C@]1([H])CCN2C(=O)[C@@H](NC(=O)[C@H](C)NC)C(C)(C)C,Inhibitor of apoptosis protein 3
CN[C@@H](C)C(=O)N[C@H](C(=O)N1CCC[C@H]1C(=O)Nc1cc(C)nc2ccccc12)C(C)C.O=CO.O=CO,Inhibitor of apoptosis protein 3
CN[C@@H](C)C(=O)N[C@H]1COc2ccccc2N(Cc2c(OC)ccc3cc(C(=O)N(C)C)ccc23)C1=O,Inhibitor of apoptosis protein 3
CCC1=C(O)C(=O)C=C(O)C1=O,Inhibitor of apoptosis protein 3
CN[C@@H](C)C(=O)N[C@H]1CSc2c(NC(=O)c3ccccc3)cccc2N(Cc2cccc3ccccc23)C1=O,Inhibitor of apoptosis protein 3
CN[C@@H](C)C(=O)N[C@H]1CCc2ccccc2N(Cc2cccc3ccccc23)C1=O.Cl,Inhibitor of apoptosis protein 3
CN[C@@H](C)C(=O)N[C@H]1COc2ccccc2N(Cc2c(OC)ccc3cc(C(=O)OC)ccc23)C1=O,Inhibitor of apoptosis protein 3
Cc1cc(C)c2ccc(NC(=O)[C@H](C)N)nc2n1,Inhibitor of apoptosis protein 3
CN[C@@H](C)C(=O)N[C@@H](CCC(N)=O)C(=O)N[C@@H](C)C(=O)Nc1cccc2ncccc12.O=CO.O=CO,Inhibitor of apoptosis protein 3
CN[C@@H](C)C(=O)N[C@H](C(=O)N[C@H](C(=O)NNc1ccccc1)C(C)C)C(C)C,Inhibitor of apoptosis protein 3
C[C@@H]1CN(CC(=O)N2CC(C)(C)c3ncc(Cc4ccc(F)cc4)cc32)[C@@H](CN2CC[C@@H](F)C2)CN1,Inhibitor of apoptosis protein 3
CN[C@@H](C)C(=O)N[C@@H]1C(=O)N(Cc2c(C)cnc3ccccc23)c2ccccc2N(C(=O)CS(C)(=O)=O)[C@H]1C,Inhibitor of apoptosis protein 3
CC[C@H](NC(=O)[C@H](C)NC)C(=O)N1CCC[C@H]1C(=O)NC(c1ccccc1)c1ccccc1.O=CO,Inhibitor of apoptosis protein 3
C[C@H](N)C(=O)Nc1nc2c(s1)CCC2C(=O)NC1CCCc2ccccc21,Inhibitor of apoptosis protein 3
CN[C@@H](C)C(=O)N[C@H]1COc2ccccc2N(Cc2c(OC)ccc3cc(C4CC4)ccc23)C1=O,Inhibitor of apoptosis protein 3
CN[C@@H](C)C(=O)N[C@H]1COc2c(C(=O)N(C)CCO)cccc2N(Cc2c(OC)ccc3cc(C(=O)O)ccc23)C1=O,Inhibitor of apoptosis protein 3
CN[C@@H](C)C(=O)N[C@H](C(=O)N1CCC[C@H]1C(=O)N[C@H]1CCCc2ccccc21)C(C)C,Inhibitor of apoptosis protein 3
CC[C@H](C)[C@H](NC(=O)[C@@H]1CCCN1C(=O)[C@@H](N)CS)C(=O)NCCOCCOCC(=O)NCCN(CC(=O)NCCN(CC(=O)NCCN(CC(=O)NCCN(CC(=O)NCCN(CC(=O)NCCN(CC(=O)NCCN(CC(=O)NCC(N)=O)C(=O)Cn1cnc2c(=O)[nH]c(N)nc21)C(=O)Cn1cnc2c(N)ncnc21)C(=O)Cn1ccc(N)nc1=O)C(=O)Cn1cnc2c(N)ncnc21)C(=O)Cn1cc(C)c(=O)[nH]c1=O)C(=O)Cn1ccc(N)nc1=O)C(=O)Cn1ccc(N)nc1=O,Inhibitor of apoptosis protein 3
CN[C@@H](C)C(=O)N[C@H](C(=O)N[C@H](C(=O)NNc1ccccc1)C(C)C)C(C)C.O=CO,Inhibitor of apoptosis protein 3
CN[C@@H](C)C(=O)N[C@@H](Cc1ccc(OCc2ccc(C(=O)N[C@H]3C[C@@H](C(=O)NC4CCCc5ccccc54)N(C(=O)[C@@H](NC(=O)[C@H](C)NC)C(C)(C)C)C3)cc2)cc1)C(=O)N1Cc2ccccc2C[C@H]1C(=O)NC1CCCc2ccccc21,Inhibitor of apoptosis protein 3
CN[C@@H](C)C(=O)N[C@H](C(=O)N1CCC[C@H]1C(=O)Nc1cccc2cccnc12)C(C)C.O=CO.O=CO,Inhibitor of apoptosis protein 3
[H][C@]12CC[C@@H](C(=O)NC(c3ccccc3)c3ccccc3)N1C(=O)[C@@H](NC(=O)[C@H](CC)NC)[C@@H](CCN)CC2,Inhibitor of apoptosis protein 3
CN[C@@H](C)C(=O)N[C@@H]1C(=O)N(Cc2cccc3c2cnn3-c2ccc(C(=O)O)cc2C#N)c2ccccc2O[C@H]1C,Inhibitor of apoptosis protein 3
CC(C)[C@@H](NC(=O)[C@H](C)N)C(=O)N1CCC[C@H]1C(=O)OCc1ccccc1.O=C(O)C(F)(F)F,Inhibitor of apoptosis protein 3
CN[C@@H](C)C(=O)N[C@@H]1C(=O)N(Cc2c(OC(F)F)ccc3ccccc23)c2ccccc2N(C(=O)CS(C)(=O)=O)[C@H]1C,Inhibitor of apoptosis protein 3
CCC(NC)C(=O)N[C@@H]1C(=O)N(Cc2c(OC)ccc3cc(Br)ccc23)c2ccc(F)cc2OC12CCOCC2,Inhibitor of apoptosis protein 3
CCOC(=O)[C@H](CCSC)NC(=O)[C@H](C)N,Inhibitor of apoptosis protein 3
C[C@H](NCCO)C(=O)N[C@H]1COc2ccccc2N(Cc2cccc3c2cnn3-c2ccccc2C#N)C1=O,Inhibitor of apoptosis protein 3
CC(C)[C@H](NC(=O)[C@H](C)N)C(=O)N1CCC[C@H]1C(=O)N[C@@H](Cc1ccc(O)cc1)C(=O)N[C@@H](Cc1ccc(O)cc1)C(=O)O,Inhibitor of apoptosis protein 3
CC(C)[C@H](NC(=O)[C@H](C)N)C(=O)N[C@@H](C)C(=O)NNc1ccccc1.O=CO,Inhibitor of apoptosis protein 3
[H][C@]12CC[C@@H](C(=O)NC(c3ccccc3)c3ccccc3)N1C(=O)[C@@H](NC(=O)[C@@H](N)CC)[C@@H](CNC(=O)NCc1ccccc1)CC2,Inhibitor of apoptosis protein 3
[H][C@@]12CCCC[C@H](NC(=O)[C@H](C)NC)C(=O)N1[C@H](C(=O)N[C@@H]1CCCC3C=CC=CC31)CC2,Inhibitor of apoptosis protein 3
CN[C@@H](C)C(=O)N[C@@H]1C(=O)N(Cc2c(OC)ccc3cc(Br)ccc23)c2ccc(F)c(F)c2OC12CCOCC2,Inhibitor of apoptosis protein 3
[H][C@@]12CC[C@H](COC(=O)c3ccccc3)[C@H](NC(=O)[C@H](CC)NC)C(=O)N1[C@H](C(=O)NC(c1ccccc1)c1ccccc1)CC2,Inhibitor of apoptosis protein 3
C[C@@H]1CN(CC(=O)N2CC(C)(C)c3cnc(Cc4ccc(F)cc4F)cc32)[C@@H](CN2CCOCC2=O)CN1,Inhibitor of apoptosis protein 3
CN[C@@H](C)C(=O)N[C@H](C(=O)N1CCC[C@H]1C(=O)Nc1ccc2ccccc2n1)C(C)C,Inhibitor of apoptosis protein 3
CN[C@@H](C)C(=O)N[C@H](C(=O)NC(Cc1ccc([C@H]2C[C@@H](C(=O)N[C@@H]3CCCc4ccccc43)N(C(=O)[C@@H](NC(=O)[C@H](C)NC)C(C)(C)C)C2)cc1)C(=O)N[C@@H]1CCCc2ccccc21)C(C)(C)C,Inhibitor of apoptosis protein 3
CN[C@@H](C)C(=O)N[C@H](C(=O)N1Cc2ccccc2[C@H]1C(=O)Nc1ccc2ccccc2c1)C(C)C,Inhibitor of apoptosis protein 3
C[C@H](N)C(=O)Nc1nc2cc(C(=O)c3ccccc3)ccc2[nH]1,Inhibitor of apoptosis protein 3
CN[C@@H](C)C(=O)N[C@@H]1C(=O)N(Cc2c(OC)cnc3ccccc23)c2ccccc2OC12CCOCC2.Cl,Inhibitor of apoptosis protein 3
CC(C)[C@H](NC(=O)[C@H](C)N)C(=O)N[C@H](C(=O)NNc1ccccc1)C(C)C.O=CO,Inhibitor of apoptosis protein 3
[H][C@@]12CC[C@H](CO)[C@H](NC(=O)[C@H](CC)NC)C(=O)N1[C@H](C(=O)NC(c1ccccc1)c1ccccc1)CC2,Inhibitor of apoptosis protein 3
CN[C@@H](C)C(=O)N[C@H](C(=O)N[C@@H](CCCN)C(=O)NC1CCCc2ccccc21)C(C)C.O=CO,Inhibitor of apoptosis protein 3
CN[C@@H](C)C(=O)N[C@@H]1C(=O)N(Cc2c(OC)ccc3ccccc23)c2ccccc2N(C(=O)CS(C)(=O)=O)[C@H]1C,Inhibitor of apoptosis protein 3
CN[C@@H](C)C(=O)N[C@H]1CCCCN(CC(=O)NNc2ccccc2)C1=O.O=CO,Inhibitor of apoptosis protein 3
CC(C)[C@H](NC(=O)[C@H](C)N)C(=O)N1CCC[C@H]1C(=O)N(C1CCCCC1)[C@@H](C)C(=O)N[C@@H](Cc1ccc(O)cc1)C(=O)O,Inhibitor of apoptosis protein 3
CN[C@@H](C)C(=O)N[C@H](C(=O)N1c2ccccc2C[C@H]1C(N)=O)c1ccccc1,Inhibitor of apoptosis protein 3
CN[C@@H](C)C(=O)N[C@H]1COc2ccccc2N(Cc2ccc(Br)c3ccccc23)C1=O,Inhibitor of apoptosis protein 3
CN[C@@H](C)C(=O)N[C@H](C(=O)N1C[C@H](Oc2ccccc2)C[C@H]1C(=O)NC(c1ccccc1)c1ccccc1)C(C)(C)C,Inhibitor of apoptosis protein 3
CN[C@@H](C)C(=O)N[C@H](C(=O)N1CCC[C@H]1C(=O)Nc1ccc2nc(C)ccc2c1)C(C)C,Inhibitor of apoptosis protein 3
CN[C@@H](C)C(=O)N[C@H](C(=O)N1Cc2ccccc2[C@@H]1C(=O)Nc1c(F)cccc1F)C(C)C,Inhibitor of apoptosis protein 3
[H][C@]12CC[C@@H](C(=O)NC(c3ccccc3)c3ccccc3)N1C(=O)[C@@H](NC(=O)[C@@H](N)CC)[C@@H](CCNC(=O)c1ccccc1)CC2,Inhibitor of apoptosis protein 3
CCOC(=O)CC(NC(=O)[C@H](C)N)c1ccccc1,Inhibitor of apoptosis protein 3
CN[C@@H](C)C(=O)N[C@H](C(=O)N[C@@H](CCCN=C(N)N)C(=O)NNc1ccccc1)C(C)C,Inhibitor of apoptosis protein 3
CN[C@@H](C)C(=O)N[C@H](C(=O)N1Cc2ccccc2[C@H]1C(=O)Nc1cccc2c1CCCC2)C(C)C,Inhibitor of apoptosis protein 3
[H][C@@]12CC[C@H](NC(=O)[C@H](C)N)CN1[C@H](C(=O)NC(c1ccccc1)c1ccccc1)CC2,Inhibitor of apoptosis protein 3
[H][C@]12CC[C@@H](C(=O)NC(c3ccccc3)c3ccccc3)N1C(=O)[C@@H](NC(=O)[C@@H](N)CC)[C@@H](CN(C)Cc1ccccc1)CC2,Inhibitor of apoptosis protein 3
[H][C@@]12CCCC[C@H](NC(=O)[C@@H](N)CC)C(=O)N1[C@H](C(=O)N[C@@H](c1ccccc1)c1ccc3ccccc3c1)CC2,Inhibitor of apoptosis protein 3
CN[C@@H](C)C(=O)N[C@H](C(=O)N1Cc2ccccc2[C@H]1C(=O)Nc1c(F)cccc1F)C1CCCCC1,Inhibitor of apoptosis protein 3
CN[C@@H](C)C(=O)N[C@H]1CCc2ccccc2N(Cc2ccccc2)C1=O.Cl,Inhibitor of apoptosis protein 3
[H][C@]12CC[C@@H](C(=O)NC(c3ccccc3)c3ccccc3)N1C(=O)[C@@H](NC(=O)[C@@H](N)CC)[C@@H](CNC(C)=O)CC2,Inhibitor of apoptosis protein 3
C[C@@H]1CN(CC(=O)N2CCc3ccc(Nc4ccccc4)cc32)CCN1,Inhibitor of apoptosis protein 3
CCCC(F)(F)c1cnc2c(c1)N(C(=O)CN1C[C@@H](C)NC[C@@H]1CN1C[C@H](C)O[C@H](C)C1)CC2(C)C,Inhibitor of apoptosis protein 3
CN[C@@H](C)C(=O)N[C@H](C(=O)N1C[C@@H](c2ccc(CC(NC(=O)[C@@H](NC(=O)[C@H](C)NC)C(C)(C)SCC(=O)NC(CO)CO)C(=O)N[C@@H]3CCCc4ccccc43)cc2)C[C@H]1C(=O)N[C@@H]1CCCc2ccccc21)C(C)(C)C,Inhibitor of apoptosis protein 3
CN[C@@H](C)C(=O)N[C@H](C(=O)N1CCc2ccccc2[C@H]1C(=O)Nc1c(F)cccc1F)C1CCCC1,Inhibitor of apoptosis protein 3
CC(C)C(NC(=O)[C@H](C)N)c1nc(C(=O)NCc2ccccc2)c(-c2ccccc2)s1,Inhibitor of apoptosis protein 3
CN[C@@H](C)C(=O)N[C@H]1COc2ccccc2N(Cc2cccc3c2ccn3-c2ccccc2C#N)C1=O,Inhibitor of apoptosis protein 3
CC(C)[C@H](NC(=O)[C@H](C)N)C(=O)N1CCC[C@H]1C(=O)N[C@@H](Cc1cccc2ccccc12)C(=O)N[C@@H](Cc1ccc(O)cc1)C(=O)O,Inhibitor of apoptosis protein 3
CN[C@@H](C)C(=O)N[C@H](C(=O)N1CCC[C@H]1C(=O)N[C@@H]1CCCc2ccccc21)C(C)C.O=CO,Inhibitor of apoptosis protein 3
CN[C@@H](C)C(=O)NC(Cc1ccc(-c2ccc(C(=O)NC3C[C@@H](C(=O)NC4CCCc5ccccc54)N(C(=O)[C@@H](NC(=O)[C@H](C)NC)C(C)(C)C)C3)cc2)cc1)C(=O)N1C[Si](C)(C)C[C@H]1C(=O)NC1CCCc2ccccc21,Inhibitor of apoptosis protein 3
COC[C@H]1CN[C@H](C)CN1CC(=O)N1CC(C)(C)c2c[n+]([O-])c(Cc3ccc(F)cc3F)cc21,Inhibitor of apoptosis protein 3
CN[C@@H](C)C(=O)N[C@H]1CSc2c(NC(=O)c3cc(OC)c(OC)c(OC)c3)cccc2N(Cc2cccc3ccccc23)C1=O,Inhibitor of apoptosis protein 3
CN[C@@H](C)C(=O)N[C@H]1CN(C(=O)CCCCCC(=O)N2C[C@H](NC(=O)[C@H](C)NC)C(=O)N(Cc3c(OC)ccc4cc(Br)ccc34)c3ccccc32)c2ccccc2N(Cc2c(OC)ccc3cc(Br)ccc23)C1=O,Inhibitor of apoptosis protein 3
CN[C@@H](C)C(=O)N[C@@H](CC(=O)OC)C(=O)N1CCC[C@H]1C(=O)NC1CCCc2ccccc21.O=CO,Inhibitor of apoptosis protein 3
COc1ccc2cc(Br)ccc2c1CN1C(=O)[C@H](NC(=O)[C@@H](N)[C@H](C)O)C2(CCOCC2)Oc2ccccc21,Inhibitor of apoptosis protein 3
CC[C@H](C)[C@H](NC(=O)[C@H]1CCCN1C(=O)[C@@H](NC(=O)[C@H](C)N)C(C)C)C(=O)N[C@@H](C)C(=O)N[C@@H](CCC(N)=O)C(=O)N[C@@H](CCCCN)C(=O)N[C@@H](CO)C(=O)N[C@@H](CCC(=O)O)C(=O)N[C@@H](CCCCN)C(=O)O,Inhibitor of apoptosis protein 3
CN[C@@H](C)C(=O)N[C@@H](C(=O)N1CCC[C@H]1C(=O)NCc1ccncc1)C(C)C.O=CO,Inhibitor of apoptosis protein 3
C[C@@H]1CN(CC(=O)N2CCc3ccc(C(=O)N(C)C)cc32)CCN1,Inhibitor of apoptosis protein 3
CN[C@@H](C)C(=O)N[C@@H]1C(=O)N(Cc2nn(-c3ccccc3C#N)c3ccccc23)c2ccc(C#N)cc2N(C(=O)c2ccc(C#N)cc2)[C@H]1C,Inhibitor of apoptosis protein 3
CC(C)[C@H](NC(=O)[C@H](C)N)C(=O)N1CCC[C@H]1C(=O)OCc1ccccc1.O=C(O)C(F)(F)F,Inhibitor of apoptosis protein 3
CNC(C)C(=O)NC(C(=O)N1CCCC1C(=O)NC(c1ccccc1)c1ccccc1)c1ccccc1.O=C(O)C(F)(F)F,Inhibitor of apoptosis protein 3
CN[C@@H](C)C(=O)N[C@@H]1C(=O)N(Cc2c(OC)cnc3ccccc23)c2ccccc2N(C(=O)CS(C)(=O)=O)[C@H]1C,Inhibitor of apoptosis protein 3
[H][C@@]12[C@@H](NC(=O)c3ccc4ccccc4c3)CC[C@]1([H])CCN2C(=O)[C@@H](NC(=O)[C@H](C)NC)C(C)(C)C,Inhibitor of apoptosis protein 3
CN[C@@H](C)C(=O)N[C@H]1CN(C(=O)c2ccc(Oc3ccc(C(=O)N4C[C@H](NC(=O)[C@@H](C)NC)C(=O)N(Cc5c(OC)ccc6cc(Br)ccc56)c5ccccc54)cc3)cc2)c2ccccc2N(Cc2c(OC)ccc3cc(Br)ccc23)C1=O,Inhibitor of apoptosis protein 3
CC(C)CC(F)(F)c1cnc2c(c1)N(C(=O)CN1C[C@@H](C)NC[C@@H]1CN1CCCC1=O)CC2(C)C,Inhibitor of apoptosis protein 3
CN[C@@H](C)C(=O)N[C@H](C(=O)N1C[C@@H](NC(=O)c2ccc(COc3ccc(CN(NC(=O)[C@H](C)NC)C(=O)[C@@H]4CCCC[C@H]4C(=O)NC4CCCc5ccccc54)cc3)cc2)CC1C(=O)N[C@@H]1CCCc2ccccc21)C(C)(C)C,Inhibitor of apoptosis protein 3
[H][C@@]12CCCC[C@H](NC(=O)[C@H](CC)N3CCOCC3)C(=O)N1[C@H](C(=O)NC(c1ccccc1)c1ccccc1)CC2,Inhibitor of apoptosis protein 3
[H][C@@]12CC[C@H](NC(=O)[C@@H](N)CC)CN1[C@H](C(=O)NC(c1ccccc1)c1ccccc1)CC2,Inhibitor of apoptosis protein 3
CN[C@@H](C)C(=O)N[C@@H]1C(=O)N(Cc2c(OC)ccc3cc(Br)ccc23)c2ccccc2OC12COC2,Inhibitor of apoptosis protein 3
CN[C@@H](C)C(=O)N[C@H](C(=O)N1CCC[C@H]1C(=O)Nc1cccc2ccc(C)nc12)C(C)C,Inhibitor of apoptosis protein 3
CN[C@@H](C)C(=O)N[C@H](C(=O)N1Cc2ccccc2C1C(=O)NCCc1ccccc1)C(C)C,Inhibitor of apoptosis protein 3
CN[C@@H](C)C(=O)NC1C(=O)N(Cc2c(OC)ccc3cc(Br)ccc23)c2ccccc2OC12CCCOC2,Inhibitor of apoptosis protein 3
CN[C@@H](C)C(=O)N[C@H]1COc2ccccc2N(Cc2ccccc2Cl)C1=O,Inhibitor of apoptosis protein 3
CN[C@@H](C)C(=O)N[C@H]1CN(C(=O)c2ccc(C(=O)N[C@H]3C[C@@H](C(=O)N[C@@H]4CCCc5ccccc54)N(C(=O)[C@@H](NC(=O)[C@H](C)NC)C4CCCCC4)C3)cc2)c2ccccc2N(Cc2c(OC)ccc3cc(Br)ccc23)C1=O,Inhibitor of apoptosis protein 3
Cc1nc(NC(=O)[C@H](C)N)sc1-c1ccccc1,Inhibitor of apoptosis protein 3
C[C@H](N)C(=O)Nc1nc(-c2cccc(Cc3ccccc3)c2)c(Cc2ccccc2)s1,Inhibitor of apoptosis protein 3
C[C@H](N)C(=O)N[C@H]1CCC2CC[C@@H](C(=O)NCc3ccccc3)N2C1=O.Cl,Inhibitor of apoptosis protein 3
[H][C@]12CC[C@@H](C(=O)NC(c3ccccc3)c3ccccc3)N1C(=O)[C@@H](NC(=O)[C@@H](N)CC)[C@@H](CNC(=O)c1ccccc1)CC2,Inhibitor of apoptosis protein 3
CC(C(=O)N[C@H](C(=O)N1C[C@@H](Oc2ccccc2)C[C@H]1C(=O)NC1CCCc2ccccc21)C(C)(C)C)N(C)C,Inhibitor of apoptosis protein 3
CN[C@@H](C)C(=O)N[C@H](C(=O)N1CCC[C@H]1C(=O)Nc1cccc2ccccc12)C(C)C,Inhibitor of apoptosis protein 3
CN[C@@H](C)C(=O)N[C@H]1C(=O)N(Cc2c(OC)ccc3cc(Br)ccc23)c2ccccc2O[C@@]12CCOC2,Inhibitor of apoptosis protein 3
C[C@H](N)C(=O)Nc1nc2c(s1)CCCCC2C(=O)NC1CCCc2ccccc21,Inhibitor of apoptosis protein 3
[H][C@@]12CCN(C(=O)[C@@H](NC(=O)[C@H](C)NC)C3CCCCC3)[C@]1([H])CCN(CCc1ccccc1)C2,Inhibitor of apoptosis protein 3
CNC(C)C(=O)NC(Cc1ccccc1)C(=O)N1CCCC1C(=O)NC(c1ccccc1)c1ccccc1.O=C(O)C(F)(F)F,Inhibitor of apoptosis protein 3
CC[C@H](C)[C@H](NC(=O)[C@@H]1CCCN1C(=O)[C@@H](NC(=O)[C@H](C)N)C(C)C)C(=O)N[C@@H](C)C(=O)N[C@@H](CCC(N)=O)C(=O)N[C@@H](CCCCN)C(=O)N[C@@H](CO)C(=O)N[C@@H](CCC(=O)O)C(=O)N[C@@H](CCCCNC(=O)c1c(C(=O)ON2C(=O)CCC2=O)cccc1-c1c2ccc(=O)cc-2oc2cc(O)ccc12)C(=O)O,Inhibitor of apoptosis protein 3
CN[C@@H](C)C(=O)N[C@H](C(=O)N1c2ccccc2C[C@H]1C(N)=O)C(C)C,Inhibitor of apoptosis protein 3
CN[C@@H](C)C(=O)N[C@@H](Cc1ccc(CCc2ccc(C(=O)NC3C[C@@H](C(=O)NC4CCCc5ccccc54)N(C(=O)[C@@H](NC(=O)[C@H](C)NC)C(C)(C)C)C3)cc2)cc1)C(=O)N1Cc2ccccc2C[C@H]1C(=O)NC1CCCc2ccccc21,Inhibitor of apoptosis protein 3
CC[C@H](C)[C@H](NC(=O)[C@@H]1CCCN1C(=O)[C@@H](NC(=O)[C@H](C)N)C(C)C)C(=O)N[C@@H](C)C(=O)N[C@@H](CCC(N)=O)C(=O)N[C@@H](CCCCN)C(=O)N[C@@H](CO)C(=O)N[C@@H](CCC(=O)O)C(=O)O,Inhibitor of apoptosis protein 3
CC(C)[C@H](NC(=O)[C@H](C)N)C(=O)N1CCC[C@H]1C(=O)NCC1CCCCC1,Inhibitor of apoptosis protein 3
CC(C)[C@H](NC(=O)[C@@H](C)N)C(=O)N1CCC[C@H]1C(=O)NC(c1ccccc1)c1ccccc1.O=C(O)C(F)(F)F,Inhibitor of apoptosis protein 3
CN[C@@H](C)C(=O)N[C@H](C(=O)N1CCC[C@@H]1C(=O)NC(c1ccccc1)c1ccccc1)C(C)C.O=CO,Inhibitor of apoptosis protein 3
CC[C@H](C)[C@H](NC(=O)[C@@H]1CCCN1C(=O)[C@@H](NC(=O)[C@H](C)N)C(C)C)C(=O)N[C@@H](Cc1ccc(O)cc1)C(=O)O,Inhibitor of apoptosis protein 3
C[C@H](N)C(=O)N[C@@H](CCCCN)C(=O)N1CCC[C@H]1C(=O)N[C@@H](Cc1ccccc1)C(=O)N[C@@H](Cc1ccc(O)cc1)C(=O)O,Inhibitor of apoptosis protein 3
CC(C)[C@H](NC(=O)[C@H](C)N)C(=O)N[C@@H](C)C(=O)NC1CCc2ccccc2C1.O=CO,Inhibitor of apoptosis protein 3
CC[C@H](N)C(=O)N[C@H](C(=O)N1CCC[C@H]1C(=O)NC(c1ccccc1)c1ccccc1)C(C)C,Inhibitor of apoptosis protein 3
CCC(CC)CNC(=O)[C@@H]1CCCN1C(=O)[C@@H](NC(=O)[C@H](C)N)C(C)C,Inhibitor of apoptosis protein 3
CN[C@@H](C)C(=O)N[C@@H](C(=O)N1CCC[C@H]1C(=O)NCc1ccccc1)C(C)C.O=CO,Inhibitor of apoptosis protein 3
CC(C)[C@H](NC(=O)[C@H](C)NC(=O)[C@@H](N)CC(=O)O)C(=O)N1CCC[C@H]1C(=O)N[C@@H](Cc1ccccc1)C(N)=O,Inhibitor of apoptosis protein 3
CN[C@@H](C)C(=O)N[C@@H]1C(=O)N(Cc2cc[n+]([O-])c3ccccc23)c2ccccc2OC12CCOCC2,Inhibitor of apoptosis protein 3
[H][C@@]12CC[C@H](NC(=O)[C@H](C)N)CN1[C@H](C(=O)NCc1ccccc1)CC2,Inhibitor of apoptosis protein 3
CN[C@@H](C)C(=O)N[C@H](C(=O)N1CCc2ccccc2[C@H]1C(=O)Nc1c(Cl)cccc1Cl)C(C)C,Inhibitor of apoptosis protein 3
CN[C@H](C)C(=O)N[C@H](C(=O)N1CCC[C@H]1C(=O)N[C@@H]1CCCc2ccccc21)C(C)(C)C,Inhibitor of apoptosis protein 3
CN[C@@H](C)C(=O)N[C@H](C(=O)N1CCC[C@H]1C(=O)NCc1cccnc1)C(C)C,Inhibitor of apoptosis protein 3
CN[C@@H](C)C(=O)N[C@@H]1C(=O)N(Cc2nn(-c3ccccc3C#N)c3ccccc23)c2ccccc2N(C(=O)CS(C)(=O)=O)[C@H]1C,Inhibitor of apoptosis protein 3
CN[C@@H](C)C(=O)N[C@@H]1C(=O)N(Cc2c(OC)ccc3c(Br)cccc23)c2ccccc2OC12CCOCC2,Inhibitor of apoptosis protein 3
[H][C@]12CC[C@@H](C(=O)NC(c3ccccc3)c3ccccc3)N1C(=O)[C@@H](NC(=O)[C@@H](N)CC)[C@@H](CCNCC)CC2,Inhibitor of apoptosis protein 3
CN[C@@H](C)C(=O)N[C@@H]1C(=O)N(Cc2c(OC)ccc3c(Br)cccc23)c2cc(C#N)ccc2N(C(=O)CS(C)(=O)=O)[C@H]1C,Inhibitor of apoptosis protein 3
CN[C@@H](C)C(=O)NC(Cc1ccc(OCc2ccc(C(=O)N[C@H]3CC(C(=O)N[C@@H]4CCCc5ccccc54)N(C(=O)[C@@H](NC(=O)[C@H](C)NC)C(C)(C)C)C3)cc2)cc1)C(=O)C1CC=CC[C@@H]1C(=O)NC1CCCc2ccccc21,Inhibitor of apoptosis protein 3
CN[C@@H](C)C(=O)N[C@H]1CN(C(=O)c2ccc(C(=O)N[C@H]3C[C@@H](C(=O)NC4CCCCC4)N(C(=O)[C@@H](NC(=O)[C@H](C)NC)C4CCCCC4)C3)cc2)c2ccccc2N(Cc2c(OC)ccc3cc(Br)ccc23)C1=O,Inhibitor of apoptosis protein 3
[H][C@]12CC[C@@H](C(=O)NC(c3ccccc3)c3ccccc3)N1C(=O)[C@@H](NC(=O)[C@@H](N)CC)[C@@H](CCN)CC2,Inhibitor of apoptosis protein 3
CN[C@@H](C)C(=O)N[C@H](C(=O)N1CCC[C@H]1C(=O)Nc1cc(C)nc2ccccc12)C(C)C,Inhibitor of apoptosis protein 3
[H][C@@]12CCCC[C@H](NC(=O)[C@@H](N)CC)C(=O)N1[C@H](C(=O)N[C@H](c1ccccc1)c1ccc3ccccc3c1)CC2,Inhibitor of apoptosis protein 3
CN[C@@H](C)C(=O)N[C@H](C(=O)N1C[C@@H](NC(=O)c2ccc(CN(C(=O)[C@@H]3Cc4ccccc4CN3C(=O)[C@@H](NC(=O)[C@H](C)NC)C(C)(C)C)[C@@H](C)c3cccc(F)c3F)cc2)C[C@H]1C(=O)N[C@@H]1CCCc2ccccc21)C(C)(C)C,Inhibitor of apoptosis protein 3
CN[C@@H](C)C(=O)N[C@@H]1CC(Cc2c(OC)ccc3c(Br)cccc23)c2ccccc2O[C@H]1C,Inhibitor of apoptosis protein 3
CN[C@@H](C)C(=O)N[C@H](C(=O)N[C@@H](CCC/N=C(N)N[N+](=O)[O-])C(=O)NNc1ccccc1)C(C)C.O=CO,Inhibitor of apoptosis protein 3
C[C@H](NCC(C)(C)O)C(=O)N[C@H]1COc2ccccc2N(Cc2cccc3c2cnn3-c2ccccc2C#N)C1=O,Inhibitor of apoptosis protein 3
CN[C@@H](C)C(=O)NC(Cc1ccc(CCc2ccc(C(=O)NC3C[C@@H](C(=O)NC4CCCc5ccccc54)N(C(=O)[C@@H](NC(=O)[C@H](C)NC)C(C)(C)C)C3)cc2)cc1)C(=O)N1C[Si](C)(C)C[C@H]1C(=O)NC1CCCc2ccccc21,Inhibitor of apoptosis protein 3
CC(C)[C@H](NC(=O)[C@H](C)N)C(=O)N1CCC[C@H]1C(=O)Nc1ccccc1,Inhibitor of apoptosis protein 3
CN[C@@H](C)C(=O)N[C@@H]1C(=O)N(Cc2c(OC)ccc3cc(Br)ccc23)c2cc(C(F)(F)F)ccc2O[C@H]1C,Inhibitor of apoptosis protein 3
CN[C@@H](C)C(=O)N[C@H](C(=O)N1Cc2ccccc2[C@H]1C(=O)Nc1c(F)cccc1F)[C@@H](C)c1ccccc1,Inhibitor of apoptosis protein 3
CC[C@H](NC(=O)[C@H](C)NC)C(=O)N1CCC[C@H]1C(=O)Nc1c(C)ccc2ncccc12,Inhibitor of apoptosis protein 3
CN[C@@H](C)C(=O)N[C@H]1CN(C(=O)c2ccc(C(=O)N3C[C@H](NC(=O)[C@H](C)NC)C(=O)N(Cc4c(C)ccc5ccccc45)c4ccccc43)cc2)c2ccccc2N(Cc2c(C)ccc3ccccc23)C1=O,Inhibitor of apoptosis protein 3
CN[C@@H](C)C(=O)N[C@@H]1C(=O)N(Cc2c(C)ccc3ccccc23)c2ccc(C#N)cc2N(C(=O)CS(C)(=O)=O)[C@H]1C,Inhibitor of apoptosis protein 3
CC(C)[C@H](N)C(=O)N[C@H](C(=O)N1CCC[C@H]1C(=O)Nc1cccc2ccccc12)C(C)C.O=CO,Inhibitor of apoptosis protein 3
CC(C)[C@H](NC(=O)[C@H](C)N)C(=O)N1CCCN(C2CCCCC2)CC1C(=O)NC(c1ccccc1)c1ccccc1.O=C(O)C(F)(F)F,Inhibitor of apoptosis protein 3
CN[C@@H](C)C(=O)N[C@@H]1C(=O)N(Cc2c(OC)cnc3ccccc23)c2ccccc2OC12CCOCC2,Inhibitor of apoptosis protein 3
CN[C@@H](C)C(=O)N[C@H](C(=O)N1CCC[C@H]1C(=O)N[C@@H]1CCc2ccccc21)C(C)(C)C,Inhibitor of apoptosis protein 3
CC(C)CNC(=O)[C@@H]1CCCN1C(=O)[C@@H](NC(=O)[C@H](C)N)C(C)C,Inhibitor of apoptosis protein 3
CC(C)[C@H](NC(=O)[C@H](C)N)C(=O)N[C@@H](C)C(=O)Nc1cccc2ccccc12,Inhibitor of apoptosis protein 3
CCCCc1cccc(CCC2=C(O)C(=O)C=C(O)C2=O)c1,Inhibitor of apoptosis protein 3
CN[C@@H](C)C(=O)N[C@H]1CN(C(=O)c2ccc(C(=O)N3C[C@H](NC(=O)[C@H](C)NC)C(=O)N(Cc4c(OC)ccc5cc(Br)ccc45)c4ccccc43)cc2)c2ccccc2N(Cc2c(OC)ccc3cc(Br)ccc23)C1=O,Inhibitor of apoptosis protein 3
[H][C@]12CC[C@@H](C(=O)NC(c3ccccc3)c3ccccc3)N1C(=O)[C@@H](NC(=O)[C@H](CC)NC)[C@@H](CN)CC2,Inhibitor of apoptosis protein 3
CN[C@@H](C)C(=O)N[C@H](C(=O)N[C@@H](C)C(=O)N[C@@H]1CCCc2ccccc21)C(C)C,Inhibitor of apoptosis protein 3
[H][C@]12CC[C@@H](C(=O)NC(c3ccccc3)c3ccccc3)N1C(=O)[C@@H](NC(=O)[C@H](CC)NC)[C@@H](CCNCC)CC2,Inhibitor of apoptosis protein 3
CN[C@@H](C)C(=O)N[C@@H]1C(=O)N(Cc2c(OC)ccc3cc(Br)ccc23)c2cccc(F)c2OC12CCOCC2,Inhibitor of apoptosis protein 3
CN[C@@H](C)C(=O)N[C@H](C(=O)N[C@@H](CCCNC(=O)OCc1ccccc1)C(=O)NNc1ccccc1)C(C)C,Inhibitor of apoptosis protein 3
CN[C@@H](C)C(=O)N[C@H](C(=O)N1C[C@@H](Oc2ccccc2)C[C@H]1C(=O)N[C@@H]1CCCc2ccccc21)C(C)(C)C,Inhibitor of apoptosis protein 3
CC[C@H](NC(=O)[C@H](C)NC)C(=O)N1CCC[C@H]1c1nc(-c2ccccc2)c(-c2ccccc2)o1.O=CO,Inhibitor of apoptosis protein 3
CN[C@@H](C)C(=O)N[C@H](C(=O)N1CCc2ccccc2[C@H]1C(=O)Nc1c(F)cccc1F)C1CCOCC1,Inhibitor of apoptosis protein 3
CN[C@@H](C)C(=O)N[C@H](C(=O)N1CCC[C@H]1C(=O)Nc1ccc2ccccc2c1)C(C)(C)C,Inhibitor of apoptosis protein 3
CN[C@@H](C)C(=O)N[C@H]1COc2c(C)cccc2N(Cc2c(OC)ccc3cc(C)ccc23)C1=O,Inhibitor of apoptosis protein 3
CN[C@@H](C)C(=O)N[C@@H]1C(=O)N(Cc2c(C3CC3)cnc3ccccc23)c2ccccc2N(C(=O)c2ccc(C(C)=O)cc2)[C@H]1C,Inhibitor of apoptosis protein 3
CCN1CCN(C(=O)[C@@H](NC(=O)[C@H](C)N)C(C)C)C(C(=O)NC(c2ccccc2)c2ccccc2)C1.O=C(O)C(F)(F)F,Inhibitor of apoptosis protein 3
CN[C@@H](C)C(=O)N[C@H](C(=O)N1CCC[C@H]1C(=O)N[C@@H]1CCCc2ccccc21)C1CCCCC1,Inhibitor of apoptosis protein 3
CN[C@@H](C)C(=O)N[C@H]1CSc2c(NC(=O)CCCCC(C)=O)cccc2N(Cc2cccc3ccccc23)C1=O,Inhibitor of apoptosis protein 3
C[C@@H]1CN(CC(=O)N2CC(C)(C)c3ncc(Cc4ccc(F)cc4F)cc32)[C@@H](CN2CC[C@@H](F)C2)CN1,Inhibitor of apoptosis protein 3
CN[C@@H](C)C(=O)N[C@H](C(=O)N1CC(NC(=O)c2ccc(CN(C(=O)[C@@H]3C[Si](C)(C)CN3C(=O)[C@@H](NC(=O)[C@H](C)NC)C(C)(C)C)[C@H](C)c3ccccc3F)cc2)C[C@H]1C(=O)NC1CCCc2ccccc21)C(C)(C)C,Inhibitor of apoptosis protein 3
CN[C@@H](C)C(=O)N[C@@H]1C(=O)N(Cc2c(OC)ccc3cc(Br)ccc23)c2ccccc2N(C(=O)C2CCOCC2)[C@H]1C,Inhibitor of apoptosis protein 3
CN[C@@H](C)C(=O)N[C@H](C(=O)N1Cc2ccccc2C[C@@H]1C(=O)NCc1c[nH]c2ccccc12)C(C)(C)C,Inhibitor of apoptosis protein 3
CN[C@@H](C)C(=O)N[C@H](C(=O)N1c2ccccc2C[C@H]1C(=O)Nc1ccccc1OC)c1ccccc1,Inhibitor of apoptosis protein 3
CN[C@@H](C)C(=O)N[C@H](C(=O)N1CCc2ccc(F)cc2[C@@H]1C(=O)Nc1c(F)cccc1F)C(C)C,Inhibitor of apoptosis protein 3
CN[C@@H](C)C(=O)N[C@H](C(=O)N1CCC[C@H]1C(=O)N[C@@H]1CCCc2ccccc21)C(C)(C)C,Inhibitor of apoptosis protein 3
CN[C@@H](C)C(=O)N[C@@H]1C(=O)N(Cc2c(C)ccc3ccccc23)c2ccc(C#N)cc2N(C(C)=O)[C@H]1C,Inhibitor of apoptosis protein 3
CN[C@@H](C)C(=O)N[C@H]1COc2c(C(=O)NCCC(=O)O)cccc2N(Cc2c(OC)ccc3cc(Br)ccc23)C1=O,Inhibitor of apoptosis protein 3
[H][C@@]12CCCC[C@H](NC(=O)[C@H](CC)N3CCCC3)C(=O)N1[C@H](C(=O)NC(c1ccccc1)c1ccccc1)CC2,Inhibitor of apoptosis protein 3
[H][C@]12CC[C@@H](C(=O)NC(c3ccccc3)c3ccccc3)N1C(=O)[C@@H](NC(=O)[C@@H](N)CC)[C@@H](CNC(N)=S)CC2,Inhibitor of apoptosis protein 3
C[C@H](N)C(=O)N[C@@H](C(=O)N1CCC[C@H]1C(=O)NC(c1ccccc1)c1ccccc1)C1CCCCC1.O=C(O)C(F)(F)F,Inhibitor of apoptosis protein 3
[H][C@]12CC[C@@H](C(=O)NC(c3ccccc3)c3ccccc3)N1C(=O)[C@@H](NC(=O)[C@@H](N)CC)[C@@H](CN=[N+]=[N-])CC2,Inhibitor of apoptosis protein 3
CN[C@@H](C)C(=O)N[C@H]1COc2ccccc2N(Cc2c(OC)ccc3cc(C(=O)O)ccc23)C1=O,Inhibitor of apoptosis protein 3
C[C@H](N)C(=O)NC(C)(C)C(=O)N1CCC[C@H]1C(=O)N[C@@H](Cc1ccccc1)C(=O)N[C@@H](Cc1ccc(O)cc1)C(=O)O,Inhibitor of apoptosis protein 3
CN[C@@H](C)C(=O)N[C@H](C(=O)N1Cc2ccccc2[C@H]1C(=O)Nc1c(F)cccc1F)c1ccccc1,Inhibitor of apoptosis protein 3
C[C@H](N)C(=O)Nc1nc2c(s1)CCCCC2C(=O)NC(c1ccccc1)c1ccccc1,Inhibitor of apoptosis protein 3
CN[C@@H](C)C(=O)N[C@@H]1C(=O)N(Cc2ccnc3ccccc23)c2ccccc2N(C(=O)CS(C)(=O)=O)[C@H]1C,Inhibitor of apoptosis protein 3
[H][C@@]12CC[C@H](COC(C)=O)[C@H](NC(=O)[C@@H](N)CC)C(=O)N1[C@H](C(=O)NC(c1ccccc1)c1ccccc1)CC2,Inhibitor of apoptosis protein 3
CC[C@H](NC)C(=O)N[C@@H](Cc1ccc(NC(=O)c2ccc(C(=O)N[C@H]3C[C@@H](C(=O)N[C@@H]4CCCc5ccccc54)N(C(=O)[C@@H](NC(=O)[C@H](C)NC)C(C)(C)C)C3)cc2)cc1)C(=O)N1C[Si](C)(C)C[C@H]1C(=O)N[C@@H]1CCCc2ccccc21,Inhibitor of apoptosis protein 3
CN[C@@H](C)C(=O)N[C@@H]1C(=O)N(Cc2noc3ccccc23)c2ccccc2OC12CCOCC2.Cl,Inhibitor of apoptosis protein 3
CN[C@@H](C)C(=O)N[C@@H](Cc1ccc(OCc2ccc(C(=O)NC3C[C@@H](C(=O)NC4CCCc5ccccc54)N(C(=O)[C@@H](NC(=O)[C@H](C)NC)C(C)(C)C)C3)cc2)cc1)C(=O)N1CC=CCC1C(=O)N[C@@H]1CCCc2ccccc21,Inhibitor of apoptosis protein 3
C[C@@H]1CN(CC(=O)N2CC(C)(C)c3cnc(Cc4ccc(F)cc4F)cc32)[C@@H](CN2CCOCC2)CN1,Inhibitor of apoptosis protein 3
CC[C@H](NCCO)C(=O)N[C@H]1COc2ccccc2N(Cc2c(OC)ccc3cc(Br)ccc23)C1=O,Inhibitor of apoptosis protein 3
[H][C@]12CC[C@@H](C(=O)NC(c3ccccc3)c3ccccc3)N1C(=O)[C@@H](NC(=O)[C@@H](N)CC)[C@@H](CNCc1ccccc1)CC2,Inhibitor of apoptosis protein 3
CN[C@@H](C)C(=O)N[C@H](C(=O)N[C@H](C(=O)Nc1cccc2ccccc12)C(C)C)C(C)C.O=CO,Inhibitor of apoptosis protein 3
CN[C@@H](C)C(=O)N[C@@H]1C(=O)N(Cc2c(OC)ccc3c(Br)cccc23)c2ccccc2N(C(=O)c2ccc(C(C)=O)cc2)[C@H]1C,Inhibitor of apoptosis protein 3
CN[C@@H](C)C(=O)N[C@H](C(=O)N1CCC[C@@H]1C(=O)NC(c1ccccc1)c1ccccc1)C(C)C,Inhibitor of apoptosis protein 3
CN[C@@H](C)C(=O)N[C@H]1COc2c(cccc2C(F)(F)F)N(Cc2noc3ccccc23)C1=O,Inhibitor of apoptosis protein 3
CN[C@@H](C)C(=O)N[C@H](C(=O)N1CCC[C@H]1C(=O)Nc1cccc2ccccc12)C(C)(C)C,Inhibitor of apoptosis protein 3
C[C@H](N)C(=O)Nc1nc2c(s1)CCc1ccccc1-2,Inhibitor of apoptosis protein 3
CN[C@@H](C)C(=O)N[C@@H](CC(C)C)C(=O)N1CCC[C@H]1C(=O)NC1CCCc2ccccc21.O=CO,Inhibitor of apoptosis protein 3
CN[C@@H](C)C(=O)N[C@H]1CSc2c(NC(=O)C3CCN(C)CC3)cccc2N(Cc2cccc3ccccc23)C1=O,Inhibitor of apoptosis protein 3
Cc1cccc(CCc2cccc(CCC3=C(O)C(=O)C=C(O)C3=O)c2)c1,Inhibitor of apoptosis protein 3
CN[C@H](C)C(=O)N[C@H]1CCc2ccccc2N(Cc2c(OC)ccc3cc(Br)ccc23)C1=O.Cl,Inhibitor of apoptosis protein 3
COC[C@H]1CN[C@H](C)CN1CC(=O)N1CC(C)(C)c2cnc(Cc3ccc(Cl)cc3)cc21,Inhibitor of apoptosis protein 3
CN[C@@H](C)C(=O)N[C@H](C(=O)N1CCC[C@H]1C(=O)Nc1nccc2ccccc12)C(C)C,Inhibitor of apoptosis protein 3
C[C@H](N)C(=O)Nc1nc2c(ccc3ccccc32)s1,Inhibitor of apoptosis protein 3
COc1ccc2cc(Br)ccc2c1CN1C(=O)[C@@H](NC(=O)[C@@H](N)[C@H](C)O)C2(CCOCC2)Oc2ccccc21,Inhibitor of apoptosis protein 3
O=C(Cn1cccc(NS(=O)(=O)Cc2ccccc2)c1=O)N[C@@H]1CCCc2ccccc21,Inhibitor of apoptosis protein 3
CN[C@@H](C)C(=O)N[C@H](C(=O)N[C@@H](C)C(=O)NC(c1ccccc1)c1ccccc1)C(C)C.O=CO,Inhibitor of apoptosis protein 3
CN[C@@H](C)C(=O)N[C@@H]1C(=O)N(Cc2c(OC)ccc3cc(Br)ccc23)c2ccccc2OC12CCOCC2,Inhibitor of apoptosis protein 3
CN[C@@H](C)C(=O)N[C@@H]1C(=O)N(Cc2c(OC)ccc3cc(Br)ccc23)c2ccccc2OC1(C)C,Inhibitor of apoptosis protein 3
[H][C@@]12[C@@H](NC(=O)c3ccc4c(c3)OCO4)CC[C@]1([H])CCN2C(=O)[C@@H](NC(=O)[C@H](C)NC)C(C)(C)C,Inhibitor of apoptosis protein 3
CN[C@@H](C)C(=O)NC(Cc1ccc(OCc2ccc(C(=O)N[C@H]3CC(C(=O)N[C@@H]4CCCc5ccccc54)N(C(=O)[C@@H](NC(=O)[C@H](C)NC)C(C)(C)C)C3)cc2)cc1)C(=O)C1CCCC[C@@H]1C(=O)NC1CCCc2ccccc21,Inhibitor of apoptosis protein 3
C[C@@H]1CN(CC(=O)N2CC(C)(C)c3cnc(Cc4ccccc4)cc32)[C@@H](Cn2cccn2)CN1,Inhibitor of apoptosis protein 3
C[C@H](N)C(=O)N[C@H](C(=O)N1CCC[C@H]1C(=O)N[C@@H](Cc1ccccc1)C(=O)N[C@@H](Cc1ccc(O)cc1)C(=O)O)C(C)(C)C,Inhibitor of apoptosis protein 3
CC(C)[C@H](NC(=O)[C@H](C)N)C(=O)N[C@@H](C)C(=O)NNc1ccccc1,Inhibitor of apoptosis protein 3
CC(C)[C@H](NC(=O)[C@H](C)N)C(=O)N1CCC[C@H]1C(=O)NCc1cccs1,Inhibitor of apoptosis protein 3
Cl.[H][C@]12CCC(NC(=O)[C@H](C)N)C(=O)N1[C@H](C(=O)NCc1ccccc1)CC2,Inhibitor of apoptosis protein 3
CN[C@@H](C)C(=O)N[C@H](C(=O)N[C@H](C(=O)NNc1cccc(F)c1)C(C)C)C(C)C,Inhibitor of apoptosis protein 3
[H][C@@]12CCCC[C@H](NC(=O)[C@H](C)NC)C(=O)N1[C@H](C(=O)N[C@@H]1CCc3ccccc31)CC2,Inhibitor of apoptosis protein 3
CN[C@@H](C)C(=O)N[C@@H]1C(=O)N(Cc2c(OC)ccc3ccccc23)c2ccccc2N(C(=O)C2CCOCC2)[C@H]1C,Inhibitor of apoptosis protein 3
CN[C@H](C)C(=O)N[C@H](C(=O)N1CCC[C@H]1C(=O)NC(c1ccccc1)c1ccccc1)C(C)C,Inhibitor of apoptosis protein 3
CC[C@H](C)[C@H](NC(=O)[C@H](C)NC)C(=O)N1CCC[C@H]1C(=O)NC(c1ccccc1)c1ccccc1,Inhibitor of apoptosis protein 3
[H][C@@]12[C@@H](NC(=O)c3ccc(F)c4ccccc34)CC[C@]1([H])CCN2C(=O)[C@@H](NC(=O)[C@H](C)NC)C(C)(C)C,Inhibitor of apoptosis protein 3
C[C@H](N)C(=O)Nc1nc(COCc2ccccc2)c(Cc2ccccc2)s1,Inhibitor of apoptosis protein 3
CN[C@@H](C)C(=O)N[C@@H]1C(=O)N(Cc2c(OC)ccc3ccccc23)c2ccccc2N(C(C)=O)[C@H]1C,Inhibitor of apoptosis protein 3
CN[C@@H](C)C(=O)N[C@H](C(=O)N[C@@H](C)C(=O)Nc1cccc2ccccc12)C(C)C.O=CO,Inhibitor of apoptosis protein 3
CN[C@@H](C)C(=O)N[C@@H](CCC(N)=O)C(=O)N1CCC[C@H]1C(=O)NC(c1ccccc1)c1ccccc1,Inhibitor of apoptosis protein 3
CN[C@@H](C)C(=O)N[C@H](C(=O)N1CCC[C@H]1C(=O)Nc1nccc2ccccc12)C(C)C.O=CO.O=CO,Inhibitor of apoptosis protein 3
CC(C)[C@H](NC(=O)[C@H](C)N)C(=O)N1CCC[C@H]1C(=O)N[C@H](C(=O)N[C@@H](Cc1ccc(O)cc1)C(=O)O)c1ccccc1,Inhibitor of apoptosis protein 3
CCCC[C@H](NC(=O)[C@@H]1CCCN1C(=O)[C@@H](NC(=O)[C@H](C)N)C(C)C)C(=O)N[C@@H](Cc1ccc(O)cc1)C(=O)O,Inhibitor of apoptosis protein 3
CN[C@@H](C)C(=O)N[C@H](C(=O)N1CCC[C@H]1C(=O)Nc1cccc2ncccc12)C(C)C.O=CO,Inhibitor of apoptosis protein 3
[H][C@@]12[C@@H](NC(=O)c3ccc(C)c4ccccc34)CC[C@]1([H])CCN2C(=O)[C@@H](NC(=O)[C@H](C)NC)C(C)(C)C,Inhibitor of apoptosis protein 3
CN[C@@H](C)C(=O)N[C@H]1CN(C(=O)c2ccc3cc(C(=O)N4C[C@H](NC(=O)[C@H](C)NC)C(=O)N(Cc5c(OC)ccc6cc(Br)ccc56)c5ccccc54)ccc3c2)c2ccccc2N(Cc2c(OC)ccc3cc(Br)ccc23)C1=O,Inhibitor of apoptosis protein 3
[H][C@@]12CCCC[C@H](NC(=O)[C@H](C)N)C(=O)N1[C@H](C(=O)NCc1ccccc1)CC2,Inhibitor of apoptosis protein 3
CN[C@@H](C)C(=O)N[C@H](C(=O)N[C@@H](CCC(N)=O)C(=O)Nc1cccc2ccccc12)C(C)C.O=CO,Inhibitor of apoptosis protein 3
CC(C)[C@H](NC(=O)[C@H](C)N)C(=O)N1CCC[C@H]1C(=O)N[C@@H](Cc1ccccc1)C(=O)N[C@@H](Cc1ccc(O)cc1)C(N)=O,Inhibitor of apoptosis protein 3
CN[C@@H](C)C(=O)N[C@H]1CN(C(=O)c2ccc3ccc(C(=O)N4C[C@H](NC(=O)[C@H](C)NC)C(=O)N(Cc5c(OC)ccc6cc(Br)ccc56)c5ccccc54)cc3c2)c2ccccc2N(Cc2c(OC)ccc3cc(Br)ccc23)C1=O,Inhibitor of apoptosis protein 3
CN[C@@H](C)C(=O)N[C@H](C(=O)N1CCc2ccccc2[C@H]1C(=O)Nc1c(F)cccc1Cl)C(C)C,Inhibitor of apoptosis protein 3
C[C@@H]1CN(CC(=O)N2CC(C)(C)c3cnc(Cc4ccc(F)cc4)cc32)[C@@H](CN2CCOCC2)CN1,Inhibitor of apoptosis protein 3
CN[C@@H](C)C(=O)N[C@@H]1C(=O)N(Cc2noc3cc(Br)ccc23)c2ccccc2N(C(=O)CS(C)(=O)=O)[C@H]1C,Inhibitor of apoptosis protein 3
CN[C@@H](C)C(=O)N[C@@H]1C(=O)N(Cc2c(C)ccc3ccccc23)c2ccc(C#N)cc2N(C(=O)C2CCOCC2)[C@H]1C,Inhibitor of apoptosis protein 3
CN[C@@H](C)C(=O)N[C@H]1C(=O)N(Cc2c(OC)ccc3cc(Br)ccc23)c2ccccc2OC12COC2,Inhibitor of apoptosis protein 3
CN[C@@H](C)C(=O)N[C@H](C(=O)N1C[C@@H](NC(=O)c2ccc(C(=O)Nc3ccc4c(c3)CN(C(=O)[C@@H](NC(=O)[C@H](C)NC)C(C)(C)SCC(=O)NCCCNCCCCNCCCN)[C@H](C(=O)N[C@@H]3CCCc5ccccc53)C4)cc2)C[C@H]1C(=O)N[C@@H]1CCCc2ccccc21)C(C)(C)C,Inhibitor of apoptosis protein 3
C[C@H]1CN(C[C@H]2CN[C@H](C)CN2CC(=O)N2CC(C)(C)c3ncc(Cc4ccc(F)cc4)cc32)C[C@@H](C)O1,Inhibitor of apoptosis protein 3
CN[C@@H](C)C(=O)N[C@H](C(=O)N[C@@H](CCCN=C(N)N)C(=O)NC1CCCc2ccccc21)C(C)C.O=CO,Inhibitor of apoptosis protein 3
CN[C@@H](C)C(=O)N[C@H](C(=O)N1CCC[C@H]1C(=O)Nc1cccc2cccnc12)C(C)C,Inhibitor of apoptosis protein 3
CN[C@@H](C)C(=O)N[C@H](C(=O)N1c2ccccc2C(C)(C)[C@H]1C(=O)Nc1c(F)cccc1F)C(C)C,Inhibitor of apoptosis protein 3
CN[C@@H](C)C(=O)N[C@H](C(=O)N1c2ccccc2C[C@H]1C(=O)Nc1ccccc1-c1ccccc1)c1ccccc1,Inhibitor of apoptosis protein 3
CN[C@@H](C)C(=O)N[C@H](C(=O)N1C[C@H](NC(=O)c2ccc(C(=O)N3C[C@H](NC(=O)[C@@H](C)NC)C(=O)N(Cc4c(OC)ccc5cc(Br)ccc45)c4ccccc43)cc2)C[C@@H]1C(=O)NCc1ccccc1)C1CCCCC1,Inhibitor of apoptosis protein 3
CN[C@@H](C)C(=O)N[C@H](C(=O)N1Cc2ccccc2[C@@H]1C(=O)Nc1cccc2ccccc12)C(C)C,Inhibitor of apoptosis protein 3
CN[C@H](C(=O)N[C@@H]1C(=O)N(Cc2c(OC)ccc3cc(Br)ccc23)c2ccc(C)cc2O[C@H]1C)[C@H](C)O,Inhibitor of apoptosis protein 3
CN[C@@H](C)C(=O)NC1C(=O)N(Cc2c(OC)ccc3cc(Br)ccc23)c2ccccc2OC12CCNC2,Inhibitor of apoptosis protein 3
CN[C@@H](C)C(=O)N[C@H]1COc2ccccc2N(Cc2c(Cl)n(-c3ccccc3C#N)c3ccccc23)C1=O,Inhibitor of apoptosis protein 3
CC(C)[C@H](NC(=O)CN)C(=O)N1CCC[C@H]1C(=O)NCCc1ccccc1,Inhibitor of apoptosis protein 3
[H][C@]12CC[C@@H](C(=O)NC(c3ccccc3)c3ccccc3)N1C(=O)[C@@H](NC(=O)[C@@H](N)CC)[C@@H](CCO)CC2,Inhibitor of apoptosis protein 3
CC(C)[C@H](NC(=O)CN)C(=O)N1CCC[C@H]1C(=O)N[C@@H](Cc1ccccc1)C(=O)N[C@@H](Cc1ccc(O)cc1)C(=O)O,Inhibitor of apoptosis protein 3
[H][C@@]12CCCC[C@H](NC(=O)[C@@H](N)CC)C(=O)N1[C@H](C(=O)NC(c1ccccc1)c1ccccc1)CC2,Inhibitor of apoptosis protein 3
CC(C)[C@H](NC(=O)[C@H](C)N)C(=O)NCC(=O)N[C@@H](Cc1ccccc1)C(=O)N[C@@H](Cc1ccc(O)cc1)C(=O)O,Inhibitor of apoptosis protein 3
CN[C@@H](C)C(=O)N[C@H]1COc2ccc(C(F)(F)F)cc2N(Cc2c(OC)ccc3cc(Br)ccc23)C1=O,Inhibitor of apoptosis protein 3
CC(C)C(NC(=O)[C@H](C)N)c1nc(C(=O)NCc2ccccc2)cs1,Inhibitor of apoptosis protein 3
CC[C@H](NC(=O)[C@H](C)NC)C(=O)N1CCC[C@H]1C(=O)Nc1c(C)ccc2ncccc12.O=CO.O=CO,Inhibitor of apoptosis protein 3
C[C@H](N)C(=O)N[C@@H](C)C(=O)N1CCC[C@H]1C(=O)N[C@@H](Cc1ccccc1)C(=O)N[C@@H](Cc1ccc(O)cc1)C(=O)O,Inhibitor of apoptosis protein 3
C[C@@H]1CN(CC(=O)N2CC(C)(COCc3ccccc3)c3cnc(Cc4ccccc4)cc32)[C@@H](C(=O)N(C)C)CN1,Inhibitor of apoptosis protein 3
C[C@@H](C(=O)N[C@H](C(=O)N1CCC[C@H]1C(=O)N[C@@H]1CCCc2ccccc21)C1CCCCC1)N(C)C,Inhibitor of apoptosis protein 3
CN[C@@H](C)C(=O)N[C@H](C(=O)N[C@@H](CCCNC(=O)OCc1ccccc1)C(=O)Nc1cccc2ccccc12)C(C)C.O=CO,Inhibitor of apoptosis protein 3
CC(C)[C@H](N)C(=O)N1CCC[C@H]1C(=O)N[C@@H](Cc1ccccc1)C(=O)N[C@@H](Cc1ccc(O)cc1)C(=O)O,Inhibitor of apoptosis protein 3
CN[C@@H](C)C(=O)N[C@H]1CN(C(=O)c2ccc(C(=O)N[C@H]3C[C@@H](C(=O)N[C@H]4CCCc5ccccc54)N(C(=O)[C@@H](NC(=O)[C@H](C)NC)C4CCCCC4)C3)cc2)c2ccccc2N(Cc2c(OC)ccc3cc(Br)ccc23)C1=O,Inhibitor of apoptosis protein 3
CN[C@@H](C)C(=O)N[C@@H](C(=O)N1CCC[C@H]1C(=O)Nc1cccc2ccccc12)C(C)C.O=CO,Inhibitor of apoptosis protein 3
CN[C@@H](C)C(=O)N[C@H](C(=O)N1CCC[C@H]1C(=O)NCCc1ccccc1)C(C)(C)C,Inhibitor of apoptosis protein 3
CN[C@@H](C)C(=O)N[C@H]1COc2c(cccc2C(F)(F)F)N(Cc2c(C)ccc3ccccc23)C1=O,Inhibitor of apoptosis protein 3
CN[C@@H](C)C(=O)N[C@@H]1C(=O)N(Cc2c(OC)ccc3cc(C(=O)NS(C)(=O)=O)ccc23)c2ccccc2OC12CCOCC2,Inhibitor of apoptosis protein 3
[H][C@@]12CC[C@H](NC(=O)[C@@H](N)C(C)C)CN1[C@H](C(=O)NCc1ccccc1)CC2,Inhibitor of apoptosis protein 3
CN[C@@H](C)C(=O)N[C@H](C(=O)N1CCC[C@H]1C(=O)Nc1cccc2ccccc12)C(C)C.O=CO,Inhibitor of apoptosis protein 3
CN[C@@H](C)C(=O)N[C@H]1COc2ccccc2N(Cc2cccc3c2cc(C#N)n3-c2ccccc2C#N)C1=O,Inhibitor of apoptosis protein 3
CN[C@@H](C)C(=O)N[C@H]1COc2ccccc2N(Cc2c(OC)ccc3cc(Br)ccc23)C1=O.O=C(O)C(F)(F)F,Inhibitor of apoptosis protein 3
[H][C@@]12CC[C@H](NC(=O)[C@@H](N)CC)CN1[C@H](C(=O)NCc1ccccc1)CC2,Inhibitor of apoptosis protein 3
CCN[C@@H](C)C(=O)N[C@H]1COc2ccccc2N(Cc2cccc3c2cnn3-c2ccccc2C#N)C1=O,Inhibitor of apoptosis protein 3
CC(C)[C@H](NC(=O)[C@H](C)N)C(=O)N1CCC[C@H]1C(=O)N[C@@H](Cc1ccccc1)C(=O)N[C@@H](Cc1ccc(O)cc1)C(=O)O,Inhibitor of apoptosis protein 3
CN[C@@H](C)C(=O)N[C@H](C(=O)N1CCC[C@H]1C(=O)N[C@H]1CCCc2ccccc21)C(C)C.O=CO,Inhibitor of apoptosis protein 3
[H][C@]12CC[C@@H](C(=O)NC(c3ccccc3)c3ccccc3)N1C(=O)[C@@H](NC(=O)[C@@H](N)CC)[C@@H](CNC(=S)NCC)CC2,Inhibitor of apoptosis protein 3
CN[C@@H](C)C(=O)N[C@H](C(=O)N1c2ccccc2C[C@H]1C(=O)Nc1ccccc1)c1ccccc1,Inhibitor of apoptosis protein 3
CC(C)[C@H](NC(=O)[C@H](C)N)C(=O)N[C@@H](C)C(=O)Nc1cccc2ccccc12.O=CO,Inhibitor of apoptosis protein 3
CN[C@@H](C)C(=O)N[C@H](C(=O)N1Cc2ccccc2C1C(=O)NCc1ccccc1)C(C)C,Inhibitor of apoptosis protein 3
[H][C@@]12[C@@H](NC(=O)c3c(OC)ccc4ccccc34)CC[C@]1([H])CCN2C(=O)[C@@H](NC(=O)[C@H](C)NC)C(C)(C)C,Inhibitor of apoptosis protein 3
CN[C@@H](C)C(=O)N[C@H](C(=O)N1C[C@H](c2ccccc2)C[C@H]1C(=O)NC(c1ccccc1)c1ccccc1)C(C)(C)C,Inhibitor of apoptosis protein 3
CN[C@@H](C)C(=O)N[C@@H]1C(=O)N(Cc2c(OC)ccc3cc(Br)ccc23)c2ccccc2N(C(=O)CS(C)(=O)=O)[C@H]1C,Inhibitor of apoptosis protein 3
CN[C@@H](C)C(=O)N[C@@H]1C(=O)N(Cc2c(OC)ccc3cc(Br)ccc23)c2ccccc2N(C(=O)COC)[C@H]1C,Inhibitor of apoptosis protein 3
CC(C)[C@H](NC(=O)[C@@H](N)CO)C(=O)N[C@@H](C)C(=O)Nc1cccc2ccccc12,Inhibitor of apoptosis protein 3
CN[C@@H](C)C(=O)N[C@H]1C(=O)N(Cc2c(OC)ccc3cc(Br)ccc23)c2ccc(F)c(F)c2OC12CCOCC2,Inhibitor of apoptosis protein 3
CN[C@@H](C)C(=O)N[C@H](C(=O)N1c2ccccc2C[C@H]1C(=O)NCc1ccccc1)c1ccccc1,Inhibitor of apoptosis protein 3
CN[C@@H](C)C(=O)N[C@@H]1C(=O)N(Cc2cccc3c2cc(C#N)n3-c2ccccc2C#N)c2ccccc2OC12CCOCC2,Inhibitor of apoptosis protein 3
CC(C(=O)N1CCC[C@H]1C(=O)N[C@@H](Cc1ccccc1)C(=O)N[C@@H](Cc1ccc(O)cc1)C(=O)O)N(C)C(=O)[C@H](C)N,Inhibitor of apoptosis protein 3
CNC(C)C(=O)N[C@H](C(=O)N1C[C@@H](Oc2ccccc2)C[C@H]1C(=O)NC1CCCc2ccccc21)C1CCCCC1,Inhibitor of apoptosis protein 3
CN[C@@H](C)C(=O)N[C@@H]1C(=O)N(Cc2c(OC)ccc3cc(Br)ccc23)c2ccccc2OC12CCOCC2.Cl,Inhibitor of apoptosis protein 3
CC(C)[C@H](NC(=O)[C@H](C)N)C(=O)N(C)C(C)C(=O)N[C@@H](Cc1ccccc1)C(=O)N[C@@H](Cc1ccc(O)cc1)C(=O)O,Inhibitor of apoptosis protein 3
[H][C@@]12CCC[C@H](NC(=O)[C@H](C)N)C(=O)N1[C@H](C(=O)NCc1ccccc1)CC2,Inhibitor of apoptosis protein 3
COC(=O)[C@H](Cc1ccc(O)cc1)NC(=O)[C@H](C)N,Inhibitor of apoptosis protein 3
CN[C@@H](C)C(=O)N[C@H]1CCCCN(Cc2nc(-c3ccccc3)c(-c3ccccc3)o2)C1=O.O=CO,Inhibitor of apoptosis protein 3
C[C@H](N)C(=O)Nc1nc(-c2ccc(Cc3ccccc3)cc2)c(-c2ccccc2)s1,Inhibitor of apoptosis protein 3
C[C@H](N)C(=O)N[C@@H](CCCN=C(N)N)C(=O)N1CCC[C@@H]1C(=O)N[C@@H](Cc1ccccc1)C(=O)N[C@@H](C)C(=O)N[C@@H](CCC(N)=O)C(=O)N[C@@H](CCCCN)C(=O)O,Inhibitor of apoptosis protein 3
CN[C@@H](C)C(=O)N[C@H]1CSc2c(NS(=O)(=O)c3ccccc3)cccc2N(Cc2cccc3ccccc23)C1=O,Inhibitor of apoptosis protein 3
CN[C@@H](C)C(=O)N[C@@H](CC(=O)OC)C(=O)N1CCC[C@H]1C(=O)OCc1ccccc1.O=CO,Inhibitor of apoptosis protein 3
CN[C@@H](C)C(=O)NC(Cc1ccc(C(=O)Nc2ccc(C(=O)N[C@H]3C[C@@H](C(=O)NC4CCCc5ccccc54)N(C(=O)[C@@H](NC(=O)[C@H](C)NC)C(C)(C)C)C3)cc2)cc1)C(=O)N1C[Si](C)(C)C[C@H]1C(=O)NC1CCCc2ccccc21,Inhibitor of apoptosis protein 3
[H][C@@]12CC[C@H](NC(=O)[C@@H](N)CCC)CN1[C@H](C(=O)NCc1ccccc1)CC2,Inhibitor of apoptosis protein 3
CN[C@@H](C)C(=O)N[C@H]1CN(C(=O)c2cccc(C(=O)N3C[C@H](NC(=O)[C@H](C)NC)C(=O)N(Cc4c(OC)ccc5cc(Br)ccc45)c4ccccc43)n2)c2ccccc2N(Cc2c(OC)ccc3cc(Br)ccc23)C1=O,Inhibitor of apoptosis protein 3
CN[C@@H](C)C(=O)N[C@@H](Cc1ccc(NC(=O)NC2C[C@@H](C(=O)N[C@@H]3CCCc4ccccc43)N(C(=O)[C@@H](NC(=O)[C@H](C)NC)C(C)(C)C)C2)cc1)C(=O)N1C[Si](C)(C)C[C@H]1C(=O)NC1CCCc2ccccc21,Inhibitor of apoptosis protein 3
CN[C@@H](C)C(=O)N[C@@H](Cc1ccc(OCc2ccc(C(=O)NC3C[C@@H](C(=O)NC4CCCc5ccccc54)N(C(=O)[C@@H](NC(=O)[C@H](C)NC)C(C)(C)C)C3)cc2)cc1)C(=O)N1CCCCC1C(=O)N[C@@H]1CCCc2ccccc21,Inhibitor of apoptosis protein 3
CN[C@@H](C)C(=O)N[C@H]1COc2c(F)cccc2N(Cc2c(OC)ccc3cc(Br)ccc23)C1=O,Inhibitor of apoptosis protein 3
CN[C@@H](C)C(=O)N[C@@H]1C(=O)N(Cc2c(C3CC3)cnc3ccccc23)c2ccc(C#N)cc2N(C(=O)C2CCOCC2)[C@H]1C,Inhibitor of apoptosis protein 3
CN[C@@H](C)C(=O)N[C@H](C(=O)N1C[C@H](c2ccccc2)C[C@H]1C(=O)N[C@@H]1CCCc2ccccc21)C(C)(C)C,Inhibitor of apoptosis protein 3
CN[C@@H](C)C(=O)N[C@@H]1C(=O)N(Cc2c(OC)ccc3cc(Br)ccc23)c2ccccc2OC1(C)CSC,Inhibitor of apoptosis protein 3
CN[C@@H](C)C(=O)N[C@H](C(=O)N[C@H](C(=O)NNc1ccccc1)[C@@H](C)O)C(C)C,Inhibitor of apoptosis protein 3
CN[C@@H](C)C(=O)N[C@H]1CNc2ccccc2N(Cc2cccc3ccccc23)C1=O.Cl,Inhibitor of apoptosis protein 3
CN[C@@H](C)C(=O)N[C@H]1COc2ccccc2N(Cc2ccccc2OC)C1=O,Inhibitor of apoptosis protein 3
CN[C@@H](C)C(=O)N[C@H](C(=O)N[C@@H](CCC(N)=O)C(=O)NC1CCCc2ccccc21)C(C)C.O=CO,Inhibitor of apoptosis protein 3
CN[C@@H](C)C(=O)N[C@@H]1C(=O)N(Cc2c(C3CC3)cnc3ccccc23)c2ccc(C#N)cc2N(C(=O)CS(C)(=O)=O)[C@H]1C,Inhibitor of apoptosis protein 3
[H][C@]12CC[C@@H](C(=O)NC(c3ccccc3)c3ccccc3)N1C(=O)[C@@H](NC(=O)[C@H](CC)NC)[C@@H](CCO)CC2,Inhibitor of apoptosis protein 3
CN[C@@H](C)C(=O)N[C@@H]1C(=O)N(Cc2nn(-c3ccccc3C#N)c3ccccc23)c2ccc(C#N)cc2N(C(=O)CS(C)(=O)=O)[C@H]1C,Inhibitor of apoptosis protein 3
[H][C@]12CC[C@@H](C(=O)NC(c3ccccc3)c3ccccc3)N1C(=O)[C@@H](NC(=O)[C@@H](N)CC)[C@@H](CNC(N)=O)CC2,Inhibitor of apoptosis protein 3
CN[C@@H](C)C(=O)N[C@@H](CC(C)C)C(=O)N1CCC[C@H]1C(=O)NC(c1ccccc1)c1ccccc1.O=CO,Inhibitor of apoptosis protein 3
CN[C@@H](C)C(=O)N[C@@H](C(=O)N1CCC[C@H]1C(=O)NNc1cccc(F)c1)C1CCCCC1.O=CO,Inhibitor of apoptosis protein 3
C[C@H](N)C(=O)Nc1nc(-c2ccccc2)c(-c2ccccc2)s1,Inhibitor of apoptosis protein 3
CN[C@@H](C)C(=O)N[C@H](C(=O)N1CCC[C@H]1C(=O)NCc1ccncc1)C(C)C,Inhibitor of apoptosis protein 3
C[C@H](N)C(=O)Nc1nc(-c2ccc(Br)cc2)c(-c2ccccc2)s1,Inhibitor of apoptosis protein 3
C[C@@H]1CN(CC(=O)N2CCc3ccccc32)CCN1,Inhibitor of apoptosis protein 3
CN[C@@H](C)C(=O)N[C@@H]1C(=O)N(Cc2c(C3CC3)cnc3ccccc23)c2ccc(C#N)cc2N(C(C)=O)[C@H]1C,Inhibitor of apoptosis protein 3
[H][C@@]12[C@@H](NC(=O)c3ccccc3)CC[C@]1([H])CCN2C(=O)[C@@H](NC(=O)[C@H](C)NC)C(C)(C)C,Inhibitor of apoptosis protein 3
CN[C@@H](C)C(=O)N[C@H](C(=O)N1Cc2ccccc2[C@H]1C(=O)Nc1cccc2c1ccn2C)C(C)C,Inhibitor of apoptosis protein 3
CN[C@@H](C)C(=O)N[C@H](C(=O)N[C@H](C(=O)NC1CCc2ccccc2C1)C(C)C)C(C)C.O=CO,Inhibitor of apoptosis protein 3
CN[C@@H](C)C(=O)N[C@@H]1C(=O)N(C(C)C)c2ccccc2OC12CCOCC2,Inhibitor of apoptosis protein 3
CN[C@@H](C)C(=O)N[C@H]1CN(C(C)=O)c2ccccc2N(Cc2cccc3ccccc23)C1=O.Cl,Inhibitor of apoptosis protein 3
CN[C@@H](C)C(=O)N[C@H](C(=O)N[C@@H](CO)C(=O)Nc1cccc2ccccc12)C(C)C.O=CO,Inhibitor of apoptosis protein 3
CN[C@@H](C)C(=O)N[C@H]1CN(C(=O)c2ccc(C(=O)N3C[C@H](NC(=O)[C@H](C)NC)C(=O)N(Cc4c(OC)ccc5cc(Br)ccc45)c4ccc(C#N)cc43)cc2)c2cc(C#N)ccc2N(Cc2c(OC)ccc3cc(Br)ccc23)C1=O,Inhibitor of apoptosis protein 3
CNC(C)C(=O)NC(C(=O)N1CCCC1C(=O)NC(c1ccccc1)c1ccccc1)C(C)C.O=C(O)C(F)(F)F,Inhibitor of apoptosis protein 3
CN[C@@H](C)C(=O)N[C@H](C(=O)N1CCC[C@H]1C(=O)Nc1ccc2[nH]ccc2c1)C(C)C,Inhibitor of apoptosis protein 3
CN[C@@H](C)C(=O)N[C@H](C(=O)N1CCc2cc(F)ccc2[C@@H]1C(=O)Nc1c(F)cccc1F)C(C)C,Inhibitor of apoptosis protein 3
CN[C@@H](C)C(=O)N[C@@H](CCC(N)=O)C(=O)N[C@@H](C)C(=O)NNc1ccccc1.O=CO,Inhibitor of apoptosis protein 3
[H][C@@]12[C@@H](NC(=O)c3ccc4[nH]cnc4c3)CC[C@]1([H])CCN2C(=O)[C@@H](NC(=O)[C@H](C)NC)C(C)(C)C,Inhibitor of apoptosis protein 3
C[C@H](NC1COC1)C(=O)N[C@H]1COc2ccccc2N(Cc2nn(-c3ccccc3C#N)c3ccccc23)C1=O,Inhibitor of apoptosis protein 3
CC[C@@H](C)[C@H](NC(=O)[C@@H]1CCCN1C(=O)[C@@H](CC(=O)[C@H](C)N)C(C)C)C(=O)O,Inhibitor of apoptosis protein 3
C[C@@H]1CN(CC(=O)N2CC(C)(C)c3cnc(C(F)(F)c4ccccc4)cc32)[C@@H](CN2C(=O)CCC2=O)CN1,Inhibitor of apoptosis protein 3
[H][C@]12CC[C@@H](C(=O)NC(c3ccccc3)c3ccccc3)N1C(=O)[C@@H](NC(=O)[C@@H](N)CC)[C@@H](CN)CC2,Inhibitor of apoptosis protein 3
CN[C@@H](C)C(=O)N[C@H](C(=O)N1Cc2ccccc2[C@H]1C(=O)Nc1c(Cl)cccc1Cl)C(C)C,Inhibitor of apoptosis protein 3
CN[C@@H](C)C(=O)N[C@H](C(=O)N[C@@H](C)C(=O)NNc1ccccc1)C(C)C.O=CO,Inhibitor of apoptosis protein 3
CN[C@@H](C)C(=O)N[C@H]1CCCCN(CC(=O)Nc2cccc3ccccc23)C1=O.O=CO,Inhibitor of apoptosis protein 3
CN[C@@H](C)C(=O)N[C@H]1CSc2c(NC(=O)C3CCCNC3)cccc2N(Cc2cccc3ccccc23)C1=O,Inhibitor of apoptosis protein 3
CN[C@@H](C)C(=O)N[C@H]1CCCCN([C@H](C)C(=O)NNc2ccccc2)C1=O.O=CO,Inhibitor of apoptosis protein 3
CN[C@@H](C)C(=O)N[C@H](C(=O)N1CCC[C@H]1C(=O)NC1CCCc2ccccc21)C(C)C,Inhibitor of apoptosis protein 3
CC(C)[C@H](NC(=O)[C@H](C)N)C(=O)N1CC(O)C[C@H]1C(=O)N[C@@H](Cc1ccccc1)C(=O)N[C@@H](Cc1ccc(O)cc1)C(=O)O,Inhibitor of apoptosis protein 3
CN[C@@H](C)C(=O)N[C@@H]1C(=O)N(Cc2cccc3c2cnn3-c2ccccc2C#N)c2ccc(Br)cc2OC12CCOCC2,Inhibitor of apoptosis protein 3
