smiles,targetname
O=C1OC(COc2ccc(C(F)(F)F)cc2)CN1c1ccccc1,Metabotropic glutamate receptor 2
Cn1c(=O)n(CC(C)(C)C)c2ccc(N3CC4CCC3CN4C(=O)c3cccnc3)nc21,Metabotropic glutamate receptor 2
Cc1cc(-c2nc(-c3ccc(OC(F)F)c(CO)c3)n3c2CCO[C@H](C)C3)ccn1,Metabotropic glutamate receptor 2
CN(CCO)c1cc2c(cc1C#Cc1ccc(F)cc1)NC(=O)CC(c1cccc(-n3ccnc3)c1)=N2,Metabotropic glutamate receptor 2
CCn1c(CN2CCN(c3nc(C(F)(F)F)ccc3Cl)CC2)nc2ccccc21,Metabotropic glutamate receptor 2
CC(C)Nc1ccc(-c2ccn3c(CC4CC4)nnc3c2C(F)(F)F)cc1F,Metabotropic glutamate receptor 2
CC(COc1ccn2c(CC3CC3)nnc2c1C(F)(F)F)c1ccc(F)cc1,Metabotropic glutamate receptor 2
COc1cc(-c2nc(-c3ccnc(C)c3)c3n2C[C@@H](C)OCC3)ccc1C(C)(F)F,Metabotropic glutamate receptor 2
[H][C@@]12CN(Cc3nc4cnccc4n3C)C[C@]1([H])C2COc1ccc(C(F)(F)F)cc1,Metabotropic glutamate receptor 2
N#Cc1c(N2CCN(c3ncccn3)CC2)ccn2c(CCC3CC3)cnc12,Metabotropic glutamate receptor 2
NC(=O)c1cc(-c2ccc(F)cc2)c2ccc(Cn3cnc4cccnc43)cc2n1,Metabotropic glutamate receptor 2
[H][C@@]12C[C@@H](OCc3cccc(C)c3)[C@@](N)(C(=O)O)[C@]1([H])[C@@]2(F)C(=O)O,Metabotropic glutamate receptor 2
CCS(=O)(=O)N(Cc1cccnc1)c1ccc(C(C)c2ccccc2)cc1,Metabotropic glutamate receptor 2
Cn1c(CN2CCN(c3nc(Cl)ccc3C(F)(F)F)CC2)nc2cc(C#N)ccc21,Metabotropic glutamate receptor 2
Cc1cc(-c2nc(-c3ccc(C(F)(F)F)c(F)c3)n3c2CCO[C@H](C)C3)ccn1,Metabotropic glutamate receptor 2
CCCn1ccc2c(OCCc3ccc(OC)cc3)cccc2c1=O,Metabotropic glutamate receptor 2
O=C(O)c1cc(-c2cccc(COc3ccc4c(=O)n(C5CCCC5)sc4c3)c2)ccc1F,Metabotropic glutamate receptor 2
CN1CC(=O)N(Cc2ccc3c(-c4ccc(F)cc4)cc(C#N)nc3c2)C1=O,Metabotropic glutamate receptor 2
Cn1cc(-c2cc(C(N)=O)nc3cc(CN4CCCCC4CF)ccc23)cn1,Metabotropic glutamate receptor 2
Cn1cc(-c2cc(C(N)=O)nc3cc(Cc4cccc(C(F)(F)F)n4)ccc23)cn1,Metabotropic glutamate receptor 2
COc1ccccc1C1C(C(=O)OCCN(C)C)=C(C)N=C2SC(c3ccc(Cl)cc3)=CN21,Metabotropic glutamate receptor 2
O=C1CC(c2cccc(-n3ccnc3)c2)=Nc2ccc(Br)cc2N1,Metabotropic glutamate receptor 2
N#Cc1c(-c2ccc3c(c2)OCCNC3)ccn2c(CC(F)(F)F)cnc12,Metabotropic glutamate receptor 2
O=S(=O)(CC(F)(F)F)N(Cc1cccnc1)c1cccc(OC(F)(F)F)c1,Metabotropic glutamate receptor 2
N#Cc1c(N2CCC(c3ccccc3Cl)CC2)ccn(CC2CC2)c1=O,Metabotropic glutamate receptor 2
Cc1cc2c(cc1C(F)(F)F)NC(=O)CC(c1cccc(-c3cncnc3)c1)=N2,Metabotropic glutamate receptor 2
[H][C@@]12CN(Cc3nc4ccccc4n3C)C[C@]1([H])C2COc1ccc(Cl)cn1,Metabotropic glutamate receptor 2
COc1cc(Cc2ccc3c(-c4ccc(F)cc4)cc(C(N)=O)nc3c2)ccn1,Metabotropic glutamate receptor 2
Cc1cc(-c2nc(-c3ccc(C)c(C(F)(F)F)c3)n3c2CCO[C@H](C)C3)cc(C)n1,Metabotropic glutamate receptor 2
O=C(OCc1cccc(N(Cc2cncnc2)S(=O)(=O)CC(F)(F)F)c1)c1ccccc1,Metabotropic glutamate receptor 2
FC(F)(F)Oc1cccc(NCc2cnc3ccccc3c2)c1,Metabotropic glutamate receptor 2
FC(F)(F)c1c(OCc2ccccc2)ccn2c(CC3CC3)nnc12,Metabotropic glutamate receptor 2
Cc1cc2c(cc1C(F)(F)F)NC(=O)CC(c1cccc(-n3cncn3)c1)=N2,Metabotropic glutamate receptor 2
COc1cc(F)cc(F)c1C1CCN(c2ccn3c(CC4CC4)nnc3c2Cl)CC1,Metabotropic glutamate receptor 2
Cc1cc(-c2nc(-c3ccc(OC(F)F)c(C)c3)n3c2CCO[C@H](C)C3)cc(CF)n1,Metabotropic glutamate receptor 2
CCCCCCC1CN(c2ccccc2Cl)C(=O)O1,Metabotropic glutamate receptor 2
Cc1cc(-c2nc(-c3ccc(OC(F)(F)F)c(C)c3)n3c2CCOCC3)ccn1,Metabotropic glutamate receptor 2
Cc1cc(-c2nc(-c3ccc(F)c(OC(F)F)c3)n3c2CCO[C@H](C)C3)cc(C)n1,Metabotropic glutamate receptor 2
CN1c2nc(C3=CCN(C(=O)c4ccon4)C3)ccc2N(CC2CC2(F)F)S1(=O)=O,Metabotropic glutamate receptor 2
Cn1cnc(S(=O)(=O)N2CCCC(c3ccc4c(n3)n(C)c(=O)n4CC(C)(C)C)C2)c1,Metabotropic glutamate receptor 2
COc1ccc(-c2nc(-c3cc(C)nc(C(F)F)c3)c3n2C[C@@H](C)OCC3)cc1Cl,Metabotropic glutamate receptor 2
Cc1c(OCc2cccc(CSc3ccncc3)c2)cc2c(c1C)C(=O)C(C1CCCC1)C2,Metabotropic glutamate receptor 2
Cc1c(OCCCCSc2ccccn2)ccc(C(=O)CC(C)C)c1O,Metabotropic glutamate receptor 2
CCCn1ccc2cc(-c3cn[nH]c3)cc(Cl)c2c1=O,Metabotropic glutamate receptor 2
CN1c2nc(C3CCCNC3)ccc2N(CC2CC2(F)F)S1(=O)=O,Metabotropic glutamate receptor 2
CC1(C)NC(=O)N(Cc2ccc3c(-c4ccc(F)cc4)cc(C(N)=O)nc3c2)C1=O,Metabotropic glutamate receptor 2
Cn1cc(-c2cc(C(N)=O)nc3cc(CN4CCCCC45CC5)ccc23)cn1,Metabotropic glutamate receptor 2
[H][C@@]12C[C@@H](OCc3cccs3)[C@@](N)(C(=O)O)[C@]1([H])[C@@]2(F)C(=O)O,Metabotropic glutamate receptor 2
NC(=O)c1cc(-c2ccc(F)cc2)c2ccc(CN3CCOCC3)cc2n1,Metabotropic glutamate receptor 2
CN1CCN(Cc2ccc3c(-c4ccc(F)cc4)cc(C(N)=O)nc3c2)CC1C(F)(F)F,Metabotropic glutamate receptor 2
CN(CC(N)=O)Cc1ccc2c(-c3ccc(F)cc3)cc(C(N)=O)nc2c1,Metabotropic glutamate receptor 2
CCCCCn1ccc2c(CCC)c(OCCCCOc3ccc(-c4nn[nH]n4)cc3)ccc21,Metabotropic glutamate receptor 2
Cn1c(=O)n(CC(C)(C)C)c2ccc(C3=CCC(C(=O)NCc4ncco4)CC3)nc21,Metabotropic glutamate receptor 2
Cc1cc(-c2nc(-c3ccc(OC(F)(F)F)cc3)n3c2CCO[C@H](CF)C3)ccn1,Metabotropic glutamate receptor 2
Cc1cc2c(cc1C(F)(F)F)NC(=O)CC(c1cccc(-c3ccnc(C#N)c3)c1)=N2,Metabotropic glutamate receptor 2
COC(=O)c1cn(Cc2ccc3c(-c4ccc(F)cc4)cc(C(N)=O)nc3c2)cn1,Metabotropic glutamate receptor 2
COc1ccc(-c2ccc(CN3C[C@@H](C)OC3=O)cc2)cc1,Metabotropic glutamate receptor 2
COc1ccccc1-c1ccn(CCC(C)C)c(=O)c1C#N,Metabotropic glutamate receptor 2
Cn1cc(-c2cc(C(N)=O)nc3cc(Cc4cc(C5CC5)nc(C(F)(F)F)c4)ccc23)cn1,Metabotropic glutamate receptor 2
COc1cc(-c2nc(-c3cc(C)nc(C)c3)c3n2C[C@@H](C)OCC3)ccc1OC(F)(F)F,Metabotropic glutamate receptor 2
COc1cc(-c2nc(-c3cc(C)nc(C)c3)c3n2CCOCC3)ccc1Cl,Metabotropic glutamate receptor 2
COc1cccc(-c2ccc(CN3C[C@@H](C)OC3=O)cc2)c1,Metabotropic glutamate receptor 2
CCC(C)Oc1cccc(N(Cc2cccnc2)S(=O)(=O)CC(F)(F)F)c1,Metabotropic glutamate receptor 2
Cc1cc(-c2nc(-c3ccc(OC(F)F)c(Cl)c3)n3c2CCO[C@H](CF)C3)cc(C)n1,Metabotropic glutamate receptor 2
Cn1cc(-c2cc(C(N)=O)nc3c(F)c(Cc4ccc(C5CC5)nc4)ccc23)cn1,Metabotropic glutamate receptor 2
CCCc1c(OCCCCOc2ccc(-c3nn[nH]n3)cc2)ccc2c1ccn2CC(C)(C)C,Metabotropic glutamate receptor 2
O=C1CC(c2cccc(-n3ccnc3)c2)=Nc2ccc(-c3ccccc3)cc2N1,Metabotropic glutamate receptor 2
Cc1cc(-c2nc(-c3ccc(F)c(OCC4CCC4)c3)n3c2CCOCC3)cc(C)n1,Metabotropic glutamate receptor 2
CCCc1c(OCCCCOc2ccc(-c3nn[nH]n3)cc2)ccc2c1ccn2CCC,Metabotropic glutamate receptor 2
Cc1cc(Oc2ccc(-c3ccn(CC4CC4)c(=O)c3C#N)cc2)ccn1,Metabotropic glutamate receptor 2
O=C1CC(c2cccc(-n3ccnc3)c2)=Nc2cc(OCCO)c(C#Cc3ccc(F)cc3)cc2N1,Metabotropic glutamate receptor 2
CC(C)O/C(=C\n1cncn1)c1ccc(Cl)cc1Cl,Metabotropic glutamate receptor 2
CC1CN(Cc2ccc(OC3CCCCC3)cc2)C(=O)O1,Metabotropic glutamate receptor 2
Cc1cc(-c2nc(-c3ccc(OC(F)(F)F)c(F)c3)n3c2CCO[C@H](CF)C3)ccn1,Metabotropic glutamate receptor 2
[H][C@@]12C[C@@H](OCc3cc(Cl)cc(Cl)c3)[C@@](N)(C(=O)O)[C@]1([H])[C@@]2(F)C(=O)O,Metabotropic glutamate receptor 2
CCCn1ccc2c(NCCc3ccccc3OC)cccc2c1=O,Metabotropic glutamate receptor 2
CC1CN(Cc2ccc(OC(C)C3CCCCC3)cc2)C(=O)O1,Metabotropic glutamate receptor 2
COc1ccc(CNc2ccc(-c3ccn4c(CC5CC5)nnc4c3Cl)cc2)cn1,Metabotropic glutamate receptor 2
CC1=C(C(=O)OCCN(C)C)C(c2ccccc2Cl)N2C=C(c3c(Cl)cccc3Cl)SC2=N1,Metabotropic glutamate receptor 2
CCCn1ccc2cc(N3CCNCC3)cc(Cl)c2c1=O,Metabotropic glutamate receptor 2
CC(C)(COc1ccn2c(CC3CC3)nnc2c1C(F)(F)F)c1ccc(F)cc1,Metabotropic glutamate receptor 2
COc1ccc(-c2ccn(CCC(C)C)c(=O)c2C#N)cc1,Metabotropic glutamate receptor 2
Cc1c(OCCCCSc2ccncc2)ccc(C(=O)CC(C)C)c1O,Metabotropic glutamate receptor 2
CCOc1cc(-c2nc(-c3cc(C)nc(C)c3)c3n2C[C@@H](C)OCC3)ccc1C(F)(F)F,Metabotropic glutamate receptor 2
CC(C)c1nc2ccccc2n1Cc1ccc2c(-c3ccc(F)cc3)cc(C(N)=O)nc2c1,Metabotropic glutamate receptor 2
COc1ccc(-c2cc(C(N)=O)nc3cc(C(C)Cc4cccnc4)ccc23)cc1,Metabotropic glutamate receptor 2
NC(=O)c1cc(-c2ccc(F)cc2)c2ccc(CN3CCCS3(=O)=O)cc2n1,Metabotropic glutamate receptor 2
NC(=O)c1cc(-c2ccc(F)cc2)c2ccc([C@@H](O)Cc3ccc(Cl)nc3)cc2n1,Metabotropic glutamate receptor 2
O=S(=O)(CC(F)(F)F)N(Cc1cccnc1)c1cccc(OC2CCCC2)c1,Metabotropic glutamate receptor 2
C[C@H]1CN(c2ccc(C(F)(F)F)c(Cl)c2)C(=O)c2c(-c3ccnc(C#N)c3)cnn21,Metabotropic glutamate receptor 2
Cc1cc(-c2nc(-c3ccc(F)c(OCC4CC4)c3)n3c2CCOCC3)cc(C)n1,Metabotropic glutamate receptor 2
COc1cc(-c2nc(-c3cc(C)nc(C)c3)c3n2CCOCC3)ccc1OC(F)(F)F,Metabotropic glutamate receptor 2
O=C([O-])c1cc(-c2cccc(COc3ccc4c(c3)CN(C3CCCC3)C4=O)c2)ccc1O.[Na+],Metabotropic glutamate receptor 2
Cc1cc2c(cc1C(F)(F)F)NC(=O)CC(c1cccc(-c3ccnnc3)c1)=N2,Metabotropic glutamate receptor 2
Cc1cc(C)nc(N2CCN(c3ccn4c(CC(F)(F)F)cnc4c3C#N)CC2)n1,Metabotropic glutamate receptor 2
Cc1cn(-c2cccc(C3=Nc4ccc(C#Cc5ccc(F)cc5)cc4NC(=O)C3)c2)cn1,Metabotropic glutamate receptor 2
CCOC(=O)c1cnn(Cc2ccc3c(-c4ccc(F)cc4)cc(C(N)=O)nc3c2)c1,Metabotropic glutamate receptor 2
Cc1cc(-c2nc(-c3ccc(Cl)c(C)c3)n3c2CCO[C@H](C)C3)ccn1,Metabotropic glutamate receptor 2
Cn1c(CN2CCN(c3ccccc3)CC2)nc2ccccc21,Metabotropic glutamate receptor 2
CCOc1ccc(-c2nc(-c3cc(C)nc(C)c3)c3n2CCOCC3)cc1Cl,Metabotropic glutamate receptor 2
Cn1c(=O)n(CC(C)(C)C)c2ccc(N3CC4CCC3CN4C(=O)c3ccccc3)nc21,Metabotropic glutamate receptor 2
CCCc1c(OCCCCOc2ccc(-c3nn[nH]n3)cc2)ccc2c1cnn2CC(C)(C)C,Metabotropic glutamate receptor 2
C[C@@H]1CN(Cc2ccc(-c3ccc(Cl)cc3)cc2)C(=O)O1,Metabotropic glutamate receptor 2
Cc1cc(-c2nc(-c3ccc(F)c(OCCF)c3)n3c2CCO[C@H](C)C3)cc(C)n1,Metabotropic glutamate receptor 2
C[C@@H]1CN(Cc2ccc(-c3cccc(Cl)c3)cc2)C(=O)O1,Metabotropic glutamate receptor 2
Clc1c(OCc2cccc(-c3ccccc3)c2)ccn2c(CC3CC3)nnc12,Metabotropic glutamate receptor 2
CCCCn1ccc(-c2ccc(Oc3ccnc(C)c3)cc2Cl)c(C#N)c1=O,Metabotropic glutamate receptor 2
NC(=O)c1cc(-c2ccc(F)cc2)c2ccc(CN3CCCC3C(F)(F)F)cc2n1,Metabotropic glutamate receptor 2
Cc1cc(-c2nc(-c3ccc(OC(F)(F)F)c(C)c3)n3c2CCO[C@H](C)C3)cc(CF)n1,Metabotropic glutamate receptor 2
[H][C@@]12C[C@@H](OCCCc3ccccc3)[C@@](N)(C(=O)O)[C@]1([H])[C@@]2(F)C(=O)O,Metabotropic glutamate receptor 2
COc1ccc(-c2nc(-c3cc(C)nc(C)c3)c3n2C[C@@H](C)OCC3)cc1Cl,Metabotropic glutamate receptor 2
CCN1CCN(Cc2ccc3c(-c4ccc(F)cc4)cc(C(N)=O)nc3c2)CC1C(F)(F)F,Metabotropic glutamate receptor 2
CC(C)CC(=O)c1ccc(OCCCCSc2ccncc2)c(Br)c1O,Metabotropic glutamate receptor 2
C[C@@H]1CN(Cc2ccc3c(-c4cnc(C(F)F)s4)cc(C(N)=O)nc3c2)C[C@H](C(F)(F)F)O1,Metabotropic glutamate receptor 2
NC(=O)c1cccc(OCC2CN(c3ccccc3)C(=O)O2)c1,Metabotropic glutamate receptor 2
Cc1ccc2c(-c3ccccc3F)cc(C(N)=O)nc2c1,Metabotropic glutamate receptor 2
[H][C@@]12C[C@@H](OCc3ccc(F)cc3)[C@@](N)(C(=O)O)[C@]1([H])[C@@]2(F)C(=O)O,Metabotropic glutamate receptor 2
Cc1cc(-c2nc(-c3ccc(OCCF)c(Cl)c3)n3c2CCO[C@H](C)C3)cc(C)n1,Metabotropic glutamate receptor 2
Clc1ccccc1COc1ccn2c(CC3CC3)nnc2c1Cl,Metabotropic glutamate receptor 2
CCCCCCC1CN(c2ccc(N)cc2)C(=O)O1,Metabotropic glutamate receptor 2
Cc1c(OCc2ccccc2Sc2ccncc2)ccc(C(=O)CC(C)C)c1O,Metabotropic glutamate receptor 2
CC1(C)CC(=O)N(Cc2ccc3c(-c4ccc(F)cc4)cc(C(N)=O)nc3c2)C(=O)C1,Metabotropic glutamate receptor 2
COc1c(F)ccc(F)c1C1CCN(c2ccn3c(CC4CC4)nnc3c2C(F)(F)F)CC1,Metabotropic glutamate receptor 2
Cc1ccc2c(-c3ccc(F)cc3)cc(C(N)=O)nc2c1,Metabotropic glutamate receptor 2
Cc1cc(-c2nc(-c3ccc(Cl)c(C)c3)n3c2CCO[C@H](C)C3)cc(C)n1,Metabotropic glutamate receptor 2
Cc1c(OCCCCOc2ccc(-c3nn[nH]n3)cc2)ccc2c1ccn2CC(C)(C)C,Metabotropic glutamate receptor 2
CCOc1cc(OCCCCOc2ccc(C(=O)CC(C)C)c(O)c2C)ccc1CCC(=O)O,Metabotropic glutamate receptor 2
Cn1c(CN2CCN(c3nc(Cl)ccc3C(F)(F)F)CC2)nc2ccc(F)cc21,Metabotropic glutamate receptor 2
CN(C)c1cc2c(cc1C#Cc1ccccc1)NC(=O)CC(c1cccc(C#N)c1)=N2,Metabotropic glutamate receptor 2
CCCn1ccc2c(NCCc3ccc(C)cc3)cccc2c1=O,Metabotropic glutamate receptor 2
[H][C@@]12C[C@@H](OCc3ccccc3Cl)[C@@](N)(C(=O)O)[C@]1([H])[C@@]2(F)C(=O)O,Metabotropic glutamate receptor 2
Cc1cc(-c2nc(-c3ccc(C(F)(F)F)c(Cl)c3)n3c2CCOCC3)cc(C)n1,Metabotropic glutamate receptor 2
Cc1cc(-c2nc(-c3ccc(OC(F)(F)F)c(F)c3)n3c2CCO[C@H](C)C3)cc(CO)n1,Metabotropic glutamate receptor 2
CC1(C2CCCC2)Cc2cc(OCCCCc3nn[nH]n3)c(Cl)c(Cl)c2C1=O,Metabotropic glutamate receptor 2
CCOc1cc(-c2nc(-c3ccnc(C)c3)c3n2CCOCC3)ccc1CC,Metabotropic glutamate receptor 2
O=C1CC(c2cccc(-n3ccnn3)c2)=Nc2ccc(-c3cc(F)ccc3F)cc2N1,Metabotropic glutamate receptor 2
Cc1cc(-c2nc(-c3ccc(OC4CC4)c(OC(F)(F)F)c3)n3c2CCOCC3)cc(C)n1,Metabotropic glutamate receptor 2
Cc1c(OCCCCOc2ccc3c(c2)OC(=O)CC3)ccc(C(=O)CC(C)C)c1O,Metabotropic glutamate receptor 2
NC(CC1c2ccccc2Oc2ccccc21)(C(=O)O)C1CC1(F)C(=O)O,Metabotropic glutamate receptor 2
CCCn1ccc2cc(-c3ccncc3)cc(Cl)c2c1=O,Metabotropic glutamate receptor 2
CC1(C2CCCC2)Cc2cc(-c3ccc(-c4nn[nH]n4)cc3)c(Cl)c(Cl)c2C1=O,Metabotropic glutamate receptor 2
CC(C)Oc1cccc(N(Cc2cccnc2)S(=O)(=O)CC(F)(F)F)c1,Metabotropic glutamate receptor 2
O[C@H]1CC[C@H](Oc2ccc(-c3ccn4c(CC5CC5)nnc4c3C(F)(F)F)cc2Cl)CC1,Metabotropic glutamate receptor 2
CCCc1c(OCCCCOc2ccc(-c3nn[nH]n3)cc2)ccc2c1ncn2CC(C)(C)C,Metabotropic glutamate receptor 2
O=S(=O)(CC(F)(F)F)N(Cc1cccnc1)c1cccc(OC2CCC2)c1,Metabotropic glutamate receptor 2
COc1cc(-c2nc(-c3cc(C)nc(C)c3)c3n2C[C@@H](CF)OCC3)ccc1OC(F)F,Metabotropic glutamate receptor 2
C[C@@H]1CN(Cc2ccc3c(-c4cnc(N)s4)cc(C(N)=O)nc3c2)C[C@H](C(F)(F)F)O1,Metabotropic glutamate receptor 2
Cc1cc(-c2nc(-c3ccc(Cl)c(F)c3)n3c2CCOCC3)cc(C)n1,Metabotropic glutamate receptor 2
Cc1cc(-c2nc(-c3ccc(OC(F)(F)F)c(F)c3)n3c2CCO[C@H](C)C3)cc(CF)n1,Metabotropic glutamate receptor 2
COc1ncc(Cc2ccc3c(-c4ccc(F)cc4)cc(C(N)=O)nc3c2F)cn1,Metabotropic glutamate receptor 2
CNc1ccc(-c2ccn(CCC(C)C)c(=O)c2C#N)cc1,Metabotropic glutamate receptor 2
NC(=O)c1cc(-c2ccc(F)cc2)c2ccc(C(O)Cc3cccnc3)cc2n1,Metabotropic glutamate receptor 2
Cc1ccc(-c2cc(C(N)=O)nc3ccccc23)c(C#N)c1,Metabotropic glutamate receptor 2
COc1cc(-c2nc(-c3cc(C)nc(C)c3)c3n2C[C@@H](C)OCC3)ccc1C,Metabotropic glutamate receptor 2
N#Cc1c(-c2ccc(N3CCCCC3)cc2)ccn2c(CC(F)(F)F)cnc12,Metabotropic glutamate receptor 2
COc1ccccc1Oc1ccc(N(Cc2cccnc2)S(=O)(=O)CC(F)(F)F)cc1,Metabotropic glutamate receptor 2
Cc1cc(-c2nc(-c3cccc(Cl)c3)n3c2CCO[C@H](C)C3)cc(C)n1,Metabotropic glutamate receptor 2
CCOc1cc2c(cc1C(F)(F)F)NC(=O)CC(c1cccc(-n3ccnn3)c1)=N2,Metabotropic glutamate receptor 2
CC1(C)CC(=O)N(Cc2ccc3c(-c4ccc(F)cc4)cc(C#N)nc3c2)C(=O)C1,Metabotropic glutamate receptor 2
COc1ccc(-c2cccc(COc3ccc4c(c3)CN(C3CCCC3)C4=O)c2)cc1C(=O)O,Metabotropic glutamate receptor 2
CC(C)CCn1ccc(N(C)Cc2ccccc2)c(C#N)c1=O,Metabotropic glutamate receptor 2
Cc1ccc(Oc2ccc(-c3ccn4c(CC5CC5)nnc4c3Cl)cc2F)c(C)n1,Metabotropic glutamate receptor 2
Cc1cc2c(cc1C(F)(F)F)NC(=O)CC(c1cccc(-c3ccc(C4CC4)nc3)c1)=N2,Metabotropic glutamate receptor 2
CCC(=O)c1ccc(OCCCCOc2ccc(-c3nn[nH]n3)cc2)c(C)c1O,Metabotropic glutamate receptor 2
CCC(O)(c1cn(Cc2ccc3c(-c4ccc(F)cc4)cc(C(N)=O)nc3c2F)cn1)C(F)(F)F,Metabotropic glutamate receptor 2
O=C1CC(c2cccc(-n3ccnc3)c2)=Nc2ccc(C(F)(F)F)cc2N1,Metabotropic glutamate receptor 2
CCOc1cc(-c2nc(-c3ccnc(C)c3)c3n2C[C@@H](C)OCC3)ccc1C(F)(F)F,Metabotropic glutamate receptor 2
CC1(C2CCCC2)Cc2cc(OCc3ccc(C(=O)NS(C)(=O)=O)cc3)c(Cl)c(Cl)c2C1=O,Metabotropic glutamate receptor 2
FC(F)(F)c1ccc(Cl)nc1N1CCN(Cc2nc3ccccc3[nH]2)CC1,Metabotropic glutamate receptor 2
O=S(=O)(CC(F)(F)F)N(Cc1cncnc1)c1cccc(Oc2ccccc2F)c1,Metabotropic glutamate receptor 2
Cn1cc(-c2cc(C(N)=O)nc3cc(CN4CCC[C@H](O)C4)ccc23)cn1,Metabotropic glutamate receptor 2
Cc1cc(-c2nc(-c3ccc(OC(F)F)c(F)c3)n3c2CCOCC3)cc(C)n1,Metabotropic glutamate receptor 2
CCCCCCC1CN(c2ccccc2C(=O)OC)C(=O)O1,Metabotropic glutamate receptor 2
NC(=O)c1cc(-c2ccc(F)cc2)c2ccc(CN3CC[C@@H](F)C3)cc2n1,Metabotropic glutamate receptor 2
Cc1ccc(-c2ccc3c(n2)n(C)c(=O)n3CC(C)(C)C)cc1,Metabotropic glutamate receptor 2
COc1cccc(-c2ccn(CCC(C)C)c(=O)c2C#N)c1,Metabotropic glutamate receptor 2
Cc1cc(-c2nc(-c3ccc(OC4CC4)c(Cl)c3)n3c2CCO[C@H](C)C3)cc(CF)n1,Metabotropic glutamate receptor 2
NC(=O)c1cc(-c2ccc(F)cc2)c2ccc(CN3C(=O)CCC3=O)cc2n1,Metabotropic glutamate receptor 2
CC(=O)Nc1cccc(OCC2CN(c3ccccc3)C(=O)O2)c1,Metabotropic glutamate receptor 2
COc1ccc(-c2nc(-c3cc(C)nc(C)c3)c3n2C[C@@H](CF)OCC3)cc1Cl,Metabotropic glutamate receptor 2
Cn1cc(-c2cc(C(N)=O)nc3cc(CN4CCCC(F)C4)ccc23)cn1,Metabotropic glutamate receptor 2
CCCc1c(OCCCCOc2ccc(-c3nn[nH]n3)cc2)ccc(C(=O)CC(C)C)c1O,Metabotropic glutamate receptor 2
Cn1cc(-c2cc(C(N)=O)nc3cc(CN4CCCC5(CC5)C4)ccc23)cn1,Metabotropic glutamate receptor 2
CCOc1ccc(-c2nc(-c3cc(C)nc(C)c3)c3n2C[C@@H](CF)OCC3)cc1Cl,Metabotropic glutamate receptor 2
N#Cc1c(-c2ccc(NC3CC3)c(Cl)c2)ccn2c(CC(F)(F)F)cnc12,Metabotropic glutamate receptor 2
CCC(O)(c1cn(Cc2ccc3c(-c4ccc(OC)c(F)c4)cc(C(N)=O)nc3c2)cn1)C(F)(F)F,Metabotropic glutamate receptor 2
CCCc1c(OCCCCOc2ccc(-c3nn[nH]n3)cc2)ccc2c1ccn2CC1CC1,Metabotropic glutamate receptor 2
COc1ccc(-c2cc(C(N)=O)nc3cc(CCc4cnc(C)nc4)ccc23)cc1C,Metabotropic glutamate receptor 2
C[C@@H]1COCCN1Cc1ccc2c(-c3cnn(C)c3)cc(C(N)=O)nc2c1,Metabotropic glutamate receptor 2
CC(=O)CCc1ccc(OCCCCOc2ccc(C(=O)CC(C)C)c(O)c2C)cc1,Metabotropic glutamate receptor 2
Cc1cc(-c2nc(-c3ccc(OC(F)(F)F)c(C)c3)n3c2CCO[C@H](CF)C3)ccn1,Metabotropic glutamate receptor 2
Cc1cc(-c2nc(-c3ccc(Cl)c(C(F)(F)F)c3)n3c2CCO[C@H](C)C3)cc(C)n1,Metabotropic glutamate receptor 2
C[C@@H]1CN(c2ccc(F)cc2)C(=O)c2cc(COc3ccccn3)nn21,Metabotropic glutamate receptor 2
CCCn1ccc2cc(-c3cccnc3)cc(C#N)c2c1=O,Metabotropic glutamate receptor 2
CC(C)(C)C1CN(Cc2ccc3c(-c4ccc(F)cc4)cc(C(N)=O)nc3c2)CCN1,Metabotropic glutamate receptor 2
O[C@H]1CC[C@H](Nc2ccc(-c3ccn4c(CC(F)(F)F)cnc4c3Cl)cc2Cl)CC1,Metabotropic glutamate receptor 2
COCCn1c(CN2CCN(c3ncc(Cl)cn3)CC2)nc2ccccc21,Metabotropic glutamate receptor 2
Cc1c(OCCCCCSc2ccncc2)ccc(C(=O)CC(C)C)c1O,Metabotropic glutamate receptor 2
Cc1cc(-c2nc(-c3ccc(OC(F)F)c(Cl)c3)n3c2CCO[C@H](C)C3)ccn1,Metabotropic glutamate receptor 2
Cn1c(=O)n(CC2CC2(F)F)c2ccc(C3=CC4CCC3CN4C(=O)c3ccon3)nc21,Metabotropic glutamate receptor 2
Cc1c(OCc2cccc(-c3ccc(Cl)c(C(=O)O)c3)c2)cc2c(c1C)C(=O)C(C1CCCC1)C2,Metabotropic glutamate receptor 2
CCCc1c(OCCCCOc2ccc(-c3nn[nH]n3)cc2)ccc2c1ccn2C,Metabotropic glutamate receptor 2
NC(=O)c1cc(-c2ccc(F)cc2)c2cc(F)c(CN3C(=O)CCC3=O)cc2n1,Metabotropic glutamate receptor 2
Cn1cc(-c2cc(C(N)=O)nc3cc(CN4CCOC(CC(F)(F)F)C4)ccc23)cn1,Metabotropic glutamate receptor 2
COc1cc(-c2nc(-c3ccnc(C)c3)c3n2C[C@@H](CF)OCC3)ccc1Cl,Metabotropic glutamate receptor 2
CCOC(=O)C(C)Oc1cccc(N(Cc2cccnc2)S(=O)(=O)CC(F)(F)F)c1,Metabotropic glutamate receptor 2
Cn1c(CN2CCN(c3ccc(C#N)cc3)CC2)nc2ccccc21,Metabotropic glutamate receptor 2
CC(C)CNc1cc2c(cc1C(F)(F)F)NC(=O)CC(c1cccc(-n3ccnn3)c1)=N2,Metabotropic glutamate receptor 2
CCc1ccccc1OCC1CN(c2ccccc2)C(=O)O1,Metabotropic glutamate receptor 2
CC(C)O/C(=C\n1cncn1)c1ccc(F)cc1F,Metabotropic glutamate receptor 2
O=C(O)c1cc(-c2cccc(COc3ccc4c(c3)CN(C3CCCCC3)C4=O)c2)ccc1Cl,Metabotropic glutamate receptor 2
Cc1cc2c(cc1C(F)(F)F)NC(=O)CC(c1cccc(-c3ccnc(CN(C)C)c3)c1)=N2,Metabotropic glutamate receptor 2
COc1cc(-c2nc(-c3cc(C)nc(CF)c3)c3n2C[C@@H](CF)OCC3)ccc1OC(F)F,Metabotropic glutamate receptor 2
Cc1cc(-c2nc(-c3ccc(OC(F)(F)F)cc3)n3c2CCO[C@H](C)C3)cc(CF)n1,Metabotropic glutamate receptor 2
COc1ccc(-c2nc(-c3ccnc(C)c3)c3n2C[C@@H](C)OCC3)cc1F,Metabotropic glutamate receptor 2
CC(=O)c1ccc(OCCCCOc2ccc(-c3nn[nH]n3)cc2)cc1O,Metabotropic glutamate receptor 2
CCOC(=O)COc1cccc(N(Cc2cccnc2)S(=O)(=O)CC(F)(F)F)c1,Metabotropic glutamate receptor 2
COc1cc(-c2nc(-c3cc(C)nc(C)c3)c3n2CCOCC3)ccc1C,Metabotropic glutamate receptor 2
Nc1cccc(OCC2CN(c3ccccc3)C(=O)O2)c1,Metabotropic glutamate receptor 2
NC(=O)c1cc(-c2ccc(F)cc2)c2ccc(Cn3cc(C(O)C4CCCC4)cn3)cc2n1,Metabotropic glutamate receptor 2
CCS(=O)(=O)N(Cc1cccnc1)c1cccc(C(=O)c2ccccc2)c1,Metabotropic glutamate receptor 2
COc1cc(-c2nc(-c3cc(C)nc(C(F)F)c3)c3n2C[C@@H](C)OCC3)ccc1C(F)F,Metabotropic glutamate receptor 2
Cc1ccc(Oc2ccc(-c3ccn4c(CC5CC5)nnc4c3C(F)(F)F)cc2Cl)c(C)n1,Metabotropic glutamate receptor 2
Cc1cc(-c2nc(-c3ccc(Cl)c(C(F)F)c3)n3c2CCOCC3)ccn1,Metabotropic glutamate receptor 2
Cn1c(=O)n(CC(C)(C)C)c2ccc(C3CC4CN(C(=O)c5ncco5)CC4C3)nc21,Metabotropic glutamate receptor 2
CCCn1ccc2cc(-c3ccc(N(C)C)nc3)cc(Cl)c2c1=O,Metabotropic glutamate receptor 2
CC[C@@H]1Cn2c(-c3ccc(Cl)c(OC)c3)nc(-c3ccnc(C)c3)c2CCO1,Metabotropic glutamate receptor 2
CC(C)c1ccc2c(c1)NC(=O)CC(c1cccc(-n3ccnn3)c1)=N2,Metabotropic glutamate receptor 2
FC(F)(F)c1c(O[C@H]2CC[C@H](c3ccccc3)CC2)ccn2c(CC3CC3)nnc12,Metabotropic glutamate receptor 2
O=C([O-])c1cc(-c2cccc(COc3ccc4c(=O)n(C5CC5)sc4c3)c2)ccc1Cl.[Na+],Metabotropic glutamate receptor 2
Cc1cc(-c2nc(-c3ccc(C(F)(F)F)c(F)c3)n3c2CCOCC3)cc(C)n1,Metabotropic glutamate receptor 2
COc1cc(-c2nc(-c3cc(C)nc(C)c3)c3n2C[C@@H](C)OCC3)ccc1C(F)F,Metabotropic glutamate receptor 2
CC1(C2CCCC2)Cc2cc(OCCCCCc3nn[nH]n3)c(Cl)c(Cl)c2C1=O,Metabotropic glutamate receptor 2
COc1ccc(C#Cc2ccc3c(c2)NC(=O)CC(c2cccc(C#N)c2)=N3)cc1,Metabotropic glutamate receptor 2
CC(C)c1cccc(OCC2CN(c3ccccc3)C(=O)O2)c1,Metabotropic glutamate receptor 2
Cc1cc(-c2nc(-c3ccc(C(F)(F)F)c(C)c3)n3c2CCOCC3)cc(C)n1,Metabotropic glutamate receptor 2
CCS(=O)(=O)N(Cc1cccnc1)c1cccc(Cc2ccccc2)c1,Metabotropic glutamate receptor 2
COc1cc(-c2nc(-c3cc(C)nc(C(F)F)c3)c3n2C[C@@H](CF)OCC3)ccc1C,Metabotropic glutamate receptor 2
CC(C)CCn1ccc(N2CCCC(c3ccccc3)C2)c(C#N)c1=O,Metabotropic glutamate receptor 2
NC(=O)c1cc(-c2ccc(F)cc2)c2ccc(CN3CCC(F)(F)C3)cc2n1,Metabotropic glutamate receptor 2
NC(=O)c1cc(-c2ccc(F)cc2)c2ccccc2n1,Metabotropic glutamate receptor 2
CCCn1ccc2c(N(Cl)CCc3ccccc3)cccc2c1=O,Metabotropic glutamate receptor 2
Cc1c(OCCCCOc2ccccc2)ccc(C(=O)CC(C)C)c1O,Metabotropic glutamate receptor 2
Cc1cc(-c2nc(-c3ccc(OC(F)(F)F)c(F)c3)n3c2CCO[C@H](CF)C3)cc(CF)n1,Metabotropic glutamate receptor 2
COc1c(F)cccc1C1CCN(c2ccn3c(CC4CC4)nnc3c2Cl)CC1,Metabotropic glutamate receptor 2
COc1cc(-c2nc(-c3cc(C)nc(C)c3)c3n2C[C@@H](CF)OCC3)ccc1C,Metabotropic glutamate receptor 2
COCCn1c(CN2CCN(c3nc(Cl)ccc3C(F)(F)F)CC2)nc2ccccc21,Metabotropic glutamate receptor 2
Cc1cccc(-c2ccc3c(n2)n(C)c(=O)n3CC(C)(C)C)c1,Metabotropic glutamate receptor 2
CCCn1ccc2cc(-c3ccc(OC)nc3)cc(Cl)c2c1=O,Metabotropic glutamate receptor 2
N#Cc1c(-c2ccc(N3CCOCC3)c(Cl)c2)ccn2c(CC(F)(F)F)cnc12,Metabotropic glutamate receptor 2
Cc1cc(-c2nc(-c3ccc(OC(F)F)c(C)c3)n3c2CCO[C@H](CF)C3)ccn1,Metabotropic glutamate receptor 2
CCC(O)(c1cn(Cc2ccc3c(-c4ccc(OC)c(C)c4)cc(C(N)=O)nc3c2)cn1)C(F)(F)F,Metabotropic glutamate receptor 2
CCOC(=O)c1cn(Cc2ccc3c(-c4ccc(F)cc4)cc(C(N)=O)nc3c2)nc1C(F)(F)F,Metabotropic glutamate receptor 2
Cc1cc(-c2nc(-c3ccc(OC(F)F)c(C)c3)n3c2CCO[C@H](CF)C3)cc(C)n1,Metabotropic glutamate receptor 2
O=C1CC(c2cccc(-n3ccnn3)c2)=Nc2ccc(C(F)F)cc2N1,Metabotropic glutamate receptor 2
CCC(C)COc1cccc(N(Cc2cccnc2)S(=O)(=O)CC(F)(F)F)c1,Metabotropic glutamate receptor 2
Cn1cc(-c2cc(C(N)=O)nc3cc(Cc4ccnc(C#N)c4)ccc23)cn1,Metabotropic glutamate receptor 2
COc1cc(C)c(-c2cc(C(N)=O)nc3cc(CCc4cnc(C)nc4)ccc23)c(C)c1,Metabotropic glutamate receptor 2
Cc1cc(-c2nc(-c3ccc(OC(F)(F)F)cc3)n3c2CCO[C@H](C)C3)cc(C)n1,Metabotropic glutamate receptor 2
NC(=O)c1cc(-c2ccc(F)cc2)c2ccc(CN3CCNC(C4CC4)C3)cc2n1,Metabotropic glutamate receptor 2
CCCn1ccc2cc(-c3ccc(N4CCOCC4)nc3)cc(Cl)c2c1=O,Metabotropic glutamate receptor 2
COc1cccc(F)c1C1CCN(c2ccn3c(CC4CC4)nnc3c2Cl)CC1,Metabotropic glutamate receptor 2
[H][C@@]12C[C@@H](OC(c3ccc(Cl)cc3)c3ccc(Cl)cc3)[C@@](N)(C(=O)O)[C@]1([H])[C@@]2(F)C(=O)O,Metabotropic glutamate receptor 2
NC(=O)c1cc(-c2ccc(F)cc2)c2ccc(Cn3cnc4ncccc43)cc2n1,Metabotropic glutamate receptor 2
Cc1cc(-c2nc(-c3ccc(OCc4ccccc4)c(F)c3)n3c2CCOCC3)cc(C)n1,Metabotropic glutamate receptor 2
FC(F)(F)c1c(OCC2(c3ccc(Cl)cc3)CC2)ccn2c(CC3CC3)nnc12,Metabotropic glutamate receptor 2
NC(=O)c1cc(-c2ccc(F)cc2)c2ccc(Cn3ccnc3)cc2n1,Metabotropic glutamate receptor 2
Cn1cc(-c2cc(C(N)=O)nc3cc(Cc4cnc(F)nc4)ccc23)cn1,Metabotropic glutamate receptor 2
CCCC1Cc2cc(OCc3ccc(-c4nn[nH]n4)cc3)c(Cl)c(Cl)c2C1=O,Metabotropic glutamate receptor 2
Cc1ccc(-c2cccc(C3=Nc4cc(C)c(C(F)(F)F)cc4NC(=O)C3)c2)cn1,Metabotropic glutamate receptor 2
CCCn1ccc2cc(-c3ccc(Oc4ccccc4)cc3)cc(Cl)c2c1=O,Metabotropic glutamate receptor 2
NC(=O)c1cc(-c2ccc(F)cc2)c2ccc(Cn3c(-c4ccccn4)nc4ccccc43)cc2n1,Metabotropic glutamate receptor 2
CC(C)CCn1ccc(-c2ccc(OCC3CC3)c(Cl)c2)c(C#N)c1=O,Metabotropic glutamate receptor 2
CCc1ccc(-c2nc(-c3cc(C)nc(C)c3)c3n2C[C@@H](C)OCC3)cc1OC,Metabotropic glutamate receptor 2
Cc1cc(-c2nc(-c3ccc(F)c(OCC4(C)COC4)c3)n3c2CCO[C@H](C)C3)cc(C)n1,Metabotropic glutamate receptor 2
CCCc1c(OCCCCOc2ccc(S(N)(=O)=O)cc2)ccc(C(C)=O)c1O,Metabotropic glutamate receptor 2
CC(C)(O)C#Cc1ccc2c(c1)NC(=O)CC(c1cccc(C#N)c1)=N2,Metabotropic glutamate receptor 2
Cc1cc(-c2cccc(C3=Nc4cc(C)c(C(F)(F)F)cc4NC(=O)C3)c2)cc(C2CC2)n1,Metabotropic glutamate receptor 2
COc1ccccc1C1C(C(=O)OCCN(C)C)=C(C)N=C2SC(c3ccc(Cl)cc3Cl)=CN21,Metabotropic glutamate receptor 2
O=C1OC(COc2ccc(Cl)cc2)CN1c1ccccc1,Metabotropic glutamate receptor 2
C[C@@H]1CN(Cc2ccc(-c3ccc(CN(C)C)cc3)cc2)C(=O)O1,Metabotropic glutamate receptor 2
Cc1cc(-c2nc(-c3ccc(OC(F)F)c(Cl)c3)n3c2CCO[C@H](C)C3)cc(C)n1,Metabotropic glutamate receptor 2
N#Cc1c(-c2ccc3c(ccn3CC3CC3)c2)ccn2c(CC(F)(F)F)cnc12,Metabotropic glutamate receptor 2
NC(=O)c1cc(-c2cnn(-c3ccccc3)c2)c2ccccc2n1,Metabotropic glutamate receptor 2
CC(C)CC1COCCN1Cc1ccc2c(-c3cnn(C)c3)cc(C(N)=O)nc2c1,Metabotropic glutamate receptor 2
Cc1c(OCCCCOc2ccc3c(c2)OCCC3)ccc(C(=O)CC(C)C)c1O,Metabotropic glutamate receptor 2
Cc1cc(-c2nc(-c3ccc(OC(F)F)c(C)c3)n3c2CCO[C@H](CF)C3)cc(CF)n1,Metabotropic glutamate receptor 2
CC1CN(Cc2ccc(OC3CCOCC3)cc2)C(=O)O1,Metabotropic glutamate receptor 2
Cc1cc2c(cc1C(F)(F)F)NC(=O)CC(c1cccc(-c3ccnc(-c4ccccc4)c3)c1)=N2,Metabotropic glutamate receptor 2
COc1ccc(-c2cc(C(N)=O)nc3cc(C(O)Cc4ccc(Cl)nc4)ccc23)cc1,Metabotropic glutamate receptor 2
Cc1cc(-c2nc(-c3ccc(OC(F)(F)F)c(F)c3)n3c2CCOCC3)cc(C)n1,Metabotropic glutamate receptor 2
[H][C@@]12C[C@@H](OCCC)[C@@](N)(C(=O)O)[C@]1([H])[C@@]2(F)C(=O)O,Metabotropic glutamate receptor 2
CCS(=O)(=O)N(Cc1cccnc1)c1cccc(C(C)c2ccccc2)c1,Metabotropic glutamate receptor 2
[H][C@@]12C[C@H](OC)[C@@](N)(C(=O)O)[C@]1([H])[C@@]2(F)C(=O)O,Metabotropic glutamate receptor 2
CC(C)COc1cccc(N(Cc2cccnc2)S(=O)(=O)CC(F)(F)F)c1,Metabotropic glutamate receptor 2
Cc1cc(-c2cnn3c2C(=O)N(c2ccc(C(C)O)cc2)C[C@@H]3C)ccn1,Metabotropic glutamate receptor 2
CCOc1cc(-c2nc(-c3ccnc(C)c3)c3n2C[C@@H](C)OCC3)ccc1C,Metabotropic glutamate receptor 2
CCOCc1nnc2c(C(F)(F)F)c(-c3ccc(Oc4ccc(C)nc4C)c(F)c3)ccn12,Metabotropic glutamate receptor 2
O=C1CC(c2cccc(-n3ccnn3)c2)=Nc2ccc(Cl)cc2N1,Metabotropic glutamate receptor 2
CCCn1ccc2cc(-c3ccc(OCc4ccc(Cl)nc4)cc3)cc(Cl)c2c1=O,Metabotropic glutamate receptor 2
COc1ccc(-c2cc(C(N)=O)nc3cc(CCc4cnc(C#N)nc4)ccc23)c(F)c1,Metabotropic glutamate receptor 2
O=C1CC(c2cccc(C(F)(F)F)c2)=Nc2ccc(C#Cc3ccccc3)cc2N1,Metabotropic glutamate receptor 2
COc1cc(-c2nc(-c3ccnc(C)c3)c3n2C[C@@H](CF)OCC3)ccc1OC(F)(F)F,Metabotropic glutamate receptor 2
Cn1cc(-c2cc(C(N)=O)nc3cc(CN4CCOC(C)(C)C4)ccc23)cn1,Metabotropic glutamate receptor 2
Cc1cc(Oc2ccc(-c3ccn4c(CC5CC5)nnc4c3Cl)cc2F)ccn1,Metabotropic glutamate receptor 2
[H][C@@]12C[C@@H](O[C@H](CCC)c3ccc(Cl)c(Cl)c3)[C@@](N)(C(=O)O)[C@]1([H])[C@@]2(F)C(=O)O,Metabotropic glutamate receptor 2
COc1cc(-c2nc(-c3ccnc(C)c3)c3n2CCOCC3)ccc1C(F)(F)F,Metabotropic glutamate receptor 2
Cc1cc(Oc2ccc(-c3ccn4c(CC5CC5)nnc4c3C(F)(F)F)cc2F)cc(C)n1,Metabotropic glutamate receptor 2
Cc1cc(-c2nc(-c3ccc(Cl)c(OCC(F)(F)F)c3)n3c2CCOCC3)cc(C)n1,Metabotropic glutamate receptor 2
Clc1cccc(Cl)c1-c1ccn2c(C3CCCCCC3)nnc2c1,Metabotropic glutamate receptor 2
CCCCCCC1CN(c2ccccc2)C(=O)O1,Metabotropic glutamate receptor 2
NC(=O)c1cc(-c2ccc(F)cc2)c2ccc(CN3CCNC(C(F)F)C3)cc2n1,Metabotropic glutamate receptor 2
COc1ccc(C2CCN(c3ccn(CC4CC4)c(=O)c3C#N)CC2)cc1,Metabotropic glutamate receptor 2
CCOC(=O)C1=C(C)N=C2SC(c3c(Cl)cccc3Cl)=CN2C1c1ccccc1OC,Metabotropic glutamate receptor 2
[H][C@@]12C[C@H](OC(c3ccc(Cl)cc3)c3ccc(Cl)cc3)[C@@](N)(C(=O)O)[C@]1([H])[C@@]2(F)C(=O)O,Metabotropic glutamate receptor 2
Cc1cc(-c2nc(-c3ccc(C)c(OCC(C)C)c3)n3c2CCO[C@H](C)C3)cc(C)n1,Metabotropic glutamate receptor 2
Cc1cc(-c2nc(-c3ccc(F)c(OC(F)(F)F)c3)n3c2CCO[C@H](C)C3)ccn1,Metabotropic glutamate receptor 2
COc1cc(-c2nc(-c3cc(C)nc(C)c3)c3n2CCOCC3)ccc1C(F)(F)F,Metabotropic glutamate receptor 2
COc1c(C2CCN(c3ccn4c(CC5CC5)nnc4c3Cl)CC2)ccc(F)c1F,Metabotropic glutamate receptor 2
Cc1ccc(C(=O)O)cc1-c1cccc(COc2ccc3c(c2)CN(C2CCCC2)C3=O)c1,Metabotropic glutamate receptor 2
COc1cc(-c2nc(-c3ccnc(CF)c3)c3n2C[C@@H](C)OCC3)ccc1Cl,Metabotropic glutamate receptor 2
NC(=O)c1cc(-c2ccc(F)cc2)c2ccc([C@H](O)Cc3ccc(Cl)nc3)cc2n1,Metabotropic glutamate receptor 2
Cc1cc(-c2nc(-c3ccc(OC(F)(F)F)c(C#N)c3)n3c2CCO[C@H](C)C3)ccn1,Metabotropic glutamate receptor 2
COc1ccccc1N1CCN(Cc2c(Br)c(=O)n(-c3ccccc3)n2C)CC1,Metabotropic glutamate receptor 2
O=C(O)c1cc(-c2cccc(COc3ccc4c(=O)n(CC5CC5)sc4c3)c2)ccc1Cl,Metabotropic glutamate receptor 2
COc1cc(-c2nc(-c3cc(C)nc(C)c3)c3n2C[C@@H](C)OCC3)ccc1C(F)(F)F,Metabotropic glutamate receptor 2
Cn1c(CN2CCN(c3nc(Cl)ccc3C(F)(F)F)CC2)nc2cc(C(F)(F)F)ccc21,Metabotropic glutamate receptor 2
CCC(O)(c1cn(Cc2ccc3c(-c4ccc(OC)c(OC)c4)cc(C(N)=O)nc3c2)cn1)C(F)(F)F,Metabotropic glutamate receptor 2
CN1CCN(C(=O)c2cccc(C3=Nc4ccc(C#Cc5ccccc5)cc4NC(=O)C3)c2)CC1,Metabotropic glutamate receptor 2
Cc1ncc(-c2cc(C(N)=O)nc3cc(CN4CCOC(C(F)(F)F)C4)ccc23)s1,Metabotropic glutamate receptor 2
CCCc1c(OCCCCOc2ccc(-c3nn[nH]n3)cc2)ccc(C(C)=O)c1O,Metabotropic glutamate receptor 2
CCCCCCC1CN(c2ccccc2C#N)C(=O)O1,Metabotropic glutamate receptor 2
[H][C@@]12C[C@@H](OC(c3ccc(F)cc3)c3ccc(F)cc3)[C@@](N)(C(=O)O)[C@]1([H])[C@@]2(F)C(=O)O,Metabotropic glutamate receptor 2
O[C@H]1CC[C@H](Oc2ccc(-c3ccn4c(CC(F)(F)F)nnc4c3Cl)cc2Cl)CC1,Metabotropic glutamate receptor 2
COc1cc(-c2nc(-c3cc(C)nc(C)c3)c3n2C[C@@H](C(F)F)OCC3)ccc1Cl,Metabotropic glutamate receptor 2
Cn1c(=O)n(CC(C)(C)C)c2ccc(-c3ccccc3F)nc21,Metabotropic glutamate receptor 2
N#Cc1cccc(C2=Nc3cc(N4CCOCC4)c(C#Cc4ccccc4)cc3NC(=O)C2)c1,Metabotropic glutamate receptor 2
Cc1cc(-c2nc(-c3ccc(OC(F)(F)F)cc3)n3c2CCOCC3)cc(C)n1,Metabotropic glutamate receptor 2
NC(=O)c1cc(-c2ccc(F)cc2)c2ccc(CN3CCC(O)CC3)cc2n1,Metabotropic glutamate receptor 2
COc1cc(-c2nc(-c3cc(C)nc(C(F)F)c3)c3n2C[C@@H](CF)OCC3)ccc1Cl,Metabotropic glutamate receptor 2
Cc1cc(-c2nc(-c3ccc(OC(F)(F)F)cc3)n3c2CCO[C@H](CF)C3)cc(C)n1,Metabotropic glutamate receptor 2
Cn1cc(-c2cc(C(N)=O)nc3cc(Cc4ccc(F)c(C(F)(F)F)c4)ccc23)cn1,Metabotropic glutamate receptor 2
CCC(O)(c1cn(Cc2ccc3c(-c4ccc(OC)cc4)cc(C(N)=O)nc3c2)cn1)C(F)(F)F,Metabotropic glutamate receptor 2
C=C(c1ccccc1)c1ccc(N(Cc2cccnc2)S(=O)(=O)CC)cc1,Metabotropic glutamate receptor 2
Cc1cc(-c2nc(-c3ccc(Cl)c(C)c3)n3c2CCOCC3)cc(C)n1,Metabotropic glutamate receptor 2
Cc1cc2c(cc1C(F)(F)F)NC(=O)CC(c1cccc(-c3ccnc(C(C)C)c3)c1)=N2,Metabotropic glutamate receptor 2
C[C@@H]1CN(Cc2ccc3c(-c4cnn(C)c4)cc(C(N)=O)nc3c2)C[C@@H](C(F)(F)F)O1,Metabotropic glutamate receptor 2
[H][C@@]12CN(Cc3nc4ccccc4n3C)C[C@]1([H])C2COc1ccc(C(F)(F)F)cc1,Metabotropic glutamate receptor 2
C[C@@H]1CN(Cc2ccc3c(-c4cnn(C)c4)cc(C(N)=O)nc3c2)CCO1,Metabotropic glutamate receptor 2
Cc1cc(-c2nc(-c3ccc(F)c(C(F)(F)F)c3)n3c2CCO[C@H](C)C3)cc(C)n1,Metabotropic glutamate receptor 2
FC(F)(F)c1c(OCC2CC2c2ccc(Cl)cc2)ccn2c(CC3CC3)nnc12,Metabotropic glutamate receptor 2
Cc1cccc(S(=O)(=O)NC2CC(c3ccc4c(n3)n(C)c(=O)n4CC(C)(C)C)CCC2(C)C)c1,Metabotropic glutamate receptor 2
CC(C)(C)OC(=O)N(Cc1ccc2c(-c3ccc(F)cc3)cc(C(N)=O)nc2c1)C(=O)OC(C)(C)C,Metabotropic glutamate receptor 2
NC(=O)c1cc(-c2ccc(F)cc2)c2c(F)cc(CN3C(=O)CCC3=O)cc2n1,Metabotropic glutamate receptor 2
CCCc1c(OCCCCOc2ccc(-c3nn[nH]n3)cc2)ccc2c1ccn2CC(C)C,Metabotropic glutamate receptor 2
Cc1cc2c(cc1C(F)(F)F)NC(=O)CC(c1cccc(-c3ccnc(CO)c3)c1)=N2,Metabotropic glutamate receptor 2
CCCc1c(OCc2cccc(Oc3ccc(-c4nn[nH]n4)cc3)c2)ccc2c1ccn2CC(C)(C)C,Metabotropic glutamate receptor 2
Cn1cc(-c2cc(C(N)=O)nc3cc(Cc4cc(Cl)nc(C(F)(F)F)c4)ccc23)cn1,Metabotropic glutamate receptor 2
Cc1cc(-c2nc(-c3ccc(C(F)F)c(Cl)c3)n3c2CCO[C@H](C)C3)cc(C)n1,Metabotropic glutamate receptor 2
CCc1cc(Oc2ccc(-c3ccn4c(CC5CC5)nnc4c3Cl)cc2F)ccn1,Metabotropic glutamate receptor 2
NC(=O)c1cc(-c2ccc(F)cc2)c2ccc(CN3CCS(=O)(=O)CC3)cc2n1,Metabotropic glutamate receptor 2
NC(=O)c1cc(-c2ccc(F)cc2)c2ccc(Cn3c(C4CCC4)nc4ccccc43)cc2n1,Metabotropic glutamate receptor 2
Cn1c(=O)n(CC(C)(C)C)c2ccc(-c3cccc(S(C)(=O)=O)c3)nc21,Metabotropic glutamate receptor 2
Cc1ccc(-c2cc(C(N)=O)nc3cc(C)ccc23)cc1,Metabotropic glutamate receptor 2
CC1CC=C(c2cc(C(N)=O)nc3cc(CN4C(=O)CCC4=O)ccc23)CC1,Metabotropic glutamate receptor 2
Cn1c(=O)n(CC(C)(C)C)c2ccc(C3=CC4CN(C(=O)CO)CC4C3)nc21,Metabotropic glutamate receptor 2
Cn1c(=O)n(CC(C)(C)C)c2ccc(C3=CC4CCC3CN4C(=O)C3CC3)nc21,Metabotropic glutamate receptor 2
[H][C@@]12C[C@@H](OCc3cccc(F)c3F)[C@@](N)(C(=O)O)[C@]1([H])[C@@]2(F)C(=O)O,Metabotropic glutamate receptor 2
NC(=O)c1cc(-c2ccc(F)cc2)c2ccc(C(=O)N3CCOCC3)cc2n1,Metabotropic glutamate receptor 2
Cc1cc(-c2nc(-c3ccc(F)c(Cl)c3)n3c2CCO[C@H](C)C3)cc(C)n1,Metabotropic glutamate receptor 2
CC(C)C1Cc2cc(OCc3ccc(-c4nn[nH]n4)cc3)c(Cl)c(Cl)c2C1=O,Metabotropic glutamate receptor 2
Cc1cc(-c2nc(-c3ccc(OC4CC4)c(Cl)c3)n3c2CCO[C@H](CF)C3)cc(C)n1,Metabotropic glutamate receptor 2
Cc1cc(-c2nc(-c3ccc(F)c(Cl)c3)n3c2CCO[C@H](CF)C3)cc(C)n1,Metabotropic glutamate receptor 2
Cn1ccc2cc(-c3ccn4c(CC(F)(F)F)cnc4c3C#N)cc(Cl)c21,Metabotropic glutamate receptor 2
Cn1cc(-c2cc(C(N)=O)nc3c(F)c(CN4C(=O)NC(C)(C)C4=O)ccc23)cn1,Metabotropic glutamate receptor 2
NC(=O)c1cc(-c2ccc(F)cc2)c2ccc(CN3CC(O)CC3C(N)=O)cc2n1,Metabotropic glutamate receptor 2
C[C@@H]1CN(Cc2ccc(-c3ccc(F)c(F)c3)cn2)C(=O)O1,Metabotropic glutamate receptor 2
NC(=O)c1cc(-c2cn[nH]c2)c2ccc(CN3CCOC(C(F)(F)F)C3)cc2n1,Metabotropic glutamate receptor 2
Clc1c(OCc2ccccc2-c2ccccc2)ccn2c(CC3CC3)nnc12,Metabotropic glutamate receptor 2
CCCc1c(OCCCCCOc2ccc(-c3nn[nH]n3)cc2)ccc2c1ccn2CC(C)(C)C,Metabotropic glutamate receptor 2
COc1ncc(Cc2ccc3c(-c4cnn(C)c4)cc(C(N)=O)nc3c2)cn1,Metabotropic glutamate receptor 2
CC(C)(C)NC(=O)COc1cc2c(cc1C#Cc1ccccc1)NC(=O)CC(c1cccc(C#N)c1)=N2,Metabotropic glutamate receptor 2
Cn1c(=O)n(CC(C)(C)C)c2ccc(-c3ccccc3C#N)nc21,Metabotropic glutamate receptor 2
CCCCn1ccc(-c2ccc(Oc3ccc(C)nc3C)cc2)c(C#N)c1=O,Metabotropic glutamate receptor 2
CC(=O)NC1CCN(Cc2ccc3c(-c4ccc(F)cc4)cc(C(N)=O)nc3c2)C1,Metabotropic glutamate receptor 2
COc1cc(-c2nc(-c3cc(C)nc(CF)c3)c3n2C[C@@H](CF)OCC3)ccc1Cl,Metabotropic glutamate receptor 2
CC1=C(C(=O)OCCN(C)C)C(c2ccccc2F)N2C=C(c3c(Cl)cccc3Cl)SC2=N1,Metabotropic glutamate receptor 2
CCCc1c(OC/C=C/COc2ccc(-c3nn[nH]n3)cc2)ccc2c1ccn2CC(C)(C)C,Metabotropic glutamate receptor 2
O=C1CC(c2cccc(-n3ccnc3)c2)=Nc2ccc(C#Cc3ccccc3F)cc2N1,Metabotropic glutamate receptor 2
COc1cc(-c2nc(-c3cc(C)nc(C(F)F)c3)c3n2C[C@@H](C)OCC3)ccc1C,Metabotropic glutamate receptor 2
CCCn1ccc2cc(-c3cccnc3)cc(Cl)c2c1=O,Metabotropic glutamate receptor 2
NC(=O)c1cc(-c2ccc(F)cc2)c2ccc(CN3CCNCC3C(F)(F)F)cc2n1,Metabotropic glutamate receptor 2
N#Cc1cccc(C2=Nc3ccc(C#Cc4ccc(F)cc4)cc3NC(=O)C2)c1,Metabotropic glutamate receptor 2
O=S(=O)(CC(F)(F)F)N(Cc1cncnc1)c1cccc(OC2CCCC2)c1,Metabotropic glutamate receptor 2
COc1cc(-c2nc(-c3cc(C)nc(C)c3)c3n2CCOCC3)ccc1OC(F)F,Metabotropic glutamate receptor 2
CCOc1ccc(-c2nc(-c3cc(C)nc(C)c3)c3n2C[C@@H](CF)OCC3)cc1C,Metabotropic glutamate receptor 2
Cn1cc(-c2cc(C(N)=O)nc3cc(CN4CCC5(CC4)CC5)ccc23)cn1,Metabotropic glutamate receptor 2
CCCCCCC1CN(c2cccc(C(=O)OC)c2)C(=O)O1,Metabotropic glutamate receptor 2
Cc1cc(-c2nc(-c3ccc(OC(F)F)c(C)c3)n3c2CCO[C@H](C)C3)cc(C)n1,Metabotropic glutamate receptor 2
C[C@@H]1CN(Cc2ccc(-c3ccccc3F)cc2)C(=O)O1,Metabotropic glutamate receptor 2
CCCn1c(CN2CCN(c3ncc(Cl)cn3)CC2)nc2ccccc21,Metabotropic glutamate receptor 2
C[C@@H]1CN(Cc2ccc(-c3ccccc3CN(C)C)cc2)C(=O)O1,Metabotropic glutamate receptor 2
CCCc1c(OCCCCN(C)c2ccc(-c3nn[nH]n3)cc2)ccc(C(C)=O)c1O,Metabotropic glutamate receptor 2
NC(=O)c1cc(-c2ccc(F)cc2)c2ccc(CN3CCNC(CF)C3)cc2n1,Metabotropic glutamate receptor 2
O=C1CC(c2cccc(-n3cnnn3)c2)=Nc2ccc(C#Cc3ccc(F)cc3)cc2N1,Metabotropic glutamate receptor 2
COc1ccc(-c2cccc(C3=Nc4cc(C)c(C(F)(F)F)cc4NC(=O)C3)c2)cn1,Metabotropic glutamate receptor 2
NC(=O)c1cc(-c2ccccc2Br)c2ccccc2n1,Metabotropic glutamate receptor 2
O=S(=O)(CC(F)(F)F)N(Cc1cncnc1)c1cccc(Oc2ccccc2)c1,Metabotropic glutamate receptor 2
CCc1cnc2c(C#N)c(N3CCN(c4ncccn4)CC3)ccn12,Metabotropic glutamate receptor 2
CC1CN(Cc2ccc(OCc3ccccc3)cc2)C(=O)O1,Metabotropic glutamate receptor 2
Cn1c(=O)n(CC(C)(C)C)c2ccc(C3=CC4CCC3CN4C(=O)c3cccnc3)nc21,Metabotropic glutamate receptor 2
Clc1ccc(/C(=C/n2cncn2)OC2CCCCCCC2)c(Cl)c1,Metabotropic glutamate receptor 2
COc1ccc(-c2cc(C(N)=O)nc3cc(CCc4cnc(C#N)nc4)ccc23)cc1,Metabotropic glutamate receptor 2
Cn1c(=O)n(CC(C)(C)C)c2ccc(C3=CC4CN(C(=O)C5(O)CCC5)CC4C3)nc21,Metabotropic glutamate receptor 2
NC(=O)c1cc(-c2ccc(F)cc2)c2ccc(CN3CCC[C@H]3C(N)=O)cc2n1,Metabotropic glutamate receptor 2
Cc1cc(-c2nc(-c3ccc(C(F)(F)F)c(F)c3)n3c2CCO[C@H](C)C3)cc(C)n1,Metabotropic glutamate receptor 2
Cc1cc(-c2cnn3c2C(=O)N(c2ccc(C(F)(F)F)cc2)C[C@@H]3C)ccn1,Metabotropic glutamate receptor 2
Cc1cc(-c2nc(-c3ccc(OCC(F)F)c(Cl)c3)n3c2CCOCC3)cc(C)n1,Metabotropic glutamate receptor 2
Cc1cc(-c2nc(-c3ccc(OC(F)F)c(F)c3)n3c2CCO[C@H](C)C3)cc(C)n1,Metabotropic glutamate receptor 2
CCCc1c(OCCCC(C)Oc2ccc(-c3nn[nH]n3)cc2)ccc(C(C)=O)c1O,Metabotropic glutamate receptor 2
Cn1cc(-c2cc(C(N)=O)nc3cc(CN4CCC(F)CC4)ccc23)cn1,Metabotropic glutamate receptor 2
Cc1cc(-c2nc(-c3ccc(Cl)c(F)c3)n3c2CCO[C@H](C)C3)ccn1,Metabotropic glutamate receptor 2
Clc1c(OCc2cccc(-c3cncnc3)c2)ccn2c(CC3CC3)nnc12,Metabotropic glutamate receptor 2
CCCn1ccc2cc(-c3ccc(Oc4ccncc4)cc3)cc(Cl)c2c1=O,Metabotropic glutamate receptor 2
CC1CN(Cc2ccc3c(-c4ccc(F)cc4)cc(C(N)=O)nc3c2)CC(C(F)(F)F)N1,Metabotropic glutamate receptor 2
CC1(C2CCCC2)Cc2cc(OCc3ccccc3-c3nn[nH]n3)c(Cl)c(Cl)c2C1=O,Metabotropic glutamate receptor 2
O=C1OC(COc2ccccc2)CN1c1ccccc1,Metabotropic glutamate receptor 2
O=C(O)c1ccc(-c2cccc(COc3ccc4c(c3)CN(C3CCCC3)C4=O)c2)c(Cl)c1,Metabotropic glutamate receptor 2
CC(C)CCn1ccc(N2CCN(c3ccccc3)CC2)c(C#N)c1=O,Metabotropic glutamate receptor 2
CCCCn1ccc(N2CCC(c3ccccc3)CC2)c(C#N)c1=O,Metabotropic glutamate receptor 2
CCCN1Cc2cc(OCc3cccc(-c4ccc(Cl)c(C(=O)O)c4)c3)ccc2C1=O,Metabotropic glutamate receptor 2
Cc1c(OCCCCOc2ccc(CCCO)cc2)ccc(C(=O)CC(C)C)c1O,Metabotropic glutamate receptor 2
COc1ccccc1C1C(C(=O)OCCCN(C)C)=C(C)N=C2SC(c3c(Cl)cccc3Cl)=CN21,Metabotropic glutamate receptor 2
N#Cc1cccc(C2=Nc3ccc(C#Cc4ccccc4Cl)cc3NC(=O)C2)c1,Metabotropic glutamate receptor 2
[H][C@@]12C[C@@H](OCc3c(F)c(F)c(F)c(F)c3F)[C@@](N)(C(=O)O)[C@]1([H])[C@@]2(F)C(=O)O,Metabotropic glutamate receptor 2
CC(C)c1ncc(-c2cc(C(N)=O)nc3cc(CN4CCOC(C(F)(F)F)C4)ccc23)s1,Metabotropic glutamate receptor 2
Cc1cc2c(cc1C(F)(F)F)NC(=O)CC(c1cccc(-c3ccncn3)c1)=N2,Metabotropic glutamate receptor 2
CCCCCCC1CN(c2ccccc2F)C(=O)O1,Metabotropic glutamate receptor 2
CCC(O)(c1nnnn1Cc1ccc2c(-c3ccc(F)cc3)cc(C(N)=O)nc2c1)C(F)(F)F,Metabotropic glutamate receptor 2
O=C(O)c1cc(-c2cccc(COc3ccc4c(c3)CN(CC3CC3)C4=O)c2)ccc1Cl,Metabotropic glutamate receptor 2
Fc1cc(-c2ccn3c(CC4CC4)nnc3c2Cl)ccc1Oc1ccnc(C2CC2)c1,Metabotropic glutamate receptor 2
NC(=O)c1cc(-c2ccc(F)cc2)c2ccc(CN3C(=O)CC4(CCCC4)C3=O)cc2n1,Metabotropic glutamate receptor 2
Cc1c(OCCCSc2ccncc2)ccc(C(=O)CC(C)C)c1O,Metabotropic glutamate receptor 2
Cc1c(-c2cc(C(N)=O)nc3cc(CN4C[C@@H](C)O[C@@H](C(F)(F)F)C4)ccc23)cnn1C,Metabotropic glutamate receptor 2
Cn1cc(-c2cc(C(N)=O)nc3cc(CN4C[C@H](C(F)(F)F)OCC4(C)C)ccc23)cn1,Metabotropic glutamate receptor 2
COc1cc(-c2nc(-c3cc(C)nc(C)c3)c3n2CCOCC3)ccc1C(F)F,Metabotropic glutamate receptor 2
Cc1ccc2c(-c3ccc(C#N)cc3)cc(C(N)=O)nc2c1,Metabotropic glutamate receptor 2
CC1CCC(c2cc(C(N)=O)nc3cc(CN4C(=O)CCC4=O)ccc23)CC1,Metabotropic glutamate receptor 2
[H][C@@]12C[C@@H](OCc3ccc(-c4ccccc4)cc3)[C@@](N)(C(=O)O)[C@]1([H])[C@@]2(F)C(=O)O,Metabotropic glutamate receptor 2
Cc1cc(-c2nc(-c3ccc(OC4CC4)c(C)c3)n3c2CCO[C@H](CF)C3)cc(C)n1,Metabotropic glutamate receptor 2
Cn1cc(-c2cc(C(N)=O)nc3cc(CN4CCCC(F)(F)C4)ccc23)cn1,Metabotropic glutamate receptor 2
NC(=O)c1cc(-c2cnc(C3CC3)s2)c2ccc(CN3CCOC(C(F)(F)F)C3)cc2n1,Metabotropic glutamate receptor 2
CCS(=O)(=O)N(Cc1cccnc1)c1ccc(C(=O)c2ccccc2)cc1,Metabotropic glutamate receptor 2
[H][C@@]12C[C@@H](O[C@@H](C)c3ccc(Cl)c(Cl)c3)[C@@](N)(C(=O)O)[C@]1([H])[C@@]2(F)C(=O)O,Metabotropic glutamate receptor 2
Cc1cc(-c2nc(-c3cccc(Cl)c3)n3c2CCO[C@H](C)C3)ccn1,Metabotropic glutamate receptor 2
N#Cc1c(N2CCN(c3ncccn3)CC2)ccn2c(CC(F)(F)F)cnc12,Metabotropic glutamate receptor 2
COc1cc(-c2nc(-c3cc(C)nc(CF)c3)c3n2C[C@@H](C)OCC3)ccc1C,Metabotropic glutamate receptor 2
Cc1cc(-c2nc(-c3ccc(Cl)c(C#N)c3)n3c2CCO[C@H](C)C3)cc(C)n1,Metabotropic glutamate receptor 2
Cc1cc(-c2nc(-c3ccc(OC4COC4)c(Cl)c3)n3c2CCO[C@H](C)C3)cc(C)n1,Metabotropic glutamate receptor 2
CC(C)(C)c1ccc(OC[C@H]2CN(c3cccc(C#N)c3)C(=O)O2)cc1,Metabotropic glutamate receptor 2
O=C(O)c1cc(-c2cccc(COc3ccc4c(c3)CN(C3CCC3)C4=O)c2)ccc1Cl,Metabotropic glutamate receptor 2
N#Cc1c(-c2ccc3c(ccn3[C@H]3CC[C@H](O)CC3)c2)ccn2c(CC(F)(F)F)cnc12,Metabotropic glutamate receptor 2
Cc1cc(-c2nc(-c3ccc(F)c(Cl)c3)n3c2CCO[C@H](CF)C3)ccn1,Metabotropic glutamate receptor 2
CCn1cc(-c2cc(C(N)=O)nc3cc(CN4CCOC(C(F)(F)F)C4)ccc23)cn1,Metabotropic glutamate receptor 2
Cc1nc2ccccc2n1Cc1ccc2c(-c3ccc(F)cc3)cc(C(N)=O)nc2c1,Metabotropic glutamate receptor 2
CN(C)c1cc2c(cc1C#Cc1ccccc1)NC(=O)CC(c1cccc(-n3ccnn3)c1)=N2,Metabotropic glutamate receptor 2
COc1ccc(-c2nc(-c3ccnc(C)c3)c3n2C[C@@H](C)OCC3)cc1OC(F)(F)F,Metabotropic glutamate receptor 2
[H][C@@]12CN(Cc3nc4ccccc4n3C)C[C@]1([H])C2COc1ccc(C(F)(F)F)cn1,Metabotropic glutamate receptor 2
NC(=O)c1cc(-c2cnn(C(F)F)c2)c2ccc(CN3CCOC(C(F)(F)F)C3)cc2n1,Metabotropic glutamate receptor 2
Clc1cnc(N2CCN(Cc3nc4ccccc4[nH]3)CC2)nc1,Metabotropic glutamate receptor 2
C[C@@H]1Cn2c(-c3ccc(OC(F)(F)F)cc3)nc(-c3ccnc(CF)c3)c2CCO1,Metabotropic glutamate receptor 2
CCCCCC[C@@H]1CN(c2ccccc2)C(=O)O1,Metabotropic glutamate receptor 2
[H][C@@]12CN(Cc3nc4ccccc4n3C)C[C@]1([H])C2COc1ccc(Cl)cc1,Metabotropic glutamate receptor 2
Cc1cc(-c2nc(-c3ccc(OC4CC4)c(C)c3)n3c2CCO[C@H](C)C3)cc(C)n1,Metabotropic glutamate receptor 2
O=C1CC(c2cccc(-n3ccnc3)c2)=Nc2ccc(-c3cccc(F)c3)cc2N1,Metabotropic glutamate receptor 2
Cc1cc(-c2nc(-c3ccc(F)c(OC(F)F)c3)n3c2CCO[C@H](C)C3)ccn1,Metabotropic glutamate receptor 2
COc1ccc(-c2ccn(CCC(C)C)c(=O)c2C#N)cc1OC,Metabotropic glutamate receptor 2
CCc1cc(-c2cccc(C3=Nc4cc(C)c(C(F)(F)F)cc4NC(=O)C3)c2)ccn1,Metabotropic glutamate receptor 2
Cn1cc(-c2cc(C(N)=O)nc3cc(CN4CCO[C@@H](C(F)(F)F)C4)ccc23)cn1,Metabotropic glutamate receptor 2
[H][C@@]12C[C@@H](OCc3cc(Cl)ccc3Cl)[C@@](N)(C(=O)O)[C@]1([H])[C@@]2(F)C(=O)O,Metabotropic glutamate receptor 2
CC(C)C1Cc2cc(OCc3cccc(CSc4ccncc4)c3)c(Cl)c(Cl)c2C1=O,Metabotropic glutamate receptor 2
COc1cc(-c2nc(-c3ccnc(C)c3)c3n2C[C@@H](CF)OCC3)ccc1C(F)F,Metabotropic glutamate receptor 2
Cc1ccc(CC(C)c2ccc3c(-c4ccc(F)cc4)cc(C(N)=O)nc3c2)cn1,Metabotropic glutamate receptor 2
NC(=O)c1cc(-c2ccc(F)cc2)c2ccc(Cn3c(C4CCCC4)nc4ccccc43)cc2n1,Metabotropic glutamate receptor 2
O=C([O-])c1cc(-c2cccc(-c3ccc4c(c3)CN(C3CCCC3)C4=O)c2)ccc1Cl.[Na+],Metabotropic glutamate receptor 2
CCCn1ccc2c(NCc3ccccc3)cccc2c1=O,Metabotropic glutamate receptor 2
Cn1cc(-c2cc(C(N)=O)nc3cc(Cc4cnc(C5CC5)nc4)ccc23)cn1,Metabotropic glutamate receptor 2
Cc1cc(-c2nc(-c3ccc(F)c(OCC4CCC4)c3)n3c2CCO[C@H](C)C3)ccn1,Metabotropic glutamate receptor 2
CC(=O)Nc1ccccc1OCC1CN(c2ccccc2)C(=O)O1,Metabotropic glutamate receptor 2
Cn1c(=O)n(CC(C)(C)C)c2ccc(C3CCC(C)(C)C(NC(=O)c4cnsn4)C3)nc21,Metabotropic glutamate receptor 2
FC(F)(F)c1c(OC[C@@H]2C[C@H]2c2ccc(Cl)cc2)ccn2c(CC3CC3)nnc12,Metabotropic glutamate receptor 2
Cc1ccc(Oc2ccc(-c3ccn4c(CC5CC5)nnc4c3C(C)C)cc2F)c(C)n1,Metabotropic glutamate receptor 2
COc1cc(-c2nc(-c3ccnc(C)c3)c3n2C[C@@H](CF)OCC3)ccc1OC(F)F,Metabotropic glutamate receptor 2
Cc1ccc2c(c1)NC(=O)CC(c1cccc(Cl)c1)=N2,Metabotropic glutamate receptor 2
CC1CN(Cc2ccc(OCCC3CCCCC3)cc2)C(=O)O1,Metabotropic glutamate receptor 2
COc1c(F)cccc1C1CCN(c2ccn3c(CC(F)(F)F)nnc3c2C#N)CC1,Metabotropic glutamate receptor 2
CCCc1c(OCc2ccc(Oc3ccc(-c4nn[nH]n4)cc3)cc2)ccc2c1ccn2CC(C)(C)C,Metabotropic glutamate receptor 2
COC1CCN(c2cc3c(cc2C#Cc2ccccc2)NC(=O)CC(c2cccc(C#N)c2)=N3)CC1,Metabotropic glutamate receptor 2
COc1cc(-c2nc(-c3ccnc(C)c3)c3n2C[C@@H](C)OCC3)ccc1OC(F)F,Metabotropic glutamate receptor 2
Cc1cc(-c2cccc(C3=Nc4cc(C)c(C(F)(F)F)cc4NC(=O)C3)c2)cc(CO)n1,Metabotropic glutamate receptor 2
