smiles,targetname
N#C/C(=Cc1ccc(-c2ccccc2C(=O)O)o1)C(=O)NCc1ccccc1,Anthrax lethal factor
CCOc1ccccc1/C=C1C(=O)N(c2ccc(S(N)(=O)=O)cc2)N=C1C,Anthrax lethal factor
Cc1cc(S(=O)(=O)N[C@@H](C(=O)NO)C2CC2)ccc1F,Anthrax lethal factor
CC(C)[C@@H](NS(=O)(=O)Cc1cccc(Cl)c1)C(=O)NO,Anthrax lethal factor
N=C(N)Nc1ccccc1[C@H]1C[C@@H](O)[C@H](NC(=N)N)C[C@@H]1NC(=N)N,Anthrax lethal factor
CC[C@@H](NCCCC[C@@H](Cc1cc(C)c(F)c(C)c1)C(=O)NO)c1ccc(F)cc1,Anthrax lethal factor
O=C(O)CCN1C(=O)/C(=C/c2ccc(-c3ccc(Cl)cc3)o2)SC1=S,Anthrax lethal factor
O=S(=O)(Nc1sccc1-c1nc2ccccc2s1)c1ccc(S(=O)(=O)N2CCOCC2)cc1,Anthrax lethal factor
Cc1c(Cl)cccc1S(=O)(=O)Nc1sccc1-c1nc2ccccc2s1,Anthrax lethal factor
Cc1csc(NS(=O)(=O)c2ccc(C(C)(C)C)cc2)c1-c1nc2ccccc2s1,Anthrax lethal factor
COc1cccc(/N=c2oc3c(C)ncc(CO)c3cc2C(=O)Nc2ccc(C)cc2)c1,Anthrax lethal factor
CC(=O)Nc1cccc(CN([C@H](C)C(=O)NO)S(=O)(=O)c2ccc(F)c(C)c2)c1,Anthrax lethal factor
O=C(O)CN1C(=O)/C(=C/c2ccc(-c3ccccc3[N+](=O)[O-])o2)SC1=S,Anthrax lethal factor
NC(N)=NC[C@H]1O[C@H](O[C@@H]2[C@@H](N=C(N)N)C[C@@H](N=C(N)N)[C@H](O)[C@H]2O)[C@H](N)[C@@H](O)[C@@H]1O,Anthrax lethal factor
Cc1csc(NS(=O)(=O)c2cccc(C(F)(F)F)c2)c1-c1nc2ccccc2s1,Anthrax lethal factor
CC[C@H](C)[C@@H]1NC(=O)[C@@H]2CSSC[C@H](NC(=O)[C@H](CCCNC(=N)N)NC(=O)[C@@H]3CSSC[C@H](NC1=O)C(=O)N[C@@H]([C@@H](C)O)C(=O)N[C@@H](CCCNC(=N)N)C(=O)NCC(=O)N[C@@H](Cc1ccccc1)C(=O)N3)C(=O)N[C@@H](CC(C)C)C(=O)N[C@H]1CSSC[C@H](NC(=O)[C@H](C(C)C)NC(=O)CNC(=O)[C@H](CCCNC(=N)N)NC(=O)[C@H](CCCNC(=N)N)NC1=O)C(=O)N[C@@H](CCC(=O)O)C(=O)N2,Anthrax lethal factor
Cc1csc(N(S(=O)(=O)c2cccc(C(F)(F)F)c2)S(=O)(=O)c2cccc(C(F)(F)F)c2)c1-c1nc2ccccc2s1,Anthrax lethal factor
CO[C@H](C[C@H](CCN1CCCC(Cc2ccc(F)cc2)C1)C(=O)NO)c1ccc(F)cc1,Anthrax lethal factor
COc1ccc(S(=O)(=O)Nc2sccc2-c2nc3ccccc3s2)cc1OC,Anthrax lethal factor
Cc1cc(CNCCCC[C@@H](Oc2cc(C)c(F)c(C)c2)C(=O)NO)ccc1F,Anthrax lethal factor
CC[C@H](C)[C@@H]1NC(=O)[C@@H]2CSSC[C@H](NC(=O)[C@H](CCCNC(=N)N)NC(=O)[C@@H]3CSSC[C@H](NC1=O)C(=O)N[C@@H](Cc1ccc(O)cc1)C(=O)N[C@@H](CCCNC(=N)N)C(=O)NCC(=O)N[C@@H](Cc1ccccc1)C(=O)N3)C(=O)N[C@@H](CC(C)C)C(=O)N[C@H]1CSSC[C@H](NC(=O)[C@H](C(C)C)NC(=O)CNC(=O)[C@H](CCCNC(=N)N)NC(=O)[C@H](CCCNC(=N)N)NC1=O)C(=O)N[C@@H](CCCNC(=N)N)C(=O)N2,Anthrax lethal factor
CCCCCCCC/C=CCCCCCCCC(=O)NCCc1cc(O)c(O)c(O)c1,Anthrax lethal factor
CCc1ccc(NC(=O)c2cc3c(CO)cnc(C)c3o/c2=Nc2ccc3c(c2)OCO3)cc1,Anthrax lethal factor
COc1ccc(-c2ccc(S(=O)(=O)Nc3oncc3-c3nc4ccccc4s3)cc2)cc1,Anthrax lethal factor
C1CCCC1,Anthrax lethal factor
Cc1cc(S(=O)(=O)N(Cc2cc(F)cc(F)c2)[C@H](C)C(=O)NO)ccc1F,Anthrax lethal factor
CC(=O)NCCc1ccc(CN([C@H](C)C(=O)NO)S(=O)(=O)c2ccc(F)c(C)c2)cc1,Anthrax lethal factor
Cc1cc(S(=O)(=O)N[C@@H](C(=O)NO)C(C)C)ccc1O,Anthrax lethal factor
O=C(O)CN1C(=O)/C(=C/c2ccc(/C=C3SC(=S)N(CC(=O)O)C3=O)s2)SC1=S,Anthrax lethal factor
Cc1nnc(-c2cccc(S(=O)(=O)Nc3sccc3-c3nc4ccccc4s3)c2)o1,Anthrax lethal factor
CCCCCCCC/C=CCCCCCCCC(=O)NCCc1ccc(C(=O)NO)cc1,Anthrax lethal factor
Cc1cc(S(=O)(=O)N[C@@H](C(=O)NO)C(C)C)ccc1F,Anthrax lethal factor
CC(=O)Nc1ccc(S(=O)(=O)Nc2scc(C)c2-c2nc3ccccc3s2)cc1,Anthrax lethal factor
CC1=NN(c2cccc(C(=O)O)c2)C(=O)/C1=Cc1ccc(N(C)C)c(Br)c1,Anthrax lethal factor
CC1=NN(c2ccc(C)c(C)c2)C(=O)/C1=Cc1ccc(-c2cccc(S(N)(=O)=O)c2)o1,Anthrax lethal factor
NC(N)=NC[C@H]1O[C@H](O[C@@H]2[C@@H](N)C[C@@H](N)[C@H](O)[C@H]2O)[C@H](N)[C@@H](O)[C@@H]1O,Anthrax lethal factor
Cc1cc(COCCCC[C@@H](Nc2cc(C)c(F)c(C)c2)C(=O)NO)ccc1F,Anthrax lethal factor
Cc1cc(N[C@H](CCCCNCCc2ccc(F)cc2)C(=O)NO)cc(C)c1F,Anthrax lethal factor
Cc1ccc2nc(-c3ccc(/N=c4oc5c(C)ncc(CO)c5cc4C(=O)Nc4ccccc4)cc3)sc2c1,Anthrax lethal factor
Cc1ccc2nc(-c3ccc(/N=c4oc5c(C)ncc(CO)c5cc4C(=O)Nc4ccccc4)c(-c4ccccc4)c3)sc2c1,Anthrax lethal factor
CC(C)[C@@H](NS(=O)(=O)c1ccc(F)cc1)C(=O)NO,Anthrax lethal factor
Cc1ncc(CO)c2cc(C(=O)Nc3ccccc3)/c(=N/c3ccc(Oc4ccccc4)cc3)oc12,Anthrax lethal factor
Cc1cc(N[C@H](CCCCNCc2ccc([N+](=O)[O-])cc2)C(=O)NO)cc(C)c1F,Anthrax lethal factor
Cc1cc(S(=O)(=O)N[C@@H](C(=O)NO)C2CCC2)ccc1F,Anthrax lethal factor
CC(C)[C@@H](NS(=O)(=O)c1ccc(-c2cnns2)s1)C(=O)NO,Anthrax lethal factor
Cc1cc(CNCCCC[C@@H](Nc2cc(C)c(F)c(C)c2)C(=O)NO)ccc1F,Anthrax lethal factor
COc1ccc(NC(=O)c2cc3c(CO)cnc(C)c3o/c2=Nc2ccc(OC)c(OC)c2)c(OC)c1,Anthrax lethal factor
COc1ccc(-c2ccc(/C=C3SC(=S)N(CC(=O)O)C3=O)o2)cc1Cl,Anthrax lethal factor
Cc1cc(C[C@H](CCCCNCc2ccc(Cl)cc2)C(=O)NO)cc(C)c1F,Anthrax lethal factor
O=C(O)CN1C(=O)/C(=C/c2ccc(-c3ccccc3)s2)SC1=S,Anthrax lethal factor
O=C1NC(=S)NC(=O)C1=Cc1ccc(-c2ccccc2)s1,Anthrax lethal factor
Cc1cc(S(=O)(=O)N(Cc2ccc(CCNC(=O)OC(C)(C)C)cc2)[C@H](C)C(=O)NO)ccc1F,Anthrax lethal factor
NC(N)=NC[C@H]1O[C@H](O[C@@H]2[C@@H](N=C(N)N)C[C@@H](N)[C@H](O)[C@H]2O)[C@H](N)[C@@H](O)[C@@H]1O,Anthrax lethal factor
Cc1csc(NS(=O)(=O)c2cccc(-c3ccc(Cl)cc3)c2)c1-c1nc2ccccc2s1,Anthrax lethal factor
CC[C@H](C)[C@@H]1NC(=O)[C@@H]2CSSC[C@H](NC(=O)[C@H](CCCNC(=N)N)NC(=O)[C@@H]3CSSC[C@H](NC1=O)C(=O)N[C@@H]([C@@H](C)O)C(=O)N[C@@H](CCCNC(=N)N)C(=O)NCC(=O)N[C@@H](Cc1ccccc1)C(=O)N3)C(=O)N[C@@H](CC(C)C)C(=O)N[C@H]1CSSC[C@H](NC(=O)[C@H](C(C)C)NC(=O)CNC(=O)[C@H](CCCNC(=N)N)NC(=O)[C@H](CCCNC(=N)N)NC1=O)C(=O)N[C@@H](Cc1c[nH]c3ccccc13)C(=O)N2,Anthrax lethal factor
Cc1cc(C[C@H](CCCCN[C@H](CC(C)C)c2ccc(F)cc2)C(=O)NO)cc(C)c1F,Anthrax lethal factor
Cc1cc(C)cc(/N=c2oc3c(C)ncc(CO)c3cc2C(=O)Nc2ccccc2C)c1,Anthrax lethal factor
NC[C@H]1O[C@H](O[C@@H]2[C@@H](N)C[C@@H](N=C(N)N)[C@H](O)[C@H]2O)[C@H](N=C(N)N)[C@@H](O)[C@@H]1O,Anthrax lethal factor
Cc1ccc(S(=O)(=O)Nc2sccc2-c2nc3ccccc3s2)cc1,Anthrax lethal factor
O=C(O)/C(=C/c1ccc(-c2ccc(Br)cc2)o1)c1ccccc1,Anthrax lethal factor
O=S(=O)(NC1=C(c2nc3ccccc3s2)C2CCCCC2S1)c1ccc(-c2ccc(Cl)cc2)cc1,Anthrax lethal factor
[H][C@@]12CN(C(C)=O)C[C@@]([H])(C1)c1cccc(=O)n1C2,Anthrax lethal factor
CC[C@H](C)[C@@H]1NC(=O)[C@@H]2CSSC[C@H](NC(=O)[C@H](CCCNC(=N)N)NC(=O)[C@@H]3CSSC[C@H](NC1=O)C(=O)N[C@@H]([C@@H](C)O)C(=O)N[C@@H](CCCNC(=N)N)C(=O)NCC(=O)N[C@@H](Cc1ccccc1)C(=O)N3)C(=O)N[C@@H](CC(C)C)C(=O)N[C@H]1CSSC[C@H](NC(=O)[C@H](C(C)C)NC(=O)[C@H](Cc3ccc(O)cc3)NC(=O)[C@H](CCCNC(=N)N)NC(=O)[C@H](CCCNC(=N)N)NC1=O)C(=O)N[C@@H](CCCNC(=N)N)C(=O)N2,Anthrax lethal factor
Cc1ccccc1N(CC(=O)Nc1ccc(F)cc1)S(C)(=O)=O,Anthrax lethal factor
O=C(N/N=C/c1cc([N+](=O)[O-])ccc1O)c1ccc(O)c(O)c1,Anthrax lethal factor
Cc1ccc(NC(=O)c2cc3c(CO)cnc(C)c3o/c2=Nc2ccccc2I)cc1,Anthrax lethal factor
COc1ccc(-c2ccc(S(=O)(=O)NC3=C(c4nc5ccccc5s4)C4CCCCC4S3)cc2)cc1,Anthrax lethal factor
Cc1c(/N=C/c2ccc(-c3cccc(C(=O)O)c3)o2)c(=O)n(-c2ccccc2)n1C,Anthrax lethal factor
O=C(c1ccccc1)c1ccccc1C(=O)N1CCCC1,Anthrax lethal factor
CC1CCC(C(=O)NC(C(=O)NCCN2CCC(C)CC2)C(C)C)CC1,Anthrax lethal factor
O=C(CC1CCCCC1)NCCCN1CCOCC1,Anthrax lethal factor
NS(=O)(=O)c1cccc(-c2ccc(C=O)o2)c1,Anthrax lethal factor
COc1ccc(-c2ccc(S(=O)(=O)Nc3sccc3-c3nc4ccccc4s3)cc2Cl)cc1,Anthrax lethal factor
Cc1csc(NS(=O)(=O)c2ccc(Cl)cc2)c1-c1nc2ccccc2s1,Anthrax lethal factor
O=S(=O)(Nc1sccc1-c1nc2ccccc2s1)c1ccc(Br)cc1,Anthrax lethal factor
CC(C)[C@@H](NS(=O)(=O)c1ccccc1)C(=O)NO,Anthrax lethal factor
O=S(=O)(Nc1sccc1-c1nc2ccccc2s1)c1cccc(-c2ccccc2)c1,Anthrax lethal factor
CC[C@H](C)[C@@H]1NC(=O)[C@@H]2CSSC[C@H](NC(=O)[C@H](CCCNC(=N)N)NC(=O)[C@@H]3CSSC[C@H](NC1=O)C(=O)N[C@@H](CCCCN)C(=O)N[C@@H](CCCNC(=N)N)C(=O)NCC(=O)N[C@@H](Cc1ccccc1)C(=O)N3)C(=O)N[C@@H](CC(C)C)C(=O)N[C@H]1CSSC[C@H](NC(=O)[C@H](C(C)C)NC(=O)CNC(=O)[C@H](CCCNC(=N)N)NC(=O)[C@H](CCCNC(=N)N)NC1=O)C(=O)N[C@@H](CCCNC(=N)N)C(=O)N2,Anthrax lethal factor
O=S(=O)(Nc1sccc1-c1nc2ccccc2s1)c1ccc(F)c(Cl)c1,Anthrax lethal factor
CC[C@H](C)[C@@H]1NC(=O)[C@@H]2CSSC[C@H](NC(=O)[C@H](CCCNC(=N)N)NC(=O)[C@@H]3CSSC[C@H](NC1=O)C(=O)N[C@@H]([C@@H](C)O)C(=O)N[C@@H](CCCNC(=N)N)C(=O)NCC(=O)N[C@@H](Cc1ccccc1)C(=O)N3)C(=O)N[C@@H](CC(C)C)C(=O)N[C@H]1CSSC[C@H](NC(=O)[C@H](C(C)C)NC(=O)CNC(=O)[C@H](CCCNC(=N)N)NC(=O)[C@H](CCCNC(=N)N)NC1=O)C(=O)N[C@@H](CC(C)C)C(=O)N2,Anthrax lethal factor
Cc1csc(NS(=O)(=O)c2ccc(OC(F)(F)F)cc2)c1-c1nc2ccccc2s1,Anthrax lethal factor
Cc1csc(NS(=O)(=O)c2cc(Cl)c(Cl)cc2Cl)c1-c1nc2ccccc2s1,Anthrax lethal factor
Cc1ccc(NC(=O)c2cc3c(CO)cnc(C)c3o/c2=Nc2cccc(Cl)c2)cc1,Anthrax lethal factor
O=C(O)CN1C(=O)/C(=C/c2ccc(-c3ccc(Cl)cc3)o2)SC1=S,Anthrax lethal factor
CO[C@H](C[C@H](CCN1CCN(c2ccccc2)CC1)C(=O)NO)c1ccc(F)cc1,Anthrax lethal factor
[H][C@]12CC[C@@]3(O)C[C@@]1(CC3=C)[C@@H](C(=O)O)[C@@]1([H])[C@]3(C)C(=O)O[C@@]21C=C[C@H]3O,Anthrax lethal factor
CO[C@H](C[C@H](CCCCNCc1ccc(Cl)cc1)C(=O)NO)c1ccc(F)cc1,Anthrax lethal factor
[H][C@@]1([C@@H](C)CCCC(C)C)CC[C@]2([H])/C(=C/C=C3/C[C@H](O)CCC3=C)CCC[C@@]12C,Anthrax lethal factor
O=S(=O)(Nc1sccc1-c1nc2ccccc2s1)c1ccc2ncsc2c1,Anthrax lethal factor
NS(=O)(=O)c1cccc(-c2ccc(/C=N/C3CCS(=O)(=O)C3)o2)c1,Anthrax lethal factor
Cc1csc(NS(=O)(=O)c2ccc(Cl)c(Cl)c2)c1-c1nc2ccccc2s1,Anthrax lethal factor
Cc1cc(S(=O)(=O)N(CCCCCCCC(=O)O)[C@H](C)C(=O)NO)ccc1F,Anthrax lethal factor
Cc1cc(N[C@H](CCCCNCc2cccc(F)c2)C(=O)NO)cc(C)c1F,Anthrax lethal factor
CCCCCCCC/C=CCCCCCCCC(=O)NCCc1cc(O)c(O)cc1O,Anthrax lethal factor
Cc1cccc(/N=c2oc3c(C)ncc(CO)c3cc2C(=O)Nc2ccccc2C)c1,Anthrax lethal factor
c1ccc(Cn2ncc3c2ncn2nc(-c4ccncc4)nc32)cc1,Anthrax lethal factor
Cc1cc(C[C@H](CCCCN[C@@H](Cc2ccccc2)c2ccc(F)cc2)C(=O)NO)cc(C)c1F,Anthrax lethal factor
CCCCCC(=O)NCCc1ccc(O)c(O)c1,Anthrax lethal factor
CO[C@H](C[C@H](CCN1CCCC1)C(=O)NO)c1ccc(F)cc1,Anthrax lethal factor
CC[C@H](C)[C@@H]1NC(=O)[C@@H]2CSSC[C@H](NC(=O)[C@H](CCCNC(=N)N)NC(=O)[C@@H]3CSSC[C@H](NC1=O)C(=O)N[C@@H]([C@@H](C)O)C(=O)N[C@@H](CCCNC(=N)N)C(=O)NCC(=O)N[C@@H](CC(=O)O)C(=O)N3)C(=O)N[C@@H](CC(C)C)C(=O)N[C@H]1CSSC[C@H](NC(=O)[C@H](C(C)C)NC(=O)CNC(=O)[C@H](CCCNC(=N)N)NC(=O)[C@H](CCCNC(=N)N)NC1=O)C(=O)N[C@@H](CCCNC(=N)N)C(=O)N2,Anthrax lethal factor
COc1ccc(S(=O)(=O)N(Cc2ccncc2)[C@@H](C(=O)NO)C(C)C)cc1,Anthrax lethal factor
O=S(=O)(Nc1sccc1-c1nc2ccccc2s1)c1ccc2c(c1)CCO2,Anthrax lethal factor
CC[C@H](C)[C@@H]1NC(=O)[C@@H]2CSSC[C@H](NC(=O)[C@H](CCCNC(=N)N)NC(=O)[C@@H]3CSSC[C@H](NC1=O)C(=O)N[C@@H]([C@@H](C)O)C(=O)N[C@@H](CCCNC(=N)N)C(=O)NCC(=O)N[C@@H](Cc1ccccc1)C(=O)N3)C(=O)N[C@@H](CC(C)C)C(=O)N[C@H]1CSSC[C@H](NC(=O)[C@H](C(C)C)NC(=O)[C@H](CC(C)C)NC(=O)[C@H](CCCNC(=N)N)NC(=O)[C@H](CCCNC(=N)N)NC1=O)C(=O)N[C@@H](CCCNC(=N)N)C(=O)N2,Anthrax lethal factor
Cc1ccc(S(=O)(=O)Nc2scc(C)c2-c2nc3ccccc3s2)cc1,Anthrax lethal factor
Cc1ccc(/N=c2oc3c(C)ncc(CO)c3cc2C(=O)Nc2cccc(C)c2)cc1,Anthrax lethal factor
O=C(O)CN1C(=O)/C(=C/c2cccs2)SC1=S,Anthrax lethal factor
CC[C@H](C)[C@@H]1NC(=O)[C@@H]2CSSC[C@H](NC(=O)[C@H](CCCNC(=N)N)NC(=O)[C@@H]3CSSC[C@H](NC1=O)C(=O)N[C@@H]([C@@H](C)O)C(=O)N[C@@H](CCCNC(=N)N)C(=O)NCC(=O)N[C@@H](C)C(=O)N3)C(=O)N[C@@H](CC(C)C)C(=O)N[C@H]1CSSC[C@H](NC(=O)[C@H](C(C)C)NC(=O)CNC(=O)[C@H](CCCNC(=N)N)NC(=O)[C@H](CCCNC(=N)N)NC1=O)C(=O)N[C@@H](CCCNC(=N)N)C(=O)N2,Anthrax lethal factor
CS(=O)(=O)CS(=O)(=O)Nc1sccc1-c1nc2ccccc2s1,Anthrax lethal factor
Cc1cc(O[C@H](CCCCNCc2ccc(Cl)cc2)C(=O)NO)cc(C)c1F,Anthrax lethal factor
CC[C@H](C)[C@@H]1NC(=O)[C@@H]2CSSC[C@H](NC(=O)[C@H](CCCNC(=N)N)NC(=O)[C@@H]3CSSC[C@H](NC1=O)C(=O)N[C@@H]([C@@H](C)O)C(=O)N[C@@H](CCCNC(=N)N)C(=O)NCC(=O)N[C@@H](Cc1ccccc1)C(=O)N3)C(=O)N[C@@H](CC(C)C)C(=O)N[C@H]1CSSC[C@H](NC(=O)[C@H](C(C)C)NC(=O)CNC(=O)[C@H](CCCNC(=N)N)NC(=O)[C@H](CCCNC(=N)N)NC1=O)C(=O)N[C@@H](CC(=O)O)C(=O)N2,Anthrax lethal factor
CC1=NN(c2ccc(C(=O)O)cc2)C(=O)/C1=Cc1ccc2c(c1)CC(C)O2,Anthrax lethal factor
Cc1ccc(S(=O)(=O)N[C@@H](C(=O)NO)C(C)C)cc1F,Anthrax lethal factor
O=S(=O)(Nc1sccc1-c1nc2ccccc2s1)c1ccc(OC(F)(F)F)cc1,Anthrax lethal factor
Cc1cc(S(=O)(=O)N(Cc2ccc(CCN)cc2)[C@H](C)C(=O)NO)ccc1F.Cl,Anthrax lethal factor
[H][C@@]12CN(CCC=C)C[C@@]([H])(C1)c1cccc(=O)n1C2,Anthrax lethal factor
N#C/C=C(C(N)=C(C#N)C#N)c1ccc(-c2cccc(C(=O)O)c2)o1,Anthrax lethal factor
CC(C)C[C@@H]1NC(=O)[C@@H]2CSSC[C@H](NC(=O)[C@H](CCCNC(=N)N)NC(=O)[C@@H]3CSSC[C@H](NC1=O)C(=O)N[C@@H](CCCNC(=N)N)C(=O)N[C@@H](CCCNC(=N)N)C(=O)NCC(=O)N[C@@H](C(C)C)C(=O)N3)C(=O)N[C@@H](Cc1c[nH]c3ccccc13)C(=O)N[C@H]1CSSC[C@H](NC(=O)[C@H](Cc3ccccc3)NC(=O)CNC(=O)[C@H](CCCNC(=N)N)NC(=O)[C@H]([C@@H](C)O)NC1=O)C(=O)N[C@@H](CCCNC(=N)N)C(=O)N2,Anthrax lethal factor
N#C/C(=Cc1ccc(-c2ccc(Cl)c(C(=O)O)c2)o1)C(=O)NCc1ccco1,Anthrax lethal factor
CC[C@H](C)[C@@H]1NC(=O)[C@@H]2CSSC[C@H](NC(=O)[C@H](CCCNC(=N)N)NC(=O)[C@@H]3CSSC[C@H](NC1=O)C(=O)N[C@@H]([C@@H](C)O)C(=O)N[C@@H](CCCNC(=N)N)C(=O)N[C@@H](C)C(=O)N[C@@H](Cc1ccccc1)C(=O)N3)C(=O)N[C@@H](CC(C)C)C(=O)N[C@H]1CSSC[C@H](NC(=O)[C@H](C(C)C)NC(=O)CNC(=O)[C@H](CCCNC(=N)N)NC(=O)[C@H](CCCNC(=N)N)NC1=O)C(=O)N[C@@H](CCCNC(=N)N)C(=O)N2,Anthrax lethal factor
Cc1cc(O[C@H](CCCCCNCc2ccc(F)cc2)C(=O)NO)cc(C)c1F,Anthrax lethal factor
O=c1oc2c(O)c(O)ccc2c2c1CCC2,Anthrax lethal factor
Cc1ccc(N2NC(=O)/C(=C/c3ccc(-c4cccc(S(N)(=O)=O)c4)o3)C2=O)cc1,Anthrax lethal factor
COc1ccc(NC(=O)c2cc3c(CO)cnc(C)c3o/c2=Nc2ccc(Cl)c(Cl)c2)c(OC)c1,Anthrax lethal factor
Cc1cc(=S)c(O)c(C(=S)NCc2ccc(-c3ccccc3)cc2)o1,Anthrax lethal factor
O=S(=O)(Nc1sccc1-c1nc2ccccc2s1)c1ccc(F)cc1,Anthrax lethal factor
CC1=C(/C=CC(C)=CC=C/C(C)=C/CO)C(C)(C)CCC1,Anthrax lethal factor
CC[C@H](C)[C@@H]1NC(=O)[C@@H]2CSSC[C@H](NC(=O)[C@H](CCCNC(=N)N)NC(=O)[C@@H]3CSSC[C@H](NC1=O)C(=O)N[C@@H]([C@@H](C)O)C(=O)N[C@@H](CCCNC(=N)N)C(=O)N[C@@H](CCCNC(=N)N)C(=O)N[C@@H](Cc1ccccc1)C(=O)N3)C(=O)N[C@@H](CC(C)C)C(=O)N[C@H]1CSSC[C@H](NC(=O)[C@H](C(C)C)NC(=O)CNC(=O)[C@H](CCCNC(=N)N)NC(=O)[C@H](CCCNC(=N)N)NC1=O)C(=O)N[C@@H](CCCNC(=N)N)C(=O)N2,Anthrax lethal factor
Cc1csc(NS(=O)(=O)c2ccc(F)cc2)c1-c1nc2ccccc2s1,Anthrax lethal factor
COc1ccc([C@@H]2CC(=O)c3c(O)cc(O[C@@H]4O[C@@H](CO[C@@H]5O[C@@H](C)[C@@H](O)[C@@H](O)[C@H]5O)[C@@H](O)[C@@H](O)[C@H]4O)cc3O2)cc1O,Anthrax lethal factor
CC[C@H](C)[C@@H]1NC(=O)[C@@H]2CSSC[C@H](NC(=O)[C@H](CCCNC(=N)N)NC(=O)[C@@H]3CSSC[C@H](NC1=O)C(=O)N[C@@H]([C@@H](C)O)C(=O)N[C@@H](CCCNC(=N)N)C(=O)NCC(=O)N[C@@H](C(C)C)C(=O)N3)C(=O)N[C@@H](CC(C)C)C(=O)N[C@H]1CSSC[C@H](NC(=O)[C@H](C(C)C)NC(=O)CNC(=O)[C@H](CCCNC(=N)N)NC(=O)[C@H](CCCNC(=N)N)NC1=O)C(=O)N[C@@H](CCCNC(=N)N)C(=O)N2,Anthrax lethal factor
O=S(=O)(Nc1sccc1-c1nc2ccccc2s1)c1ccc2nonc2c1,Anthrax lethal factor
CO[C@H](C[C@H](CCN1CCN(Cc2ccccc2)CC1)C(=O)NO)c1ccc(F)cc1,Anthrax lethal factor
Cc1cc(NC(=O)NCCCC[C@@H](Nc2cc(C)c(F)c(C)c2)C(=O)NO)ccc1F,Anthrax lethal factor
CCc1ccccc1/N=c1oc2c(C)ncc(CO)c2cc1C(=O)Nc1ccc(C)cc1,Anthrax lethal factor
O=C(O)c1ccccc1-c1ccc(/C=N/n2cnc3sc4c(c3c2=O)CCCC4)o1,Anthrax lethal factor
CCCCn1c(SCC(=O)Nc2cc(C)on2)nnc1-c1cccnc1,Anthrax lethal factor
Cc1cc(S(=O)(=O)N[C@H](CCNC(=O)CN)C(=O)NO)ccc1F,Anthrax lethal factor
COc1ccc(CNCCCC[C@@H](Nc2cc(C)c(F)c(C)c2)C(=O)NO)cc1,Anthrax lethal factor
O=S(=O)(Nc1sccc1-c1nc2ccccc2s1)c1ccc(Cl)cc1,Anthrax lethal factor
N#C/C(=Cc1ccc(-c2cccc(C(=O)O)c2)o1)C(=O)Nc1ccc(Cl)cc1,Anthrax lethal factor
CC[C@H](C)[C@@H]1NC(=O)[C@@H]2CSSC[C@H](NC(=O)[C@H](CCCNC(=N)N)NC(=O)[C@@H]3CSSC[C@H](NC1=O)C(=O)N[C@@H]([C@@H](C)O)C(=O)N[C@@H](CCCNC(=N)N)C(=O)NCC(=O)N[C@@H](Cc1ccccc1)C(=O)N3)C(=O)N[C@@H](CC(C)C)C(=O)N[C@H]1CSSC[C@H](NC(=O)[C@H](C(C)C)NC(=O)[C@H](CCCCN)NC(=O)[C@H](CCCNC(=N)N)NC(=O)[C@H](CCCNC(=N)N)NC1=O)C(=O)N[C@@H](CCCNC(=N)N)C(=O)N2,Anthrax lethal factor
O=S(=O)(Nc1sccc1-c1nc2ccccc2s1)c1ccc(Cl)c(C(F)(F)F)c1,Anthrax lethal factor
COc1ccc(S(=O)(=O)Nc2scc(C)c2-c2nc3ccccc3s2)cc1OC,Anthrax lethal factor
Cc1cc(/C=C(C#N)C(=O)Nc2ccc(Cl)cc2)c(C)n1-c1cccc(C(=O)O)c1,Anthrax lethal factor
CC[C@H](C)[C@@H]1NC(=O)[C@@H]2CSSC[C@H](NC(=O)[C@H](CCCNC(=N)N)NC(=O)[C@@H]3CSSC[C@H](NC1=O)C(=O)N[C@@H]([C@@H](C)O)C(=O)N[C@@H](CCCNC(=N)N)C(=O)NCC(=O)N[C@@H](CCCNC(=N)N)C(=O)N3)C(=O)N[C@@H](CC(C)C)C(=O)N[C@H]1CSSC[C@H](NC(=O)[C@H](C(C)C)NC(=O)CNC(=O)[C@H](CCCNC(=N)N)NC(=O)[C@H](CCCNC(=N)N)NC1=O)C(=O)N[C@@H](CCCNC(=N)N)C(=O)N2,Anthrax lethal factor
Cl.ClCc1ccccn1,Anthrax lethal factor
Cc1cc(C[C@H](CCCCNCCc2ccc(F)cc2)C(=O)NO)cc(C)c1F,Anthrax lethal factor
CC[C@H](C)[C@@H]1NC(=O)[C@@H]2CSSC[C@H](NC(=O)[C@H](CCCNC(=N)N)NC(=O)[C@@H]3CSSC[C@H](NC1=O)C(=O)N[C@@H]([C@@H](C)O)C(=O)N[C@@H](CCCNC(=N)N)C(=O)NCC(=O)N[C@@H](CCC(=O)O)C(=O)N3)C(=O)N[C@@H](CC(C)C)C(=O)N[C@H]1CSSC[C@H](NC(=O)[C@H](C(C)C)NC(=O)CNC(=O)[C@H](CCCNC(=N)N)NC(=O)[C@H](CCCNC(=N)N)NC1=O)C(=O)N[C@@H](CCCNC(=N)N)C(=O)N2,Anthrax lethal factor
CC[C@H](C)[C@@H]1NC(=O)[C@@H]2CSSC[C@H](NC(=O)[C@H](CCCNC(=N)N)NC(=O)[C@@H]3CSSC[C@H](NC1=O)C(=O)N[C@@H]([C@@H](C)O)C(=O)N[C@@H](CCCNC(=N)N)C(=O)NCC(=O)N[C@@H](Cc1ccccc1)C(=O)N3)C(=O)N[C@@H](CC(C)C)C(=O)N[C@H]1CSSC[C@H](NC(=O)[C@H](C(C)C)NC(=O)[C@H](Cc3c[nH]c4ccccc34)NC(=O)[C@H](CCCNC(=N)N)NC(=O)[C@H](CCCNC(=N)N)NC1=O)C(=O)N[C@@H](CCCNC(=N)N)C(=O)N2,Anthrax lethal factor
Cc1cc(C[C@H](CCCCN[C@H](Cc2ccccc2)c2ccc(F)cc2)C(=O)NO)cc(C)c1F,Anthrax lethal factor
CC1=NN(c2ccc(S(N)(=O)=O)cc2)C(=O)/C1=C/c1ccc(-c2ccc3c(c2)COC3=O)o1,Anthrax lethal factor
Cc1ccc(-c2ccc(S(=O)(=O)Nc3sccc3-c3nc4ccccc4s3)cc2)cc1,Anthrax lethal factor
O=S(=O)(Nc1sccc1-c1nc2ccccc2s1)c1ccc(Oc2ccccc2)nc1,Anthrax lethal factor
CN1CCOc2cc(S(=O)(=O)Nc3sccc3-c3nc4ccccc4s3)ccc21,Anthrax lethal factor
CC[C@H](C)[C@@H]1NC(=O)[C@@H]2CSSC[C@H](NC(=O)[C@H](CCCNC(=N)N)NC(=O)[C@@H]3CSSC[C@H](NC1=O)C(=O)N[C@@H]([C@@H](C)O)C(=O)N[C@@H](CCCNC(=N)N)C(=O)N[C@@H](CCCCN)C(=O)N[C@@H](Cc1ccccc1)C(=O)N3)C(=O)N[C@@H](CC(C)C)C(=O)N[C@H]1CSSC[C@H](NC(=O)[C@H](C(C)C)NC(=O)CNC(=O)[C@H](CCCNC(=N)N)NC(=O)[C@H](CCCNC(=N)N)NC1=O)C(=O)N[C@@H](CCCNC(=N)N)C(=O)N2,Anthrax lethal factor
Cc1cc(N[C@H](CCCCNCc2ccc(C(F)(F)F)cc2)C(=O)NO)cc(C)c1F,Anthrax lethal factor
Cc1cc(S(=O)(=O)N[C@H](C)C(=O)NO)ccc1F,Anthrax lethal factor
CO[C@H](C[C@H](CCCCNCc1ccc(F)c(C)c1)C(=O)NO)c1ccc(F)c(C)c1,Anthrax lethal factor
NC(N)=NC[C@H]1O[C@H](O[C@@H]2[C@@H](N)C[C@@H](N=C(N)N)[C@H](O)[C@H]2O)[C@H](N=C(N)N)[C@@H](O)[C@@H]1O,Anthrax lethal factor
CC[C@H](C)[C@@H]1NC(=O)[C@@H]2CSSC[C@H](NC(=O)[C@H](CCCNC(=N)N)NC(=O)[C@@H]3CSSC[C@H](NC1=O)C(=O)N[C@@H](CC(=O)O)C(=O)N[C@@H](CCCNC(=N)N)C(=O)NCC(=O)N[C@@H](Cc1ccccc1)C(=O)N3)C(=O)N[C@@H](CC(C)C)C(=O)N[C@H]1CSSC[C@H](NC(=O)[C@H](C(C)C)NC(=O)CNC(=O)[C@H](CCCNC(=N)N)NC(=O)[C@H](CCCNC(=N)N)NC1=O)C(=O)N[C@@H](CCCNC(=N)N)C(=O)N2,Anthrax lethal factor
CC[C@H](C)[C@@H]1NC(=O)[C@@H]2CSSC[C@H](NC(=O)[C@H](CCCNC(=N)N)NC(=O)[C@@H]3CSSC[C@H](NC1=O)C(=O)N[C@@H]([C@@H](C)O)C(=O)N[C@@H](CCCNC(=N)N)C(=O)N[C@@H](CC(C)C)C(=O)N[C@@H](Cc1ccccc1)C(=O)N3)C(=O)N[C@@H](CC(C)C)C(=O)N[C@H]1CSSC[C@H](NC(=O)[C@H](C(C)C)NC(=O)CNC(=O)[C@H](CCCNC(=N)N)NC(=O)[C@H](CCCNC(=N)N)NC1=O)C(=O)N[C@@H](CCCNC(=N)N)C(=O)N2,Anthrax lethal factor
CSc1ccccc1-n1c(CCC(=O)O)ccc1-c1ccccc1,Anthrax lethal factor
Cc1cc(S(=O)(=O)N(Cc2cccc(CN)c2)[C@H](C)C(=O)NO)ccc1F.Cl,Anthrax lethal factor
O=S(=O)(Nc1ccccc1-c1nc2ccccc2s1)c1ccc(-c2ccc(Cl)cc2)cc1,Anthrax lethal factor
CC[C@H](C)[C@@H]1NC(=O)[C@@H]2CSSC[C@H](NC(=O)[C@H](CC(C)C)NC(=O)[C@@H]3CSSC[C@H](NC1=O)C(=O)N[C@@H]([C@@H](C)O)C(=O)N[C@@H](CCCNC(=N)N)C(=O)NCC(=O)N[C@@H](Cc1ccccc1)C(=O)N3)C(=O)N[C@@H](CC(C)C)C(=O)N[C@H]1CSSC[C@H](NC(=O)[C@H](C(C)C)NC(=O)CNC(=O)[C@H](CCCNC(=N)N)NC(=O)[C@H](CCCNC(=N)N)NC1=O)C(=O)N[C@@H](CCCNC(=N)N)C(=O)N2,Anthrax lethal factor
CCCCCCCC/C=CCCCCCCCC(=O)NCc1ccc(O)c(O)c1,Anthrax lethal factor
O=S(=O)(Nc1sccc1-c1nc2ccccc2s1)c1ccccc1,Anthrax lethal factor
CO[C@H](C[C@H](CCCCNCCc1ccc(F)cc1)C(=O)NO)c1ccc(F)cc1,Anthrax lethal factor
O=S(=O)(Nc1sccc1-c1nc2ccccc2s1)c1cccc(-c2ccc(Cl)cc2)c1,Anthrax lethal factor
Cc1cc(O[C@H](CCCCNCc2ccc(Cl)cc2)C(=O)NO)ccc1F,Anthrax lethal factor
O=S(=O)(Nc1sccc1-c1nc2ccccc2s1)c1ccc(-c2ccc(Cl)cc2)cc1,Anthrax lethal factor
[H][C@@]12OC(=O)[C@@H](C)[C@]1([H])[C@@H](O)CC(C)=C1C(=O)C=C(C)[C@]12[H],Anthrax lethal factor
Cc1cc(S(=O)(=O)N[C@H](CC2CC2)C(=O)NO)ccc1F,Anthrax lethal factor
Cc1ccc(/N=c2oc3c(C)ncc(CO)c3cc2C(=O)Nc2ccccc2C)cc1C,Anthrax lethal factor
CC(=O)NS(=O)(=O)c1cccc(-c2ccc(/C=C3C(=O)C=C(O)C(C#N)=C3C)o2)c1,Anthrax lethal factor
CO[C@H](C[C@H](CCCCCNCc1ccc(F)cc1)C(=O)NO)c1ccc(F)cc1,Anthrax lethal factor
[H][C@@]12C[C@@]3([H])/C4=CCCO[C@]5([H])CC(=O)N6c7ccccc7[C@]1(CCN2C4)[C@@]6([H])[C@]53[H],Anthrax lethal factor
O=S(=O)(Nc1sccc1-c1nc2ccccc2s1)c1ccc(Br)c(Cl)c1,Anthrax lethal factor
CC1=NN(c2ccc(C(=O)O)cc2)C(=O)C1,Anthrax lethal factor
[H][C@]12O[C@H](CSCCCCCCCCN)[C@@]([H])(O[C@]3([H])O[C@H](CSCCCCCCCCN)[C@@]([H])(O[C@]4([H])O[C@H](CSCCCCCCCCN)[C@@]([H])(O[C@]5([H])O[C@H](CSCCCCCCCCN)[C@@]([H])(O[C@]6([H])O[C@H](CSCCCCCCCCN)[C@@]([H])(O[C@]7([H])O[C@H](CSCCCCCCCCN)[C@@]([H])(O[C@]8([H])O[C@H](CSCCCCCCCCN)[C@@]([H])(O1)[C@H](O)[C@H]8O)[C@H](O)[C@H]7O)[C@H](O)[C@H]6O)[C@H](O)[C@H]5O)[C@H](O)[C@H]4O)[C@H](O)[C@H]3O)[C@H](O)[C@H]2O,Anthrax lethal factor
CO[C@H](C[C@H](CCCCNCc1ccc(F)c(C)c1)C(=O)NO)c1ccc(F)cc1,Anthrax lethal factor
CC(=O)NCCCCCN([C@H](C)C(=O)NO)S(=O)(=O)c1ccc(F)c(C)c1,Anthrax lethal factor
NC(N)=NC[C@H]1O[C@H](O[C@@H]2[C@@H](N)C[C@@H](N)[C@H](O)[C@H]2O)[C@H](N=C(N)N)[C@@H](O)[C@@H]1O,Anthrax lethal factor
CNCCOCC(O)CSc1ccccc1,Anthrax lethal factor
Cc1cc(S(=O)(=O)N(CCCCN)[C@H](C)C(=O)NO)ccc1F.O=C(O)C(F)(F)F,Anthrax lethal factor
N#CC(C#N)=Cc1ccc(-c2ccccc2C(=O)O)o1,Anthrax lethal factor
O=C(O)CN1C(=O)/C(=C/c2nccs2)SC1=S,Anthrax lethal factor
Cc1cc(S(=O)(=O)N(CCCCCCN)[C@H](C)C(=O)NO)ccc1F.Cl,Anthrax lethal factor
COc1ccc(-c2ccc(S(=O)(=O)Nc3ccccc3-c3nc4ccccc4s3)cc2)cc1,Anthrax lethal factor
Nc1nnnn1/N=Cc1ccc(-c2ccc(C(=O)O)cc2)o1,Anthrax lethal factor
CC(=O)N(Cc1cccnc1)[C@@H](C(=O)NO)C(C)C,Anthrax lethal factor
COc1ccc(-c2ccc(S(=O)(=O)Nc3nc4ccccc4s3)cc2)cc1,Anthrax lethal factor
Cc1cc(S(=O)(=O)N[C@@H](C(=O)NO)[C@@H](C)C2CC2)ccc1F,Anthrax lethal factor
Cc1ccc(CNCCCC[C@@H](Nc2cc(C)c(F)c(C)c2)C(=O)NO)cc1,Anthrax lethal factor
CC(C)[C@@H](NS(=O)(=O)c1ccc(F)cc1CO)C(=O)NO,Anthrax lethal factor
CC[C@H](C)[C@@H]1NC(=O)[C@@H]2CSSC[C@H](NC(=O)[C@H](Cc3ccc(O)cc3)NC(=O)[C@@H]3CSSC[C@H](NC1=O)C(=O)N[C@@H]([C@@H](C)O)C(=O)N[C@@H](CCCNC(=N)N)C(=O)NCC(=O)N[C@@H](Cc1ccccc1)C(=O)N3)C(=O)N[C@@H](CC(C)C)C(=O)N[C@H]1CSSC[C@H](NC(=O)[C@H](C(C)C)NC(=O)CNC(=O)[C@H](CCCNC(=N)N)NC(=O)[C@H](CCCNC(=N)N)NC1=O)C(=O)N[C@@H](CCCNC(=N)N)C(=O)N2,Anthrax lethal factor
Cc1csc(NS(=O)(=O)c2ccccc2C(F)(F)F)c1-c1nc2ccccc2s1,Anthrax lethal factor
CO[C@H](C[C@H](CCN1CCCC(CO)C1)C(=O)NO)c1ccc(F)cc1,Anthrax lethal factor
NC(N)=NC[C@H]1O[C@H](O[C@@H]2[C@@H](N=C(N)N)C[C@@H](N)[C@H](O)[C@H]2O)[C@H](N=C(N)N)[C@@H](O)[C@@H]1O,Anthrax lethal factor
CC1=NN(c2ccc(C(=O)O)cc2)C(=O)/C1=CC=Cc1ccccc1,Anthrax lethal factor
O=S(=O)(Nc1sccc1-c1nc2ccccc2s1)c1ccc2cc(Cl)ccc2c1,Anthrax lethal factor
CC[C@@H](C)[C@@H](NS(=O)(=O)c1ccc(F)c(C)c1)C(=O)NO,Anthrax lethal factor
[H][C@@]12C[C@H](O)[C@]3(C)C(=O)[C@H](OC(C)=O)C4=C(C)[C@@H](OC(=O)[C@@H](O)[C@@H](NC(=O)c5ccccc5)c5ccccc5)C[C@](O)([C@@H](OC(=O)c5ccccc5)[C@]3([H])[C@]1(OC(C)=O)CO2)C4(C)C,Anthrax lethal factor
COc1ccc(S(=O)(=O)N(C)[C@@H](C(=O)NO)C(C)C)cc1,Anthrax lethal factor
Cc1csc(NS(=O)(=O)c2ccc(-c3cc(C(F)(F)F)cc(C(F)(F)F)c3)cc2)c1-c1nc2ccccc2s1,Anthrax lethal factor
Cc1cc(O[C@H](CCCCCNCCc2ccc(F)cc2)C(=O)NO)cc(C)c1F,Anthrax lethal factor
N=C(N)Nc1ccc([C@H]2C[C@@H](O)[C@H](NC(=N)N)C[C@@H]2NC(=N)N)c2ccccc12,Anthrax lethal factor
Cc1cc(C[C@H](CCCCN[C@H](C)c2ccc(F)cc2)C(=O)NO)cc(C)c1F,Anthrax lethal factor
CSN1C(=O)OC[C@H]1c1ccccc1,Anthrax lethal factor
Cc1cc(C[C@H](CCCCNCc2ccc(Cl)cc2)C(=O)NO)ccc1F,Anthrax lethal factor
CC1=CC(=O)CC(C)(C)[C@@]1(O)/C=CC(C)=CC(=O)O,Anthrax lethal factor
Cc1cc(S(=O)(=O)N(Cc2c(F)cccc2F)[C@H](C)C(=O)NO)ccc1F,Anthrax lethal factor
Cc1csc(NS(=O)(=O)c2ccc(Cl)c(C(F)(F)F)c2)c1-c1nc2ccccc2s1,Anthrax lethal factor
CCc1cccc(/N=c2oc3c(C)ncc(CO)c3cc2C(=O)Nc2ccccc2)c1,Anthrax lethal factor
CC[C@@H]1OC(=O)[C@@H](C)[C@H](O[C@@H]2C[C@@](C)(OC)[C@@H](O)[C@H](C)O2)[C@H](C)[C@H](O[C@@H]2O[C@@H](C)C[C@@H](N(C)C)[C@H]2O)[C@@](C)(O)C[C@H](C)C(=O)[C@@H](C)[C@H](O)[C@@]1(C)O,Anthrax lethal factor
O=S(=O)(Nc1sccc1-c1nc2ccccc2s1)c1ccc(-c2cncs2)cc1,Anthrax lethal factor
CN1/C(=C/c2ccc(-c3ccc(Cl)cc3)o2)C(=O)NC1NC(=O)O,Anthrax lethal factor
O=S(=O)(Nc1sccc1-c1nc2ccccc2s1)c1cc(OCCC(F)(F)F)ccc1OCCC(F)(F)F,Anthrax lethal factor
COc1cc(/N=c2oc3c(C)ncc(CO)c3cc2C(=O)Nc2cccc(C)c2)cc(OC)c1,Anthrax lethal factor
[H][C@@]12C[C@]3([H])C(=C(O)[C@@]1(O)C(=O)C(C(N)=O)=C(O)[C@H]2N(C)C)C(=O)c1c(O)cccc1[C@@]3(C)O,Anthrax lethal factor
O=C(O)CN1C(=O)/C(=C/c2ccc(-c3cc(C(F)(F)F)ccc3Cl)o2)SC1=S,Anthrax lethal factor
[H][C@]12O[C@H](CSCc3cccc(CN)c3)[C@@]([H])(O[C@]3([H])O[C@H](CSCc4cccc(CN)c4)[C@@]([H])(O[C@]4([H])O[C@H](CSCc5cccc(CN)c5)[C@@]([H])(O[C@]5([H])O[C@H](CSCc6cccc(CN)c6)[C@@]([H])(O[C@]6([H])O[C@H](CSCc7cccc(CN)c7)[C@@]([H])(O[C@]7([H])O[C@H](CSCc8cccc(CN)c8)[C@@]([H])(O[C@]8([H])O[C@H](CSCc9cccc(CN)c9)[C@@]([H])(O1)[C@H](O)[C@H]8O)[C@H](O)[C@H]7O)[C@H](O)[C@H]6O)[C@H](O)[C@H]5O)[C@H](O)[C@H]4O)[C@H](O)[C@H]3O)[C@H](O)[C@H]2O,Anthrax lethal factor
O=C(O)CN1C(=O)/C(=C/c2ncc(-c3ccc(Cl)cc3)s2)SC1=S,Anthrax lethal factor
O=S(=O)(Nc1nc2ccccc2s1)c1ccc(-c2ccc(Cl)cc2)cc1,Anthrax lethal factor
COc1ccc(/N=c2oc3c(C)ncc(CO)c3cc2C(=O)Nc2cccc(C)c2)c(OC)c1,Anthrax lethal factor
Cc1cccc(/N=c2oc3c(C)ncc(CO)c3cc2C(=O)Nc2ccccc2)c1,Anthrax lethal factor
O=S(=O)(Nc1sccc1-c1nc2ccccc2s1)c1ccc(-c2ccc(Cl)c(Cl)c2)cc1,Anthrax lethal factor
O=S(=O)(Nc1oncc1-c1nc2ccccc2s1)c1ccc(-c2ccc(Cl)cc2)cc1,Anthrax lethal factor
CCO.[H][C@@]12C[C@]3([H])[C@]([H])([C@H]1OC)[C@](O)(C[C@@H]2OC)[C@@]1(O)[C@@H](OC)[C@]2([H])[C@]4(COC(=O)c5ccccc5N5C(=O)C[C@H](C)C5=O)CC[C@H](OC)[C@]32[C@]1([H])N(CC)C4.[O-][Cl+3]([O-])([O-])O,Anthrax lethal factor
CC(C)(C)C(=O)CSC1=NNC(c2ccccc2)S1,Anthrax lethal factor
O=C(O)CN1C(=O)S/C(=Cc2ccc(-c3ccc(Cl)c(Cl)c3)o2)C1=O,Anthrax lethal factor
COc1ccc(S(=O)(=O)N(CCn2ccnc2)[C@@H](C(=O)NO)C(C)C)cc1,Anthrax lethal factor
CC[C@H](C)[C@@H]1NC(=O)[C@@H]2CSSC[C@H](NC(=O)[C@H](CCCNC(=N)N)NC(=O)[C@@H]3CSSC[C@H](NC1=O)C(=O)N[C@@H]([C@@H](C)O)C(=O)N[C@@H](CCCNC(=N)N)C(=O)NCC(=O)N[C@@H](CCCCN)C(=O)N3)C(=O)N[C@@H](CC(C)C)C(=O)N[C@H]1CSSC[C@H](NC(=O)[C@H](C(C)C)NC(=O)CNC(=O)[C@H](CCCNC(=N)N)NC(=O)[C@H](CCCNC(=N)N)NC1=O)C(=O)N[C@@H](CCCNC(=N)N)C(=O)N2,Anthrax lethal factor
CC[C@H](C)[C@@H](NS(=O)(=O)c1ccc(F)c(C)c1)C(=O)NO,Anthrax lethal factor
Cc1cc(S(=O)(=O)Nc2sccc2-c2nc3ccccc3s2)ccc1F,Anthrax lethal factor
CCCCCn1c(SCC#N)nc2cc(C(=O)NC3CCCCC3)ccc2c1=O,Anthrax lethal factor
N=C(N)N[C@H]1C[C@@H](NC(=N)N)[C@H](O)C[C@@H]1c1ccc2[nH]c(N)nc2c1,Anthrax lethal factor
[H][C@]12C[C@]3([H])C4=CCO[C@]5([H])CC(=O)N6c7cc(OC)c(OC)cc7[C@]1(CCN2C4)[C@@]6([H])[C@@]35[H],Anthrax lethal factor
COc1ccc(-c2cccc(S(=O)(=O)Nc3scc(C)c3-c3nc4ccccc4s3)c2)cc1,Anthrax lethal factor
Cc1cc(S(=O)(=O)N[C@@H](C(=O)NO)C(C)(C)C)ccc1F,Anthrax lethal factor
CC[C@H](C)[C@@H]1NC(=O)[C@@H]2CSSC[C@H](NC(=O)[C@H](CCCNC(=N)N)NC(=O)[C@@H]3CSSC[C@H](NC1=O)C(=O)N[C@@H]([C@@H](C)O)C(=O)N[C@@H](CCCNC(=N)N)C(=O)N[C@@H](CCC(=O)O)C(=O)N[C@@H](Cc1ccccc1)C(=O)N3)C(=O)N[C@@H](CC(C)C)C(=O)N[C@H]1CSSC[C@H](NC(=O)[C@H](C(C)C)NC(=O)CNC(=O)[C@H](CCCNC(=N)N)NC(=O)[C@H](CCCNC(=N)N)NC1=O)C(=O)N[C@@H](CCCNC(=N)N)C(=O)N2,Anthrax lethal factor
CCCCCCCC/C=CCCCCCCCC(=O)NCCc1ccc(O)cc1,Anthrax lethal factor
CCCCCCCC/C=CCCCCCCCC(=O)NCc1ccc(C(=O)NO)cc1,Anthrax lethal factor
COc1ccccc1Oc1ccc(S(=O)(=O)Nc2sccc2-c2nc3ccccc3s2)cc1,Anthrax lethal factor
Cc1csc(N(S(=O)(=O)c2ccc(OC(F)(F)F)cc2)S(=O)(=O)c2ccc(OC(F)(F)F)cc2)c1-c1nc2ccccc2s1,Anthrax lethal factor
COc1ccc(-c2ccc(S(=O)(=O)Nc3sccc3-c3nc4ccccc4s3)cc2)cc1OC,Anthrax lethal factor
CSc1nccc(S(=O)(=O)c2ccc(S(=O)(=O)Nc3sccc3-c3nc4ccccc4s3)s2)n1,Anthrax lethal factor
Cc1cc(S(=O)(=O)N[C@H](CCNC(=O)C(C)(C)N)C(=O)NO)ccc1F,Anthrax lethal factor
CC[C@H](C)[C@@H]1NC(=O)[C@@H]2CSSC[C@H](NC(=O)[C@H](CCCNC(=N)N)NC(=O)[C@@H]3CSSC[C@H](NC1=O)C(=O)N[C@@H]([C@@H](C)O)C(=O)N[C@@H](CCCNC(=N)N)C(=O)N[C@@H](C(C)C)C(=O)N[C@@H](Cc1ccccc1)C(=O)N3)C(=O)N[C@@H](CC(C)C)C(=O)N[C@H]1CSSC[C@H](NC(=O)[C@H](C(C)C)NC(=O)CNC(=O)[C@H](CCCNC(=N)N)NC(=O)[C@H](CCCNC(=N)N)NC1=O)C(=O)N[C@@H](CCCNC(=N)N)C(=O)N2,Anthrax lethal factor
CC[C@H](C)[C@@H]1NC(=O)[C@@H]2CSSC[C@H](NC(=O)[C@H](CCCCN)NC(=O)[C@@H]3CSSC[C@H](NC1=O)C(=O)N[C@@H]([C@@H](C)O)C(=O)N[C@@H](CCCNC(=N)N)C(=O)NCC(=O)N[C@@H](Cc1ccccc1)C(=O)N3)C(=O)N[C@@H](CC(C)C)C(=O)N[C@H]1CSSC[C@H](NC(=O)[C@H](C(C)C)NC(=O)CNC(=O)[C@H](CCCNC(=N)N)NC(=O)[C@H](CCCNC(=N)N)NC1=O)C(=O)N[C@@H](CCCNC(=N)N)C(=O)N2,Anthrax lethal factor
CO[C@H](C[C@H](CCCCNCc1ccc(Cl)cc1)C(=O)NO)c1ccc(F)c(C)c1,Anthrax lethal factor
O=C(O)CN1C(=O)S/C(=Cc2ccc(-c3cc(C(F)(F)F)ccc3Cl)o2)C1=O,Anthrax lethal factor
O=C1NC(=S)NC(=O)C1=Cc1ccc(-c2cc(C(F)(F)F)ccc2Cl)o1,Anthrax lethal factor
CC(Cl)CCl,Anthrax lethal factor
O=C(O)CN1C(=O)/C(=C/c2ccc(-c3ccccc3)o2)SC1=S,Anthrax lethal factor
COc1ccc(S(=O)(=O)N(CCc2ccsc2)[C@@H](C(=O)NO)C(C)C)cc1,Anthrax lethal factor
O=C(O)c1ccccc1-c1ccc(/C=N/N2C(=O)C3C4C=CC(CC4)C3C2=O)o1,Anthrax lethal factor
Cc1ccc(S(=O)(=O)Nc2sccc2-c2nc3ccccc3s2)cc1F,Anthrax lethal factor
CO[C@H](C[C@H](CCN1CCN(CCc2ccccc2)CC1)C(=O)NO)c1ccc(F)cc1,Anthrax lethal factor
O=S(=O)(Nc1sccc1-c1nc2ccccc2s1)c1ccc(Oc2ccccc2Cl)cc1,Anthrax lethal factor
CCCCCCO[C@H]1CCN(S(=O)(=O)c2ccc(Cl)cc2)[C@H]1C(=O)NO,Anthrax lethal factor
O=S(=O)(Nc1sccc1-c1nc2ccccc2s1)c1ccc2c(c1)OCCO2,Anthrax lethal factor
O=C(O)CN1C(=O)/C(=C/c2ccc(-c3ccc(Cl)c(Cl)c3)o2)SC1=S,Anthrax lethal factor
Cc1cc(C[C@H](CCCCN[C@@H](C)c2ccc(F)cc2)C(=O)NO)cc(C)c1F,Anthrax lethal factor
O=[N+]([O-])c1cccc(I)c1,Anthrax lethal factor
COc1ccccc1/N=c1oc2c(C)ncc(CO)c2cc1C(=O)Nc1ccc(C)cc1,Anthrax lethal factor
CO[C@H](C[C@H](CCN1CCCCC1)C(=O)NO)c1ccc(F)cc1,Anthrax lethal factor
Cc1cc(S(=O)(=O)N(Cc2ccc(CNC(=O)OC(C)(C)C)cc2)[C@H](C)C(=O)NO)ccc1F,Anthrax lethal factor
Cc1nccc(-c2cccc(S(=O)(=O)Nc3sccc3-c3nc4ccccc4s3)c2)n1,Anthrax lethal factor
Cc1cc(S(=O)(=O)N[C@@H](C(=O)NO)C(C)C)ccc1OCc1ccccc1,Anthrax lethal factor
Cc1cc(S(=O)(=O)NC(CCc2c[nH]cn2)C(=O)NO)ccc1F,Anthrax lethal factor
CC[C@H](C)[C@@H]1NC(=O)[C@@H]2CSSC[C@H](NC(=O)[C@H](CCCNC(=N)N)NC(=O)[C@@H]3CSSC[C@H](NC1=O)C(=O)N[C@@H]([C@@H](C)O)C(=O)N[C@@H](CCCNC(=N)N)C(=O)NCC(=O)N[C@@H](Cc1ccccc1)C(=O)N3)C(=O)N[C@@H](CC(C)C)C(=O)N[C@H]1CSSC[C@H](NC(=O)[C@H](C(C)C)NC(=O)[C@H](C(C)C)NC(=O)[C@H](CCCNC(=N)N)NC(=O)[C@H](CCCNC(=N)N)NC1=O)C(=O)N[C@@H](CCCNC(=N)N)C(=O)N2,Anthrax lethal factor
NC(N)=NC[C@H]1O[C@H](O[C@@H]2[C@@H](N)C[C@@H](N=C(N)N)[C@H](O)[C@H]2O)[C@H](N)[C@@H](O)[C@@H]1O,Anthrax lethal factor
Cc1csc(NS(=O)(=O)c2ccc(Cl)cc2F)c1-c1nc2ccccc2s1,Anthrax lethal factor
[H][C@]12C[C@@H](C(C)(C)C)[C@@]34[C@@H](O)C(=O)O[C@@]3([H])O[C@@]3(C(=O)O1)[C@]24C[C@@]1([H])OC(=O)[C@@H](C)[C@]31O,Anthrax lethal factor
COc1ccc(-c2ccc(CCC(=O)O)n2-c2cccc(O)c2)cc1,Anthrax lethal factor
O=C(O)CN1C(=O)/C(=C/c2ccc(-c3ccc(Br)cc3)o2)SC1=S,Anthrax lethal factor
CC(=O)NCc1cccc(CN([C@H](C)C(=O)NO)S(=O)(=O)c2ccc(F)c(C)c2)c1,Anthrax lethal factor
Cc1cc(C)n(-c2ccc(S(=O)(=O)Nc3sccc3-c3nc4ccccc4s3)cc2)n1,Anthrax lethal factor
Cc1cc(S(=O)(=O)N[C@H](CCCN=C(N)N)C(=O)NO)ccc1F,Anthrax lethal factor
CN1C(N)=NC(=O)/C1=Cc1ccc(-c2ccc(Cl)cc2)o1,Anthrax lethal factor
CC[C@@H](NS(=O)(=O)c1ccc(F)c(C)c1)C(=O)NO,Anthrax lethal factor
[H][C@@]12CC(C)(C)CC[C@]1(C(=O)O)CC[C@]1(C)C2=CC[C@@]2([H])[C@]1(C)CC[C@@]1([H])C(C)(C)[C@@H](O)CC[C@@]12C,Anthrax lethal factor
O=S(=O)(Nc1sccc1-c1nc2ccccc2s1)c1ccc(-n2cccn2)cc1,Anthrax lethal factor
Cc1csc(NS(=O)(=O)c2ccc(F)c(Cl)c2)c1-c1nc2ccccc2s1,Anthrax lethal factor
[H][C@]12O[C@H](CSCCCN)[C@@]([H])(O[C@]3([H])O[C@H](CSCCCN)[C@@]([H])(O[C@]4([H])O[C@H](CSCCCN)[C@@]([H])(O[C@]5([H])O[C@H](CSCCCN)[C@@]([H])(O[C@]6([H])O[C@H](CSCCCN)[C@@]([H])(O[C@]7([H])O[C@H](CSCCCN)[C@@]([H])(O[C@]8([H])O[C@H](CSCCCN)[C@@]([H])(O1)[C@H](O)[C@H]8O)[C@H](O)[C@H]7O)[C@H](O)[C@H]6O)[C@H](O)[C@H]5O)[C@H](O)[C@H]4O)[C@H](O)[C@H]3O)[C@H](O)[C@H]2O,Anthrax lethal factor
CC[C@H](C)[C@@H]1NC(=O)[C@@H]2CSSC[C@H](NC(=O)[C@H](CCCNC(=N)N)NC(=O)[C@@H]3CSSC[C@H](NC1=O)C(=O)N[C@@H]([C@@H](C)O)C(=O)N[C@@H](CCCNC(=N)N)C(=O)NCC(=O)N[C@@H](Cc1ccccc1)C(=O)N3)C(=O)N[C@@H](CC(C)C)C(=O)N[C@H]1CSSC[C@H](NC(=O)[C@H](C(C)C)NC(=O)CNC(=O)[C@H](CCCNC(=N)N)NC(=O)[C@H](CC(C)C)NC1=O)C(=O)N[C@@H](CCCNC(=N)N)C(=O)N2,Anthrax lethal factor
Cc1cccc(NC(=O)c2cc3c(CO)cnc(C)c3o/c2=Nc2cccc(Cl)c2)c1,Anthrax lethal factor
Cc1cc(CNCCCC[C@@H](Nc2ccc(F)c(C)c2)C(=O)NO)ccc1F,Anthrax lethal factor
O=C(O)CCc1ccc(-c2cccs2)n1-c1cccc(O)c1,Anthrax lethal factor
O=C(O)c1cccc(-c2ccc(/C=N/Nc3ncc(F)c(N4CCOCC4)n3)o2)c1,Anthrax lethal factor
Cc1cc(S(=O)(=O)N(CCCN)[C@H](C)C(=O)NO)ccc1F.O=C(O)C(F)(F)F,Anthrax lethal factor
Cc1cc(S(=O)(=O)N(Cc2ccccc2F)[C@H](C)C(=O)NO)ccc1F,Anthrax lethal factor
Cc1csc(NS(=O)(=O)c2ccc([N+](=O)[O-])cc2)c1-c1nc2ccccc2s1,Anthrax lethal factor
Cc1ccc(S(=O)(=O)Nc2sccc2-c2nc3ccccc3s2)cc1Cl,Anthrax lethal factor
CSN1C(=O)OC[C@@H]1c1ccccc1,Anthrax lethal factor
COc1ccc(-c2cccc(S(=O)(=O)Nc3sccc3-c3nc4ccccc4s3)c2)cc1,Anthrax lethal factor
CC[C@H](C)[C@@H]1NC(=O)[C@@H]2CSSC[C@H](NC(=O)[C@H](CCCNC(=N)N)NC(=O)[C@@H]3CSSC[C@H](NC1=O)C(=O)N[C@@H]([C@@H](C)O)C(=O)N[C@@H](CCCNC(=N)N)C(=O)NCC(=O)N[C@@H](Cc1ccccc1)C(=O)N3)C(=O)N[C@@H](CC(C)C)C(=O)N[C@H]1CSSC[C@H](NC(=O)[C@H](CCCCN)NC(=O)CNC(=O)[C@H](CCCNC(=N)N)NC(=O)[C@H](CCCNC(=N)N)NC1=O)C(=O)N[C@@H](CCCNC(=N)N)C(=O)N2,Anthrax lethal factor
CCN(CC)CC(=O)Nc1cc(C)c2c(=O)oc3ccccc3c2n1,Anthrax lethal factor
COc1ccc(CC(=O)NCc2nnc(SCC(=O)N3CCN(c4ccccc4)CC3)n2C)cc1,Anthrax lethal factor
NC(CC(=O)O)c1cccn1-c1ccc([N+](=O)[O-])cc1,Anthrax lethal factor
CC[C@H](C)[C@@H]1NC(=O)[C@@H]2CSSC[C@H](NC(=O)[C@H](CCCNC(=N)N)NC(=O)[C@@H]3CSSC[C@H](NC1=O)C(=O)N[C@@H]([C@@H](C)O)C(=O)N[C@@H](CCCNC(=N)N)C(=O)NCC(=O)N[C@@H](Cc1c[nH]c4ccccc14)C(=O)N3)C(=O)N[C@@H](CC(C)C)C(=O)N[C@H]1CSSC[C@H](NC(=O)[C@H](C(C)C)NC(=O)CNC(=O)[C@H](CCCNC(=N)N)NC(=O)[C@H](CCCNC(=N)N)NC1=O)C(=O)N[C@@H](CCCNC(=N)N)C(=O)N2,Anthrax lethal factor
NC[C@H]1O[C@H](O[C@@H]2[C@@H](N=C(N)N)C[C@@H](N=C(N)N)[C@H](O)[C@H]2O)[C@H](N)[C@@H](O)[C@@H]1O,Anthrax lethal factor
O=S(=O)(Nc1sccc1-c1nc2ccccc2s1)c1ccc(-c2ccc(C(F)(F)F)cc2)cc1,Anthrax lethal factor
CN1C(N)=NC(=O)/C1=Cc1ccc(-c2cc(C(F)(F)F)ccc2Cl)o1,Anthrax lethal factor
Nc1sccc1-c1nc2ccccc2s1,Anthrax lethal factor
O=C(NCc1ccc(S(=O)(=O)Nc2sccc2-c2nc3ccccc3s2)s1)c1ccc(Cl)cc1,Anthrax lethal factor
Cc1cc(S(=O)(=O)NCCCC[C@@H](Nc2cc(C)c(F)c(C)c2)C(=O)NO)ccc1F,Anthrax lethal factor
[H][C@]12O[C@H](CSCc3ccc(CN)cc3)[C@@]([H])(O[C@]3([H])O[C@H](CSCc4ccc(CN)cc4)[C@@]([H])(O[C@]4([H])O[C@H](CSCc5ccc(CN)cc5)[C@@]([H])(O[C@]5([H])O[C@H](CSCc6ccc(CN)cc6)[C@@]([H])(O[C@]6([H])O[C@H](CSCc7ccc(CN)cc7)[C@@]([H])(O[C@]7([H])O[C@H](CSCc8ccc(CN)cc8)[C@@]([H])(O[C@]8([H])O[C@H](CSCc9ccc(CN)cc9)[C@@]([H])(O1)[C@H](O)[C@H]8O)[C@H](O)[C@H]7O)[C@H](O)[C@H]6O)[C@H](O)[C@H]5O)[C@H](O)[C@H]4O)[C@H](O)[C@H]3O)[C@H](O)[C@H]2O,Anthrax lethal factor
CC[C@H](C)[C@@H]1NC(=O)[C@@H]2CSSC[C@H](NC(=O)[C@H](C(C)C)NC(=O)[C@@H]3CSSC[C@H](NC1=O)C(=O)N[C@@H]([C@@H](C)O)C(=O)N[C@@H](CCCNC(=N)N)C(=O)NCC(=O)N[C@@H](Cc1ccccc1)C(=O)N3)C(=O)N[C@@H](CC(C)C)C(=O)N[C@H]1CSSC[C@H](NC(=O)[C@H](C(C)C)NC(=O)CNC(=O)[C@H](CCCNC(=N)N)NC(=O)[C@H](CCCNC(=N)N)NC1=O)C(=O)N[C@@H](CCCNC(=N)N)C(=O)N2,Anthrax lethal factor
Cc1cc(N[C@H](CCCCNCCCc2ccc(F)cc2)C(=O)NO)cc(C)c1F,Anthrax lethal factor
CC[C@H](C)[C@@H]1NC(=O)[C@@H]2CSSC[C@H](NC(=O)[C@H](CCCNC(=N)N)NC(=O)[C@@H]3CSSC[C@H](NC1=O)C(=O)N[C@@H]([C@@H](C)O)C(=O)N[C@@H](CCCNC(=N)N)C(=O)NCC(=O)N[C@@H](Cc1ccccc1)C(=O)N3)C(=O)N[C@@H](CC(C)C)C(=O)N[C@H]1CSSC[C@H](NC(=O)[C@H](C(C)C)NC(=O)CNC(=O)[C@H](CCC(=O)O)NC(=O)[C@H](CCCNC(=N)N)NC1=O)C(=O)N[C@@H](CCCNC(=N)N)C(=O)N2,Anthrax lethal factor
CC(=O)NCCCCCCN([C@H](C)C(=O)NO)S(=O)(=O)c1ccc(F)c(C)c1,Anthrax lethal factor
Cc1cc(S(=O)(=O)N[C@H](CCOCCN)C(=O)NO)ccc1F,Anthrax lethal factor
O=S(=O)(NCCc1nc2ccccc2s1)c1ccc(-c2ccc(Cl)cc2)cc1,Anthrax lethal factor
CC(=O)Oc1ccc(/C=CC(=O)C[C@@H]2O[C@@H](Oc3cc(OC(C)=O)c4c(c3)O[C@@H](c3ccc(OC(C)=O)cc3)CC4=O)[C@H](OC(C)=O)[C@H](OC(C)=O)[C@@H]2OC(C)=O)cc1,Anthrax lethal factor
CC(=O)OC[C@@H]1O[C@@H](Oc2cc(OC(C)=O)c3c(=O)cc(-c4ccc(OC(C)=O)c(OC(C)=O)c4)oc3c2)[C@H](OC(C)=O)[C@H](OC(C)=O)[C@@H]1OC(C)=O,Anthrax lethal factor
CC[C@H](C)[C@@H]1NC(=O)[C@@H]2CSSC[C@H](NC(=O)[C@H](CCCNC(=N)N)NC(=O)[C@@H]3CSSC[C@H](NC1=O)C(=O)N[C@@H]([C@@H](C)O)C(=O)N[C@@H](CCCNC(=N)N)C(=O)NCC(=O)N[C@@H](Cc1ccccc1)C(=O)N3)C(=O)N[C@@H](CC(C)C)C(=O)N[C@H]1CSSC[C@H](NC(=O)[C@H](C(C)C)NC(=O)[C@H](C)NC(=O)[C@H](CCCNC(=N)N)NC(=O)[C@H](CCCNC(=N)N)NC1=O)C(=O)N[C@@H](CCCNC(=N)N)C(=O)N2,Anthrax lethal factor
Cc1cc(S(=O)(=O)N[C@@H](C(=O)NO)C2CCOC2)ccc1F,Anthrax lethal factor
N=C(N)Nc1ccc([C@H]2C[C@@H](O)[C@H](NC(=N)N)C[C@@H]2NC(=N)N)nc1,Anthrax lethal factor
CC[C@H](C)[C@@H]1NC(=O)[C@@H]2CSSC[C@H](NC(=O)[C@H](CCCNC(=N)N)NC(=O)[C@@H]3CSSC[C@H](NC1=O)C(=O)N[C@@H](CCC(=O)O)C(=O)N[C@@H](CCCNC(=N)N)C(=O)NCC(=O)N[C@@H](Cc1ccccc1)C(=O)N3)C(=O)N[C@@H](CC(C)C)C(=O)N[C@H]1CSSC[C@H](NC(=O)[C@H](C(C)C)NC(=O)CNC(=O)[C@H](CCCNC(=N)N)NC(=O)[C@H](CCCNC(=N)N)NC1=O)C(=O)N[C@@H](CCCNC(=N)N)C(=O)N2,Anthrax lethal factor
COc1ccc(-c2cnc(/C=C3SC(=S)N(CC(=O)O)C3=O)s2)cc1OC,Anthrax lethal factor
Cc1csc(NS(=O)(=O)c2cccc(-c3ccccc3)c2)c1-c1nc2ccccc2s1,Anthrax lethal factor
Cc1cc(S(=O)(=O)N[C@@H](C(=O)NO)C2CCCCC2)ccc1F,Anthrax lethal factor
CC(C)[C@@H](NS(=O)(=O)c1ccc(F)c(CO)c1)C(=O)NO,Anthrax lethal factor
CCC1(c2ccc(F)cc2)NC(=O)N(CC(=O)N2CCOCC2)C1=O,Anthrax lethal factor
Cc1[nH]n(-c2ccc(S(N)(=O)=O)cc2)c(=O)c1/C=C1C=Nc2ccccc21,Anthrax lethal factor
N=C(N)Nc1ccc([C@H]2C[C@@H](O)[C@H](NC(=N)N)C[C@@H]2NC(=N)N)cc1,Anthrax lethal factor
Cc1ncc(CO)c2cc(C(=O)Nc3ccccc3)/c(=N/c3ccccc3)oc12,Anthrax lethal factor
Cc1cc(S(=O)(=O)N[C@@H](C(=O)NO)C2CCCC2)ccc1F,Anthrax lethal factor
CSCCC(NC(=O)c1cc(-c2ccccc2)oc1C)C(=O)O,Anthrax lethal factor
COc1ccc(-c2ccc(S(=O)(=O)Nc3sccc3-c3nc4ccccc4s3)cc2)cc1,Anthrax lethal factor
O=C(O)CN1C(=O)/C(=C/c2ccc(-c3ccc(Cl)cc3)s2)SC1=S,Anthrax lethal factor
Cc1csc(N(S(=O)(=O)c2ccc(F)cc2)S(=O)(=O)c2ccc(F)cc2)c1-c1nc2ccccc2s1,Anthrax lethal factor
CCOc1ccc(/N=c2oc3c(C)ncc(CO)c3cc2C(=O)Nc2cccc(C)c2)cc1,Anthrax lethal factor
Cc1ccc(S(=O)(=O)Nc2scc(C)c2-c2nc3ccccc3s2)cc1F,Anthrax lethal factor
NC[C@H]1O[C@H](O[C@@H]2[C@@H](N)C[C@@H](N)[C@H](O)[C@H]2O)[C@H](N=C(N)N)[C@@H](O)[C@@H]1O,Anthrax lethal factor
CC[C@H](C)[C@@H]1NC(=O)[C@@H]2CSSC[C@H](NC(=O)[C@H](CCC(=O)O)NC(=O)[C@@H]3CSSC[C@H](NC1=O)C(=O)N[C@@H]([C@@H](C)O)C(=O)N[C@@H](CCCNC(=N)N)C(=O)NCC(=O)N[C@@H](Cc1ccccc1)C(=O)N3)C(=O)N[C@@H](CC(C)C)C(=O)N[C@H]1CSSC[C@H](NC(=O)[C@H](C(C)C)NC(=O)CNC(=O)[C@H](CCCNC(=N)N)NC(=O)[C@H](CCCNC(=N)N)NC1=O)C(=O)N[C@@H](CCCNC(=N)N)C(=O)N2,Anthrax lethal factor
OC[C@@H]1O[C@@H](n2cnc3c(NCc4ccco4)ncnc32)[C@H](O)[C@H]1O,Anthrax lethal factor
Cc1cc(/C=N/c2ccc(C(=O)O)cc2)c(C)n1-c1ccc(Br)cc1,Anthrax lethal factor
CC(C)[C@@H](NS(=O)(=O)c1ccc(C(F)(F)F)cc1)C(=O)NO,Anthrax lethal factor
Cc1cc(CNCCCC[C@@H](Oc2ccc(F)c(C)c2)C(=O)NO)ccc1F,Anthrax lethal factor
Cc1cc(S(=O)(=O)N(Cc2ccc(N)cc2)[C@H](C)C(=O)NO)ccc1F,Anthrax lethal factor
O=C(NO)[C@@H](CCCCNCc1ccc(F)cc1)Nc1ccc(F)c(Cl)c1,Anthrax lethal factor
Cc1cc(CCCCCC[C@@H](Cc2cc(C)c(F)c(C)c2)C(=O)NO)ccc1F,Anthrax lethal factor
CC(C)[C@@H](NS(=O)(=O)c1ccccc1F)C(=O)NO,Anthrax lethal factor
[H][C@]12/C=C/CCC[C@@H](C)OC(=O)/C=C[C@@H](O)[C@@]1([H])C[C@@H](O)C2,Anthrax lethal factor
CCCCCCCC/C=C/CCCCCCCC(=O)NCCc1ccc(O)c(O)c1,Anthrax lethal factor
CCCCCCCC/C=CCCCCCCCC(=O)NCCc1ccc(OC)c(OC)c1,Anthrax lethal factor
Cc1csc(NS(=O)(=O)c2cccc(Cl)c2)c1-c1nc2ccccc2s1,Anthrax lethal factor
CO[C@H](C[C@H](CCCCNCc1ccc(F)cc1)C(=O)NO)c1ccc(F)c(C)c1,Anthrax lethal factor
NC(=O)c1ncn([C@@H]2O[C@@H](CO)[C@@H](O)[C@H]2O)n1,Anthrax lethal factor
N#C/C(=Cc1ccc(-c2cc(C(=O)O)ccc2Cl)o1)C(=O)N1CCOCC1,Anthrax lethal factor
Cc1ccc(CS(=O)(=O)CCC(=O)NCc2ccc3c(c2)OCO3)cc1,Anthrax lethal factor
CC(C)[C@@H](NS(=O)(=O)CC(F)(F)F)C(=O)NO,Anthrax lethal factor
COc1ccc(/C=C2C(=O)N(c3ccc(C(=O)O)cc3)N=C2C(F)(F)F)cc1Br,Anthrax lethal factor
CO[C@H](C[C@H](CCN(C)C)C(=O)NO)c1ccc(F)cc1,Anthrax lethal factor
O=S(=O)(Nc1sccc1-c1nc2ccccc2s1)c1ccc(-c2ccc(OC(F)(F)F)cc2)cc1,Anthrax lethal factor
Cc1c(S(=O)(=O)Nc2sccc2-c2nc3ccccc3s2)cnn1-c1ccccc1,Anthrax lethal factor
Cc1cc(O[C@H](CCCCNCc2ccc(F)cc2)C(=O)NO)ccc1F,Anthrax lethal factor
O=C(O)CN1C(=O)/C(=C/c2ccc(-c3cccs3)s2)SC1=S,Anthrax lethal factor
CO[C@H](C[C@H](CCN1CCOCC1)C(=O)NO)c1ccc(F)cc1,Anthrax lethal factor
O=S(=O)(Nc1sccc1-c1nc2ccccc2s1)c1cccc(C(F)(F)F)c1,Anthrax lethal factor
Cc1cc(S(=O)(=O)N[C@@H](C(=O)NO)c2ccccc2)ccc1F,Anthrax lethal factor
O=S(=O)(Nc1sccc1-c1nc2ccccc2s1)c1ccccc1C(F)(F)F,Anthrax lethal factor
CC[C@H](C)[C@@H]1NC(=O)[C@@H]2CSSC[C@H](NC(=O)[C@H](CCCNC(=N)N)NC(=O)[C@@H]3CSSC[C@H](NC1=O)C(=O)N[C@@H]([C@@H](C)O)C(=O)N[C@@H](CCCNC(=N)N)C(=O)N[C@@H](CC(=O)O)C(=O)N[C@@H](Cc1ccccc1)C(=O)N3)C(=O)N[C@@H](CC(C)C)C(=O)N[C@H]1CSSC[C@H](NC(=O)[C@H](C(C)C)NC(=O)CNC(=O)[C@H](CCCNC(=N)N)NC(=O)[C@H](CCCNC(=N)N)NC1=O)C(=O)N[C@@H](CCCNC(=N)N)C(=O)N2,Anthrax lethal factor
Cc1ccc(S(=O)(=O)N[C@@H](C(=O)NO)C(C)C)cc1,Anthrax lethal factor
O=S(=O)(Nc1sccc1-c1nc2ccccc2s1)c1cccc(Cl)c1F,Anthrax lethal factor
[H][C@]12CCN3CC=C(COC(=O)[C@](C)(O)C(=C)C/C(=CC)C(=O)O1)[C@@]32[H],Anthrax lethal factor
CC(=O)NCCCN([C@H](C)C(=O)NO)S(=O)(=O)c1ccc(F)c(C)c1,Anthrax lethal factor
Cc1ccc(NC2=NC(=O)/C(=Cc3ccc(-c4ccc(Cl)c(C(=O)O)c4)o3)S2)cc1Cl,Anthrax lethal factor
Cc1cc(S(=O)(=O)N(CCCCCN)[C@H](C)C(=O)NO)ccc1F.O=C(O)C(F)(F)F,Anthrax lethal factor
CC[C@H](C)[C@@H]1NC(=O)[C@@H]2CSSC[C@H](NC(=O)[C@H](Cc3c[nH]cn3)NC(=O)[C@@H]3CSSC[C@H](NC1=O)C(=O)N[C@@H]([C@@H](C)O)C(=O)N[C@@H](CCCNC(=N)N)C(=O)NCC(=O)N[C@@H](Cc1ccccc1)C(=O)N3)C(=O)N[C@@H](CC(C)C)C(=O)N[C@H]1CSSC[C@H](NC(=O)[C@H](C(C)C)NC(=O)CNC(=O)[C@H](CCCNC(=N)N)NC(=O)[C@H](CCCNC(=N)N)NC1=O)C(=O)N[C@@H](CCCNC(=N)N)C(=O)N2,Anthrax lethal factor
Cc1cc(COCCCC[C@@H](Cc2cc(C)c(F)c(C)c2)C(=O)NO)ccc1F,Anthrax lethal factor
CC(=O)NC(Cc1c[nH]c2ccccc12)C(=O)NCc1ccc2c(c1)OCO2,Anthrax lethal factor
Cc1ccc(S(=O)(=O)Nc2scc(C)c2-c2nc3ccccc3s2)cc1Cl,Anthrax lethal factor
CC[C@H](C)[C@@H]1NC(=O)[C@@H]2CSSC[C@H](NC(=O)[C@H](Cc3c[nH]c4ccccc34)NC(=O)[C@@H]3CSSC[C@H](NC1=O)C(=O)N[C@@H]([C@@H](C)O)C(=O)N[C@@H](CCCNC(=N)N)C(=O)NCC(=O)N[C@@H](Cc1ccccc1)C(=O)N3)C(=O)N[C@@H](CC(C)C)C(=O)N[C@H]1CSSC[C@H](NC(=O)[C@H](C(C)C)NC(=O)CNC(=O)[C@H](CCCNC(=N)N)NC(=O)[C@H](CCCNC(=N)N)NC1=O)C(=O)N[C@@H](CCCNC(=N)N)C(=O)N2,Anthrax lethal factor
CC[C@H](C)[C@@H]1NC(=O)[C@@H]2CSSC[C@H](NC(=O)[C@H](CCCNC(=N)N)NC(=O)[C@@H]3CSSC[C@H](NC1=O)C(=O)N[C@@H]([C@@H](C)O)C(=O)N[C@@H](CCCNC(=N)N)C(=O)NCC(=O)N[C@@H](Cc1ccccc1)C(=O)N3)C(=O)N[C@@H](CC(C)C)C(=O)N[C@H]1CSSC[C@H](NC(=O)[C@H](C(C)C)NC(=O)CNC(=O)[C@H](CCCNC(=N)N)NC(=O)[C@H](CCCNC(=N)N)NC1=O)C(=O)N[C@@H](Cc1ccc(O)cc1)C(=O)N2,Anthrax lethal factor
O=C(CSc1ccc2nnc(-c3ccccc3)n2n1)N1CCN(c2ccccc2)CC1,Anthrax lethal factor
N=C(N)Nc1cccnc1[C@H]1C[C@@H](O)[C@H](NC(=N)N)C[C@@H]1NC(=N)N,Anthrax lethal factor
Cc1cccc(S(=O)(=O)N[C@@H](C(=O)NO)C(C)C)c1,Anthrax lethal factor
O=S(=O)(Nc1sccc1-c1nc2ccccc2s1)c1ccc2ccccc2c1,Anthrax lethal factor
CC[C@H](C)[C@@H]1NC(=O)[C@@H]2CSSC[C@H](NC(=O)[C@H](CCCNC(=N)N)NC(=O)[C@@H]3CSSC[C@H](NC1=O)C(=O)N[C@@H](C(C)C)C(=O)N[C@@H](CCCNC(=N)N)C(=O)NCC(=O)N[C@@H](Cc1ccccc1)C(=O)N3)C(=O)N[C@@H](CC(C)C)C(=O)N[C@H]1CSSC[C@H](NC(=O)[C@H](C(C)C)NC(=O)CNC(=O)[C@H](CCCNC(=N)N)NC(=O)[C@H](CCCNC(=N)N)NC1=O)C(=O)N[C@@H](CCCNC(=N)N)C(=O)N2,Anthrax lethal factor
CCCC[C@@H](NS(=O)(=O)c1ccc(F)c(C)c1)C(=O)NO,Anthrax lethal factor
CNC(=O)[C@@H](CCc1ccccc1)NC(=O)[C@@H](CC(=O)NO)CC(C)C,Anthrax lethal factor
COc1ccc(-c2ccc(S(=O)(=O)Nc3scc(C)c3-c3nc4ccccc4s3)cc2)cc1,Anthrax lethal factor
CC[C@H](C)[C@@H]1NC(=O)[C@@H]2CSSC[C@H](NC(=O)[C@H](CCCNC(=N)N)NC(=O)[C@@H]3CSSC[C@H](NC1=O)C(=O)N[C@@H](CC(C)C)C(=O)N[C@@H](CCCNC(=N)N)C(=O)NCC(=O)N[C@@H](Cc1ccccc1)C(=O)N3)C(=O)N[C@@H](CC(C)C)C(=O)N[C@H]1CSSC[C@H](NC(=O)[C@H](C(C)C)NC(=O)CNC(=O)[C@H](CCCNC(=N)N)NC(=O)[C@H](CCCNC(=N)N)NC1=O)C(=O)N[C@@H](CCCNC(=N)N)C(=O)N2,Anthrax lethal factor
Cc1cc(C[C@H](CCCCNCc2ccc(F)cc2)C(=O)NO)ccc1F,Anthrax lethal factor
Cc1csc(N)c1-c1nc2ccccc2s1,Anthrax lethal factor
CNC(=O)CCCCCCCN([C@H](C)C(=O)NO)S(=O)(=O)c1ccc(F)c(C)c1,Anthrax lethal factor
CC[C@H](C)[C@@H]1NC(=O)[C@H](CS)NC(=O)[C@H](CCCNC(=N)N)NC(=O)[C@H](CS)NC(=O)[C@H](C(C)C)NC(=O)CNC(=O)[C@H](CCCNC(=N)N)NC(=O)[C@H](CCCNC(=N)N)NC(=O)[C@H](CS)NC(=O)[C@H](CC(C)C)NC(=O)[C@H](CS)NC(=O)[C@H](CCCNC(=N)N)NC(=O)[C@H](CS)NC(=O)[C@H](Cc2ccccc2)NC(=O)CNC(=O)[C@H](CCCNC(=N)N)NC(=O)[C@H]([C@@H](C)O)NC(=O)[C@H](CS)NC1=O,Anthrax lethal factor
Cc1ccc(S(=O)(=O)Nc2sccc2-c2nc3ccccc3s2)cc1[N+](=O)[O-],Anthrax lethal factor
Cc1csc(NS(=O)(=O)c2ccc(-c3ccccc3)cc2)c1-c1nc2ccccc2s1,Anthrax lethal factor
Cc1ccc(NC(=O)c2cc3c(CO)cnc(C)c3o/c2=Nc2ccc(Oc3ccccc3)cc2)cc1,Anthrax lethal factor
COc1cccc(S(=O)(=O)Nc2scc(C)c2-c2nc3ccccc3s2)c1,Anthrax lethal factor
CC[C@H](C)[C@@H]1NC(=O)[C@@H]2CSSC[C@H](NC(=O)[C@H](CCCNC(=N)N)NC(=O)[C@@H]3CSSC[C@H](NC1=O)C(=O)N[C@@H](Cc1c[nH]c4ccccc14)C(=O)N[C@@H](CCCNC(=N)N)C(=O)NCC(=O)N[C@@H](Cc1ccccc1)C(=O)N3)C(=O)N[C@@H](CC(C)C)C(=O)N[C@H]1CSSC[C@H](NC(=O)[C@H](C(C)C)NC(=O)CNC(=O)[C@H](CCCNC(=N)N)NC(=O)[C@H](CCCNC(=N)N)NC1=O)C(=O)N[C@@H](CCCNC(=N)N)C(=O)N2,Anthrax lethal factor
COC(=O)c1cc(OC)c(OC)cc1NC(=O)c1c(C)noc1C,Anthrax lethal factor
CC[C@H](C)[C@@H]1NC(=O)[C@@H]2CSSC[C@H](NC(=O)[C@H](CCCNC(=N)N)NC(=O)[C@@H]3CSSC[C@H](NC1=O)C(=O)N[C@@H]([C@@H](C)O)C(=O)N[C@@H](CCCNC(=N)N)C(=O)N[C@@H](Cc1ccc(O)cc1)C(=O)N[C@@H](Cc1ccccc1)C(=O)N3)C(=O)N[C@@H](CC(C)C)C(=O)N[C@H]1CSSC[C@H](NC(=O)[C@H](C(C)C)NC(=O)CNC(=O)[C@H](CCCNC(=N)N)NC(=O)[C@H](CCCNC(=N)N)NC1=O)C(=O)N[C@@H](CCCNC(=N)N)C(=O)N2,Anthrax lethal factor
CCOC(=O)c1ccc(/N=c2oc3c(C)ncc(CO)c3cc2C(=O)Nc2ccccc2)cc1,Anthrax lethal factor
CC(C)[C@@H](NS(=O)(=O)c1ccc(F)c2ccccc12)C(=O)NO,Anthrax lethal factor
Cc1cc(O[C@H](CCCCNCCc2ccc(F)cc2)C(=O)NO)cc(C)c1F,Anthrax lethal factor
CO[C@H](C[C@H](CCN(C)CCCc1ccccc1)C(=O)NO)c1ccc(F)cc1,Anthrax lethal factor
Cc1cc(NC(=O)O[C@@H]2C[C@H](Oc3ccc(NC(=N)N)cc3N=C(N)N)[C@@H](N=C(N)N)C[C@H]2N=C(N)N)ccc1F,Anthrax lethal factor
Cc1ccc(S(=O)(=O)N/N=C/c2ccc(-c3cccc(Cl)c3)o2)cc1,Anthrax lethal factor
N=C(N)Nc1ccc([C@H]2C[C@@H](O)[C@H](NC(=N)N)C[C@@H]2NC(=N)N)c(NC(=N)N)c1,Anthrax lethal factor
Cc1csc(NS(=O)(=O)c2cccc(OC(F)(F)F)c2)c1-c1nc2ccccc2s1,Anthrax lethal factor
[H][C@]12CCN3CC=C(COC(=O)[C@@](O)(CO)[C@@H](C)C/C(=CC)C(=O)O1)[C@@]32[H],Anthrax lethal factor
Cc1cc(CNCCCC[C@@H](Cc2cc(C)c(F)c(C)c2)C(=O)NO)ccc1F,Anthrax lethal factor
NC[C@H]1O[C@H](O[C@@H]2[C@@H](N)C[C@@H](N=C(N)N)[C@H](O)[C@H]2O)[C@H](N)[C@@H](O)[C@@H]1O,Anthrax lethal factor
CC[C@H](C)[C@@H]1NC(=O)[C@@H]2CSSC[C@H](NC(=O)[C@H](CCCNC(=N)N)NC(=O)[C@@H]3CSSC[C@H](NC1=O)C(=O)N[C@@H]([C@@H](C)O)C(=O)N[C@@H](CCCNC(=N)N)C(=O)NCC(=O)N[C@@H](Cc1ccc(O)cc1)C(=O)N3)C(=O)N[C@@H](CC(C)C)C(=O)N[C@H]1CSSC[C@H](NC(=O)[C@H](C(C)C)NC(=O)CNC(=O)[C@H](CCCNC(=N)N)NC(=O)[C@H](CCCNC(=N)N)NC1=O)C(=O)N[C@@H](CCCNC(=N)N)C(=O)N2,Anthrax lethal factor
Cc1cc(S(=O)(=O)N[C@H](CCNC(=O)[C@H](C)N)C(=O)NO)ccc1F,Anthrax lethal factor
CCc1ccc(/N=c2oc3c(C)ncc(CO)c3cc2C(=O)Nc2ccccc2)cc1,Anthrax lethal factor
C[C@@H](O)[C@@H]1NC(=O)[C@@H]2CSSC[C@H](NC(=O)[C@H](Cc3c[nH]c4ccccc34)NC(=O)CNC(=O)[C@H](CCCNC(=N)N)NC1=O)C(=O)N[C@@H](CCCNC(=N)N)C(=O)N[C@H]1CSSC[C@H](NC(=O)[C@H](CCCNC(=N)N)NC(=O)[C@@H]3CSSC[C@H](NC(=O)[C@H](Cc4c[nH]c5ccccc45)NC1=O)C(=O)N[C@@H](CCCNC(=N)N)C(=O)N[C@@H](CCCNC(=N)N)C(=O)N[C@@H](CCCNC(=N)N)C(=O)N[C@@H](Cc1c[nH]c4ccccc14)C(=O)N3)C(=O)N[C@@H](Cc1c[nH]c3ccccc13)C(=O)N2,Anthrax lethal factor
Cc1cc(C[C@H](CCCCN[C@@H](CC(C)C)c2ccc(F)cc2)C(=O)NO)cc(C)c1F,Anthrax lethal factor
Cc1cc(CCCCCC[C@@H](Nc2cc(C)c(F)c(C)c2)C(=O)NO)ccc1F,Anthrax lethal factor
COc1cc(NC(=O)c2cc3c(CO)cnc(C)c3o/c2=Nc2ccc(C(N)=O)cc2)cc(OC)c1,Anthrax lethal factor
Cc1cc(N[C@H](CCCCNCc2ccccc2F)C(=O)NO)cc(C)c1F,Anthrax lethal factor
CO[C@H](C[C@H](CCN1CCNCC1)C(=O)NO)c1ccc(F)cc1,Anthrax lethal factor
O=C(NO)[C@H]1[C@@H](OCc2ccccc2)CCN1S(=O)(=O)c1ccc(Cl)cc1,Anthrax lethal factor
CO[C@H](C[C@H](CCN(C)Cc1ccc(-c2ccc(F)c(C)c2)cc1)C(=O)NO)c1ccc(F)cc1,Anthrax lethal factor
CC[C@H](C)[C@@H]1NC(=O)[C@@H]2CSSC[C@H](NC(=O)[C@H](CCCNC(=N)N)NC(=O)[C@@H]3CSSC[C@H](NC1=O)C(=O)N[C@@H]([C@@H](C)O)C(=O)N[C@@H](CCC(=O)O)C(=O)NCC(=O)N[C@@H](Cc1ccccc1)C(=O)N3)C(=O)N[C@@H](CC(C)C)C(=O)N[C@H]1CSSC[C@H](NC(=O)[C@H](C(C)C)NC(=O)CNC(=O)[C@H](CCCNC(=N)N)NC(=O)[C@H](CCCNC(=N)N)NC1=O)C(=O)N[C@@H](CCCNC(=N)N)C(=O)N2,Anthrax lethal factor
Cc1cc(S(=O)(=O)N(C)[C@H](C)C(=O)NO)ccc1F,Anthrax lethal factor
NC[C@H]1O[C@H](O[C@@H]2[C@@H](N=C(N)N)C[C@@H](N)[C@H](O)[C@H]2O)[C@H](N)[C@@H](O)[C@@H]1O,Anthrax lethal factor
Cc1cc(C(=O)NCCCC[C@@H](Nc2cc(C)c(F)c(C)c2)C(=O)NO)ccc1F,Anthrax lethal factor
Cc1cc(S(=O)(=O)N(Cc2ccc(CN)cc2)[C@H](C)C(=O)NO)ccc1F.Cl,Anthrax lethal factor
Cc1ncc(CO)c2cc(C(=O)Nc3ccccc3)/c(=N/c3ccc4c(c3)OCO4)oc12,Anthrax lethal factor
Cc1cc(N[C@H](CCCCN)C(=O)NO)cc(C)c1F,Anthrax lethal factor
CC(C)[C@@H](NS(=O)(=O)c1ccc(-c2ccccc2)cc1)C(=O)NO,Anthrax lethal factor
[H][C@@]12C3=CC[C@@]4([H])[C@](C)(CC[C@@]5([H])C(C)(C)[C@@H](O)CC[C@@]54C)[C@]3(C)CC[C@]1(C(=O)O)CC[C@@H](C)[C@@H]2C,Anthrax lethal factor
Cc1cccc(NC(=O)c2cc3c(CO)cnc(C)c3o/c2=Nc2ccc(C)c(C)c2)c1,Anthrax lethal factor
COc1ccc(S(=O)(=O)Nc2sccc2-c2nc3ccccc3s2)cc1,Anthrax lethal factor
COC(=O)CN(c1ccc2c(c1)OCO2)S(C)(=O)=O,Anthrax lethal factor
N#C/C(=Cc1ccc([N+](=O)[O-])s1)C(=O)c1ccco1,Anthrax lethal factor
COc1ccc(Br)cc1C(=O)Nc1nnn(C)n1,Anthrax lethal factor
CC[C@@H]1NC(=O)[C@H](CCCNC(=N)N)NC(=O)[C@H](CO)NC(=O)[C@H](C(C)C)NC(=O)CNC(=O)[C@H](CCCNC(=N)N)NC(=O)[C@H](CCCNC(=N)N)NC(=O)[C@H](CS)NC(=O)[C@H](CC(C)C)NC(=O)[C@H](CO)NC(=O)[C@H](CCCNC(=N)N)NC(=O)[C@H](CO)NC(=O)[C@H](Cc2ccccc2)NC(=O)CNC(=O)[C@H](CCCNC(=N)N)NC(=O)[C@H]([C@@H](C)O)NC(=O)[C@H](CO)NC(=O)[C@H]([C@@H](C)CC)NC1=O,Anthrax lethal factor
O=C(O)CN1C(=O)/C(=C/c2ccc(-c3ccc(I)cc3)o2)SC1=S,Anthrax lethal factor
CC[C@H](C)[C@@H]1NC(=O)[C@@H]2CSSC[C@H](NC(=O)[C@H](C)NC(=O)[C@@H]3CSSC[C@H](NC1=O)C(=O)N[C@@H]([C@@H](C)O)C(=O)N[C@@H](CCCNC(=N)N)C(=O)NCC(=O)N[C@@H](Cc1ccccc1)C(=O)N3)C(=O)N[C@@H](CC(C)C)C(=O)N[C@H]1CSSC[C@H](NC(=O)[C@H](C(C)C)NC(=O)CNC(=O)[C@H](CCCNC(=N)N)NC(=O)[C@H](CCCNC(=N)N)NC1=O)C(=O)N[C@@H](CCCNC(=N)N)C(=O)N2,Anthrax lethal factor
CO[C@H](C[C@H](CCCCCNCCc1ccc(F)cc1)C(=O)NO)c1ccc(F)cc1,Anthrax lethal factor
CC(=O)NS(=O)(=O)c1cccc(-c2ccc(/C=C3/C(=O)NN(c4cccc(C(F)(F)F)c4)C3=O)o2)c1,Anthrax lethal factor
Cc1ccc(S(=O)(=O)Nc2nc3ccccc3s2)cc1Cl,Anthrax lethal factor
COc1ccc(-c2ccc(S(=O)(=O)NCCc3nc4ccccc4s3)cc2)cc1,Anthrax lethal factor
CN1CCOc2cc(S(=O)(=O)Nc3sccc3-c3nc4ccccc4s3)cnc21,Anthrax lethal factor
CC[C@H](C)[C@@H]1NC(=O)[C@@H]2CSSC[C@H](NC(=O)[C@H](CC(=O)O)NC(=O)[C@@H]3CSSC[C@H](NC1=O)C(=O)N[C@@H]([C@@H](C)O)C(=O)N[C@@H](CCCNC(=N)N)C(=O)NCC(=O)N[C@@H](Cc1ccccc1)C(=O)N3)C(=O)N[C@@H](CC(C)C)C(=O)N[C@H]1CSSC[C@H](NC(=O)[C@H](C(C)C)NC(=O)CNC(=O)[C@H](CCCNC(=N)N)NC(=O)[C@H](CCCNC(=N)N)NC1=O)C(=O)N[C@@H](CCCNC(=N)N)C(=O)N2,Anthrax lethal factor
Cc1c(/N=C/c2ccc(-c3ccc(Br)cc3C(=O)O)o2)c(=O)n(-c2ccccc2)n1C,Anthrax lethal factor
Cc1ncc(CO)c2cc(C(=O)Nc3ccccc3F)/c(=N/c3ccc(C(F)(F)F)cc3)oc12,Anthrax lethal factor
N=C(N)Nc1cc(NC(=N)N)c2ccccc2c1[C@H]1C[C@@H](O)[C@H](NC(=N)N)C[C@@H]1NC(=N)N,Anthrax lethal factor
COc1cc(/N=c2oc3c(C)ncc(CO)c3cc2C(=O)Nc2ccccc2)cc(OC)c1,Anthrax lethal factor
Cc1ccc(S(=O)(=O)Nc2scc(C)c2-c2nc3ccccc3s2)cc1[N+](=O)[O-],Anthrax lethal factor
CC[C@H](NCCCC[C@@H](Cc1cc(C)c(F)c(C)c1)C(=O)NO)c1ccc(F)cc1,Anthrax lethal factor
O=C(O)CCc1ccc(-c2ccc(Br)cc2)n1-c1ccc(Br)cc1,Anthrax lethal factor
CC[C@H](C)[C@@H]1NC(=O)[C@@H]2CSSC[C@H](NC(=O)[C@H](CCCNC(=N)N)NC(=O)[C@@H]3CSSC[C@H](NC1=O)C(=O)N[C@@H]([C@@H](C)O)C(=O)N[C@@H](CCCNC(=N)N)C(=O)N[C@@H](Cc1c[nH]c4ccccc14)C(=O)N[C@@H](Cc1ccccc1)C(=O)N3)C(=O)N[C@@H](CC(C)C)C(=O)N[C@H]1CSSC[C@H](NC(=O)[C@H](C(C)C)NC(=O)CNC(=O)[C@H](CCCNC(=N)N)NC(=O)[C@H](CCCNC(=N)N)NC1=O)C(=O)N[C@@H](CCCNC(=N)N)C(=O)N2,Anthrax lethal factor
Cc1cc(N[C@H](CCCCNCc2ccc(F)cc2)C(=O)NO)ccc1F,Anthrax lethal factor
O=S(=O)(Nc1sccc1-c1nc2ccccc2s1)c1ccc(-c2cnco2)cc1,Anthrax lethal factor
CC[C@H](C)[C@@H]1NC(=O)[C@@H]2CSSC[C@H](NC(=O)[C@H](CCCNC(=N)N)NC(=O)[C@@H]3CSSC[C@H](NC1=O)C(=O)N[C@@H]([C@@H](C)O)C(=O)N[C@@H](CCCNC(=N)N)C(=O)NCC(=O)N[C@@H](Cc1ccccc1)C(=O)N3)C(=O)N[C@@H](CC(C)C)C(=O)N[C@H]1CSSC[C@H](NC(=O)[C@H](C(C)C)NC(=O)CNC(=O)[C@H](CCCNC(=N)N)NC(=O)[C@H](CCCNC(=N)N)NC1=O)C(=O)N[C@@H](CCCCN)C(=O)N2,Anthrax lethal factor
Cc1cccc(NC(=O)c2cc3c(CO)cnc(C)c3o/c2=Nc2ccccc2)c1,Anthrax lethal factor
Cc1[nH]n(-c2c(Cl)cc(Cl)cc2Cl)c(=O)c1/C=N/c1ccc(O)c(C(=O)O)c1,Anthrax lethal factor
Cc1c(S(=O)(=O)Nc2sccc2-c2nc3ccccc3s2)sc2ccccc12,Anthrax lethal factor
CC[C@H](C)[C@@H]1NC(=O)[C@@H]2CSSC[C@H](NC(=O)[C@H](CCCNC(=N)N)NC(=O)[C@@H]3CSSC[C@H](NC1=O)C(=O)N[C@@H]([C@@H](C)O)C(=O)N[C@@H](CCCNC(=N)N)C(=O)NCC(=O)N[C@@H](Cc1ccccc1)C(=O)N3)C(=O)N[C@@H](CC(C)C)C(=O)N[C@H]1CSSC[C@H](NC(=O)[C@H](C(C)C)NC(=O)CNC(=O)[C@H](CCCNC(=N)N)NC(=O)[C@H](CCCNC(=N)N)NC1=O)C(=O)N[C@@H](C(C)C)C(=O)N2,Anthrax lethal factor
Cc1csc(NS(=O)(=O)c2cccc(Cl)c2F)c1-c1nc2ccccc2s1,Anthrax lethal factor
CCCCOc1ccc(S(=O)(=O)N[C@@H](C(=O)NO)C(C)C)cc1,Anthrax lethal factor
CC(C)(C)c1ccc(S(=O)(=O)Nc2sccc2-c2nc3ccccc3s2)cc1,Anthrax lethal factor
CC[C@H](C)[C@@H]1NC(=O)[C@@H]2CSSC[C@H](NC(=O)[C@H](CCCNC(=N)N)NC(=O)[C@@H]3CSSC[C@H](NC1=O)C(=O)N[C@@H]([C@@H](C)O)C(=O)N[C@@H](CCCNC(=N)N)C(=O)NCC(=O)N[C@@H](Cc1ccccc1)C(=O)N3)C(=O)N[C@@H](CC(C)C)C(=O)N[C@H]1CSSC[C@H](NC(=O)[C@H](CCCNC(=N)N)NC(=O)CNC(=O)[C@H](CCCNC(=N)N)NC(=O)[C@H](CCCNC(=N)N)NC1=O)C(=O)N[C@@H](CCCNC(=N)N)C(=O)N2,Anthrax lethal factor
CO[C@H](C[C@H](CCN(C)CCCc1ccc(F)c(C)c1)C(=O)NO)c1ccc(F)cc1,Anthrax lethal factor
Cc1cc(S(=O)(=O)N(CCOCc2ccccc2)[C@H](C)C(=O)NO)ccc1F,Anthrax lethal factor
O=S(=O)(Nc1sccc1-c1nc2ccccc2s1)c1ccc(Cl)cc1F,Anthrax lethal factor
O=C(O)CN1C(=O)/C(=C/c2ncc(-c3ccc(F)cc3)s2)SC1=S,Anthrax lethal factor
CC[C@H](C)[C@@H]1NC(=O)[C@@H]2CSSC[C@H](NC(=O)[C@H](CCCNC(=N)N)NC(=O)[C@@H]3CSSC[C@H](NC1=O)C(=O)N[C@@H](C)C(=O)N[C@@H](CCCNC(=N)N)C(=O)NCC(=O)N[C@@H](Cc1ccccc1)C(=O)N3)C(=O)N[C@@H](CC(C)C)C(=O)N[C@H]1CSSC[C@H](NC(=O)[C@H](C(C)C)NC(=O)CNC(=O)[C@H](CCCNC(=N)N)NC(=O)[C@H](CCCNC(=N)N)NC1=O)C(=O)N[C@@H](CCCNC(=N)N)C(=O)N2,Anthrax lethal factor
CC1=C(C(=O)N(C)C)C(c2ccc(Cl)c(Cl)c2)NC(=O)N1,Anthrax lethal factor
Cc1cc(N[C@H](CCCCNCc2ccc(Cl)cc2)C(=O)NO)ccc1F,Anthrax lethal factor
CC[C@H](C)[C@@H]1NC(=O)[C@@H]2CSSC[C@H](NC(=O)[C@H](CCCNC(=N)N)NC(=O)[C@@H]3CSSC[C@H](NC1=O)C(=O)N[C@@H]([C@@H](C)O)C(=O)N[C@@H](CCCNC(=N)N)C(=O)NCC(=O)N[C@@H](Cc1ccccc1)C(=O)N3)C(=O)N[C@@H](CC(C)C)C(=O)N[C@H]1CSSC[C@H](NC(=O)[C@H](C(C)C)NC(=O)CNC(=O)[C@H](CCCNC(=N)N)NC(=O)[C@H](CCCNC(=N)N)NC1=O)C(=O)N[C@@H](Cc1c[nH]cn1)C(=O)N2,Anthrax lethal factor
CSN1C(=O)OC[C@@H]1C(C)C,Anthrax lethal factor
O=S(=O)(Nc1sccc1-c1nc2ccccc2s1)c1ccc(-c2ccno2)s1,Anthrax lethal factor
Cc1cc(S(=O)(=O)N(C(C)C)[C@H](C)C(=O)NO)ccc1F,Anthrax lethal factor
CC(C)[C@@H](NS(=O)(=O)c1cccc(F)c1)C(=O)NO,Anthrax lethal factor
CC(=O)NCc1ccc(CN([C@H](C)C(=O)NO)S(=O)(=O)c2ccc(F)c(C)c2)cc1,Anthrax lethal factor
CC(=O)Nc1ccc(S(=O)(=O)Nc2sccc2-c2nc3ccccc3s2)cc1,Anthrax lethal factor
Cc1csc(NS(=O)(=O)c2ccc3ccccc3c2)c1-c1nc2ccccc2s1,Anthrax lethal factor
Cn1c(=O)c2c(nc(NCCCN3CCOCC3)n2Cc2ccc(Cl)c(Cl)c2)n(C)c1=O,Anthrax lethal factor
CC[C@H](C)[C@@H]1NC(=O)[C@@H]2CSSC[C@H](NC(=O)[C@H](CCCNC(=N)N)NC(=O)[C@@H]3CSSC[C@H](NC1=O)C(=O)N[C@@H](CCCNC(=N)N)C(=O)N[C@@H](CCCNC(=N)N)C(=O)NCC(=O)N[C@@H](Cc1ccccc1)C(=O)N3)C(=O)N[C@@H](CC(C)C)C(=O)N[C@H]1CSSC[C@H](NC(=O)[C@H](C(C)C)NC(=O)CNC(=O)[C@H](CCCNC(=N)N)NC(=O)[C@H](CCCNC(=N)N)NC1=O)C(=O)N[C@@H](CCCNC(=N)N)C(=O)N2,Anthrax lethal factor
Cc1cc(S(=O)(=O)Nc2scc(C)c2-c2nc3ccccc3s2)ccc1F,Anthrax lethal factor
Cc1cc(S(=O)(=O)N(CCCCCCCC(=O)OC(C)(C)C)[C@H](C)C(=O)NO)ccc1F,Anthrax lethal factor
COc1ccc(/N=c2oc3c(C)ncc(CO)c3cc2C(=O)Nc2cccc(C)c2)cc1OC,Anthrax lethal factor
O=C(O)CN1C(=O)S/C(=Cc2ccc(-c3ccc(Cl)cc3[N+](=O)[O-])o2)C1=O,Anthrax lethal factor
CC[C@H](C)[C@@H]1NC(=O)[C@@H]2CSSC[C@H](NC(=O)[C@H](CCCNC(=N)N)NC(=O)[C@@H]3CSSC[C@H](NC1=O)C(=O)N[C@@H]([C@@H](C)O)C(=O)N[C@@H](CCCNC(=N)N)C(=O)NCC(=O)N[C@@H](Cc1ccccc1)C(=O)N3)C(=O)N[C@@H](CC(C)C)C(=O)N[C@H]1CSSC[C@H](NC(=O)[C@H](C(C)C)NC(=O)CNC(=O)[C@H](CCCNC(=N)N)NC(=O)[C@H](CCC(=O)O)NC1=O)C(=O)N[C@@H](CCCNC(=N)N)C(=O)N2,Anthrax lethal factor
COc1ccc(S(=O)(=O)Nc2scc(C)c2-c2nc3ccccc3s2)cc1,Anthrax lethal factor
Cc1csc(NS(=O)(=O)c2ccccc2)c1-c1nc2ccccc2s1,Anthrax lethal factor
Cc1csc(NS(=O)(=O)c2ccc(-c3ccc(Cl)cc3)cc2)c1-c1nc2ccccc2s1,Anthrax lethal factor
Cc1cc(S(=O)(=O)N(Cc2ccc(F)cc2)[C@H](C)C(=O)NO)ccc1F,Anthrax lethal factor
O=C(NO)[C@H]1[C@@H](OCc2ccccc2)CCN1S(=O)(=O)c1ccc(Cl)c(Cl)c1,Anthrax lethal factor
N=C(N)Nc1ccccc1NC(=O)O[C@H]1C[C@@H](O)[C@H](NC(=N)N)C[C@@H]1NC(=N)N,Anthrax lethal factor
COc1ccc(-c2ccc(C=C3C(=O)NC(=S)NC3=O)o2)cc1Cl,Anthrax lethal factor
COc1ccc(NC(=O)c2cc3c(CO)cnc(C)c3o/c2=Nc2ccc(Cl)c(Cl)c2)cc1,Anthrax lethal factor
COc1ccc(S(=O)(=O)N[C@@H]2CCN(O)C2=O)cc1,Anthrax lethal factor
[H][C@]12C[C@@]3([H])[C@]4([H])N(CC)C[C@@]1(C)CC[C@H](O)[C@@]24[C@]1([H])C[C@@]2([H])[C@@H](OC)C[C@@]3(O)[C@@]1([H])[C@H]2O,Anthrax lethal factor
Cc1ccc(NC(=O)c2cc3c(CO)cnc(C)c3o/c2=Nc2ccc(Br)cc2)cc1,Anthrax lethal factor
Cc1ccc(NC(=O)c2cc3c(CO)cnc(C)c3o/c2=Nc2ccc(Cl)c(Cl)c2)cc1,Anthrax lethal factor
CC(C)[C@@H](NS(=O)(=O)c1ccc(Cl)s1)C(=O)NO,Anthrax lethal factor
COc1ccc(C(=O)N/N=C/c2ccc(-c3ccc(Cl)c(C(=O)O)c3)o2)cc1,Anthrax lethal factor
O=S(=O)(Nc1sccc1-c1nc2ccccc2s1)c1ccc(C(F)(F)F)cc1,Anthrax lethal factor
Cc1cc(N[C@H](CCCCNCc2ccc(C(C)(C)C)cc2)C(=O)NO)cc(C)c1F,Anthrax lethal factor
