smiles,targetname
C[C@@H](O)[C@H](N)C(=O)NCC(=O)N[C@H]1CCCCNC(=O)C[C@@H](C(=O)N[C@@H](CCCNC(=N)N)C(=O)N[C@@H](CCCCN)C(=O)N[C@H]2CCCCNC(=O)C[C@@H](C(N)=O)NC(=O)[C@H](CCC(N)=O)NC(=O)[C@H](CC(N)=O)NC(=O)[C@H](CCCCN)NC2=O)NC(=O)[C@H](CO)NC(=O)[C@H](CCCCN)NC(=O)[C@H](CCCNC(=N)N)NC1=O,Nociceptin receptor
CCCc1cc(N)c2cc(NC(=O)c3ccccc3COc3ccc(Cl)cc3)ccc2n1,Nociceptin receptor
O=C(N[C@H]1CCCC[C@H]1C(=O)NCCCN1CCC2(CCc3ccccc32)CC1)c1ccccc1,Nociceptin receptor
CC(C)C[C@H](NC(=O)[C@H](CCCCN)NC(=O)[C@H](CCCNC(=N)N)NC(=O)C(C)(CC(C)C)NC(=O)[C@H](CO)NC(=O)[C@H](CCCCN)NC(=O)[C@H](CCCNC(=N)N)NC(=O)[C@H](C)NC(=O)CNC(=O)[C@@H](NC(=O)[C@H](Cc1ccccc1)NC(=O)CNC(=O)CNC(=O)[C@@H](N)Cc1ccccc1)[C@@H](C)O)C(=O)N[C@@H](C)C(=O)N[C@@H](CC(N)=O)C(=O)N[C@@H](CCC(N)=O)C(N)=O,Nociceptin receptor
O=C(NCCCN1CCC2(CCc3ccccc32)CC1)c1ccccc1Cc1ccccc1,Nociceptin receptor
CC(C)C[C@H](NC(=O)[C@H](CC(C)C)NC(=O)[C@H](CCCCN)NC(=O)[C@H](CCCNC(=N)N)NC(=O)[C@H](C)NC(=O)[C@H](CO)NC(=O)[C@H](CCCCN)NC(=O)[C@H](CCCNC(=N)N)NC(=O)[C@H](C)NC(=O)CNC(=O)[C@@H](NC(=O)[C@H](Cc1ccccc1)NC(=O)CNC(=O)CNC(=O)[C@@H](N)Cc1ccccc1)[C@@H](C)O)C(=O)N[C@@H](CC(N)=O)C(=O)N[C@@H](CCC(N)=O)C(=O)O,Nociceptin receptor
C[C@H](NC(=O)CNC(=O)[C@@H](NC(=O)[C@H](Cc1ccccc1)NC(=O)CNC(=O)CNC(=O)[C@@H](N)Cc1ccccc1)[C@@H](C)O)C(=O)N[C@@H](CCCN=C(N)N)C(=O)N[C@@H](CCCCN)C(=O)N[C@@H](CS)C(=O)N[C@@H](C)C(=O)N[C@@H](CCCN=C(N)N)C(=O)N[C@@H](CCCCN)C(=O)N[C@@H](CS)C(N)=O,Nociceptin receptor
CC(C)(Oc1ccc(Cl)cc1)C(=O)NCCCN1CCC2(CCc3ccccc32)CC1,Nociceptin receptor
CN1CCN(c2cccc3[nH]c(-c4nc(CCc5ccc(Cl)cc5)no4)cc23)CC1,Nociceptin receptor
Cn1c(CNC2CCCC2)nc(-c2ccc(Cl)cc2Cl)c1-c1ccc(Cl)cc1,Nociceptin receptor
CC(=O)N[C@H](C(=O)N[C@H]1CCCCNC(=O)C[C@@H](C(=O)N[C@H]2CCCCNC(=O)C[C@@H](C(N)=O)NC(=O)[C@H](CC(C)C)NC(=O)[C@H](CCCCN)NC(=O)[C@H](CCCNC(=N)N)NC2=O)NC(=O)[C@H](CCCCN)NC(=O)[C@H](CCCNC(=N)N)NC(=O)[C@H](C)NC1=O)[C@@H](C)O,Nociceptin receptor
O=C(NCCCN1CCC2(CCc3ccccc32)CC1)c1ccccc1Nc1ccccc1,Nociceptin receptor
CCCCC(=O)N[C@@H](CCCNC(=N)N)C(=O)N[C@@H](Cc1ccccc1)C(=O)N[C@@H](Cc1ccc(O)cc1)C(=O)N[C@@H](CCCNC(=N)N)C(=O)N[C@H](C(=O)N[C@@H](CCCCN)C(N)=O)[C@@H](C)CC,Nociceptin receptor
CN(C)CCc1cccc2[nH]c(-c3nc(CCCc4ccc(Cl)cc4)no3)cc12,Nociceptin receptor
[H][C@@]1([C@@H](C)O)NC(=O)[C@H](Cc2ccccc2)NC(=O)CNC(=O)CNC(=O)[C@H](Cc2ccccc2)NC(=O)[C@@H](N)CSSC[C@@H](C(=O)N[C@@H](C)C(=O)N[C@@H](CCCN=C(N)N)C(=O)N[C@@H](CCCCN)C(N)=O)NC(=O)[C@H](CCCCN)NC(=O)[C@H](CCCN=C(N)N)NC(=O)[C@H](C)NC(=O)CNC1=O,Nociceptin receptor
CN(C)CCCc1cccc2[nH]c(-c3nc(CCc4ccc(Cl)cc4)no3)cc12,Nociceptin receptor
CC(C)C[C@H](NC(=O)[C@H](CCCCN)NC(=O)[C@H](CCCNC(=N)N)NC(=O)[C@H](C)NC(=O)[C@H](CO)NC(=O)[C@H](CCCCN)NC(=O)[C@H](CCCNC(=N)N)NC(=O)[C@H](C)NC(=O)CNC(=O)[C@@H](NC(=O)[C@H](Cc1ccccc1)NC(=O)CNC(=O)CNC(=O)[C@@H](N)Cc1ccccc1)[C@@H](C)O)C(=O)N[C@@H](CCCCN)C(=O)N[C@@H](CC(N)=O)C(=O)N[C@@H](CCC(N)=O)C(=O)O,Nociceptin receptor
Cc1nn(-c2c(F)cccc2C(N)=O)cc1CN1CCC2(CC1)OCCc1cc(F)sc12.O=C(O)C(O)C(O)C(=O)O,Nociceptin receptor
CC[C@H](C)[C@H](NC(=O)[C@H](CCCNC(=N)N)NC(=O)[C@H](Cc1ccc(O)cc1)NC(=O)[C@H](Cc1ccccc1)NC(=O)[C@H](CCCNC(=N)N)NC(=O)c1ccccc1)C(=O)N[C@@H](CCCCN)C(N)=O,Nociceptin receptor
C[C@@H](O)[C@H](NC(=O)[C@H](Cc1ccccc1)NC(=O)CNC(=O)CNC(=O)[C@@H](N)Cc1ccccc1)C(=O)NCC(=O)N[C@H]1CSSC[C@@H](C(=O)N[C@@H](CCCN=C(N)N)C(=O)N[C@@H](CCCCN)C(N)=O)NC(=O)[C@H](CO)NC(=O)[C@H](CCCCN)NC(=O)[C@H](CCCN=C(N)N)NC1=O,Nociceptin receptor
CC[C@H](NC(=O)CNC(=O)[C@@H](NC(=O)[C@H](Cc1ccccc1)NC(=O)CNC(=O)CNC(=O)[C@@H](N)Cc1ccccc1)[C@@H](C)O)C(=O)N[C@@H](CCCN=C(N)N)C(=O)N[C@@H](CCCCN)C(=O)N[C@@H](CO)C(=O)N[C@@H](C)C(=O)N[C@@H](CCCN=C(N)N)C(=O)N[C@@H](CCCCN)C(=O)N[C@@H](CC(C)C)C(=O)N[C@@H](C)C(=O)N[C@@H](CC(N)=O)C(=O)N[C@@H](CCC(N)=O)C(N)=O,Nociceptin receptor
C[C@H](NC(=O)CNC(=O)[C@@H](NC(=O)[C@H](Cc1ccc(C(F)(F)F)cc1)NC(=O)CNC(=O)CNC(=O)[C@@H](N)Cc1ccccc1)[C@@H](C)O)C(=O)N[C@@H](CCCN=C(N)N)C(=O)N[C@@H](CCCCN)C(=O)N[C@@H](CO)C(=O)N[C@@H](C)C(=O)N[C@@H](CCCN=C(N)N)C(=O)N[C@@H](CCCCN)C(N)=O,Nociceptin receptor
C[C@@H](O)[C@H](NC(=O)c1ccccc1)C(=O)NCCCN1CCC2(CCc3ccccc32)CC1,Nociceptin receptor
Cc1ccc(Cl)c(OC[C@H](O)CN2CCC(n3c(O)nc4ccccc43)CC2)c1,Nociceptin receptor
O=C(NCCCN1CCC2(CCc3ccccc32)CC1)c1ccccc1C(=O)c1ccccc1,Nociceptin receptor
C[C@H](NC(=O)CNC(=O)[C@@H](NC(=O)[C@H](Cc1ccccc1)NC(=O)CNC(=O)CNC(=O)[C@@H](N)Cc1ccccc1)[C@@H](C)O)C(=O)N[C@@H](CCCN=C(N)N)C(=O)N[C@@H](CCCCN)C(=O)N[C@@H](CO)C(=O)N[C@@H](C)C(=O)N[C@@H](CCCN=C(N)N)C(=O)N[C@@H](CCCN)C(N)=O,Nociceptin receptor
C[C@H](NC(=O)CNC(=O)[C@@H](NC(=O)[C@H](Cc1ccccc1)NC(=O)CNC(=O)CNC(=O)[C@@H](N)Cc1ccccc1)[C@@H](C)O)C(=O)N[C@@H](CCCNC(=N)N)C(=O)N[C@@H](CCCCN)C(=O)N[C@@H](CO)C(=O)N[C@@H](C)C(=O)N[C@@H](CCCNC(=N)N)C(=O)N[C@@H](CCCCN)C(=O)N[C@@H](Cc1c[nH]c2ccccc12)C(=O)N[C@@H](CCCNC(=N)N)C(=O)N[C@@H](CC(N)=O)C(=O)N[C@@H](CCC(N)=O)C(=O)O,Nociceptin receptor
Nc1ccnc2ccc(NC(=O)c3ccccc3COc3ccc(Cl)cc3)cc12,Nociceptin receptor
C[C@H](NC(=O)CNC(=O)[C@@H](NC(=O)[C@H](Cc1ccccc1)NC(=O)CNC(=O)CNC(=O)CNCc1ccccc1)[C@@H](C)O)C(=O)N[C@@H](CCCN=C(N)N)C(=O)N[C@@H](CCCCN)C(=O)N[C@@H](CO)C(=O)N[C@@H](C)C(=O)N[C@@H](CCCN=C(N)N)C(=O)N[C@@H](CCCCN)C(=O)N[C@@H](CCCN=C(N)N)C(=O)N[C@@H](CCCCN)C(=O)N[C@@H](CC(N)=O)C(=O)N[C@@H](CCC(=O)N(N)N)C(=O)NN,Nociceptin receptor
CN(C)CCc1cccc2[nH]c(-c3nc(CCC4CCCCC4)no3)cc12,Nociceptin receptor
Cc1cc(N)c2cc(NC(=O)c3cccc(CCc4ccccc4)c3)ccc2n1,Nociceptin receptor
ClCC(Cc1ccccc1Cl)CN1CCC2(CC1)OCCc1ccsc12,Nociceptin receptor
CC(C)C[C@H](NC(=O)[C@H](CCCCN)NC(=O)[C@H](CCCNC(=N)N)NC(=O)[C@H](C)NC(=O)[C@H](CO)NC(=O)[C@H](CCCCN)NC(=O)[C@H](CCCNC(=N)N)NC(=O)[C@H](CCCCN)NC(=O)[C@H](CCCNC(=N)N)NC(=O)[C@@H](NC(=O)[C@H](Cc1ccccc1)NC(=O)CNC(=O)CNC(=O)[C@@H](N)Cc1ccccc1)[C@@H](C)O)C(=O)N[C@@H](C)C(=O)N[C@@H](CC(N)=O)C(=O)N[C@@H](CCC(N)=O)C(=O)O,Nociceptin receptor
[H][C@]12CC[C@]([H])(C[C@@](CNC(C)=O)(c3cccnc3)C1)N2C(c1ccccc1Cl)c1ccccc1Cl,Nociceptin receptor
C[C@H](NC(=O)CNC(=O)[C@@H](NC(=O)[C@H](Cc1ccccc1)NC(=O)CNC(=O)CNC(=O)CNC(=O)c1ccccc1)[C@@H](C)O)C(=O)N[C@@H](CCCNC(=N)N)C(=O)N[C@@H](CCCCN)C(=O)N[C@@H](CO)C(=O)N[C@@H](C)C(=O)N[C@@H](CCCNC(=N)N)C(=O)N[C@@H](CCCCN)C(N)=O,Nociceptin receptor
CN(C)CCc1cccc2[nH]c(-c3nc(CC4CCCCC4)no3)cc12,Nociceptin receptor
OC1(c2cccc(C(F)(F)F)c2)CCN(Cc2ccc(C(F)(F)F)cc2)CC1,Nociceptin receptor
CCN1CCN(c2cc3[nH]c(SC(C)(C)C)nc3cc2Cl)CC1,Nociceptin receptor
Cc1c(CN[C@H]2CC[C@@H](F)C2)nn(C)c1-c1cc(F)cc(F)c1,Nociceptin receptor
C[C@H](NC(=O)[C@@H]1CCCCNC(=O)C[C@H](NC(=O)CNC(=O)[C@@H](NC(=O)[C@H](Cc2ccccc2)NC(=O)CNC(=O)CNC(=O)[C@@H](N)Cc2ccccc2)[C@@H](C)O)C(=O)N[C@@H](CCCNC(=N)N)C(=O)N[C@@H](CCCCN)C(=O)N1)C(=O)N[C@@H](CCCNC(=N)N)C(=O)N[C@@H](CCCCN)C(N)=O,Nociceptin receptor
CC(C)C[C@H](NC(=O)[C@H](CCCCN)NC(=O)[C@H](CCCN=C(N)N)NC(=O)[C@H](C)NC(=O)[C@H](CO)NC(=O)[C@H](CCCCN)NC(=O)[C@H](CCCN=C(N)N)NC(=O)[C@H](C)NC(=O)CNC(=O)[C@@H](NC(=O)[C@H](Cc1ccccc1)NC(=O)CNC(=O)CNC(=O)[C@@H](N)Cc1ccccc1)[C@@H](C)O)C(=O)N(C)[C@@H](C)C(=O)N[C@@H](CC(N)=O)C(=O)N[C@@H](CCC(N)=O)C(N)=O,Nociceptin receptor
CSc1nc2cc(F)c(N3CCNCC3)cc2[nH]1,Nociceptin receptor
CC(C)CNCC(=O)NCC(=O)NCC(=O)N[C@@H](Cc1ccccc1)C(=O)N[C@H](C(=O)NCC(=O)N[C@@H](C)C(=O)N[C@@H](CCCN=C(N)N)C(=O)N[C@@H](CCCCN)C(=O)N[C@@H](CO)C(=O)N[C@@H](C)C(=O)N[C@@H](CCCN=C(N)N)C(=O)N[C@@H](CCCCN)C(N)=O)[C@@H](C)O,Nociceptin receptor
COc1ccc2c(n1)NC(=O)CC(=O)N2C1CCN(C2/C=CCCCCC2)CC1,Nociceptin receptor
C[C@H](NC(=O)CNC(=O)[C@@H](NC(=O)[C@H](Cc1ccc(F)cc1)NC(=O)CNC(=O)CNC[C@@H](N)Cc1ccccc1)[C@@H](C)O)C(=O)N[C@@H](CCCN=C(N)N)C(=O)N[C@@H](CCCCN)C(=O)N[C@@H](CO)C(=O)N[C@@H](C)C(=O)N[C@@H](CCCN=C(N)N)C(=O)N[C@@H](CCCCN)C(=O)N[C@@H](CCCN=C(N)N)C(=O)N[C@@H](CCCCN)C(=O)N[C@@H](CC(N)=O)C(=O)N[C@@H](CCC(=O)N(N)N)C(=O)NN,Nociceptin receptor
C[C@H](NC(=O)[C@H](CCCCN)NC(=O)[C@H](CCCCN)NC(=O)[C@H](CCCNC(=N)N)NC(=O)[C@@H](CC(=O)O)NC(=O)CNC(=O)[C@@H](NC(=O)[C@H](Cc1ccccc1)NC(=O)CNC(=O)CNC(=O)[C@@H](N)Cc1ccccc1)[C@@H](C)O)C(=O)N[C@@H](CCCNC(=N)N)C(=O)N[C@@H](CCCCN)C(N)=O,Nociceptin receptor
CC1=Cc2ccccc2C1C(=O)NCCCN1CCC2(CCc3ccccc32)CC1,Nociceptin receptor
Cc1ccccc1C1CCN(C[C@@H]2CCc3cccnc3C(=O)C2)CC1,Nociceptin receptor
COC(=O)CN1C(=O)C2(CCN(C(C)c3ccccc3)CC2)c2ccccc21,Nociceptin receptor
CC(C)C[C@H](NC(=O)[C@H](CCCCN)NC(=O)[C@H](CCCNC(=N)N)NC(=O)[C@H](C)NC(=O)[C@H](CO)NC(=O)[C@H](CCCCN)NC(=O)[C@H](CCCNC(=N)N)NC(=O)C(C)(NC(=O)CNC(=O)[C@@H](NC(=O)[C@H](Cc1ccccc1)NC(=O)CNC(=O)CNC(=O)[C@@H](N)Cc1ccccc1)[C@H](C)O)C(C)C)C(=O)N[C@@H](C)C(=O)N[C@@H](CC(N)=O)C(=O)N[C@@H](CCC(N)=O)C(N)=O,Nociceptin receptor
C[C@@H](O)[C@H](NC(=O)[C@H](Cc1ccc(F)cc1)NC(=O)CNC(=O)CNC(=O)[C@@H](N)Cc1ccccc1)C(=O)NCC(=O)N[C@H]1CCCCNC(=O)C[C@@H](C(=O)N[C@@H](CCCNC(=N)N)C(=O)N[C@@H](CCCCN)C(=O)N[C@H]2CCCCNC(=O)C[C@@H](C(N)=O)NC(=O)[C@H](CCC(N)=O)NC(=O)[C@H](CC(N)=O)NC(=O)[C@H](CCCCN)NC2=O)NC(=O)[C@H](CO)NC(=O)[C@H](CCCCN)NC(=O)[C@H](CCCNC(=N)N)NC1=O,Nociceptin receptor
C[C@H](NC(=O)CNC(=O)[C@@H](NC(=O)[C@H](Cc1ccccc1)NC(=O)CNC(=O)CNC(=O)CNCc1ccccc1)[C@@H](C)O)C(=O)N[C@@H](CCCN=C(N)N)C(=O)N[C@@H](CCCCN)C(=O)N[C@@H](CO)C(=O)N[C@@H](C)C(=O)N[C@@H](CCCN=C(N)N)C(N)=O,Nociceptin receptor
C(=C[C@H]1CCCN1Cc1ccccc1)CCCN1CCC2(CC1)NCc1ccccc12,Nociceptin receptor
O=C(NCc1ccccc1)C1=C(n2c(=O)c(=O)[nH]c3ccccc32)CCN(C2CCCCCCC2)C1,Nociceptin receptor
[H][C@]12CN(c3cc4[nH]c(SC(CC)CC)nc4cc3Cl)[C@]([H])(CN1CCO)C2,Nociceptin receptor
CC(C)C1CCC(N2CCC(C(=O)NCc3ccccc3)(c3ccc(F)cc3)CC2)CC1,Nociceptin receptor
C[C@H](NC(=O)[C@H](CS)NC(=O)[C@H](CCCCN)NC(=O)[C@H](CCCN=C(N)N)NC(=O)[C@H](C)NC(=O)[C@H](CS)NC(=O)[C@@H](NC(=O)[C@H](Cc1ccccc1)NC(=O)CNC(=O)CNC(=O)[C@@H](N)Cc1ccccc1)[C@@H](C)O)C(=O)N[C@@H](CCCN=C(N)N)C(=O)N[C@@H](CCCCN)C(N)=O,Nociceptin receptor
Cc1ccc(OCc2ccccc2C(=O)Nc2ccc3nc(C)cc(N)c3c2)cc1,Nociceptin receptor
Cc1ccc2ccccc2c1CN1CCC(C#N)(c2ccccc2)CC1,Nociceptin receptor
CC(C)(C)C1CCC(N2CCC(C(=O)NCc3ccccc3)(c3ccccc3F)CC2)CC1,Nociceptin receptor
O=C1CC(C(=O)NCCCN2CCC3(CCc4ccccc43)CC2)c2ccccc21,Nociceptin receptor
CN(C)C(=O)C(Cc1ccccc1F)CN1CCC2(CC1)OCCc1cc(F)sc12,Nociceptin receptor
CC(C)N(C)C(=O)[C@H](Cc1ccccc1F)CN1CCC2(CC1)OCCc1cc(F)sc12,Nociceptin receptor
Cc1c(CN[C@H]2CC[C@@H](F)C2)nn(CCS(C)(=O)=O)c1-c1cc(F)cc(F)c1,Nociceptin receptor
COc1ccc(OCc2ccccc2C(=O)Nc2ccc3nc(C)cc(N)c3c2)cc1,Nociceptin receptor
CC[C@H](C)[C@H](NC(=O)[C@H](CCCNC(=N)N)NC(=O)[C@H](Cc1ccc(O)cc1)NC(=O)[C@H](Cc1ccccc1)NC(=O)[C@H](CCCNC(=N)N)NC(=O)C(C)(C)C)C(=O)N[C@@H](CCCCN)C(N)=O,Nociceptin receptor
Clc1ccc(-c2c(-c3ccc(Cl)cc3Cl)nc(CNC3CCCC3)n2C2CCCCC2)cc1,Nociceptin receptor
CN1CCN(c2cc3[nH]c(SCc4ccc(F)cc4)nc3cc2F)CC1,Nociceptin receptor
CC(C)C[C@H](N)CNCC(=O)NCC(=O)N[C@@H](Cc1ccccc1)C(=O)N[C@H](C(=O)NCC(=O)N[C@@H](C)C(=O)N[C@@H](CCCN=C(N)N)C(=O)N[C@@H](CCCCN)C(=O)N[C@@H](CO)C(=O)N[C@@H](C)C(=O)N[C@@H](CCCN=C(N)N)C(=O)N[C@@H](CCCCN)C(N)=O)[C@@H](C)O,Nociceptin receptor
O=C(Cc1ccccc1)C(=O)NCCCN1CCC2(CCc3ccccc32)CC1,Nociceptin receptor
CN(C)CCc1cccc2[nH]c(-c3nnn(CCc4ccc(Cl)cc4)n3)cc12,Nociceptin receptor
C[C@H](NC(=O)CNC(=O)[C@@H](NC(=O)[C@H](Cc1ccccc1)NC(=O)CNC(=O)CNC(=O)[C@@H](N)Cc1ccccc1)[C@@H](C)O)C(=O)N[C@@H](CCCN=C(N)N)C(=O)N[C@@H](CCCN)C(=O)N[C@@H](CO)C(=O)N[C@@H](C)C(=O)N[C@@H](CCCN=C(N)N)C(=O)N[C@@H](CCCCN)C(N)=O,Nociceptin receptor
COCc1c(CN[C@H]2CC[C@@H](F)C2)nn(C)c1-c1cc(F)cc(F)c1,Nociceptin receptor
C[C@H](NC(=O)CNC(=O)[C@@H](NC(=O)[C@H](Cc1ccccc1)NC(=O)CNC(=O)CNC(=O)[C@@H](N)Cc1ccccc1)[C@@H](C)O)C(=O)N[C@@H](CCCNC(=N)N)C(=O)N[C@@H](CCCCN)C(=O)N[C@@H](CO)C(=O)N[C@@H](C)C(=O)N[C@@H](CCCNC(=N)N)C(=O)N[C@@H](CCCCN)C(=O)N[C@@H](Cc1ccc(O)cc1)C(=O)N[C@@H](C)C(=O)N[C@@H](CC(N)=O)C(=O)N[C@@H](CCC(N)=O)C(=O)O,Nociceptin receptor
CC(C)C[C@H](NC(=O)[C@H](CCCCN)NC(=O)[C@H](CCCNC(=N)N)NC(=O)[C@H](C)NC(=O)[C@H](CO)NC(=O)[C@H](CCCCN)NC(=O)[C@H](CCCNC(=N)N)NC(=O)[C@H](C)NC(=O)CNC(=O)[C@@H](NC(=O)[C@H](Cc1ccccc1)NC(=O)CNC(=O)CNC(=O)[C@@H](N)Cc1ccccc1)[C@@H](C)O)C(=O)N[C@H](C(=O)N[C@@H](CC(N)=O)C(=O)N[C@@H](CCC(N)=O)C(=O)O)C(C)C,Nociceptin receptor
C[C@H](NC(=O)CNC(=O)[C@@H](NC(=O)[C@H](Cc1ccccc1)NC(=O)CNC(=O)CNC[C@@H](N)Cc1ccccc1)[C@@H](C)O)C(=O)N[C@@H](CCCN=C(N)N)C(=O)N[C@@H](CCCCN)C(=O)N[C@@H](CO)C(=O)N[C@@H](C)C(=O)N[C@@H](CCCN=C(N)N)C(=O)N[C@@H](CCCCN)C(=O)N[C@@H](CCCN=C(N)N)C(=O)N[C@@H](CCCCN)C(=O)N[C@@H](CC(N)=O)C(=O)N[C@@H](CCC(=O)N(N)N)C(=O)NN,Nociceptin receptor
CCC(CC)(NC(=O)CNC(=O)[C@@H](NC(=O)[C@H](Cc1ccccc1)NC(=O)CNC(=O)CNC(=O)[C@@H](N)Cc1ccccc1)[C@@H](C)O)C(=O)N[C@@H](CCCNC(=N)N)C(=O)N[C@@H](CCCCN)C(=O)N[C@@H](CO)C(=O)N[C@@H](C)C(=O)N[C@@H](CCCNC(=N)N)C(=O)N[C@@H](CCCCN)C(=O)N[C@@H](CC(C)C)C(=O)N[C@@H](C)C(=O)N[C@@H](CC(N)=O)C(=O)N[C@@H](CCC(N)=O)C(N)=O,Nociceptin receptor
Cc1cc(N)c2cc(NC(=O)c3ccccc3-c3ccccc3)ccc2n1,Nociceptin receptor
COC(=O)CN1C(=O)C2(CCN(CC3CCCCCC3)CC2)c2ccccc21,Nociceptin receptor
COCc1cccnc1-n1cc(CN2CCC3(CC2)OCCc2cc(F)sc23)c(C)n1.O=C(O)C(O)C(O)C(=O)O,Nociceptin receptor
CC(=O)Cn1nc(CN[C@H]2CC[C@@H](F)C2)c(C)c1-c1cc(F)cc(F)c1,Nociceptin receptor
OC1(c2ccc(Cl)cc2)CCN(Cc2ccc(C(F)(F)F)cc2)CC1,Nociceptin receptor
[H][C@@]1([C@@H](C)O)NC(=O)[C@H](Cc2ccccc2)NC(=O)CNC(=O)CNC(=O)[C@H](Cc2ccccc2)NC(=O)[C@@H](N)CSSC[C@@H](C(=O)N[C@@H](C)C(=O)N[C@@H](CCCN=C(N)N)C(=O)N[C@@H](CCCCN)C(=O)N[C@@H](CO)C(=O)N[C@@H](C)C(=O)N[C@@H](CCCN=C(N)N)C(=O)N[C@@H](CCCCN)C(N)=O)NC1=O,Nociceptin receptor
[H][C@@]12CC(c3ccccc3)C3(CCN(C4CCC(C(C)C)CC4)CC3)[C@]1([H])CN(C)C2,Nociceptin receptor
O=C(O)C(=O)O.O=C1NCN(c2ccccc2)C12CCN([C@H]1C[C@@H](c3ccccc3)Oc3ccccc31)CC2,Nociceptin receptor
CC(C)(C)n1c(CNC2CCCC2)nc(-c2ccc(Cl)cc2Cl)c1-c1ccc(Cl)cc1,Nociceptin receptor
FCC(Cc1ccccc1Cl)CN1CCC2(CC1)OCCc1ccsc12,Nociceptin receptor
Cc1ccc(C[C@H](NC(=O)CNC(=O)CNC(=O)[C@@H](N)Cc2ccccc2)C(=O)N[C@H](C(=O)NCC(=O)N[C@@H](C)C(=O)N[C@@H](CCCN=C(N)N)C(=O)N[C@@H](CCCCN)C(=O)N[C@@H](CO)C(=O)N[C@@H](C)C(=O)N[C@@H](CCCN=C(N)N)C(=O)N[C@@H](CCCCN)C(N)=O)[C@@H](C)O)cc1,Nociceptin receptor
CCC(CC)n1c(CNC2CCCC2)nc(-c2ccc(Cl)cc2Cl)c1-c1ccc(Cl)cc1,Nociceptin receptor
O=C(NCCCN1CCC2(CCc3ccccc32)CC1)C1(c2ccccc2)CCCC1,Nociceptin receptor
CC(C)C[C@H](NC(=O)[C@H](CCCCN)NC(=O)[C@H](CCCNC(=N)N)NC(=O)[C@H](C)NC(=O)[C@H](CO)NC(=O)[C@H](CCCCN)NC(=O)[C@H](CCCNC(=N)N)NC(=O)C(C)(NC(=O)CNC(=O)[C@@H](NC(=O)[C@H](Cc1ccccc1)NC(=O)CNC(=O)CNC(=O)[C@@H](N)Cc1ccccc1)[C@H](C)O)C(C)C)C(=O)N[C@@H](C)C(=O)N[C@@H](CC(N)=O)C(=O)N[C@@H](CCC(N)=O)C(N)=O.Cl,Nociceptin receptor
Cc1cc(N)c2cc(NC(=O)c3ccccc3COc3ccc(N)cc3)ccc2n1,Nociceptin receptor
OC1(c2ccccc2)CCN(CCC(c2ccccc2)c2ccccc2)CC1,Nociceptin receptor
COc1ccc(CCc2noc(-c3cc4c(CCN(C)C)cccc4[nH]3)n2)cc1,Nociceptin receptor
FC(F)Cn1c(CNC2CCCC2)nc(-c2ccc(Cl)cc2Cl)c1-c1ccc(Cl)cc1,Nociceptin receptor
C[C@H](NC(=O)CNC(=O)[C@@H](NC(=O)[C@H](Cc1ccccc1)NC(=O)CNC(=O)CNC(=O)[C@@H](N)Cc1ccccc1)[C@@H](C)O)C(=O)N[C@@H](CCCNC(=N)N)C(=O)N[C@@H](CCCCN)C(=O)N[C@@H](CO)C(=O)N[C@@H](C)C(=O)N[C@@H](CCCNC(=N)N)C(=O)N[C@@H](CCCCN)C(=O)N[C@@H](Cc1ccccc1)C(=O)N[C@@H](C)C(=O)N[C@@H](CC(N)=O)C(=O)N[C@@H](CCC(N)=O)C(=O)O,Nociceptin receptor
FCC(CF)n1c(CNC2CCCC2)nc(-c2ccc(Cl)cc2Cl)c1-c1ccc(Cl)cc1,Nociceptin receptor
CN(C)CCc1cccc2[nH]c(-c3nc(Cc4ccc(Cl)cc4)no3)cc12,Nociceptin receptor
COC(=O)CN1C(=O)C2(CCN(Cc3ccc(C(F)(F)F)cc3)CC2)c2ccccc21,Nociceptin receptor
CC(C)C[C@H](NC(=O)[C@H](CCCCN)NC(=O)[C@H](CCCN=C(N)N)NC(=O)[C@H](C)NC(=O)[C@H](CO)NC(=O)[C@H](CCCCN)NC(=O)[C@H](CCCN=C(N)N)NC(=O)[C@H](C)NC(=O)CNC(=O)[C@@H](NC(=O)[C@H](Cc1ccc(F)cc1)NC(=O)CNC(=O)CNC(=O)CNCc1ccccc1)[C@@H](C)O)C(=O)N[C@@H](C)C(=O)N[C@@H](CC(N)=O)C(=O)N[C@@H](CCC(N)=O)C(N)=O,Nociceptin receptor
CCCCCCN1CCC2(CC1)C(=O)N(CC(=O)OC)c1ccccc12,Nociceptin receptor
C[C@H](NC(=O)CNC(=O)[C@@H](NC(=O)[C@H](Cc1ccccc1)NC(=O)CNC(=O)CNC[C@@H](N)CC1CCCCC1)[C@@H](C)O)C(=O)N[C@@H](CCCN=C(N)N)C(=O)N[C@@H](CCCCN)C(=O)N[C@@H](CO)C(=O)N[C@@H](C)C(=O)N[C@@H](CCCN=C(N)N)C(=O)N[C@@H](CCCCN)C(N)=O,Nociceptin receptor
C[C@H](NC(=O)[C@@H]1CCCCNC(=O)C[C@H](NC(=O)[C@@H](NC(=O)[C@H](Cc2ccccc2)NC(=O)CNC(=O)CNC(=O)[C@@H](N)Cc2ccccc2)[C@@H](C)O)C(=O)N[C@@H](C)C(=O)N[C@@H](CCCNC(=N)N)C(=O)N[C@@H](CCCCN)C(=O)N1)C(=O)N[C@@H](CCCNC(=N)N)C(=O)N[C@@H](CCCCN)C(N)=O,Nociceptin receptor
CN(C)CCc1cccc2[nH]c(-c3nc(CCc4ccc(C(F)(F)F)cc4)no3)cc12,Nociceptin receptor
C[C@H](NC(=O)CNC(=O)[C@@H](NC(=O)[C@H](Cc1ccccc1)NC(=O)CNC(=O)CNC(=O)[C@@H](N)Cc1ccccc1)[C@@H](C)O)C(=O)N[C@@H](CCCNC(=N)N)C(=O)N[C@@H](CCCCN)C(=O)N[C@@H](CO)C(=O)N[C@@H](C)C(=O)N[C@@H](CCCNC(=N)N)C(=O)N[C@@H](CCCCN)C(N)=O,Nociceptin receptor
Cc1cc(N)c2cc(NC(=O)c3ccccc3COc3ccc(Cl)cc3)ccc2n1,Nociceptin receptor
[H][C@@]12CCCCNC(=O)C[C@]([H])(NC1=O)C(=O)N[C@@H](CCCNC(=N)N)C(=O)N[C@@H](CCCCN)C(=O)N[C@H](C(N)=O)CC(=O)NCCCC[C@H](NC(=O)CNC(=O)[C@@H](NC(=O)[C@H](Cc1ccccc1)NC(=O)CNC(=O)CNC(=O)[C@@H](N)Cc1ccccc1)[C@@H](C)O)C(=O)N[C@@H](CCCNC(=N)N)C(=O)N[C@@H](CCCCN)C(=O)C2,Nociceptin receptor
Cc1cc(N)c2cc(NC(=O)c3ccccc3CCc3ccccc3)ccc2n1,Nociceptin receptor
CC[C@H](C)[C@H](NC(=O)[C@H](CCCNC(=N)N)NC(=O)[C@H](Cc1ccc(O)cc1)NC(=O)[C@H](Cc1ccccc1)NC(=O)[C@@H](N)CCCNC(=N)N)C(=O)N[C@@H](CCCCN)C(N)=O,Nociceptin receptor
O=C(NCCCN1CCC2(CCc3ccccc32)CC1)C1Cc2ccccc2N1c1ccccc1,Nociceptin receptor
CC(C)C[C@H](NC(=O)[C@H](CCCCN)NC(=O)[C@H](CCCNC(=N)N)NC(=O)[C@H](C)NC(=O)[C@H](CO)NC(=O)[C@H](CCCCN)NC(=O)[C@H](CCCNC(=N)N)NC(=O)[C@H](C)NC(=O)CNC(=O)[C@@H](NC(=O)CNC(=O)CNC(=O)[C@@H](N)Cc1ccccc1)[C@@H](C)O)C(=O)N[C@@H](C)C(=O)N[C@@H](CCCNC(=N)N)C(=O)N[C@@H](CCCCN)C(=O)O,Nociceptin receptor
N[C@@H](Cc1ccccc1)C(=O)NCCCN1CCC2(CC1)OCc1ccccc12,Nociceptin receptor
CC(C)C1CCC(N2CCC(C(=O)NCc3ccccc3)(c3ccccc3F)CC2)CC1,Nociceptin receptor
C[C@H](NC(=O)CNC(=O)[C@@H](NC(=O)[C@H](Cc1ccc(O)cc1)NC(=O)CNC(=O)CNC(=O)[C@@H](N)Cc1ccccc1)[C@@H](C)O)C(=O)N[C@@H](CCCN=C(N)N)C(=O)N[C@@H](CCCCN)C(=O)N[C@@H](CO)C(=O)N[C@@H](C)C(=O)N[C@@H](CCCN=C(N)N)C(=O)N[C@@H](CCCCN)C(N)=O,Nociceptin receptor
CC1(C)COc2ccccc2C1N1CCC2(CC1)C(=O)NCN2c1ccccc1.O=C(O)C(=O)O,Nociceptin receptor
Cc1cc(N)c2cc(NC(=O)c3ccccc3COc3ccc(O)cc3)ccc2n1,Nociceptin receptor
C[C@H](NC(=O)CNC(=O)[C@@H](NC(=O)[C@H](Cc1ccccc1)NC(=O)CNC(=O)CNC(=O)[C@@H](N)Cc1ccccc1)[C@@H](C)O)C(=O)N[C@@H](CCCNC(=N)N)C(=O)N[C@@H](CCCCN)C(=O)N[C@@H](CO)C(=O)N[C@@H](C)C(=O)N[C@@H](CCCNC(=N)N)C(=O)N[C@@H](CCCCN)C(=O)N[C@@H](C)C(=O)N[C@@H](C)C(=O)N[C@@H](CC(N)=O)C(=O)N[C@@H](CCC(N)=O)C(=O)O,Nociceptin receptor
O=C(NCCCN1CCC2(CCc3ccccc32)CC1)[C@H](O)Cc1ccccc1,Nociceptin receptor
Cc1cc(N)c2cc(NC(=O)c3ccccc3COc3ccccc3Cl)ccc2n1,Nociceptin receptor
CC(=O)N[C@@H](CCCNC(=N)N)C(=O)N[C@@H](Cc1ccc(O)cc1)C(=O)N[C@@H](Cc1ccc(O)cc1)C(=O)N[C@@H](CCCNC(=N)N)C(=O)N[C@@H](Cc1c[nH]c2ccccc12)C(=O)N[C@@H](CCCCN)C(N)=O,Nociceptin receptor
COC(=O)CN1C(=O)C2(CCN(C(=O)C3CCC(OC)CC3)CC2)c2ccccc21,Nociceptin receptor
C[C@H](NC(=O)CNC(=O)[C@@H](NC(=O)[C@H](Cc1ccccc1F)NC(=O)CNC(=O)CNC(=O)[C@@H](N)Cc1ccccc1)[C@@H](C)O)C(=O)N[C@@H](CCCN=C(N)N)C(=O)N[C@@H](CCCCN)C(=O)N[C@@H](CO)C(=O)N[C@@H](C)C(=O)N[C@@H](CCCN=C(N)N)C(=O)N[C@@H](CCCCN)C(N)=O,Nociceptin receptor
COC(=O)CN1C(=O)C2(CCN(C3CCc4ccccc4C3)CC2)c2ccccc21,Nociceptin receptor
Cc1c(CN[C@H]2CC[C@@H](F)C2)nn(C)c1-c1ccc(F)c(F)c1,Nociceptin receptor
CN(C)CCc1ccc2cc(-c3nc(CCc4ccc(Cl)cc4)no3)[nH]c2c1,Nociceptin receptor
CCC(CC)Sc1nc2cc(F)c(N3CCNCC3)cc2[nH]1,Nociceptin receptor
CC(=O)N[C@H]1CCCCNC(=O)C[C@@H](C(=O)N[C@@H](CCCNC(=N)N)C(=O)N[C@@H](CCCCN)C(=O)N[C@H]2CCCCNC(=O)C[C@@H](C(N)=O)NC(=O)[C@H](CCC(N)=O)NC(=O)[C@H](CC(N)=O)NC(=O)[C@H](CCCCN)NC2=O)NC(=O)[C@H](CO)NC(=O)[C@H](CCCCN)NC(=O)[C@H](CCCNC(=N)N)NC1=O,Nociceptin receptor
CCCC(C)C(=O)N[C@@H](CCCNC(=N)N)C(=O)N[C@@H](Cc1ccccc1)C(=O)N[C@@H](Cc1ccc(O)cc1)C(=O)N[C@@H](CCCNC(=N)N)C(=O)N[C@H](C(=O)N[C@@H](CCCCN)C(N)=O)[C@@H](C)CC,Nociceptin receptor
O=C(NCCCN1CCC2(CCc3ccccc32)CC1)C(=O)c1cnn(-c2ccccc2)c1C(F)(F)F,Nociceptin receptor
[H][C@]12CC[C@]([H])(C[C@@](CN)(C3CCCCN3)C1)N2C(c1ccccc1Cl)c1ccccc1Cl,Nociceptin receptor
CCC(CC)Sc1nc2ccc(N3CCNCC3)cc2[nH]1,Nociceptin receptor
O=C(NCCCN1CCC2(CCc3ccccc32)CC1)C1Cc2ccccc21,Nociceptin receptor
CCC(C)C(=O)N[C@@H](CCCNC(=N)N)C(=O)N[C@@H](Cc1ccccc1)C(=O)N[C@@H](Cc1ccc(O)cc1)C(=O)N[C@@H](CCCNC(=N)N)C(=O)N[C@H](C(=O)N[C@@H](CCCCN)C(N)=O)[C@@H](C)CC,Nociceptin receptor
CCC(=O)N[C@@H](CCCNC(=N)N)C(=O)N[C@@H](Cc1ccccc1)C(=O)N[C@@H](Cc1ccc(O)cc1)C(=O)N[C@@H](CCCNC(=N)N)C(=O)N[C@H](C(=O)N[C@@H](CCCCN)C(N)=O)[C@@H](C)CC,Nociceptin receptor
CN(C)[C@]1(c2ccccc2)CC[C@@H](OCCc2c[nH]c3ccccc23)CC1,Nociceptin receptor
CN(C)CCc1cccc2[nH]c(-c3nc(CCC4CCOCC4)no3)cc12,Nociceptin receptor
O.O=C(O)C(=O)O.O=C1NCN(c2ccccc2)C12CCN(C1CCOc3ccccc31)CC2,Nociceptin receptor
N#CC1(c2ccccc2)CCN(Cc2ccc(F)cc2)CC1,Nociceptin receptor
Cc1c(CNC2CCCC2)cc(-c2ccc(Cl)cc2Cl)n1-c1ccc(Cl)cc1,Nociceptin receptor
CC(C)C[C@H](NC(=O)[C@H](CCCCN)NC(=O)[C@H](CCCNC(=N)N)NC(=O)[C@H](C)NC(=O)[C@H](CO)NC(=O)[C@H](CCCCN)NC(=O)[C@H](CCCNC(=N)N)NC(=O)C1(NC(=O)CNC(=O)[C@@H](NC(=O)[C@H](Cc2ccccc2)NC(=O)CNC(=O)CNC(=O)[C@@H](N)Cc2ccccc2)[C@@H](C)O)CCCC1)C(=O)N[C@@H](C)C(=O)N[C@@H](CC(N)=O)C(=O)N[C@@H](CCC(N)=O)C(N)=O,Nociceptin receptor
CC(NC(=O)c1ccccc1)C(=O)NCCCN1CCC2(CCc3ccccc32)CC1,Nociceptin receptor
O=C(Cc1ccc2ccccc2c1)NCCCN1CCC2(CCc3ccccc32)CC1,Nociceptin receptor
C[C@H](NC(=O)CNC(=O)[C@@H](NC(=O)[C@H](Cc1cccc(F)c1)NC(=O)CNC(=O)CNC(=O)[C@@H](N)Cc1ccccc1)[C@@H](C)O)C(=O)N[C@@H](CCCN=C(N)N)C(=O)N[C@@H](CCCCN)C(=O)N[C@@H](CO)C(=O)N[C@@H](C)C(=O)N[C@@H](CCCN=C(N)N)C(=O)N[C@@H](CCCCN)C(N)=O,Nociceptin receptor
CC(=O)N/C(=Cc1ccccc1)C(=O)NCCCN1CCC2(CCc3ccccc32)CC1,Nociceptin receptor
CN1CCC(c2cccc3[nH]c(-c4nc(CCc5ccc(Cl)cc5)no4)cc23)CC1,Nociceptin receptor
CC(C)C[C@H](NC(=O)[C@H](CCCCN)NC(=O)[C@H](CCCNC(=N)N)NC(=O)[C@H](C)NC(=O)[C@H](CO)NC(=O)[C@H](CCCCN)NC(=O)[C@H](CCCNC(=N)N)NC(=O)[C@H](C)NC(=O)CNC(=O)[C@@H](NC(=O)[C@H](Cc1ccccc1)NC(=O)CNC(=O)CNC(=O)[C@@H](N)Cc1ccccc1)[C@@H](C)O)C(=O)N[C@@H](Cc1c[nH]c2ccccc12)C(=O)N[C@@H](CC(N)=O)C(=O)N[C@@H](CCC(N)=O)C(=O)O,Nociceptin receptor
CC(C)C1CCC(N2CCC(C(N)=O)(c3ccccc3F)CC2)CC1,Nociceptin receptor
CN(C)C(=O)C(Cc1ccccn1)CN1CCC2(CC1)OCCc1ccsc12,Nociceptin receptor
Clc1ccc(-c2nc(CNC3CCCC3)nn2-c2ccc(Cl)cc2Cl)cc1,Nociceptin receptor
O=C(O)C(=O)O.O=C1NCN(c2ccccc2)C12CCN(CC1COc3ccccc3O1)CC2,Nociceptin receptor
O=C(NCCCN1CCC2(CCc3ccccc32)CC1)C1CCN(c2ncccn2)CC1,Nociceptin receptor
CC(C)C[C@H](NC(=O)[C@H](CCCCN)NC(=O)[C@H](CCCNC(=N)N)NC(=O)[C@H](C)NC(=O)[C@H](CO)NC(=O)[C@H](CCCCN)NC(=O)[C@H](CCCNC(=N)N)NC(=O)[C@H](C)NC(=O)CNC(=O)[C@@H](NC(=O)[C@H](Cc1ccc(F)cc1)NC(=O)CNC(=O)CNC(=O)CNC(=O)c1ccccc1)[C@@H](C)O)C(=O)N[C@@H](CCCCN)C(=O)N[C@@H](CC(N)=O)C(=O)N[C@@H](CCC(N)=O)C(N)=O,Nociceptin receptor
CN(C)C(=O)C(CN1CCC2(CC1)OCCc1cc(F)sc12)Cn1cccn1.O=C(O)C(O)C(O)C(=O)O,Nociceptin receptor
C[C@H](NC(=O)[C@@H]1CSSC[C@H](NC(=O)CNC(=O)[C@@H](NC(=O)[C@H](Cc2ccccc2)NC(=O)CNC(=O)CNC(=O)[C@@H](N)Cc2ccccc2)[C@@H](C)O)C(=O)N[C@@H](CCCNC(=N)N)C(=O)N[C@@H](CCCCN)C(=O)N1)C(=O)N[C@@H](CCCNC(=N)N)C(=O)N[C@@H](CCCCN)C(N)=O,Nociceptin receptor
O=C(O)C(=O)O.O=C1NCN(c2ccccc2)C12CCN(C1CC3(CCSCC3)Oc3ccccc31)CC2,Nociceptin receptor
CC(C)C[C@H](NC(=O)[C@H](CCCCN)NC(=O)[C@H](CCCNC(=N)N)NC(=O)C1(NC(=O)[C@H](CO)NC(=O)[C@H](CCCCN)NC(=O)[C@H](CCCNC(=N)N)NC(=O)[C@H](C)NC(=O)CNC(=O)[C@@H](NC(=O)[C@H](Cc2ccccc2)NC(=O)CNC(=O)CNC(=O)[C@@H](N)Cc2ccccc2)[C@@H](C)O)CCCCC1)C(=O)N[C@@H](C)C(=O)N[C@@H](CC(N)=O)C(=O)N[C@@H](CCC(N)=O)C(N)=O,Nociceptin receptor
Cc1cc(N)c2cc(C(=O)Nc3ccccc3COc3ccccc3)ccc2n1,Nociceptin receptor
O=[N+]([O-])c1ccc(CN2CCC(O)(c3ccc(Cl)c(C(F)(F)F)c3)CC2)o1,Nociceptin receptor
[3H]C(C(=O)N[C@@H](CCCNC(=N)N)C(=O)N[C@@H](Cc1ccc(O)cc1)C(=O)N[C@@H](Cc1ccc(O)cc1)C(=O)N[C@@H](CCCNC(=N)N)C(=O)N[C@H](C(=O)N[C@@H](CCCCN)C(N)=O)[C@@H](C)CC)C([3H])(C)C,Nociceptin receptor
O=C1CC(=O)N(C2CCN(C3CCCCCCC3)CC2)c2cccc(F)c2N1,Nociceptin receptor
[H][C@]12CC[C@]([H])(C[C@@](CNC(C)=O)(C3CCCCN3)C1)N2C(c1ccccc1Cl)c1ccccc1Cl,Nociceptin receptor
O=C(COCc1ccccc1)N1CCC(O)(c2ccc(Br)cc2)CC1,Nociceptin receptor
Cn1c(CNC2CCCC2)nc(-c2ccc(Cl)cc2)c1-c1ccc(Cl)cc1Cl,Nociceptin receptor
CN(C)CCc1cccc2[nH]c(C(=O)NCCc3ccc(Cl)cc3)cc12,Nociceptin receptor
CC[C@H](NC(=O)CNC(=O)[C@@H](NC(=O)[C@H](Cc1ccccc1)NC(=O)CNC(=O)CNC(=O)[C@@H](N)Cc1ccccc1)[C@@H](C)O)C(=O)N[C@@H](CCCN=C(N)N)C(=O)N[C@@H](CCCCN)C(=O)N[C@@H](CO)C(=O)N[C@@H](CC)C(=O)N[C@@H](CCCN=C(N)N)C(=O)N[C@@H](CCCCN)C(=O)N[C@@H](CC(C)C)C(=O)N[C@@H](C)C(=O)N[C@@H](CC(N)=O)C(=O)N[C@@H](CCC(N)=O)C(N)=O,Nociceptin receptor
O=C(Cc1cccc2ccccc12)NCCCN1CCC2(CCc3ccccc32)CC1,Nociceptin receptor
Cc1c(CNCC(C)C)nn(-c2ccc(Cl)cc2Cl)c1-c1ccc(Cl)cc1,Nociceptin receptor
C[C@H](NC(=O)CNC(=O)[C@@H](NC(=O)[C@H](Cc1ccc(F)cc1)NC(=O)CNC(=O)CNC(=O)[C@@H](N)Cc1ccccc1)[C@@H](C)O)C(=O)N[C@@H](CCCN=C(N)N)C(=O)N[C@@H](CCCCN)C(=O)N[C@@H](CO)C(=O)N[C@@H](C)C(=O)N[C@@H](CCCN=C(N)N)C(=O)N[C@@H](CCCCN)C(=O)N[C@@H](CCCN=C(N)N)C(=O)N[C@@H](CCCCN)C(=O)N[C@@H](CC(N)=O)C(=O)N[C@@H](CCC(=O)N(N)N)C(=O)NN,Nociceptin receptor
COc1ccccc1CC(CN1CCC2(CC1)OCCc1ccsc12)C(=O)N(C)C,Nociceptin receptor
OC1(c2cccc(C(F)(F)F)c2)CCN(Cc2ccc3ccccc3c2)CC1,Nociceptin receptor
C[C@H](NC(=O)CNC(=O)[C@@H](NC(=O)[C@H](Cc1ccccc1)NC(=O)CNC(=O)CNC(=O)CNCC1CCCCC1)[C@@H](C)O)C(=O)N[C@@H](CCCN=C(N)N)C(=O)N[C@@H](CCCCN)C(=O)N[C@@H](CO)C(=O)N[C@@H](C)C(=O)N[C@@H](CCCN=C(N)N)C(=O)N[C@@H](CCCCN)C(N)=O,Nociceptin receptor
C[C@H](NC(=O)CNC(=O)[C@@H](NC(=O)[C@H](Cc1ccccc1)NC(=O)CNC(=O)CNC(=O)[C@@H](N)Cc1ccccc1)[C@@H](C)O)C(=O)N[C@@H](CCCN=C(N)N)C(=O)N[C@@H](CCCN)C(=O)N[C@@H](CO)C(=O)N[C@@H](C)C(=O)N[C@@H](CCCN=C(N)N)C(=O)N[C@@H](CCCN)C(N)=O,Nociceptin receptor
CCC(CC)C(=O)N[C@@H](CCCNC(=N)N)C(=O)N[C@@H](Cc1ccccc1)C(=O)N[C@@H](Cc1ccc(O)cc1)C(=O)N[C@@H](CCCNC(=N)N)C(=O)N[C@H](C(=O)N[C@@H](CCCCN)C(N)=O)[C@@H](C)CC,Nociceptin receptor
CNC(=O)[C@@H](Cc1ccccc1Cl)CN1CCC2(CC1)OCCc1cc(F)sc12,Nociceptin receptor
Fc1ccc(CSc2nc3cc(F)c(N4CCN(CC5CCCCCCC5)CC4)cc3[nH]2)cc1,Nociceptin receptor
CCCC(CCC)(NC(=O)[C@H](CO)NC(=O)[C@H](CCCCN)NC(=O)[C@H](CCCNC(=N)N)NC(=O)[C@H](C)NC(=O)CNC(=O)[C@@H](NC(=O)[C@H](Cc1ccccc1)NC(=O)CNC(=O)CNC(=O)[C@@H](N)Cc1ccccc1)[C@@H](C)O)C(=O)N[C@@H](CCCNC(=N)N)C(=O)N[C@@H](CCCCN)C(=O)N[C@@H](CC(C)C)C(=O)N[C@@H](C)C(=O)N[C@@H](CC(N)=O)C(=O)N[C@@H](CCC(N)=O)C(N)=O,Nociceptin receptor
Cc1ccc(-c2c(C)c(CNC3CCCC3)nn2-c2ncccc2S(C)(=O)=O)cn1,Nociceptin receptor
Cn1c(CNC2CCCC2)nnc1-c1cc(F)cc(F)c1,Nociceptin receptor
CN(C)CCc1cccc2[nH]c(-c3nc(CCC4CCCC4)no3)cc12,Nociceptin receptor
COCCn1c(=O)n(C2CCN(CC[C@H](Oc3cc(OC)ccc3C)C(C)C)CC2)c2ccccc21,Nociceptin receptor
O=C(NCCCN1CCC2(CCc3ccccc32)CC1)c1ncccc1C(O)c1ccccc1,Nociceptin receptor
CC[C@H](C)[C@H](NC(=O)[C@H](CCCNC(=N)N)NC(=O)[C@H](Cc1ccc(O)cc1)NC(=O)[C@H](Cc1ccccc1)NC(=O)[C@H](CCCNC(=N)N)NC(=O)C(C)(C)CC)C(=O)N[C@@H](CCCCN)C(N)=O,Nociceptin receptor
Cc1ccc2cc(NC(=O)c3ccccc3COc3ccccc3)ccc2n1,Nociceptin receptor
Cc1ccccc1C1CCN(C[C@@H]2CCc3cccnc3C3(C2)OCCO3)CC1,Nociceptin receptor
COC(=O)CN1C(=O)C2(CCN(c3ccc4c5c(cccc35)CC4)CC2)c2ccccc21,Nociceptin receptor
O.O=C(O)C(=O)O.O=C1NCN(c2ccccc2)C12CCN([C@H]1CCOc3ccccc31)CC2,Nociceptin receptor
CC[C@](C)(NC(=O)CNC(=O)[C@@H](NC(=O)[C@H](Cc1ccccc1)NC(=O)CNC(=O)CNC(=O)[C@@H](N)Cc1ccccc1)[C@@H](C)O)C(=O)N[C@@H](CCCNC(=N)N)C(=O)N[C@@H](CCCCN)C(=O)N[C@@H](CO)C(=O)N[C@@H](C)C(=O)N[C@@H](CCCNC(=N)N)C(=O)N[C@@H](CCCCN)C(=O)N[C@@H](CC(C)C)C(=O)N[C@@H](C)C(=O)N[C@@H](CC(N)=O)C(=O)N[C@@H](CCC(N)=O)C(N)=O,Nociceptin receptor
CC1(C)CC(N2CCC3(CC2)C(=O)NCN3c2ccccc2)c2ccccc2O1.O=C(O)C(=O)O,Nociceptin receptor
CC(C)C[C@@H]1NC(=O)[C@H](CCCCN)NC(=O)[C@H](CCCNC(=N)N)NC(=O)[C@@H](NC(=O)[C@@H]2CC(=O)NCCCC[C@H](NC(=O)[C@@H](NC(=O)[C@H](Cc3ccccc3)NC(=O)CNC(=O)CNC(=O)CNC(=O)c3ccccc3)[C@@H](C)O)C(=O)N[C@@H](C)C(=O)N[C@@H](CCCNC(=N)N)C(=O)N[C@@H](CCCCN)C(=O)N2)CCCCNC(=O)C[C@@H](C(N)=O)NC1=O,Nociceptin receptor
[H][C@]12CC[C@]([H])(C[C@@](CN)(c3cccnc3)C1)N2C(c1ccccc1Cl)c1ccccc1Cl,Nociceptin receptor
CNC(=O)[C@H](Cc1ccccc1Cl)CN1CCC2(CC1)OCCc1cc(F)sc12,Nociceptin receptor
CC(C)NC(=O)[C@@H](Cc1ccccc1F)CN1CCC2(CC1)OCCc1cc(F)sc12,Nociceptin receptor
C[C@H](NC(=O)CNC(=O)[C@@H](NC(=O)[C@H](Cc1ccc(F)cc1)NC(=O)CNC(=O)CNC(=O)[C@@H](N)Cc1ccccc1)[C@@H](C)O)C(=O)N[C@@H](CCCN=C(N)N)C(=O)N[C@@H](CCCCN)C(=O)N[C@@H](CO)C(=O)N[C@@H](C)C(=O)N[C@@H](CCCN=C(N)N)C(=O)N[C@@H](CCCCN)C(N)=O,Nociceptin receptor
CN(CCCN1CCC2(CC1)OCc1ccccc12)C(=O)[C@H]1CCCN1Cc1ccccc1,Nociceptin receptor
O=C(NCCCN1CCC2(CCc3ccccc32)CC1)[C@H]1COCN1C(=O)OCc1ccccc1,Nociceptin receptor
CN(CC(=O)NCCCN1CCC2(CCc3ccccc32)CC1)C(=O)c1ccccc1,Nociceptin receptor
CC(C)(C)C1CCC(N2CCC(C(=O)NCc3ccccc3)(c3ccccc3)CC2)CC1,Nociceptin receptor
C[C@H](NC(=O)CNC(=O)[C@@H](NC(=O)[C@H](Cc1ccccc1)NC(=O)CNC(=O)CNC(=O)[C@@H](N)Cc1ccccc1)[C@@H](C)O)C(=O)N[C@@H](CCCNC(=N)N)C(=O)N[C@@H](CCCCN)C(=O)N[C@@H](CO)C(=O)N[C@@H](C)C(=O)N[C@@H](CCCNC(=N)N)C(=O)N[C@@H](CCCCN)C(=O)N[C@@H](CCCCN)C(=O)N[C@@H](Cc1c[nH]c2ccccc12)C(=O)N[C@@H](CC(N)=O)C(=O)N[C@@H](CCC(N)=O)C(=O)O,Nociceptin receptor
CCC(C)(NC(=O)[C@H](CO)NC(=O)[C@H](CCCCN)NC(=O)[C@H](CCCNC(=N)N)NC(=O)[C@H](C)NC(=O)CNC(=O)[C@@H](NC(=O)[C@H](Cc1ccccc1)NC(=O)CNC(=O)CNC(=O)[C@@H](N)Cc1ccccc1)[C@@H](C)O)C(=O)N[C@@H](CCCNC(=N)N)C(=O)N[C@@H](CCCCN)C(=O)N[C@@H](CC(C)C)C(=O)N[C@@H](C)C(=O)N[C@@H](CC(N)=O)C(=O)N[C@@H](CCC(N)=O)C(N)=O,Nociceptin receptor
Cc1ncc(-c2[nH]nc(CN[C@H]3CC[C@@H](F)C3)c2C)cc1F,Nociceptin receptor
CC[C@H](C)[C@H](NC(=O)[C@H](CCCNC(=N)N)NC(=O)[C@H](Cc1ccc(O)cc1)NC(=O)[C@H](Cc1ccccc1)NC(=O)[C@H](CCCNC(=N)N)NC(=O)CC(C)(C)C)C(=O)N[C@@H](CCCCN)C(N)=O,Nociceptin receptor
CC(C)C[C@H](NC(=O)[C@H](CCCCN)NC(=O)[C@H](CCCNC(=N)N)NC(=O)[C@H](C)NC(=O)[C@H](CO)NC(=O)[C@H](CCCCN)NC(=O)[C@H](CCCNC(=N)N)NC(=O)[C@H](C)NC(=O)CNC(=O)[C@@H](NC(=O)[C@H](Cc1ccc(F)cc1)NC(=O)CNC(=O)CNC(=O)[C@@H](N)Cc1ccccc1)[C@@H](C)O)C(=O)N[C@@H](CCCCN)C(=O)N[C@@H](CC(N)=O)C(=O)N[C@@H](CCC(N)=O)C(N)=O,Nociceptin receptor
C[C@H](NC(=O)CNC(=O)[C@@H](NC(=O)[C@H](Cc1ccccc1)NC(=O)CNC(=O)CNC(=O)[C@@H](N)Cc1ccccc1)[C@@H](C)O)C(=O)N[C@@H](CCCNC(=N)N)C(=O)N[C@@H](CCCCN)C(=O)N[C@@H](CO)C(=O)N[C@@H](C)C(=O)N[C@@H](CCCNC(=N)N)C(=O)N[C@@H](CCCCN)C(=O)N[C@@H](Cc1c[nH]c2ccccc12)C(=O)N[C@@H](CCCCN)C(=O)N[C@@H](CC(N)=O)C(=O)N[C@@H](CCC(N)=O)C(=O)O,Nociceptin receptor
Cc1cc2ccc(NC(=O)c3ccccc3COc3ccc(Cl)cc3)cc2c(N)n1,Nociceptin receptor
C[C@H](NC(=O)CNC(=O)[C@@H](NC(=O)[C@H](Cc1ccccc1)NC(=O)CNC(=O)CNC(=O)[C@@H](N)Cc1ccccc1)[C@@H](C)O)C(=O)N[C@@H](CCCNC(=N)N)C(=O)N[C@@H](CCCCN)C(=O)N[C@@H](CO)C(=O)N[C@@H](C)C(=O)N[C@@H](CCCNC(=N)N)C(=O)N[C@@H](CCCCN)C(=O)N[C@@H](CCCCN)C(=O)N[C@@H](CCCNC(=N)N)C(=O)N[C@@H](CC(N)=O)C(=O)N[C@@H](CCC(N)=O)C(=O)O,Nociceptin receptor
CC(C)CCc1noc(-c2cc3c(CCN(C)C)cccc3[nH]2)n1,Nociceptin receptor
CC[C@H](C)[C@H](NC(=O)[C@H](CCCNC(=N)N)NC(=O)[C@H](Cc1ccc(O)cc1)NC(=O)[C@H](Cc1ccccc1)NC(=O)[C@H](CCCNC(=N)N)NC(=O)CC(C)C)C(=O)N[C@@H](CCCCN)C(N)=O,Nociceptin receptor
COCC(Cc1ccccc1Cl)CN1CCC2(CC1)OCCc1ccsc12,Nociceptin receptor
CCc1cc(N)c2cc(NC(=O)c3ccccc3COc3ccc(Cl)cc3)ccc2n1,Nociceptin receptor
O=C(NCCCN1CCC2(CCc3ccccc32)CC1)C1CCc2ccccc2C1,Nociceptin receptor
Cc1ncc(-c2c(C)c(CN[C@H]3CC[C@@H](F)C3)nn2C)cc1F,Nociceptin receptor
CNC(=O)[C@@H](Cc1ccccc1F)CN1CCC2(CC1)OCCc1cc(F)sc12,Nociceptin receptor
CN1C(=O)CC(=O)N(C2CCN(C3CCCCCCC3)CC2)c2ccccc21,Nociceptin receptor
Cc1c(CNC2CCCCC2)nn(-c2ccc(Cl)cc2Cl)c1-c1ccc(Cl)cc1,Nociceptin receptor
Clc1ccc(-c2sc(CNC3CCCC3)nc2-c2ccc(Cl)cc2Cl)cc1,Nociceptin receptor
CC(C)(C)OC(=O)NC1(C(=O)NCCCN2CCC3(CCc4ccccc43)CC2)CCCCC1,Nociceptin receptor
NC(=O)[C@@H](Cc1ccccc1Cl)CN1CCC2(CC1)OCCc1cc(F)sc12,Nociceptin receptor
CC(C)C[C@H](NC(=O)[C@H](CCCCN)NC(=O)[C@H](CCCNC(=N)N)NC(=O)[C@H](CCCCN)NC(=O)[C@H](CCCNC(=N)N)NC(=O)[C@H](CCCCN)NC(=O)[C@H](CCCNC(=N)N)NC(=O)[C@H](C)NC(=O)CNC(=O)[C@@H](NC(=O)[C@H](Cc1ccccc1)NC(=O)CNC(=O)CNC(=O)[C@@H](N)Cc1ccccc1)[C@@H](C)O)C(=O)N[C@@H](C)C(=O)N[C@@H](CC(N)=O)C(=O)N[C@@H](CCC(N)=O)C(=O)O,Nociceptin receptor
CC[C@H](C)[C@H](NC(=O)[C@H](CCCNC(=N)N)NC(=O)[C@H](Cc1ccc(O)cc1)NC(=O)[C@H](Cc1ccc(O)cc1)NC(=O)[C@H](CCCNC(=N)N)NC(=O)CC(C)C)C(=O)N[C@@H](CCCCN)C(N)=O,Nociceptin receptor
CN(C(=O)C(Cc1ccccc1Cl)CN1CCC2(CC1)OCCc1cc(F)sc12)C1CC1,Nociceptin receptor
NC(=O)C(Cc1ccccc1Cl)CN1CCC2(CC1)OCCc1cc(Cl)sc12,Nociceptin receptor
Fc1cc2nc(SCc3ccccc3Cl)[nH]c2cc1N1CCNCC1,Nociceptin receptor
Clc1ccc(CCc2noc(-c3cc4c(CCN5CCOCC5)cccc4[nH]3)n2)cc1,Nociceptin receptor
CN(C)CCc1cccc2[nH]c(-c3ncc(CCc4ccc(Cl)cc4)o3)cc12,Nociceptin receptor
O=C(NCCCN1CCC2(CCc3ccccc32)CC1)c1cccc2c1Cc1ccccc1-2,Nociceptin receptor
C[C@@H](O)[C@H](NC(=O)[C@H](Cc1ccccc1)NC(=O)CNC(=O)CNC(=O)CNC(=O)c1ccccc1)C(=O)NCC(=O)N[C@H]1CCCCNC(=O)C[C@@H](C(=O)N[C@@H](CCCNC(=N)N)C(=O)N[C@@H](CCCCN)C(=O)N[C@H]2CCCCNC(=O)C[C@@H](C(N)=O)NC(=O)[C@H](CCC(N)=O)NC(=O)[C@H](CC(N)=O)NC(=O)[C@H](CCCCN)NC2=O)NC(=O)[C@H](CO)NC(=O)[C@H](CCCCN)NC(=O)[C@H](CCCNC(=N)N)NC1=O,Nociceptin receptor
C[C@@H](O)[C@H](NC(=O)[C@H](Cc1ccccc1)NC(=O)CNC(=O)CNC(=O)[C@@H](N)Cc1ccccc1)C(=O)NCC(=O)N[C@@H](CS)C(=O)N[C@@H](CCCN=C(N)N)C(=O)N[C@@H](CCCCN)C(=O)N[C@@H](CO)C(=O)N[C@@H](CS)C(=O)N[C@@H](CCCN=C(N)N)C(=O)N[C@@H](CCCCN)C(N)=O,Nociceptin receptor
CC(Oc1ccccc1)C(=O)NCCCN1CCC2(CCc3ccccc32)CC1,Nociceptin receptor
O=C(NCCCN1CCC2(CCc3ccccc32)CC1)C(=O)c1c[nH]c2ccccc12,Nociceptin receptor
O=C(O)C(=O)O.O=C1NCN(c2ccccc2)C12CCN(C1CCOc3cccc(F)c31)CC2,Nociceptin receptor
COc1ccc(C[C@H](NC(=O)CNC(=O)CNC(=O)[C@@H](N)Cc2ccccc2)C(=O)N[C@H](C(=O)NCC(=O)N[C@@H](C)C(=O)N[C@@H](CCCN=C(N)N)C(=O)N[C@@H](CCCCN)C(=O)N[C@@H](CO)C(=O)N[C@@H](C)C(=O)N[C@@H](CCCN=C(N)N)C(=O)N[C@@H](CCCCN)C(N)=O)[C@@H](C)O)cc1,Nociceptin receptor
CC(=O)N1CCC2(CC1)CC(N1CCC3(CC1)C(=O)NCN3c1ccccc1)c1ccccc1O2.O=C(O)C(=O)O,Nociceptin receptor
COC(=O)CN1C(=O)C2(CCN(Cc3ccc(-c4ccccc4)cc3)CC2)c2ccccc21,Nociceptin receptor
C[C@H](NC(=O)CNC(=O)[C@@H](NC(=O)[C@H](Cc1ccccc1)NC(=O)CNC(=O)CNC(=O)[C@@H](N)Cc1ccccc1)[C@@H](C)O)C(=O)N[C@@H](CCCNC(=N)N)C(=O)N[C@@H](CCCCN)C(=O)N[C@@H](CO)C(=O)N[C@@H](C)C(=O)N[C@@H](CCCNC(=N)N)C(=O)N[C@@H](CCCCN)C(=O)N[C@@H](CCCCN)C(=O)N[C@@H](CCCCN)C(=O)N[C@@H](CC(N)=O)C(=O)N[C@@H](CCC(N)=O)C(=O)O,Nociceptin receptor
CN1CCCC1c1ccc2[nH]c(-c3nc(CCc4ccc(Cl)cc4)no3)cc2c1C1CCCN1C,Nociceptin receptor
CC[C@H](NC(=O)[C@H](CC(C)C)NC(=O)[C@H](CCCCN)NC(=O)[C@H](CCCN=C(N)N)NC(=O)[C@H](C)NC(=O)[C@H](CO)NC(=O)[C@H](CCCCN)NC(=O)[C@H](CCCN=C(N)N)NC(=O)[C@H](C)NC(=O)CNC(=O)[C@@H](NC(=O)[C@H](Cc1ccccc1)NC(=O)CNC(=O)CNC(=O)[C@@H](N)Cc1ccccc1)[C@@H](C)O)C(=O)N[C@@H](CC(N)=O)C(=O)N[C@@H](CCC(N)=O)C(=O)O,Nociceptin receptor
C[C@@H]1CN(CC(F)(F)F)CCN1c1cc2[nH]c(SC(C)(C)C)nc2cc1Cl,Nociceptin receptor
Cc1ccc(CNCC(=O)NCC(=O)NCC(=O)N[C@@H](Cc2ccccc2)C(=O)N[C@H](C(=O)NCC(=O)N[C@@H](C)C(=O)N[C@@H](CCCN=C(N)N)C(=O)N[C@@H](CCCCN)C(=O)N[C@@H](CO)C(=O)N[C@@H](C)C(=O)N[C@@H](CCCN=C(N)N)C(=O)N[C@@H](CCCCN)C(N)=O)[C@@H](C)O)cc1,Nociceptin receptor
CC(C)C[C@H](NC(=O)[C@H](CCCCN)NC(=O)[C@H](CCCN=C(N)N)NC(=O)[C@H](C)N(C)C(=O)[C@H](CO)NC(=O)[C@H](CCCCN)NC(=O)[C@H](CCCN=C(N)N)NC(=O)[C@H](C)NC(=O)CNC(=O)[C@@H](NC(=O)[C@H](Cc1ccccc1)NC(=O)CNC(=O)CNC(=O)[C@@H](N)Cc1ccccc1)[C@@H](C)O)C(=O)N[C@@H](C)C(=O)N[C@@H](CC(N)=O)C(=O)N[C@@H](CCC(N)=O)C(N)=O,Nociceptin receptor
Cc1ccccc1CSc1nc2cc(F)c(N3CCNCC3)cc2[nH]1,Nociceptin receptor
CCC(CC)Sc1nc2cc(C(C)=O)c(N3CCNCC3)cc2[nH]1,Nociceptin receptor
O.O=C(O)C(=O)O.O=C1NCN(c2ccccc2)C12CCN([C@@H]1CCOc3ccccc31)CC2,Nociceptin receptor
CCC(CC)(NC(=O)[C@H](CO)NC(=O)[C@H](CCCCN)NC(=O)[C@H](CCCNC(=N)N)NC(=O)[C@H](C)NC(=O)CNC(=O)[C@@H](NC(=O)[C@H](Cc1ccccc1)NC(=O)CNC(=O)CNC(=O)[C@@H](N)Cc1ccccc1)[C@@H](C)O)C(=O)N[C@@H](CCCNC(=N)N)C(=O)N[C@@H](CCCCN)C(=O)N[C@@H](CC(C)C)C(=O)N[C@@H](C)C(=O)N[C@@H](CC(N)=O)C(=O)N[C@@H](CCC(N)=O)C(N)=O,Nociceptin receptor
CC(C)Cn1c(CNC2CCCC2)nc(-c2ccc(Cl)cc2Cl)c1-c1ccc(Cl)cc1,Nociceptin receptor
Cc1c(CN[C@H]2CC[C@@H](F)C2)nn(CCO)c1-c1cc(F)cc(F)c1,Nociceptin receptor
CC(C)C[C@H](NC(=O)[C@H](CCCCN)NC(=O)[C@H](CCCNC(=N)N)NC(=O)[C@H](C)NC(=O)[C@H](CO)NC(=O)[C@H](CCCCN)NC(=O)[C@H](CCCNC(=N)N)NC(=O)C1(NC(=O)CNC(=O)[C@@H](NC(=O)[C@H](Cc2ccccc2)NC(=O)CNC(=O)CNC(=O)[C@@H](N)Cc2ccccc2)[C@@H](C)O)CCCCC1)C(=O)N[C@@H](C)C(=O)N[C@@H](CC(N)=O)C(=O)N[C@@H](CCC(N)=O)C(N)=O,Nociceptin receptor
C[C@H](NC(=O)CNC(=O)[C@@H](NC(=O)[C@H](Cc1ccccc1)NC(=O)CNC(=O)CNC(=O)[C@@H](N)Cc1ccccc1)[C@@H](C)O)C(=O)N[C@@H](CCCNC(=N)N)C(=O)N[C@@H](CCCCN)C(=O)N[C@@H](CO)C(=O)N[C@@H](C)C(=O)N[C@@H](CCCNC(=N)N)C(=O)N[C@@H](CCCCN)C(=O)N[C@@H](CCCNC(=N)N)C(=O)N[C@@H](C)C(=O)N[C@@H](CC(N)=O)C(=O)N[C@@H](CCC(N)=O)C(=O)O,Nociceptin receptor
O=C(NCCCN1CCC2(CCc3ccccc32)CC1)C1CC1c1ccccc1,Nociceptin receptor
CC(C)C[C@H](NC(=O)[C@H](CCCCN)NC(=O)[C@H](CCCNC(=N)N)NC(=O)C1(NC(=O)[C@H](CO)NC(=O)[C@H](CCCCN)NC(=O)[C@H](CCCNC(=N)N)NC(=O)[C@H](C)NC(=O)CNC(=O)[C@@H](NC(=O)[C@H](Cc2ccccc2)NC(=O)CNC(=O)CNC(=O)[C@@H](N)Cc2ccccc2)[C@@H](C)O)CC1)C(=O)N[C@@H](C)C(=O)N[C@@H](CC(N)=O)C(=O)N[C@@H](CCC(N)=O)C(N)=O,Nociceptin receptor
CN(C)CCc1cccc2[nH]c(-c3nc(CCC4CC4)no3)cc12,Nociceptin receptor
C[C@H](NC(=O)CNC(=O)[C@@H](NC(=O)[C@H](Cc1ccc(I)cc1)NC(=O)CNC(=O)CNC(=O)[C@@H](N)Cc1ccccc1)[C@@H](C)O)C(=O)N[C@@H](CCCN=C(N)N)C(=O)N[C@@H](CCCCN)C(=O)N[C@@H](CO)C(=O)N[C@@H](C)C(=O)N[C@@H](CCCN=C(N)N)C(=O)N[C@@H](CCCCN)C(N)=O,Nociceptin receptor
Cc1c(CNC2CCCC2)oc(-c2ccc(Cl)cc2Cl)c1-c1ccc(Cl)cc1,Nociceptin receptor
O=C(O)C(=O)O.O=C1NCN(c2ccccc2)C12CCN(C1CC3(CCOCC3)Oc3ccccc31)CC2,Nociceptin receptor
C[C@H](NC(=O)[C@@H]1CSSC[C@H](NC(=O)[C@@H](NC(=O)[C@H](Cc2ccccc2)NC(=O)CNC(=O)CNC(=O)[C@@H](N)Cc2ccccc2)[C@@H](C)O)C(=O)N[C@@H](C)C(=O)N[C@@H](CCCNC(=N)N)C(=O)N[C@@H](CCCCN)C(=O)N1)C(=O)N[C@@H](CCCNC(=N)N)C(=O)N[C@@H](CCCCN)C(N)=O,Nociceptin receptor
OC1(c2ccc(Cl)c(C(F)(F)F)c2)CCN(Cc2ccc(F)cc2)CC1,Nociceptin receptor
CC(C)(C)C1CCC(N2CCC(C(N)=O)(c3ccccc3F)CC2)CC1,Nociceptin receptor
NC(=O)[C@H](Cc1ccccc1F)CN1CCC2(CC1)OCCc1cc(F)sc12,Nociceptin receptor
N#CC1(c2ccccc2)CCN(Cc2ccc3ccccc3c2)CC1,Nociceptin receptor
O=c1[nH]c2c(F)cccc2n(C2CCN(C3CCCCCCC3)CC2)c1=O,Nociceptin receptor
C[C@H](NC(=O)CNC(=O)[C@@H](NC(=O)[C@H](Cc1ccccc1)NC(=O)CNC(=O)CNC(=O)[C@@H](N)Cc1ccccc1)[C@@H](C)O)C(=O)N[C@@H](CCCNC(=N)N)C(=O)N[C@@H](CCCCN)C(=O)N[C@@H](CO)C(=O)N[C@@H](C)C(=O)N[C@@H](CCCNC(=N)N)C(=O)N[C@@H](CCCCN)C(=O)N[C@@H](CCCNC(=N)N)C(=O)N[C@@H](CCCNC(=N)N)C(=O)N[C@@H](CC(N)=O)C(=O)N[C@@H](CCC(N)=O)C(=O)O,Nociceptin receptor
OC1(c2cccc(C(F)(F)F)c2)CCN(Cc2ccc(F)cc2)CC1,Nociceptin receptor
N#CC1(c2ccccc2)CCN(Cc2ccc(Cl)c(Cl)c2)CC1,Nociceptin receptor
NC(=O)[C@@H](Cc1ccccc1F)CN1CCC2(CC1)OCCc1cc(F)sc12,Nociceptin receptor
Clc1ccc(-c2c(-c3ccc(Cl)cc3Cl)nc(CNC3CCCC3)n2C2CC2)cc1,Nociceptin receptor
O=C(NCCCN1CCC2(CCc3ccccc32)CC1)c1cccc(Oc2ccccc2)c1,Nociceptin receptor
CC[C@H](NC(=O)[C@H](CO)NC(=O)[C@H](CCCCN)NC(=O)[C@H](CCCN=C(N)N)NC(=O)[C@H](C)NC(=O)CNC(=O)[C@@H](NC(=O)[C@H](Cc1ccccc1)NC(=O)CNC(=O)CNC(=O)[C@@H](N)Cc1ccccc1)[C@@H](C)O)C(=O)N[C@@H](CCCN=C(N)N)C(=O)N[C@@H](CCCCN)C(=O)N[C@@H](CC(C)C)C(=O)N[C@@H](C)C(=O)N[C@@H](CC(N)=O)C(=O)N[C@@H](CCC(N)=O)C(=O)O,Nociceptin receptor
Fc1cc2nc(SCc3ccccc3)[nH]c2cc1N1CCNCC1,Nociceptin receptor
Clc1ccc(-c2c(-c3ccc(Cl)cc3Cl)nc(CNC3CCCC3)n2C2CCCC2)cc1,Nociceptin receptor
CN(C)CCc1cccc2[nH]c(-c3nc(CCCN4CCCC4)no3)cc12,Nociceptin receptor
O=C(CSc1ccccc1)NCCCN1CCC2(CCc3ccccc32)CC1,Nociceptin receptor
COc1ccc2[nH]cc([C@H](CNC(=O)[C@H](CCCNC(=N)N)NC(=O)[C@H](Cc3ccc(O)cc3)NC(=O)[C@H](Cc3ccc(O)cc3)NC(=O)[C@H](CCCNC(=N)N)NC(C)=O)C(=O)N[C@@H](CCCCN)C(N)=O)c2c1,Nociceptin receptor
CC(C)[C@H](NC(=O)[C@H](CCCCN)NC(=O)[C@H](CCCNC(=N)N)NC(=O)[C@H](C)NC(=O)[C@H](CO)NC(=O)[C@H](CCCCN)NC(=O)[C@H](CCCNC(=N)N)NC(=O)[C@H](C)NC(=O)CNC(=O)[C@@H](NC(=O)[C@H](Cc1ccccc1)NC(=O)CNC(=O)CNC(=O)[C@@H](N)Cc1ccccc1)[C@@H](C)O)C(=O)N[C@@H](C)C(=O)N[C@@H](CC(N)=O)C(=O)N[C@@H](CCC(N)=O)C(=O)O,Nociceptin receptor
CC(Cc1ccccc1)N1CCC(O)(c2ccccc2)CC1,Nociceptin receptor
O=C(NCCCN1CCC2(CCc3ccccc32)CC1)C1CCCCC1C(=O)Nc1ccccc1,Nociceptin receptor
C[C@H](NC(=O)CNC(=O)[C@@H](NC(=O)[C@H](Cc1ccc(Cl)cc1)NC(=O)CNC(=O)CNC(=O)[C@@H](N)Cc1ccccc1)[C@@H](C)O)C(=O)N[C@@H](CCCN=C(N)N)C(=O)N[C@@H](CCCCN)C(=O)N[C@@H](CO)C(=O)N[C@@H](C)C(=O)N[C@@H](CCCN=C(N)N)C(=O)N[C@@H](CCCCN)C(N)=O,Nociceptin receptor
COc1ccc2c(c1)CC(CC(=O)NCCCN1CCC3(CCc4ccccc43)CC1)C2=O,Nociceptin receptor
Cc1cc(N)c2cc(NC(=O)c3ccc(CCc4ccccc4)cc3)ccc2n1,Nociceptin receptor
N#CC1(c2ccccc2)CCN(Cc2cccc3ccccc23)CC1,Nociceptin receptor
CC(C)C[C@H](NC(=O)[C@H](CCCCN)NC(=O)[C@H](CCCN=C(N)N)NC(=O)[C@H](C)NC(=O)[C@H](CO)NC(=O)[C@H](CCCCN)NC(=O)[C@H](CCCN=C(N)N)NC(=O)[C@H](C)NC(=O)CNC(=O)[C@@H](NC(=O)[C@H](Cc1ccccc1)NC(=O)CNC(=O)CNC(=O)CNCc1ccccc1)[C@@H](C)O)C(=O)N[C@@H](C)C(=O)N[C@@H](CC(N)=O)C(=O)N[C@@H](CCC(N)=O)C(N)=O,Nociceptin receptor
CN(C)CCc1cccc2[nH]c(-c3nnc(CCc4ccc(Cl)cc4)o3)cc12,Nociceptin receptor
CC(C)C[C@H](NC(=O)[C@H](CCCCN)NC(=O)[C@H](CCCNC(=N)N)NC(=O)[C@H](C)NC(=O)[C@H](CO)NC(=O)[C@H](CCCCN)NC(=O)[C@H](CCCNC(=N)N)NC(=O)[C@H](C)NC(=O)CNC(=O)[C@@H](NC(=O)[C@H](Cc1ccccc1)NC(=O)CNC(=O)CNC(=O)[C@@H](N)Cc1ccccc1)[C@@H](C)O)C(=O)N[C@@H](CCCNC(=N)N)C(=O)N[C@@H](CC(N)=O)C(=O)N[C@@H](CCC(N)=O)C(=O)O,Nociceptin receptor
Cc1ccc(Cl)c(OC2(CCN3CCC(n4c(O)nc5ccccc54)CC3)CCCCC2)c1,Nociceptin receptor
CC(C)C[C@H](NC(=O)[C@H](CCCCN)NC(=O)[C@H](CCCN=C(N)N)NC(=O)[C@H](C)NC(=O)[C@H](CO)NC(=O)[C@H](CCCCN)NC(=O)[C@H](CCCN=C(N)N)NC(=O)[C@H](C)NC(=O)CNC(=O)[C@@H](NC(=O)[C@H](Cc1ccccc1)NC(=O)CNC(=O)CNC[C@@H](N)Cc1ccccc1)[C@@H](C)O)C(=O)N[C@@H](C)C(=O)N[C@@H](CC(N)=O)C(=O)N[C@@H](CCC(N)=O)C(N)=O,Nociceptin receptor
Cc1ccc(C[C@H](N)CNCC(=O)NCC(=O)N[C@@H](Cc2ccccc2)C(=O)N[C@H](C(=O)NCC(=O)N[C@@H](C)C(=O)N[C@@H](CCCN=C(N)N)C(=O)N[C@@H](CCCCN)C(=O)N[C@@H](CO)C(=O)N[C@@H](C)C(=O)N[C@@H](CCCN=C(N)N)C(=O)N[C@@H](CCCCN)C(N)=O)[C@@H](C)O)cc1,Nociceptin receptor
C[C@H](NC(=O)CNC(=O)[C@@H](NC(=O)[C@H](Cc1ccccc1)NC(=O)CNC(=O)CNC(=O)[C@@H](N)Cc1ccccc1)[C@@H](C)O)C(=O)N[C@@H](CCCNC(=N)N)C(=O)N[C@@H](CCCCN)C(=O)N[C@@H](CO)C(=O)N[C@@H](C)C(=O)N[C@@H](CCCNC(=N)N)C(=O)N[C@@H](CCCCN)C(=O)N[C@@H](CCCNC(=N)N)C(=O)N[C@@H](Cc1c[nH]c2ccccc12)C(=O)N[C@@H](CC(N)=O)C(=O)N[C@@H](CCC(N)=O)C(=O)O,Nociceptin receptor
CC(C)C[C@H](N)C(=O)NCC(=O)NCC(=O)N[C@@H](Cc1ccccc1)C(=O)N[C@H](C(=O)NCC(=O)N[C@@H](C)C(=O)N[C@@H](CCCN=C(N)N)C(=O)N[C@@H](CCCCN)C(=O)N[C@@H](CO)C(=O)N[C@@H](C)C(=O)N[C@@H](CCCN=C(N)N)C(=O)N[C@@H](CCCCN)C(N)=O)[C@@H](C)O,Nociceptin receptor
Cc1cc(N)c2cc(NC(=O)c3ccccc3CCCc3ccccc3)ccc2n1,Nociceptin receptor
Clc1ccc(CCc2noc(-c3cc4c(CCN5CCCC5)cccc4[nH]3)n2)cc1,Nociceptin receptor
O=C(NCCCN1CCC2(CCc3ccccc32)CC1)c1cc(=O)c2ccccc2o1,Nociceptin receptor
COC(=O)CN1C(=O)C2(CCN(Cc3cccc(C(F)(F)F)c3)CC2)c2ccccc21,Nociceptin receptor
Cc1cccc(CSc2nc3cc(F)c(N4CCNCC4)cc3[nH]2)c1,Nociceptin receptor
CC(C)C[C@H](NC(=O)[C@H](CCCCN)NC(=O)[C@H](CCCN=C(N)N)NC(=O)[C@H](C)NC(=O)[C@H](CO)NC(=O)[C@H](CCCCN)NC(=O)[C@H](CCCN=C(N)N)NC(=O)[C@H](C)NC(=O)CNC(=O)[C@@H](NC(=O)[C@H](Cc1ccccc1)NC(=O)CNC(=O)CNC(=O)[C@@H](N)Cc1ccccc1)[C@@H](C)O)C(=O)N[C@@H](C)C(=O)N[C@@H](CC(=O)O)C(=O)N[C@@H](CCC(=O)O)C(N)=O,Nociceptin receptor
O=C(N[C@H]1CCCC[C@@H]1C(=O)NCCCN1CCC2(CCc3ccccc32)CC1)c1ccccc1,Nociceptin receptor
O=C(NCCCN1CCC2(CCc3ccccc32)CC1)c1ncccc1-c1ccccc1,Nociceptin receptor
Oc1nc2ccccc2n1C1CCN(CC(O)C2CCCCC2)CC1,Nociceptin receptor
c1ccc(CN2CCC[C@@H]2CNCCCN2CCC3(CC2)OCc2ccccc23)cc1,Nociceptin receptor
OC1(c2ccc(Cl)cc2)CCN(Cc2ccc3ccccc3c2)CC1,Nociceptin receptor
CC(C)C[C@H](NC(=O)[C@H](CCCCN)NC(=O)[C@H](CCCNC(=N)N)NC(=O)C(C)(NC(=O)[C@H](CO)NC(=O)[C@H](CCCCN)NC(=O)[C@H](CCCNC(=N)N)NC(=O)[C@H](C)NC(=O)CNC(=O)[C@@H](NC(=O)[C@H](Cc1ccccc1)NC(=O)CNC(=O)CNC(=O)[C@@H](N)Cc1ccccc1)[C@@H](C)O)C(C)C)C(=O)N[C@@H](C)C(=O)N[C@@H](CC(N)=O)C(=O)N[C@@H](CCC(N)=O)C(N)=O,Nociceptin receptor
CC(C)C[C@H](NC(=O)[C@H](CCCCN)NC(=O)[C@H](CCCNC(=N)N)NC(=O)[C@H](C)NC(=O)[C@H](CO)NC(=O)[C@H](CCCCN)NC(=O)[C@H](CCCNC(=N)N)NC(=O)[C@H](C)NC(=O)CNC(=O)[C@@H](NC(=O)[C@H](Cc1ccccc1)NC(=O)CNC(=O)CNC(=O)[C@@H](N)Cc1ccccc1)[C@@H](C)O)C(=O)N[C@@H](Cc1ccccc1)C(=O)N[C@@H](CC(N)=O)C(=O)N[C@@H](CCC(N)=O)C(=O)O,Nociceptin receptor
CC(C)C[C@H](NC(=O)[C@H](CCCCN)NC(=O)[C@H](CCCN=C(N)N)NC(=O)[C@H](C)N(C)C(=O)[C@H](CO)NC(=O)[C@H](CCCCN)NC(=O)[C@H](CCCN=C(N)N)NC(=O)[C@H](C)NC(=O)CNC(=O)[C@@H](NC(=O)[C@H](Cc1ccccc1)NC(=O)CNC(=O)CNC(=O)[C@@H](N)Cc1ccccc1)[C@@H](C)O)C(=O)N[C@@H](C)C(=O)N[C@@H](CC(N)=O)C(=O)N[C@@H](CCC(N)=O)C(=O)O,Nociceptin receptor
CC[C@](C)(NC(=O)CNC(=O)[C@@H](NC(=O)[C@H](Cc1ccccc1)NC(=O)CNC(=O)CNC(=O)[C@@H](N)Cc1ccccc1)[C@@H](C)O)C(=O)N[C@@H](CCCNC(=N)N)C(=O)N[C@@H](CCCCN)C(=O)N[C@@H](CO)C(=O)N[C@@H](C)C(=O)N[C@@H](CCCNC(=N)N)C(=O)N[C@@H](CCCCN)C(=O)N[C@@H](CC(C)C)C(=O)N[C@@H](C)C(=O)N[C@@H](CC(N)=O)C(=O)N[C@@H](CCC(N)=O)C(N)=O.Cl,Nociceptin receptor
CN(C)CCc1cccc2[nH]c(-c3nc(CCc4ccccn4)no3)cc12,Nociceptin receptor
COC(C)(C)CCc1noc(-c2cc3c(CCN(C)C)cccc3[nH]2)n1,Nociceptin receptor
O=C(CSc1nc2ccccc2s1)NCCCN1CCC2(CCc3ccccc32)CC1,Nociceptin receptor
CC(C)C[C@H](NC(=O)[C@H](CCCCN)NC(=O)[C@H](CCCNC(=N)N)NC(=O)[C@H](C)NC(=O)[C@H](CO)NC(=O)[C@H](CCCCN)NC(=O)[C@H](CCCNC(=N)N)NC(=O)[C@H](C)NC(=O)CNC(=O)[C@@H](NC(=O)[C@H](Cc1ccccc1)NC(=O)CNC(=O)CNC(=O)[C@@H](N)Cc1ccccc1)[C@@H](C)O)C(=O)N[C@@H](Cc1ccc(O)cc1)C(=O)N[C@@H](CC(N)=O)C(=O)N[C@@H](CCC(N)=O)C(=O)O,Nociceptin receptor
CCC(=O)N[C@@H](CCCNC(=N)N)C(=O)N[C@@H](Cc1ccc(O)cc1)C(=O)N[C@@H](Cc1ccc(O)cc1)C(=O)N[C@@H](CCCNC(=N)N)C(=O)N[C@H](C(=O)N[C@@H](CCCCN)C(N)=O)[C@@H](C)CC,Nociceptin receptor
CC(C)N(C)C(=O)[C@@H](Cc1ccccc1F)CN1CCC2(CC1)OCCc1cc(F)sc12,Nociceptin receptor
C[C@@H](O)[C@H](NC(=O)[C@H](Cc1ccccc1)NC(=O)CNC(=O)CNC(=O)[C@@H](N)Cc1ccccc1)C(=O)NCC(=O)N[C@H]1CCCCNC(=O)C[C@@H](C(=O)N[C@@H](CCCNC(=N)N)C(=O)N[C@@H](CCCCN)C(N)=O)NC(=O)[C@H](CO)NC(=O)[C@H](CCCCN)NC(=O)[C@H](CCCNC(=N)N)NC1=O,Nociceptin receptor
Cc1c(CN(C)C2CCCCC2)nn(-c2ccc(Cl)cc2Cl)c1-c1ccc(Cl)cc1,Nociceptin receptor
O=C(NCCCN1CCC2(CC1)C(=O)NCN2c1ccccc1)[C@H]1CCCN1Cc1ccccc1,Nociceptin receptor
C[C@H](NC(=O)CNC(=O)[C@@H](NC(=O)[C@H](Cc1ccccc1)NC(=O)CNC(=O)CNC(=O)[C@@H](N)CC1CCCCC1)[C@@H](C)O)C(=O)N[C@@H](CCCN=C(N)N)C(=O)N[C@@H](CCCCN)C(=O)N[C@@H](CO)C(=O)N[C@@H](C)C(=O)N[C@@H](CCCN=C(N)N)C(=O)N[C@@H](CCCCN)C(N)=O,Nociceptin receptor
C[C@H](NC(=O)CNC(=O)[C@@H](NC(=O)[C@H](Cc1ccc(N)cc1)NC(=O)CNC(=O)CNC(=O)[C@@H](N)Cc1ccccc1)[C@@H](C)O)C(=O)N[C@@H](CCCN=C(N)N)C(=O)N[C@@H](CCCCN)C(=O)N[C@@H](CO)C(=O)N[C@@H](C)C(=O)N[C@@H](CCCN=C(N)N)C(=O)N[C@@H](CCCCN)C(N)=O,Nociceptin receptor
Cc1ncc(-c2c(C)c(CN[C@H]3CC[C@@H](F)C3)nn2C(C)C)cc1F,Nociceptin receptor
Fc1cc2nc(SCc3c(Cl)cccc3Cl)[nH]c2cc1N1CCNCC1,Nociceptin receptor
CC[C@H](C)[C@H](NC(=O)[C@H](CCCNC(=N)N)NC(=O)[C@H](Cc1ccc(O)cc1)NC(=O)[C@H](Cc1ccccc1)NC(=O)[C@H](CCCNC(=N)N)NC(=O)C12CC3CC(CC(C3)C1)C2)C(=O)N[C@@H](CCCCN)C(N)=O,Nociceptin receptor
CNC(=O)C(Cc1ccccc1F)CN1CCC2(CC1)OCCc1cc(Cl)sc12,Nociceptin receptor
C[C@H](NC(=O)CNC(=O)[C@@H](NC(=O)[C@H](Cc1ccc(F)cc1)NC(=O)CNC(=O)CNC(=O)CNCc1ccccc1)[C@@H](C)O)C(=O)N[C@@H](CCCN=C(N)N)C(=O)N[C@@H](CCCCN)C(=O)N[C@@H](CO)C(=O)N[C@@H](C)C(=O)N[C@@H](CCCN=C(N)N)C(=O)N[C@@H](CCCCN)C(=O)N[C@@H](CCCN=C(N)N)C(=O)N[C@@H](CCCCN)C(=O)N[C@@H](CC(N)=O)C(=O)N[C@@H](CCC(=O)N(N)N)C(=O)NN,Nociceptin receptor
C[C@H](NC(=O)CNC(=O)[C@@H](NC(=O)[C@H](Cc1ccccc1)NC(=O)CNC(=O)CNC[C@@H](N)Cc1ccccc1)[C@@H](C)O)C(=O)N[C@@H](CCCN=C(N)N)C(=O)N[C@@H](CCCCN)C(N)=O,Nociceptin receptor
O=C(CCc1ccccc1)NCCCN1CCC2(CCc3ccccc32)CC1,Nociceptin receptor
C[C@H](NC(=O)CNC(=O)[C@@H](NC(=O)[C@H](Cc1ccccc1)NC(=O)CNC(=O)CNC(=O)CNCc1ccccc1)[C@@H](C)O)C(=O)N[C@@H](CCCN=C(N)N)C(=O)N[C@@H](CCCCN)C(N)=O,Nociceptin receptor
CC(=O)N[C@@H](CCCNC(=N)N)C(=O)N[C@@H](Cc1ccc(O)cc1)C(=O)N[C@@H](Cc1ccc(F)cc1)C(=O)N[C@@H](CCCNC(=N)N)C(=O)N[C@@H](Cc1c[nH]c2ccccc12)C(=O)N[C@@H](CCCNC(=N)N)C(N)=O,Nociceptin receptor
CC[C@H](C)[C@H](NC(=O)[C@H](CCCNC(=N)N)NC(=O)[C@H](Cc1ccc(O)cc1)NC(=O)[C@H](Cc1ccccc1)NC(=O)[C@H](CCCNC(=N)N)NC=O)C(=O)N[C@@H](CCCCN)C(N)=O,Nociceptin receptor
Cc1ccc(-c2c(C)c(CNC3CCCC3)nn2-c2ncccc2C(F)(F)F)cn1,Nociceptin receptor
CN(C)C(=O)C(CN1CCC2(CC1)OCCc1ccsc12)Cn1cccn1.O=C(O)C(O)C(O)C(=O)O,Nociceptin receptor
CC[C@H](C)[C@H](NC(=O)[C@H](CCCNC(=N)N)NC(=O)[C@H](Cc1ccc(O)cc1)NC(=O)[C@H](Cc1ccc(O)cc1)NC(=O)[C@H](CCCNC(=N)N)NC(=O)C(C)C)C(=O)N[C@@H](CCCCN)C(N)=O,Nociceptin receptor
CC(C)C[C@H](NC(=O)[C@H](CCCCN)NC(=O)[C@H](CCCNC(=N)N)NC(=O)[C@H](C)NC(=O)[C@H](CO)NC(=O)[C@H](CCCCN)NC(=O)[C@H](CCCNC(=N)N)NC(=O)C(C)(C)NC(=O)CNC(=O)[C@@H](NC(=O)[C@H](Cc1ccccc1)NC(=O)CNC(=O)CNC(=O)[C@@H](N)Cc1ccccc1)[C@@H](C)O)C(=O)N[C@@H](C)C(=O)N[C@@H](CC(N)=O)C(=O)N[C@@H](CCC(N)=O)C(N)=O,Nociceptin receptor
Cc1ccc(CSc2nc3cc(F)c(N4CCNCC4)cc3[nH]2)cc1,Nociceptin receptor
O=C(/C=C/c1c[nH]c2ccccc12)NCCCN1CCC2(CCc3ccccc32)CC1,Nociceptin receptor
CN(C)CCc1cccc2[nH]c(-c3nc(CCC(C)(C)C)no3)cc12,Nociceptin receptor
O=C(OCCCN1CCC2(CC1)OCc1ccccc12)[C@H]1CCCN1Cc1ccccc1,Nociceptin receptor
O=C(NCCCN1CCC2(CCc3ccccc32)CC1)c1ccc(-c2ccc(Cl)cc2)o1,Nociceptin receptor
C[C@@H](O)[C@H](NC(=O)[C@H](Cc1ccc(F)cc1)NC(=O)CNC(=O)CNC(=O)CNC(=O)c1ccccc1)C(=O)NCC(=O)N[C@H]1CCCCNC(=O)C[C@@H](C(=O)N[C@@H](CCCNC(=N)N)C(=O)N[C@@H](CCCCN)C(=O)N[C@H]2CCCCNC(=O)C[C@@H](C(N)=O)NC(=O)[C@H](CCC(N)=O)NC(=O)[C@H](CC(N)=O)NC(=O)[C@H](CCCCN)NC2=O)NC(=O)[C@H](CO)NC(=O)[C@H](CCCCN)NC(=O)[C@H](CCCNC(=N)N)NC1=O,Nociceptin receptor
O=C(NCCCN1CCC2(CCc3ccccc32)CC1)C(O)(c1ccccc1)C1CCCCC1,Nociceptin receptor
Fc1ccc(CSc2nc3cc(F)c(N4CCN(Cc5ccccc5)CC4)cc3[nH]2)cc1,Nociceptin receptor
CN1CCN(c2cc[nH]c3nc(-c4nc(CCc5ccc(Cl)cc5)no4)cc2-3)CC1,Nociceptin receptor
CC(C)[C@H]1CC[C@@H](N2CCC3(CC2)C(=O)N(CCCCCCCCCN2CN(c4ccccc4)C4(CCN([C@H]5CC[C@@H](C(C)C)CC5)CC4)C2=O)CN3c2ccccc2)CC1,Nociceptin receptor
Cc1cc(N)c2cc(N(C)C(=O)c3ccccc3COc3ccc(Cl)cc3)ccc2n1,Nociceptin receptor
C[C@H](NC(=O)CNC(=O)[C@@H](NC(=O)[C@H](Cc1ccccc1)NC(=O)CNC(=O)CNC(=O)[C@H](Cc1ccccc1)NC(=O)[C@@H](N)CS)[C@@H](C)O)C(=O)N[C@@H](CCCN=C(N)N)C(=O)N[C@@H](CCCCN)C(=O)N[C@@H](CS)C(=O)N[C@@H](C)C(=O)N[C@@H](CCCN=C(N)N)C(=O)N[C@@H](CCCCN)C(N)=O,Nociceptin receptor
C[C@H](NC(=O)CNC(=O)[C@@H](NC(=O)[C@H](Cc1ccccc1)NC(=O)CNC(=O)CNC(=O)[C@@H](N)Cc1ccccc1)[C@@H](C)O)C(=O)N[C@@H](CCCN=C(N)N)C(=O)N[C@@H](CCCCN)C(=O)N[C@@H](CO)C(=O)N[C@@H](C)C(=O)N[C@@H](CCCN=C(N)N)C(N)=O,Nociceptin receptor
CN(C)CCc1cccc2[nH]c(-c3nc(CCc4ccccc4)no3)cc12,Nociceptin receptor
CC(C)C[C@H](NC(=O)[C@H](CCCCN)NC(=O)[C@H](CCCNC(=N)N)NC(=O)C1(NC(=O)[C@H](CO)NC(=O)[C@H](CCCCN)NC(=O)[C@H](CCCNC(=N)N)NC(=O)[C@H](C)NC(=O)CNC(=O)[C@@H](NC(=O)[C@H](Cc2ccccc2)NC(=O)CNC(=O)CNC(=O)[C@@H](N)Cc2ccccc2)[C@@H](C)O)CCCC1)C(=O)N[C@@H](C)C(=O)N[C@@H](CC(N)=O)C(=O)N[C@@H](CCC(N)=O)C(N)=O,Nociceptin receptor
CC(C)C[C@H](NC(=O)[C@H](CCCCN)NC(=O)[C@H](CCCN=C(N)N)NC(=O)[C@H](C)NC(=O)[C@H](CO)NC(=O)[C@H](CCCCN)NC(=O)[C@H](CCCN=C(N)N)NC(=O)[C@H](C)NC(=O)CNC(=O)[C@@H](NC(=O)[C@H](Cc1ccccc1)NC(=O)CNC(=O)CNC(=O)[C@@H](N)Cc1ccccc1)[C@@H](C)O)C(N)=O,Nociceptin receptor
Cc1cc(N)c2cc(NC(=O)c3ccccc3Cc3ccccc3)ccc2n1,Nociceptin receptor
C[C@@H]1NC(=O)[C@@H](NC(=O)[C@H](CCCCN)NC(=O)[C@H](CCCNC(=N)N)NC(=O)[C@@H]2CC(=O)NCCCC[C@H](NC(=O)CNC(=O)[C@@H](NC(=O)[C@H](Cc3ccccc3)NC(=O)CNC(=O)CNC(=O)[C@@H](N)Cc3ccccc3)[C@@H](C)O)C(=O)N[C@@H](CCCNC(=N)N)C(=O)N[C@@H](CCCCN)C(=O)N[C@@H](CO)C(=O)N2)CCCCNC(=O)C[C@@H](C(N)=O)NC(=O)[C@H](CCC(N)=O)NC(=O)[C@H](CC(N)=O)NC1=O,Nociceptin receptor
Cc1cc(N)c2cc(NC(=O)c3ccccc3COc3ccc([N+](=O)[O-])cc3)ccc2n1,Nociceptin receptor
CC(=O)N[C@@H](CCCNC(=N)N)C(=O)N[C@@H](Cc1ccc(O)cc1)C(=O)N[C@@H](Cc1c(C)cc(O)cc1C)C(=O)N[C@@H](CCCNC(=N)N)C(=O)N[C@@H](Cc1c[nH]c2ccccc12)C(=O)N[C@@H](CCCNC(=N)N)C(N)=O,Nociceptin receptor
CS(=O)(=O)N1CCC2(CC1)CC(N1CCC3(CC1)C(=O)NCN3c1ccccc1)c1ccccc1O2.O=C(O)C(=O)O,Nociceptin receptor
Cc1c(CN2CCCCC2)nn(-c2ccc(Cl)cc2Cl)c1-c1ccc(Cl)cc1,Nociceptin receptor
O=C(NCCCN1CCC2(CCc3ccccc32)CC1)C(Cc1ccccc1)c1ccccc1,Nociceptin receptor
CC(C)C[C@H](NC(=O)[C@H](CCCCN)NC(=O)[C@H](CCCNC(=N)N)NC(=O)[C@H](C)NC(=O)[C@H](CO)NC(=O)[C@H](CCCCN)NC(=O)[C@H](CCCNC(=N)N)NC(=O)C1(NC(=O)CNC(=O)[C@@H](NC(=O)[C@H](Cc2ccccc2)NC(=O)CNC(=O)CNC(=O)[C@@H](N)Cc2ccccc2)[C@@H](C)O)CC1)C(=O)N[C@@H](C)C(=O)N[C@@H](CC(N)=O)C(=O)N[C@@H](CCC(N)=O)C(N)=O,Nociceptin receptor
Cc1c(CN[C@H]2CC[C@@H](F)C2)nn(C)c1-c1cc(F)cc(Cl)c1,Nociceptin receptor
C[C@H](NC(=O)CNC(=O)[C@@H](NC(=O)[C@H](Cc1ccccc1)NC(=O)CNC(=O)CNC(=O)[C@@H](N)Cc1ccccc1)[C@@H](C)O)C(=O)N[C@@H](CCCN=C(N)N)C(=O)N[C@@H](CCCCN)C(=O)N[C@H]1CSSC[C@@H](C(N)=O)NC(=O)[C@H](CCCCN)NC(=O)[C@H](CCCN=C(N)N)NC(=O)[C@H](C)NC1=O,Nociceptin receptor
CN(C)Cc1cccc2[nH]c(-c3nc(CCc4ccc(Cl)cc4)no3)cc12,Nociceptin receptor
COC(=O)CN1C(=O)C2(CCN(Cc3cccc4ccccc34)CC2)c2ccccc21,Nociceptin receptor
COC(=O)c1ccc2c(c1)N(C1CCN(C3CCCCCCC3)CC1)C(=O)CC(=O)N2,Nociceptin receptor
Cc1ccc(CCc2noc(-c3cc4c(CCN(C)C)cccc4[nH]3)n2)cc1,Nociceptin receptor
C[C@H](NC(=O)[C@H](CCC(N)=O)NC(=O)[C@H](CC(N)=O)NC(=O)[C@H](C)NC(=O)[C@H](C)NC(=O)[C@H](CCCCN)NC(=O)[C@H](CCCNC(=N)N)NC(=O)[C@H](C)NC(=O)[C@H](CO)NC(=O)[C@H](CCCCN)NC(=O)[C@H](CCCNC(=N)N)NC(=O)[C@H](C)NC(=O)CNC(=O)[C@@H](NC(=O)[C@H](Cc1ccccc1)NC(=O)CNC(=O)CNC(=O)[C@@H](N)Cc1ccccc1)[C@@H](C)O)C(N)=O,Nociceptin receptor
C[C@H](NC(=O)CNC(=O)[C@@H](NC(=O)[C@H](Cc1ccccc1)NC(=O)CNC(=O)CNC[C@@H](N)Cc1ccccc1)[C@@H](C)O)C(=O)N[C@@H](CCCN=C(N)N)C(=O)N[C@@H](CCCCN)C(=O)N[C@@H](CO)C(=O)N[C@@H](C)C(=O)N[C@@H](CCCN=C(N)N)C(N)=O,Nociceptin receptor
O=C(Cc1ccc2c(c1)OCO2)C(=O)NCCCN1CCC2(CCc3ccccc32)CC1,Nociceptin receptor
O=C1N[C@@H](Cc2ccccc2)[C@@H](C(=O)NCCCN2CCC3(CCc4ccccc43)CC2)O1,Nociceptin receptor
Cc1ccccc1C1CCN(C[C@@H]2CCc3cccnc3C(C)(O)C2)CC1,Nociceptin receptor
O=C(/C=C/c1ccccc1)NCCCN1CCC2(CCc3ccccc32)CC1,Nociceptin receptor
CCN1CCC2(CC1)CC(N1CCC3(CC1)C(=O)NCN3c1ccccc1)c1ccccc1O2.O=C(O)C(=O)O,Nociceptin receptor
CC(C)C[C@H](NC(=O)[C@H](CCCCN)NC(=O)[C@H](CCCNC(=N)N)NC(=O)[C@H](C)NC(=O)[C@H](CO)NC(=O)[C@H](CCCCN)NC(=O)[C@H](CCCNC(=N)N)NC(=O)C(C)(CC(C)C)NC(=O)CNC(=O)[C@@H](NC(=O)[C@H](Cc1ccccc1)NC(=O)CNC(=O)CNC(=O)[C@@H](N)Cc1ccccc1)[C@H](C)O)C(=O)N[C@@H](C)C(=O)N[C@@H](CC(N)=O)C(=O)N[C@@H](CCC(N)=O)C(N)=O,Nociceptin receptor
N[C@H](Cc1ccccc1)C(=O)NCCCN1CCC2(CC1)OCc1ccccc12,Nociceptin receptor
Cc1c(CNC2CCCC2)nn(-c2ncccc2Cl)c1-c1ccc(C(F)(F)F)nc1,Nociceptin receptor
Fc1ccc(CSc2nc3cc(F)c(N4CCNCC4)cc3[nH]2)cc1,Nociceptin receptor
O=S(=O)(Cc1cccc(Cl)c1Cl)c1nc2cc(F)c(N3CCNCC3)cc2[nH]1,Nociceptin receptor
CN(C)CCc1cccc2[nH]c(-c3nc(CCc4ccc(N(C)C)cc4)no3)cc12,Nociceptin receptor
O=C(CCc1c[nH]c2ccccc12)NCCCN1CCC2(CCc3ccccc32)CC1,Nociceptin receptor
COC(=O)CN1C(=O)C2(CCN(CC3CCCCC3)CC2)c2ccccc21,Nociceptin receptor
CCC(CC)Sc1nc2cc(Cl)c(N3CCN(CCO)C(C)(C)C3)cc2[nH]1,Nociceptin receptor
FCCn1c(CNC2CCCC2)nc(-c2ccc(Cl)cc2Cl)c1-c1ccc(Cl)cc1,Nociceptin receptor
OC1(c2ccccc2)CCN(CCc2ccccc2)CC1,Nociceptin receptor
CNC(=O)[C@H](Cc1ccccc1F)CN1CCC2(CC1)OCCc1cc(F)sc12,Nociceptin receptor
Cc1c(CN[C@H]2CC[C@@H](F)C2)nn(C)c1-c1cc(F)c(F)c(F)c1,Nociceptin receptor
CC[C@H](NC(=O)[C@H](CO)NC(=O)[C@H](CCCCN)NC(=O)[C@H](CCCN=C(N)N)NC(=O)[C@H](C)NC(=O)CNC(=O)[C@@H](NC(=O)[C@H](Cc1ccccc1)NC(=O)CNC(=O)CNC(=O)[C@@H](N)Cc1ccccc1)[C@@H](C)O)C(=O)N[C@@H](CCCN=C(N)N)C(=O)N[C@@H](CCCCN)C(=O)N[C@@H](CC(C)C)C(=O)N[C@@H](C)C(=O)N[C@@H](CC(N)=O)C(=O)N[C@@H](CCC(N)=O)C(N)=O,Nociceptin receptor
CC(C)(C)C1CCC(N2CCC(C(=O)NCc3ccccc3)(c3ccc(F)cc3)CC2)CC1,Nociceptin receptor
COC(=O)CN1C(=O)C2(CCN(Cc3ccc4ccccc4c3)CC2)c2ccccc21,Nociceptin receptor
CNC(=O)C(Cc1ccccc1Cl)CN1CCC2(CC1)OCCc1cc(F)sc12,Nociceptin receptor
COC(=O)CN1C(=O)C2(CCN(CC3CCC(C(C)(C)C)CC3)CC2)c2ccccc21,Nociceptin receptor
CN(C)CCc1ccc2[nH]c(-c3nc(CCc4ccc(Cl)cc4)no3)cc2c1,Nociceptin receptor
Clc1ccc(-c2c(-c3ccc(Cl)cc3Cl)nc(CNC3CCCC3)n2C2CCC2)cc1,Nociceptin receptor
CC(C)C[C@H](NC(=O)[C@H](CCCCN)NC(=O)[C@H](CCCN=C(N)N)NC(=O)[C@H](C)NC(=O)[C@H](CO)NC(=O)[C@H](CCCCN)NC(=O)[C@H](CCCN=C(N)N)NC(=O)[C@H](C)N(C)C(=O)CNC(=O)[C@@H](NC(=O)[C@H](Cc1ccccc1)NC(=O)CNC(=O)CNC(=O)[C@@H](N)Cc1ccccc1)[C@@H](C)O)C(=O)N[C@@H](C)C(=O)N[C@@H](CC(N)=O)C(=O)N[C@@H](CCC(N)=O)C(=O)O,Nociceptin receptor
CC(C)[C@H]1CC[C@@H](N2CCC3(CC2)C(=O)N(CCCCCCCCCN(C)C)CN3c2ccccc2)CC1,Nociceptin receptor
O=C(NCCCN1CCC2(CCc3ccccc32)CC1)[C@@H]1CCCN1C(=O)c1ccccc1,Nociceptin receptor
Cc1nn(-c2ncccc2F)cc1CN1CCC2(CC1)OCCc1cc(F)sc12.O=C(O)C(O)C(O)C(=O)O,Nociceptin receptor
O=C(O)C(=O)O.O=C1NCN(c2ccccc2)C12CCN(C1CC3(CCCC3)Oc3ccccc31)CC2,Nociceptin receptor
COc1ccc2c(n1)N(C1CCN(C3/C=CCCCCC3)CC1)C(=O)CC(=O)N2,Nociceptin receptor
CC(C)C[C@H](NC(=O)[C@H](CCCCN)NC(=O)[C@H](CCCNC(=N)N)NC(=O)[C@H](C)NC(=O)[C@H](CO)NC(=O)[C@H](CCCCN)NC(=O)[C@H](CCCNC(=N)N)NC(=O)[C@H](C)NC(=O)CNC(=O)[C@@H](NC(=O)[C@H](Cc1ccccc1)NC(=O)CNC(=O)CNC(=O)CNC(=O)c1ccccc1)[C@@H](C)O)C(=O)N[C@@H](CCCCN)C(=O)N[C@@H](CC(N)=O)C(=O)N[C@@H](CCC(N)=O)C(N)=O,Nociceptin receptor
O=C(NCCCN1CCC2(CCc3ccccc32)CC1)C1Cc2ccccc2C1,Nociceptin receptor
C[C@H](NC(=O)CNC(=O)[C@@H](NC(=O)[C@H](Cc1ccccc1)NC(=O)CNC(=O)CNC(=O)[C@@H](N)Cc1ccc(O)cc1)[C@@H](C)O)C(=O)N[C@@H](CCCN=C(N)N)C(=O)N[C@@H](CCCCN)C(=O)N[C@@H](CO)C(=O)N[C@@H](C)C(=O)N[C@@H](CCCN=C(N)N)C(=O)N[C@@H](CCCCN)C(N)=O,Nociceptin receptor
COC(=O)CN1C(=O)C2(CCN(CC3CCCCCCCCCCC3)CC2)c2ccccc21,Nociceptin receptor
CN1CCC2(CC1)CC(N1CCC3(CC1)C(=O)NCN3c1ccccc1)c1ccccc1O2.O=C(O)C(=O)O,Nociceptin receptor
C[C@H](NC(=O)CNC(=O)[C@@H](NC(=O)[C@H](Cc1ccccc1)NC(=O)CNC(=O)CNC(=O)[C@@H](N)Cc1ccccc1)[C@@H](C)O)C(=O)N[C@@H](CCCNC(=N)N)C(=O)N[C@@H](CCCCN)C(=O)N[C@@H](CO)C(=O)N[C@@H](C)C(=O)N[C@@H](CCCNC(=N)N)C(=O)N[C@@H](CCCCN)C(=O)N[C@@H](CCCNC(=N)N)C(=O)N[C@@H](CCCCN)C(=O)N[C@@H](CCCNC(=N)N)C(=O)N[C@@H](CCCCN)C(=O)O,Nociceptin receptor
C[C@H](NC(=O)CNC(=O)[C@@H](NC(=O)[C@H](Cc1ccccc1)NC(=O)CNC(=O)CNC(=O)[C@@H](N)Cc1ccccc1)[C@@H](C)O)C(=O)N[C@@H](CCCNC(=N)N)C(=O)N[C@@H](CCCCN)C(=O)N[C@@H](CO)C(=O)N[C@@H](C)C(=O)N[C@@H](CCCNC(=N)N)C(=O)N[C@@H](CCCCN)C(=O)N[C@@H](Cc1c[nH]c2ccccc12)C(=O)N[C@@H](C)C(=O)N[C@@H](CC(N)=O)C(=O)N[C@@H](CCC(N)=O)C(=O)O,Nociceptin receptor
NC(=O)[C@H](Cc1ccccc1Cl)CN1CCC2(CC1)OCCc1cc(F)sc12,Nociceptin receptor
C[C@H](NC(=O)CNC(=O)[C@@H](NC(=O)[C@H](Cc1ccccc1)NC(=O)CNC(=O)CNC(=O)[C@@H](N)Cc1ccccc1)[C@@H](C)O)C(=O)N[C@@H](CCCN=C(N)N)C(=O)N[C@@H](CCCCN)C(=O)N[C@@H](CO)C(=O)N[C@@H](C)C(=O)N[C@@H](CCCN=C(N)N)C(=O)N[C@@H](CCCCN)C(=O)N[C@@H](CCCN=C(N)N)C(=O)N[C@@H](CCCCN)C(=O)N[C@@H](CC(N)=O)C(=O)N[C@@H](CCC(=O)N(N)N)C(=O)NN,Nociceptin receptor
CC(C)C[C@H](NC(=O)[C@H](CCCCN)NC(=O)[C@H](CCCN=C(N)N)NC(=O)[C@H](C)NC(=O)[C@H](CO)NC(=O)[C@H](CCCCN)NC(=O)[C@H](CCCN=C(N)N)NC(=O)[C@H](C)N(C)C(=O)CNC(=O)[C@@H](NC(=O)[C@H](Cc1ccccc1)NC(=O)CNC(=O)CNC(=O)[C@@H](N)Cc1ccccc1)[C@@H](C)O)C(=O)N[C@@H](C)C(=O)N[C@@H](CC(N)=O)C(=O)N[C@@H](CCC(N)=O)C(N)=O,Nociceptin receptor
FC(F)(F)Cn1c(CNC2CCCC2)nc(-c2ccc(Cl)cc2Cl)c1-c1ccc(Cl)cc1,Nociceptin receptor
CN1CCN(c2[nH]ccc3nc(-c4nc(CCc5ccc(Cl)cc5)no4)cc2-3)CC1,Nociceptin receptor
Cc1c(CN(C(C)C)C2CCCCC2)nn(-c2ccc(Cl)cc2Cl)c1-c1ccc(Cl)cc1,Nociceptin receptor
C[C@H](NC(=O)CNC(=O)[C@@H](NC(=O)[C@H](Cc1ccccc1)NC(=O)CNC(=O)CNC(=O)[C@@H](N)Cc1ccccc1)[C@@H](C)O)C(=O)N[C@@H](CCCN=C(N)N)C(=O)N[C@@H](CN)C(=O)N[C@@H](CO)C(=O)N[C@@H](C)C(=O)N[C@@H](CCCN=C(N)N)C(=O)N[C@@H](CN)C(N)=O,Nociceptin receptor
CC[C@H](NC(=O)[C@H](CC(C)C)NC(=O)[C@H](CCCCN)NC(=O)[C@H](CCCN=C(N)N)NC(=O)[C@H](C)NC(=O)[C@H](CO)NC(=O)[C@H](CCCCN)NC(=O)[C@H](CCCN=C(N)N)NC(=O)[C@H](C)NC(=O)CNC(=O)[C@@H](NC(=O)[C@H](Cc1ccccc1)NC(=O)CNC(=O)CNC(=O)[C@@H](N)Cc1ccccc1)[C@@H](C)O)C(=O)N[C@@H](CC(N)=O)C(=O)N[C@@H](CCC(N)=O)C(N)=O,Nociceptin receptor
O=C(O)C(=O)O.O=C1NCN(c2ccccc2)C12CCN(C1CC3(CCCCCC3)Oc3ccccc31)CC2,Nociceptin receptor
CN(C)CCc1cccc2[nH]c(-c3nc(CCc4ccc(Cl)cc4)no3)cc12,Nociceptin receptor
Fc1cc2nc(SCC3CCCCC3)[nH]c2cc1N1CCNCC1,Nociceptin receptor
CNc1cc(C)nc2ccc(NC(=O)c3ccccc3COc3ccccc3)cc12,Nociceptin receptor
CN(C)CCc1cccc2[nH]c(-c3noc(CCc4ccc(Cl)cc4)n3)cc12,Nociceptin receptor
Cc1c(CNC2CCCC2)nc(-c2ccc(Cl)cc2Cl)n1-c1ccc(Cl)cc1,Nociceptin receptor
CNC(=O)C(Cc1ccccc1F)CN1CCC2(CC1)OCCc1cc(F)sc12,Nociceptin receptor
CN(C)CCc1cccc2[nH]c(-c3nc(CCC4CC5CCC4C5)no3)cc12,Nociceptin receptor
C[C@H](NC(=O)[C@H](CCCCN)NC(=O)[C@H](CCCCN)NC(=O)[C@H](CCCNC(=N)N)NC(=O)[C@H](C)NC(=O)[C@H](CC(=O)O)NC(=O)[C@@H](NC(=O)[C@H](Cc1ccccc1)NC(=O)CNC(=O)CNC(=O)[C@@H](N)Cc1ccccc1)[C@@H](C)O)C(=O)N[C@@H](CCCNC(=N)N)C(=O)N[C@@H](CCCCN)C(N)=O,Nociceptin receptor
O=C(NCCCN1CCC(c2c(Cl)cccc2Cl)CC1)[C@@H]1CCCN1Cc1ccccc1,Nociceptin receptor
CN(C)CCc1cccc2[nH]c(-c3nc(CCCC4CCCCC4)no3)cc12,Nociceptin receptor
COC(=O)CN1C(=O)C2(CCN(C3CCC4CCCCC4C3)CC2)c2ccccc21,Nociceptin receptor
O=C(Cc1cccc(Oc2ccccc2)c1)NCCCN1CCC2(CCc3ccccc32)CC1,Nociceptin receptor
Cc1nn(-c2c(F)cccc2F)cc1CN1CCC2(CC1)OCCc1cc(F)sc12.O=C(O)C(O)C(O)C(=O)O,Nociceptin receptor
Clc1ccc(-c2oc(CNC3CCCC3)nc2-c2ccc(Cl)cc2Cl)cc1,Nociceptin receptor
CN(C(=O)C(Cc1ccccc1F)CN1CCC2(CC1)OCCc1cc(F)sc12)C1CC1,Nociceptin receptor
O=C(O)C(=O)O.O=C1NCN(c2ccccc2)C12CCN(C1CC3(CCCCC3)Oc3ccccc31)CC2,Nociceptin receptor
COC(=O)CN1C(=O)C2(CCN(CC3CC3)CC2)c2ccccc21,Nociceptin receptor
Cc1ccc(-c2c(C)c(CNC3CCCC3)nn2-c2ncccc2C)cn1,Nociceptin receptor
CNCC[C@@H](Oc1ccc(O)cc1C)c1ccccc1,Nociceptin receptor
CCn1c(=O)n(C2CCN(CCCNC(=O)[C@H]3CCCN3Cc3ccccc3)CC2)c2ccccc21,Nociceptin receptor
CCC(CC)Sc1nc2cc(C#N)c(N3CCNCC3)cc2[nH]1,Nociceptin receptor
CCCCc1noc(-c2cc3c(CCN(C)C)cccc3[nH]2)n1,Nociceptin receptor
Cc1ccc(CCc2ccccc2C(=O)Nc2ccc3nc(C)cc(N)c3c2)cc1,Nociceptin receptor
O=C(NCCCN1CCC2(CCc3ccccc32)CC1)[C@H]1CCC(=O)N1Cc1ccccc1,Nociceptin receptor
CC(C)C[C@H](NC(=O)[C@H](CCCCN)NC(=O)[C@H](CCCN=C(N)N)NC(=O)[C@H](C)NC(=O)[C@H](CO)NC(=O)[C@H](CCCCN)NC(=O)[C@H](CCCN=C(N)N)NC(=O)[C@H](C)NC(=O)CNC(=O)[C@@H](NC(=O)[C@H](Cc1ccccc1)NC(=O)CNC(=O)CNC(=O)[C@@H](N)Cc1ccccc1)[C@@H](C)O)C(=O)N(C)[C@@H](C)C(=O)N[C@@H](CC(N)=O)C(=O)N[C@@H](CCC(N)=O)C(=O)O,Nociceptin receptor
CCN1CCN(c2cc3[nH]c(SC(C)(C)CCNC(=O)OC)nc3cc2Cl)CC1,Nociceptin receptor
C[C@H](NC(=O)CNC(=O)[C@@H](NC(=O)[C@H](Cc1ccccc1)NC(=O)CNC(=O)CNC(=O)[C@@H](N)Cc1ccccc1)[C@@H](C)O)C(=O)N[C@@H](CCCNC(=N)N)C(=O)N[C@@H](CCCCN)C(=O)N[C@@H](CO)C(=O)N[C@@H](C)C(=O)N[C@@H](CCCNC(=N)N)C(=O)N[C@@H](CCCCN)C(=O)N[C@@H](CCCNC(=N)N)C(=O)N[C@@H](CCCCN)C(=O)N[C@@H](CC(N)=O)C(=O)N[C@@H](CCC(N)=O)C(=O)O,Nociceptin receptor
CC(C)C[C@H](NC(=O)[C@H](CCCCN)NC(=O)[C@H](CCCNC(=N)N)NC(=O)C(C)(C)NC(=O)[C@H](CO)NC(=O)[C@H](CCCCN)NC(=O)[C@H](CCCNC(=N)N)NC(=O)[C@H](C)NC(=O)CNC(=O)[C@@H](NC(=O)[C@H](Cc1ccccc1)NC(=O)CNC(=O)CNC(=O)[C@@H](N)Cc1ccccc1)[C@@H](C)O)C(=O)N[C@@H](C)C(=O)N[C@@H](CC(N)=O)C(=O)N[C@@H](CCC(N)=O)C(N)=O,Nociceptin receptor
CC(C)NC(=O)[C@H](Cc1ccccc1F)CN1CCC2(CC1)OCCc1cc(F)sc12,Nociceptin receptor
Cc1cc(N)c2cc(NC(=O)c3ccccc3COc3ccccc3)ccc2n1,Nociceptin receptor
C[C@H](NC(=O)CNC(=O)[C@@H](NC(=O)[C@H](Cc1ccc(Br)cc1)NC(=O)CNC(=O)CNC(=O)[C@@H](N)Cc1ccccc1)[C@@H](C)O)C(=O)N[C@@H](CCCN=C(N)N)C(=O)N[C@@H](CCCCN)C(=O)N[C@@H](CO)C(=O)N[C@@H](C)C(=O)N[C@@H](CCCN=C(N)N)C(=O)N[C@@H](CCCCN)C(N)=O,Nociceptin receptor
CN(C)CCc1cccc2[nH]c(-c3nc(CCc4ccc(F)cc4)no3)cc12,Nociceptin receptor
CCCCCC(=O)N[C@@H](CCCNC(=N)N)C(=O)N[C@@H](Cc1ccccc1)C(=O)N[C@@H](Cc1ccc(O)cc1)C(=O)N[C@@H](CCCNC(=N)N)C(=O)N[C@H](C(=O)N[C@@H](CCCCN)C(N)=O)[C@@H](C)CC,Nociceptin receptor
Cc1c(CNCCC(C)C)nn(-c2ccc(Cl)cc2Cl)c1-c1ccc(Cl)cc1,Nociceptin receptor
COC(=O)CN1C(=O)C2(CCN(Cc3ccccc3-c3ccsc3)CC2)c2ccccc21,Nociceptin receptor
CC(C)C[C@@H]1NC(=O)[C@H](CCCCN)NC(=O)[C@H](CCCNC(=N)N)NC(=O)[C@@H](NC(=O)[C@@H]2CC(=O)NCCCC[C@H](NC(=O)[C@@H](NC(=O)[C@H](Cc3ccccc3)NC(=O)CNC(=O)CNC(=O)[C@@H](N)Cc3ccccc3)[C@@H](C)O)C(=O)N[C@@H](C)C(=O)N[C@@H](CCCNC(=N)N)C(=O)N[C@@H](CCCCN)C(=O)N2)CCCCNC(=O)C[C@@H](C(N)=O)NC1=O,Nociceptin receptor
O=C(CC1Cc2ccccc2C1)NCCCN1CCC2(CCc3ccccc32)CC1,Nociceptin receptor
O=C(NCCCN1CCC2(CCc3ccccc32)CC1)[C@H]1COC(=O)N1Cc1ccccc1,Nociceptin receptor
C[C@H](NC(=O)CNC(=O)[C@@H](NC(=O)[C@H](Cc1ccc(C#N)cc1)NC(=O)CNC(=O)CNC(=O)[C@@H](N)Cc1ccccc1)[C@@H](C)O)C(=O)N[C@@H](CCCN=C(N)N)C(=O)N[C@@H](CCCCN)C(=O)N[C@@H](CO)C(=O)N[C@@H](C)C(=O)N[C@@H](CCCN=C(N)N)C(=O)N[C@@H](CCCCN)C(N)=O,Nociceptin receptor
CC(C)C[C@H](NC(=O)[C@H](CCCCN)NC(=O)[C@H](CCCNC(=N)N)NC(=O)C(C)(NC(=O)[C@H](CO)NC(=O)[C@H](CCCCN)NC(=O)[C@H](CCCNC(=N)N)NC(=O)[C@H](C)NC(=O)CNC(=O)[C@@H](NC(=O)[C@H](Cc1ccccc1)NC(=O)CNC(=O)CNC(=O)[C@@H](N)Cc1ccccc1)[C@@H](C)O)C(C)C)C(=O)N[C@@H](C)C(=O)N[C@@H](CC(N)=O)C(=O)N[C@@H](CCC(N)=O)C(N)=O.Cl,Nociceptin receptor
CC(Oc1ccc(Cl)cc1Cl)C(=O)NCCCN1CCC2(CCc3ccccc32)CC1,Nociceptin receptor
Clc1ccc(-c2cc(CNC3CCCC3)nn2-c2ccc(Cl)cc2Cl)cc1,Nociceptin receptor
CN(C)CCc1cccc2[nH]c(-c3nc(COc4ccc(Cl)cc4)no3)cc12,Nociceptin receptor
Cc1nn(-c2c(F)cccc2CN(C)C)cc1CN1CCC2(CC1)OCCc1cc(F)sc12.O=C(O)C(O)C(O)C(=O)O,Nociceptin receptor
CCn1nc(CN[C@H]2CC[C@@H](F)C2)c(C)c1-c1cnc(C)c(F)c1,Nociceptin receptor
CCCC(CCC)(NC(=O)CNC(=O)[C@@H](NC(=O)[C@H](Cc1ccccc1)NC(=O)CNC(=O)CNC(=O)[C@@H](N)Cc1ccccc1)[C@@H](C)O)C(=O)N[C@@H](CCCNC(=N)N)C(=O)N[C@@H](CCCCN)C(=O)N[C@@H](CO)C(=O)N[C@@H](C)C(=O)N[C@@H](CCCNC(=N)N)C(=O)N[C@@H](CCCCN)C(=O)N[C@@H](CC(C)C)C(=O)N[C@@H](C)C(=O)N[C@@H](CC(N)=O)C(=O)N[C@@H](CCC(N)=O)C(N)=O,Nociceptin receptor
O=C(C1=C(n2c(=O)c(=O)[nH]c3ccccc32)CCN(C2CCCCCCC2)C1)N1CCOCC1,Nociceptin receptor
Cc1ccc(C(=O)/C=C/C(=O)NCCCN2CCC3(CCc4ccccc43)CC2)cc1,Nociceptin receptor
O=C(O)C(=O)O.O=C1NCN(c2ccccc2)C12CCN([C@H]1CC3(CCNCC3)Oc3ccccc31)CC2,Nociceptin receptor
C[C@H](NC(=O)CNC(=O)[C@@H](NC(=O)[C@H](Cc1ccccc1)NC(=O)CNC(=O)CNC(=O)[C@@H](N)Cc1ccccc1)[C@@H](C)O)C(=O)N[C@@H](CCCNC(=N)N)C(=O)N[C@@H](CCCCN)C(=O)N[C@@H](CO)C(=O)N[C@@H](C)C(=O)N[C@@H](CCCNC(=N)N)C(=O)N[C@@H](CCCCN)C(=O)N[C@@H](CCCCN)C(=O)N[C@@H](C)C(=O)N[C@@H](CC(N)=O)C(=O)N[C@@H](CCC(N)=O)C(=O)O,Nociceptin receptor
O=C(NCCCN1CCC2(CCc3ccccc32)CC1)c1ccccc1C(O)c1ccccc1,Nociceptin receptor
[O-][S+](Cc1cccc(Cl)c1Cl)c1nc2cc(F)c(N3CCNCC3)cc2[nH]1,Nociceptin receptor
Fc1cc2nc(SCc3cccc(Cl)c3Cl)[nH]c2cc1N1CCNCC1,Nociceptin receptor
C[C@H](NC(=O)CNC(=O)[C@@H](NC(=O)[C@H](Cc1ccccc1)NC(=O)CNC(=O)CNC[C@@H](N)Cc1ccc(O)cc1)[C@@H](C)O)C(=O)N[C@@H](CCCN=C(N)N)C(=O)N[C@@H](CCCCN)C(=O)N[C@@H](CO)C(=O)N[C@@H](C)C(=O)N[C@@H](CCCN=C(N)N)C(=O)N[C@@H](CCCCN)C(N)=O,Nociceptin receptor
COC(C(=O)NCCCN1CCC2(CCc3ccccc32)CC1)c1ccccc1,Nociceptin receptor
C[C@H](NC(=O)[C@H](CO)NC(=O)[C@H](CCCCN)NC(=O)[C@H](CCCN=C(N)N)NC(=O)[C@H](CS)NC(=O)CNC(=O)[C@@H](NC(=O)[C@H](Cc1ccccc1)NC(=O)CNC(=O)CNC(=O)[C@@H](N)Cc1ccccc1)[C@@H](C)O)C(=O)N[C@@H](CCCN=C(N)N)C(=O)N[C@@H](CCCCN)C(=O)N[C@@H](CS)C(N)=O,Nociceptin receptor
CCC(CC)Sc1nc2cc(Cl)c(N3CCNCC3)cc2[nH]1,Nociceptin receptor
Cc1cc(N)c2cc(NC(=O)c3ccccc3COc3ccc(C(F)(F)F)cc3)ccc2n1,Nociceptin receptor
O=C(Cc1ccccc1)NCCCN1CCC2(CCc3ccccc32)CC1,Nociceptin receptor
CC[C@H](C)[C@H](NC(=O)[C@H](CCCNC(=N)N)NC(=O)[C@H](Cc1ccc(O)cc1)NC(=O)[C@H](Cc1ccccc1)NC(=O)[C@H](CCCNC(=N)N)NC(=O)C(C)C)C(=O)N[C@@H](CCCCN)C(N)=O,Nociceptin receptor
Cc1cc(N)c2cc(NC(=O)c3ccccc3COc3cccc(Cl)c3)ccc2n1,Nociceptin receptor
CC(C)C[C@H](NC(=O)[C@H](CCCCN)NC(=O)[C@H](CCCNC(=N)N)NC(=O)[C@H](C)NC(=O)[C@H](CO)NC(=O)[C@H](CCCCN)NC(=O)[C@H](CCCNC(=N)N)NC(=O)[C@H](C)NC(=O)CNC(=O)[C@@H](NC(=O)[C@H](Cc1ccccc1)NC(=O)CNC(=O)CNC(=O)[C@@H](N)Cc1ccccc1)[C@@H](C)O)C(=O)N[C@@H](C)C(=O)N[C@@H](CC(N)=O)C(=O)N[C@@H](CCC(N)=O)C(N)=O,Nociceptin receptor
N#CC(Cc1ccccc1Cl)CN1CCC2(CC1)OCCc1ccsc12,Nociceptin receptor
CCCC(=O)N[C@@H](CCCNC(=N)N)C(=O)N[C@@H](Cc1ccccc1)C(=O)N[C@@H](Cc1ccc(O)cc1)C(=O)N[C@@H](CCCNC(=N)N)C(=O)N[C@H](C(=O)N[C@@H](CCCCN)C(N)=O)[C@@H](C)CC,Nociceptin receptor
CCCCCCC(CCCC)CN1CCC2(CC1)C(=O)N(CC(=O)OC)c1ccccc12,Nociceptin receptor
CC(C)(C)C(Cc1ccccc1)C(=O)NCCCN1CCC2(CCc3ccccc32)CC1,Nociceptin receptor
Cc1nn(-c2c(F)cccc2CN(C)C)cc1CN1CCC2(CC1)OCCc1cc(Cl)sc12.O=C(O)C(O)C(O)C(=O)O,Nociceptin receptor
C[C@H](NC(=O)CNC(=O)[C@@H](NC(=O)[C@H](Cc1ccc([N+](=O)[O-])cc1)NC(=O)CNC(=O)CNC(=O)[C@@H](N)Cc1ccccc1)[C@@H](C)O)C(=O)N[C@@H](CCCN=C(N)N)C(=O)N[C@@H](CCCCN)C(=O)N[C@@H](CO)C(=O)N[C@@H](C)C(=O)N[C@@H](CCCN=C(N)N)C(=O)N[C@@H](CCCCN)C(N)=O,Nociceptin receptor
CN(C)CCc1cccc2[nH]c(-c3nc(CCc4ccncc4)no3)cc12,Nociceptin receptor
C[C@H](NC(=O)CNC(=O)[C@@H](NC(=O)[C@H](Cc1ccccc1)NC(=O)CNC(=O)CNC(=O)CNCc1ccc(O)cc1)[C@@H](C)O)C(=O)N[C@@H](CCCN=C(N)N)C(=O)N[C@@H](CCCCN)C(=O)N[C@@H](CO)C(=O)N[C@@H](C)C(=O)N[C@@H](CCCN=C(N)N)C(=O)N[C@@H](CCCCN)C(N)=O,Nociceptin receptor
CCn1c(=O)c(=O)n(C2CCN(C3CCCCCCC3)CC2)c2ccccc21,Nociceptin receptor
O=C(CNCc1ccccc1)NCCCN1CCC2(CC1)OCc1ccccc12,Nociceptin receptor
CC(C)C[C@H](NC(=O)[C@H](CCCCN)NC(=O)[C@H](CCCNC(=N)N)NC(=O)[C@H](C)NC(=O)[C@H](CO)NC(=O)[C@H](CCCCN)NC(=O)[C@H](CCCNC(=N)N)NC(=O)C(C)(CC(C)C)NC(=O)CNC(=O)[C@@H](NC(=O)[C@H](Cc1ccccc1)NC(=O)CNC(=O)CNC(=O)[C@@H](N)Cc1ccccc1)[C@H](C)O)C(=O)N[C@@H](C)C(=O)N[C@@H](CC(N)=O)C(=O)N[C@@H](CCC(N)=O)C(N)=O.Cl,Nociceptin receptor
COC(=O)CN1C(=O)C2(CCN(Cc3ccc(Cl)cc3)CC2)c2ccccc21,Nociceptin receptor
O=C(NCCCN1CCC2(CCc3ccccc32)CC1)c1ncccc1Oc1ccccc1,Nociceptin receptor
Cc1c(CNC2CCCC2)nn(-c2ccc(Cl)cc2Cl)c1-c1ccccn1,Nociceptin receptor
COC(=O)CN1C(=O)C2(CCN(C(=O)CCC(=O)c3ccccc3)CC2)c2ccccc21,Nociceptin receptor
c1ccc(CN2CCC[C@@H]2COCCCN2CCC3(CC2)OCc2ccccc23)cc1,Nociceptin receptor
COCc1cccnc1-n1cc(CN2CCC3(CC2)OCCc2cc(Cl)sc23)c(C)n1.O=C(O)C(O)C(O)C(=O)O,Nociceptin receptor
CC(C)C[C@H](NC(=O)[C@H](CCCCN)NC(=O)[C@H](CCCN=C(N)N)NC(=O)[C@H](C)NC(=O)[C@H](CO)NC(=O)[C@H](CCCCN)NC(=O)[C@H](CCCN=C(N)N)NC(=O)[C@H](C)NC(=O)CNC(=O)[C@@H](NC(=O)[C@H](Cc1ccc(F)cc1)NC(=O)CNC(=O)CNC[C@@H](N)Cc1ccccc1)[C@@H](C)O)C(=O)N[C@@H](C)C(=O)N[C@@H](CC(N)=O)C(=O)N[C@@H](CCC(N)=O)C(N)=O,Nociceptin receptor
Clc1ccc(-c2nc(CNC3CCCC3)cn2-c2ccc(Cl)cc2Cl)cc1,Nociceptin receptor
O=C(CCCc1ccccc1)NCCCN1CCC2(CCc3ccccc32)CC1,Nociceptin receptor
CCn1c(CNC2CCCC2)nc(-c2ccc(Cl)cc2Cl)c1-c1ccc(Cl)cc1,Nociceptin receptor
C[C@H](NC(=O)CNC(=O)[C@@H](NC(=O)[C@H](Cc1ccccc1)NC(=O)CNC(=O)CNC(=O)[C@@H](N)Cc1ccccc1)[C@@H](C)O)C(=O)N[C@@H](CCCN=C(N)N)C(=O)N[C@@H](CCCCN)C(N)=O,Nociceptin receptor
Cc1c(CNC2CCCC2)nn(-c2ccc(Cl)cc2Cl)c1-c1ccncc1,Nociceptin receptor
C[C@@H]1NC(=O)[C@H](CO)NC(=O)[C@H](CCCCN)NC(=O)[C@H](CCCN=C(N)N)NC(=O)[C@@H](NC(=O)CNC(=O)[C@@H](NC(=O)[C@H](Cc2ccccc2)NC(=O)CNC(=O)CNC(=O)[C@@H](N)Cc2ccccc2)[C@@H](C)O)CSSC[C@@H](C(N)=O)NC(=O)[C@H](CCCCN)NC(=O)[C@H](CCCN=C(N)N)NC1=O,Nociceptin receptor
CN(C)CCc1cccc2cc(-c3nc(CCc4ccc(Cl)cc4)no3)[nH]c12,Nociceptin receptor
CCc1ccc(-c2c(C)c(CNC3CCCC3)nn2-c2ncccc2Cl)cn1,Nociceptin receptor
CN(C)CCOCCc1cccc2[nH]c(-c3nc(CCc4ccc(Cl)cc4)no3)cc12,Nociceptin receptor
Cc1ccc(Cl)c(OC[C@@H](O)CN2CCC(n3c(O)nc4ccccc43)CC2)c1,Nociceptin receptor
Cc1c(CNC2CCCC2)nnn1-c1ccc(F)c(F)c1,Nociceptin receptor
CC(C)C[C@H](NC(=O)[C@H](CCCCN)NC(=O)[C@H](CCCN=C(N)N)NC(=O)[C@H](C)NC(=O)[C@H](CO)NC(=O)[C@H](CCCCN)NC(=O)[C@H](CCCN=C(N)N)NC(=O)[C@H](C)NC(=O)CNC(=O)[C@@H](NC(=O)[C@H](Cc1ccc(F)cc1)NC(=O)CNC(=O)CNC(=O)[C@@H](N)Cc1ccccc1)[C@@H](C)O)C(=O)N[C@@H](C)C(=O)N[C@@H](CC(N)=O)C(=O)N[C@@H](CCC(N)=O)C(N)=O,Nociceptin receptor
O=C(C1=C(n2c(=O)c(=O)[nH]c3ccccc32)CCN(C2CCCCCCC2)C1)N1CCCCC1,Nociceptin receptor
Cn1nc(CN[C@H]2CC[C@@H](F)C2)c(Cl)c1-c1cc(F)cc(F)c1,Nociceptin receptor
CN(C)CCc1cccc2[nH]c(-c3nc(CCc4cccnc4)no3)cc12,Nociceptin receptor
