smiles,targetname
Cc1cc(NC(=O)c2ccc(CN3CCOCC3)cc2)nn1Cc1cc(Cl)ccc1OCC(C)C.Cl,Prostanoid EP1 receptor
COc1ccc(CCNC(=O)CN(c2cccc(C)c2C)S(=O)(=O)c2ccc(C)cc2)cc1OC,Prostanoid EP1 receptor
CNC(=O)c1cccc(-n2c(C)ccc2-c2cc(Br)ccc2OCc2ccc(F)cc2F)c1,Prostanoid EP1 receptor
O=C(O)c1csc(-n2nc(-c3ccc(C(F)(F)F)cc3)c3ccccc32)n1,Prostanoid EP1 receptor
Cc1csc(S(=O)(=O)N(c2cc(C)c(Cl)cc2OCc2ccc(-c3nnn[nH]3)cc2C)C(C)C)n1,Prostanoid EP1 receptor
Cc1cc(C(=O)[O-])nn1Cc1cc(Br)ccc1OCc1ccc(Cl)cc1Cl.[Na+],Prostanoid EP1 receptor
Cc1ccc(-c2cc(Cl)ccc2OCc2ccccc2)n1-c1ccc2nn[nH]c2c1,Prostanoid EP1 receptor
COc1cc2cc(-c3cccnc3)n(Cc3cccc(C(=O)O)n3)c2cc1Cl,Prostanoid EP1 receptor
Cc1c(-c2ccccc2)nn(-c2nc(C(=O)O)cs2)c1-c1cnn(C)c1,Prostanoid EP1 receptor
Cc1cc(NC(=O)OCc2ccccn2)nn1Cc1cc(Cl)ccc1OCc1ccccc1,Prostanoid EP1 receptor
COc1ccc(CCNC(=O)CN(c2ccc(F)cc2)S(=O)(=O)c2ccc(C)cc2)cc1OC,Prostanoid EP1 receptor
COc1ccc2c(c1)cc(-c1ccccc1)n2Cc1cccc(C(=O)O)c1F,Prostanoid EP1 receptor
Cc1ccc(S(=O)(=O)N(CC(C)C)c2cc(C)c(C)cc2OCc2ccc(C(=O)O)cc2)o1,Prostanoid EP1 receptor
COc1ccc(COc2ccc(Br)cc2-c2ccc(C)n2-c2cccc(C(=O)O)c2)cc1,Prostanoid EP1 receptor
Cc1cc(C(=O)O)nn1Cc1cc(Br)ccc1OCc1ccccc1Cl,Prostanoid EP1 receptor
O=C(O)c1csc(-n2nc(-c3ccc(F)cc3)c3ccccc32)n1,Prostanoid EP1 receptor
O=C([O-])c1cncc(Cc2cc(Cl)ccc2OCc2ccccc2)c1.[Na+],Prostanoid EP1 receptor
Cc1ccc(-c2cc(Cl)ccc2OCc2ccccc2)n1-c1ccc(S(C)(=O)=O)cc1,Prostanoid EP1 receptor
O=C([O-])c1coc(Cc2cc(Cl)ccc2OCc2ccccc2)n1.[Na+],Prostanoid EP1 receptor
CNc1cc(Cn2nc(C(=O)O)cc2C)c2nc(N3CC=CCC3)sc2c1,Prostanoid EP1 receptor
Cc1cc(C(=O)O)nn1Cc1cc(Cl)cc2cc(-c3cccc(Cl)c3)nn12,Prostanoid EP1 receptor
Cc1ccc(-c2cc(Cl)ccc2OCc2ccccc2)n1-c1ccc(S(=O)(=O)NC(=O)c2ccccc2)cc1,Prostanoid EP1 receptor
Cc1cc(C(=O)NC[C@H]2CCCO2)nn1Cc1cc(Cl)cc2cc(-c3ccccc3)oc12,Prostanoid EP1 receptor
CCOc1ccc(Cc2nnc(CN(c3ccccc3CC)S(=O)(=O)c3ccc(C)cc3)o2)cc1,Prostanoid EP1 receptor
O=C(O)c1cccc(Cc2cc(Cl)ccc2OCc2ccccc2)n1,Prostanoid EP1 receptor
COc1ccc(Cc2nnc(CN(c3cccc(Cl)c3Cl)S(=O)(=O)c3ccc(Cl)cc3)o2)cc1,Prostanoid EP1 receptor
Cc1ccc(-c2cc(Br)ccc2OCc2ccc(F)cc2F)n1-c1cccc(C(=O)N(C)C)c1,Prostanoid EP1 receptor
COc1ccc(Cc2nnc(CN(c3cccc(Cl)c3C)S(=O)(=O)c3ccc(C)cc3)o2)cc1,Prostanoid EP1 receptor
O=C([O-])c1cccc(-c2ccccc2-c2cc(Cl)ccc2OCC2CCCC2)n1.[Na+],Prostanoid EP1 receptor
Cc1cc(C(=O)O)nn1Cc1cc(C#N)cc2cc(-c3ccccc3)nn12,Prostanoid EP1 receptor
O=C(O)c1csc(-n2nc(-c3ccccc3)c(O)c2-c2ccccc2)n1,Prostanoid EP1 receptor
O=C(O)c1cc(F)cc(-c2ccccc2-c2ccccc2OCc2ccccc2)c1,Prostanoid EP1 receptor
Cc1cc(C(=O)NC2CC2)nn1Cc1cc(Cl)cc2cc(-c3ccccc3)oc12,Prostanoid EP1 receptor
Cc1ccc(-c2cc(C(F)(F)F)ccc2OCc2ccccc2)n1-c1cc(C(=O)O)ccc1F,Prostanoid EP1 receptor
O=C(O)c1cccc(Cc2c(N3CCSCC3)nn3cc(Cl)ccc23)n1,Prostanoid EP1 receptor
O=C(O)c1ccn(Cc2cc(Cl)cc3sc(N4CC=CCC4)nc23)n1,Prostanoid EP1 receptor
Cc1ccc(-c2cc(Cl)ccc2OCc2ccccc2)n1-c1ccc2cn[nH]c2c1,Prostanoid EP1 receptor
Cc1cc(C(=O)O)nn1Cc1cc(Br)ccc1OCc1ccc(F)cc1,Prostanoid EP1 receptor
Cc1cc(NC(=O)c2ccc3c(c2)CCNCC3)nn1Cc1cc(Cl)ccc1OCC(C)C.Cl,Prostanoid EP1 receptor
Cc1ccc(-c2cc(Br)ccc2OCc2ccccc2)n1-c1cc(C(=O)O)c2ccccc2c1,Prostanoid EP1 receptor
Cc1c(-c2ccccc2)nn(-c2cccc(C(=O)O)n2)c1-c1ccccc1,Prostanoid EP1 receptor
COc1ccc(C(=O)O)cc1-n1c(C)ccc1-c1cc(Cl)ccc1OCc1ccccc1,Prostanoid EP1 receptor
Cc1ccc(S(=O)(=O)N(CC(=O)NCc2ccc(Cl)cc2)c2ccnn2C)cc1,Prostanoid EP1 receptor
Cc1ccc(-c2cc(F)ccc2OCc2ccc(F)cc2)n1-c1ccc(F)c(C(=O)O)c1,Prostanoid EP1 receptor
Cc1cc(C(=O)NC2CCOCC2)nn1Cc1cc(Cl)cc2cc(C(C)C)oc12,Prostanoid EP1 receptor
Cc1cc(NC(=O)C2CCCCC2)nn1Cc1cc(Cl)ccc1OCC(C)C,Prostanoid EP1 receptor
CC(=O)N(C)c1cc(C(=O)O)cc(-n2c(C)ccc2-c2cc(Br)ccc2OCc2ccc(F)cc2F)c1,Prostanoid EP1 receptor
CCCc1cc2cc(Cl)cc(Cn3nc(C(=O)O)cc3C)c2o1,Prostanoid EP1 receptor
O=C(O)c1cccc(Cc2c(-c3ccccc3)nn3ccccc23)n1,Prostanoid EP1 receptor
O=C(O)c1cccc(Cc2c(N3CCCCC3)nn3cc(Cl)ccc23)n1,Prostanoid EP1 receptor
Cc1cc(NC(=O)C(C)(C)c2ccccc2)nn1Cc1cc(Cl)ccc1OCc1ccccc1,Prostanoid EP1 receptor
Cc1cc(C(=O)NN2CCCCC2)nn1Cc1cc(Cl)ccc1OCC(C)C,Prostanoid EP1 receptor
Cc1ccc(-n2c(C)ccc2-c2cc(Br)ccc2OCc2ccc(F)cc2F)cc1C(=O)O,Prostanoid EP1 receptor
Cc1ccc(-c2cc(Br)ccc2OCc2ccccc2)n1-c1ccc(S(C)(=O)=O)cc1,Prostanoid EP1 receptor
CC(=O)Nc1cc(C(=O)O)nn1Cc1cc(Br)ccc1OCc1ccccc1,Prostanoid EP1 receptor
Cc1cc(C(=O)O)nn1Cc1cc(Cl)cc2cc(C3CCCC3)nn12,Prostanoid EP1 receptor
Cc1c(CC(C)C)c2ccc(Cl)cc2n1-c1nc(C(=O)[O-])cs1.[Na+],Prostanoid EP1 receptor
Cc1cc(=O)[nH]c2cc(-n3c(C)ccc3-c3cc(Cl)ccc3OCc3ccccc3)ccc12,Prostanoid EP1 receptor
CC(C)COc1ccc(Cl)cc1Cc1nc(C(=O)[O-])cs1.[Na+],Prostanoid EP1 receptor
CCN(CC)c1nc2c(Cn3nc(C(=O)O)cc3C)cc(Cl)cc2s1,Prostanoid EP1 receptor
Cc1ccc(-c2cc(Cl)ccc2OCC2CCCO2)n1-c1cccc(C(=O)O)c1,Prostanoid EP1 receptor
Cc1cc(C(=O)O)nn1Cc1cc(Cl)cn2cc(C(C)C)nc12,Prostanoid EP1 receptor
Cc1cc(C(=O)[O-])nn1Cc1cc(Cl)ccc1OCC(C)C.[Na+],Prostanoid EP1 receptor
O=C(O)c1ccn(Cc2cc(Br)ccc2OCc2ccccc2)n1,Prostanoid EP1 receptor
Cc1cc(C(=O)NN2CCOCC2)nn1Cc1cc(Cl)ccc1OCC(C)C,Prostanoid EP1 receptor
CCc1cn(-c2nc(C(=O)[O-])cs2)c2cc(Cl)ccc12.[Na+],Prostanoid EP1 receptor
COc1cc2cc(-c3cccc(F)c3)n(Cc3cccc(C(=O)O)n3)c2cc1Cl,Prostanoid EP1 receptor
CCc1ccccc1N(CC(=O)NCc1cccc(OC)c1)S(=O)(=O)c1ccc(C)cc1,Prostanoid EP1 receptor
Cc1ccc(-c2cc(Br)ccc2OCc2ccc(F)cc2F)n1-c1cccc(C(=O)Nc2ccccc2)c1,Prostanoid EP1 receptor
COc1ccc2c(c1)cc(-c1ccsc1)n2Cc1cccc(C(=O)O)n1,Prostanoid EP1 receptor
O=C(O)c1ccc(F)c(-c2ccccc2-c2ccccc2OCc2ccccc2)c1,Prostanoid EP1 receptor
Cc1ccc(-c2cc(Br)ccc2OCc2ccc(Cl)c(Cl)c2)n1-c1cccc(C(=O)O)c1,Prostanoid EP1 receptor
Cc1c(-c2ccccc2)nn(-c2nc(C(=O)O)cs2)c1-c1cccc(F)c1,Prostanoid EP1 receptor
Cc1ccc(S(=O)(=O)N(CC(=O)NCc2ccc(Cl)cc2)c2cccc(C)n2)cc1,Prostanoid EP1 receptor
Cc1ccc(-c2cc(Cl)ccc2OCc2ccccc2)n1-c1ccc2[nH]ncc2c1,Prostanoid EP1 receptor
COc1ccc2c(c1)cc(-c1cccnc1)n2Cc1cccc(C(=O)O)c1,Prostanoid EP1 receptor
Cc1ccc2c(CC(C)C)cn(-c3nc(C(=O)[O-])cs3)c2c1.[Na+],Prostanoid EP1 receptor
O=C([O-])c1csc(-n2cc(Cc3ccccc3)c3ccc(Cl)cc32)n1.[Na+],Prostanoid EP1 receptor
Cc1cc(C(=O)Nc2ccc(CN3CCCCC3)cc2)nn1Cc1cc(Cl)ccc1OCC(C)C.Cl,Prostanoid EP1 receptor
CC(=O)c1ccc2c(Cc3cccc(C(=O)O)n3)c(-c3ccccc3)nn2c1,Prostanoid EP1 receptor
Cc1cc(NC(=O)O[C@H]2CCOC2)nn1Cc1cc(Cl)ccc1OCc1ccccc1,Prostanoid EP1 receptor
Cc1ccc(S(=O)(=O)N(CC(=O)NCc2ccc(Cl)cc2)c2ccccn2)cc1,Prostanoid EP1 receptor
COc1cc(Cn2nc(C(=O)O)cc2C)n2nc(-c3ccccc3)cc2c1,Prostanoid EP1 receptor
Cc1cc(C(=O)O)nn1Cc1cc(Cl)ccc1OCc1ccc(Cl)cc1Cl,Prostanoid EP1 receptor
Cc1noc(C)c1S(=O)(=O)NC(=O)c1cccc(-n2c(C)ccc2-c2ccccc2OCc2ccccc2)c1,Prostanoid EP1 receptor
Cc1ccc(-c2cc(Cl)ccc2OCc2ccc(F)cc2)n1-c1cc(C(=O)O)ccc1Cl,Prostanoid EP1 receptor
CCCC/C=C/c1cc(Cn2nc(C(=O)O)cc2C)n2nc(-c3ccccc3)cc2c1,Prostanoid EP1 receptor
COc1ccc2c(c1)cc(-c1cc(F)ccc1F)n2Cc1cccc(C(=O)O)n1,Prostanoid EP1 receptor
O=C(O)c1ccccc1-c1ccccc1-c1cc(Cl)ccc1OCc1ccccc1,Prostanoid EP1 receptor
CCc1ccccc1N(CC(=O)NCc1ccccc1F)S(=O)(=O)c1ccc(C)cc1,Prostanoid EP1 receptor
Cc1ccc(-c2cc(Br)ccc2OCc2ccc(F)cc2F)n1-c1cccc(C(O)(C(F)(F)F)C(F)(F)F)c1,Prostanoid EP1 receptor
Cc1ccc(S(=O)(=O)N(Cc2nnc(Cc3c(Cl)cccc3Cl)o2)c2cccc(Cl)c2C)cc1,Prostanoid EP1 receptor
Cc1cc(NC(=O)C2CCCO2)nn1Cc1cc(Cl)ccc1OCc1ccccc1,Prostanoid EP1 receptor
O=C(O)c1cccc(-c2cnccc2-c2cc(Cl)ccc2OCc2ccccc2)c1,Prostanoid EP1 receptor
Cc1c(C(=O)O)cccc1-c1ccccc1-c1ccccc1OCc1ccccc1,Prostanoid EP1 receptor
Cc1cc(NC(=O)c2ccc3c(c2)CCNC3)nn1Cc1cc(Cl)ccc1OCC(C)C.Cl,Prostanoid EP1 receptor
COc1ccc(Cn2nc(C(=O)O)cc2C)n2nc(-c3ccccc3)cc12,Prostanoid EP1 receptor
CC(C)Cc1cn(-c2nc(C(=O)[O-])co2)c2cc(Cl)ccc12.[Na+],Prostanoid EP1 receptor
Cc1ccc(-c2ccccc2OCc2ccccc2)n1-c1cccc(C(=O)NS(=O)(=O)c2ccccc2)c1,Prostanoid EP1 receptor
O=C(CCSCc1ccco1)CNC(=O)N1Cc2ccccc2Oc2ccc(Cl)cc21,Prostanoid EP1 receptor
Cc1ccc(-c2cc(Br)ccc2OCc2ccc(F)cc2F)n1-c1cccc(-c2ccccn2)c1,Prostanoid EP1 receptor
Cc1cc(C(=O)O)nn1Cc1cc(Cl)cc2cc(C(C)(C)C)nn12,Prostanoid EP1 receptor
Cc1ccc(-c2cc(Br)ccc2OCc2ccc(F)cc2F)n1-c1cccc(-c2nc3ccccc3[nH]2)c1,Prostanoid EP1 receptor
Cc1ccc(-c2cc(Br)ccc2OCc2ccc(F)cc2F)n1-c1ccc(O)c(C(=O)O)c1,Prostanoid EP1 receptor
O=C(O)c1cccc(Cc2c(-c3cccc(Cl)c3)nn3cc(Cl)ccc23)n1,Prostanoid EP1 receptor
COC(=O)Nc1cc(C(=O)O)cc(-n2c(C)ccc2-c2cc(Cl)ccc2OCc2ccccc2)c1,Prostanoid EP1 receptor
O=C(O)c1cccc(Cc2c(-c3ccccc3)nn3cc(F)ccc23)n1,Prostanoid EP1 receptor
COC(=O)Nc1cc(C)n(Cc2cc(Cl)ccc2OCc2ccccc2)n1,Prostanoid EP1 receptor
Cc1ccc(-c2cc(Br)ccc2OCc2ccc(F)cc2F)n1-c1cc(N)cc(C(=O)O)c1,Prostanoid EP1 receptor
Cc1cc(NC(=O)OC(C)(C)C)nn1Cc1cc(Cl)ccc1OCC(C)C,Prostanoid EP1 receptor
Cc1ccc(S(=O)(=O)N(Cc2nnc(Cc3ccc(Cl)cc3Cl)o2)c2cccc(Cl)c2C)cc1,Prostanoid EP1 receptor
Cc1ccc(-c2cc(Cl)ccc2OCc2ccc(F)cc2F)n1-c1cc(C(=O)O)ccc1Cl,Prostanoid EP1 receptor
Cc1cc(NC(=O)c2cccc(CN(C)C)c2)nn1Cc1cc(Cl)ccc1OCC(C)C.Cl,Prostanoid EP1 receptor
CC(=O)Nc1cc(C(=O)O)cc(-n2c(C)ccc2-c2cc(Br)ccc2OCc2ccc(F)cc2)c1,Prostanoid EP1 receptor
CCNCc1ccc(C(=O)Nc2cc(C)n(Cc3cc(Cl)ccc3OCC(C)C)n2)cc1.Cl,Prostanoid EP1 receptor
Cc1cc(C(=O)O)nn1Cc1cc(Cl)cc2cc(C3CC3)nn12,Prostanoid EP1 receptor
COc1ccc(CCNC(=O)CN(c2cccc(C)c2)S(=O)(=O)c2ccc(C)cc2)cc1OC,Prostanoid EP1 receptor
O=C(O)c1csc(-n2nc(N3CCCCC3)c3ccccc32)n1,Prostanoid EP1 receptor
O=C(O)c1csc(-n2nc(-c3ccccc3)c(I)c2-c2ccccc2)n1,Prostanoid EP1 receptor
CCOc1ccc(Cc2nnc(CN(c3cccc(Cl)c3Cl)S(=O)(=O)c3ccc(C)cc3)o2)cc1,Prostanoid EP1 receptor
Cc1cc(C(=O)O)nn1Cc1cc(Br)ccc1OCc1ccc(Cl)c(C(F)(F)F)c1,Prostanoid EP1 receptor
Cc1ccc(-c2cc(Br)ccc2OCc2ccc(C(F)(F)F)cc2F)n1-c1cccc(C(=O)O)c1,Prostanoid EP1 receptor
O=C(O)c1csc(-n2nc(-c3ccccc3)c(F)c2-c2ccccc2)n1,Prostanoid EP1 receptor
CC(C)C(=O)Nc1cc(C(=O)O)cc(-c2ccccc2-c2cc(Cl)ccc2OCc2ccccc2)c1,Prostanoid EP1 receptor
O=C(O)c1cc(-c2cccs2)n(Cc2cc(Br)ccc2OCc2ccccc2)n1,Prostanoid EP1 receptor
CCc1ccccc1N(CC(=O)NCc1ccc(OC)cc1)S(=O)(=O)c1ccc(C)cc1,Prostanoid EP1 receptor
Cc1ccc(-c2cc(Br)ccc2OCc2ccc(F)cc2F)n1-c1cc(C(=O)O)cc(N2CCCCC2=O)c1,Prostanoid EP1 receptor
Cc1ccc(-c2cc(Br)ccc2OCc2ccc(F)cc2F)n1-c1cccc(C(=O)NS(C)(=O)=O)c1,Prostanoid EP1 receptor
CC(C)Cc1cn(-c2nc(CC(=O)[O-])cs2)c2cc(Cl)ccc12.[Na+],Prostanoid EP1 receptor
Cc1ccc(-c2cc(Cl)ccc2OCc2ccccc2)n1-c1cc(C(=O)O)cc(N2CCCS2(=O)=O)c1,Prostanoid EP1 receptor
COc1ccc(Cc2nnc(CN(c3cccc(Cl)c3Cl)S(=O)(=O)c3ccc(C)cc3)o2)cc1,Prostanoid EP1 receptor
Cc1ccc(-c2cc(Cl)ccc2OCc2ccccc2)n1-c1cccc(S(=O)(=O)NC(=O)c2ccccc2)c1,Prostanoid EP1 receptor
Cc1ccc(S(=O)(=O)N(CC(=O)NCCc2ccc(NS(C)(=O)=O)cc2)c2ccccc2C)cc1,Prostanoid EP1 receptor
COc1ccc2c(c1)cc(-c1ccccc1)n2Cc1cccc(C(=O)O)n1,Prostanoid EP1 receptor
Cc1cc(NC(=O)c2ccccc2)nn1Cc1cc(Cl)ccc1OCc1ccccc1,Prostanoid EP1 receptor
O=C(O)c1cncn1Cc1cc(Br)ccc1OCc1ccccc1,Prostanoid EP1 receptor
CCS(=O)(=O)CCC(=O)NNC(=O)N1Cc2ccccc2Oc2ccc(Cl)cc21,Prostanoid EP1 receptor
Cc1cc(C(=O)O)nn1Cc1cc(Br)ccc1OCc1ccc(F)cc1F,Prostanoid EP1 receptor
Cc1cc(NC(=O)c2cccc(CN3CCOCC3)c2)nn1Cc1cc(Cl)ccc1OCC(C)C.Cl,Prostanoid EP1 receptor
CCc1ccccc1N(CC(=O)NCCc1ccc(OC)c(OC)c1)S(=O)(=O)c1cccc(C)c1,Prostanoid EP1 receptor
O=C(O)c1cccc(-c2ncnn2-c2cc(Cl)ccc2OCc2ccccc2)c1,Prostanoid EP1 receptor
Cc1cc(NC(=O)CC2CCCCC2)nn1Cc1cc(Cl)ccc1OCc1ccccc1,Prostanoid EP1 receptor
Cc1ccc(-c2ccccc2OCc2ccccc2)n1-c1ccc(S(C)(=O)=O)cc1,Prostanoid EP1 receptor
Cc1ccc(-c2cc(Br)ccc2OCc2ccc(F)cc2F)n1-c1cccc(-c2cccnc2)c1,Prostanoid EP1 receptor
Cl.Cn1c(C(=O)O)cnc1Cc1cc(Cl)ccc1OCc1ccccc1,Prostanoid EP1 receptor
O=C([O-])c1cccc(Cc2cc(Cl)ccc2OCC2CC2)n1.[Na+],Prostanoid EP1 receptor
Cc1cc(C(=O)NCc2ccccc2)nn1Cc1cc(Cl)ccc1OCc1ccccc1,Prostanoid EP1 receptor
Cl.Cn1cc(C(=O)O)nc1Cc1cc(Cl)ccc1OCc1ccccc1,Prostanoid EP1 receptor
COc1ccc(CCNC(=O)CN(c2cccc(C(F)(F)F)c2)S(=O)(=O)c2ccc(C)cc2)cc1OC,Prostanoid EP1 receptor
Cc1c(-c2ccccc2)nn(-c2nc(C(=O)O)cs2)c1-c1ccsc1,Prostanoid EP1 receptor
CCc1ccccc1N(CC(=O)NCc1ccccc1OC)S(=O)(=O)c1ccc(C)cc1,Prostanoid EP1 receptor
C=Cc1ccc2c(Cc3cccc(C(=O)O)n3)c(-c3ccccc3)nn2c1,Prostanoid EP1 receptor
Cc1cc(C(=O)O)nn1Cc1cc(Cl)cc2sc(N3CC=CC3)nc12,Prostanoid EP1 receptor
O=C(O)c1cccc(Cc2c(-c3ccccc3Cl)nn3cc(Cl)ccc23)n1,Prostanoid EP1 receptor
O=C(O)c1csc(-n2nc(-c3ccccc3)c3ccncc32)n1,Prostanoid EP1 receptor
COc1cc2cc(-c3ccccc3)n(Cc3cccc(C(=O)O)n3)c2cc1C,Prostanoid EP1 receptor
Cc1cc(C(=O)O)nn1Cc1cc(Cl)cc2sc(N3CCCC3)nc12,Prostanoid EP1 receptor
CCc1ccccc1N(CC(=O)NCCc1ccc(OC)c(OC)c1)S(=O)(=O)c1ccc(C#N)cc1,Prostanoid EP1 receptor
Cc1cc(C(=O)O)nn1Cc1cc(Cl)cn2nc(C(C)C)cc12,Prostanoid EP1 receptor
CC1=CCCN(c2nc3c(Cn4nc(C(=O)O)cc4C)cc(Cl)cc3s2)C1,Prostanoid EP1 receptor
O=C([O-])c1ccc(Cc2cc(Cl)ccc2OCc2ccccc2)s1.[Na+],Prostanoid EP1 receptor
O=C(O)c1cccc(Cc2c(-c3ccsc3)nn3cc(Cl)ccc23)n1,Prostanoid EP1 receptor
CC(C)Cc1cn(-c2ncc(C(=O)[O-])s2)c2cc(Cl)ccc12.[Na+],Prostanoid EP1 receptor
Cc1c(N)cc(-n2c(C)ccc2-c2cc(Br)ccc2OCc2ccc(F)cc2)cc1C(=O)O,Prostanoid EP1 receptor
Cc1ccc(S(=O)(=O)N(CC(=O)NCc2ccc(Cl)cc2)c2ncccc2C)cc1,Prostanoid EP1 receptor
Cc1ccc(-c2cc(Cl)ccc2OCc2ccccc2)n1-c1cc(Br)cc(C(=O)O)c1,Prostanoid EP1 receptor
Cc1cc(C(=O)O)nn1Cc1cc(Cl)cc2sc(N3CCCCCC3)nc12,Prostanoid EP1 receptor
O=C(O)c1nn(Cc2cc(Br)ccc2OCc2ccccc2)cc1Br,Prostanoid EP1 receptor
CCN1CCc2ccc(C(=O)Nc3cc(C)n(Cc4cc(Cl)ccc4OCC(C)C)n3)cc2CC1.Cl,Prostanoid EP1 receptor
O=C([O-])c1cccc(-c2ccccc2-c2cc(Cl)ccc2OCc2ccc(Cl)cc2F)n1.[Na+],Prostanoid EP1 receptor
O=C([O-])c1cccc(Cc2cc(Cl)ccc2OCC2CCCC2)n1.[Na+],Prostanoid EP1 receptor
Cc1nnc(-c2cccc(-n3c(C)ccc3-c3cc(Br)ccc3OCc3ccc(F)cc3F)c2)o1,Prostanoid EP1 receptor
COc1cccc(-c2cc3cc(Cl)cc(Cn4nc(C(=O)O)cc4C)n3n2)c1,Prostanoid EP1 receptor
Cc1cc(NC(=O)c2ccc(C3CCCN3)cc2)nn1Cc1cc(Cl)ccc1OCC(C)C.Cl,Prostanoid EP1 receptor
Cc1cc(C(=O)Nc2ccccc2)nn1Cc1cc(Cl)ccc1OCc1ccccc1,Prostanoid EP1 receptor
Cc1cc(C(=O)O)nn1Cc1cc(Cl)cc2sc(N(C)C)nc12,Prostanoid EP1 receptor
Cc1ccc(OCc2ccc(F)cc2)c(-c2ccc(C)n2-c2cc(N)c(C)c(C(=O)O)c2)c1,Prostanoid EP1 receptor
Cc1cc(C(=O)O)nn1Cc1cc(Cl)cc2cc(-c3ccccc3)nn12,Prostanoid EP1 receptor
Cc1ccc(-c2cc(Br)ccc2OCc2ccccc2Cl)n1-c1cccc(C(=O)O)c1,Prostanoid EP1 receptor
COc1cccc(-c2nn3cc(Cl)ccc3c2Cc2cccc(C(=O)O)n2)c1,Prostanoid EP1 receptor
Cc1ccc(-c2cc(Cl)ccc2OCc2ccccc2)n1-c1ccc(C(=O)NCc2ccccc2)cc1,Prostanoid EP1 receptor
Nc1ccc2c(-c3ccccc3)nn(-c3nc(C(=O)O)cs3)c2c1,Prostanoid EP1 receptor
COc1ccc(-c2cc3cc(Cl)cc(Cn4nc(C(=O)O)cc4C)n3n2)cc1,Prostanoid EP1 receptor
Cc1cc(C(=O)Nc2ccc(CN3CCCCC3)cc2)nn1Cc1cc(Cl)ccc1OCc1ccccc1.Cl,Prostanoid EP1 receptor
Cc1ccc(S(=O)(=O)N(CC(=O)NCc2ccc(Cl)cc2)c2cccnc2C)cc1,Prostanoid EP1 receptor
Cc1cc(NC(=O)C2CCOC2)nn1Cc1cc(Cl)ccc1OCc1ccccc1,Prostanoid EP1 receptor
CCc1ccccc1N(Cc1nnc(Oc2ccc(OC)cc2)o1)S(=O)(=O)c1ccc(C)cc1,Prostanoid EP1 receptor
Cc1cc(C(=O)Nc2ccc(CN3CCCC3)cc2)nn1Cc1cc(Cl)ccc1OCC(C)C.Cl,Prostanoid EP1 receptor
O=C(O)c1csc(-n2nc(-c3ccccc3)c(C(F)(F)F)c2-c2ccccc2)n1,Prostanoid EP1 receptor
CC(C)C(=O)c1cn(-c2nc(C(=O)[O-])cs2)c2cc(Cl)ccc12.[Na+],Prostanoid EP1 receptor
CCc1ccccc1N(CC(=O)NCCc1ccc(OC)c(OC)c1)S(=O)(=O)c1ccccc1Cl,Prostanoid EP1 receptor
CNc1nc2c(Cn3nc(C(=O)O)cc3C)cc(Cl)cc2s1,Prostanoid EP1 receptor
Cc1ccc(-c2cc(Cl)ccc2OCC(C)C)n1-c1cccc(C(=O)O)c1,Prostanoid EP1 receptor
Cc1cc(C(=O)O)nn1Cc1cc(Cl)cc2cc(C3CCCCC3)nn12,Prostanoid EP1 receptor
Cc1ccc(-c2cc(Br)ccc2OCc2c(F)cccc2F)n1-c1cccc(C(=O)O)c1,Prostanoid EP1 receptor
O=C(O)c1nn(Cc2cc(Br)ccc2OCc2ccccc2)cc1C(F)(F)F,Prostanoid EP1 receptor
Cc1ccc(-c2cc(-c3ccccc3)ccc2OCc2ccccc2)n1-c1cccc(C(=O)O)c1,Prostanoid EP1 receptor
O=C([O-])c1cccc(Cc2cc(Cl)ccc2OCc2ccccc2)c1.[Na+],Prostanoid EP1 receptor
C=C(C)c1ccc2c(Cc3cccc(C(=O)O)n3)c(-c3ccccc3)nn2c1,Prostanoid EP1 receptor
CCCC(=O)Nc1cc(C(=O)O)cc(-c2ccccc2-c2cc(Cl)ccc2OCc2ccccc2)c1,Prostanoid EP1 receptor
Cc1cc(NC(=O)OC(C)(C)C(F)(F)F)nn1Cc1cc(Cl)ccc1OCC(C)C,Prostanoid EP1 receptor
O=C([O-])c1cccc(Cc2cc(Cl)ccc2OCc2ccccc2)n1.[Na+],Prostanoid EP1 receptor
CCc1ccccc1N(CC(=O)NCCc1ccc(OC)c(OC)c1)S(=O)(=O)c1ccc(OC)cc1,Prostanoid EP1 receptor
Cc1ccc(-c2cc(Cl)ccc2OCc2ccccc2)n1-c1cccc(C(N)=O)c1,Prostanoid EP1 receptor
COc1ccc(CCNC(=O)CN(c2ccc(Cl)cc2)S(=O)(=O)c2ccc(C)cc2)cc1OC,Prostanoid EP1 receptor
Cc1cc(NC(=O)C(C)C)nn1Cc1cc(Cl)ccc1OCc1ccccc1,Prostanoid EP1 receptor
O=C(O)c1nn(Cc2cc(Br)ccc2OCc2ccccc2)cc1CO,Prostanoid EP1 receptor
Cc1cc(NC(=O)C(C)(C)c2ccccn2)nn1Cc1cc(Cl)ccc1OCc1ccccc1,Prostanoid EP1 receptor
CCc1cc(C(=O)O)nn1Cc1cc(Cl)cc2cc(-c3ccccc3)nn12,Prostanoid EP1 receptor
Cc1ccc(COc2ccc(Br)cc2-c2ccc(C)n2-c2cccc(C(=O)O)c2)cc1,Prostanoid EP1 receptor
Cc1c(-c2ccccc2)nn(-c2nc(/C=C/C(=O)O)cs2)c1-c1ccccc1,Prostanoid EP1 receptor
COc1cc2cc(-c3ccsc3)n(Cc3cccc(C(=O)O)n3)c2cc1Cl,Prostanoid EP1 receptor
COc1ccc2c(c1)cc(-c1cccc(F)c1)n2Cc1cccc(C(=O)O)c1,Prostanoid EP1 receptor
O=C(O)c1csc(-n2nc(-c3ccccc3)c(Br)c2-c2ccccc2)n1,Prostanoid EP1 receptor
O=C(Cc1ccccn1)Nc1ccn(Cc2cc(Cl)ccc2OCc2ccccc2)n1,Prostanoid EP1 receptor
Cc1cc(C(=O)Nc2c(F)cccc2F)nn1Cc1cc(Cl)ccc1OCc1ccccc1,Prostanoid EP1 receptor
Cc1cc(-c2nc3ccccc3[nH]2)nn1Cc1cc(Cl)cc2cc(C(C)C)oc12,Prostanoid EP1 receptor
O=C(O)c1csc(-n2nc(-c3ccccc3)c3ccc(F)cc32)n1,Prostanoid EP1 receptor
Cc1cc(NC(=O)C(F)(F)c2ccccn2)nn1Cc1cc(Cl)ccc1OCc1ccccc1,Prostanoid EP1 receptor
CCn1nccc1N(CC(=O)NCc1ccc(Cl)cc1)S(=O)(=O)c1ccc(C)cc1,Prostanoid EP1 receptor
CCc1ccccc1N(CC(=O)NCCc1ccc(OC)c(OC)c1)S(=O)(=O)c1ccccc1C,Prostanoid EP1 receptor
Cc1ccc(S(=O)(=O)N(Cc2nnc(Cc3ccc(N(C)C)cc3)o2)c2cccc(Cl)c2C)cc1,Prostanoid EP1 receptor
COc1ccc(CCNC(=O)CN(c2ccccc2C)S(=O)(=O)c2ccc(C)cc2)c(F)c1OC,Prostanoid EP1 receptor
Cc1ccc(-c2cc(Br)ccc2OCc2ccc(F)cc2F)n1-c1ccc(C(=O)N(C)C)cc1,Prostanoid EP1 receptor
Cc1cc(C(N)=O)nn1Cc1cc(Cl)ccc1OCc1ccccc1,Prostanoid EP1 receptor
Cc1cc(C(=O)O)nn1Cc1cccc2cc(-c3ccccc3)nn12,Prostanoid EP1 receptor
Cc1ccc(-c2cc(Br)ccc2OCc2cccc(OC(F)F)c2)n1-c1cccc(C(=O)O)c1,Prostanoid EP1 receptor
Cc1cc(NC(=O)CC(C)(C)C)nn1Cc1cc(Cl)ccc1OCc1ccccc1,Prostanoid EP1 receptor
CC(C)Cc1cn(-c2nc(C(=O)[O-])cs2)c2ccc(Cl)cc12.[Na+],Prostanoid EP1 receptor
CC(C)(C)c1nn2cc(Cl)ccc2c1Cc1cccc(C(=O)O)n1,Prostanoid EP1 receptor
CNCc1ccc(NC(=O)c2cc(C)n(Cc3cc(Cl)ccc3OCc3ccccc3)n2)cc1.Cl,Prostanoid EP1 receptor
Cc1ccc(-c2cc(Br)ccc2OCc2ccc(Cl)cc2)n1-c1cccc(C(=O)O)c1,Prostanoid EP1 receptor
CN(C)CCc1cn(-c2nc(C(=O)[O-])cs2)c2cc(Cl)ccc12.[Na+],Prostanoid EP1 receptor
CCCCc1cc(C(=O)O)nn1Cc1cc(Br)ccc1OCc1ccccc1,Prostanoid EP1 receptor
CCc1ccc(-c2cc(Cl)ccc2OCc2ccccc2)n1-c1cccc(C(=O)O)c1,Prostanoid EP1 receptor
CC(C)(C)c1cc(-c2ccccc2)nn1-c1nc(C(=O)O)cs1,Prostanoid EP1 receptor
Cc1c(-c2ccccc2)nn(-c2nc(C(=O)O)co2)c1-c1ccccc1,Prostanoid EP1 receptor
COc1ccc(Nc2nnc(CN(c3cccc(Cl)c3Cl)S(=O)(=O)c3ccc(C)cc3)o2)cc1,Prostanoid EP1 receptor
O=C(O)c1csc(-n2nc(-c3ccccc3)c3cc(F)ccc32)n1,Prostanoid EP1 receptor
O=C([O-])c1nc(Cc2cc(Cl)ccc2OCc2ccccc2)cs1.[Na+],Prostanoid EP1 receptor
Cc1cc(Cn2nc(C(=O)O)cc2C)n2nc(-c3ccccc3)cc2c1,Prostanoid EP1 receptor
Cc1cc(C(=O)O)nn1Cc1cc(Cl)cc2sc(C3=CCCCC3)nc12,Prostanoid EP1 receptor
Cc1cc(C(=O)[O-])nn1Cc1cc(Cl)ccc1OCc1ccccc1.[Na+],Prostanoid EP1 receptor
Cc1ccc(-c2cc(S(C)(=O)=O)ccc2OCc2ccccc2)n1-c1cccc(C(=O)O)c1,Prostanoid EP1 receptor
Cc1cc(C(=O)O)nn1Cc1cccc2sc(N3CC=CCC3)nc12,Prostanoid EP1 receptor
Cc1cc(C(=O)O)nn1Cc1cc(Cl)cc2sc(-c3ccccc3)nc12,Prostanoid EP1 receptor
O=C(O)c1cccc(Cc2c(N3CCCCCC3)nn3cc(Cl)ccc23)n1,Prostanoid EP1 receptor
Cc1cc(C(=O)NN2CCOCC2)nn1Cc1cc(Cl)cc2cc(C(C)C)oc12,Prostanoid EP1 receptor
Cc1ccc(-c2cc(Cl)ccc2OCc2ccccc2)n1-c1ccc(C(=O)N[C@@H](C)c2ccccc2)cc1,Prostanoid EP1 receptor
Cc1cc(C(=O)O)nn1Cc1cc(C(F)(F)F)cc2cc(-c3ccccc3)nn12,Prostanoid EP1 receptor
CN(C)Cc1cn(-c2nc(C(=O)[O-])cs2)c2cc(Cl)ccc12.[Na+],Prostanoid EP1 receptor
Cc1cc(C(=O)N[C@H]2CC[C@H](O)CC2)nn1Cc1cc(Cl)cc2cc(-c3ccccc3)oc12,Prostanoid EP1 receptor
Cl.O=C(O)c1c[nH]c(Cc2cc(Cl)ccc2OCc2ccccc2)n1,Prostanoid EP1 receptor
Cc1ccc(-c2cc(Cl)ccc2OCc2ccc(F)cc2F)n1-c1cccc(C(=O)O)c1,Prostanoid EP1 receptor
Cc1c(N)cc(-n2c(C)ccc2-c2cc(Cl)ccc2OCc2ccccc2)cc1C(=O)O,Prostanoid EP1 receptor
Cc1cc(C(=O)NC(C)(C)C)nn1Cc1cc(Cl)cc2cc(-c3ccccc3)oc12,Prostanoid EP1 receptor
Cc1ccc(-c2cc(Br)ccc2OCc2ccc(F)cc2F)n1-c1ccc(-c2cnc[nH]2)cc1,Prostanoid EP1 receptor
Cc1cc(NC(=O)C2CCNCC2)nn1Cc1cc(Cl)cc2cc(-c3ccccc3)oc12,Prostanoid EP1 receptor
Cc1ccc(-c2cc(Br)ccc2OCc2ccccc2)n1-c1cccc(S(C)(=O)=O)c1,Prostanoid EP1 receptor
CCCCOc1ccc(Cl)cc1-c1ccccc1-c1cccc(C(=O)[O-])n1.[Na+],Prostanoid EP1 receptor
Cc1c(-c2ccccc2)nn(-c2nc(C(=O)O)cs2)c1C(F)(F)F,Prostanoid EP1 receptor
C=Cc1cc(Cn2nc(C(=O)O)cc2C)n2nc(-c3ccccc3)cc2c1,Prostanoid EP1 receptor
Cc1cc(C(=O)O)nn1Cc1cc(F)ccc1OCc1ccc(Cl)cc1Cl,Prostanoid EP1 receptor
CC(C)Cc1cn(-c2ccc(C(=O)[O-])s2)c2cc(Cl)ccc12.[Na+],Prostanoid EP1 receptor
Cc1ccc(S(=O)(=O)N(Cc2nnc(Cc3ccccc3F)o2)c2cccc(Cl)c2C)cc1,Prostanoid EP1 receptor
COc1ccc2c(-c3ccccc3)nn(-c3nc(C(=O)O)cs3)c2c1,Prostanoid EP1 receptor
CCC(C)c1cc2cc(OC)c(Cl)cc2n1Cc1cccc(C(=O)O)n1,Prostanoid EP1 receptor
Cc1cc(NC(=O)C2CCOCC2)nn1Cc1cc(Cl)ccc1OCc1ccccc1,Prostanoid EP1 receptor
CNCc1ccc(NC(=O)c2cc(C)n(Cc3cc(Cl)ccc3OCC(C)C)n2)cc1.Cl,Prostanoid EP1 receptor
O=C([O-])c1csc(Cc2cc(Cl)ccc2OCc2ccccc2)c1.[Na+],Prostanoid EP1 receptor
CCc1ccccc1N(CC(=O)NCc1cccc(OC(F)(F)F)c1)S(=O)(=O)c1ccc(C)cc1,Prostanoid EP1 receptor
O=C(Nc1ccn(Cc2cc(Cl)ccc2OCc2ccccc2)n1)c1ccccc1,Prostanoid EP1 receptor
C=C(C)c1cc(Cn2nc(C(=O)O)cc2C)c2nc(N3CC=CCC3)sc2c1,Prostanoid EP1 receptor
O=C(O)c1cccc(Cc2c(-c3cccs3)nn3cc(Cl)ccc23)n1,Prostanoid EP1 receptor
O=C(O)c1cccc(-c2ccccc2-c2cc(Cl)ccc2OCc2ccccc2)n1,Prostanoid EP1 receptor
Cc1cc(NC(=O)Cc2ccncc2)nn1Cc1cc(Cl)ccc1OCc1ccccc1,Prostanoid EP1 receptor
Cc1ccc(-c2cc(Br)ccc2OCc2ccccc2)n1-c1ccc(OC(F)F)c(C(=O)O)c1,Prostanoid EP1 receptor
O=C(O)c1ccc(-c2ccccc2-c2cc(Cl)ccc2OCc2ccccc2)cc1,Prostanoid EP1 receptor
COc1ccc2c(c1)cc(-c1ccc(F)cc1)n2Cc1cccc(C(=O)O)c1,Prostanoid EP1 receptor
Cc1cc(C(=O)O)nn1Cc1cc(Br)ccc1OCc1cccc([N+](=O)[O-])c1,Prostanoid EP1 receptor
CC(=O)Nc1cccc(-n2c(C)ccc2-c2cc(Cl)ccc2OCc2ccccc2)c1,Prostanoid EP1 receptor
Cc1cc(OCc2ccc(/C=C/C(=O)O)cc2C)c(N(CC(C)C)S(=O)(=O)c2cccnc2)cc1C,Prostanoid EP1 receptor
Cc1ccc(-c2cc(C(F)(F)F)ccc2OCc2ccc(F)cc2)n1-c1ccc(F)c(C(=O)O)c1,Prostanoid EP1 receptor
CCc1c(-c2ccccc2)nn(-c2nc(C(=O)O)cs2)c1-c1ccccc1,Prostanoid EP1 receptor
Cc1ccc(-c2cc(Br)ccc2OCc2ccc(F)cc2)n1-c1cc(C(=O)O)c2ccccc2c1,Prostanoid EP1 receptor
Cc1cc(C(=O)O)nn1Cc1ccc(Cl)c2cc(-c3ccccc3)nn12,Prostanoid EP1 receptor
O=C(O)c1csc(-n2nc(-c3ccc(O)cc3)cc2C(F)(F)F)n1,Prostanoid EP1 receptor
Cc1ccc(-c2cc(Br)ccc2OCc2ccc(F)cc2F)n1-c1cc(C(=O)O)c2ccccc2c1,Prostanoid EP1 receptor
N#Cc1ccc2c(Cc3cccc(C(=O)O)n3)c(-c3ccccc3)nn2c1,Prostanoid EP1 receptor
CCc1ccc(-c2cc(Br)ccc2OCc2ccccc2)n1-c1cccc(C(=O)O)c1,Prostanoid EP1 receptor
O=C([O-])c1csc(-n2ccc3ccc(Cl)cc32)n1.[Na+],Prostanoid EP1 receptor
Cc1c(-c2ccccc2)nc(-c2nc(C(=O)O)cs2)n1-c1ccccc1,Prostanoid EP1 receptor
COc1cc2cc(-c3ccccc3)n(Cc3ccc(C(=O)O)o3)c2cc1Cl,Prostanoid EP1 receptor
CCOc1ccc(Cc2nnc(CN(c3cccc(Cl)c3Cl)S(=O)(=O)c3ccc(C(F)(F)F)cc3)o2)cc1,Prostanoid EP1 receptor
Cc1ccc(-c2ccccc2OCc2ccc(F)cc2F)n1-c1cccc(C(N)=O)c1,Prostanoid EP1 receptor
COc1cc2cc(-c3cccnc3)n(Cc3cccc(C(=O)O)n3)c2cc1F,Prostanoid EP1 receptor
O=C(O)c1csc(-n2nc(-c3ccc(Cl)cc3)c3ccccc32)n1,Prostanoid EP1 receptor
Cc1cc(C(=O)[O-])nn1C(C)c1cc(Cl)ccc1OCc1ccccc1.[Na+],Prostanoid EP1 receptor
CC(C)COc1ccc(Cl)cc1Cc1ccc(C(=O)[O-])o1.[Na+],Prostanoid EP1 receptor
O=C(O)c1cccc(-c2ccccc2-c2cc(Cl)ccc2OCc2ccc(F)cc2)n1,Prostanoid EP1 receptor
O=C([O-])c1ccc(Cc2cc(Cl)ccc2OCc2ccccc2)o1.[Na+],Prostanoid EP1 receptor
O=C(O)c1csc(-n2nc(-c3cncnc3)c3ccccc32)n1,Prostanoid EP1 receptor
Cc1ccc(-c2cc(Br)ccc2OCC(C)C)n1-c1cccc(C(=O)O)c1,Prostanoid EP1 receptor
Cc1cc(C(=O)O)nn1Cc1cc(Cl)cc2sc(N3CCC3)nc12,Prostanoid EP1 receptor
Cc1cc(NC(=O)OC2CCOCC2)nn1Cc1cc(Cl)ccc1OCC(C)C,Prostanoid EP1 receptor
Cc1ccc(S(=O)(=O)N(CC(C)C)c2cc(C)c(C)cc2OCc2ccc(C(=O)O)cc2C)o1,Prostanoid EP1 receptor
CC(C)Cc1nn2cc(Cl)ccc2c1Cc1cccc(C(=O)O)n1,Prostanoid EP1 receptor
Cc1cc(C(N)=O)nn1Cc1cc(Cl)ccc1OCC(C)C,Prostanoid EP1 receptor
CCS(=O)(=O)CCC(=O)NCC(=O)N1Cc2ccccc2Oc2ccc(Cl)cc21,Prostanoid EP1 receptor
Cc1cc(NC(=O)c2ccc(CO)cc2)nn1Cc1cc(Cl)ccc1OCC(C)C.Cl,Prostanoid EP1 receptor
CCC(=O)Nc1cc(C(=O)O)cc(-c2ccccc2-c2cc(Cl)ccc2OCc2ccccc2)c1,Prostanoid EP1 receptor
Cc1ccc(-c2cc(Cl)ccc2OCc2ccc(F)cc2)n1-c1cc(NS(C)(=O)=O)cc(C(=O)O)c1,Prostanoid EP1 receptor
CC(=O)Nc1cc(C(=O)O)cc(-c2ccccc2-c2cc(Cl)ccc2OCc2ccccc2)c1,Prostanoid EP1 receptor
O=C(O)c1ccn(Cc2cc(Cl)cc3sc(N4CC=CCC4)nc23)c1,Prostanoid EP1 receptor
COc1cc2cc(-c3ccccc3F)n(Cc3cccc(C(=O)O)n3)c2cc1F,Prostanoid EP1 receptor
Cc1ccc(S(=O)(=O)N(CC(=O)NCc2ccc(Cl)cc2)c2cccnc2)cc1,Prostanoid EP1 receptor
COc1ccc(-c2cc(C(F)(F)F)n(-c3nc(C(=O)O)cs3)n2)cc1,Prostanoid EP1 receptor
COc1ccc(-n2c(C)ccc2-c2cc(Br)ccc2OCc2ccc(F)cc2F)cc1C(=O)O,Prostanoid EP1 receptor
Cc1cc(C(=O)O)nn1Cc1cc(Cl)cc2cc(-c3ccc(Cl)cc3)nn12,Prostanoid EP1 receptor
CCOc1ccc(Cc2nnc(CN(c3cccc(Cl)c3C)S(=O)(=O)c3ccc(C)cc3)o2)cc1,Prostanoid EP1 receptor
O=C(O)c1cccc(-c2ccccc2-c2ccc(Cl)cc2OCc2ccccc2)c1,Prostanoid EP1 receptor
Cc1cc(NC(=O)c2ccc(CN3CCCC3)cc2)nn1Cc1cc(Cl)ccc1OCC(C)C.Cl,Prostanoid EP1 receptor
O=C(O)c1csc(-n2nc(C3=CCCC3)c3ccccc32)n1,Prostanoid EP1 receptor
Cc1ccc(-c2cc(Cl)ccc2OCc2ccccc2)n1-c1cccc(C(=O)NCc2ccccc2)c1,Prostanoid EP1 receptor
Cc1cc(NC(=O)C2CCCC2)nn1Cc1cc(Cl)ccc1OCC(C)C,Prostanoid EP1 receptor
O=C(CCc1ccncc1)NNC(=O)N1Cc2ccccc2Oc2ccc(Cl)cc21,Prostanoid EP1 receptor
CC(C)Cc1cn(-c2cccc(C(=O)[O-])c2)c2cc(Cl)ccc12.[Na+],Prostanoid EP1 receptor
O=C([O-])c1cccc(Nc2ccccc2OCc2ccccc2)n1.[Na+],Prostanoid EP1 receptor
O=C([O-])c1csc(Nc2cc(Cl)ccc2OCc2ccccc2)n1.[Na+],Prostanoid EP1 receptor
Cc1ccc(-c2cc(Cl)ccc2OCc2ccccc2)n1-c1ccc(C(=O)NCc2cccnc2)cc1,Prostanoid EP1 receptor
O=C(O)c1csc(-n2nc(-c3cccc(F)c3)c3ccccc32)n1,Prostanoid EP1 receptor
CCc1ccccc1N(CC(=O)NCc1ccc(Br)cc1)S(=O)(=O)c1ccc(C)cc1,Prostanoid EP1 receptor
O=C(O)c1csc(-n2cc(-c3ccccc3)c3ccccc32)n1,Prostanoid EP1 receptor
Cc1nc(-c2cccc(-n3c(C)ccc3-c3cc(Br)ccc3OCc3ccc(F)cc3F)c2)no1,Prostanoid EP1 receptor
CCc1ccccc1N(CC(=O)NCc1ccc(OC)c(OC)c1)S(=O)(=O)c1ccc(C)cc1,Prostanoid EP1 receptor
Cc1ccc(-c2cc(Br)ccc2OCc2ccccc2)n1-c1cc(N)cc(C(=O)O)c1,Prostanoid EP1 receptor
Cc1ccc(S(=O)(=O)N(Cc2nnc(Cc3ccc(F)cc3)o2)c2cccc(Cl)c2C)cc1,Prostanoid EP1 receptor
Cc1ccc(S(=O)(=O)N(Cc2nnc(Cc3cccc(F)c3)o2)c2cccc(Cl)c2C)cc1,Prostanoid EP1 receptor
Cc1csc(S(=O)(=O)N(c2cc(C)c(C)cc2OCc2ccc(-c3noc(=O)[nH]3)cc2)C(C)C)n1,Prostanoid EP1 receptor
COc1ccc(CCNC(=O)CN(c2cccc(Br)c2)S(=O)(=O)c2ccc(C)cc2)cc1OC,Prostanoid EP1 receptor
CC(C)c1cc(C(=O)O)nn1Cc1cc(Cl)cc2cc(-c3ccccc3)nn12,Prostanoid EP1 receptor
COc1ccc(Nc2nnc(CN(c3cccc(Cl)c3C)S(=O)(=O)c3ccc(C)cc3)o2)cc1,Prostanoid EP1 receptor
Cc1cc(C(=O)NN2CCCCC2)nn1Cc1cc(Cl)cc2cc(C(C)C)oc12,Prostanoid EP1 receptor
Cc1cc(C(=O)NC2CCNCC2)nn1Cc1cc(Cl)cc2cc(C(C)C)oc12,Prostanoid EP1 receptor
O=C(O)c1csc(-n2nc(-c3ccccc3)c3c2CCCCC3)n1,Prostanoid EP1 receptor
Cc1noc(C)c1COc1ccc(Br)cc1-c1ccc(C)n1-c1cccc(C(=O)O)c1,Prostanoid EP1 receptor
CC(=O)Nc1cc(C(=O)O)cc(-n2c(C)ccc2-c2cc(C(F)(F)F)ccc2OCc2ccccc2)c1,Prostanoid EP1 receptor
Cc1cc(C(=O)O)nn1Cc1cc(OC(F)(F)F)cc2sc(N3CC=CCC3)nc12,Prostanoid EP1 receptor
O=C(O)c1cccc(Cc2c(N3CCOCC3)nn3cc(Cl)ccc23)n1,Prostanoid EP1 receptor
Cc1cc(C(=O)O)nn1Cc1cc(C(=O)O)cc2sc(N3CC=CCC3)nc12,Prostanoid EP1 receptor
Cc1c(-c2ccccc2)nn(-c2cncc(C(=O)O)c2)c1-c1ccccc1,Prostanoid EP1 receptor
Cc1ccc(-c2cc(Cl)ccc2OCc2ccccc2)n1-c1cc(C(=O)O)c2ccccc2c1,Prostanoid EP1 receptor
Cc1ccc(-c2cc(Cl)ccc2OCc2ccccc2)n1-c1ccc(C(=O)NCc2ccncc2)cc1,Prostanoid EP1 receptor
CCNCc1cccc(C(=O)Nc2cc(C)n(Cc3cc(Cl)ccc3OCC(C)C)n2)c1.Cl,Prostanoid EP1 receptor
Cc1ccc(-c2cc(F)ccc2OCc2ccc(F)cc2)n1-c1cc(C(=O)O)c2ccccc2c1,Prostanoid EP1 receptor
Cc1cc(C(=O)O)nn1Cc1cc(Cl)cc2sc(N3CCOCC3)nc12,Prostanoid EP1 receptor
Cc1ccc(-c2cc(Br)ccc2OCc2ccc(F)cc2F)n1-c1cccc(-c2ncccn2)c1,Prostanoid EP1 receptor
Cc1cc(C(=O)O)nn1Cc1cc(Br)ccc1OCc1cccc(C(F)(F)F)c1,Prostanoid EP1 receptor
Cc1cc(NC(=O)c2ccc(CN(C)C)cc2)nn1Cc1cc(Cl)ccc1OCC(C)C.Cl,Prostanoid EP1 receptor
O=C([O-])c1cccc(Cc2cc(Cl)ccc2OCC2CCCCC2)n1.[Na+],Prostanoid EP1 receptor
Cc1cc(NC(=O)C2(F)CCNCC2)nn1Cc1cc(Cl)cc2cc(-c3ccccc3)oc12,Prostanoid EP1 receptor
Cc1ccc(-c2cc(Br)ccc2OCc2ccc(F)cc2F)n1-c1cc(C(=O)O)cc(N2CCCC2=O)c1,Prostanoid EP1 receptor
Cc1ccc(-c2cc(Br)ccc2OCc2ccc(F)cc2F)n1-c1cc(Cl)cc(C(=O)O)c1,Prostanoid EP1 receptor
Cc1ccc(-c2cc(Cl)ccc2OCc2ccccc2)n1-c1ccc(C(=O)NCc2ccccn2)cc1,Prostanoid EP1 receptor
Cc1cc(NC(=O)c2cccc(CN3CCCC3)c2)nn1Cc1cc(Cl)ccc1OCC(C)C.Cl,Prostanoid EP1 receptor
Cc1ccc(-c2cc(Br)ccc2OCc2ccc(F)cc2Cl)n1-c1cccc(C(=O)O)c1,Prostanoid EP1 receptor
O=C(O)c1csc(-n2nc(-c3ccccc3)c3c(F)cccc32)n1,Prostanoid EP1 receptor
Cc1cc(C(=O)Nc2ccccn2)nn1Cc1cc(Cl)ccc1OCc1ccccc1,Prostanoid EP1 receptor
Cc1cc(C(=O)O)nn1Cc1cc(Cl)cc2cc(C(C)(C)C)oc12,Prostanoid EP1 receptor
CCCOc1ccc(Cl)cc1-c1ccccc1-c1cccc(C(=O)[O-])n1.[Na+],Prostanoid EP1 receptor
Cc1ccc(-c2cc(Cl)ccc2OCc2ccc(F)cc2)n1-c1cccc(C(=O)O)c1,Prostanoid EP1 receptor
COc1ccc2c(c1)cc(-c1ccccc1F)n2Cc1cccc(C(=O)O)c1,Prostanoid EP1 receptor
Cc1cc(C(=O)O)nn1Cc1cc(Cl)cc2sc(N3CCN(C)CC3)nc12,Prostanoid EP1 receptor
CCc1ccccc1N(CC(=O)NCCc1ccc(OC)c(OC)c1)S(=O)(=O)c1ccccc1C#N,Prostanoid EP1 receptor
Cc1ccc(-c2cc(Br)ccc2OCc2cc(F)ccc2F)n1-c1cccc(C(=O)O)c1,Prostanoid EP1 receptor
CC(C)c1cn(-c2nc(C(=O)[O-])cs2)c2cc(Cl)ccc12.[Na+],Prostanoid EP1 receptor
CC(=O)c1cc(Cn2nc(C(=O)O)cc2C)c2nc(N3CC=CCC3)sc2c1,Prostanoid EP1 receptor
C=C(C)c1nc2c(Cn3nc(C(=O)O)cc3C)cc(Cl)cc2s1,Prostanoid EP1 receptor
COc1ccc2c(c1)cc(-c1cccc(F)c1)n2Cc1ccc(C(=O)O)o1,Prostanoid EP1 receptor
COc1cc(Cn2nc(C(=O)O)cc2C)c2nc(N3CC=CCC3)sc2c1,Prostanoid EP1 receptor
CCNCc1ccc(NC(=O)c2cc(C)n(Cc3cc(Cl)ccc3OCC(C)C)n2)cc1.Cl,Prostanoid EP1 receptor
Cc1ccc(-c2cc(Cl)ccc2OCc2ccccc2)n1-c1ccc(C(=O)N[C@H](C)c2ccccc2)cc1,Prostanoid EP1 receptor
COc1cc2cc(-c3cccc(F)c3)n(Cc3cccc(C(=O)O)n3)c2cc1F,Prostanoid EP1 receptor
O=C(O)c1nn(Cc2cc(Br)ccc2OCc2ccccc2)cc1F,Prostanoid EP1 receptor
Cc1cc(C(=O)O)nn1Cc1cc(Br)ccc1OCc1ccc(C(F)(F)F)cc1,Prostanoid EP1 receptor
O=C(NCCc1cccs1)NS(=O)(=O)c1ccccc1-c1ccc(CN2C(=O)c3ccccc3Oc3ccccc32)cc1,Prostanoid EP1 receptor
Cc1cc(C(=O)O)nn1Cc1cc(Cl)cc2cc(-c3ccccc3)oc12,Prostanoid EP1 receptor
Cc1ccc(-c2cc(Cl)ccc2OCc2ccccc2)n1-c1cccc(C(=O)N[C@H](C)c2ccccc2)c1,Prostanoid EP1 receptor
Cc1cc(C(=O)NC(C)C)nn1Cc1cc(Cl)cc2cc(-c3ccccc3)oc12,Prostanoid EP1 receptor
Cc1ccc(-c2cc(Br)ccc2OCc2ccc(F)cc2F)n1-c1cc(C(=O)O)cc(C(F)(F)F)c1,Prostanoid EP1 receptor
O=C(O)c1cccc(Cc2c(-c3ccoc3)nn3cc(Cl)ccc23)n1,Prostanoid EP1 receptor
Cc1cc(NC(=O)c2ccc(CN3CCCCC3)cc2)nn1Cc1cc(Cl)ccc1OCC(C)C.Cl,Prostanoid EP1 receptor
COc1ccc(CCNC(=O)CN(c2ccc(Br)cc2)S(=O)(=O)c2ccc(C)cc2)cc1OC,Prostanoid EP1 receptor
Cc1cc(C(=O)O)nn1Cc1cc(N)cc2sc(N3CC=CCC3)nc12,Prostanoid EP1 receptor
O=C(O)c1csc(-n2nc(-c3ccccc3)c3ccc(O)cc32)n1,Prostanoid EP1 receptor
COc1ccc(CCNC(=O)CN(c2ccccc2C)S(=O)(=O)c2ccc(C)cc2)cc1OC,Prostanoid EP1 receptor
CCc1ccccc1N(Cc1nnc(CNc2ccc(OC)cc2)o1)S(=O)(=O)c1ccc(C)cc1,Prostanoid EP1 receptor
O=C(O)c1csc(-n2nc(-c3ccccc3)c3cnccc32)n1,Prostanoid EP1 receptor
Cc1ccc(-c2cc(Br)ccc2OCc2ccc(F)cc2)n1-c1ccc(Cl)c(C(=O)O)c1,Prostanoid EP1 receptor
O=C([O-])c1cccc(Cc2cc(Cl)ccc2OCc2ccc(F)cc2F)n1.[Na+],Prostanoid EP1 receptor
Cc1ccc(OCc2ccc(F)cc2)c(-c2ccc(C)n2-c2cc(C(=O)O)c3ccccc3c2)c1,Prostanoid EP1 receptor
O=C([O-])c1cccc(Cc2cc(Cl)ccc2OCc2ccc(Cl)cc2)n1.[Na+],Prostanoid EP1 receptor
Cc1ccc(-c2cc(Cl)ccc2OCC2CCOCC2)n1-c1cccc(C(=O)O)c1,Prostanoid EP1 receptor
O=C(O)c1cn(Cc2cc(Br)ccc2OCc2ccccc2)nn1,Prostanoid EP1 receptor
Cc1cc(C(=O)O)nn1Cc1cc(F)ccc1OCc1ccc(F)cc1F,Prostanoid EP1 receptor
Cc1ccc(S(=O)(=O)N(Cc2nnc(Cc3ccccc3Cl)o2)c2cccc(Cl)c2C)cc1,Prostanoid EP1 receptor
CNC(=O)c1ccc(-n2c(C)ccc2-c2cc(Br)ccc2OCc2ccc(F)cc2F)cc1,Prostanoid EP1 receptor
COc1ccc2c(c1)cc(C(C)C)n2Cc1cccc(C(=O)O)c1,Prostanoid EP1 receptor
Cc1cc(NC(=O)OCC(C)C)nn1Cc1cc(Cl)ccc1OCc1ccccc1,Prostanoid EP1 receptor
O=C(O)c1ccc(Oc2cc(Cl)cc3sc(N4CC=CCC4)nc23)o1,Prostanoid EP1 receptor
Cc1cc(NC(=O)C2CCN(CC(F)(F)F)CC2)nn1Cc1cc(Cl)cc2cc(-c3ccccc3)oc12,Prostanoid EP1 receptor
Cc1ccc(-c2cc(C(F)(F)F)ccc2OCc2ccccc2)n1-c1cccc(C(=O)O)c1,Prostanoid EP1 receptor
COCC(=O)Nc1cc(C(=O)O)cc(-c2ccccc2-c2cc(Cl)ccc2OCc2ccccc2)c1,Prostanoid EP1 receptor
COc1c(-c2ccccc2)nn(-c2nc(C(=O)O)cs2)c1-c1ccccc1,Prostanoid EP1 receptor
CCc1ccccc1N(Cc1nnc(Cc2ccc(OC)cc2)o1)S(=O)(=O)c1ccc(C)cc1,Prostanoid EP1 receptor
O=C(O)c1cccc(Cc2c(N3CCCC3)nn3cc(Cl)ccc23)n1,Prostanoid EP1 receptor
Cc1c(-c2ccccc2)nn(-c2ccc(C(=O)O)s2)c1-c1ccccc1,Prostanoid EP1 receptor
Cc1cc(C(=O)Nc2ccc(CN3CCOCC3)cc2)nn1Cc1cc(Cl)ccc1OCc1ccccc1.Cl,Prostanoid EP1 receptor
Cc1ccc(-c2cc(Cl)ccc2OCc2ccc(F)cc2F)n1-c1cc(Br)cc(C(=O)O)c1,Prostanoid EP1 receptor
Cc1cc(C(=O)O)nn1Cc1cc(Cl)cc2nc(-c3ccccc3)oc12,Prostanoid EP1 receptor
Cc1c(N)cc(-n2c(C)ccc2-c2cc(Br)ccc2OCc2ccccc2)cc1C(=O)O,Prostanoid EP1 receptor
O=C(NCCc1cccs1)NS(=O)(=O)c1ccccc1-c1ccc(Cn2c(=O)c3ccccc3c3ccccc32)cc1,Prostanoid EP1 receptor
Cc1cc(NC(=O)C(F)(F)c2ccccc2)nn1Cc1cc(Cl)ccc1OCc1ccccc1,Prostanoid EP1 receptor
Cc1ccc(-c2cc(C(F)(F)F)n(-c3nc(C(=O)O)cs3)n2)cc1,Prostanoid EP1 receptor
Cc1ccc(-c2cc(Br)ccc2OCc2ccc(F)cc2F)n1-c1ccc(OC(F)F)c(C(=O)O)c1,Prostanoid EP1 receptor
Cc1c(Cl)cc(-c2cc(Cl)ccc2OCc2ccccc2)n1-c1cccc(C(=O)O)c1,Prostanoid EP1 receptor
CNS(=O)(=O)c1cc(CCNC(=O)CN(c2ccccc2C)S(=O)(=O)c2ccc(C)cc2)ccc1O,Prostanoid EP1 receptor
CCNCc1ccc(NC(=O)c2cc(C)n(Cc3cc(Cl)ccc3OCc3ccccc3)n2)cc1.Cl,Prostanoid EP1 receptor
COc1ccn2nc(-c3ccccc3)c(Cc3cccc(C(=O)O)n3)c2c1,Prostanoid EP1 receptor
Cc1ccc(-c2cc(Br)ccc2OCc2ccc(F)cc2F)n1-c1ccc(C(N)=O)cc1,Prostanoid EP1 receptor
O=C(O)c1csc(-n2nc(-c3ccccc3)c3c2CCC3)n1,Prostanoid EP1 receptor
Cc1ccc(-c2cc(Cl)ccc2OCc2ccccc2)n1-c1cccc(C(=O)NCc2ccccn2)c1,Prostanoid EP1 receptor
Cc1cc(Cn2nc(C(=O)O)cc2C)c2nc(N3CC=CCC3)sc2c1,Prostanoid EP1 receptor
Cc1cc(NC(=O)OC(C)C)nn1Cc1cc(Cl)ccc1OCC(C)C,Prostanoid EP1 receptor
CNCc1ccc(NC(=O)c2cc(C)n(Cc3cc(Cl)cc4cc(C(C)C)oc34)n2)cc1,Prostanoid EP1 receptor
O=C(NCCc1cccs1)NS(=O)(=O)c1ccccc1-c1ccc(CN2Cc3ccccc3CCc3ccccc32)cc1,Prostanoid EP1 receptor
Cc1cc(C(=O)O)nn1Cc1cc(Cl)cc2sc(N3CCS(=O)(=O)CC3)nc12,Prostanoid EP1 receptor
Cc1cc(NC(=O)c2ccccc2CO)nn1Cc1cc(Cl)ccc1OCC(C)C.Cl,Prostanoid EP1 receptor
O=C(O)c1cccc(Cc2c(-c3ccccc3)nn3cc(C(F)(F)F)ccc23)n1,Prostanoid EP1 receptor
O=C(O)c1cccc(-n2nccc2-c2cc(Cl)ccc2OCc2ccccc2)c1,Prostanoid EP1 receptor
O=C(O)c1cc(-c2ccccc2-c2ccccc2OCc2ccccc2)ccc1Cl,Prostanoid EP1 receptor
O=C(Cc1ccccc1)Nc1ccn(Cc2cc(Cl)ccc2OCc2ccccc2)n1,Prostanoid EP1 receptor
COc1ccc2c(Cc3ccc(C(=O)O)o3)c(-c3ccccc3)nn2c1,Prostanoid EP1 receptor
O=C(O)c1csc(-n2nc(C3=CCCCC3)c3ccccc32)n1,Prostanoid EP1 receptor
Cc1ccc(-c2cc(C(F)(F)F)ccc2OCc2ccc(F)cc2)n1-c1cc(C(=O)O)cc(N2CCCS2(=O)=O)c1,Prostanoid EP1 receptor
O=C(O)c1ccc(Sc2cc(Cl)cc3sc(N4CC=CCC4)nc23)o1,Prostanoid EP1 receptor
Cc1cc(C(=O)Nc2ccc(CN3CCOCC3)cc2)nn1Cc1cc(Cl)ccc1OCC(C)C.Cl,Prostanoid EP1 receptor
O=C(O)c1ccnn1Cc1cc(Br)ccc1OCc1ccccc1,Prostanoid EP1 receptor
Cc1cc(C(=O)O)nn1Cc1cc(Cl)cc2sc(N3CCSCC3)nc12,Prostanoid EP1 receptor
COc1cccc2c(Cc3cccc(C(=O)O)n3)c(-c3ccccc3)nn12,Prostanoid EP1 receptor
Cc1ccc2c(Cc3cccc(C(=O)O)n3)c(-c3ccccc3)nn2c1,Prostanoid EP1 receptor
Cc1cc(C(=O)NCc2cccnc2)nn1Cc1cc(Cl)ccc1OCc1ccccc1,Prostanoid EP1 receptor
Cc1cc(C(=O)[O-])nn1Cc1cc(Br)ccc1OCc1ccccc1.[Na+],Prostanoid EP1 receptor
Cc1cc(C(=O)O)cn1Cc1cc(Cl)ccc1OCc1ccccc1,Prostanoid EP1 receptor
O=C(O)c1cccc(Cc2c(-c3ccc(Cl)cc3)nn3cc(Cl)ccc23)n1,Prostanoid EP1 receptor
Cc1ccc(-c2cc(Br)ccc2OCc2ccc(F)cc2F)n1-c1ccc2c(c1)C(=O)NC2=O,Prostanoid EP1 receptor
Cc1ccc(-c2cc(Br)ccc2OCc2ccc(C(F)(F)F)cc2)n1-c1cccc(C(=O)O)c1,Prostanoid EP1 receptor
CC(=O)Nc1ccc(-n2c(C)ccc2-c2cc(Br)ccc2OCc2ccc(F)cc2F)cc1C(=O)O,Prostanoid EP1 receptor
O=C(O)c1cccc(-c2ccccc2-c2cc(Cl)ccc2OCc2ccc(F)cc2F)n1,Prostanoid EP1 receptor
O=C(CNC(=O)C(F)(F)C(O)c1ccccn1)N1Cc2ccccc2Oc2ccc(Cl)cc21,Prostanoid EP1 receptor
CC(=O)Nc1cc(C(=O)O)cc(-n2c(C)ccc2-c2cc(Br)ccc2OCc2ccccc2)c1,Prostanoid EP1 receptor
O=C(O)c1cccc(-c2nccnc2-c2cc(Cl)ccc2OCc2ccccc2)c1,Prostanoid EP1 receptor
Cc1c(-c2ccccc2)nn(-c2nc(C(=O)O)cs2)c1-c1ccc(N)cc1,Prostanoid EP1 receptor
CCCc1cn(-c2nc(C(=O)[O-])cs2)c2cc(Cl)ccc12.[Na+],Prostanoid EP1 receptor
O=C(O)c1cccc(Nc2ccccc2OCc2ccccc2)n1,Prostanoid EP1 receptor
O=C([O-])c1csc(Cc2cc(Cl)ccc2OCc2ccccc2)n1.[Na+],Prostanoid EP1 receptor
CCCN(CC)c1nc2c(Cn3nc(C(=O)O)cc3C)cc(Cl)cc2s1,Prostanoid EP1 receptor
Cc1cc(C(=O)O)nn1Cc1cc(Cl)cc2nc(-c3ccccc3)sc12,Prostanoid EP1 receptor
Cc1ccc(-c2cc(Br)ccc2OCc2c(F)cc(F)cc2F)n1-c1cccc(C(=O)O)c1,Prostanoid EP1 receptor
COc1cc2cc(-c3ccccc3)n(Cc3cccc(C(=O)O)c3)c2cc1F,Prostanoid EP1 receptor
Cc1cc(C(=O)O)nn1Cc1cc(Cl)cc2oc(-c3ccccc3)nc12,Prostanoid EP1 receptor
COc1ccccc1-c1nn2cc(Cl)ccc2c1Cc1cccc(C(=O)O)n1,Prostanoid EP1 receptor
O=C([O-])c1csc(-n2cc(CC(F)(F)F)c3ccc(Cl)cc32)n1.[Na+],Prostanoid EP1 receptor
CCN(C)c1nc2c(Cn3nc(C(=O)O)cc3C)cc(Cl)cc2s1,Prostanoid EP1 receptor
CCc1ccccc1N(Cc1nnc(COc2ccc(OC)cc2)o1)S(=O)(=O)c1ccc(C)cc1,Prostanoid EP1 receptor
O=C(O)c1cccc(Cc2c(C3CC3)nn3cc(Cl)ccc23)n1,Prostanoid EP1 receptor
O=C(O)c1cccc(Cc2c(-c3ccccc3)nn3cc(Br)ccc23)n1,Prostanoid EP1 receptor
Cc1ccc2c(-c3ccccc3)nn(-c3nc(C(=O)O)cs3)c2c1,Prostanoid EP1 receptor
O=C(O)c1csc(-n2nc(-c3ccccc3)c3c2-c2ccccc2CC3)n1,Prostanoid EP1 receptor
Cc1cc(C(=O)Nc2cccc(F)c2)nn1Cc1cc(Cl)ccc1OCc1ccccc1,Prostanoid EP1 receptor
O=C(O)c1cnn(Cc2cc(Br)ccc2OCc2ccccc2)c1,Prostanoid EP1 receptor
Cc1ccc(-c2cc(Br)ccc2OCc2ccc(F)cc2)n1-c1ccc(OC(F)F)c(C(=O)O)c1,Prostanoid EP1 receptor
Cc1cc(COc2ccc(Br)cc2-c2ccc(C)n2-c2cccc(C(=O)O)c2)no1,Prostanoid EP1 receptor
Cc1cc(C(=O)Nc2ccc(F)cc2)nn1Cc1cc(Cl)ccc1OCc1ccccc1,Prostanoid EP1 receptor
Cc1cc(C(=O)O)nn1Cc1cc(Cl)ccc1OCc1ccc(F)cc1F,Prostanoid EP1 receptor
Cc1ccc(-c2cc(Br)ccc2OCc2cccc(C(F)(F)F)c2)n1-c1cccc(C(=O)O)c1,Prostanoid EP1 receptor
Cc1cc(C(=O)O)nn1Cc1cc(Cl)cc2nc(C(C)C)cn12,Prostanoid EP1 receptor
Cc1ccc(S(=O)(=O)N(CC(=O)NCCc2ccccc2)c2ccccc2C)cc1,Prostanoid EP1 receptor
Cc1cc(NC(=O)OCc2ccccc2)nn1Cc1cc(Cl)ccc1OCc1ccccc1,Prostanoid EP1 receptor
COc1ccccc1-c1cc2cc(Cl)cc(Cn3nc(C(=O)O)cc3C)n2n1,Prostanoid EP1 receptor
O=C([O-])c1cccc(-c2ccccc2-c2cc(Cl)ccc2OCc2ccc(F)cc2Cl)n1.[Na+],Prostanoid EP1 receptor
Cc1ccc(-c2cc(Br)ccc2OCc2ccccc2F)n1-c1cccc(C(=O)O)c1,Prostanoid EP1 receptor
Cc1c(N)cc(-n2c(C)ccc2-c2cc(C(F)(F)F)ccc2OCc2ccccc2)cc1C(=O)O,Prostanoid EP1 receptor
Cc1cc(C(N)=O)nn1Cc1cc(Cl)cc2cc(-c3ccccc3)oc12,Prostanoid EP1 receptor
O=C([O-])c1cccc(-c2cc(Cl)ccc2-c2cc(Cl)ccc2OCc2ccccc2)c1.[Na+],Prostanoid EP1 receptor
CC(C)COc1ccc(Cl)cc1Cc1cccc(C(=O)O)n1,Prostanoid EP1 receptor
Cc1c(-c2ccccc2)cc(-c2cc(Cl)ccc2OCc2ccccc2)n1-c1cccc(C(=O)O)c1,Prostanoid EP1 receptor
COc1cc2cc(-c3ccccc3)n(Cc3cccc(C(=O)O)n3)c2cc1Cl,Prostanoid EP1 receptor
Cc1cc(OCc2ccc(C(=O)O)cc2C)c(N(CC(C)C)S(=O)(=O)c2ccccn2)cc1C,Prostanoid EP1 receptor
O=C(O)c1cccc(Cc2c(-c3ccccc3)nn3cc(Cl)ccc23)n1,Prostanoid EP1 receptor
