smiles,targetname
O=C1NCCc2[nH]c(-c3ccnc(/C=C/c4ccccc4)c3)cc21,MAP kinase-activated protein kinase 2
O=C(Nc1ccc(N2CCNCC2)c(F)c1)c1ccc(-c2ccc(Cl)cc2)o1,MAP kinase-activated protein kinase 2
Fc1cc(F)cc(C2ON=C(c3ccc(-c4ccc(Cl)cc4)o3)N2c2ccc(N3CCNCC3)cc2)c1,MAP kinase-activated protein kinase 2
CC(C)(C)CN1CCC(NC(=O)c2csc(NC(=O)c3ccc4cc5n(c4c3)C(C)(C)CNC5=O)n2)CC1,MAP kinase-activated protein kinase 2
CC(=O)Nc1cccc(C(C)Nc2c(Nc3ccncc3)c(=O)c2=O)c1,MAP kinase-activated protein kinase 2
Nc1ncc(Cl)nc1CNc1nc2ccccc2s1,MAP kinase-activated protein kinase 2
CC1CNC(=O)c2[nH]c3ccc(C(=O)Nc4nc(C(=O)N5CCC(N(C)C)CC5)cs4)cc3c21,MAP kinase-activated protein kinase 2
C[C@@H](Nc1c(N(C)c2ccncc2)c(=O)c1=O)c1ccccc1,MAP kinase-activated protein kinase 2
O=C(O)c1ccc(-c2cc(-c3cc4c([nH]3)CCNC4=O)ccn2)cc1,MAP kinase-activated protein kinase 2
O=C(Nc1ccc(N2CCNCC2)cc1)c1ccc(-c2ccc(Cl)cc2)s1,MAP kinase-activated protein kinase 2
Cc1ccc(C(=O)Nc2cc(-c3cc4c([nH]3)C3(CCNCC3)CNC4=O)ccn2)cc1C,MAP kinase-activated protein kinase 2
CCOc1ccc(Nc2c(-c3ccccc3)c(NC3CCCNC3)c(C#N)c3ccnn23)cc1,MAP kinase-activated protein kinase 2
Cc1cnc(N)c(CNC(=S)Nc2ccccc2)n1,MAP kinase-activated protein kinase 2
Nc1nccc(Nc2ccc3[nH]ncc3c2)n1,MAP kinase-activated protein kinase 2
CCOc1ccc(Nc2c(C)c(NC3CCCC(N)C3)c(C#N)c3ccnn23)cc1,MAP kinase-activated protein kinase 2
CC1CNC(=O)c2cc3ccc(C(=O)Nc4nccs4)cc3n2C1,MAP kinase-activated protein kinase 2
O=C1NC2(CC2)Cc2[nH]c3c(c21)CCc1cnc(-c2cccc(F)c2)cc1-3,MAP kinase-activated protein kinase 2
CCCCOC(=O)Nc1ccc(NC(=S)NCc2nc(Cl)cnc2N)cc1,MAP kinase-activated protein kinase 2
N#Cc1c(N)cc2c(c1N)Cc1cccc(O)c1O2,MAP kinase-activated protein kinase 2
O=C1NCCc2[nH]c(-c3ccnc(-c4ccc(F)cc4)c3)cc21,MAP kinase-activated protein kinase 2
Nc1ncc2[nH]cc(-c3ccc4[nH]ncc4c3)c2n1,MAP kinase-activated protein kinase 2
CC1CNC(=O)c2[nH]c3ccc(C(=O)Nc4ccc(Cl)cc4)cc3c21,MAP kinase-activated protein kinase 2
CC1CNC(=O)c2[nH]c3ccc(C(=O)Nc4ncc(C(=O)NCCCN(C)C)s4)cc3c21,MAP kinase-activated protein kinase 2
O=C1NCCc2[nH]c(-c3ccnc(-c4cccc(Cl)c4)c3)cc21,MAP kinase-activated protein kinase 2
CO/N=C(NCc1nc(Cl)cnc1N)Nc1ccc(NC(=O)OC(C)(C)C)cc1,MAP kinase-activated protein kinase 2
Nc1ncc(Cl)nc1CNC(=S)Nc1ccccc1-c1ccccc1,MAP kinase-activated protein kinase 2
N#Cc1c(N[C@@H]2CCCNC2)cc(Nc2ccccc2Cl)n2nccc12,MAP kinase-activated protein kinase 2
O=c1c(Nc2ccncc2)c(NC(CO)c2ccccc2)c1=O,MAP kinase-activated protein kinase 2
N=C(NCc1nc(Cl)cnc1N)Nc1ccccc1,MAP kinase-activated protein kinase 2
CCN(CC)CCCNC(=S)NCc1nc(Cl)cnc1N,MAP kinase-activated protein kinase 2
CCCc1cnc(N)c(CNC(=O)Nc2ccc(NC(=O)OC(C)(C)C)cc2)n1,MAP kinase-activated protein kinase 2
N#Cc1ccc(-c2ccc(-c3nccn3-c3ccc(N4CCNCC4)cc3)o2)cc1,MAP kinase-activated protein kinase 2
CC1CNC(=O)c2[nH]c3ccc(C(=O)Nc4ccccc4)cc3c21,MAP kinase-activated protein kinase 2
NC[C@H]1Cn2c(cc3ccc(C(=O)Nc4nccs4)cc32)C(=O)N1,MAP kinase-activated protein kinase 2
CC1CNC(=O)c2[nH]c3ccc(C(=O)Nc4ccccc4C(N)=O)cc3c21,MAP kinase-activated protein kinase 2
CCCc1cnc(N)c(CNC(=O)Nc2ccc(NC(=O)Nc3ccccc3)cc2)n1,MAP kinase-activated protein kinase 2
Clc1ccc(-c2ccc(C3=NOC(c4ccccc4-c4ccccc4)N3c3ccc(N4CCNCC4)cc3)o2)cc1,MAP kinase-activated protein kinase 2
N#Cc1c(N)cc2c(c1N)Cc1cc(O)ccc1O2,MAP kinase-activated protein kinase 2
COc1ccc2[nH]c3c(c2c1)CC(CO)NC3C(=O)O,MAP kinase-activated protein kinase 2
N#Cc1ccc(-c2ccc(C(=O)N(Cc3ccccc3-c3cccc(C#N)c3)c3ccc(N4CCNCC4)cc3)o2)cc1,MAP kinase-activated protein kinase 2
COc1ccc(NC(=S)NCc2nc(Cl)cnc2N)cc1OC,MAP kinase-activated protein kinase 2
CC/N=C(NCc1nc(Cl)cnc1N)Nc1ccc(NC(=O)OC(C)(C)C)cc1,MAP kinase-activated protein kinase 2
O=C1NCC2(CCCNC2)c2[nH]c(-c3ccnc(NC(=O)c4cccc5ccccc45)c3)cc21,MAP kinase-activated protein kinase 2
Nc1ncc(C2CC2)nc1CN/C(=NC(=O)c1ccc(Cl)cc1)Nc1ccc2[nH]c(=O)oc2c1,MAP kinase-activated protein kinase 2
Cc1cnc(N)c(CNC(=S)Nc2ccc3oc(=O)[nH]c3c2)n1,MAP kinase-activated protein kinase 2
N#Cc1ccc(-c2ccc(-c3nncn3-c3ccc(N4CCNCC4)cc3)o2)cc1,MAP kinase-activated protein kinase 2
CCCc1cnc(N)c(CN/C(=NC#N)Nc2ccc(N(C(=O)c3ccccc3)c3ccccc3)cc2)n1,MAP kinase-activated protein kinase 2
CO/N=C(NCc1nc(Cl)cnc1N)Nc1ccc(N(C(=O)c2ccccc2)c2ccccc2)cc1,MAP kinase-activated protein kinase 2
Oc1ccc(Nc2ccnc3ccc(-c4ccc(Cl)cc4)cc23)cc1,MAP kinase-activated protein kinase 2
C[C@@H](Nc1c(Nc2ccnc(-c3ccncc3)c2)c(=O)c1=O)c1ccccc1,MAP kinase-activated protein kinase 2
CCOc1ccc(Nc2c(C)c(O[C@H]3CC[C@H](N)CC3)nc3ccnn23)cc1,MAP kinase-activated protein kinase 2
N#Cc1c(N)nc2c(c1N)Cc1ccccc1S2(=O)=O,MAP kinase-activated protein kinase 2
O=C1NCC2(CNC2)c2oc3c(c21)CCc1cnc(-c2cccc(F)c2)cc1-3,MAP kinase-activated protein kinase 2
CC(C)COC(=O)Nc1ccc(NC(=S)NCc2nc(Cl)cnc2N)cc1,MAP kinase-activated protein kinase 2
Cc1cnc(N)c(CNC(=S)Nc2ccc(NC(=O)Oc3ccccc3)cc2)n1,MAP kinase-activated protein kinase 2
CN1CCN(c2ccc(Nc3ccnc4ccc(-c5ccc(Br)cc5)cc34)cc2)CC1,MAP kinase-activated protein kinase 2
COc1ccc2[nH]c3c(c2c1)CC(CN(C)C)NC3C(=O)O,MAP kinase-activated protein kinase 2
N#Cc1ccc(-c2ccc(C(=O)N(Cc3ccccc3-c3ccccc3F)c3ccc(N4CCNCC4)cc3)o2)cc1,MAP kinase-activated protein kinase 2
Cc1cc(N2CCNCC2)ccc1-n1ccnc1-c1ccc(-c2ccc(C#N)cc2)o1,MAP kinase-activated protein kinase 2
CCCc1cnc(N)c(CNC(=O)Nc2ccccc2Cl)n1,MAP kinase-activated protein kinase 2
O=C1c2oc(-c3ccc(Cl)cc3)cc2Cc2cc(N3CCNCC3)ccc2N1Cc1ccccc1-c1ccncc1,MAP kinase-activated protein kinase 2
Nc1ncc(Cl)nc1CNC(=O)Nc1ccc(N(C(=O)c2ccccc2)c2ccccc2)cc1,MAP kinase-activated protein kinase 2
C[C@@H](Nc1c(Nc2ccnc(Nc3ccncn3)c2)c(=O)c1=O)c1ccccc1,MAP kinase-activated protein kinase 2
CN1CC2(CNC(=O)c3c2[nH]c2c3CCc3cnc(-c4ccccc4F)nc3-2)C1,MAP kinase-activated protein kinase 2
CC1CNC(=O)c2cc3ccc(C(=O)Nc4nc(C(=O)NC5CCCCC5)cs4)cc3n21,MAP kinase-activated protein kinase 2
O=C1NC2(CC2)Cc2[nH]c3c(c21)CCc1cnc(-c2ccc(F)nc2)nc1-3,MAP kinase-activated protein kinase 2
COc1cc(-c2ccccc2CN(C(=O)c2ccc(-c3ccc(C#N)cc3)o2)c2ccc(N3CCNCC3)cc2)ccn1,MAP kinase-activated protein kinase 2
COc1ccc2c(c1)C(C(C#N)C#N)c1c(cc(N)c(C#N)c1N)O2,MAP kinase-activated protein kinase 2
CN1CCN(c2ccc(Nc3ccnc4ccc(-c5ccc(C=O)cc5)cc34)cc2)CC1,MAP kinase-activated protein kinase 2
Nc1ncc(Cl)nc1-c1nc(N2CCc3ccccc32)no1,MAP kinase-activated protein kinase 2
CC1CNC(=O)c2cc3ccc(C(=O)Nc4nc(C(=O)NC5CCOCC5)cs4)cc3n21,MAP kinase-activated protein kinase 2
N#Cc1ccc(-c2cc3c(o2)-c2nccn2-c2ccc(N4CCNCC4)cc2C3)cc1,MAP kinase-activated protein kinase 2
O=C(Nc1cc(-c2cc3c([nH]2)C2(CCNCC2)CNC3=O)ccn1)c1ccc2ccccc2c1,MAP kinase-activated protein kinase 2
C[C@H](c1ccccc1)N(C)c1c(Nc2ccncc2)c(=O)c1=O,MAP kinase-activated protein kinase 2
CC(=O)Oc1ccc2[nH]c3c(c2c1)CCNC3C(=O)O,MAP kinase-activated protein kinase 2
COc1ccc(-n2cc(-c3ccc(C(N)=O)cc3)c(N)n2)cc1,MAP kinase-activated protein kinase 2
O=C(c1ccc(-c2ccc(Cl)cc2)o1)N(Cc1ccncc1)c1ccc(N2CCNCC2)cc1,MAP kinase-activated protein kinase 2
CC1CNC(=O)c2[nH]c3ccc(C(=O)N(C)C)cc3c21,MAP kinase-activated protein kinase 2
[H][C@@]12CC[C@@]3(C)[C@H](Cc4cc(C(=O)O)ccc4O)C(C)=CC[C@]3([H])[C@@]1(C)CCCC2(C)C,MAP kinase-activated protein kinase 2
O=C(Nc1nccs1)c1ccc2cc3n(c2c1)CC(CO)NC3=O,MAP kinase-activated protein kinase 2
Nc1nccc(Nc2cc(I)c3[nH]ncc3c2)n1,MAP kinase-activated protein kinase 2
O=C(O)c1ccc(Nc2ccnc3ccc(-c4ccc(Cl)cc4)cc23)cc1,MAP kinase-activated protein kinase 2
NC(=O)c1cnc(Nc2cccnc2)c2nc(-c3ccc(Cl)cc3)cn12,MAP kinase-activated protein kinase 2
O=C(Nc1nccs1)c1ccc2[nH]c3c(c2c1)CC(CO)NC3=O,MAP kinase-activated protein kinase 2
CC(C)(C)/N=C(NCc1nc(Cl)cnc1N)Nc1ccccc1,MAP kinase-activated protein kinase 2
CN1CCN(c2ccc(Nc3ccnc4ccc(-c5cccc([N+](=O)[O-])c5)cc34)cc2)CC1,MAP kinase-activated protein kinase 2
COc1ccc2[nH]c3c(c2c1)C(C)CNC3C(=O)O,MAP kinase-activated protein kinase 2
COC(=O)Nc1ccc(NC(=S)NCc2nc(Cl)cnc2N)cc1,MAP kinase-activated protein kinase 2
CCOc1ccc(Nc2c(C)c(N(C)C3CCCNC3)nc3ccnn23)cc1,MAP kinase-activated protein kinase 2
O=C1NCCc2[nH]c(-c3ccnc(-c4ccc(O)cc4)c3)cc21,MAP kinase-activated protein kinase 2
CCOc1ccc(Nc2c(C)c(NCCCNC3CCCCC3)c(C#N)c3ccnn23)cc1,MAP kinase-activated protein kinase 2
CC1CNC(=O)c2[nH]c3ccc(C(=O)Nc4ncc(C(=O)NCCN(C)C)s4)cc3c21,MAP kinase-activated protein kinase 2
COC(=O)C1NCCc2c1[nH]c1ccc(OC)cc21,MAP kinase-activated protein kinase 2
C[C@@H](Nc1c(Nc2ccnc(-c3ccccc3)c2)c(=O)c1=O)c1ccccc1,MAP kinase-activated protein kinase 2
O=C(Nc1cc(-c2cc3c([nH]2)C2(CCCNC2)CNC3=O)ccn1)c1cccc(F)c1,MAP kinase-activated protein kinase 2
N#Cc1cccc(-c2ccc(C3=NOC(c4ccccc4-c4cncnc4)N3c3ccc(N4CCNCC4)cc3)o2)c1,MAP kinase-activated protein kinase 2
O=C(Nc1ccc(N2CCNCC2)cc1)c1ccc(-c2ccc(C(F)(F)F)cc2)o1,MAP kinase-activated protein kinase 2
FC1(F)CCN(c2ccc(N3C(c4ccc(-c5ccc(Cl)cc5)o4)=NOC3c3ccncc3)cc2)CC1,MAP kinase-activated protein kinase 2
CC1CNC(=O)c2[nH]c3ccc(C(=O)Nc4ccccc4Br)cc3c21,MAP kinase-activated protein kinase 2
O=C1c2oc(-c3ccc(Cl)cc3)cc2Cc2cc(N3CCNCC3)ccc2N1Cc1ccccc1Br,MAP kinase-activated protein kinase 2
CNC(=O)c1ccc(-c2ccc(C3=NOC(c4ccccc4-c4cncnc4)N3c3ccc(N4CCNCC4)cc3)o2)cc1,MAP kinase-activated protein kinase 2
C[C@H](Nc1c(Nc2ccncc2)c(=O)c1=O)c1ccccc1,MAP kinase-activated protein kinase 2
Nc1ncc(Cl)nc1CNC(=S)NC1CCCC1,MAP kinase-activated protein kinase 2
N#Cc1c(N)cc2c(c1N)C(C(C#N)C#N)c1ccc(O)cc1O2,MAP kinase-activated protein kinase 2
N[C@H]1CC[C@H](Nc2cc(NCc3ccccc3)n3nccc3n2)CC1,MAP kinase-activated protein kinase 2
Nc1ncc(Cl)nc1CNC(=S)Nc1ccc(Cl)c(Cl)c1,MAP kinase-activated protein kinase 2
CN1CC2(CNC(=O)c3c2[nH]c2c3CCc3cnc(-c4ccccc4F)cc3-2)C1,MAP kinase-activated protein kinase 2
O=C(Nc1nc(C(=O)NC2CCN(Cc3ccccc3)CC2)cs1)c1ccc2cc3n(c2c1)C1(CCC1)CNC3=O,MAP kinase-activated protein kinase 2
N#Cc1ccc(-c2ccc(-c3nccn3-c3ccc(N4CCNCC4)c(Br)c3)o2)cc1,MAP kinase-activated protein kinase 2
CCN(CC)[C@H]1CC[C@H](Nc2cc(Nc3ccc(F)c(Cl)c3)n3nccc3n2)CC1,MAP kinase-activated protein kinase 2
CC(C)=CCC/C(C)=C/C[C@]12C[C@@H](CC=C(C)C)[C@](C)(CCC=C(C)C)[C@](CC=C(C)C)(C(=O)C(C(=O)c3ccc(O)c(O)c3)=C1O)C2=O,MAP kinase-activated protein kinase 2
N#Cc1ccc(-c2ccc(-c3nccn3-c3ccc(N4CCNCC4)cc3Br)o2)cc1,MAP kinase-activated protein kinase 2
CC(=O)NCC1Cn2c(cc3ccc(C(=O)Nc4nccs4)cc32)C(=O)N1,MAP kinase-activated protein kinase 2
O=C1NCC2(CCNCC2)c2[nH]c(-c3ccnc(NC(=O)c4cccc5ccccc45)c3)cc21,MAP kinase-activated protein kinase 2
O=C(Nc1cc(-c2cc3c([nH]2)C2(CCNC2)CNC3=O)ccn1)c1cccc(F)c1,MAP kinase-activated protein kinase 2
COc1ccc(-c2ncc3c(n2)-c2[nH]c4c(c2CC3)C(=O)NCC42CN(C)C2)cc1,MAP kinase-activated protein kinase 2
Cc1cnc(N)c(CNC(=S)Nc2ccc(OC(=O)OC(C)(C)C)cc2)n1,MAP kinase-activated protein kinase 2
O=c1[nH]cnc2[nH]c(-c3ccnc(-c4ccc(F)cc4)c3)cc12,MAP kinase-activated protein kinase 2
COc1ccc2[nH]c3c(c2c1)CCN(C(C)C)C3C(=O)O,MAP kinase-activated protein kinase 2
COc1ncc(-c2ccccc2CN(C(=O)c2ccc(-c3ccc(C#N)cc3)o2)c2ccc(N3CCNCC3)cc2)cn1,MAP kinase-activated protein kinase 2
CC1CNC(=O)c2[nH]c3ccc(C(=O)Nc4nc5ccccc5s4)cc3c21,MAP kinase-activated protein kinase 2
CN1CCN(CCCN(Cc2ccccn2)C(=O)c2ccc(-c3ccc(C#N)cc3)o2)CC1,MAP kinase-activated protein kinase 2
C=CCOC(=O)C1c2[nH]c3ccc(OC)cc3c2C2CCN1C2,MAP kinase-activated protein kinase 2
COC(=O)c1ccc(NC(=O)c2ccc3[nH]c4c(c3c2)C(C)CNC4=O)cc1,MAP kinase-activated protein kinase 2
Cc1cnc(N)c(-c2nc(Nc3ccc(NC(=O)OC(C)(C)C)cc3)no2)n1,MAP kinase-activated protein kinase 2
Clc1ccc(-c2ccc(C3=NOC(c4ccncc4)N3c3ccc(N4CCNCC4)cc3)o2)cc1,MAP kinase-activated protein kinase 2
Fc1ccc(-c2cc3c(o2)-c2nncn2-c2ccc(N4CCNCC4)cc2C3)cc1,MAP kinase-activated protein kinase 2
CN1CCC2(CC1)CNC(=O)c1cc(-c3ccnc(NC(=O)c4cccc(OC(F)(F)F)c4)c3)[nH]c12,MAP kinase-activated protein kinase 2
CCOc1ccc(Nc2c(C)c(N[C@H]3CCCNC3=O)nc3ccnn23)cc1,MAP kinase-activated protein kinase 2
CCCc1cnc(N)c(CNC(=O)Nc2ccc(N(C(=O)c3ccccc3)c3ccccc3)cc2)n1,MAP kinase-activated protein kinase 2
Cc1ccc(-c2ccc3nccc(Nc4cc(Cl)ccc4O)c3c2)cc1,MAP kinase-activated protein kinase 2
Cc1ccc2[nH]c3c(c2c1)C(C)CNC3=O,MAP kinase-activated protein kinase 2
Nc1nccnc1CNC(=O)Nc1ccc(N(C(=O)c2ccccc2)c2ccccc2)cc1,MAP kinase-activated protein kinase 2
O=c1onc(-c2ccc(-c3ccc(Cl)cc3)o2)n1-c1ccc(N2CCNCC2)cc1,MAP kinase-activated protein kinase 2
CNCC1CNC(=O)c2cc3ccc(C(=O)Nc4nccs4)cc3n2C1,MAP kinase-activated protein kinase 2
CCCC(=O)Nc1ccc(NC(=S)NCc2nc(C)cnc2N)cc1,MAP kinase-activated protein kinase 2
CCC1(CC)CNC(=O)c2[nH]c3ccc(OC)cc3c21,MAP kinase-activated protein kinase 2
Nc1nccc(Nc2ccc3[nH]nc(-c4cc5ccccc5s4)c3c2)n1,MAP kinase-activated protein kinase 2
CCOc1ccc(Nc2c(C)c(NC3CCC(N)CC3)c(C#N)c3ccnn23)cc1,MAP kinase-activated protein kinase 2
N#Cc1ccc(-c2ccc(C(=O)N(Cc3ccc(-c4ccccc4F)cc3)c3ccc(N4CCNCC4)cc3)o2)cc1,MAP kinase-activated protein kinase 2
Cn1ccnc1CN(C(=O)c1ccc(-c2ccc(Cl)cc2)o1)c1ccc(N2CCNCC2)cc1,MAP kinase-activated protein kinase 2
N#Cc1ccc(-c2cc3c(o2)C(=O)N(Cc2ccccc2-c2cncnc2)c2ccc(N4CCNCC4)cc2C3)cc1,MAP kinase-activated protein kinase 2
Nc1nccc(Nc2cc(-c3ccsc3)c3[nH]ncc3c2)n1,MAP kinase-activated protein kinase 2
O=C(Nc1ccc(C2=CCNCC2)cc1)c1ccc(-c2ccc(Cl)cc2)o1,MAP kinase-activated protein kinase 2
CC(Nc1c(Nc2ccncc2)c(=O)c1=O)c1cccc(N)c1,MAP kinase-activated protein kinase 2
Nc1ncc(Cl)nc1CNC(=O)Cc1ccccc1,MAP kinase-activated protein kinase 2
CN1CCC2(CC1)CNC(=O)c1cc(-c3ccnc(NC(=O)c4cccc(F)c4)c3)[nH]c12,MAP kinase-activated protein kinase 2
CC1CNC(=O)c2[nH]c3ccc(C(=O)N4CCCCC4)cc3c21,MAP kinase-activated protein kinase 2
Clc1ccc(-c2ccc(C3=NOC(c4ccncn4)N3c3ccc(N4CCNCC4)cc3)o2)cc1,MAP kinase-activated protein kinase 2
O=C(NC1CCCCC1)c1ccc(-c2cc(-c3cc4c([nH]3)CCNC4=O)ccn2)cc1,MAP kinase-activated protein kinase 2
CC1CCC(NC(=O)c2csc(NC(=O)c3ccc4cc5n(c4c3)C(C)CNC5=O)n2)CC1,MAP kinase-activated protein kinase 2
Clc1ccc(-c2ccc(C3=NOC(c4cccc(-c5cncnc5)c4)N3c3ccc(N4CCNCC4)cc3)o2)cc1,MAP kinase-activated protein kinase 2
Nc1nccnc1CNC(=S)Nc1ccccc1,MAP kinase-activated protein kinase 2
COc1ccc(-c2ncc3c(n2)-c2[nH]c4c(c2CC3)C(=O)NCC42CC2)cc1,MAP kinase-activated protein kinase 2
OCCc1ccc(Nc2ccnc3ccc(-c4ccccc4)cc23)cc1,MAP kinase-activated protein kinase 2
CC(C)(C)OC(=O)Nc1ccc(N/C(=N/C#N)NCc2nc(C3CC3)cnc2N)cc1,MAP kinase-activated protein kinase 2
N#Cc1ccc(-c2cc3c(o2)C(=O)N(Cc2ccccc2-c2cccnc2)c2ccc(N4CCNCC4)cc2C3)cc1,MAP kinase-activated protein kinase 2
Cc1nnc2n1-c1ccc(N3CCNCC3)cc1Cc1cc(-c3ccc(Cl)cc3)oc1-2,MAP kinase-activated protein kinase 2
CC(C)(C)c1cc2nc(N[C@H]3CC[C@H](N)CC3)cc(Nc3ccc(F)c(Cl)c3)n2n1,MAP kinase-activated protein kinase 2
COc1ccc2[nH]c3c(c2c1)CCNC3CO,MAP kinase-activated protein kinase 2
C[C@@H](Nc1c(Nc2ccnc(Nc3cnccn3)c2)c(=O)c1=O)c1ccccc1,MAP kinase-activated protein kinase 2
COc1cccc(NC(=S)NCc2nc(Cl)cnc2N)c1,MAP kinase-activated protein kinase 2
COc1cccc(-c2cc(Nc3c(N[C@H](C)c4ccccc4)c(=O)c3=O)ccn2)c1,MAP kinase-activated protein kinase 2
COc1ccc2[nH]c3c(c2c1)CCNC3C(=O)NO,MAP kinase-activated protein kinase 2
Nc1ncc(Cl)nc1CNC(=S)Nc1ccccc1,MAP kinase-activated protein kinase 2
N#Cc1c(N)cc2c(c1NCCO)Cc1cc(O)c(O)cc1O2,MAP kinase-activated protein kinase 2
COc1ccccc1-c1ccccc1CN(C(=O)c1ccc(-c2ccc(C#N)cc2)o1)c1ccc(N2CCNCC2)cc1,MAP kinase-activated protein kinase 2
O=C(Nc1cccnc1)c1ccc2[nH]c3c(c2c1)CC(CO)NC3=O,MAP kinase-activated protein kinase 2
CC1CNC(=O)c2[nH]c3ccc(C(=O)Nc4ccc(C(N)=O)cc4)cc3c21,MAP kinase-activated protein kinase 2
N#Cc1ccc(-c2ccc(C3=NOCCN3c3ccc(N4CCNCC4)cc3)o2)cc1,MAP kinase-activated protein kinase 2
CCc1ccc(Nc2ccnc3ccc(-c4ccccc4)cc23)cc1,MAP kinase-activated protein kinase 2
Cc1noc(C)c1-c1ccccc1CN(C(=O)c1ccc(-c2ccc(C#N)cc2)o1)c1ccc(N2CCNCC2)cc1,MAP kinase-activated protein kinase 2
CNCC1Cn2c(cc3ccc(C(=O)Nc4nccs4)cc32)C(=O)N1,MAP kinase-activated protein kinase 2
Nc1ncc(Cl)nc1CNC(=S)NCc1ccccc1,MAP kinase-activated protein kinase 2
CC(Nc1c(Nc2ccncc2)c(=O)c1=O)c1ccc(O)cc1,MAP kinase-activated protein kinase 2
C[C@@H](Nc1c(Nc2ccnc(-c3cccc(F)c3)c2)c(=O)c1=O)c1ccccc1,MAP kinase-activated protein kinase 2
CN(C)c1nc(N)c(CNC(=S)Nc2ccccc2)nc1Cl,MAP kinase-activated protein kinase 2
COc1ccc(-c2cc3c(cn2)CCc2c-3[nH]c3c2C(=O)NCC32CN(C)C2)cc1,MAP kinase-activated protein kinase 2
O=C1NCC2(CC2)c2[nH]c3c(c21)CCc1cnc(-c2ccc(F)nc2)cc1-3,MAP kinase-activated protein kinase 2
COC(=O)c1nccc2c1[nH]c1ccc(OC)cc12,MAP kinase-activated protein kinase 2
CCCc1cc(=O)c2c(Cc3cc(O)cc(=O)o3)cccc2o1,MAP kinase-activated protein kinase 2
N#Cc1c(N[C@@H]2CCCNC2)cc(Nc2ccc(-c3ccccc3)cc2)n2nccc12,MAP kinase-activated protein kinase 2
CCCc1cnc(N)c(CNC(=O)Nc2ccc3[nH]c(=O)oc3c2)n1,MAP kinase-activated protein kinase 2
O=C1c2oc(-c3ccc(Cl)cc3)cc2Cc2cc(N3CCNCC3)ccc2N1CC(F)F,MAP kinase-activated protein kinase 2
CC1CNC(=O)c2[nH]c3ccc(C(=O)Nc4cnccn4)cc3c21,MAP kinase-activated protein kinase 2
Clc1ccc(-c2ccc(C3=NOC(c4ccccn4)N3c3ccc(N4CCNCC4)cc3)o2)cc1,MAP kinase-activated protein kinase 2
COCCOc1ccc(Nc2c(C)c(N[C@H]3CCNC3)c(C#N)c3ccnn23)cc1,MAP kinase-activated protein kinase 2
CCCc1cnc(N)c(CNC(=O)Nc2ccc(NC(=O)OCc3ccccc3)cc2)n1,MAP kinase-activated protein kinase 2
O=C1c2oc(-c3ccc(Cl)cc3)cc2Cc2cc(N3CCNCC3)ccc2N1Cc1ccccc1-c1cncnc1,MAP kinase-activated protein kinase 2
CCN1CCc2c([nH]c3ccc(OC)cc23)C1C(=O)O,MAP kinase-activated protein kinase 2
CCCc1cnc(N)c(CNC(=O)Nc2ccc(NC(=O)OC)cc2)n1,MAP kinase-activated protein kinase 2
Clc1ccc(-c2ccc(C3=NOC(c4cccnc4)N3c3ccc(N4CCNCC4)cc3)o2)cc1,MAP kinase-activated protein kinase 2
Cc1c(N[C@H]2CC[C@H](N)CC2)nc2ccnn2c1Nc1cccc(OCc2ccccc2)c1,MAP kinase-activated protein kinase 2
CC(C)(C)OC(=O)Nc1ccc(NC(=S)NCc2nc(Cl)cnc2N)cc1,MAP kinase-activated protein kinase 2
NCCn1nc(-c2ccnc(-c3cnc4ccccc4c3)c2)cc1C(=O)O,MAP kinase-activated protein kinase 2
CCCCc1cnc(N)c(CNC(=S)Nc2ccc3[nH]c(=O)oc3c2)n1,MAP kinase-activated protein kinase 2
NCC1Cc2c([nH]c3ccc(C(=O)Nc4cccnc4)cc23)C(=O)N1,MAP kinase-activated protein kinase 2
N#Cc1ccc(-c2ccc(C(=O)N(Cc3cccc(-c4ccccc4)c3)c3ccc(N4CCNCC4)cc3)o2)cc1,MAP kinase-activated protein kinase 2
N#Cc1c(N)cc2c(c1N)C(c1ccccc1)c1ccc(O)cc1O2,MAP kinase-activated protein kinase 2
CC(C)COC(=O)N(c1ccccc1)c1ccc(NC(=S)NCc2nc(Cl)cnc2N)cc1,MAP kinase-activated protein kinase 2
N#Cc1ccc(-c2cc3c(o2)-c2nncn2-c2ccc(N4CCNCC4)cc2C3)cc1,MAP kinase-activated protein kinase 2
CC1CNC(=O)c2[nH]c3ccc(C(=O)Nc4ccccc4F)cc3c21,MAP kinase-activated protein kinase 2
O=c1[nH]cnc2[nH]c(-c3ccnc(/C=C/c4ccc(F)cc4)c3)cc12,MAP kinase-activated protein kinase 2
C[C@@H](Nc1c(Nc2ccnc(Nc3ncccn3)c2)c(=O)c1=O)c1ccccc1,MAP kinase-activated protein kinase 2
C[C@@H](Nc1c(Nc2ccnc(NC(=O)c3cccnc3)c2)c(=O)c1=O)c1ccccc1,MAP kinase-activated protein kinase 2
O=C1NCCc2[nH]c(-c3ccnc(-c4cc5ccccc5s4)c3)cc21,MAP kinase-activated protein kinase 2
Nc1ncc(Cl)nc1CNC(=S)Nc1ccc(Br)cc1,MAP kinase-activated protein kinase 2
COc1ccc2[nH]c3c(c2c1)C(C)(C)CNC3=O,MAP kinase-activated protein kinase 2
CCOc1ccc(Nc2c(C)c(NC3CCNCC3)c(C#N)c3ccnn23)cc1,MAP kinase-activated protein kinase 2
Cc1nc2[nH]c(-c3ccnc(/C=C/c4ccccc4)c3)cc2c(=O)[nH]1,MAP kinase-activated protein kinase 2
O=C(O)C1NCCc2c1[nH]c1ccc(Cl)cc21,MAP kinase-activated protein kinase 2
CCCNC(=O)c1csc(NC(=O)c2ccc3[nH]c4c(c3c2)C(C)CNC4=O)n1,MAP kinase-activated protein kinase 2
O=C1c2oc(-c3ccc(Cl)cc3)cc2Cc2cc(N3CCNCC3)ccc2N1Cc1ccccn1,MAP kinase-activated protein kinase 2
CC(C)N(C(=O)c1ccc(-c2ccc(Cl)cc2)o1)c1ccc(N2CCNCC2)cc1,MAP kinase-activated protein kinase 2
O=c1[nH]c(Cc2ccccc2)nc2[nH]c(-c3ccnc(/C=C/c4ccccc4)c3)cc12,MAP kinase-activated protein kinase 2
Cc1ccc(C(=O)Nc2cc(-c3cc4c([nH]3)C3(CCNC3)CNC4=O)ccn2)cc1C,MAP kinase-activated protein kinase 2
O=C(Nc1cc(-c2cc3c([nH]2)C2(CCNCC2)CNC3=O)ccn1)c1ccc(F)cc1,MAP kinase-activated protein kinase 2
COc1cccc(-c2cc(-c3cc4c(=O)[nH]cnc4[nH]3)ccn2)c1,MAP kinase-activated protein kinase 2
CCOc1ccc(Nc2c(C)c(NC3CNCc4ccccc43)c(C#N)c3ccnn23)cc1,MAP kinase-activated protein kinase 2
O=C1NCCc2[nH]c3c(c21)CCc1cnc(-c2cccc(F)c2)cc1-3,MAP kinase-activated protein kinase 2
CC1CNC(=O)c2[nH]c3ccc(C(=O)Nc4nc(C(=O)NCCN)cs4)cc3c21,MAP kinase-activated protein kinase 2
CC(C)n1cc(-c2cc(-c3cc4ccccc4s3)c3[nH]ncc3c2)c2nc(N)ncc21,MAP kinase-activated protein kinase 2
CCC[C@@H]1CNc2c(sc3ccc(OC)cc23)C(=O)N1,MAP kinase-activated protein kinase 2
Nc1ncc(Cl)nc1CNC(=O)Nc1ccccc1,MAP kinase-activated protein kinase 2
Cc1ccc(NC(=S)NCc2nc(Cl)cnc2N)cc1,MAP kinase-activated protein kinase 2
CCNc1c(C#N)c(N)cc2c1Cc1cc(O)c(O)cc1O2,MAP kinase-activated protein kinase 2
Clc1ccc(-c2ccc(C3=NOC(c4ccccc4-c4cncnc4)N3c3ccc(N4CCNCC4)cc3)o2)cc1Cl,MAP kinase-activated protein kinase 2
CCCCc1nc2[nH]c(-c3ccnc(/C=C/c4ccccc4)c3)cc2c(=O)[nH]1,MAP kinase-activated protein kinase 2
CC1CNC(=O)c2[nH]c3ccc(C(=O)NCCc4ccccc4)cc3c21,MAP kinase-activated protein kinase 2
COc1ccc2[nH]c3c(c2c1)C(C)CNC3=O,MAP kinase-activated protein kinase 2
O=C1NC2(CC2)Cc2[nH]c3c(c21)CCc1cnc(-c2ccc(F)nc2)cc1-3,MAP kinase-activated protein kinase 2
CC1CNC(=O)c2[nH]c3ccc(C(=O)Nc4nc(C(=O)NC5CCN(C)CC5)cs4)cc3c21,MAP kinase-activated protein kinase 2
COc1ccc(-n2cc(-c3ccc4c(c3)C(=O)NCC4)c(N)n2)cc1,MAP kinase-activated protein kinase 2
CN1CCC2(CC1)CNC(=O)c1cc(-c3ccnc(NC(=O)c4ccc5ccccc5c4)c3)[nH]c12,MAP kinase-activated protein kinase 2
N#Cc1ccc(-c2ccc(C(=O)N(Cc3ccccc3-c3ccccc3)c3ccc(N4CCNCC4)cc3)o2)cn1,MAP kinase-activated protein kinase 2
CC(C)CN1CCC(NC(=O)c2csc(NC(=O)c3ccc4cc5n(c4c3)C(C)CNC5=O)n2)CC1,MAP kinase-activated protein kinase 2
CCCCN(C(=O)c1ccc(-c2ccc(Cl)cc2)o1)c1ccc(N2CCNCC2)cc1,MAP kinase-activated protein kinase 2
Nc1nn(-c2cccc(-c3cccc(O)c3)c2)cc1-c1ccc2c(c1)CCNC2=O,MAP kinase-activated protein kinase 2
COc1ccc2[nH]c3c(c2c1)CC(CN)NC3C(=O)O,MAP kinase-activated protein kinase 2
Cc1ccc(C(=O)Nc2cc(-c3cc4c([nH]3)C3(CCCNC3)CNC4=O)ccn2)cc1C,MAP kinase-activated protein kinase 2
N#Cc1c(N)cc2c(c1N)Cc1ccccc1O2,MAP kinase-activated protein kinase 2
CCOC(=O)Nc1ccc(NC(=S)NCc2nc(Cl)cnc2N)cc1,MAP kinase-activated protein kinase 2
COc1ccc2[nH]c3c(c2c1C)CCNC3C(=O)O,MAP kinase-activated protein kinase 2
CC(C)c1ccc(NC(=S)NCc2nc(Cl)cnc2N)cc1,MAP kinase-activated protein kinase 2
O=C(Nc1ccc(N2CCNCC2)cc1)c1cccc(-c2ccc(Cl)cc2)n1,MAP kinase-activated protein kinase 2
CCOC(=O)c1cccc(Nc2c(C)c(N[C@H]3CC[C@H](N)CC3)nc3ccnn23)c1,MAP kinase-activated protein kinase 2
CCc1cnc(N)c(CNC(=S)Nc2ccccc2)n1,MAP kinase-activated protein kinase 2
N#Cc1ccc(-c2ccc(C(=O)N(Cc3ccccc3-c3cccnc3)c3ccc(N4CCNCC4)cc3)o2)cn1,MAP kinase-activated protein kinase 2
Nc1ncc(Cl)nc1CNC(=S)Nc1ccc(Cl)cc1Cl,MAP kinase-activated protein kinase 2
NC[C@@H]1Cn2c(cc3ccc(C(=O)Nc4nccs4)cc32)C(=O)N1,MAP kinase-activated protein kinase 2
Clc1cccc(-c2ccc(C3=NOC(c4ccccc4-c4cncnc4)N3c3ccc(N4CCNCC4)cc3)o2)c1,MAP kinase-activated protein kinase 2
O=C(Nc1ccc(N2CCNCC2)cc1C(F)(F)F)c1ccc(-c2ccc(Cl)cc2)o1,MAP kinase-activated protein kinase 2
CC1CNC(=O)c2[nH]c3ccc(Br)cc3c21,MAP kinase-activated protein kinase 2
CC(Nc1c(Nc2ccncc2)c(=O)c1=O)c1cccc(O)c1,MAP kinase-activated protein kinase 2
O=C(c1ccc(-c2ccc(Cl)cc2)o1)N(Cc1ccccn1)C1CCC(N2CCNCC2)CC1,MAP kinase-activated protein kinase 2
Nc1ccc(Nc2cc(Nc3ccc(F)c(Cl)c3)n3nccc3n2)cc1,MAP kinase-activated protein kinase 2
CCc1cnc(N)c(-c2nc(Nc3ccc4c(c3)oc(=O)n4COCC[Si](C)(C)C)no2)n1,MAP kinase-activated protein kinase 2
O=C1NC2(CC2)Cc2[nH]c3c(c21)CCc1cnc(-c2ccccc2F)cc1-3,MAP kinase-activated protein kinase 2
C=CCN1C(=O)c2oc(-c3ccc(Cl)cc3)cc2Cc2cc(N3CCNCC3)ccc21,MAP kinase-activated protein kinase 2
CCCc1cnc(N)c(CNC(=O)Nc2ccc(OC(=O)OC(C)(C)C)cc2)n1,MAP kinase-activated protein kinase 2
Cc1cccc(NC(=O)c2ccc3[nH]c4c(c3c2)C(C)CNC4=O)c1,MAP kinase-activated protein kinase 2
Nc1ncc(Cl)nc1CNC(=S)NC1CCCCCC1,MAP kinase-activated protein kinase 2
CCOc1ccc(Nc2c(C)c(NC3CCCNC3)nc3ccnn23)cc1,MAP kinase-activated protein kinase 2
COc1ccc2[nH]c3c(c2c1)CC(C(F)(F)F)NC3C(=O)O,MAP kinase-activated protein kinase 2
N#Cc1ccc(-c2ccc(C(=O)N(Cc3cccc(-c4ccncc4)c3)c3ccc(N4CCNCC4)cc3)o2)cc1,MAP kinase-activated protein kinase 2
CN1CCN(c2ccc(Nc3ccnc4ccc(Br)cc34)cc2)CC1,MAP kinase-activated protein kinase 2
Cc1cccc(CN(C(=O)c2ccc(-c3ccc(C#N)cc3)o2)c2ccc(N3CCNCC3)cc2)n1,MAP kinase-activated protein kinase 2
CCNC(=S)NCc1nc(Cl)cnc1N,MAP kinase-activated protein kinase 2
CCOc1ccc(Nc2c(C)c(N[C@H]3CC[C@H](NCCc4ccccc4)CC3)c(C#N)c3ccnn23)cc1,MAP kinase-activated protein kinase 2
COCCOc1ccc(Nc2c(C)c(N[C@@H]3CCCNC3)c(C#N)c3ccnn23)cc1,MAP kinase-activated protein kinase 2
COc1cccc(-c2ccccc2CN(C(=O)c2ccc(-c3ccc(C#N)cc3)o2)c2ccc(N3CCNCC3)cc2)c1,MAP kinase-activated protein kinase 2
COc1ccc2[nH]c3c(c2c1)CCN(C)C3C(=O)O,MAP kinase-activated protein kinase 2
CCOc1ccc(Nc2c(C)c(NCCN)nc3ccnn23)cc1,MAP kinase-activated protein kinase 2
Cc1cnc(N)c(CNC(=S)Nc2ccc3c(c2)CC(=O)N3)n1,MAP kinase-activated protein kinase 2
Clc1ccc(-c2cc3c(o2)-c2nccn2-c2ccc(N4CCNCC4)cc2OC3)cc1,MAP kinase-activated protein kinase 2
Cc1cnc2n1-c1ccc(N3CCNCC3)cc1Cc1cc(-c3ccc(Cl)cc3)oc1-2,MAP kinase-activated protein kinase 2
CCOc1ccc(Nc2c(C)c(N[C@H]3CC[C@H](N)CC3)c(C#N)c3ccnn23)cc1,MAP kinase-activated protein kinase 2
N#Cc1ccc(-c2ccc(C3=NOC(c4ccccc4-c4cncnc4)N3c3ccc(N4CCNCC4)cc3)o2)cc1,MAP kinase-activated protein kinase 2
O=C(Nc1nccs1)c1ccc2cc3n(c2c1)CCNC3=O,MAP kinase-activated protein kinase 2
N#Cc1c(N)cc2c(c1N)Cc1ccc(OCN3CCCC3)cc1O2,MAP kinase-activated protein kinase 2
CCOC(=O)C1c2[nH]c3ccc(OC)cc3c2C2CCN1C2,MAP kinase-activated protein kinase 2
COc1ccc2[nH]c3c(c2c1)C(C)(C)CN(C)C3=O,MAP kinase-activated protein kinase 2
Cc1cc(Cl)ccc1-c1ccc(C(=O)Nc2ccc(N3CCNCC3)cc2)o1,MAP kinase-activated protein kinase 2
Clc1ccc(-c2ccc3nccc(Nc4ccc(N5CCOCC5)cc4)c3c2)cc1,MAP kinase-activated protein kinase 2
Nc1ncc(C2CC2)nc1CNC(=S)Nc1ccc2[nH]c(=O)oc2c1,MAP kinase-activated protein kinase 2
Nc1ncc2[nH]cc(-c3cc(-c4cc5ccccc5s4)c4[nH]ncc4c3)c2n1,MAP kinase-activated protein kinase 2
CC(C)(C)NC(=O)Nc1ccc(NC(=S)NCc2nc(Cl)cnc2N)cc1,MAP kinase-activated protein kinase 2
Cc1ccc(-c2ccc3nccc(Nc4ccc(O)cc4)c3c2)cc1,MAP kinase-activated protein kinase 2
COc1ccncc1-c1ccccc1CN(C(=O)c1ccc(-c2ccc(C#N)cc2)o1)c1ccc(N2CCNCC2)cc1,MAP kinase-activated protein kinase 2
CN1CC2(CNC(=O)c3c4c(n(C)c32)-c2cc(-c3ccccc3F)ncc2CC4)C1,MAP kinase-activated protein kinase 2
CCOc1ccc(Nc2c(CC)c(N[C@@H]3CCCNC3)c(C#N)c3ccnn23)cc1,MAP kinase-activated protein kinase 2
O=C(Nc1cc(-c2cc3c([nH]2)C2(CCNC2)CNC3=O)ccn1)c1ccc(F)cc1,MAP kinase-activated protein kinase 2
CN1CCN(c2ccc(Nc3ccnc4ccc(-c5ccc(C(F)(F)F)cc5)cc34)cc2)CC1,MAP kinase-activated protein kinase 2
CCCCc1cnc(N)c(-c2nc(Nc3ccccc3)no2)n1,MAP kinase-activated protein kinase 2
CCOc1ccc(Nc2c(C)c(OC3CCCNC3)nc3ccnn23)cc1,MAP kinase-activated protein kinase 2
CCOc1cc2c(cc1O)Cc1c(cc(N)c(C#N)c1N)O2,MAP kinase-activated protein kinase 2
CN1CC2(CNC(=O)c3c2[nH]c2c3CCc3cnc(-c4cccc(F)c4)nc3-2)C1,MAP kinase-activated protein kinase 2
COc1ccc2c(c1)c1c(n2C)C(=O)NCC1(C)C,MAP kinase-activated protein kinase 2
COc1ccc2[nH]c3c(c2c1)CCNC3c1nn[nH]n1,MAP kinase-activated protein kinase 2
CN1CCN(c2ccc(Nc3ccnc4ccc(-c5cccc(Cl)c5)cc34)cc2)CC1,MAP kinase-activated protein kinase 2
CC(C)(C)OC(=O)Nc1ccc(CC(=O)NCc2nc(Cl)cnc2N)cc1,MAP kinase-activated protein kinase 2
CCOc1ccc(Nc2c(C)c(NCC3CCCCN3)c(C#N)c3ccnn23)cc1,MAP kinase-activated protein kinase 2
Cc1cnc(N)c(CNC(=S)Nc2ccc(NC(=O)c3ccccc3)cc2)n1,MAP kinase-activated protein kinase 2
CN(C(=O)c1ccc(-c2ccc(Cl)cc2)o1)c1ccc(N2CCNCC2)cc1,MAP kinase-activated protein kinase 2
Nc1nn(-c2cccc(-c3ccc4nc[nH]c4c3)c2)cc1-c1ccc2c(c1)CCNC2=O,MAP kinase-activated protein kinase 2
Cc1cccc(CN(C(=O)c2ccc(-c3ccc(Cl)cc3)o2)c2cccc(N3CCNCC3)c2)n1,MAP kinase-activated protein kinase 2
O=C(Nc1ccc(N2CCNCC2=O)cc1)c1ccc(-c2ccc(Cl)cc2)o1,MAP kinase-activated protein kinase 2
CC1CNC(=O)c2[nH]c3ccccc3c21,MAP kinase-activated protein kinase 2
COc1ccc2[nH]c3c(c2c1)C(CCOC(C)=O)CNC3=O,MAP kinase-activated protein kinase 2
Nc1ccc(NC(=S)NCc2nc(Cl)cnc2N)cc1,MAP kinase-activated protein kinase 2
N#Cc1c(N)cc2c(c1N)Cc1ccc(O)c(O)c1O2,MAP kinase-activated protein kinase 2
CC(C)NC(=S)NCc1nc(Cl)cnc1N,MAP kinase-activated protein kinase 2
N#Cc1ccc(-c2ccc(C(=O)N(Cc3ccccc3-c3cncnc3)c3ccc(N4CCNCC4)cc3)o2)cc1,MAP kinase-activated protein kinase 2
O=C(Nc1cc(-c2cc3c([nH]2)C2(CCCNC2)CNC3=O)ccn1)c1ccccn1,MAP kinase-activated protein kinase 2
c1ccc(Nc2ccnc3ccc(-c4ccccc4)cc23)cc1,MAP kinase-activated protein kinase 2
Nc1ncc(Cl)nc1CNC(=S)Nc1cccc(Cl)c1,MAP kinase-activated protein kinase 2
Clc1ccc(-c2ccc(C3=NOC(c4cncnc4)N3c3ccc(N4CCNCC4)cc3)o2)cc1,MAP kinase-activated protein kinase 2
O=c1[nH]cnc2[nH]c(-c3ccnc(-c4cccc(F)c4)c3)cc12,MAP kinase-activated protein kinase 2
Nc1ncc(Cl)nc1CNC(=S)Nc1ccc([N+](=O)[O-])cc1,MAP kinase-activated protein kinase 2
CC(=O)N[C@H]1CC[C@H](Nc2cc(Nc3ccc(F)c(Cl)c3)n3nccc3n2)CC1,MAP kinase-activated protein kinase 2
CCCCC(=O)Nc1ccc(NC(=S)NCc2nc(C)cnc2N)cc1,MAP kinase-activated protein kinase 2
CCCc1cnc(N)c(CN/C(=NC(=O)c2ccccc2)Nc2ccc3[nH]c(=O)oc3c2)n1,MAP kinase-activated protein kinase 2
COc1ccc(-c2ccc(C(=O)Nc3ccc(N4CCNCC4)cc3)o2)cc1,MAP kinase-activated protein kinase 2
COc1ccc2[nH]c3c(c2c1)C1CCN(C1)C3C(=O)OC(C)c1ccccc1,MAP kinase-activated protein kinase 2
Cc1c(N[C@@H]2CCCNC2)c(C#N)c2ccnn2c1Nc1nc2ccccc2s1,MAP kinase-activated protein kinase 2
O=C(Nc1nccc(-c2cc3c([nH]2)C2(CCNCC2)CNC3=O)n1)c1ccc(F)cc1,MAP kinase-activated protein kinase 2
COCCOc1cncc(-c2cc3c(cn2)CCCc2c-3[nH]c3c2C(=O)NCC3)c1,MAP kinase-activated protein kinase 2
COc1ccccc1NC(=S)NCc1nc(Cl)cnc1N,MAP kinase-activated protein kinase 2
CCCNCC1Cn2c(cc3ccc(C(=O)Nc4nccs4)cc32)C(=O)N1,MAP kinase-activated protein kinase 2
O=C1NCCc2[nH]c(-c3ccnc(-c4ccc(Cl)cc4)c3)cc21,MAP kinase-activated protein kinase 2
Cc1c(N[C@H]2CC[C@H](N)CC2)c(C#N)c2ccnn2c1NOc1ccccc1,MAP kinase-activated protein kinase 2
CS(=O)(=O)Nc1cccc(-c2cccc(-n3cc(-c4ccc5c(c4)CCNC5=O)c(N)n3)c2)c1,MAP kinase-activated protein kinase 2
CCNCC1CNC(=O)c2cc3ccc(C(=O)Nc4nccs4)cc3n2C1,MAP kinase-activated protein kinase 2
Nc1nccc(Nc2cc(-c3ccc4ccccc4c3)c3[nH]ncc3c2)n1,MAP kinase-activated protein kinase 2
Nc1ncc(-c2ccccc2)nc1CNC(=S)Nc1ccccc1,MAP kinase-activated protein kinase 2
Clc1ccc(-c2ccc(-c3nocc3-c3ccc(N4CCNCC4)cc3)o2)cc1,MAP kinase-activated protein kinase 2
Clc1ccc(-c2ccc(-c3cc(-c4ccc(N5CCNCC5)cc4)on3)o2)cc1,MAP kinase-activated protein kinase 2
O=C(Nc1cc(-c2cc3c([nH]2)C2(CCCNC2)CNC3=O)ccn1)c1cccc(OC(F)(F)F)c1,MAP kinase-activated protein kinase 2
Cc1ccccc1-c1ccccc1CN(C(=O)c1ccc(-c2ccc(C#N)cc2)o1)c1ccc(N2CCNCC2)cc1,MAP kinase-activated protein kinase 2
Nc1ncc(Cl)nc1CNC(=S)NC1CC1,MAP kinase-activated protein kinase 2
Cc1ccc(C(=O)Nc2nccc(-c3cc4c([nH]3)C3(CCNCC3)CNC4=O)n2)cc1C,MAP kinase-activated protein kinase 2
CC1CNC(=O)c2[nH]c3ccc(OCc4ccccc4)cc3c21,MAP kinase-activated protein kinase 2
c1ccc(C2ON=C(c3ccc(-c4ccncc4)o3)N2c2ccc(N3CCNCC3)cc2)c(-c2cncnc2)c1,MAP kinase-activated protein kinase 2
Clc1ccc(-c2ccc(C3=NOC(c4ccncc4)N3c3ccc(C4CCNCC4)cc3)o2)cc1,MAP kinase-activated protein kinase 2
Clc1ccc(-c2ccc(C3=NOC(c4ccccc4)N3c3ccc(N4CCNCC4)cc3)o2)cc1,MAP kinase-activated protein kinase 2
Cc1ccc(C(=O)Nc2cc(-c3cc4c([nH]3)C3(CCN(C)CC3)CNC4=O)ccn2)cc1C,MAP kinase-activated protein kinase 2
CCCc1cnc(N)c(CNC(=S)Nc2ccccc2)n1,MAP kinase-activated protein kinase 2
CCOC(=O)c1cccc(NC(=O)c2ccc3[nH]c4c(c3c2)C(C)CNC4=O)c1,MAP kinase-activated protein kinase 2
Nc1ncc(Cl)nc1CNC(=O)Nc1cccc(Cl)c1Cl,MAP kinase-activated protein kinase 2
CC(C)c1cccc(NC(=O)c2ccc3[nH]c4c(c3c2)C(C)CNC4=O)c1,MAP kinase-activated protein kinase 2
Clc1ccc(-c2ccc(-c3nccn3-c3ccc(C4CCNCC4)cc3)o2)cc1,MAP kinase-activated protein kinase 2
CC(Nc1c(Nc2ccncc2)c(=O)c1=O)c1nccs1,MAP kinase-activated protein kinase 2
Clc1ccc(-c2ccc(-c3nc4ccccc4n3-c3ccc(N4CCNCC4)cc3)o2)cc1,MAP kinase-activated protein kinase 2
O=C(O)C1NCCc2c1[nH]c1ccc(OCc3ccccc3)cc21,MAP kinase-activated protein kinase 2
CN(c1ccc(F)c(Cl)c1)c1cc(N[C@H]2CC[C@H](N)CC2)nc2ccnn12,MAP kinase-activated protein kinase 2
O=C1NCCc2[nH]c(-c3ccnc(-c4cccnc4)c3)cc21,MAP kinase-activated protein kinase 2
CCOc1ccc(Nc2c(C3CC3)c(N[C@@H]3CCCNC3)c(C#N)c3ccnn23)cc1,MAP kinase-activated protein kinase 2
O=C(Nc1cc(-c2cc3c([nH]2)C2(CCNC2)CNC3=O)ccn1)c1cccc(OC(F)(F)F)c1,MAP kinase-activated protein kinase 2
CN1CCC2(CC1)CNC(=O)c1c2[nH]c2c1CCc1cnc(-c3ccccc3F)cc1-2,MAP kinase-activated protein kinase 2
C/N=C(NCc1nc(Cl)cnc1N)Nc1ccc(NC(=O)OC(C)(C)C)cc1,MAP kinase-activated protein kinase 2
CCOc1ccc(Nc2c(C)c(OC3CCC(N)CC3)nc3ccnn23)cc1,MAP kinase-activated protein kinase 2
O=C1NCCc2[nH]c(-c3ccnc(-c4ccc5ccccc5c4)c3)cc21,MAP kinase-activated protein kinase 2
COc1ccc2[nH]c3c(c2c1)CCOC3C(=O)O,MAP kinase-activated protein kinase 2
Nc1ncc(Cl)nc1CNC(=S)Nc1cccc2ccccc12,MAP kinase-activated protein kinase 2
CC(C)(C)c1ccc(NC(=S)NCc2nc(Cl)cnc2N)cc1,MAP kinase-activated protein kinase 2
CC(=O)Nc1ccc(NC(=S)NCc2nc(Cl)cnc2N)cc1,MAP kinase-activated protein kinase 2
O=C(Nc1cc(-c2cc3c([nH]2)C2(CCCNC2)CNC3=O)ccn1)c1ccc(C(F)(F)F)cc1,MAP kinase-activated protein kinase 2
CCc1cnc(N)c(CNC(=S)Nc2ccc(NC(=O)OC(C)(C)C)cc2)n1,MAP kinase-activated protein kinase 2
O=C1NCCc2[nH]c(-c3ccnc(-c4cncnc4)c3)cc21,MAP kinase-activated protein kinase 2
CC(C)C[C@H](NC(=O)[C@H](C)NC(=O)[C@H](CCCCN)NC(=O)[C@H](CCCCN)NC(=O)[C@@H](N)CCCCN)C(=O)N[C@@H](CC(N)=O)C(=O)N[C@@H](CCCNC(=N)N)C(=O)N[C@@H](CCC(N)=O)C(=O)N[C@@H](CC(C)C)C(=O)NCC(=O)N[C@H](C(=O)N[C@@H](C)C(=O)N[C@@H](C)C(=O)O)C(C)C,MAP kinase-activated protein kinase 2
CCCNc1c(C#N)c(N)cc2c1Cc1cc(O)c(O)cc1O2,MAP kinase-activated protein kinase 2
CCOc1ccc(Nc2c(C)c(N[C@H]3CCCNC3)c(C#N)c3ccnn23)cc1,MAP kinase-activated protein kinase 2
CCC1Cc2c([nH]c3ccc(OC)cc23)C(C(=O)O)N1,MAP kinase-activated protein kinase 2
CCN1CCC(NC(=O)c2csc(NC(=O)c3ccc4cc5n(c4c3)C(C)CNC5=O)n2)CC1,MAP kinase-activated protein kinase 2
CCOc1ccc(Nc2c(C)c(N[C@H]3CC[C@H](NCC4CCCCC4)CC3)c(C#N)c3ccnn23)cc1,MAP kinase-activated protein kinase 2
CN1c2ccccc2Cc2c1nc(N)c(C#N)c2N,MAP kinase-activated protein kinase 2
COc1ccc(-c2ccccc2CN(C(=O)c2ccc(-c3ccc(C#N)cc3)o2)c2ccc(N3CCNCC3)cc2)cn1,MAP kinase-activated protein kinase 2
O=C(Nc1ccc(N2CCNCC2)cc1)c1ccc(-c2cccc(Cl)c2)o1,MAP kinase-activated protein kinase 2
OCCc1ccc(Nc2ccnc3ccc(-c4ccc(Cl)cc4)cc23)cc1,MAP kinase-activated protein kinase 2
COc1ccc(-c2cc3c(cn2)CCc2c-3[nH]c3c2C(=O)NC2(CNC2)C3)cc1,MAP kinase-activated protein kinase 2
O=C1NC2(CC2)Cc2[nH]c3c(c21)CCc1cnc(-c2ccc(OCCN4CCOCC4)cc2)cc1-3,MAP kinase-activated protein kinase 2
O=C(NCCc1ccccc1)c1ccc(-c2cc(-c3cc4c([nH]3)CCNC4=O)ccn2)cc1,MAP kinase-activated protein kinase 2
Nc1nccc(Nc2ccc3[nH]nc(-c4ccc[nH]4)c3c2)n1,MAP kinase-activated protein kinase 2
Cc1c(N[C@@H]2CCCNC2)c(C#N)c2ccnn2c1Nc1ccccc1,MAP kinase-activated protein kinase 2
Clc1ccc(-c2ccc(-c3nccn3-c3ccc(C4CCCCN4)cc3)o2)cc1,MAP kinase-activated protein kinase 2
CC1CNC(=O)c2[nH]c3ccc(C(=O)Nc4ncccn4)cc3c21,MAP kinase-activated protein kinase 2
CNC(=O)c1csc(NC(=O)c2ccc3[nH]c4c(c3c2)C(C)CNC4=O)n1,MAP kinase-activated protein kinase 2
COc1ccc2c(c1)c1c(n2C)C(C(=O)O)NCC1,MAP kinase-activated protein kinase 2
O=C1NCCc2[nH]c(-c3ccnc(-c4ccccc4Cl)c3)cc21,MAP kinase-activated protein kinase 2
O=C1NCC2(CNC2)c2[nH]c3c(c21)CCc1cnc(-c2cccc(F)c2)cc1-3,MAP kinase-activated protein kinase 2
CN1C(=O)c2oc(-c3ccc(Cl)cc3)cc2Cc2cc(N3CCNCC3)ccc21,MAP kinase-activated protein kinase 2
CCOc1ccc(Nc2c(C)c(N[C@@H]3CCCC[C@H]3N)c(C#N)c3ccnn23)cc1,MAP kinase-activated protein kinase 2
COCCOc1cncc(-c2ncc3c(n2)-c2[nH]c4c(c2CC3)C(=O)NCC42CN(C)C2)c1,MAP kinase-activated protein kinase 2
COc1ccc2[nH]c3c(c2c1)C1CCN(C1)C3C(=O)OCc1ccccc1,MAP kinase-activated protein kinase 2
COc1ccncc1-c1ncccc1CN(C(=O)c1ccc(-c2ccc(C#N)cc2)o1)c1ccc(N2CCNCC2)cc1,MAP kinase-activated protein kinase 2
CN(C)CC1Cn2c(cc3ccc(C(=O)Nc4nccs4)cc32)C(=O)N1,MAP kinase-activated protein kinase 2
Nc1ncc(Cl)nc1CNC(=S)Nc1ccc(Cl)cc1,MAP kinase-activated protein kinase 2
Fc1ccc(C2ON=C(c3ccc(-c4ccc(Cl)cc4)o3)N2c2ccc(N3CCNCC3)cc2)cc1,MAP kinase-activated protein kinase 2
Nc1ncc(Cl)nc1CNC(=S)Nc1cc(Cl)cc(Cl)c1,MAP kinase-activated protein kinase 2
N#Cc1ccc(-c2ccc(C(=O)N(Cc3ccccn3)c3ccc(N4CCNCC4)cc3)o2)cc1,MAP kinase-activated protein kinase 2
COC(=O)c1csc(NC(=O)c2ccc3[nH]c4c(c3c2)C(C)CNC4=O)n1,MAP kinase-activated protein kinase 2
CN1CCN(c2ccc(Nc3ccnc4ccc(-c5cccc(C(F)(F)F)c5)cc34)cc2)CC1,MAP kinase-activated protein kinase 2
CC(=O)Nc1cc(Nc2c(N[C@H](C)c3ccccc3)c(=O)c2=O)ccn1,MAP kinase-activated protein kinase 2
O=C(Nc1nccc(-c2cc3c([nH]2)C2(CCNCC2)CNC3=O)n1)c1ccc2ccccc2c1,MAP kinase-activated protein kinase 2
COc1ccc2c3c([nH]c2c1)C(C(=O)O)NCC3,MAP kinase-activated protein kinase 2
COc1ccc2c(c1)Oc1cc(N)c(C#N)c(N)c1C2C(C#N)C#N,MAP kinase-activated protein kinase 2
CC1CNC(=O)c2[nH]c3ccc(C(=O)Nc4ccc(C(C)(C)C)cc4)cc3c21,MAP kinase-activated protein kinase 2
CCOc1nc(N)c(CNC(=S)Nc2ccccc2)nc1Cl,MAP kinase-activated protein kinase 2
Cc1ccc(NC(=O)c2ccc3[nH]c4c(c3c2)C(C)CNC4=O)cc1,MAP kinase-activated protein kinase 2
COc1ccc(-n2cc(-c3ccc4c(c3)C(=O)NCCO4)c(N)n2)cc1,MAP kinase-activated protein kinase 2
Cc1cnc(N)c(CNC(=S)Nc2ccc3[nH]c(=O)[nH]c3c2)n1,MAP kinase-activated protein kinase 2
N#Cc1ccc(-c2ccc(-c3nnnn3-c3ccc(N4CCNCC4)cc3)o2)cc1,MAP kinase-activated protein kinase 2
CCOc1ccc(Nc2c(C)c(N[C@H]3CC[C@H](NCCCc4ccccc4)CC3)c(C#N)c3ccnn23)cc1,MAP kinase-activated protein kinase 2
N#Cc1c(N)nc2c(c1N)Cc1cc(O)c(O)cc1O2.O=C(O)C(F)(F)F,MAP kinase-activated protein kinase 2
Clc1ccc(-c2ccc(-c3nccn3-c3ccc(-c4cccnc4)cc3)o2)cc1,MAP kinase-activated protein kinase 2
COc1ccc(-c2ccc(C3=NOC(c4ccccc4-c4cncnc4)N3c3ccc(N4CCNCC4)cc3)o2)cc1,MAP kinase-activated protein kinase 2
Clc1ccc(-c2ccc(-c3nccn3-c3ccc(-c4ccncc4)cc3)o2)cc1,MAP kinase-activated protein kinase 2
Cc1cnc(N)c(CNC(=S)Nc2ccc3[nH]c(=O)sc3c2)n1,MAP kinase-activated protein kinase 2
Clc1ccc(-c2cc3c(o2)-c2nccn2-c2ccc(N4CCNCC4)cc2C3)cc1,MAP kinase-activated protein kinase 2
CCOc1ccc(Nc2cc(N[C@@H]3CCCNC3)c(C#N)c3ccnn23)cc1,MAP kinase-activated protein kinase 2
CC1CNC(=O)c2[nH]c3ccc(C(=O)NC4CCCCC4)cc3c21,MAP kinase-activated protein kinase 2
N#Cc1c(N)nc2c(c1N)Cc1ccccc1S2,MAP kinase-activated protein kinase 2
CCOC(=O)N(C)c1ccc(NC(=S)NCc2nc(C)cnc2N)cc1,MAP kinase-activated protein kinase 2
CCOc1ccc(Nc2c(C(C)C)c(N[C@H]3CC[C@H](N)CC3)c(C#N)c3ccnn23)cc1,MAP kinase-activated protein kinase 2
Nc1ncc(Cl)nc1CNC(=S)Nc1ccc(-n2cnnn2)cc1,MAP kinase-activated protein kinase 2
Cn1ccc2ccc(-c3cccc(-n4cc(-c5ccc6c(c5)CCNC6=O)c(N)n4)c3)cc21,MAP kinase-activated protein kinase 2
CCCc1cnc(N)c(CN/C(=NC(=O)c2ccc(Cl)cc2)Nc2ccc(N(C(=O)c3ccccc3)c3ccccc3)cc2)n1,MAP kinase-activated protein kinase 2
N#Cc1ccc(-c2ccc(C(=O)N(Cc3ccccn3)C3CCNCC3)o2)cc1,MAP kinase-activated protein kinase 2
O=c1[nH]cnc2[nH]c(-c3ccnc(-c4ccc(CN5CCOCC5)cc4)c3)cc12,MAP kinase-activated protein kinase 2
COc1ncccc1-c1ccccc1CN1C(=O)c2oc(-c3ccc(C#N)cc3)cc2Cc2cc(N3CCNCC3)ccc21,MAP kinase-activated protein kinase 2
CC(C)(C)OC(=O)Nc1ccc(N/C(=N/C(=O)c2ccccc2)NCc2nc(Cl)cnc2N)cc1,MAP kinase-activated protein kinase 2
N#Cc1c(N[C@H]2CC[C@H](N)CC2)cc(Nc2ccccc2Cl)n2nccc12,MAP kinase-activated protein kinase 2
C[C@@H](Nc1c(Nc2ccnc(Cl)c2)c(=O)c1=O)c1ccccc1,MAP kinase-activated protein kinase 2
COc1ccccc1-c1ncccc1CN(C(=O)c1ccc(-c2ccc(C#N)cc2)o1)c1ccc(N2CCNCC2)cc1,MAP kinase-activated protein kinase 2
COc1ccc2[nH]c3c(c2c1)C1(CCC1)CNC3=O,MAP kinase-activated protein kinase 2
NCC1Cc2c([nH]c3ccc(C(=O)Nc4nccs4)cc23)C(=O)N1,MAP kinase-activated protein kinase 2
Nc1nc2[nH]c(-c3ccnc(/C=C/c4ccccc4)c3)cc2c(=O)[nH]1,MAP kinase-activated protein kinase 2
CN1CC2(CNC(=O)c3c2[nH]c2c3Cc3cnc(-c4ccccc4F)cc3-2)C1,MAP kinase-activated protein kinase 2
CC(C)CCNc1cc(N[C@H]2CC[C@H](N)CC2)nc2ccnn12,MAP kinase-activated protein kinase 2
O=C(Nc1ccc(N2CCNCC2)cc1)c1csc(-c2ccc(Cl)cc2)n1,MAP kinase-activated protein kinase 2
CC1CNC(=O)c2cc3ccc(C(=O)Nc4nc(C(=O)NCC(C)(C)C)cs4)cc3n21,MAP kinase-activated protein kinase 2
O=C(Nc1cccnc1)c1ccc2[nH]c3c(c2c1)CCNC3=O,MAP kinase-activated protein kinase 2
COCCCn1cc(-c2cc(-c3cc4ccccc4s3)c3[nH]ncc3c2)c2nc(N)ncc21,MAP kinase-activated protein kinase 2
CN(C)CC1CNC(=O)c2cc3ccc(C(=O)Nc4nccs4)cc3n2C1,MAP kinase-activated protein kinase 2
Nc1ncc(C(F)(F)F)nc1CNC(=S)Nc1ccccc1,MAP kinase-activated protein kinase 2
Cc1ccccc1NC(=O)c1ccc2[nH]c3c(c2c1)C(C)CNC3=O,MAP kinase-activated protein kinase 2
NC[C@H]1Cn2c(cc3ccc(C(=O)Nc4cccnc4)cc32)C(=O)N1,MAP kinase-activated protein kinase 2
O=C1c2oc(-c3ccc(Cl)cc3)cc2Cc2cc(N3CCNCC3)ccc2N1CC1CC1,MAP kinase-activated protein kinase 2
CN1CCN(c2ccc(Nc3ccnc4ccc(-c5ccsc5)cc34)cc2)CC1,MAP kinase-activated protein kinase 2
O=C(COc1ccc2[nH]c3c(c2c1)CCNC3C(=O)O)c1ccccc1,MAP kinase-activated protein kinase 2
O=C(O)C1NCCc2c1[nH]c1ccc(F)cc21,MAP kinase-activated protein kinase 2
CC1(C)CNC(=O)c2cc3ccc(C(=O)Nc4nc(C(=O)NC5CCCCC5)cs4)cc3n21,MAP kinase-activated protein kinase 2
CC1CNC(=O)c2[nH]c3ccc(C(=O)Nc4nc(C(=O)NC5CCCCC5)cs4)cc3c21,MAP kinase-activated protein kinase 2
COc1ccc(-c2cc3c(cn2)CCc2c-3[nH]c3c2C(=O)NCC32CC2)cc1,MAP kinase-activated protein kinase 2
COc1cccc2c3c([nH]c12)C(C(=O)O)NCC3,MAP kinase-activated protein kinase 2
COc1cncc(-c2ccccc2CN(C(=O)c2ccc(-c3ccc(C#N)cc3)o2)c2ccc(N3CCNCC3)cc2)c1,MAP kinase-activated protein kinase 2
O=C1Nc2ccc(N3CCNCC3)cc2OCc2cc(-c3ccc(Cl)cc3)oc21,MAP kinase-activated protein kinase 2
CC(C)(C)OC(=O)Nc1ccc(NC(=O)NCc2nc(Cl)cnc2N)cc1,MAP kinase-activated protein kinase 2
NC(=O)CCn1cc(-c2cc(-c3cc4ccccc4s3)c3[nH]ncc3c2)c2nc(N)ncc21,MAP kinase-activated protein kinase 2
C=CCc1c(N[C@@H]2CCCNC2)c(C#N)c2ccnn2c1Nc1ccc(OCC)cc1,MAP kinase-activated protein kinase 2
Nc1ncc(Cl)nc1CNC(=S)Nc1ccccc1F,MAP kinase-activated protein kinase 2
Cc1cc(NCc2nc(Cl)cnc2N)nc2ccc([N+](=O)[O-])cc12,MAP kinase-activated protein kinase 2
Nc1nccc(Nc2ccc3[nH]nc(-c4ccc5ccccc5c4)c3c2)n1,MAP kinase-activated protein kinase 2
Fc1ccc(Nc2cc(NC3CCCCC3)nc3ccnn23)cc1Cl,MAP kinase-activated protein kinase 2
N#Cc1c(N)cc2c(c1N)Cc1cc(O)c(C3COCCO3)cc1O2,MAP kinase-activated protein kinase 2
CC1CNC(=O)c2[nH]c3ccc(C(=O)Nc4ccc(Br)cc4)cc3c21,MAP kinase-activated protein kinase 2
O=C(Nc1cc(-c2cc3c([nH]2)C2(CCNCC2)CNC3=O)ccn1)c1ccc(C(F)(F)F)cc1,MAP kinase-activated protein kinase 2
COC(=O)c1ccc2[nH]c3c(c2c1)CCNC3C(=O)O,MAP kinase-activated protein kinase 2
CC(C)NCC1Cn2c(cc3ccc(C(=O)Nc4nccs4)cc32)C(=O)N1,MAP kinase-activated protein kinase 2
COCCNC(=S)NCc1nc(Cl)cnc1N,MAP kinase-activated protein kinase 2
CC(=O)NCC1CNC(=O)c2cc3ccc(C(=O)Nc4nccs4)cc3n2C1,MAP kinase-activated protein kinase 2
Cc1cccc(C(C)Nc2c(Nc3ccncc3)c(=O)c2=O)c1,MAP kinase-activated protein kinase 2
CN1CC2(CNC(=O)c3c2[nH]c2c3CCc3cnc(-c4ccc(OCCN5CCOCC5)cc4)nc3-2)C1,MAP kinase-activated protein kinase 2
CC(=O)N1CC2(CNC(=O)c3c2[nH]c2c3CCc3cnc(-c4ccccc4F)cc3-2)C1,MAP kinase-activated protein kinase 2
Cc1c(N[C@@H]2CCCNC2)c(C#N)c2ccnn2c1NCc1nc2ccccc2s1,MAP kinase-activated protein kinase 2
Nc1nccc(Nc2cc(-c3cc4ccccc4o3)c3[nH]ncc3c2)n1,MAP kinase-activated protein kinase 2
OC1(c2ccc(-n3ccnc3-c3ccc(-c4ccc(Cl)cc4)o3)cc2)CCNCC1,MAP kinase-activated protein kinase 2
COc1ccc(NC(=S)NCc2nc(Cl)cnc2N)c(OC)c1,MAP kinase-activated protein kinase 2
Nc1ncc(Cl)nc1CNC(=S)Nc1ccc(NC(=O)OCc2ccccc2)cc1,MAP kinase-activated protein kinase 2
C[C@@H](Nc1c(Nc2ccnc(Nc3cccc(C(N)=O)c3)c2)c(=O)c1=O)c1ccccc1,MAP kinase-activated protein kinase 2
Nc1nccc(Nc2cc(-c3cc4ccccc4s3)c3[nH]ncc3c2)n1,MAP kinase-activated protein kinase 2
NC[C@@H]1Cn2c(cc3ccc(C(=O)Nc4cccnc4)cc32)C(=O)N1,MAP kinase-activated protein kinase 2
O=C1NCC2(CCCC2)c2[nH]c(-c3ccnc(-c4cnc5ccccc5c4)n3)cc21,MAP kinase-activated protein kinase 2
Cn1cc(-c2ccc3[nH]ncc3c2)c2nc(N)ncc21,MAP kinase-activated protein kinase 2
CC1CNC(=O)c2[nH]c3ccc(C(=O)Nc4ccc(F)cc4)cc3c21,MAP kinase-activated protein kinase 2
Fc1ccc(Nc2cc(NCC3CCNCC3)nc3ccnn23)cc1Cl,MAP kinase-activated protein kinase 2
O=C(c1ccc(/C=C/c2cc(-c3cc4c(=O)[nH]cnc4[nH]3)ccn2)cc1)N1CCOCC1,MAP kinase-activated protein kinase 2
COc1ccc(-n2cc(-c3ccc4c(c3)CNC4=O)c(N)n2)cc1,MAP kinase-activated protein kinase 2
CN1CC2(CNC(=O)c3c2oc2c3CCc3cnc(-c4cccc(F)c4)cc3-2)C1,MAP kinase-activated protein kinase 2
O=C1NC2(CC2)Cc2[nH]c3c(c21)CCc1cnc(-c2ccccc2F)nc1-3,MAP kinase-activated protein kinase 2
COc1ccc(-n2cc(-c3ccc4c(c3)C(=O)NCCC4)c(N)n2)cc1,MAP kinase-activated protein kinase 2
Clc1ccc(-c2ccc(C3=NOC(c4c[nH]cn4)N3c3ccc(N4CCNCC4)cc3)o2)cc1,MAP kinase-activated protein kinase 2
COc1ccc2sc3c(c2c1)NC[C@@H](CN1CCCC1)NC3=O,MAP kinase-activated protein kinase 2
c1ccn2nccc2c1,MAP kinase-activated protein kinase 2
Fc1cc(-c2ccc(C3=NOC(c4ccccc4-c4cncnc4)N3c3ccc(N4CCNCC4)cc3)o2)ccc1Cl,MAP kinase-activated protein kinase 2
CC1CNC(=O)c2[nH]c3ccc(C(=O)Nc4ccon4)cc3c21,MAP kinase-activated protein kinase 2
Cc1cnc(N)c(CNC(=S)Nc2ccc(NC(=O)OC(C)(C)C)cc2)n1,MAP kinase-activated protein kinase 2
Fc1ccc(C2ON=C(c3ccc(-c4ccc(Cl)cc4)o3)N2c2ccc(N3CCNCC3)cc2)nc1,MAP kinase-activated protein kinase 2
CC1CNC(=O)c2[nH]c3ccc(C(=O)Nc4ccccc4C#N)cc3c21,MAP kinase-activated protein kinase 2
N#Cc1c(N)cc2c(c1N)C(C(C#N)C#N)c1cc(O)ccc1O2,MAP kinase-activated protein kinase 2
