smiles,targetname
CNC(=O)c1nc(C#N)c2c(=O)n(Cc3ccccc3)ccc2c1O,Egl nine homolog 1
O=C(O)CCNC(=O)c1ncc2c(cc(-c3nccs3)c(=O)n2Cc2ccccc2)c1O,Egl nine homolog 1
O=C(O)Cc1cs/c(=N/C(=O)CS(=O)(=O)c2ccccc2)n1O,Egl nine homolog 1
O=C(O)CCNC(=O)c1ncc2c(=O)n(Cc3ccccc3)ccc2c1O,Egl nine homolog 1
CCOC(=O)CC(=O)NCC(=O)O,Egl nine homolog 1
COCCNC(=O)c1ncc2c(=O)n(Cc3ccc(OC)cc3OC)ccc2c1O,Egl nine homolog 1
N#Cc1nc(C(=O)NCCS(N)(=O)=O)c(O)c2c1ccc(=O)n2Cc1ccccc1,Egl nine homolog 1
CCNC(=O)C(=O)CCC(=O)O,Egl nine homolog 1
O=C(O)CCNC(=O)c1nc(-c2ccncc2)c2c(cc(-c3ccccc3)c(=O)n2CC2CCCCC2)c1O,Egl nine homolog 1
Cc1nc(C(=O)NCCC(=O)O)c(O)c2cc(-c3ccccc3)c(=O)n(Cc3ccccc3)c12,Egl nine homolog 1
COc1cccc(-c2cccc3c(O)oc(=O)c(C(=O)NCC(=O)O)c23)c1,Egl nine homolog 1
O=C(O)CNC(=O)c1c(=O)oc(O)c2ccc(-c3ccc(Cl)cc3)cc12,Egl nine homolog 1
N#Cc1nc(C(=O)NCC2(C(=O)O)CCC2)c(O)c2ccn(Cc3ccccc3)c(=O)c12,Egl nine homolog 1
O=C(O)CNC(=O)c1nc(-c2cn(Cc3ccccc3)nn2)c2snc(-c3ccc(Cl)cc3)c2c1O,Egl nine homolog 1
O=C(O)c1cnn(-c2ccc(-c3ccccc3Cl)cn2)c1,Egl nine homolog 1
O=C1N(c2ccc(-c3ccccc3)cc2)CCC12CCN(Cc1ncccc1C(F)(F)F)CC2,Egl nine homolog 1
COC(=O)c1ccc(NC(=O)c2ccc3cccnc3c2O)cc1,Egl nine homolog 1
O=C(O)CNC(=O)c1cc(-c2ccc(Cl)cc2)ccn1,Egl nine homolog 1
O=C(O)CCNC(=O)c1ncc2c(cc(-c3ccncc3)c(=O)n2Cc2ccccc2)c1O,Egl nine homolog 1
CC(C)(CNC(=O)c1ncc2c(cc(-c3ccccc3)c(=O)n2Cc2ccccc2)c1O)C(=O)O,Egl nine homolog 1
Cc1nc(C(=O)NCC(=O)O)c(O)c2cc(-c3ccccc3)c(=O)n(Cc3ccccc3)c12,Egl nine homolog 1
O=C(O)CNC(=O)c1c(O)c2c(n(Cc3ccc(C(F)(F)F)cc3)c1=O)CSC2,Egl nine homolog 1
CC(=O)N(C)CCNC(=O)c1ncc2c(=O)n(Cc3ccccc3)ccc2c1O,Egl nine homolog 1
N#Cc1nc(C(=O)NCCOCC(=O)O)c(O)c2ccn(Cc3ccccc3)c(=O)c12,Egl nine homolog 1
N#Cc1nc(C(=O)NCc2ccncc2)c(O)c2ccn(Cc3ccccc3)c(=O)c12,Egl nine homolog 1
O=C(O)CNC(=O)c1c(O)cc(-c2cc(F)cc(Cl)c2)c2ncnn12,Egl nine homolog 1
Cc1cccnc1CN1CCC2(CC1)CCN(c1ccc(-c3ccccc3)cc1)C2=O,Egl nine homolog 1
COC(=O)CNC(=O)C(=O)O,Egl nine homolog 1
Cc1cccnc1CN1CCC2(CC1)CCN(c1ccc(-c3cncnc3)cc1)C2=O,Egl nine homolog 1
O=C(NCc1ccncc1)c1ncc2ccc(=O)n(Cc3ccccc3)c2c1O,Egl nine homolog 1
O=C(O)c1cnn(-c2ccc(-c3ccco3)cn2)c1,Egl nine homolog 1
CC(C)(CNC(=O)c1nc(-c2cccnc2)c2c(cc(-c3ccccc3)c(=O)n2Cc2ccccc2)c1O)C(=O)O,Egl nine homolog 1
COc1cc(COCc2ccc(-n3cc(C(=O)O)cn3)nc2)cc(OC)c1,Egl nine homolog 1
CCNC(=O)NCCNC(=O)c1ncc2c(cc(-c3ccccc3)c(=O)n2Cc2ccccc2)c1O,Egl nine homolog 1
O=CNCCNC(=O)c1ncc2c(cc(-c3ccccc3)c(=O)n2Cc2ccccc2)c1O,Egl nine homolog 1
Cc1ccc(Oc2ccc(CN3CCC(O)=C(C(=O)NCC(=O)O)C3=O)cn2)cc1,Egl nine homolog 1
O=C(O)CCNC(=O)c1ncc2c(cc(-c3ccccc3)c(=O)n2Cc2ccccc2)c1O,Egl nine homolog 1
Cc1cccnc1CN1CCC2(CC1)CCN(c1ccc(-c3ccccc3)nc1)C2=O,Egl nine homolog 1
O=C(O)CNC(=O)c1ncc2c(c1O)CCC(=O)N2Cc1ccccc1,Egl nine homolog 1
O=C(O)CCNC(=O)c1ncc2ccc(=O)n(Cc3ccccc3)c2c1O,Egl nine homolog 1
COc1ccc(F)cc1-c1cc2c(O)c(C(=O)NCCC(=O)O)ncc2n(Cc2ccccc2)c1=O,Egl nine homolog 1
O=C(NCc1nnn[nH]1)c1ncc2c(cc(-c3ccccc3)c(=O)n2Cc2ccccc2)c1O,Egl nine homolog 1
COc1cc(-c2ccccc2)ccc1N1CCC2(CCN(Cc3ncccc3C)CC2)C1=O,Egl nine homolog 1
O=C(O)CNC(=O)c1ncc2c(cc(-c3ccccc3)c(=O)n2Cc2ccccc2)c1O,Egl nine homolog 1
Cc1ccc(Oc2ncc(CN3CCC(O)=C(C(=O)NCC(=O)O)C3=O)cc2C)cn1,Egl nine homolog 1
O=C(O)CCNC(=O)c1nc(-c2cccnc2)c2c(=O)n(Cc3ccccc3)ccc2c1O,Egl nine homolog 1
CC(C)(CNC(=O)c1nc(C#N)c2c(cc(-c3ccccc3)c(=O)n2Cc2ccccc2)c1O)C(=O)O,Egl nine homolog 1
CCc1ccc(CCNC(=O)c2ccc3cccnc3c2O)cc1,Egl nine homolog 1
N#Cc1nc(C(=O)N[C@@H](Cc2ccccc2)C(=O)O)c(O)c2ccn(Cc3ccccc3)c(=O)c12,Egl nine homolog 1
O=C(O)CNC(=O)c1c(=O)oc(O)c2cccc(-c3ccccc3Cl)c12,Egl nine homolog 1
O=C(O)CCNC(=O)c1ncc2c(cc(-c3cnccn3)c(=O)n2Cc2ccccc2)c1O,Egl nine homolog 1
O=C(O)c1cnn(-c2ccccn2)c1,Egl nine homolog 1
Cc1ccc(Oc2ccc(CN3CCC(O)=C(C(=O)NCC(=O)O)C3=O)cn2)cc1Cl,Egl nine homolog 1
CC(=O)CC(=O)NCC(=O)O,Egl nine homolog 1
CCCNC(=O)CCCNC(=O)c1nc(C#N)c2c(=O)n(Cc3ccccc3)ccc2c1O,Egl nine homolog 1
Cc1cc2c(O)c(C(=O)NCC(=O)O)ncc2n(Cc2ccccc2)c1=O,Egl nine homolog 1
O=C(O)CNC(=O)c1c(=O)oc(O)c2ccc(-c3cccc(Cl)c3)cc12,Egl nine homolog 1
O=C(O)CNC(=O)c1c(=O)oc(O)c2cccc(-c3cc(F)c(F)c(F)c3)c12,Egl nine homolog 1
O=C(O)c1cnn(-c2ccc(-c3cccs3)cn2)c1,Egl nine homolog 1
COc1ccc2[nH]c(C(=O)NCC(=O)O)nc2c1,Egl nine homolog 1
Cc1cccc(COCc2ccc(-n3cc(C(=O)O)cn3)nc2)c1,Egl nine homolog 1
CC(C)c1ccc2c(c1)C1(CCN(Cc3nccn3C)CC1)C(=O)N2Cc1cccc(C(F)(F)F)c1,Egl nine homolog 1
O=C(O)CNC(=O)c1c(O)c2cc(Cl)cc(C#Cc3ccccc3)c2sc1=O,Egl nine homolog 1
O=C(O)CNC(=O)c1c(=O)oc(O)c2cccc(-c3ccc(C(F)(F)F)cc3)c12,Egl nine homolog 1
O=C(O)CCNC(=O)c1nc(-c2cccnc2)c2c(cc(-c3cccnc3)c(=O)n2Cc2ccccc2)c1O,Egl nine homolog 1
CCOC(=O)C(=O)NCC(=O)O,Egl nine homolog 1
Cc1cccnc1CN1CCC2(CC1)CC(=O)N(c1ccc(-c3ccccc3)cc1)C2=O,Egl nine homolog 1
Cc1cccnc1CN1CCC2(CC1)CCN(c1ccc(N3CCOCC3)cc1)C2=O,Egl nine homolog 1
O=C(NC1(C(=O)O)CC1)c1ncc2c(cc(-c3ccccc3)c(=O)n2Cc2ccccc2)c1O,Egl nine homolog 1
Cc1sc(-c2ncc(C#N)cc2O)nc1CC(=O)NCCc1ccccn1,Egl nine homolog 1
O=C(O)CNC(=O)c1c(=O)oc(O)c2cccc(-c3ccc(OC(F)(F)F)cc3)c12,Egl nine homolog 1
CNC(=O)c1ncc2c(=O)n(Cc3ccc(OC)cc3OC)ccc2c1O,Egl nine homolog 1
O=C(O)CNC(=O)c1nccc2c1nc(C(F)(F)F)n2-c1ccccc1,Egl nine homolog 1
Cc1cccnc1CN1CCC2(CC1)C(=O)N(c1ccc(-c3ccccc3)cc1)c1ccc(Br)cc12,Egl nine homolog 1
O=C(O)CCNC(=O)c1ncc2c(cc(-c3ccc4nonc4c3)c(=O)n2Cc2ccccc2)c1O,Egl nine homolog 1
O=C(O)COCCNC(=O)c1ncc2c(=O)n(Cc3ccccc3)ccc2c1O,Egl nine homolog 1
O=C(O)CCNC(=O)c1nc(-c2cncnc2)c2c(cc(-c3ccccc3)c(=O)n2Cc2ccccc2)c1O,Egl nine homolog 1
Cc1cccnc1CN1CCC2(CC1)C(=O)N(c1ccc(-c3ccccc3)cc1)c1ncccc12,Egl nine homolog 1
N#Cc1cnc(-c2ncc(CC(=O)O)c(=O)[nH]2)c(O)c1,Egl nine homolog 1
NC(=O)c1ncc2c(=O)n(Cc3ccccc3)ccc2c1O,Egl nine homolog 1
O=C(O)CNC(=O)c1ccc(B(O)O)cn1,Egl nine homolog 1
O=C(O)CCNC(=O)c1ncc2c(cc(-c3ccccc3)c(=O)n2CC2CCCCC2)c1O,Egl nine homolog 1
O=C(Nc1cccnc1)c1ccc2cccnc2c1O,Egl nine homolog 1
O=C(O)Cn1ccnc1CN1CCC2(CC1)C(=O)N(c1cnc3ccccc3c1)c1ccccc12,Egl nine homolog 1
O=C(O)CCCNC(=O)c1ncc2c(cc(-c3cccc(C(F)(F)F)c3)c(=O)n2Cc2ccccc2)c1O,Egl nine homolog 1
C[C@@H](c1ccccc1)n1c(=O)c(-c2ccccc2)cc2c(O)c(C(=O)NCCCC(=O)O)ncc21,Egl nine homolog 1
Cn1c(=O)c(C(=O)NCC(=O)O)c(O)c2ccc(-c3cccnc3)nc21,Egl nine homolog 1
COc1cccc(Oc2ccc(CN3CCC(O)=C(C(=O)NCC(=O)O)C3=O)cc2)c1,Egl nine homolog 1
O=C(O)CCCNC(=O)c1ncc2c(cc(-c3ccccc3)c(=O)n2CC2CCCC2)c1O,Egl nine homolog 1
O=C(O)CNC(=O)C1=C(O)CCN(Cc2ccc(Oc3ccccc3)nc2)C1=O,Egl nine homolog 1
O=C(O)CNC(=O)c1ccc(-c2ccc(Cl)cc2)cn1,Egl nine homolog 1
O=C(O)CCCCNC(=O)c1ncc2c(=O)n(Cc3ccccc3)ccc2c1O,Egl nine homolog 1
O=C(O)CNC(=O)c1nc2cc(F)ccc2[nH]1,Egl nine homolog 1
Cn1ccnc1CN1CCC2(CC1)C(=O)N(c1ccsc1)c1ccccc12,Egl nine homolog 1
O=C(O)CNC(=O)c1c(=O)oc(O)c2ccc(-c3cccc(C(F)(F)F)c3)cc12,Egl nine homolog 1
Cn1ccnc1CN1CCC2(CC1)C(=O)N(c1ccc(-c3ccccc3)cc1)c1ccccc12,Egl nine homolog 1
COc1cncc(-c2nc(C(=O)NCCC(=O)O)c(O)c3cc(-c4ccccc4)c(=O)n(Cc4ccccc4)c23)c1,Egl nine homolog 1
O=C(O)c1cnn(-c2ccc(COCc3ccc(Cl)cc3)cn2)c1,Egl nine homolog 1
O=C(O)CNC(=O)c1nc(-c2cncc(F)c2)c2ccc(=O)n(Cc3ccccc3)c2c1O,Egl nine homolog 1
O=C(O)Cc1cs/c(=N/C(=O)CSc2ccccc2)n1O,Egl nine homolog 1
O=C(O)CNC(=O)c1ncc2c(cc(CCc3ccccc3)c(=O)n2Cc2ccccc2)c1O,Egl nine homolog 1
Cc1nc(C(=O)NCCC(=O)O)c(O)c2cc(Cc3ccccc3)c(=O)n(Cc3ccccc3)c12,Egl nine homolog 1
Cc1cccnc1CN1CCC2(CC1)C(=O)N(c1ccc(-c3ccccn3)cc1)c1ccccc12,Egl nine homolog 1
COc1ccc(CN2CCc3c(cnc(C(=O)NCC(=O)O)c3O)C2=O)c(OC)c1,Egl nine homolog 1
Cc1cc(CC(=O)O)cnc1CN1CCC2(CC1)CCN(c1ccc(-c3ccccc3)cc1)C2=O,Egl nine homolog 1
Cc1cccnc1CN1CCC2(CC1)CCN(c1ccc(-c3ccc(C(=O)O)cc3)cc1)C2=O,Egl nine homolog 1
COc1cccc(COCc2ccc(-n3cc(C(=O)O)cn3)nc2)c1,Egl nine homolog 1
Cn1ccnc1CN1CCC2(CC1)C(=O)N(c1ccccc1)c1ccccc12,Egl nine homolog 1
O=C(O)CNC(=O)C1=C(O)CCN(Cc2ccc(Oc3cccc(F)c3)nc2)C1=O,Egl nine homolog 1
Cc1cccnc1CN1CCC2(CC1)NC(=O)N(c1ccc(-c3ccccc3)cc1)C2=O,Egl nine homolog 1
O=C(O)CCNC(=O)c1nc(-c2cccnc2)c2c(cc(-c3ccccc3)c(=O)n2CC2CCOCC2)c1O,Egl nine homolog 1
O=C(O)CCNC(=O)c1ncc2c(cc(-c3ccccc3)c(=O)n2Cc2nccs2)c1O,Egl nine homolog 1
Cc1nc(C(=O)NCC(=O)O)c(O)c2cccc(Oc3ccccc3)c12,Egl nine homolog 1
O=C(O)CCNC(=O)c1nc(-c2ccncc2)c2c(cc(-c3ccccc3)c(=O)n2-c2ccccc2)c1O,Egl nine homolog 1
CNC(=O)c1ncc2c(=O)n(Cc3ccccc3)ccc2c1O,Egl nine homolog 1
O=C(O)CCCCNC(=O)c1ncc2c(cc(-c3ccccc3)c(=O)n2Cc2ccccc2)c1O,Egl nine homolog 1
COc1ccc(-c2ccc3nc(C(=O)NCC(=O)O)cn3c2)cc1,Egl nine homolog 1
O=C(O)CCNC(=O)c1nc(-c2ccncc2)c2c(cc(-c3ccccc3)c(=O)n2Cc2ccccc2)c1O,Egl nine homolog 1
CN(C=O)CCNC(=O)c1ncc2c(=O)n(Cc3ccccc3)ccc2c1O,Egl nine homolog 1
Cc1ccc(N2C(=O)C3(CCN(Cc4nccn4C)CC3)c3ccccc32)cn1,Egl nine homolog 1
CC(C)NC(=O)NCCCNC(=O)c1ncc2c(=O)n(Cc3ccccc3)ccc2c1O,Egl nine homolog 1
O=C(O)Cc1csc(-c2ncccc2O)n1,Egl nine homolog 1
Cn1ccnc1CN1CCC2(CC1)C(=O)N(c1cnc3ccccc3c1)c1ccccc12,Egl nine homolog 1
O=C(O)CNC(=O)c1c(O)c2c(Cl)c(Cl)c(Cl)n2n(Cc2ccccc2)c1=O,Egl nine homolog 1
O=C(O)CNC(=O)c1c(O)c2c(n(CC3Cc4ccccc4C3)c1=O)COC2,Egl nine homolog 1
Cc1cc2c(O)c(C(=O)NCCC(=O)O)ncc2n(Cc2ccccc2)c1=O,Egl nine homolog 1
O=C(NCc1nnn[nH]1)c1ncc2c(=O)n(Cc3ccccc3)ccc2c1O,Egl nine homolog 1
N#Cc1cnc(-c2nc(CC(=O)NCC(=O)O)cs2)c(O)c1,Egl nine homolog 1
O=C1N(c2ccc(-c3ccccc3)cc2)CCC12CCN(Cc1ncccc1Cl)CC2,Egl nine homolog 1
N#Cc1nc(C(=O)NCC(=O)O)c(O)c2sc3ccccc3c12,Egl nine homolog 1
COc1cccc(Oc2ccc(CN3CCC(O)=C(C(=O)NCC(=O)O)C3=O)cn2)c1,Egl nine homolog 1
COc1ccc(Oc2ccc3c(C)nc(C(=O)NCC(=O)O)c(O)c3c2)cc1,Egl nine homolog 1
O=C(O)CCNC(=O)c1ncc2c(cc(-c3ccccc3)c(=O)n2CC2CCOCC2)c1O,Egl nine homolog 1
O=C(O)CCNC(=O)c1nc(-c2cncc(F)c2)c2c(=O)n(Cc3ccccc3)ccc2c1O,Egl nine homolog 1
Cc1cccnc1CN1CCC2(CC1)CCN(c1ccc(-c3ccccc3C(=O)O)cc1)C2=O,Egl nine homolog 1
CS(=O)(=O)NCCNC(=O)c1ncc2c(cc(-c3ccccc3)c(=O)n2Cc2ccccc2)c1O,Egl nine homolog 1
O=C(O)CCNC(=O)c1ncc2c(=O)[nH]ccc2c1O,Egl nine homolog 1
O=C(O)CNC(=O)C1=C(O)CCN(Cc2ccc(Oc3ccc(C(F)(F)F)cn3)cc2)C1=O,Egl nine homolog 1
O=C1N(c2cnc3ccccc3c2)c2ccccc2C12CCN(C1CCCc3cccnc31)CC2,Egl nine homolog 1
O=C(O)CCNC(=O)c1nc(-c2cncc(Cl)c2)c2c(cc(-c3ccccc3)c(=O)n2Cc2ccccc2)c1O,Egl nine homolog 1
O=C(O)CNC(=O)C(=O)C(=O)c1ccccc1,Egl nine homolog 1
Cc1cccnc1CN1CCC2(CC1)CCN(c1ccc(-c3ccc(CC(=O)O)cc3)cc1)C2=O,Egl nine homolog 1
CNC(=O)c1ncc2ccc(=O)n(Cc3ccccc3)c2c1O,Egl nine homolog 1
N#Cc1cnc(-c2nc(CC(=O)N[C@H](CO)c3ccccc3)cs2)c(O)c1,Egl nine homolog 1
Cn1ccnc1CN1CCC2(CC1)C(=O)N(c1ccc(Oc3ccccc3)cc1)c1ccccc12,Egl nine homolog 1
O=C(O)c1cnn(-c2ccc(-c3ccc(Cl)cc3)cn2)c1,Egl nine homolog 1
O=C(O)CNC(=O)c1ncc2c(ccc(=O)n2Cc2ccccc2)c1O,Egl nine homolog 1
COc1cccc(-c2ccc(-n3cc(C(=O)O)cn3)nc2)c1,Egl nine homolog 1
CC(c1ccccn1)N1CCC2(CC1)C(=O)N(c1cnc3ccccc3c1)c1ccccc12,Egl nine homolog 1
Cn1ccnc1CN1CCC2(CC1)C(=O)N(c1ccc(-n3cccc3)nc1)c1ccccc12,Egl nine homolog 1
Cc1cccnc1CN1CCC2(CC1)CCN(c1ccc(-c3ccccc3)cc1F)C2=O,Egl nine homolog 1
O=C(O)c1ccc(-c2cccc(C(=O)O)n2)nc1,Egl nine homolog 1
Cc1cccnc1CN1CCC2(CC1)C(=O)N(c1ccc(-c3ccccc3)cc1)c1ccc(C#N)cc12,Egl nine homolog 1
O=C(O)CNC(=O)c1c(=O)oc(O)c2ccc(-c3cc(F)c(F)c(F)c3)cc12,Egl nine homolog 1
CCc1ccc(Oc2ccc(CN3CCC(O)=C(C(=O)NCC(=O)O)C3=O)cn2)cc1,Egl nine homolog 1
O=C(O)c1cnn(-c2nc(N3CCCC3)c3cc(Oc4ccc(Cl)cc4)ccc3n2)c1,Egl nine homolog 1
Cn1ccnc1CN1CCC2(CC1)C(=O)N(Cc1ccccc1)c1ccccc12,Egl nine homolog 1
O=C(O)CCNC(=O)c1ncc2c(ccc(=O)n2Cc2ccccc2)c1O,Egl nine homolog 1
CCNC(=O)Cc1nc(-c2ncc(C#N)c(C)c2O)sc1C,Egl nine homolog 1
Cc1c(C#N)cnc(-c2nc(CC(=O)NCCc3ccccn3)c(-c3ccccc3)s2)c1O,Egl nine homolog 1
N#Cc1cnc(-c2nc(CC(=O)N[C@@H](CO)c3ccccc3)cs2)c(O)c1,Egl nine homolog 1
COc1ccc(-c2ccc3c(O)oc(=O)c(C(=O)NCC(=O)O)c3c2)cc1,Egl nine homolog 1
O=C(O)CCNC(=O)c1ncc2c(c1O)CC(c1ccccc1)C(=O)N2Cc1ccccc1,Egl nine homolog 1
COc1ccc2[nH]c(-n3cc(C(=O)O)cn3)nc2c1,Egl nine homolog 1
O=C(O)CNC(=O)C1=C(O)CCN(Cc2ccc(Oc3ccc(F)cn3)cc2)C1=O,Egl nine homolog 1
O=C(O)CNC(=O)c1cn2cc(-c3cccc(Cl)c3)ccc2n1,Egl nine homolog 1
O=C(O)CCNC(=O)c1nc(-c2cccnc2)c2c(cc(CCc3ccccc3)c(=O)n2Cc2ccccc2)c1O,Egl nine homolog 1
O=C(O)CNC(=O)c1nc(-c2ccccc2)c2c(=O)n(Cc3ccccc3)ccc2c1O,Egl nine homolog 1
COc1cc(NC(=O)c2ccc3cccnc3c2O)cc(OC)c1,Egl nine homolog 1
[H][C@@]1(C(=O)N[C@@H](Cc2ccc(O)cc2)C(=O)N[C@H](C(=O)N2CCC[C@H]2C(=O)N[C@@H](CCSC)C(=O)N[C@@H](CC(=O)O)C(=O)N[C@@H](CC(=O)O)C(=O)N[C@@H](CC(=O)O)C(=O)N[C@@H](Cc2ccccc2)C(=O)N[C@@H](CCC(N)=O)C(=O)N[C@@H](CC(C)C)C(=O)O)[C@@H](C)CC)CCCN1C(=O)[C@H](C)NC(=O)[C@H](CC(C)C)NC(=O)[C@H](CCSC)NC(=O)[C@H](CCC(=O)O)NC(=O)[C@H](CC(C)C)NC(=O)[C@H](CC(=O)O)NC(=O)[C@H](CC(C)C)NC(=O)[C@@H](N)CC(=O)O,Egl nine homolog 1
Cc1nc2c(C(=O)NCC(=O)O)nccc2n1-c1ccccc1,Egl nine homolog 1
Cc1ccc(-c2cccc3c(O)oc(=O)c(C(=O)NCC(=O)O)c23)cc1,Egl nine homolog 1
O=C(O)CCNC(=O)c1ncc2c(cc(CCc3ccccc3)c(=O)n2Cc2ccccc2)c1O,Egl nine homolog 1
Cc1cccc(-c2ccc3c(O)oc(=O)c(C(=O)NCC(=O)O)c3c2)c1,Egl nine homolog 1
Cc1cccc(CN2CCC3(CC2)C(=O)N(c2ccc(-c4ccccc4)cc2)c2ccc(C(=O)O)cc23)n1,Egl nine homolog 1
O=C(O)CNC(=O)C1=C(O)c2ccc(Cl)cc2C2(CCOCC2)C1=O,Egl nine homolog 1
Cc1cccnc1CN1CCC2(CC1)CCN(c1ccc(-c3ccccc3)cc1C#N)C2=O,Egl nine homolog 1
Cc1cc(CCC(=O)O)cnc1CN1CCC2(CC1)CCN(c1ccc(-c3ccccc3)cc1)C2=O,Egl nine homolog 1
O=C(O)CNC(=O)c1ccc2cccnc2c1O,Egl nine homolog 1
O=C(O)CNC(=O)c1c(=O)oc(O)c2ccc(-c3ccccc3Cl)cc12,Egl nine homolog 1
Cc1nc(C(=O)NCC(=O)O)c(O)c2cc(Cc3ccccc3)c(=O)n(Cc3ccccc3)c12,Egl nine homolog 1
Cc1s/c(=N/C(=O)CS(=O)(=O)c2ccccc2)n(O)c1CC(=O)O,Egl nine homolog 1
O=C(O)CNC(=O)c1cn2cc(-c3ccc(Cl)cc3)ccc2n1,Egl nine homolog 1
C[C@H](CC(=O)O)NC(=O)c1ncc2c(cc(-c3ccccc3)c(=O)n2Cc2ccccc2)c1O,Egl nine homolog 1
CN(CCNC(=O)c1nc(-c2ccccc2)c2c(cc(-c3ccccc3)c(=O)n2Cc2ccccc2)c1O)S(C)(=O)=O,Egl nine homolog 1
CN(CCNC(=O)c1ncc2c(=O)n(Cc3ccccc3)ccc2c1O)C(=O)C(F)(F)F,Egl nine homolog 1
CCc1ccc(-c2ccc3nc(C(=O)NCC(=O)O)cn3c2)cc1,Egl nine homolog 1
COc1ccc(CNC(=O)c2ccc3cccnc3c2O)cc1,Egl nine homolog 1
O=C(NCc1ccc(Cl)cc1)c1ccc2cccnc2c1O,Egl nine homolog 1
N#Cc1nc(C(=O)N[C@H](Cc2ccccc2)C(=O)O)c(O)c2ccn(Cc3ccccc3)c(=O)c12,Egl nine homolog 1
N#Cc1nc(C(=O)NCc2ccnnc2)c(O)c2ccn(Cc3ccccc3)c(=O)c12,Egl nine homolog 1
C[C@@H](c1ccccc1)n1c(=O)c(-c2ccccc2)cc2c(O)c(C(=O)NCCC(=O)O)ncc21,Egl nine homolog 1
O=C(c1ccccc1)c1ccc(O)c(O)c1,Egl nine homolog 1
Cc1cccc(Oc2ccc(CN3CCC(O)=C(C(=O)NCC(=O)O)C3=O)cc2)c1,Egl nine homolog 1
Cc1cc(CCCC(=O)O)cnc1CN1CCC2(CC1)CCN(c1ccc(-c3ccccc3)cc1)C2=O,Egl nine homolog 1
O=C(O)CNC(=O)c1cn2cc(-c3ccc(F)cc3)ccc2n1,Egl nine homolog 1
O=C1N(c2cnc3ccccc3c2)c2ccccc2C12CCN(Cc1ccccn1)CC2,Egl nine homolog 1
O=C(O)CNC(=O)C1=C(O)CCN(Cc2ccc(Oc3ccc(Cl)cn3)cc2)C1=O,Egl nine homolog 1
O=C(O)CNC(=O)C1=C(O)CCN(Cc2cnc(Oc3ccc(Cl)cc3)cn2)C1=O,Egl nine homolog 1
Cc1cccc(-c2ccc3nc(C(=O)NCC(=O)O)cn3c2)c1,Egl nine homolog 1
O=C(O)CNC(=O)c1c(=O)oc(O)c2ccc(-c3ccc(Cl)c(Cl)c3)cc12,Egl nine homolog 1
CN(CCNC(=O)c1ncc2c(=O)n(Cc3ccccc3)ccc2c1O)S(C)(=O)=O,Egl nine homolog 1
CCOC(=O)Cc1csc(NC(=O)CS(=O)(=O)c2ccccc2)n1,Egl nine homolog 1
O=C(O)CCNC(=O)c1ncc2c(cc(-c3cncnc3)c(=O)n2Cc2ccccc2)c1O,Egl nine homolog 1
CN(C)C(=O)c1ncc2c(=O)n(Cc3ccccc3)ccc2c1O,Egl nine homolog 1
O=C(O)CNC(=O)C1=C(O)CCN(Cc2ccc(Oc3ccc(C4CC4)cn3)cc2)C1=O,Egl nine homolog 1
Cc1nc(C(=O)NCC(=O)O)c(O)c2ccn(Cc3ccccc3)c(=O)c12,Egl nine homolog 1
O=C(O)CNC(=O)c1nc(-c2ccccc2)cc2c1ncn2-c1ccccc1,Egl nine homolog 1
O=C(Nc1ccc(C(F)(F)F)cc1)c1ccc2cccnc2c1O,Egl nine homolog 1
O=C(O)CCCNC(=O)c1ncc2c(cc(-c3ccc(C(F)(F)F)cc3)c(=O)n2Cc2ccccc2)c1O,Egl nine homolog 1
O=C(O)c1cnn(-c2nc3cc(OC(F)(F)F)cc(Br)c3[nH]2)c1,Egl nine homolog 1
O=C(O)CNC(=O)c1nccc2[nH]cnc12,Egl nine homolog 1
Cc1nc(C(=O)NCC(=O)O)c(O)c2cc(Oc3ccccc3)ccc12,Egl nine homolog 1
O=C(O)c1ccnc(-c2cccc(C(=O)O)n2)c1,Egl nine homolog 1
COc1cccnc1CN1CCC2(CC1)CCN(c1ccc(-c3ccccc3)cc1)C2=O,Egl nine homolog 1
O=C(O)CCCNC(=O)c1ncc2c(cc(-c3ccccc3)c(=O)n2Cc2ccccc2)c1O,Egl nine homolog 1
O=C(O)CCNC(=O)c1nc(-c2cccnc2)c2c(cc(-c3ccc(C(F)(F)F)cc3)c(=O)n2Cc2ccccc2)c1O,Egl nine homolog 1
Cc1cccnc1CN1CCC2(CC1)C(=O)N(c1ccc(-c3ccccc3)cc1)c1ccccc12,Egl nine homolog 1
Cc1cccnc1CN1CCC2(CC1)C(=O)N(c1cnc3ccccc3c1)c1ccccc12,Egl nine homolog 1
Cc1ccc(Oc2ccc(CN3C(=O)C(C(=O)NCC(=O)O)=C(O)CC3(C)C)cn2)cc1,Egl nine homolog 1
O=C(O)Cc1cs/c(=N/C(=O)CS(=O)(=O)Cc2ccccc2)n1O,Egl nine homolog 1
C[C@H](c1ccccc1)n1c(=O)c(-c2ccccc2)cc2c(O)c(C(=O)NCCC(=O)O)nc(-c3cccnc3)c21,Egl nine homolog 1
O=C(O)Cc1cs/c(=N/C(=O)CS(=O)(=O)c2cccc(Cl)c2)n1O,Egl nine homolog 1
CCN(CC)CCNC(=O)Cc1csc(-c2ncc(C#N)c(C)c2O)n1,Egl nine homolog 1
O=C(O)CNC(=O)c1ncnc2c1ncn2-c1ccccc1,Egl nine homolog 1
O=C(O)Cc1cs/c(=N/C(=O)CCc2ccccc2)n1O,Egl nine homolog 1
O=C(O)CNC(=O)c1c(=O)oc(O)c2ccc(-c3ccc(C(F)(F)F)cc3)cc12,Egl nine homolog 1
Cn1cc(-c2nc(C(=O)NCCC(=O)O)c(O)c3cc(-c4ccccc4)c(=O)n(Cc4ccccc4)c23)cn1,Egl nine homolog 1
Cc1cc2c(O)c(C(=O)NCC(=O)O)nc(C)c2n(Cc2ccccc2)c1=O,Egl nine homolog 1
Cn1c(=O)c(C(=O)NCC(=O)O)c(O)c2ccc(Br)cc21,Egl nine homolog 1
O=C(O)CCNC(=O)c1nc(-c2cncc(F)c2)c2ccc(=O)n(Cc3ccccc3)c2c1O,Egl nine homolog 1
[H][C@@](NC(=O)[C@@H](NC(=O)[C@H](CC(=O)O)NC(=O)CNC(=O)[C@H](C)NC(=O)[C@H](C)NC(=O)[C@]1([H])CCCN1C(=O)[C@H](C)NC(=O)[C@H](CC(C)C)NC(=O)[C@H](CC(C)C)NC(=O)[C@@H](NC(=O)[C@H](CC(C)C)NC(=O)[C@H](C)NC(=O)[C@@H](N)CC(=O)O)[C@@H](C)O)[C@@H](C)O)(C(=O)N[C@]([H])(C(=O)N[C@@H](CO)C(=O)N[C@@H](CC(C)C)C(=O)N[C@@H](CC(=O)O)C(=O)N[C@@H](Cc1ccccc1)C(=O)O)[C@@H](C)CC)[C@@H](C)CC,Egl nine homolog 1
N#Cc1cccc(NC(=O)c2ccc3cccnc3c2O)c1,Egl nine homolog 1
Cn1c(=O)c(-c2ccccc2)cc2c(O)c(C(=O)NCCC(=O)O)ncc21,Egl nine homolog 1
O=C(O)CCNC(=O)c1ncc2c(cc(-c3ccccn3)c(=O)n2Cc2ccccc2)c1O,Egl nine homolog 1
O=C1N(c2cnc3ccccc3c2)c2ccccc2C12CCN(Cc1ncon1)CC2,Egl nine homolog 1
Cc1nc(C(=O)NCC(=O)O)c(O)c2sc3ccccc3c12,Egl nine homolog 1
Cc1ncccc1-c1nc(C(=O)NCCC(=O)O)c(O)c2cc(-c3ccccc3)c(=O)n(Cc3ccccc3)c12,Egl nine homolog 1
O=C(O)CNC(=O)C1=C(O)CCN(Cc2ccc(Oc3ccc(Cl)cc3)nc2)C1=O,Egl nine homolog 1
COc1cccc(-c2ccc3c(O)oc(=O)c(C(=O)NCC(=O)O)c3c2)c1,Egl nine homolog 1
Cc1ccccc1CN1C(=O)NC2(CCN(Cc3ccccn3)CC2)C1=O,Egl nine homolog 1
O=C(O)CCNC(=O)c1ncc2c(cc(Cc3ccccc3)c(=O)n2Cc2ccccc2)c1O,Egl nine homolog 1
Cc1cccnc1CN1CCC2(CC1)CCN(c1ccc(-c3cccc(C(=O)O)c3)cc1)C2=O,Egl nine homolog 1
O=C(O)Cc1cs/c(=N/C(=O)COc2ccccc2)n1O,Egl nine homolog 1
O=C(O)CN1CCNC(=O)C1=O,Egl nine homolog 1
CC(C)c1ccc(Oc2ccc(CN3CCC(O)=C(C(=O)NCC(=O)O)C3=O)cn2)cc1,Egl nine homolog 1
O=C(O)CCNC(=O)c1ncc2c(cc(-c3ccc(C(F)(F)F)cc3)c(=O)n2Cc2ccccc2)c1O,Egl nine homolog 1
Cc1cccc(-c2cccc3c(O)oc(=O)c(C(=O)NCC(=O)O)c23)c1,Egl nine homolog 1
O=C(O)Cc1cs/c(=N/C(=O)CS(=O)(=O)c2ccc3ccccc3c2)n1O,Egl nine homolog 1
O=C1N(c2ccccc2)c2ccccc2C12CCN(Cc1ccccn1)CC2,Egl nine homolog 1
O=C(O)CCNC(=O)c1nc(-c2cccnc2)c2c(cc(-c3ccccc3)c(=O)n2CCc2ccccc2)c1O,Egl nine homolog 1
Cc1ccc(-c2ccc3c(O)oc(=O)c(C(=O)NCC(=O)O)c3c2)cc1,Egl nine homolog 1
O=C(O)CNC(=O)c1nccc2c1ncn2-c1ccccc1,Egl nine homolog 1
O=C(O)CCNC(=O)c1ncc2c(cc(Cc3ccccc3)c(=O)n2-c2ccccc2)c1O,Egl nine homolog 1
Cc1ccc(Oc2ccc(CN3CCC(O)=C(C(=O)NCC(=O)O)C3=O)cc2)cc1C,Egl nine homolog 1
O=C(O)CNC(=O)c1c(=O)oc(O)c2ccc(-c3cccc(OC(F)(F)F)c3)cc12,Egl nine homolog 1
Cc1nc(C(=O)NCCN(C)S(C)(=O)=O)c(O)c2cc(-c3ccccc3)c(=O)n(Cc3ccccc3)c12,Egl nine homolog 1
Cc1cc(CN2CCC(O)=C(C(=O)NCC(=O)O)C2=O)cnc1Oc1ccc(Cl)cc1,Egl nine homolog 1
N#Cc1cnc(-c2nc(CC(=O)O)cs2)c(O)c1,Egl nine homolog 1
O=C(O)CNC(=O)C1=C(O)CCN(Cc2ccc(Oc3ccc(F)cc3)nc2)C1=O,Egl nine homolog 1
O=C(NCCCNC(=O)C(F)(F)F)c1ncc2c(=O)n(Cc3ccccc3)ccc2c1O,Egl nine homolog 1
O=C(O)CNC(=O)c1cn2cc(-c3ccc4ccccc4c3)ccc2n1,Egl nine homolog 1
O=C(O)CNC(=O)C1=C(O)CCN(Cc2ccc(Oc3ccc(C4CC4)cc3)nc2)C1=O,Egl nine homolog 1
O=C(O)CNC(=O)c1nc2cc(C(F)(F)F)cc(C(F)(F)F)c2[nH]1,Egl nine homolog 1
COc1ccc(-c2cc3c(O)c(C(=O)NCCC(=O)O)nc(-c4cccnc4)c3n(Cc3ccccc3)c2=O)cc1,Egl nine homolog 1
O=C(O)CNC(=O)C(=O)NCc1ccccc1,Egl nine homolog 1
O=C(O)c1cnn(-c2nc3cc(Br)ccc3[nH]2)c1,Egl nine homolog 1
Cc1ccc(Oc2cnc(CN3CCC(O)=C(C(=O)NCC(=O)O)C3=O)cn2)cc1,Egl nine homolog 1
Cc1cccnc1CN1CCC2(CC1)CCN(c1ccc(OC(C)C)cc1)C2=O,Egl nine homolog 1
O=C1N(c2ccc(-c3ccccc3)cc2)CCC12CCN(Cc1ccccc1)CC2,Egl nine homolog 1
CCNC(=O)C(=O)NCC(=O)O,Egl nine homolog 1
O=C(O)CNC(=O)C1=C(O)CCN(Cc2ccc(Oc3ncccn3)cc2)C1=O,Egl nine homolog 1
CS(=O)(=O)NCCNC(=O)c1ncc2ccc(=O)n(Cc3ccccc3)c2c1O,Egl nine homolog 1
O=C(O)CCNC(=O)c1nc(-c2ccc(C(F)(F)F)nc2)c2c(cc(-c3ccccc3)c(=O)n2Cc2ccccc2)c1O,Egl nine homolog 1
O=C(O)c1cnn(-c2ccc(-c3cccc(Cl)c3)cn2)c1,Egl nine homolog 1
CC(=O)NCCNC(=O)c1nc(C#N)c2ccc(=O)n(Cc3ccccc3)c2c1O,Egl nine homolog 1
NC(=O)c1ccc(-c2ccc3nc(C(=O)NCC(=O)O)cn3c2)cc1,Egl nine homolog 1
O=C(O)CNC(=O)c1c(=O)oc(O)c2cccc(Br)c12,Egl nine homolog 1
O=C(O)CCNC(=O)c1nc(-c2cccnc2)c2c(cc(-c3cccc(C(F)(F)F)c3)c(=O)n2Cc2ccccc2)c1O,Egl nine homolog 1
N#Cc1cnc(-c2nc(CC(=O)N[C@@H](C(=O)O)c3ccccc3)cs2)c(O)c1,Egl nine homolog 1
Cn1cnnc1CN1CCC2(CC1)C(=O)N(c1cnc3ccccc3c1)c1ccccc12,Egl nine homolog 1
COc1ccc(COCc2ccc(-n3cc(C(=O)O)cn3)nc2)cc1,Egl nine homolog 1
N#Cc1ccc(Oc2ccc(CN3CCC(O)=C(C(=O)NCC(=O)O)C3=O)cn2)cc1,Egl nine homolog 1
Cc1cccnc1CN1CCC2(NC(=O)N(c3ccc(-c4ccccc4)cc3)C2=O)C(C(=O)O)C1,Egl nine homolog 1
O=C(O)CNC(=O)c1nc(-c2cncc(F)c2)c2c(=O)n(Cc3ccccc3)ccc2c1O,Egl nine homolog 1
O=C(O)c1ncc2c(=O)n(Cc3ccccc3)ccc2c1O,Egl nine homolog 1
Cc1ccc(Oc2ccc(CN3CCC(O)=C(C(=O)NCC(=O)O)C3=O)cc2)cc1,Egl nine homolog 1
CC(C)(C)c1ccc(S(=O)(=O)CC(=O)/N=c2/scc(CC(=O)O)n2O)cc1,Egl nine homolog 1
O=C(O)CNC(=O)c1c(=O)oc(O)c2ccc(-c3ccccc3)cc12,Egl nine homolog 1
COc1ccc(-c2ccc(-n3cc(C(=O)O)cn3)nc2)cc1,Egl nine homolog 1
N#CCNC(=O)c1ccc2cccnc2c1O,Egl nine homolog 1
COC(=O)CNC(=O)c1ncc(-c2cccc(NC(=O)C3CC3)c2)cc1O,Egl nine homolog 1
O=C(O)c1cnn(-c2nc3cc(Cl)c(F)cc3[nH]2)c1,Egl nine homolog 1
N#Cc1ccccc1-c1ccc(COCc2ccc(-n3cc(C(=O)O)cn3)nc2)cc1,Egl nine homolog 1
Cc1ccccc1Oc1ccc(CN2CCC(O)=C(C(=O)NCC(=O)O)C2=O)cn1,Egl nine homolog 1
O=C(O)CNC(=O)c1c(=O)oc(O)c2cccc(-c3ccc(Cl)c(Cl)c3)c12,Egl nine homolog 1
Cc1ccc(Oc2ccc(CN3CCC(O)=C(C(=O)NCC(=O)O)C3=O)nc2)cc1,Egl nine homolog 1
O=C(O)CNC(=O)C1=C(O)CCN(Cc2cnc(Oc3ccc(C4CC4)cc3)cn2)C1=O,Egl nine homolog 1
CCOc1ccc(N2CCC3(CCN(Cc4ncccc4C)CC3)C2=O)cc1,Egl nine homolog 1
O=C(O)CCNC(=O)c1nc(-c2cscn2)c2c(cc(-c3ccccc3)c(=O)n2Cc2ccccc2)c1O,Egl nine homolog 1
CC(C)(CNC(=O)c1ncc2c(=O)n(Cc3ccccc3)ccc2c1O)C(=O)O,Egl nine homolog 1
Cc1cccnc1CN1CCC2(CC1)CC(C(=O)O)N(c1ccc(-c3ccccc3)cc1)C2=O,Egl nine homolog 1
N#Cc1cnc(-c2nc(CC(=O)NCCc3ccccc3)cs2)c(O)c1,Egl nine homolog 1
N#Cc1ccc(COCc2ccc(-n3cc(C(=O)O)cn3)nc2)cc1,Egl nine homolog 1
O=C(O)CNC(=O)C1=C(O)CCN(Cc2ccc(Oc3ccc(Cl)cc3)cc2)C1=O,Egl nine homolog 1
COc1ccc(Cn2ccc3c(O)c(C(=O)NCCc4ccccc4)ncc3c2=O)c(OC)c1,Egl nine homolog 1
COc1cc(N2CCC3(CCN(Cc4ncccc4C)CC3)C2=O)ccc1-c1ccccc1,Egl nine homolog 1
N#Cc1nc(C(=O)N[C@H](Cc2ccccc2)C(=O)O)c(O)c2cc(-c3ccccc3)c(=O)n(Cc3ccccc3)c12,Egl nine homolog 1
CN(CCNC(=O)c1nc(-c2cccnc2)c2c(cc(-c3ccccc3)c(=O)n2Cc2ccccc2)c1O)S(C)(=O)=O,Egl nine homolog 1
O=C(O)CCCNC(=O)c1ncc2c(cc(-c3ccccc3C(F)(F)F)c(=O)n2Cc2ccccc2)c1O,Egl nine homolog 1
COc1cccc(-c2cc3c(O)c(C(=O)NCCC(=O)O)ncc3n(Cc3ccccc3)c2=O)c1,Egl nine homolog 1
CC(C)(CNC(=O)c1ncc2ccc(=O)n(Cc3ccccc3)c2c1O)C(=O)O,Egl nine homolog 1
Cc1nc(C(=O)NCC(=O)O)c(O)c2c(Oc3ccccc3)cccc12,Egl nine homolog 1
O=C1N(c2ccc(-c3ccccc3)cc2)CCC12CCN(Cc1ccccn1)CC2,Egl nine homolog 1
O=C(O)Cc1cnc(-c2ncccc2O)[nH]c1=O,Egl nine homolog 1
O=C(O)CCNC(=O)c1nc(-c2cccnc2)c2c(cc(-c3ccccc3)c(=O)n2Cc2ccccc2)c1O,Egl nine homolog 1
O=C(O)Cc1cs/c(=NC(=O)S(=O)(=O)c2ccc3ccccc3c2)n1O,Egl nine homolog 1
CN(CCNC(=O)c1ncc2ccc(=O)n(Cc3ccccc3)c2c1O)S(C)(=O)=O,Egl nine homolog 1
O=C(O)CNC(=O)c1c(=O)oc(O)c2cccc(-c3ccc(Cl)cc3)c12,Egl nine homolog 1
COc1ccc(Cn2ccc3c(O)c(C(=O)NCC(=O)O)ncc3c2=O)c(OC)c1,Egl nine homolog 1
O=C(O)CNC(=O)c1c(=O)oc(O)c2cccc(-c3cccc(OC(F)(F)F)c3)c12,Egl nine homolog 1
Cc1cccc(Oc2ccc(CN3CCC(O)=C(C(=O)NCC(=O)O)C3=O)cn2)c1,Egl nine homolog 1
COc1ccc(-c2cc3c(O)c(C(=O)NCCCC(=O)O)ncc3n(Cc3ccccc3)c2=O)cc1,Egl nine homolog 1
N#Cc1ccc(-c2cc3c(O)c(C(=O)NCCC(=O)O)ncc3n(Cc3ccccc3)c2=O)cc1,Egl nine homolog 1
O=C(O)c1cnn(-c2nc3cc(OC(F)(F)F)ccc3[nH]2)c1,Egl nine homolog 1
O=C(NCc1cc(F)cc(F)c1)c1ccc2cccnc2c1,Egl nine homolog 1
O=C(O)CCCNC(=O)c1ncc2c(=O)n(Cc3ccccc3)ccc2c1O,Egl nine homolog 1
O=C(NCc1ccncc1)c1ncc2c(=O)n(Cc3ccccc3)ccc2c1O,Egl nine homolog 1
Cc1ccc(-c2ccc(C(=O)NCC(=O)O)nc2)cc1,Egl nine homolog 1
O=C1N(c2cnc3ccccc3c2)c2ccccc2C12CCN(Cc1cnccn1)CC2,Egl nine homolog 1
O=C(O)CNC(=O)C1=C(O)CCN(Cc2ccc(Oc3cccc(C(F)(F)F)c3)nc2)C1=O,Egl nine homolog 1
O=C(O)CNC(=O)c1c(=O)oc(O)c2ccc(-c3ccc(F)c(F)c3)cc12,Egl nine homolog 1
O=C(O)CNC(=O)C1=C(O)CCN(Cc2ccc(Oc3ccc(C(F)(F)F)cc3)cn2)C1=O,Egl nine homolog 1
Cn1ccnc1CN1CCC2(CC1)C(=O)N(c1cccnc1)c1ccccc12,Egl nine homolog 1
O=C(O)CNC(=O)c1c(=O)oc(O)c2cccc(-c3cccc(C(F)(F)F)c3)c12,Egl nine homolog 1
O=C(O)CNC(=O)C1=C(O)c2ccccc2C1=O,Egl nine homolog 1
N#Cc1cnc(-c2nc(CC(=O)NCCc3ccccn3)c(-c3ccccc3)s2)c(O)c1,Egl nine homolog 1
Cc1cc(-c2ccccc2)ccc1N1CCC2(CCN(Cc3ncccc3C)CC2)C1=O,Egl nine homolog 1
O=C(O)c1cnn(-c2nc3ccccc3[nH]2)c1,Egl nine homolog 1
O=C1N(c2cnc3ccccc3c2)c2ccccc2C12CCN(Cc1ncccc1C1CC1)CC2,Egl nine homolog 1
CC(C)c1ccc2c(c1)C1(CCN(Cc3nccn3C)CC1)C(=O)N2c1ccccc1,Egl nine homolog 1
COC(=O)N(C)CCNC(=O)c1ncc2c(=O)n(Cc3ccccc3)ccc2c1O,Egl nine homolog 1
N#Cc1nc(C(=O)NC2CC2)c(O)c2ccn(Cc3ccccc3)c(=O)c12,Egl nine homolog 1
Cc1ccc(Oc2ncc(CN3CCC(O)=C(C(=O)NCC(=O)O)C3=O)cn2)cc1,Egl nine homolog 1
O=C(OCc1ccccc1)c1ccc2cccnc2c1O,Egl nine homolog 1
N#Cc1cnc(-c2nc(CC(=O)N[C@H](C(=O)O)c3ccccc3)cs2)c(O)c1,Egl nine homolog 1
O=C(O)CCNC(=O)c1ncc2c(cc(-c3ccccc3)c(=O)n2CCc2ccccc2)c1O,Egl nine homolog 1
C[C@H](NC(=O)c1nc(C#N)c2c(=O)n(Cc3ccccc3)ccc2c1O)C(=O)O,Egl nine homolog 1
CC(C)NC(=O)N(C)CCNC(=O)c1ncc2c(=O)n(Cc3ccccc3)ccc2c1O,Egl nine homolog 1
N#Cc1nc(C(=O)NCC(=O)O)c(O)c2cc(Cc3ccccc3)c(=O)n(Cc3ccccc3)c12,Egl nine homolog 1
Cc1cccnc1CN1CCC2(CC1)C(=O)N(c1ccc(-c3ccccc3)cc1)c1ccc(C(=O)O)cc12,Egl nine homolog 1
O=C(NCCNC(=O)C(F)(F)F)c1ncc2c(cc(-c3ccccc3)c(=O)n2Cc2ccccc2)c1O,Egl nine homolog 1
O=C(O)CNC(=O)c1nccc2c1ncn2-c1ccc(Br)cc1,Egl nine homolog 1
CC(C(=O)O)c1cs/c(=N/C(=O)CS(=O)(=O)c2ccccc2)n1O,Egl nine homolog 1
NS(=O)(=O)CCNC(=O)c1ncc2c(=O)n(Cc3ccccc3)ccc2c1O,Egl nine homolog 1
O=C(O)CNC(=O)c1c(=O)oc(O)c2ccc(-c3ccc(OC(F)(F)F)cc3)cc12,Egl nine homolog 1
O=C(O)CNC(=O)c1nc2cc(Cl)c(Cl)cc2[nH]1,Egl nine homolog 1
O=C(O)Cc1cs/c(=N/C(=O)CS(=O)(=O)c2ccc(Cl)cc2)n1O,Egl nine homolog 1
O=C(O)CCc1cs/c(=N/C(=O)CS(=O)(=O)c2ccccc2)n1O,Egl nine homolog 1
O=C(O)CNC(=O)c1c(=O)oc(O)c2cccc(-c3ccc(F)c(F)c3)c12,Egl nine homolog 1
CCOC(=O)Cc1cs/c(=N/C(=O)CS(=O)(=O)c2ccccc2)n1O,Egl nine homolog 1
O=C(O)CNC(=O)c1nc(-c2ccccc2)c2c(cc(-c3ccccc3)c(=O)n2Cc2ccccc2)c1O,Egl nine homolog 1
O=C(NCCc1ccc(Cl)cc1)c1ccc2cccnc2c1O,Egl nine homolog 1
C[C@@H](c1ccccc1)n1c(=O)c(-c2ccccc2)cc2c(O)c(C(=O)NCCC(=O)O)nc(-c3cccnc3)c21,Egl nine homolog 1
O=C(O)CNC(=O)C1=C(O)CCN(Cc2ccc(Oc3cccc(F)c3)cc2)C1=O,Egl nine homolog 1
O=C(O)CCNC(=O)c1ncc2c(cc(-c3ccc(N4CCOCC4)cc3)c(=O)n2Cc2ccccc2)c1O,Egl nine homolog 1
O=C(O)CNC(=O)c1ncc2c(sc3ccccc32)c1O,Egl nine homolog 1
O=CNCCCNC(=O)c1ncc2c(=O)n(Cc3ccccc3)ccc2c1O,Egl nine homolog 1
CC(=O)NCCCNC(=O)c1ncc2c(=O)n(Cc3ccccc3)ccc2c1O,Egl nine homolog 1
Cn1c(=O)c(C(=O)CCC(=O)O)c(O)c2ccc(Br)cc21,Egl nine homolog 1
O=C(O)Cc1cs/c(=N/C(=O)CNc2ccccc2)n1O,Egl nine homolog 1
CC(=O)NCCNC(=O)c1ncc2c(cc(-c3ccccc3)c(=O)n2Cc2ccccc2)c1O,Egl nine homolog 1
Cc1cccnc1CN1CCC2(CC1)CCN(c1ccc(-c3cnn(C)c3)cc1)C2=O,Egl nine homolog 1
Cc1cccnc1CN1CCC2(CC1)CCN(c1ccc(-c3ccccc3)cn1)C2=O,Egl nine homolog 1
COc1ccc(CCNC(=O)c2ccc3cccnc3c2O)cc1,Egl nine homolog 1
CC(C)(C)c1ccc(CS(=O)(=O)CC(=O)/N=c2/scc(CC(=O)O)n2O)cc1,Egl nine homolog 1
O=C(Nc1ccccc1)c1ccc2cccnc2c1O,Egl nine homolog 1
O=C(O)Cc1cs/c(=N/C(=O)CS(=O)(=O)c2ccc(-c3ccccc3)cc2)n1O,Egl nine homolog 1
CC(C)c1ccc2c(c1)C1(CCN(Cc3nccn3C)CC1)C(=O)N2c1ccccn1,Egl nine homolog 1
Cc1ncccc1CN1CCC2(CC1)CCN(c1ccc(-c3ccccc3)cc1)C2=O,Egl nine homolog 1
O=C(O)CCNC(=O)c1nc(-c2ccnnc2)c2c(cc(-c3ccccc3)c(=O)n2Cc2ccccc2)c1O,Egl nine homolog 1
O=C(O)CCNC(=O)c1ncc2c(cc(-c3ccccc3C(F)(F)F)c(=O)n2Cc2ccccc2)c1O,Egl nine homolog 1
O=C(O)CCNC(=O)c1nc(-c2ccccn2)c2c(cc(-c3ccccc3)c(=O)n2Cc2ccccc2)c1O,Egl nine homolog 1
O=C(O)CCNC(=O)c1nc(-c2nccs2)c2c(cc(-c3ccccc3)c(=O)n2Cc2ccccc2)c1O,Egl nine homolog 1
CC(O)C(C)O,Egl nine homolog 1
N#Cc1cnc(-c2nc(CC(=O)NCc3ccccc3)cs2)c(O)c1,Egl nine homolog 1
Cc1nc(C(=O)NCC(=O)O)c(O)c2ccc(Oc3cc(F)cc(F)c3)cc12,Egl nine homolog 1
N#Cc1nc(C(=O)NCc2ccncc2)c(O)c2cc(-c3ccccc3)c(=O)n(Cc3ccccc3)c12,Egl nine homolog 1
Cc1c(C#N)cnc(-c2nc(CC(=O)NCCc3ccccn3)cs2)c1O,Egl nine homolog 1
CC(=O)NCCNC(=O)c1ncc2ccc(=O)n(Cc3ccccc3)c2c1O,Egl nine homolog 1
O=C(O)CNC(=O)c1ncc2c(oc3ccccc32)c1O,Egl nine homolog 1
O=C(O)CCNC(=O)c1nc(-c2cnccn2)c2c(cc(-c3ccccc3)c(=O)n2Cc2ccccc2)c1O,Egl nine homolog 1
Cn1ccnc1C(=O)N1CCC2(CC1)C(=O)N(c1cnc3ccccc3c1)c1ccccc12,Egl nine homolog 1
O=C1N(c2cnc3ccccc3c2)c2ccccc2C12CCN(Cc1cccnn1)CC2,Egl nine homolog 1
O=C(Cc1ccc2ccccc2c1)Nc1cnc(-n2cccn2)nc1O,Egl nine homolog 1
Cc1ccc(-c2ccc3nc(C(=O)NCC(=O)O)cn3c2)cc1,Egl nine homolog 1
C[C@@H](NC(=O)c1nc(C#N)c2c(=O)n(Cc3ccccc3)ccc2c1O)C(=O)O,Egl nine homolog 1
O=C(O)CCNC(=O)c1ncc2c(cc(-c3ccccc3)c(=O)n2CC2CCCC2)c1O,Egl nine homolog 1
O=C(O)CNC(=O)c1ncc2ccc(=O)n(Cc3ccccc3)c2c1O,Egl nine homolog 1
CS(=O)(=O)c1ccc(-c2cc3c(O)c(C(=O)NCCC(=O)O)ncc3n(Cc3ccccc3)c2=O)cc1,Egl nine homolog 1
O=C(O)CNC(=O)c1cn2cc(-c3ccccc3)ccc2n1,Egl nine homolog 1
Cc1ccccc1Oc1ccc(CN2CCC(O)=C(C(=O)NCC(=O)O)C2=O)cc1,Egl nine homolog 1
CNC(=O)c1ncc2c(cc(-c3ccccc3)c(=O)n2Cc2ccccc2)c1O,Egl nine homolog 1
O=C(O)CCNC(=O)c1nc(-c2cccnc2)c2c(cc(-c3ccccc3)c(=O)n2-c2ccccc2)c1O,Egl nine homolog 1
CCOc1ncc(-c2nc(C(=O)NCCC(=O)O)c(O)c3cc(-c4ccccc4)c(=O)n(Cc4ccccc4)c23)cn1,Egl nine homolog 1
O=C(NCCNC(=O)C(F)(F)F)c1ncc2c(=O)n(Cc3ccccc3)ccc2c1O,Egl nine homolog 1
CCOc1ncc(-c2nc(C(=O)NCCC(=O)O)c(O)c3cc(-c4ccccc4)c(=O)n(CC4CCCCC4)c23)cn1,Egl nine homolog 1
O=C(O)CNC(=O)c1nc2cc(Br)ccc2[nH]1,Egl nine homolog 1
O=C(O)CNC(=O)c1ncc2c(I)cccc2c1O,Egl nine homolog 1
Cc1ccncc1CN1CCC2(CC1)CCN(c1ccc(-c3ccccc3)cc1)C2=O,Egl nine homolog 1
O=C(O)c1cnn(-c2ccc(COCc3ccccc3)cn2)c1,Egl nine homolog 1
O=C(O)CNC(=O)c1ncc2c(cc(Cc3ccccc3)c(=O)n2Cc2ccccc2)c1O,Egl nine homolog 1
C[C@H](c1ccccc1)n1c(=O)c(-c2ccccc2)cc2c(O)c(C(=O)NCCC(=O)O)ncc21,Egl nine homolog 1
Cc1cc2c(O)c(C(=O)NCC(=O)O)nc(C#N)c2n(Cc2ccccc2)c1=O,Egl nine homolog 1
Cc1cccnc1CN1CCC2(CC1)CCN(c1ccc(C3CCCCC3)cc1)C2=O,Egl nine homolog 1
N#Cc1nc(C(=O)NCC(=O)O)c(O)c2cc(-c3ccccc3)c(=O)n(Cc3ccccc3)c12,Egl nine homolog 1
CC(C)c1ccc(-c2ccc(-n3cc(C(=O)O)cn3)nc2)cc1,Egl nine homolog 1
O=C(O)CCNC(=O)c1nc(-c2cccnn2)c2c(cc(-c3ccccc3)c(=O)n2Cc2ccccc2)c1O,Egl nine homolog 1
O=C(O)CNC(=O)c1ncc2ccn(Cc3ccccc3)c(=O)c2c1O,Egl nine homolog 1
CS(=O)(=O)NCCNC(=O)c1ncc2c(=O)n(Cc3ccccc3)ccc2c1O,Egl nine homolog 1
O=C(O)CNC(=O)C1=C(O)CCN(Cc2ccc(Oc3ccc(C(F)(F)F)nc3)cc2)C1=O,Egl nine homolog 1
CC(C)(NC(=O)Cc1csc(-c2ncc(C#N)cc2O)n1)C(=O)O,Egl nine homolog 1
O=C(O)CCCNC(=O)c1ncc2c(cc(-c3ccccc3)c(=O)n2CC2CCCCC2)c1O,Egl nine homolog 1
COc1cccc(-c2ccc3nc(C(=O)NCC(=O)O)cn3c2)c1,Egl nine homolog 1
COc1ccc(-c2nc(C(=O)NCCC(=O)O)c(O)c3cc(-c4ccccc4)c(=O)n(Cc4ccccc4)c23)cn1,Egl nine homolog 1
CN(C)c1ncc(-c2cc3c(O)c(C(=O)NCCC(=O)O)ncc3n(Cc3ccccc3)c2=O)cn1,Egl nine homolog 1
N#Cc1ccc(NC(=O)c2ccc3cccnc3c2O)cc1,Egl nine homolog 1
Cc1ccc(Oc2ncc(CN3CCC(O)=C(C(=O)NCC(=O)O)C3=O)cc2F)cc1,Egl nine homolog 1
CCCc1ccc(Oc2ccc(CN3CCC(O)=C(C(=O)NCC(=O)O)C3=O)cn2)cc1,Egl nine homolog 1
Cc1ccc(-c2nc(C(=O)NCCC(=O)O)c(O)c3cc(-c4ccccc4)c(=O)n(Cc4ccccc4)c23)cn1,Egl nine homolog 1
C[C@H](c1ccccc1)n1c(=O)c(-c2ccccc2)cc2c(O)c(C(=O)NCCCC(=O)O)ncc21,Egl nine homolog 1
Cc1cccnc1CN1CCC2(CC1)C(=O)N(c1ccc(-c3ccccc3)cc1)c1cccnc12,Egl nine homolog 1
N#Cc1ccc(-c2ccc(C(=O)NCC(=O)O)nc2)cc1,Egl nine homolog 1
Cc1cccnc1CN1CCC2(CC1)C(=O)N(c1ccc(-c3cccnc3)cc1)c1ccccc12,Egl nine homolog 1
O=C(O)CCNC(=O)c1nc(-c2ccccc2)c2c(cc(-c3ccccc3)c(=O)n2Cc2ccccc2)c1O,Egl nine homolog 1
O=C(NC1(C(=O)O)CC1)c1nc(-c2cccnc2)c2c(cc(-c3ccccc3)c(=O)n2Cc2ccccc2)c1O,Egl nine homolog 1
COc1cccc(-c2cc3c(O)c(C(=O)NCCCC(=O)O)ncc3n(Cc3ccccc3)c2=O)c1,Egl nine homolog 1
O=C1N(c2ccccc2)c2ccccc2C12CCN(S(=O)(=O)c1ccccn1)CC2,Egl nine homolog 1
Cc1cc2c(O)c(C(=O)NCC(=O)O)nc(-c3cccnc3)c2n(Cc2ccccc2)c1=O,Egl nine homolog 1
Cc1ccc(N2C(=O)C3(CCN(Cc4nccn4C)CC3)c3ccccc32)cc1C,Egl nine homolog 1
Cc1nc(C(=O)NCC(=O)O)c(O)c2c1N(Cc1ccccc1)C(=O)CC2,Egl nine homolog 1
O=C(O)Cc1cs/c(=N/C(=O)CS(=O)(=O)c2ccccc2Cl)n1O,Egl nine homolog 1
N#Cc1nc(C(=O)N[C@@H](Cc2ccccc2)C(=O)O)c(O)c2cc(-c3ccccc3)c(=O)n(Cc3ccccc3)c12,Egl nine homolog 1
Cc1ccc(Oc2ncc(CN3CCC(O)=C(C(=O)NCC(=O)O)C3=O)cc2Cl)cc1,Egl nine homolog 1
CC(C)c1ccc(COCc2ccc(-n3cc(C(=O)O)cn3)nc2)cc1,Egl nine homolog 1
COc1ccc(Oc2ccc3c(O)c(C(=O)NCC(=O)O)nc(C)c3c2)cc1,Egl nine homolog 1
C[C@@H](NC(=O)c1nc2cc(C(F)(F)F)cc(C(F)(F)F)c2[nH]1)C(=O)O,Egl nine homolog 1
N#Cc1nc(C(=O)NCCCCC(=O)O)c(O)c2cc(-c3ccccc3)c(=O)n(Cc3ccccc3)c12,Egl nine homolog 1
O=C(O)CNC(=O)c1nc(-c2cccnc2)c2c(cc(-c3ccccc3)c(=O)n2Cc2ccccc2)c1O,Egl nine homolog 1
O=C1N(c2cnc3ccccc3c2)c2ccccc2C12CCN(Cc1ncccn1)CC2,Egl nine homolog 1
N#Cc1nc(C(=O)NCC(=O)O)c(O)c2c(=O)n(Cc3ccccc3)ccc12,Egl nine homolog 1
O=C(O)CNC(=O)C1=C(O)CCN(Cc2ccc(Oc3ccc(F)cc3)cn2)C1=O,Egl nine homolog 1
O=C(O)CNC(=O)NO,Egl nine homolog 1
O=C(O)CCNC(=O)c1ncc2c(cc(-c3cccnc3)c(=O)n2Cc2ccccc2)c1O,Egl nine homolog 1
O=C(N[C@H](Cc1ccccc1)C(=O)O)c1ncc2c(cc(-c3ccccc3)c(=O)n2Cc2ccccc2)c1O,Egl nine homolog 1
COc1ccc(-c2cc3c(O)c(C(=O)NCCC(=O)O)ncc3n(Cc3ccccc3)c2=O)cc1,Egl nine homolog 1
O=C(O)CCCNC(=O)c1nc(-c2cccnc2)c2c(cc(-c3ccccc3)c(=O)n2Cc2ccccc2)c1O,Egl nine homolog 1
Cc1ccc(Oc2ccc(CN3CCC(O)=C(C(=O)NCC(=O)O)C3=O)cc2)nc1,Egl nine homolog 1
O=C(NCc1ccccc1)c1ccc2cccnc2c1O,Egl nine homolog 1
N#Cc1nc(C(=O)NCC(=O)O)c(O)c2ccn(Cc3ccccc3)c(=O)c12,Egl nine homolog 1
O=C(O)c1cnn(-c2ccc(COCc3cccc(C(F)(F)F)c3)cn2)c1,Egl nine homolog 1
N#Cc1nc(C(=O)NCCC(=O)O)c(O)c2ccn(Cc3ccccc3)c(=O)c12,Egl nine homolog 1
CS(=O)(=O)CC(=O)/N=c1/scc(CC(=O)O)n1O,Egl nine homolog 1
O=C(O)CNC(=O)C1=C(O)CCN(Cc2ccc(Oc3ccccc3F)cc2)C1=O,Egl nine homolog 1
CNC(=O)c1nc(C#N)c2ccc(=O)n(Cc3ccccc3)c2c1O,Egl nine homolog 1
O=C(O)CNC(=O)C1=C(O)CCN(Cc2ccc(Oc3ccccc3F)nc2)C1=O,Egl nine homolog 1
O=C1N(c2cnc3ccccc3c2)c2ccccc2C12CCN(Cc1ncccc1O)CC2,Egl nine homolog 1
O=C(O)CNC(=O)c1c(O)c2cc(-c3ccc(Oc4ccccc4)cc3)ccc2oc1=O,Egl nine homolog 1
O=C(O)CNC(=O)c1c(O)c2c(n(Cc3ccc(C(F)(F)F)cc3)c1=O)CN(C(=O)C1CC1)C2,Egl nine homolog 1
O=C(O)CNC(=O)c1cn2cc(-c3cccc(F)c3)ccc2n1,Egl nine homolog 1
N#Cc1nc(C(=O)NCC(=O)O)c(O)c2c1N(Cc1ccccc1)C(=O)CC2,Egl nine homolog 1
O=C(O)CNC(=O)c1c(=O)oc(O)c2cccc(-c3cccc(Cl)c3)c12,Egl nine homolog 1
O=C(O)CCC(=O)C1=C(O)c2ccc(Cl)cc2C2(CCOCC2)C1=O,Egl nine homolog 1
CN(CCNC(=O)c1nc(C#N)c2c(cc(-c3ccccc3)c(=O)n2Cc2ccccc2)c1O)S(C)(=O)=O,Egl nine homolog 1
O=C(O)CNC(=O)c1nc2ccccc2[nH]1,Egl nine homolog 1
N#Cc1nc(C(=O)NCCCCC(=O)O)c(O)c2ccn(Cc3ccccc3)c(=O)c12,Egl nine homolog 1
Cc1cccnc1CN1CCC2(CC1)CCN(c1ccc(-c3ccncc3)cc1)C2=O,Egl nine homolog 1
O=C(O)CCNC(=O)c1nc(-c2cccnc2)c2c(cc(-c3ccccc3)c(=O)n2CC2CCCCC2)c1O,Egl nine homolog 1
Cc1sc(-c2ncc(C#N)c(C)c2O)nc1CC(=O)NCCc1ccccn1,Egl nine homolog 1
O=C(O)CNC(=O)c1nc(Cl)c2c(sc3ccccc32)c1O,Egl nine homolog 1
O=C(O)CNC(=O)C1=C(O)CCN(Cc2ccc(Oc3ccc(C(F)(F)F)cc3)nc2)C1=O,Egl nine homolog 1
O=C(O)c1cnn(-c2nc3cc(OC(F)(F)F)c(Cl)cc3[nH]2)c1,Egl nine homolog 1
N#Cc1ccc(Cn2c(=O)c(-c3ccccc3)cc3c(O)c(C(=O)NCCC(=O)O)ncc32)cc1,Egl nine homolog 1
O=C(O)CNC(=O)c1c(O)c2cc(Cl)cnc2n(Cc2ccc(C(F)(F)F)nc2)c1=O,Egl nine homolog 1
O=C(O)CCNC(=O)c1ncc2c(cc(-c3cccs3)c(=O)n2Cc2ccccc2)c1O,Egl nine homolog 1
O=C(NCCc1ccccc1)c1ccc2cccnc2c1O,Egl nine homolog 1
N#Cc1nc(C(=O)NCCC(=O)O)c(O)c2c1ccc(=O)n2Cc1ccccc1,Egl nine homolog 1
Cn1ccnc1CN1CCC2(CC1)C(=O)N(c1ccc3ccccc3c1)c1ccccc12,Egl nine homolog 1
O=C(O)CCNC(=O)c1nc(-c2cncc(F)c2)c2c(cc(-c3ccccc3)c(=O)n2Cc2ccccc2)c1O,Egl nine homolog 1
CC(C)(CNC(=O)c1nc(C#N)c2c(=O)n(Cc3ccccc3)ccc2c1O)C(=O)O,Egl nine homolog 1
COc1ccc(-c2cccc3c(O)oc(=O)c(C(=O)NCC(=O)O)c23)cc1,Egl nine homolog 1
O=C(O)CCNC(=O)c1ncc2ccn(Cc3ccccc3)c(=O)c2c1O,Egl nine homolog 1
O=C(O)CNC(=O)c1nc(Cl)cc2c1ncn2-c1ccccc1,Egl nine homolog 1
O=C(O)c1cnn(-c2nc3cc(C(F)(F)F)c(Cl)cc3[nH]2)c1,Egl nine homolog 1
Cc1ccc(Oc2ccc(CN3CCC(O)=C(C(=O)NCC(=O)O)C3=O)cn2)cc1F,Egl nine homolog 1
COc1cc(CNC(=O)c2ccc3cccnc3c2O)cc(OC)c1,Egl nine homolog 1
O=C(O)CNC(=O)c1c(=O)oc(O)c2ccc(Br)cc12,Egl nine homolog 1
O=C(O)CNC(=O)c1ncc2c(=O)n(Cc3ccccc3)ccc2c1O,Egl nine homolog 1
CCN(CC)CCNC(=O)Cc1nc(-c2ncc(C#N)c(C)c2O)sc1C,Egl nine homolog 1
O=C(O)CNC(=O)CC(=O)c1ccccc1,Egl nine homolog 1
