smiles,targetname
COc1cc(Nc2ncc3c(C)nc(-c4cccc(C(=O)c5ccccc5)c4)n3n2)cc(OC)c1OC,Serine/threonine-protein kinase PLK1
COc1cc2ncn(-c3cc(OCc4ccnc(Br)c4)c(C(N)=O)s3)c2cc1OC,Serine/threonine-protein kinase PLK1
CC(=O)N1CCC[C@H]1C(=O)N[C@@H](CC(C)C)C(=O)N[C@@H](Cc1cncn1CCCCO/N=C/c1cn(-c2ccccc2)nc1-c1ccc(C)o1)C(=O)N[C@@H](CO)C(=O)N[C@H](C(N)=O)[C@@H](C)OP(=O)(O)O,Serine/threonine-protein kinase PLK1
C[C@@H](Oc1cc(-n2cnc3cc(-c4ccccc4)ccc32)sc1C(N)=O)c1ccccc1C(F)(F)F,Serine/threonine-protein kinase PLK1
C=CCNC(=O)CN1C2CCCC1CC(NC(=O)c1ccccc1C)C2,Serine/threonine-protein kinase PLK1
CC(=O)N1CCC[C@H]1C(=O)N[C@@H](CC(C)C)C(=O)N[C@@H](Cc1cncn1CCCCCCO/N=Cc1cccc(NC(=O)c2ccc(Cl)cc2)c1)C(=O)N[C@@H](CO)C(=O)N[C@H](C(N)=O)[C@@H](C)OP(=O)(O)O,Serine/threonine-protein kinase PLK1
NC(=O)c1sc(-n2cnc3ccccc32)cc1OCc1ccccc1F,Serine/threonine-protein kinase PLK1
CC(C)(C)Nc1c(Nc2ccnc(Nc3ccc(-c4csnn4)cc3)n2)c(=O)c1=O,Serine/threonine-protein kinase PLK1
CC(C)(C)Nc1c(Nc2ccnc(Nc3ccc4c(c3)CCO4)n2)c(=O)c1=O,Serine/threonine-protein kinase PLK1
C[C@@H](Nc1c(Nc2ccnc(Nc3ccc(Br)cc3)n2)c(=O)c1=O)C(C)(C)C,Serine/threonine-protein kinase PLK1
CC(=O)N1CCC[C@H]1C(=O)N[C@@H](CC(C)C)C(=O)N[C@@H](Cc1cncn1CCCCCCO/N=C/c1ccc(OCc2ccc3nsnc3c2)cc1)C(=O)N[C@@H](CO)C(=O)N[C@H](C(N)=O)[C@@H](C)OP(=O)(O)O,Serine/threonine-protein kinase PLK1
COc1cc([N+](=O)[O-])ccc1C/C=N/OCCCCCn1cncc1C[C@H](NC(=O)[C@H](CC(C)C)NC(=O)[C@@H]1CCCN1C(C)=O)C(=O)N[C@@H](CO)C(=O)N[C@H](C(N)=O)[C@@H](C)OP(=O)(O)O,Serine/threonine-protein kinase PLK1
CC(C)CC(C)Nc1c(Nc2ccnc(Nc3ccc(-c4ccccc4)cc3)n2)c(=O)c1=O,Serine/threonine-protein kinase PLK1
CC[C@H](C)[C@H](NC(=O)[C@H](C)NC(=O)[C@@H](NC(=O)[C@H](CCC(N)=O)NC(=O)[C@@H]1CCCN1C(=O)[C@H](Cc1ccccc1)NC(=O)[C@@H](NC(=O)[C@H](Cc1cnc[nH]1)NC(=O)[C@H](Cc1ccccc1)NC(=O)[C@H](CCCCNC(=O)[C@H](C)NC(=O)[C@H](Cc1ccccc1)NC(=O)[C@H](CCCCN)NC(=O)[C@H](CCCNC(=N)N)NC(=O)[C@H](CCCCN)NC(=O)[C@H](CCCCN)NC(=O)[C@H](CCCCN)NC(=O)[C@@H]1CCCN1C(=O)[C@H](C)NC(=O)[C@H](CCCCN)NC(=O)[C@H](CCCNC(=N)N)NC(=O)[C@H](CCCCN)NC(=O)[C@@H](N)CCCCN)NC(=O)[C@H](CC(C)C)NC(=O)[C@@H]1CCCN1C(=O)[C@@H](NC(=O)[C@H](CO)NC(=O)[C@H](CCC(N)=O)NC(=O)[C@H](CCSC)NC(=O)c1ccc2c(c1)C1(OC2=O)c2ccc(O)cc2Oc2cc(O)ccc21)[C@@H](C)OP(=O)(O)O)[C@@H](C)O)[C@@H](C)O)C(=O)NCC(=O)N[C@H](C(=O)NCC(=O)N[C@@H](C)C(=O)N1CCC[C@H]1C(N)=O)C(C)C,Serine/threonine-protein kinase PLK1
CCOC(=O)/C(C#N)=c1s/c(=C/Nc2ccc(C(C)=O)cc2)c(=O)n1CC,Serine/threonine-protein kinase PLK1
CCCCCC/C=N/OCCCCCn1cncc1C[C@H](NC(=O)[C@H](CC(C)C)NC(=O)[C@@H]1CCCN1C(C)=O)C(=O)N[C@@H](CO)C(=O)N[C@H](C(N)=O)[C@@H](C)OP(=O)(O)O,Serine/threonine-protein kinase PLK1
CCC(/C=N/OCCCCCn1cncc1C[C@H](NC(=O)[C@H](CC(C)C)NC(=O)[C@@H]1CCCN1C(C)=O)C(=O)N[C@@H](CO)C(=O)N[C@H](C(N)=O)[C@@H](C)OP(=O)(O)O)CC,Serine/threonine-protein kinase PLK1
O=C(O)c1cn(CC(O)CN2CCCCC2)c2ccccc12,Serine/threonine-protein kinase PLK1
CC(=O)N1CCC[C@H]1C(=O)N[C@@H](CC(C)C)C(=O)N[C@@H](Cc1cncn1CCCCCO/N=C/c1cc(C)n(-c2ccncc2)c1C)C(=O)N[C@@H](CO)C(=O)N[C@H](C(N)=O)[C@@H](C)OP(=O)(O)O,Serine/threonine-protein kinase PLK1
CC(=O)N1CCC[C@H]1C(=O)N[C@@H](CC(C)C)C(=O)N[C@@H](Cc1cncn1CCCCCCO/N=C/c1cnc2ccccc2c1)C(=O)N[C@@H](CO)C(=O)N[C@H](C(N)=O)[C@@H](C)OP(=O)(O)O,Serine/threonine-protein kinase PLK1
CC(=O)N1CCC[C@H]1C(=O)N[C@@H](CC(C)C)C(=O)N[C@@H](Cc1cncn1CCCCCO/N=C/c1ccc(-c2nc3ccccc3s2)o1)C(=O)N[C@@H](CO)C(=O)N[C@H](C(N)=O)[C@@H](C)OP(=O)(O)O,Serine/threonine-protein kinase PLK1
CC(=O)N1CCC[C@H]1C(=O)N[C@@H](CC(C)C)C(=O)N[C@@H](Cc1cncn1CCCCCO/N=C/c1ccc(-c2cccs2)s1)C(=O)N[C@@H](CO)C(=O)N[C@H](C(N)=O)[C@@H](C)OP(=O)(O)O,Serine/threonine-protein kinase PLK1
C[C@@H](Oc1cc(-c2cnc3ccccn23)sc1C(N)=O)c1ccc(CN2CCC(O)C2)cc1Cl,Serine/threonine-protein kinase PLK1
NS(=O)(=O)c1cc(Cl)c(NC(=S)NC(=O)c2ccccc2)c(Cl)c1,Serine/threonine-protein kinase PLK1
CCNCc1ccc([C@@H](C)Oc2cc(-c3cnc4ccccn34)sc2C(N)=O)c(Cl)c1,Serine/threonine-protein kinase PLK1
COc1cccc(C=C(C#N)C(=O)c2ccccc2)c1,Serine/threonine-protein kinase PLK1
[H][C@@]1([C@@H](C)OP(=O)(O)O)NC(=O)[C@H](CO)NC(=O)[C@H](Cc2c[nH]cn2)NC(=O)CN(CC(C)C)C(=O)CN(CCCCc2ccccc2)C(=O)CSC[C@H](C(N)=O)NC1=O,Serine/threonine-protein kinase PLK1
C[C@@H](Oc1cc(-c2cnc3ccccn23)sc1C(N)=O)c1ccc(CNC(C)(C)C)cc1C1CC1,Serine/threonine-protein kinase PLK1
CC(=O)N1CCC[C@H]1C(=O)N[C@@H](CC(C)C)C(=O)N[C@@H](Cc1cncn1CCCCCO/N=C/C=C/c1cn(Cc2ccccc2)nn1)C(=O)N[C@@H](CO)C(=O)N[C@H](C(N)=O)[C@@H](C)OP(=O)(O)O,Serine/threonine-protein kinase PLK1
CC(=O)N1CCC[C@H]1C(=O)N[C@@H](CC(C)C)C(=O)N[C@@H](Cc1cncn1CCCCCCO/N=C/c1c(C)nn(C(=O)OC(C)(C)C)c1C)C(=O)N[C@@H](CO)C(=O)N[C@H](C(N)=O)[C@@H](C)OP(=O)(O)O,Serine/threonine-protein kinase PLK1
CC(=O)N1CCC[C@H]1C(=O)N[C@@H](CC(C)C)C(=O)N[C@@H](Cc1cncn1CCCCCCO/N=C/CCc1ccccc1)C(=O)N[C@@H](CO)C(=O)N[C@H](C(N)=O)[C@@H](C)OP(=O)(O)O,Serine/threonine-protein kinase PLK1
CC(=O)N1CCC[C@H]1C(=O)N[C@@H](CC(C)C)C(=O)N[C@@H](Cc1cncn1CCCCCO/N=C/c1cc(Cc2ccccc2)no1)C(=O)N[C@@H](CO)C(=O)N[C@H](C(N)=O)[C@@H](C)OP(=O)(O)O,Serine/threonine-protein kinase PLK1
CCCCc1ccc(C(=O)NC)cc1,Serine/threonine-protein kinase PLK1
CC(=O)N1CCC[C@H]1C(=O)N[C@@H](CC(C)C)C(=O)N[C@@H](Cc1cncn1CCCCCO/N=C/c1c(-c2ccccc2)nc2n(C)c3ccccc3n12)C(=O)N[C@@H](CO)C(=O)N[C@H](C(N)=O)[C@@H](C)OP(=O)(O)O,Serine/threonine-protein kinase PLK1
CC(=O)N1CCC[C@H]1C(=O)N[C@@H](CC(C)C)C(=O)N[C@@H](Cc1cncn1CCCCCO/N=C/c1cnc(N(C)Cc2ccccc2)s1)C(=O)N[C@@H](CO)C(=O)N[C@H](C(N)=O)[C@@H](C)OP(=O)(O)O,Serine/threonine-protein kinase PLK1
COc1ccc(Nc2nccc(Nc3c(N[C@H](C)C(C)(C)C)c(=O)c3=O)n2)cc1,Serine/threonine-protein kinase PLK1
Cc1nc(-c2ccccc2)n2nc(Nc3cccc(C(F)(F)F)c3)ncc12,Serine/threonine-protein kinase PLK1
CC(=O)N1CCC[C@H]1C(=O)N[C@@H](CC(C)C)C(=O)N[C@@H](Cc1cncn1CCCCO/N=C/Cc1ccccc1)C(=O)N[C@@H](CO)C(=O)N[C@H](C(N)=O)[C@@H](C)OP(=O)(O)O,Serine/threonine-protein kinase PLK1
O=C(N[C@@H](Cc1ccc(O)cc1)C(=O)O)c1ccncc1,Serine/threonine-protein kinase PLK1
CC(=O)N1CCC[C@H]1C(=O)N[C@@H](CC(C)C)C(=O)N[C@@H](Cc1cncn1CCCCCCCCCc1c(F)cccc1Oc1ccccc1)C(=O)N[C@@H](CO)C(=O)N[C@H](C(N)=O)[C@@H](C)OP(=O)(O)O,Serine/threonine-protein kinase PLK1
CC(=O)N1CCC[C@H]1C(=O)N[C@@H](CC(C)C)C(=O)N[C@@H](Cc1cn(CCCCCCCCc2ccccc2)cn1)C(=O)N[C@@H](CO)C(=O)N[C@H](C(N)=O)[C@@H](C)OP(=O)(O)O,Serine/threonine-protein kinase PLK1
CC(=O)N1CCC[C@H]1C(=O)N[C@@H](CC(C)C)C(=O)N[C@@H](Cc1cncn1CCCCCO/N=C/c1ccc(OCc2ccccc2)cc1)C(=O)N[C@@H](CO)C(=O)N[C@H](C(N)=O)[C@@H](C)OP(=O)(O)O,Serine/threonine-protein kinase PLK1
C[C@@H](Nc1c(Nc2ccnc(Nc3cccc4ccccc34)n2)c(=O)c1=O)C(C)(C)C,Serine/threonine-protein kinase PLK1
NS(=O)(=O)c1ccc(NC(=S)NC(=O)C2CC2)cc1,Serine/threonine-protein kinase PLK1
Cc1nn(-c2ccccc2F)c2cc(N[C@@H](C)c3ccccc3)ncc12,Serine/threonine-protein kinase PLK1
CC(=O)N1CCC[C@H]1C(=O)N[C@@H](CC(C)C)C(=O)N[C@@H](CCCCNC(=O)CCCCCc1ccccc1)C(=O)N[C@@H](CO)C(=O)N[C@H](C(N)=O)[C@@H](C)OP(=O)(O)O,Serine/threonine-protein kinase PLK1
Cc1ccc(Nc2nccc(Nc3c(N[C@H](C)C(C)(C)C)c(=O)c3=O)n2)cc1,Serine/threonine-protein kinase PLK1
CC(=O)N1CCC[C@H]1C(=O)N[C@@H](CC(C)C)C(=O)N[C@@H](Cc1cnc[nH]1)C(=O)N[C@@H](CO)C(=O)N[C@H](C(=O)O)[C@@H](C)O,Serine/threonine-protein kinase PLK1
CC(=O)N1CCC[C@H]1C(=O)N[C@@H](CC(C)C)C(=O)N[C@@H](Cc1cncn1CCCCCCO/N=C/c1cccc(Oc2ncccn2)c1)C(=O)N[C@@H](CO)C(=O)N[C@H](C(N)=O)[C@@H](C)OP(=O)(O)O,Serine/threonine-protein kinase PLK1
O=S1(=O)CC(O)C(O)CS1,Serine/threonine-protein kinase PLK1
CC(=O)N1CCC[C@H]1C(=O)N[C@@H](CC(C)C)C(=O)N[C@@H](Cc1cn(CCCCCCCCc2ccccc2)c2ccccc12)C(=O)N[C@@H](CO)C(=O)N[C@H](C(N)=O)[C@@H](C)OP(=O)(O)O,Serine/threonine-protein kinase PLK1
C[C@@H](Nc1c(Nc2ccccc2)c(=O)c1=O)C(C)(C)C,Serine/threonine-protein kinase PLK1
CC(=O)N1CCC[C@H]1C(=O)N[C@@H](CC(C)C)C(=O)N[C@@H](Cc1cncn1CCCCCCO/N=C/c1sccc1-n1cccc1)C(=O)N[C@@H](CO)C(=O)N[C@H](C(N)=O)[C@@H](C)OP(=O)(O)O,Serine/threonine-protein kinase PLK1
Cc1nc(-c2ccccc2)n2nc(Nc3ccc(S(N)(=O)=O)cc3)ncc12,Serine/threonine-protein kinase PLK1
CNC(=O)C1=CC(CCCN2CCOCC2)[N+](c2ccccc2)=C1C,Serine/threonine-protein kinase PLK1
COc1ccc(C=C(C#N)C(=O)c2ccccc2)cc1,Serine/threonine-protein kinase PLK1
COc1cc(Nc2ncc3c(C)nc(-c4ccccc4Br)n3n2)cc(OC)c1OC,Serine/threonine-protein kinase PLK1
CC(=O)N1CCC[C@H]1C(=O)N[C@@H](CC(C)C)C(=O)N[C@@H](Cc1cncn1CCCCCCO/N=C/c1cc(Cl)nc(-c2ccccc2)c1)C(=O)N[C@@H](CO)C(=O)N[C@H](C(N)=O)[C@@H](C)OP(=O)(O)O,Serine/threonine-protein kinase PLK1
[H][C@@]12Cc3ccccc3CN1C(=O)N(CCCCCC(=O)Nc1ccccc1F)C2=O,Serine/threonine-protein kinase PLK1
COc1cc(Nc2nccc(Nc3c(N[C@H](C)C(C)(C)C)c(=O)c3=O)n2)cc(OC)c1OC,Serine/threonine-protein kinase PLK1
C[C@@H](Nc1c(Nc2ccnc(Nc3ccc(Cl)cc3)n2)c(=O)c1=O)C(C)(C)C,Serine/threonine-protein kinase PLK1
O=c1c(NCCN2CCOCC2)c(Nc2ccnc(Nc3ccc(-c4ccccc4)cc3)n2)c1=O,Serine/threonine-protein kinase PLK1
CNC(=O)c1sc(C(F)(F)F)c(-c2ccccc2)c1N,Serine/threonine-protein kinase PLK1
CC(=O)N1CCC[C@H]1C(=O)N[C@@H](CC(C)C)C(=O)N[C@@H](Cc1cncn1CCCCCCO/N=C/c1ccc(=O)n(Cc2ccc(Cl)c(Cl)c2)c1)C(=O)N[C@@H](CO)C(=O)N[C@H](C(N)=O)[C@@H](C)OP(=O)(O)O,Serine/threonine-protein kinase PLK1
CNC(=O)c1ccc2ncccc2c1,Serine/threonine-protein kinase PLK1
CC(=O)N1CCC[C@H]1C(=O)N[C@@H](CC(C)C)C(=O)N[C@@H](Cc1cncn1CCCCCCO/N=C/c1cccn1-c1cccc(C#N)c1)C(=O)N[C@@H](CO)C(=O)N[C@H](C(N)=O)[C@@H](C)OP(=O)(O)O,Serine/threonine-protein kinase PLK1
Cc1ccc(C(=O)Nc2c(O)n[nH]c2-c2ccccc2)cc1,Serine/threonine-protein kinase PLK1
COc1cc(N(C)CCO)ccc1Nc1ncc2c(n1)N(C1CCCC1)CCC(=O)N2C,Serine/threonine-protein kinase PLK1
COc1ccc(CNC(=O)C2CCCN(c3ncnc4c3nc3n4CCCCC3)C2)cc1,Serine/threonine-protein kinase PLK1
CC(=O)N1CCC[C@H]1C(=O)N[C@@H](CC(C)C)C(=O)N[C@@H](Cc1cncn1CCCCCCO/N=C/c1cccc(-c2ccc(C(=O)O)cc2)n1)C(=O)N[C@@H](CO)C(=O)N[C@H](C(N)=O)[C@@H](C)OP(=O)(O)O,Serine/threonine-protein kinase PLK1
CC(=O)N1CCC[C@H]1C(=O)N[C@@H](CC(C)C)C(=O)N[C@@H](Cc1cncn1CCCCCO/N=C/c1ncc(N(C)Cc2ccccc2)s1)C(=O)N[C@@H](CO)C(=O)N[C@H](C(N)=O)[C@@H](C)OP(=O)(O)O,Serine/threonine-protein kinase PLK1
CC[C@H](C)[C@H](NC(=O)[C@H](CCCCN)NC(=O)[C@H](CC(N)=O)NC(=O)[C@H](CCCNC(=N)N)NC(=O)[C@H](Cc1ccccc1)NC(=O)[C@H](CCCCN)NC(=O)[C@H](CCCNC(=N)N)NC(=O)[C@H](CC(C)C)NC(=O)[C@H](CCCNC(=N)N)NC(=O)[C@H](CCCCN)NC(=O)[C@H](CCCNC(=N)N)NC(=O)[C@H](CC(C)C)NC(=O)CNC(=O)[C@H](CC(C)C)NC(=O)[C@@H]1CCCN1C(=O)[C@@H](NC(=O)[C@H](CO)NC(=O)[C@H](CCC(N)=O)NC(=O)[C@H](CCSC)NC(=O)c1ccc2c(c1)C1(OC2=O)c2ccc(O)cc2Oc2cc(O)ccc21)[C@@H](C)OP(=O)(O)O)C(=O)N[C@@H](CCCCN)C(=O)N[C@@H](CCC(=O)O)C(=O)N[C@@H](CCCCN)C(N)=O,Serine/threonine-protein kinase PLK1
CC(=O)N1CCC[C@H]1C(=O)N[C@@H](CC(C)C)C(=O)N[C@@H](Cc1cncn1CCCCCCO/N=C/c1ccc(-c2cccs2)cc1)C(=O)N[C@@H](CO)C(=O)N[C@H](C(N)=O)[C@@H](C)OP(=O)(O)O,Serine/threonine-protein kinase PLK1
CN1C(=O)c2oc3ccccc3c(=O)c2C1c1cccnc1,Serine/threonine-protein kinase PLK1
O=[N+]([O-])c1cc(C(F)(F)F)cc2c1sc(O)[n+]2[O-],Serine/threonine-protein kinase PLK1
C[C@@H](Oc1cc(-c2cnc3ccc(CO)cn23)sc1C(N)=O)c1ccccc1Cl,Serine/threonine-protein kinase PLK1
COc1cc2ncn(-c3cc(OCc4ccccc4S(C)(=O)=O)c(C(N)=O)s3)c2cc1OC,Serine/threonine-protein kinase PLK1
COc1cc(C(=O)NC2CCN(C)CC2)cc(F)c1Nc1ncc2c(n1)N(C1CCCC1)CC(F)(F)C(=O)N2C,Serine/threonine-protein kinase PLK1
CC(=O)N1CCC[C@H]1C(=O)N[C@@H](CC(C)C)C(=O)N[C@@H](Cc1cncn1CCCCCO/N=C/Cc1ccccc1)C(=O)N[C@@H](CO)C(=O)N[C@H](C(N)=O)[C@@H](C)OP(=O)(O)O,Serine/threonine-protein kinase PLK1
CC[C@@H]1c2c(C#N)ncn2-c2cnc(Nc3cc(F)c(C(=O)NC4CCN(C)CC4)cc3OC)nc2N1C(C)C,Serine/threonine-protein kinase PLK1
C[C@H]1CN([C@H](C)CO)C(=O)CCCn2cc(nn2)CO[C@@H]1CN(C)S(=O)(=O)c1cccc(F)c1,Serine/threonine-protein kinase PLK1
COc1ccc(COc2cc(-n3cnc4ccccc43)sc2C(N)=O)cc1,Serine/threonine-protein kinase PLK1
CN1CCN(CC(O)Cn2cc(CC(=O)O)c3ccccc32)CC1,Serine/threonine-protein kinase PLK1
CC(=O)N1CCC[C@H]1C(=O)N[C@@H](CC(C)C)C(=O)N[C@@H](Cc1cncn1CCCCCCO/N=C/c1sccc1Oc1ccccc1)C(=O)N[C@@H](CO)C(=O)N[C@H](C(N)=O)[C@@H](C)OP(=O)(O)O,Serine/threonine-protein kinase PLK1
CC(=O)N1CCC[C@H]1C(=O)N[C@@H](CC(C)C)C(=O)N[C@@H](Cc1cncn1CCCCCCO/N=C/c1c(C)nn(-c2ccccc2Cl)c1Cl)C(=O)N[C@@H](CO)C(=O)N[C@H](C(N)=O)[C@@H](C)OP(=O)(O)O,Serine/threonine-protein kinase PLK1
CC(=O)N1CCC[C@H]1C(=O)N[C@@H](CC(C)C)C(=O)N[C@@H](Cc1cncn1CCCCCO/N=C/c1cn(-c2ccccc2)nc1-c1ccc(C)o1)C(=O)N[C@@H](CO)C(=O)N[C@H](C(N)=O)[C@@H](C)OP(=O)(O)O,Serine/threonine-protein kinase PLK1
COc1ccc(Nc2nc(Cl)c(/C=N/OCCCCCCn3cncc3C[C@H](NC(=O)[C@H](CC(C)C)NC(=O)[C@@H]3CCCN3C(C)=O)C(=O)N[C@@H](CO)C(=O)N[C@H](C(N)=O)[C@@H](C)OP(=O)(O)O)s2)cc1,Serine/threonine-protein kinase PLK1
CC(Oc1cc(-c2cnc3ccccn23)sc1C(N)=O)c1cc(CO)ccc1Cl,Serine/threonine-protein kinase PLK1
CC(=O)N1CCC[C@H]1C(=O)N[C@@H](CC(C)C)C(=O)N[C@@H](Cc1cncn1CCCCCCCCc1ccccc1)C(=O)N[C@@H](CO)C(=O)N[C@@H](CCC(=O)O)C(=O)O,Serine/threonine-protein kinase PLK1
COc1cc2ncn(-c3cc(OCc4ccccc4C(C)=O)c(C(N)=O)s3)c2cc1OC,Serine/threonine-protein kinase PLK1
Cc1cscc1-c1noc2cnc(N[C@@H](C)c3ccccc3)cc12,Serine/threonine-protein kinase PLK1
CC(=O)N1CCC[C@H]1C(=O)N[C@@H](CC(C)C)C(=O)N[C@@H](Cc1cncn1CCCCCCO/N=C/c1ccccc1OCc1cn2cccnc2n1)C(=O)N[C@@H](CO)C(=O)N[C@H](C(N)=O)[C@@H](C)OP(=O)(O)O,Serine/threonine-protein kinase PLK1
CNC(=O)c1cc(-c2ccccc2)n(-c2ccccc2)c1C,Serine/threonine-protein kinase PLK1
COc1ccc(CCNC(=O)COC(=O)CSc2ccc(C(N)=O)cc2[N+](=O)[O-])cc1OC,Serine/threonine-protein kinase PLK1
Cc1nn(-c2cccc(Cl)c2)c2cc(N[C@@H](C)c3ccccc3)ncc12,Serine/threonine-protein kinase PLK1
CC(C)(C)Nc1c(Nc2nc(Nc3ccc4c(c3)Cc3ccccc3-4)ncc2F)c(=O)c1=O,Serine/threonine-protein kinase PLK1
C[C@@H](Nc1c(Nc2ccnc(Nc3ccccn3)n2)c(=O)c1=O)C(C)(C)C,Serine/threonine-protein kinase PLK1
CC(=O)N1CCC[C@H]1C(=O)N[C@@H](CC(C)C)C(=O)N[C@@H](Cc1cncn1CCCCCCO/N=C/c1ccc(CO)o1)C(=O)N[C@@H](CO)C(=O)N[C@H](C(N)=O)[C@@H](C)OP(=O)(O)O,Serine/threonine-protein kinase PLK1
COc1ccccc1COc1cc(-n2cnc3ccccc32)sc1C(N)=O,Serine/threonine-protein kinase PLK1
CC(=O)N1CCC[C@H]1C(=O)N[C@@H](CC(C)C)C(=O)N[C@@H](Cc1cncn1CCCCO/N=C/c1ccc(-c2ccc(C#N)cn2)cc1)C(=O)N[C@@H](CO)C(=O)N[C@H](C(N)=O)[C@@H](C)OP(=O)(O)O,Serine/threonine-protein kinase PLK1
CS(=O)(=O)c1ccc2ncn(-c3cc(OCc4ccccc4C(F)(F)F)c(C(N)=O)s3)c2c1,Serine/threonine-protein kinase PLK1
NCC(O)COc1ccc2c(c1)OCO2,Serine/threonine-protein kinase PLK1
CCN(CC)CCNC(=O)c1c[nH]c2ccc(N/C=c3/s/c(=C(/C#N)C(=O)NCC(F)(F)F)n(CC)c3=O)cc12,Serine/threonine-protein kinase PLK1
CC(=O)N1CCC[C@H]1C(=O)N[C@@H](CC(C)C)C(=O)N[C@@H](Cc1cncn1CCCCCCO/N=C/c1cc(C)n(-c2ccc(N3CCCC3)c([N+](=O)[O-])c2)c1C)C(=O)N[C@@H](CO)C(=O)N[C@H](C(N)=O)[C@@H](C)OP(=O)(O)O,Serine/threonine-protein kinase PLK1
COc1ccc(-c2noc3cnc(N[C@@H](C)c4ccccc4)cc23)cc1OC,Serine/threonine-protein kinase PLK1
CC(=O)N1CCC[C@H]1C(=O)N[C@@H](CC(C)C)C(=O)N[C@@H](Cc1cncn1CCCCCCO/N=C/C(C)c1ccccc1)C(=O)N[C@@H](CO)C(=O)N[C@H](C(N)=O)[C@@H](C)OP(=O)(O)O,Serine/threonine-protein kinase PLK1
CC[C@@H]1c2c(C(=O)O)ncn2-c2cnc(Nc3ccc(C(=O)NC4CCN(C)CC4)cc3OC)nc2N1C1CCCC1,Serine/threonine-protein kinase PLK1
COc1ccc(Nc2nc(Cl)c(/C=N/OCCCCCn3cncc3C[C@H](NC(=O)[C@H](CC(C)C)NC(=O)[C@@H]3CCCN3C(C)=O)C(=O)N[C@@H](CO)C(=O)N[C@H](C(N)=O)[C@@H](C)OP(=O)(O)O)s2)cc1,Serine/threonine-protein kinase PLK1
Cn1cncc1-c1cc(OCc2ccccc2C(F)(F)F)c(C(N)=O)s1,Serine/threonine-protein kinase PLK1
Cc1nn(-c2cccc(S(C)(=O)=O)c2)c2cc(N[C@@H](C)c3ccccc3)ncc12,Serine/threonine-protein kinase PLK1
CC(=O)N1CCC[C@H]1C(=O)N[C@@H](CC(C)C)C(=O)N[C@@H](Cc1cncn1CCCCO/N=C/C(C)=C/c1ccccc1)C(=O)N[C@@H](CO)C(=O)N[C@H](C(N)=O)[C@@H](C)OP(=O)(O)O,Serine/threonine-protein kinase PLK1
C[C@@H](Oc1cc(-n2cnc3ccc(-c4ccnc(Cl)c4)cc32)sc1C(N)=O)c1ccccc1C(F)(F)F,Serine/threonine-protein kinase PLK1
COc1cccc(-n2nc(C)c3cnc(N[C@@H](C)c4ccccc4)cc32)c1,Serine/threonine-protein kinase PLK1
CNC(=O)Cn1cc(-c2ccc(C)cc2)ncc1=O,Serine/threonine-protein kinase PLK1
CC[C@@H]1c2c(C#N)ncn2-c2cnc(Nc3cc(F)c(C(=O)N[C@H]4CC[C@H](N5CCN(CC6CC6)CC5)CC4)cc3OC)nc2N1C(C)C,Serine/threonine-protein kinase PLK1
CC(=O)N1CCC[C@H]1C(=O)N[C@@H](CC(C)C)C(=O)N[C@@H](Cc1cncn1CCCCCCO/N=C/c1c(CSc2ccccc2)nn(C)c1Cl)C(=O)N[C@@H](CO)C(=O)N[C@H](C(N)=O)[C@@H](C)OP(=O)(O)O,Serine/threonine-protein kinase PLK1
CC(=O)N1CCC[C@H]1C(=O)N[C@@H](CC(C)C)C(=O)N[C@@H](Cc1cncn1CCCCO/N=Cc1ccc(OCc2ccccc2)cc1)C(=O)N[C@@H](CO)C(=O)N[C@H](C(N)=O)[C@@H](C)OP(=O)(O)O,Serine/threonine-protein kinase PLK1
CC(=O)N1CCC[C@H]1C(=O)N[C@@H](CC(C)C)C(=O)N[C@@H](Cc1cncn1CCCCCO/N=C/c1ccccc1OCc1cn2cccnc2n1)C(=O)N[C@@H](CO)C(=O)N[C@H](C(N)=O)[C@@H](C)OP(=O)(O)O,Serine/threonine-protein kinase PLK1
COc1cc2ncn(-c3cc(OCCCc4ccccc4)c(C(N)=O)s3)c2cc1OC,Serine/threonine-protein kinase PLK1
CC(=O)N1CCC[C@H]1C(=O)N[C@@H](CC(C)C)C(=O)N[C@@H](Cc1cncn1CCCCCCO/N=C/c1cncn1Cc1ccccc1)C(=O)N[C@@H](CO)C(=O)N[C@H](C(N)=O)[C@@H](C)OP(=O)(O)O,Serine/threonine-protein kinase PLK1
CCCOC(=O)/C(C#N)=c1s/c(=C/Nc2ccc(O)cc2)c(=O)n1CC,Serine/threonine-protein kinase PLK1
CC(=O)N1CCC[C@H]1C(=O)N[C@@H](CC(C)C)C(=O)N[C@@H](Cc1cncn1CCCCO/N=C/c1cnc2ccccc2c1)C(=O)N[C@@H](CO)C(=O)N[C@H](C(N)=O)[C@@H](C)OP(=O)(O)O,Serine/threonine-protein kinase PLK1
C[C@@H](Oc1cc(-c2cnc3ccccn23)sc1C(N)=O)c1ccc(CNC2CC2)cc1Cl,Serine/threonine-protein kinase PLK1
Cc1nn(-c2cc(Cl)cc(CCC(=O)NCCO)c2)c2cc(N[C@@H](C)c3ccccc3)ncc12,Serine/threonine-protein kinase PLK1
CC(C)(C)Nc1c(Nc2ccnc(Nc3ccc4c(c3)[nH]c3ccccc34)n2)c(=O)c1=O,Serine/threonine-protein kinase PLK1
Cc1cc(NC(=O)/N=c2/[nH]cc(CCNc3cc(Nc4nc[nH]n4)ncn3)s2)c(C(F)(F)F)o1,Serine/threonine-protein kinase PLK1
Cc1ccccc1COc1cc(-n2cnc3ccccc32)sc1C(N)=O,Serine/threonine-protein kinase PLK1
CC(=O)N1CCC[C@H]1C(=O)N[C@@H](CC(C)C)C(=O)N[C@@H](Cc1cncn1CCCCCCO/N=C/c1cn(Cc2ccc(Cl)cc2)nn1)C(=O)N[C@@H](CO)C(=O)N[C@H](C(N)=O)[C@@H](C)OP(=O)(O)O,Serine/threonine-protein kinase PLK1
CC(=O)N1CCC[C@H]1C(=O)N[C@@H](CC(C)C)C(=O)N[C@@H](Cc1cnc[nH]1)C(=O)N[C@@H](CO)C(=O)N[C@H](C(=O)O)[C@@H](C)OP(=O)(O)O,Serine/threonine-protein kinase PLK1
CC(=O)N1CCC[C@H]1C(=O)N[C@@H](CC(C)C)C(=O)N[C@@H](Cc1cncn1CCCCO/N=Cc1cccn1-c1nccc(-c2cccs2)n1)C(=O)N[C@@H](CO)C(=O)N[C@H](C(N)=O)[C@@H](C)OP(=O)(O)O,Serine/threonine-protein kinase PLK1
COc1cc2ncn(-c3cc(OCc4ccco4)c(C(N)=O)s3)c2cc1OC,Serine/threonine-protein kinase PLK1
CC(C)(C)Nc1c(Nc2ccnc(Nc3ccc4ncsc4c3)n2)c(=O)c1=O,Serine/threonine-protein kinase PLK1
CC(=O)N1CCC[C@H]1C(=O)N[C@@H](CC(C)C)C(=O)N[C@@H](Cc1cncn1CCCCCO/N=C/c1cccn1-c1cccc(C#N)c1)C(=O)N[C@@H](CO)C(=O)N[C@H](C(N)=O)[C@@H](C)OP(=O)(O)O,Serine/threonine-protein kinase PLK1
Cc1ccc(COc2cc(-n3cnc4ccccc43)sc2C(N)=O)cc1,Serine/threonine-protein kinase PLK1
CC(=O)N1CCC[C@H]1C(=O)N[C@@H](CC(C)C)C(=O)N[C@@H](Cc1cncn1CCCCCCO/N=C/c1ccc(-c2cccc([N+](=O)[O-])c2)n1C)C(=O)N[C@@H](CO)C(=O)N[C@H](C(N)=O)[C@@H](C)OP(=O)(O)O,Serine/threonine-protein kinase PLK1
[H][C@@]12c3ccccc3OC[C@]1([H])[C@H](c1ccccc1)[C@@]1(C)C(=O)N[C@H](C)C(=O)N12,Serine/threonine-protein kinase PLK1
O=c1c(NCC2CC2)c(Nc2ccnc(Nc3ccc(-c4ccccc4)cc3)n2)c1=O,Serine/threonine-protein kinase PLK1
COc1cc(Nc2ncc3c(C)nc(-c4cccc(Br)c4)n3n2)cc(OC)c1OC,Serine/threonine-protein kinase PLK1
CNc1cccc(-c2ccnc(Nc3ccc(O)cc3)n2)c1,Serine/threonine-protein kinase PLK1
COc1c(Nc2ncc3c(n2)N(C2CCCC2)CC(F)(F)C(=O)N3C)ccc(C(=O)NC2CCN(C)CC2)c1F,Serine/threonine-protein kinase PLK1
CC(=O)N1CCC[C@H]1C(=O)N[C@@H](CC(C)C)C(=O)N[C@@H](Cc1cncn1CCCCCCCCc1ccccc1)C(=O)N[C@@H](CO)C(=O)N[C@H](C(=O)O)[C@@H](C)OP(=O)(O)O,Serine/threonine-protein kinase PLK1
CC(=O)N1CCC[C@H]1C(=O)N[C@@H](CC(C)C)C(=O)N[C@@H](Cc1cncn1CCCCCO/N=C/c1ccc(CO)o1)C(=O)N[C@@H](CO)C(=O)N[C@H](C(N)=O)[C@@H](C)OP(=O)(O)O,Serine/threonine-protein kinase PLK1
CCOC(=O)/C(C#N)=c1s/c(=C/Nc2cccc(C)c2)c(=O)n1CC,Serine/threonine-protein kinase PLK1
CCCN(CC1CC1)c1nc(NC(C)c2ccccc2)ncc1C#N,Serine/threonine-protein kinase PLK1
C[C@H](Nc1cc2c(-c3cccs3)noc2cn1)c1ccccc1,Serine/threonine-protein kinase PLK1
Cc1noc(C)c1S(=O)(=O)N(C)C[C@@H]1OCc2cn(nn2)CCCC(=O)N([C@@H](C)CO)C[C@H]1C,Serine/threonine-protein kinase PLK1
CC(=O)N1CCC[C@H]1C(=O)N[C@@H](CC(C)C)C(=O)N[C@@H](Cc1cncn1CCCCCCO/N=C/c1ccc(S(=O)(=O)c2ccc(Cl)cc2)cc1)C(=O)N[C@@H](CO)C(=O)N[C@H](C(N)=O)[C@@H](C)OP(=O)(O)O,Serine/threonine-protein kinase PLK1
NS(=O)(=O)c1ccc(CCNC(=O)CNC(=O)Cc2cccc3ccccc23)cc1,Serine/threonine-protein kinase PLK1
Cc1cc(CNC(C)(C)C)ccc1[C@@H](C)Oc1cc(-c2cnc3ccccn23)sc1C(N)=O,Serine/threonine-protein kinase PLK1
COc1cc(Nc2ncc3c(C)nc(-c4ccc(F)cc4)n3n2)cc(OC)c1OC,Serine/threonine-protein kinase PLK1
CC(=O)N1CCC[C@H]1C(=O)N[C@@H](CC(C)C)C(=O)N[C@@H](Cc1cncn1CCCCCO/N=C/c1cc(-c2ccc(F)cc2)on1)C(=O)N[C@@H](CO)C(=O)N[C@H](C(N)=O)[C@@H](C)OP(=O)(O)O,Serine/threonine-protein kinase PLK1
CC(=O)N(c1ccccc1)c1nc(/C=N/OCCCCCCn2cncc2C[C@H](NC(=O)[C@H](CC(C)C)NC(=O)[C@@H]2CCCN2C(C)=O)C(=O)N[C@@H](CO)C(=O)N[C@H](C(N)=O)[C@@H](C)OP(=O)(O)O)cs1,Serine/threonine-protein kinase PLK1
NC(=O)c1sc(-c2cnc(N)s2)cc1OCc1ccccc1C(F)(F)F,Serine/threonine-protein kinase PLK1
c1csc(CCNc2ncc(-c3nn[nH]n3)c(Nc3ccc4c(c3)OCCO4)n2)c1,Serine/threonine-protein kinase PLK1
CC(=O)N1CCC[C@H]1C(=O)N[C@@H](CC(C)C)C(=O)N[C@@H](Cc1cncn1CCCCO/N=C/CCc1ccccc1)C(=O)N[C@@H](CO)C(=O)N[C@H](C(N)=O)[C@@H](C)OP(=O)(O)O,Serine/threonine-protein kinase PLK1
CC(C)(C)Nc1c(Nc2ccnc(Nc3ccc4c(c3)Cc3ccccc3-4)n2)c(=O)c1=O,Serine/threonine-protein kinase PLK1
CNC(=O)c1nn(C)c2c1CCc1cnc(Nc3cc(N4CCN(C)CC4)ccc3OC)nc1-2,Serine/threonine-protein kinase PLK1
[H][C@@]1([C@@H](C)OP(=O)(O)O)NC(=O)[C@H](CO)NC(=O)[C@H](Cc2c[nH]cn2)NC(=O)[C@H](CC(C)C)NC(=O)CN(Cc2ccccc2)C(=O)CSC[C@H](C(N)=O)NC1=O,Serine/threonine-protein kinase PLK1
CC(=O)N1CCC[C@H]1C(=O)N[C@@H](CC(C)C)C(=O)N[C@@H](Cc1cncn1CCCCCCO/N=C/c1ccc(Oc2cc(C(F)(F)F)ccn2)cc1)C(=O)N[C@@H](CO)C(=O)N[C@H](C(N)=O)[C@@H](C)OP(=O)(O)O,Serine/threonine-protein kinase PLK1
COc1ccc(-c2nc(/C=N/OCCCCCn3cncc3C[C@H](NC(=O)[C@H](CC(C)C)NC(=O)[C@@H]3CCCN3C(C)=O)C(=O)N[C@@H](CO)C(=O)N[C@H](C(N)=O)[C@@H](C)OP(=O)(O)O)c(Cl)[nH]2)cc1,Serine/threonine-protein kinase PLK1
O=C(O)CCc1cn(CC(O)CN2CCCCC2)c2ccccc12,Serine/threonine-protein kinase PLK1
CC(=O)N1CCC[C@H]1C(=O)N[C@@H](CC(C)C)C(=O)N[C@@H](Cc1cncn1CCCCCCO/N=C/c1ccc(Oc2cncc(C)n2)cc1)C(=O)N[C@@H](CO)C(=O)N[C@H](C(N)=O)[C@@H](C)OP(=O)(O)O,Serine/threonine-protein kinase PLK1
CC(=O)N1CCC[C@H]1C(=O)N[C@@H](CC(C)C)C(=O)N[C@@H](Cc1cncn1CCCCCO/N=C/c1cccc(NC(=O)c2ccc(Cl)cc2)c1)C(=O)N[C@@H](CO)C(=O)N[C@H](C(N)=O)[C@@H](C)OP(=O)(O)O,Serine/threonine-protein kinase PLK1
COc1cc(C(=O)NC2CCN(C)CC2)c(Cl)cc1Nc1ncc2c(n1)N(C1CCCC1)CC(F)(F)C(=O)N2C,Serine/threonine-protein kinase PLK1
C[C@@H](Nc1c(Nc2ccnc(Nc3ccncc3)n2)c(=O)c1=O)C(C)(C)C,Serine/threonine-protein kinase PLK1
C[C@@H](Nc1c(Nc2ccnc(Nc3ccc4ccccc4c3)n2)c(=O)c1=O)C(C)(C)C,Serine/threonine-protein kinase PLK1
CCS(=O)(=O)N1CCCC(C(=O)NCCc2ccccc2)C1,Serine/threonine-protein kinase PLK1
CC(=O)N1CCC[C@H]1C(=O)N[C@@H](CC(C)C)C(=O)N[C@@H](Cc1cncn1CCCCCCCCc1ccccc1)C(=O)N[C@@H](CO)C(=O)N[C@H](C(=O)O)[C@@H](C)CP(=O)(O)O,Serine/threonine-protein kinase PLK1
CC(=O)N1CCC[C@H]1C(=O)N[C@@H](CC(C)C)C(=O)N[C@@H](Cc1cncn1CCCCCO/N=C/CCc1ccccc1)C(=O)N[C@@H](CO)C(=O)N[C@H](C(N)=O)[C@@H](C)OP(=O)(O)O,Serine/threonine-protein kinase PLK1
CC(=O)N1CCC[C@H]1C(=O)N[C@@H](CC(C)C)C(=O)N[C@@H](Cc1cncn1CCCCCO/N=C/C(C)c1ccccc1)C(=O)N[C@@H](CO)C(=O)N[C@H](C(N)=O)[C@@H](C)OP(=O)(O)O,Serine/threonine-protein kinase PLK1
Cc1ccccc1N1CCN(C2CCCN(C(=O)CCN3CCCCC3=O)C2)CC1,Serine/threonine-protein kinase PLK1
CC(=O)N1CCC[C@H]1C(=O)N[C@@H](CC(C)C)C(=O)N[C@@H](Cc1cncn1CCCCCCO/N=C/c1ccc(-n2ccnc2)cc1)C(=O)N[C@@H](CO)C(=O)N[C@H](C(N)=O)[C@@H](C)OP(=O)(O)O,Serine/threonine-protein kinase PLK1
O=C1C(Sc2cccc(F)c2)=C[C@@]2(O)CC[C@@H](O)[C@]1(Sc1cccc(F)c1)[C@H]2O,Serine/threonine-protein kinase PLK1
O=C(CN1C(=O)NC2NC(=O)NC21)NC1CCCCC1,Serine/threonine-protein kinase PLK1
Cc1cc(-c2ccc(C(=O)OCc3ccccc3)cc2)c(OCCO)c(-c2ccc(C(=O)OCc3ccccc3)cc2)c1,Serine/threonine-protein kinase PLK1
CC(=O)N1CCC[C@H]1C(=O)N[C@@H](CC(C)C)C(=O)N[C@@H](Cc1cncn1CCCCCCO/N=C/c1ccccc1-c1ccc(F)cc1)C(=O)N[C@@H](CO)C(=O)N[C@H](C(N)=O)[C@@H](C)OP(=O)(O)O,Serine/threonine-protein kinase PLK1
CC(=O)N1CCC[C@H]1C(=O)N[C@@H](CC(C)C)C(=O)N[C@@H](Cc1cncn1CCCCCCO/N=C/c1cnn(Cc2ccccc2Cl)c1)C(=O)N[C@@H](CO)C(=O)N[C@H](C(N)=O)[C@@H](C)OP(=O)(O)O,Serine/threonine-protein kinase PLK1
O=C(O)c1cn(CC(O)CN2CCCC2)c2ccccc12,Serine/threonine-protein kinase PLK1
Cc1ccccc1COc1cc(-n2cnc3cc(Cl)ccc32)sc1C(N)=O,Serine/threonine-protein kinase PLK1
CCCCCC/C=N/OCCCCn1cncc1C[C@H](NC(=O)[C@H](CC(C)C)NC(=O)[C@@H]1CCCN1C(C)=O)C(=O)N[C@@H](CO)C(=O)N[C@H](C(N)=O)[C@@H](C)OP(=O)(O)O,Serine/threonine-protein kinase PLK1
COc1cccc(Nc2nc(NC(C)c3ccccc3)ncc2C#N)c1,Serine/threonine-protein kinase PLK1
C[C@@H](Nc1c(Nc2ccnc(Nc3ccc4c(c3)Cc3ccccc3-4)n2)c(=O)c1=O)C(C)(C)C,Serine/threonine-protein kinase PLK1
COc1cc2ncn(-c3cc(OCc4ccsc4)c(C(N)=O)s3)c2cc1OC,Serine/threonine-protein kinase PLK1
O=C1CCC2c3[nH]c4ccccc4c3CCN12,Serine/threonine-protein kinase PLK1
CC(C)(C)Nc1c(Nc2ccnc(Nc3ccc(-c4ccccn4)cc3)n2)c(=O)c1=O,Serine/threonine-protein kinase PLK1
COc1ccc(N(CC(=O)Nc2ccc(F)cc2F)S(=O)(=O)c2c(C)nn(C)c2C)cc1,Serine/threonine-protein kinase PLK1
CC(C)NC(=O)c1onc(CSc2ccccn2)c1C(=O)NC(C)C,Serine/threonine-protein kinase PLK1
CC(=O)N1CCC[C@H]1C(=O)N[C@@H](CC(C)C)C(=O)N[C@@H](Cc1cncn1CCCCCO/N=C/c1n[nH]cc1-c1ccccc1)C(=O)N[C@@H](CO)C(=O)N[C@H](C(N)=O)[C@@H](C)OP(=O)(O)O,Serine/threonine-protein kinase PLK1
CC(=O)N1CCC[C@H]1C(=O)N[C@@H](CC(C)C)C(=O)N[C@@H](Cc1cncn1CCCCCO/N=C/c1ccc(-c2ccc(C#N)cn2)cc1)C(=O)N[C@@H](CO)C(=O)N[C@H](C(N)=O)[C@@H](C)OP(=O)(O)O,Serine/threonine-protein kinase PLK1
CC(=O)N1CCC[C@H]1C(=O)N[C@@H](CC(C)C)C(=O)N[C@@H](Cc1cncn1CCCCCCc1ccccc1Oc1ccccc1)C(=O)N[C@@H](CO)C(=O)N[C@H](C(N)=O)[C@@H](C)OP(=O)(O)O,Serine/threonine-protein kinase PLK1
COc1cc(N2CCN(CCO)CC2)ccc1Nc1ncc2c(n1)N(C1CCCC1)CCC(=O)N2C,Serine/threonine-protein kinase PLK1
COCCNC(=O)c1cc2c(c(-c3cccc(C#CC(C)(C)O)c3)n1)[C@@H](CCO)N(S(=O)C(C)(C)C)C2,Serine/threonine-protein kinase PLK1
CC(=O)N1CCC[C@H]1C(=O)N[C@@H](CC(C)C)C(=O)N[C@@H](Cc1cncn1CCCCCCO/N=Cc1c(F)cccc1Oc1ccccc1)C(=O)N[C@@H](CO)C(=O)N[C@H](C(N)=O)[C@@H](C)OP(=O)(O)O,Serine/threonine-protein kinase PLK1
CCC(C)(C)Nc1c(Nc2ccnc(Nc3ccc(-c4ccccc4)cc3)n2)c(=O)c1=O,Serine/threonine-protein kinase PLK1
Cc1nc(-c2ccccc2)n2nc(Nc3ccc([N+](=O)[O-])cc3)ncc12,Serine/threonine-protein kinase PLK1
Cc1nn(-c2cccc(C(C)C)c2)c2cc(N[C@@H](C)c3ccccc3)ncc12,Serine/threonine-protein kinase PLK1
O=c1oc(-c2ccc(Cl)cc2[N+](=O)[O-])nc2ccccc12,Serine/threonine-protein kinase PLK1
CCC(/C=N/OCCCCn1cncc1C[C@H](NC(=O)[C@H](CC(C)C)NC(=O)[C@@H]1CCCN1C(C)=O)C(=O)N[C@@H](CO)C(=O)N[C@H](C(N)=O)[C@@H](C)OP(=O)(O)O)CC,Serine/threonine-protein kinase PLK1
COc1cc(CC(=O)Nc2c(O)n[nH]c2-c2ccccc2)cc(OC)c1,Serine/threonine-protein kinase PLK1
CC(=O)N1CCC[C@H]1C(=O)N[C@@H](CC(C)C)C(=O)N[C@@H](Cc1cncn1CCCCCO/N=C/c1cnc(O)c(C#N)c1Nc1ccc(Cl)cc1)C(=O)N[C@@H](CO)C(=O)N[C@H](C(N)=O)[C@@H](C)OP(=O)(O)O,Serine/threonine-protein kinase PLK1
CC(=O)N1CCC[C@H]1C(=O)N[C@@H](CC(C)C)C(=O)N[C@@H](Cc1cncn1CCCCCCO/N=C/c1c(C)nn(Cc2ccccc2Cl)c1Cl)C(=O)N[C@@H](CO)C(=O)N[C@H](C(N)=O)[C@@H](C)OP(=O)(O)O,Serine/threonine-protein kinase PLK1
CN1CCN(CC(O)Cn2cc(C(=O)O)c3ccccc32)CC1,Serine/threonine-protein kinase PLK1
CC(=O)N1CCC[C@H]1C(=O)N[C@@H](CC(C)C)C(=O)N[C@@H](Cc1cncn1CCCCCCCCc1ccccc1)C(=O)N[C@@H](CO)C(=O)N[C@@H](CC(=O)O)C(=O)O,Serine/threonine-protein kinase PLK1
C[C@H](Nc1c(Nc2ccnc(Nc3ccc(-c4ccccc4)cc3)n2)c(=O)c1=O)C(C)(C)C,Serine/threonine-protein kinase PLK1
COc1cccc(/C=C/C(=O)NNC(=O)c2ccc3c(c2)OCCO3)c1,Serine/threonine-protein kinase PLK1
CCc1nc2c(OCC(=O)c3ccc(F)cc3)cccn2c1N(C)C(=O)C(C)C,Serine/threonine-protein kinase PLK1
CCN(C(=S)NC(=O)Cc1ccc(OC)cc1)c1ccccc1,Serine/threonine-protein kinase PLK1
O=C(NCc1ccc2c(c1)OCO2)C1CC(=O)N(c2ccc(O)cc2)C1,Serine/threonine-protein kinase PLK1
COc1ccc(S(=O)(=O)Nc2cccc3c2O[C@@H](CN(C)CC2CC2)[C@@H](C)CN([C@@H](C)CO)C3=O)cc1,Serine/threonine-protein kinase PLK1
C[C@@H](Nc1c(Nc2ccnc(Nc3cccnc3)n2)c(=O)c1=O)C(C)(C)C,Serine/threonine-protein kinase PLK1
CC(C)(C)c1ccc(Nc2nc(NCc3cccnc3)ncc2-c2nn[nH]n2)cc1,Serine/threonine-protein kinase PLK1
CC(=O)N1CCC[C@H]1C(=O)N[C@@H](CC(C)C)C(=O)N[C@@H](CC(=O)NCCCCCCCCc1ccccc1)C(=O)N[C@@H](CO)C(=O)N[C@H](C(N)=O)[C@@H](C)OP(=O)(O)O,Serine/threonine-protein kinase PLK1
NC(=O)c1sc(-c2cnc3ccccn23)cc1OCc1ccccc1Cl,Serine/threonine-protein kinase PLK1
COc1ccccc1-n1nc(C)c2cnc(N[C@@H](C)c3ccccc3)cc21,Serine/threonine-protein kinase PLK1
Nc1[nH]c(C(=O)c2ccccc2)c(-c2ccc(Br)cc2)c1C(=O)c1cccs1,Serine/threonine-protein kinase PLK1
C=NOCCCCCCn1cncc1C[C@H](NC(=O)[C@H](CC(C)C)NC(=O)[C@@H]1CCCN1C(C)=O)C(=O)N[C@@H](CO)C(=O)N[C@H](C(N)=O)[C@@H](C)OP(=O)(O)O,Serine/threonine-protein kinase PLK1
O=c1c(Nc2ccc(OC(F)(F)F)cc2)c(Nc2ccnc(Nc3ccc(-c4ccccc4)cc3)n2)c1=O,Serine/threonine-protein kinase PLK1
C[C@@H](Nc1c(Nc2cccnc2)c(=O)c1=O)C(C)(C)C,Serine/threonine-protein kinase PLK1
Cc1nn(CC(=O)N2CCCCCC2)c(=O)c2cc3occc3n12,Serine/threonine-protein kinase PLK1
COc1cc([N+](=O)[O-])ccc1-n1c(C)cc(/C=N/OCCCCCCn2cncc2C[C@H](NC(=O)[C@H](CC(C)C)NC(=O)[C@@H]2CCCN2C(C)=O)C(=O)N[C@@H](CO)C(=O)N[C@H](C(N)=O)[C@@H](C)OP(=O)(O)O)c1C,Serine/threonine-protein kinase PLK1
CC(=O)N1CCC[C@H]1C(=O)N[C@@H](CC(C)C)C(=O)N[C@@H](Cc1cncn1CCCCCCO/N=C/c1cc(-c2ccccc2)n(C)n1)C(=O)N[C@@H](CO)C(=O)N[C@H](C(N)=O)[C@@H](C)OP(=O)(O)O,Serine/threonine-protein kinase PLK1
NS(=O)(=O)c1ccc(NC(=S)NC(=O)c2ccccc2)c(Br)c1,Serine/threonine-protein kinase PLK1
CC(=O)N1CCC[C@H]1C(=O)N[C@@H](CC(C)C)C(=O)N[C@@H](Cc1cncn1CCCCCCO/N=C/c1c(F)cccc1Oc1ccccc1)C(=O)N[C@@H](CO)C(=O)N[C@H](C(N)=O)[C@@H](C)OP(=O)(O)O,Serine/threonine-protein kinase PLK1
O=C(O)c1ccc(Cl)cc1NC(=O)C1CCN(S(=O)(=O)c2cccs2)CC1,Serine/threonine-protein kinase PLK1
CC(=O)Nc1ccccc1-c1cc(Cl)cc(-n2nc(C)c3cnc(N[C@@H](C)c4ccccc4)cc32)c1,Serine/threonine-protein kinase PLK1
CC1(C(=O)NS(=O)(=O)Cc2cccc(Cl)c2)CCN1C(=O)c1ccc(C2CCCCC2)cc1,Serine/threonine-protein kinase PLK1
COc1cc2ncn(-c3cc(OCc4ccoc4)c(C(N)=O)s3)c2cc1OC,Serine/threonine-protein kinase PLK1
COc1ccc(COc2cc(-n3cnc4cc(OC)c(OC)cc43)sc2C(N)=O)cc1,Serine/threonine-protein kinase PLK1
COc1cc2ncn(-c3cc(OCc4ccccc4C(F)(F)F)c(C(N)=S)s3)c2cc1OC,Serine/threonine-protein kinase PLK1
Cc1nn(-c2cc(Cl)cc(Cl)c2)c2cc(N[C@@H](C)c3ccccc3)ncc12,Serine/threonine-protein kinase PLK1
C[C@@H](Oc1cc(-c2cnc3ccccn23)sc1C(N)=O)c1ccc(CNCCO)cc1Cl,Serine/threonine-protein kinase PLK1
C[C@@H](Nc1c(Nc2ccnc(Nc3cccc(-c4ccccc4)c3)n2)c(=O)c1=O)C(C)(C)C,Serine/threonine-protein kinase PLK1
COc1cc2ncn(-c3cc(OCc4ccccc4OC(F)(F)F)c(C(N)=O)s3)c2cc1OC,Serine/threonine-protein kinase PLK1
CC(=O)N1CCC[C@H]1C(=O)N[C@@H](CC(C)C)C(=O)N[C@@H](Cc1cncn1CCCCCCCCc1ccccc1)C(=O)N[C@@H](CO)C(=O)N[C@H](C(=O)O)[C@@H](C)O,Serine/threonine-protein kinase PLK1
CC(=O)N1CCC[C@H]1C(=O)N[C@@H](CC(C)C)C(=O)N[C@@H](Cc1cncn1CCCCCO/N=C/c1c(-c2ccc([N+](=O)[O-])cc2)nc2ccccn12)C(=O)N[C@@H](CO)C(=O)N[C@H](C(N)=O)[C@@H](C)OP(=O)(O)O,Serine/threonine-protein kinase PLK1
CC(=O)N1CCC[C@H]1C(=O)N[C@@H](CC(C)C)C(=O)N[C@@H](Cc1cncn1CCCCCCO/N=Cc1cc(Cl)ccc1OCc1cccnc1)C(=O)N[C@@H](CO)C(=O)N[C@H](C(N)=O)[C@@H](C)OP(=O)(O)O,Serine/threonine-protein kinase PLK1
CNC(=O)c1ccc(OC)c2ccccc12,Serine/threonine-protein kinase PLK1
Cc1ccc(N2CCN(C)CC2)cc1Nc1ncc2c(n1)-c1c(c(C(=O)O)nn1C)CC2,Serine/threonine-protein kinase PLK1
[H][C@@]1([C@@H](C)OP(=O)(O)O)NC(=O)[C@H](CO)NC(=O)[C@H](Cc2c[nH]cn2)NC(=O)[C@H](CC(C)C)NC(=O)CN(CCc2ccc(Cl)cc2)C(=O)CSC[C@H](C(N)=O)NC1=O,Serine/threonine-protein kinase PLK1
CC(=O)N1CCC[C@H]1C(=O)N[C@@H](CC(C)C)C(=O)N[C@@H](Cc1cncn1CCCCO/N=C/c1ccccc1)C(=O)N[C@@H](CO)C(=O)N[C@H](C(N)=O)[C@@H](C)OP(=O)(O)O,Serine/threonine-protein kinase PLK1
CC(=O)N1CCC[C@H]1C(=O)N[C@@H](CC(C)C)C(=O)N[C@@H](Cc1cncn1CCCCCCO/N=C/CCCc1ccccc1)C(=O)N[C@@H](CO)C(=O)N[C@H](C(N)=O)[C@@H](C)OP(=O)(O)O,Serine/threonine-protein kinase PLK1
CC(=O)N1CCC[C@H]1C(=O)N[C@@H](CC(C)C)C(=O)N[C@@H](Cc1cncn1CCCCCCCCc1ccccc1)C(=O)N[C@@H](CO)C(=O)N[C@@H](CCC(N)=O)C(=O)O,Serine/threonine-protein kinase PLK1
CC1=[N+]([O-])C(C)(C)C(c2ccc(Br)cc2)=[N+]1[O-],Serine/threonine-protein kinase PLK1
CNC(=O)c1ccc(NC)cc1,Serine/threonine-protein kinase PLK1
Cc1ccccc1-c1nc(S(=O)(=O)c2ccccc2)c(NCCN2CCOCC2)o1,Serine/threonine-protein kinase PLK1
CS(=O)(=O)c1ccc2c(c1)ncn2-c1cc(OCc2ccccc2C(F)(F)F)c(C(N)=O)s1,Serine/threonine-protein kinase PLK1
C[C@@H](Oc1cc(-c2cnc3ccccn23)sc1C(N)=O)c1ccc(CN2CCC(F)CC2)cc1Cl,Serine/threonine-protein kinase PLK1
Cc1nc(-c2ccccc2)n2nc(NCc3ccccc3)ncc12,Serine/threonine-protein kinase PLK1
CC(=O)NC(=S)Nc1ccc(S(=O)(=O)Nc2nccs2)cc1,Serine/threonine-protein kinase PLK1
COc1cc2c(cc1CNC[C@H]1O[C@@H](n3cnc4c(N)ncnc43)[C@H](O)[C@@H]1O)OCO2,Serine/threonine-protein kinase PLK1
C[C@@H](Nc1c(Nc2ccnc(Nc3ccc(OC(F)(F)F)cc3)n2)c(=O)c1=O)C(C)(C)C,Serine/threonine-protein kinase PLK1
CCN(CC)CC(O)Cn1cc(CC(=O)O)c2ccccc21,Serine/threonine-protein kinase PLK1
O=C(O)c1cccc2c1C(=O)c1cc([N+](=O)[O-])cc([N+](=O)[O-])c1-2,Serine/threonine-protein kinase PLK1
CC(=O)NC(=S)Nc1ccc(S(=O)(=O)NC(=N)N)cc1,Serine/threonine-protein kinase PLK1
[H][C@]12C[C@H](OC(=O)Nc3cccs3)[C@@]3(O)CN(S(=O)(=O)c4ccc(C)cc4)C[C@@]3([H])[C@@]1([H])C(=O)N(c1ccccc1)C2=O,Serine/threonine-protein kinase PLK1
CC(=O)N1CCC[C@H]1C(=O)N[C@@H](CC(C)C)C(=O)N[C@@H](Cc1cnc[nH]1)C(=O)N[C@@H](CO)C(=O)N[C@H](C(N)=O)[C@@H](C)OP(=O)(O)O,Serine/threonine-protein kinase PLK1
CC(=O)N1CCC[C@H]1C(=O)N[C@@H](CC(C)C)C(=O)N[C@@H](Cc1cncn1CCCCCO/N=C/c1csc2nc(-c3cccc(F)c3)cn12)C(=O)N[C@@H](CO)C(=O)N[C@H](C(N)=O)[C@@H](C)OP(=O)(O)O,Serine/threonine-protein kinase PLK1
CC[C@@]1(F)CN(C2CCCC2)c2nc(Nc3ccc(C(=O)NC4CCN(C)CC4)cc3OC)ncc2N(C)C1=O,Serine/threonine-protein kinase PLK1
CNCc1ccc([C@@H](C)Oc2cc(-c3cnc4ccccn34)sc2C(N)=O)c(Cl)c1,Serine/threonine-protein kinase PLK1
CCOC(=O)/C(C#N)=c1s/c(=C/Nc2ccc(NC(=O)COC)cc2)c(=O)n1CC,Serine/threonine-protein kinase PLK1
Cc1nn(-c2cccc(N(C)C)c2)c2cc(N[C@@H](C)c3ccccc3)ncc12,Serine/threonine-protein kinase PLK1
Cc1ccc(S(=O)(=O)NN(Cc2ccccc2)Cc2ccccc2)cc1,Serine/threonine-protein kinase PLK1
C[C@@H](Oc1cc(-c2cnc3ccccn23)sc1C(N)=O)c1ccc(CN2CCNC(=O)C2)cc1Cl,Serine/threonine-protein kinase PLK1
COc1ccc(-n2nc(C)c3cnc(N[C@@H](C)c4ccccc4)cc32)cc1,Serine/threonine-protein kinase PLK1
O=C(CN1CC(c2ccccc2)CC1=O)Nc1cccc(F)c1,Serine/threonine-protein kinase PLK1
CC[C@@H]1c2c(C(=O)N(C)O)ncn2-c2cnc(Nc3ccc(C(=O)NC4CCN(C)CC4)cc3OC)nc2N1C1CCCC1,Serine/threonine-protein kinase PLK1
CC(=O)N1CCOc2ccc(S(=O)(=O)Nc3cccc(C)n3)cc21,Serine/threonine-protein kinase PLK1
CC(=O)N1CCC[C@H]1C(=O)N[C@@H](CC(C)C)C(=O)N[C@@H](Cc1cncn1CCCCCO/N=C/c1cnc2ccccc2c1)C(=O)N[C@@H](CO)C(=O)N[C@H](C(N)=O)[C@@H](C)OP(=O)(O)O,Serine/threonine-protein kinase PLK1
NC(=O)c1sc(-c2cnc(Nc3ccccc3)s2)cc1OCc1ccccc1C(F)(F)F,Serine/threonine-protein kinase PLK1
CN(C)CCCN1CCN(c2ccc(OC(F)(F)F)c(Nc3ncc4c(n3)-c3c(c(C(N)=O)nn3C)CC4)c2)CC1,Serine/threonine-protein kinase PLK1
C[C@H](Nc1cc2c(-c3cccc(Cl)c3)noc2cn1)c1ccccc1,Serine/threonine-protein kinase PLK1
CC(=O)N1CCC[C@H]1C(=O)N[C@@H](CC(C)C)C(=O)N[C@@H](Cc1cncn1CCCCO/N=C/C=C/c1cn(Cc2ccccc2)nn1)C(=O)N[C@@H](CO)C(=O)N[C@H](C(N)=O)[C@@H](C)OP(=O)(O)O,Serine/threonine-protein kinase PLK1
CCNC(=O)c1ncn2c1[C@@H](CC)N(C1CCCC1)c1nc(Nc3ccc(C(=O)NC4CCN(C)CC4)cc3OC)ncc1-2,Serine/threonine-protein kinase PLK1
CN1CCC(NC(=O)c2ccc(Nc3ncc4c(n3)N(C3CCCC3)CC(F)(F)C(=O)N4C)cc2)CC1,Serine/threonine-protein kinase PLK1
CC[C@H](C)[C@H](NC(=O)[C@H](C)NC(=O)[C@@H](NC(=O)[C@H](CO)NC(=O)[C@H](Cc1cnc[nH]1)NC(=O)[C@H](CC(C)C)NC(=O)[C@@H]1CCCN1C(=O)[C@@H]1CCCN1C(=O)[C@H](CC(=O)O)NC(=O)[C@H](Cc1ccccc1)NC(=O)[C@@H](NC(=O)[C@H](CCC(=O)O)NC(C)=O)[C@@H](C)O)[C@@H](C)O)C(=O)N[C@@H](Cc1ccc(O)cc1)C(N)=O,Serine/threonine-protein kinase PLK1
COc1ccccc1CNC(=O)CCS(=O)(=O)c1ccc(Cl)cc1,Serine/threonine-protein kinase PLK1
CNC(=O)CN1C(=O)COc2ccc(C)cc21,Serine/threonine-protein kinase PLK1
COc1cc(Nc2ncc3c(n2)N(C2CCCC2)CC(F)(F)C(=O)N3C)ccc1C(=O)NC1CCN(C)CC1,Serine/threonine-protein kinase PLK1
CC(=O)N1CCC[C@H]1C(=O)N[C@@H](CC(C)C)C(=O)N[C@@H](Cc1cncn1CCCCCCO/N=C/c1ccc(-c2ccc(S(=O)(=O)N(C)C)cc2)o1)C(=O)N[C@@H](CO)C(=O)N[C@H](C(N)=O)[C@@H](C)OP(=O)(O)O,Serine/threonine-protein kinase PLK1
CC(=O)N1CCC[C@H]1C(=O)N[C@@H](CC(C)C)C(=O)N[C@@H](Cc1cncn1CCCCCCO/N=C/c1ccccc1)C(=O)N[C@@H](CO)C(=O)N[C@H](C(N)=O)[C@@H](C)OP(=O)(O)O,Serine/threonine-protein kinase PLK1
Cc1nn(-c2cc(Cl)cc(CCCN)c2)c2cc(N[C@@H](C)c3ccccc3)ncc12,Serine/threonine-protein kinase PLK1
CC(=O)NC(=S)Nc1ccc(S(=O)(=O)Nc2onc(C)c2C)cc1,Serine/threonine-protein kinase PLK1
CC(=O)N1CCC[C@H]1C(=O)N[C@@H](CC(C)C)C(=O)N[C@@H](Cc1cncn1CCCCCCO/N=C/c1cncn1Cc1nccc(N(C)C)c1C#N)C(=O)N[C@@H](CO)C(=O)N[C@H](C(N)=O)[C@@H](C)OP(=O)(O)O,Serine/threonine-protein kinase PLK1
CC(=O)N1CCC[C@H]1C(=O)N[C@@H](CC(C)C)C(=O)N[C@@H](Cc1cncn1CCCCCCCCc1ccccc1)C(=O)N[C@@H](CO)C(=O)N[C@H](C(=O)O)[C@H](C)OP(=O)(O)O,Serine/threonine-protein kinase PLK1
NC(=O)c1nn(CCF)c2c1CCc1cnc(Nc3ccccc3OC(F)(F)F)nc1-2,Serine/threonine-protein kinase PLK1
CC(C)C[C@H]1CN=C(Nc2ccccc2)N1CC1CCC1,Serine/threonine-protein kinase PLK1
O=C(/C=C/c1ccc(F)cc1)NNC(=O)c1ccc2c(c1)OCCO2,Serine/threonine-protein kinase PLK1
CC(=O)N1CCC[C@H]1C(=O)N[C@@H](CC(C)C)C(=O)N[C@@H](Cc1cncn1CCCCCCO/N=Cc1ccc(C(C#N)c2ccccc2C#N)n1C)C(=O)N[C@@H](CO)C(=O)N[C@H](C(N)=O)[C@@H](C)OP(=O)(O)O,Serine/threonine-protein kinase PLK1
CC(=O)N1CCC[C@H]1C(=O)N[C@@H](CC(C)C)C(=O)N[C@@H](Cc1cncn1CCCCCCO/N=C/c1cccn1-c1nccc(-c2cccs2)n1)C(=O)N[C@@H](CO)C(=O)N[C@H](C(N)=O)[C@@H](C)OP(=O)(O)O,Serine/threonine-protein kinase PLK1
COc1ccc(-c2ccc(/C=N/OCCCCCCn3cncc3C[C@H](NC(=O)[C@H](CC(C)C)NC(=O)[C@@H]3CCCN3C(C)=O)C(=O)N[C@@H](CO)C(=O)N[C@H](C(N)=O)[C@@H](C)OP(=O)(O)O)s2)cc1,Serine/threonine-protein kinase PLK1
COc1cc2ncn(-c3cc(OCC4CCCC4)c(C(N)=O)s3)c2cc1OC,Serine/threonine-protein kinase PLK1
C[C@@H](Nc1nccc(Nc2c(N[C@H](C)C(C)(C)C)c(=O)c2=O)n1)c1ccccc1,Serine/threonine-protein kinase PLK1
Cc1nc(-c2ccccc2)n2nc(Nc3ccccc3)ncc12,Serine/threonine-protein kinase PLK1
[H][C@@]1([C@@H](C)OP(=O)(O)O)NC(=O)[C@H](CO)NC(=O)[C@H](Cc2c[nH]cn2)NC(=O)CN(CC(C)C)C(=O)CN(CCc2c[nH]c3ccccc23)C(=O)CSC[C@H](C(N)=O)NC1=O,Serine/threonine-protein kinase PLK1
CSCC[C@H](NC(=O)c1ccc2c(c1)C1(OC2=O)c2ccc(O)cc2Oc2cc(O)ccc21)C(=O)N[C@@H](CCC(N)=O)C(=O)N[C@@H](CO)C(=O)N[C@H](C(=O)N1CCC[C@H]1C(=O)N[C@@H](CC(C)C)C(=O)O)[C@@H](C)OP(=O)(O)O,Serine/threonine-protein kinase PLK1
Cc1cc(Br)cn2c(Cc3ccsc3)c(C(C)(C)C)nc12,Serine/threonine-protein kinase PLK1
C[C@H](Nc1cc2c(-c3ccccc3)noc2cn1)c1ccccc1,Serine/threonine-protein kinase PLK1
[H][C@@]1([C@@H](C)OP(=O)(O)O)NC(=O)[C@H](CO)NC(=O)[C@H](Cc2c[nH]cn2)NC(=O)[C@H](CC(C)C)NC(=O)CN(CCc2ccc(O)c(O)c2)C(=O)CSC[C@H](C(N)=O)NC1=O,Serine/threonine-protein kinase PLK1
CC(=O)N1CCC[C@H]1C(=O)N[C@@H](CC(C)C)C(=O)N[C@@H](Cc1cncn1CCCCCO/N=C/c1ccc(-c2ccc(S(=O)(=O)N(C)C)cc2)o1)C(=O)N[C@@H](CO)C(=O)N[C@H](C(N)=O)[C@@H](C)OP(=O)(O)O,Serine/threonine-protein kinase PLK1
COc1cc(/C=N/OCCCCCCn2cncc2C[C@H](NC(=O)[C@H](CC(C)C)NC(=O)[C@@H]2CCCN2C(C)=O)C(=O)N[C@@H](CO)C(=O)N[C@H](C(N)=O)[C@@H](C)OP(=O)(O)O)c(O)c(CN2CCOCC2)c1,Serine/threonine-protein kinase PLK1
CC(=O)N1CCC[C@H]1C(=O)N[C@@H](CC(C)C)C(=O)N[C@@H](Cc1cncn1CCCCCCO/N=C/c1ccc(-c2nc3ccccc3s2)o1)C(=O)N[C@@H](CO)C(=O)N[C@H](C(N)=O)[C@@H](C)OP(=O)(O)O,Serine/threonine-protein kinase PLK1
C=C[C@]1(F)CN(C2CCCC2)c2nc(Nc3ccc(C(=O)NC4CCN(C)CC4)cc3OC)ncc2N(C)C1=O,Serine/threonine-protein kinase PLK1
COc1ccccc1COc1cc(-n2cnc3cc(OC)c(OC)cc32)sc1C(N)=O,Serine/threonine-protein kinase PLK1
CC(=O)N(c1ccccc1)c1csc(/C=N/OCCCCCn2cncc2C[C@H](NC(=O)[C@H](CC(C)C)NC(=O)[C@@H]2CCCN2C(C)=O)C(=O)N[C@@H](CO)C(=O)N[C@H](C(N)=O)[C@@H](C)OP(=O)(O)O)n1,Serine/threonine-protein kinase PLK1
C[C@H](Nc1cc2c(cn1)cnn2-c1ccccc1C(N)=O)c1ccccc1,Serine/threonine-protein kinase PLK1
Cc1nn(-c2ccccc2)c2cc(N[C@@H](C)c3ccccc3)ncc12,Serine/threonine-protein kinase PLK1
Cc1ccc(C=C(C#N)C(=O)c2ccccc2)cc1,Serine/threonine-protein kinase PLK1
Cc1cc(Nc2ncc3c(n2)N(C2CCCC2)CC(F)(F)C(=O)N3C)ccc1C(=O)NC1CCN(C)CC1,Serine/threonine-protein kinase PLK1
COc1cc2ncn(-c3cc(OCc4ccccc4Br)c(C(N)=O)s3)c2cc1OC,Serine/threonine-protein kinase PLK1
CC(=O)c1cccc(OCC(=O)N(C)CC(=O)Nc2ccc(F)cc2)c1,Serine/threonine-protein kinase PLK1
CC(=O)N1CCC[C@H]1C(=O)N[C@@H](CC(C)C)C(=O)N[C@@H](Cc1cncn1CCCCCCO/N=C/Cc1ccccc1)C(=O)N[C@@H](CO)C(=O)N[C@H](C(N)=O)[C@@H](C)OP(=O)(O)O,Serine/threonine-protein kinase PLK1
COc1cccc(Nc2ncc3c(C)nc(-c4ccccc4)n3n2)c1,Serine/threonine-protein kinase PLK1
CCC1(CC)SC(N)=NC1=O,Serine/threonine-protein kinase PLK1
CC[C@@H]1c2c(CO)ncn2-c2cnc(Nc3ccc(C(=O)NC4CCN(C)CC4)cc3OC)nc2N1C1CCCC1,Serine/threonine-protein kinase PLK1
COc1cc(Nc2ncc3c(C)nc(-c4ccccc4[N+](=O)[O-])n3n2)cc(OC)c1OC,Serine/threonine-protein kinase PLK1
CC(=O)N1CCC[C@H]1C(=O)N[C@@H](CC(C)C)C(=O)N[C@@H](Cc1cncn1CCCCCCO/N=C/c1cc(Cl)ccc1OCc1ccccn1)C(=O)N[C@@H](CO)C(=O)N[C@H](C(N)=O)[C@@H](C)OP(=O)(O)O,Serine/threonine-protein kinase PLK1
CCC(C(=O)NCC1CCCO1)N(Cc1ccc(F)cc1)C(=O)CNS(=O)(=O)c1ccccc1,Serine/threonine-protein kinase PLK1
[H][C@@]1([C@@H](C)OP(=O)(O)O)NC(=O)[C@H](CO)NC(=O)[C@H](Cc2c[nH]cn2)NC(=O)[C@H](CC(C)C)NC(=O)CN(CCC(=O)NCCc2cn(C(C)=O)c3ccccc23)C(=O)CSC[C@H](C(N)=O)NC1=O,Serine/threonine-protein kinase PLK1
CC(=O)N1CCC[C@H]1C(=O)N[C@@H](CC(C)C)C(=O)N[C@@H](Cc1cncn1CCCCCCO/N=C/c1ccc(COc2c(F)c(F)cc(F)c2F)s1)C(=O)N[C@@H](CO)C(=O)N[C@H](C(N)=O)[C@@H](C)OP(=O)(O)O,Serine/threonine-protein kinase PLK1
CC(=O)N1CCC[C@H]1C(=O)N[C@@H](CC(C)C)C(=O)N[C@@H](Cc1cncn1CCCCCCCCc1ccccc1)C(=O)N[C@@H](CO)C(=O)N[C@H](C(=O)O)[C@@H](C)CS(=O)(=O)O,Serine/threonine-protein kinase PLK1
CC(=O)N1CCC[C@H]1C(=O)N[C@@H](CC(C)C)C(=O)N[C@@H](Cc1cncn1CCCCCCO/N=Cc1ccc(OCc2ccccc2)cc1)C(=O)N[C@@H](CO)C(=O)N[C@H](C(N)=O)[C@@H](C)OP(=O)(O)O,Serine/threonine-protein kinase PLK1
NC(=O)c1sc(-n2cnc3ccccc32)cc1OCc1ccc(Cl)cc1,Serine/threonine-protein kinase PLK1
C[C@@H](Oc1cc(-c2cnc3ccccn23)sc1C(N)=O)c1ccc(CN2CCS(=O)(=O)CC2)cc1Cl,Serine/threonine-protein kinase PLK1
CNC(=O)CSc1ncnc2sc(C)cc12,Serine/threonine-protein kinase PLK1
COc1ccc2ncn(-c3cc(OCc4ccccc4C(F)(F)F)c(C(N)=O)s3)c2c1,Serine/threonine-protein kinase PLK1
CC(C)(C)Nc1c(Nc2ccnc(Nc3ccc(-c4cccnc4)cc3)n2)c(=O)c1=O,Serine/threonine-protein kinase PLK1
[H][C@@]1([C@@H](C)OP(=O)(O)O)NC(=O)[C@H](CO)NC(=O)[C@H](Cc2cnc[nH]2)NC(=O)[C@H](CC(C)C)NC(=O)CSC[C@@]([H])(C(=O)O)NC1=O,Serine/threonine-protein kinase PLK1
CC(Sc1ccccc1F)C(=O)Nc1cccc(S(=O)(=O)N2CCOCC2)c1,Serine/threonine-protein kinase PLK1
COc1ccc(S(=O)(=O)N2CCOCC2)cc1NC(=O)C1CC(=O)N(c2ccc3c(c2)OCCO3)C1,Serine/threonine-protein kinase PLK1
CNC(=O)c1cc(-c2cccc(OC)c2)n[nH]1,Serine/threonine-protein kinase PLK1
Cc1ccccc1-n1nc(C)c2cnc(N[C@@H](C)c3ccccc3)cc21,Serine/threonine-protein kinase PLK1
CCn1c(=O)/c(=CNc2ccc(CCN3CCCC3)cc2)s/c1=C(/C#N)C(=O)NCC(F)(F)F,Serine/threonine-protein kinase PLK1
C=NOCCCCn1cncc1C[C@H](NC(=O)[C@H](CC(C)C)NC(=O)[C@@H]1CCCN1C(C)=O)C(=O)N[C@@H](CO)C(=O)N[C@H](C(N)=O)[C@@H](C)OP(=O)(O)O,Serine/threonine-protein kinase PLK1
CC(=O)N1CCC[C@H]1C(=O)N[C@@H](CC(C)C)C(=O)N[C@@H](Cc1cncn1CCCCCCO/N=C/c1cc(Cc2ccccc2)no1)C(=O)N[C@@H](CO)C(=O)N[C@H](C(N)=O)[C@@H](C)OP(=O)(O)O,Serine/threonine-protein kinase PLK1
COc1ccc(Nc2ncc3c(C)nc(-c4ccccc4)n3n2)cc1,Serine/threonine-protein kinase PLK1
Cc1cc(C)cc(C(=O)N[C@@H](C)C(=O)N2CCC3(CC2)NCCc2[nH]cnc23)c1,Serine/threonine-protein kinase PLK1
CC(=O)N1CCC[C@H]1C(=O)N[C@@H](CC(C)C)C(=O)N[C@@H](Cc1cncn1CCCCCO/N=C/c1cn(Cc2ccc(Cl)cc2)nn1)C(=O)N[C@@H](CO)C(=O)N[C@H](C(N)=O)[C@@H](C)OP(=O)(O)O,Serine/threonine-protein kinase PLK1
C=C[C@@]1(F)CN(C2CCCC2)c2nc(Nc3ccc(C(=O)NN4CCN(C)CC4)cc3OC)ncc2N(C)C1=O,Serine/threonine-protein kinase PLK1
CC(=O)N1CCC[C@H]1C(=O)N[C@@H](CC(C)C)C(=O)N[C@@H](Cc1cncn1CCCCCCO/N=C/c1cccn1-c1sc2c(c1C(=O)O)CCCC2)C(=O)N[C@@H](CO)C(=O)N[C@H](C(N)=O)[C@@H](C)OP(=O)(O)O,Serine/threonine-protein kinase PLK1
O=C(/C=C/c1ccccc1)NNC(=O)c1ccc2c(c1)OCCO2,Serine/threonine-protein kinase PLK1
[H][C@@]1([C@@H](C)OP(=O)(O)O)NC(=O)[C@H](CO)NC(=O)[C@H](Cc2c[nH]cn2)NC(=O)[C@H](CC(C)C)NC(=O)CN(CCCCc2ccccc2)C(=O)CSC[C@H](C(N)=O)NC1=O,Serine/threonine-protein kinase PLK1
Oc1c(-c2ncc(C(F)(F)F)cc2Cl)cnc2ccc(Cl)cc12,Serine/threonine-protein kinase PLK1
COc1cc(C(=O)NC2CCN(C)CC2)ccc1Nc1ncc2c(n1)N(C1CCCC1)CC(F)(F)C(=O)N2C,Serine/threonine-protein kinase PLK1
COc1ccc(NC(=O)CSc2ccc(NC(C)=O)cc2)cc1S(=O)(=O)N1CCOCC1,Serine/threonine-protein kinase PLK1
C[C@@H](Nc1c(Nc2ccnc(Nc3ccc(Oc4ccccc4)cc3)n2)c(=O)c1=O)C(C)(C)C,Serine/threonine-protein kinase PLK1
O=C(O)Cc1cn(CC(O)CN2CCCCC2)c2ccccc12,Serine/threonine-protein kinase PLK1
CCn1c(=O)/c(=CNc2ccc(OCCN(C)C)cc2)s/c1=C(/C#N)C(=O)NCC(F)F,Serine/threonine-protein kinase PLK1
CC(=O)N1CCC[C@H]1C(=O)N[C@@H](CC(C)C)C(=O)N[C@@H](Cc1cncn1CCCCCO/N=C/c1cccn1-c1sc2c(c1C(=O)O)CCCC2)C(=O)N[C@@H](CO)C(=O)N[C@H](C(N)=O)[C@@H](C)OP(=O)(O)O,Serine/threonine-protein kinase PLK1
COCCN(C(=O)COC(=O)CCSc1ccc(F)cc1)c1c(N)n(Cc2ccccc2)c(=O)[nH]c1=O,Serine/threonine-protein kinase PLK1
CC(=O)N1CCC[C@H]1C(=O)N[C@@H](CC(C)C)C(=O)N[C@@H](Cc1cncn1CCCCCO/N=C/c1sccc1-n1cccc1)C(=O)N[C@@H](CO)C(=O)N[C@H](C(N)=O)[C@@H](C)OP(=O)(O)O,Serine/threonine-protein kinase PLK1
C[C@H](Nc1cc2c(C3CCCN(CCC(N)=O)C3)noc2cn1)c1ccccc1,Serine/threonine-protein kinase PLK1
NS(=O)(=O)c1ccc(NC(=S)NC(=O)c2ccccc2)c(I)c1,Serine/threonine-protein kinase PLK1
CNC(=O)c1ccc(OC)cc1,Serine/threonine-protein kinase PLK1
[H][C@@]1([C@@H](C)OP(=O)(O)O)NC(=O)[C@H](CO)NC(=O)[C@H](Cc2c[nH]cn2)NC(=O)[C@H](CC(C)C)NC(=O)CN(CCC(=O)NCCc2c[nH]c3ccccc23)C(=O)CSC[C@H](C(N)=O)NC1=O,Serine/threonine-protein kinase PLK1
O=C(O)CCCCC/N=C/c1c(O)oc2ccccc2c1=O,Serine/threonine-protein kinase PLK1
[H][C@@]1([C@@H](C)OP(=O)(O)O)NC(=O)[C@H](CO)NC(=O)CN(CCc2c[nH]c3ccccc23)C(=O)CSC[C@@]([H])(C(=O)O)NC1=O,Serine/threonine-protein kinase PLK1
CC(=O)N1CCC[C@H]1C(=O)N[C@@H](CC(C)C)C(=O)N[C@@H](Cc1cncn1CCCCCO/N=C/C(C)=C/c1ccccc1)C(=O)N[C@@H](CO)C(=O)N[C@H](C(N)=O)[C@@H](C)OP(=O)(O)O,Serine/threonine-protein kinase PLK1
CCC(/C=N/OCCCCCCn1cncc1C[C@H](NC(=O)[C@H](CC(C)C)NC(=O)[C@@H]1CCCN1C(C)=O)C(=O)N[C@@H](CO)C(=O)N[C@H](C(N)=O)[C@@H](C)OP(=O)(O)O)CC,Serine/threonine-protein kinase PLK1
CC(=O)N1CCC[C@H]1C(=O)N[C@@H](CC(C)C)C(=O)N[C@@H](Cc1cncn1CCCCCO/N=C/c1cc(C)n(-c2ccc(C(=O)O)cc2)c1C)C(=O)N[C@@H](CO)C(=O)N[C@H](C(N)=O)[C@@H](C)OP(=O)(O)O,Serine/threonine-protein kinase PLK1
C[C@@H](Oc1cc(-c2cnc3ccccn23)sc1C(N)=O)c1ccc(CN2CCC(O)CC2)cc1Cl,Serine/threonine-protein kinase PLK1
CC(=O)N1CCC[C@H]1C(=O)N[C@@H](CC(C)C)C(=O)N[C@@H](Cc1cncn1CCCCCCO/N=C/c1cc(C)n(-c2ccc(C(=O)O)cc2)c1C)C(=O)N[C@@H](CO)C(=O)N[C@H](C(N)=O)[C@@H](C)OP(=O)(O)O,Serine/threonine-protein kinase PLK1
COCC(=O)Nc1cc([N+](=O)[O-])ccc1C,Serine/threonine-protein kinase PLK1
COC(=O)c1cc(S(=O)(=O)NCc2ccccc2)cn1C,Serine/threonine-protein kinase PLK1
Cc1nc(-c2ccccc2)n2nc(NC3CCCCC3)ncc12,Serine/threonine-protein kinase PLK1
CC[C@@H]1c2c(C#N)ncn2-c2cnc(Nc3cc(F)c(C(=O)NC4CN(C)C4)cc3OC)nc2N1C(C)C,Serine/threonine-protein kinase PLK1
Cc1cccc(NS(=O)(=O)c2c(C(=O)N3CCOCC3)c(C)n(C)c2C)c1C,Serine/threonine-protein kinase PLK1
C[C@@H](Oc1cc(-n2cnc3cc(-c4cn[nH]c4)ccc32)sc1C(N)=O)c1ccccc1C(F)(F)F,Serine/threonine-protein kinase PLK1
[H][C@@]1([C@@H](C)OP(=O)(O)O)NC(=O)[C@H](CO)NC(=O)[C@H](Cc2cnc[nH]2)NC(=O)[C@H](CC(C)C)NC(=O)[C@H](CCC(N)=O)NC1=O,Serine/threonine-protein kinase PLK1
CC(=O)N1CCC[C@H]1C(=O)N[C@@H](CC(C)C)C(=O)N[C@@H](Cc1cncn1CCCCCO/N=C/c1cc(C)n(-c2cc(C)on2)c1C)C(=O)N[C@@H](CO)C(=O)N[C@H](C(N)=O)[C@@H](C)OP(=O)(O)O,Serine/threonine-protein kinase PLK1
COc1ccccc1-c1nc(C)c2cnc(Nc3cc(OC)c(OC)c(OC)c3)nn12,Serine/threonine-protein kinase PLK1
C[C@@H](Nc1c(Nc2ccnc(Nc3ccc4c(c3)OCO4)n2)c(=O)c1=O)C(C)(C)C,Serine/threonine-protein kinase PLK1
CC(=O)N1CCC[C@H]1C(=O)N[C@@H](CC(C)C)C(=O)N[C@@H](Cc1cncn1CCCCCO/N=C/c1c(C)nn(-c2ccccc2Cl)c1Cl)C(=O)N[C@@H](CO)C(=O)N[C@H](C(N)=O)[C@@H](C)OP(=O)(O)O,Serine/threonine-protein kinase PLK1
Cc1nn(-c2cc(Cl)cc(CCC(N)=O)c2)c2cc(N[C@@H](C)c3ccccc3)ncc12,Serine/threonine-protein kinase PLK1
CC(=O)N1CCC[C@H]1C(=O)N[C@@H](CC(C)C)C(=O)N[C@@H](Cc1cncn1CCCCCCO/N=C/c1ccc(-c2nc3ccccc3n2C)s1)C(=O)N[C@@H](CO)C(=O)N[C@H](C(N)=O)[C@@H](C)OP(=O)(O)O,Serine/threonine-protein kinase PLK1
CC(=O)N1CCC[C@H]1C(=O)N[C@@H](CC(C)C)C(=O)N[C@@H](Cc1cncn1CCCCCCO/N=C/c1ncc(N(C)Cc2ccccc2)s1)C(=O)N[C@@H](CO)C(=O)N[C@H](C(N)=O)[C@@H](C)OP(=O)(O)O,Serine/threonine-protein kinase PLK1
Cc1cc(-c2ccc(CCC(=O)O)cc2)c(OCCO)c(-c2ccc(CCC(=O)O)cc2)c1,Serine/threonine-protein kinase PLK1
CC(=O)N(c1ccccc1)c1csc(/C=NOCCCCn2cncc2C[C@H](NC(=O)[C@H](CC(C)C)NC(=O)[C@@H]2CCCN2C(C)=O)C(=O)N[C@@H](CO)C(=O)N[C@H](C(N)=O)[C@@H](C)OP(=O)(O)O)n1,Serine/threonine-protein kinase PLK1
CC(Nc1ncc(C#N)c(N2CCc3ccccc3C2)n1)c1ccccc1,Serine/threonine-protein kinase PLK1
CCOC(=O)CNC(=O)C(CO)NC(=O)OCc1ccccc1,Serine/threonine-protein kinase PLK1
CC(=O)N1CCC[C@H]1C(=O)N[C@@H](CC(C)C)C(=O)N[C@@H](CCCNC(=O)CCCCCCCc1ccccc1)C(=O)N[C@@H](CO)C(=O)N[C@H](C(N)=O)[C@@H](C)OP(=O)(O)O,Serine/threonine-protein kinase PLK1
C[C@@H](Nc1c(Nc2ccnc(Nc3ccc(F)cc3)n2)c(=O)c1=O)C(C)(C)C,Serine/threonine-protein kinase PLK1
C=C[C@@]1(F)CN(C2CCCC2)c2nc(Nc3ccc(C(=O)NC4CCN(C)CC4)cc3OC)ncc2N(C)C1=O,Serine/threonine-protein kinase PLK1
Cc1cc(-c2ccc(C(=O)O)cc2)c(O)c(-c2ccc(C(=O)O)cc2)c1,Serine/threonine-protein kinase PLK1
CC(C)(C)Nc1c(Nc2ccnc(Nc3ccc(-c4cn[nH]c4)cc3)n2)c(=O)c1=O,Serine/threonine-protein kinase PLK1
NC(=O)c1sc(-c2cnc(NC(=O)c3ccccc3)s2)cc1OCc1ccccc1C(F)(F)F,Serine/threonine-protein kinase PLK1
CNC(=O)c1cccc2ccccc12,Serine/threonine-protein kinase PLK1
CC(=O)N1CCC[C@H]1C(=O)N[C@@H](CC(C)C)C(=O)N[C@@H](Cc1cncn1CCCCCO/N=C/c1ccc(-c2cccc([N+](=O)[O-])c2)n1C)C(=O)N[C@@H](CO)C(=O)N[C@H](C(N)=O)[C@@H](C)OP(=O)(O)O,Serine/threonine-protein kinase PLK1
CNC(=O)c1cn(S(=O)(=O)c2ccccc2)c2ccccc12,Serine/threonine-protein kinase PLK1
CNC(=O)Cc1ccc(-c2cc(C)cc(-c3ccc(CC(=O)NC)cc3)c2OCCO)cc1,Serine/threonine-protein kinase PLK1
COc1ccc(CO)cc1Nc1ncc2c(n1)-c1c(c(C(N)=O)nn1C)CC2,Serine/threonine-protein kinase PLK1
COc1cc2ncn(-c3cc(OCc4ccncc4)c(C(N)=O)s3)c2cc1OC,Serine/threonine-protein kinase PLK1
CC(=O)N1CCC[C@H]1C(=O)N[C@@H](CC(C)C)C(=O)N[C@@H](Cc1cncn1CCCCO/N=C/CCCc1ccccc1)C(=O)N[C@@H](CO)C(=O)N[C@H](C(N)=O)[C@@H](C)OP(=O)(O)O,Serine/threonine-protein kinase PLK1
Cn1c(OCc2ccc3c(c2)OCO3)nc2c1c(=O)n(Cc1cccc(Cl)c1)c(=O)n2C,Serine/threonine-protein kinase PLK1
Cc1nn(-c2cc(Cl)cc(CCC(=O)O)c2)c2cc(N[C@@H](C)c3ccccc3)ncc12,Serine/threonine-protein kinase PLK1
CC(=O)N1CCC[C@H]1C(=O)N[C@@H](CC(C)C)C(=O)N[C@@H](Cc1cncn1CCCCCCO/N=C/c1cnc(N(C)Cc2ccccc2)s1)C(=O)N[C@@H](CO)C(=O)N[C@H](C(N)=O)[C@@H](C)OP(=O)(O)O,Serine/threonine-protein kinase PLK1
CCC(Oc1ccccc1)C(=O)NCCOC,Serine/threonine-protein kinase PLK1
CC(=O)N1CCC[C@H]1C(=O)N[C@@H](CC(C)C)C(=O)N[C@@H](Cc1cncn1CCCCCCO/N=C/C(C)=C/c1cccc([N+](=O)[O-])c1O)C(=O)N[C@@H](CO)C(=O)N[C@H](C(N)=O)[C@@H](C)OP(=O)(O)O,Serine/threonine-protein kinase PLK1
FC(F)(F)c1ccc(OC(CCNCc2ccccn2)c2ccccc2)cc1,Serine/threonine-protein kinase PLK1
[O-][n+]1c2c([n+]([O-])c3c1CCC3)CCCC2,Serine/threonine-protein kinase PLK1
[H][C@]12C[C@H](OC(=O)Nc3c(C)noc3C)[C@@]3(O)CN(S(=O)(=O)c4ccc(C)cc4)C[C@@]3([H])[C@@]1([H])C(=O)N(c1ccccc1)C2=O,Serine/threonine-protein kinase PLK1
CCC(=O)NC(=S)Nc1ccc(S(N)(=O)=O)cc1,Serine/threonine-protein kinase PLK1
[H][C@@]1([C@@H](C)OP(=O)(O)O)NC(=O)[C@H](CO)NC(=O)[C@H](Cc2c[nH]cn2)NC(=O)[C@H](CC(C)C)NC(=O)CN(Cc2ccc(F)cc2)C(=O)CSC[C@H](C(N)=O)NC1=O,Serine/threonine-protein kinase PLK1
COc1cc2ncn(-c3cc(OCc4cccc(C#N)c4)c(C(N)=O)s3)c2cc1OC,Serine/threonine-protein kinase PLK1
[H][C@@]1([C@@H](C)OP(=O)(O)O)NC(=O)[C@H](CO)NC(=O)[C@H](Cc2cnc[nH]2)NC(=O)[C@H](CC(C)C)NC(=O)[C@]2([H])CCCN2C(=O)CSC[C@@]([H])(C(=O)O)NC1=O,Serine/threonine-protein kinase PLK1
CC(=O)N1CCC[C@H]1C(=O)N[C@@H](CC(C)C)C(=O)N[C@@H](Cc1cncn1CCCCCO/N=Cc1ccccc1-c1ccc(F)cc1)C(=O)N[C@@H](CO)C(=O)N[C@H](C(N)=O)[C@@H](C)OP(=O)(O)O,Serine/threonine-protein kinase PLK1
CC(=O)N1CCC[C@H]1C(=O)N[C@@H](CC(C)C)C(=O)N[C@@H](Cc1cnc[nH]1)C(=O)N[C@@H](CO)C(=O)N1CCC[C@H]1C(=O)N[C@H](C(=O)O)[C@@H](C)OP(=O)(O)O,Serine/threonine-protein kinase PLK1
C[C@@H](Oc1cc(-n2cnc3cc(-c4ccnc(Cl)c4)ccc32)sc1C(N)=O)c1ccccc1C(F)(F)F,Serine/threonine-protein kinase PLK1
CC(=O)N1CCC[C@H]1C(=O)N[C@@H](CC(C)C)C(=O)N[C@@H](Cc1cncn1CCCCO/N=Cc1cc(Cl)ccc1OCc1cccnc1)C(=O)N[C@@H](CO)C(=O)N[C@H](C(N)=O)[C@@H](C)OP(=O)(O)O,Serine/threonine-protein kinase PLK1
C[C@@H](Nc1c(Nc2ccnc(Nc3ccc4c(c3)OCCO4)n2)c(=O)c1=O)C(C)(C)C,Serine/threonine-protein kinase PLK1
CC(=O)N1CCC[C@H]1C(=O)N[C@@H](CC(C)C)C(=O)N[C@@H](Cc1cncn1CCCCCO/N=Cc1cccn1-c1nccc(-c2cccs2)n1)C(=O)N[C@@H](CO)C(=O)N[C@H](C(N)=O)[C@@H](C)OP(=O)(O)O,Serine/threonine-protein kinase PLK1
C[C@@H](Oc1cc(-c2cnc3ccccn23)sc1C(N)=O)c1ccc(CNC(C)(C)C)cc1F,Serine/threonine-protein kinase PLK1
Cc1nc(-c2ccccc2)n2nc(Nc3ccc(OCCN(C)C)cc3)ncc12,Serine/threonine-protein kinase PLK1
C[C@@H](Oc1cc(-c2cnc3ccccn23)sc1C(N)=O)c1ccccc1CO,Serine/threonine-protein kinase PLK1
CC(=O)N1CCC[C@H]1C(=O)N[C@@H](CC(C)C)C(=O)N[C@@H](Cc1cncn1CCCCCCO/N=C/c1c(-c2ccc([N+](=O)[O-])cc2)nc2ccccn12)C(=O)N[C@@H](CO)C(=O)N[C@H](C(N)=O)[C@@H](C)OP(=O)(O)O,Serine/threonine-protein kinase PLK1
Cc1ccc(-n2nc(C)c3cnc(N[C@@H](C)c4ccccc4)cc32)cc1,Serine/threonine-protein kinase PLK1
CC(=O)N1CCC[C@H]1C(=O)N[C@@H](CC(C)C)C(=O)N[C@@H](Cc1cncn1CCCCCO/N=Cc1ccc2[nH]ccc2c1)C(=O)N[C@@H](CO)C(=O)N[C@H](C(N)=O)[C@@H](C)OP(=O)(O)O,Serine/threonine-protein kinase PLK1
C[C@@H](Oc1cc(-n2cnc3ccc(-c4ccccc4)cc32)sc1C(N)=O)c1ccccc1C(F)(F)F,Serine/threonine-protein kinase PLK1
CC(=O)N1CCC[C@H]1C(=O)N[C@@H](CC(C)C)C(=O)N[C@@H](Cc1cncn1CCCCCO/N=C/c1cccn1S(=O)(=O)c1ccc(C)cc1)C(=O)N[C@@H](CO)C(=O)N[C@H](C(N)=O)[C@@H](C)OP(=O)(O)O,Serine/threonine-protein kinase PLK1
CC(=O)Nc1nc(Br)c(/C=N/OCCCCCCn2cncc2C[C@H](NC(=O)[C@H](CC(C)C)NC(=O)[C@@H]2CCCN2C(C)=O)C(=O)N[C@@H](CO)C(=O)N[C@H](C(N)=O)[C@@H](C)OP(=O)(O)O)s1,Serine/threonine-protein kinase PLK1
CC(=O)N1CCC[C@H]1C(=O)N[C@@H](CC(C)C)C(=O)N[C@@H](Cc1cncn1CCCCCO/N=C/c1cnn(Cc2ccccc2Cl)c1)C(=O)N[C@@H](CO)C(=O)N[C@H](C(N)=O)[C@@H](C)OP(=O)(O)O,Serine/threonine-protein kinase PLK1
[H][C@@]1([C@@H](C)OP(=O)(O)O)NC(=O)[C@H](CO)NC(=O)[C@H](Cc2cnc[nH]2)NC(=O)[C@H](CC(C)C)NC(=O)CSC[C@@]([H])(C(=O)O)NC(=O)[C@H](C)NC1=O,Serine/threonine-protein kinase PLK1
O=C(O)c1cc([N+](=O)[O-])cc2ccccc12,Serine/threonine-protein kinase PLK1
CC1=CC(=O)C(C(C)C)=C/C1=N/OC(=O)c1ccccc1C,Serine/threonine-protein kinase PLK1
[H][C@@]1([C@@H](C)OP(=O)(O)O)NC(=O)[C@H](CO)NC(=O)[C@H](Cc2c[nH]cn2)NC(=O)[C@H](CC(C)C)NC(=O)CN(CCc2ccccc2)C(=O)CSC[C@H](C(N)=O)NC1=O,Serine/threonine-protein kinase PLK1
Cc1nn(-c2cccc(F)c2)c2cc(N[C@@H](C)c3ccccc3)ncc12,Serine/threonine-protein kinase PLK1
O=C(c1sc2c([N+](=O)[O-])cc(C(F)(F)F)cc2[n+]1[O-])N1CCCC1,Serine/threonine-protein kinase PLK1
C[C@H](Nc1cc2c(Cc3ccccc3)noc2cn1)c1ccccc1,Serine/threonine-protein kinase PLK1
COc1cc(N(C)CCCO)ccc1Nc1ncc2c(n1)N(C1CCCC1)CCC(=O)N2C,Serine/threonine-protein kinase PLK1
CC(=O)N1CCC[C@H]1C(=O)N[C@@H](CC(C)C)C(=O)N[C@@H](Cc1cncn1CCCCO/N=C/c1cn(Cc2ccc(Cl)cc2)nn1)C(=O)N[C@@H](CO)C(=O)N[C@H](C(N)=O)[C@@H](C)OP(=O)(O)O,Serine/threonine-protein kinase PLK1
Cc1cc(-c2ccc(-c3nnn[nH]3)cc2)c(OCCO)c(-c2ccc(-c3nnn[nH]3)cc2)c1,Serine/threonine-protein kinase PLK1
Cc1cc(S(=O)(=O)NCC(=O)O)ccc1F,Serine/threonine-protein kinase PLK1
CC(=O)N(c1ccccc1)c1nc(/C=N/OCCCCCn2cncc2C[C@H](NC(=O)[C@H](CC(C)C)NC(=O)[C@@H]2CCCN2C(C)=O)C(=O)N[C@@H](CO)C(=O)N[C@H](C(N)=O)[C@@H](C)OP(=O)(O)O)cs1,Serine/threonine-protein kinase PLK1
CC(C)(C)Nc1c(Nc2ccnc(Nc3ccc(-c4ccccc4)cc3)n2)c(=O)c1=O,Serine/threonine-protein kinase PLK1
Cc1cc(-c2ccc(C(=O)O)cc2)c(OCCO)c(-c2ccc(C(=O)O)cc2)c1,Serine/threonine-protein kinase PLK1
CC(=O)N1CCC[C@H]1C(=O)N[C@@H](CC(C)C)C(=O)N[C@@H](Cc1cncn1CCCCCO/N=C/c1cn(-c2ccccc2)nn1)C(=O)N[C@@H](CO)C(=O)N[C@H](C(N)=O)[C@@H](C)OP(=O)(O)O,Serine/threonine-protein kinase PLK1
Cc1ccc(-c2noc3cnc(N[C@@H](C)c4ccccc4)cc23)cc1,Serine/threonine-protein kinase PLK1
C[C@@H](Oc1cc(-c2cnc3ccccn23)sc1C(N)=O)c1ccc(CNCCCO)cc1Cl,Serine/threonine-protein kinase PLK1
COc1cc([N+](=O)[O-])ccc1-n1c(C)cc(/C=N/OCCCCCn2cncc2C[C@H](NC(=O)[C@H](CC(C)C)NC(=O)[C@@H]2CCCN2C(C)=O)C(=O)N[C@@H](CO)C(=O)N[C@H](C(N)=O)[C@@H](C)OP(=O)(O)O)c1C,Serine/threonine-protein kinase PLK1
Cc1cc(C)cc(-n2nc(C)c3cnc(N[C@@H](C)c4ccccc4)cc32)c1,Serine/threonine-protein kinase PLK1
O=C(Nc1c(O)n[nH]c1-c1ccccc1)c1ccc2c(c1)OCO2,Serine/threonine-protein kinase PLK1
CCCOc1ccc(C(=O)NC)cc1,Serine/threonine-protein kinase PLK1
[H][C@@]1([C@@H](C)OP(=O)(O)O)NC(=O)[C@H](CO)NC(=O)[C@H](Cc2c[nH]cn2)NC(=O)CN(CC(C)C)C(=O)CN(C(C)c2ccccc2)C(=O)CSC[C@H](C(N)=O)NC1=O,Serine/threonine-protein kinase PLK1
CC(=O)N1CCC[C@H]1C(=O)N[C@@H](CC(C)C)C(=O)N[C@@H](Cc1cncn1CCCCCCO/N=C/c1ccc(OC(=O)c2ccc3c(c2)OCO3)cc1)C(=O)N[C@@H](CO)C(=O)N[C@H](C(N)=O)[C@@H](C)OP(=O)(O)O,Serine/threonine-protein kinase PLK1
CC(=O)N1CCC[C@H]1C(=O)N[C@@H](CC(C)C)C(=O)N[C@@H](Cc1cncn1CCCCO/N=Cc1ccc(C(C#N)c2ccccc2C#N)n1C)C(=O)N[C@@H](CO)C(=O)N[C@H](C(N)=O)[C@@H](C)OP(=O)(O)O,Serine/threonine-protein kinase PLK1
CC(=O)NC(=S)Nc1ccc(S(=O)(=O)NC(C)=O)cc1,Serine/threonine-protein kinase PLK1
COc1ccc(Nc2nccc(Nc3c(N[C@H](C)C(C)(C)C)c(=O)c3=O)n2)c(OC)c1,Serine/threonine-protein kinase PLK1
COc1ccc(/C=N/OCCCCCCn2cncc2C[C@H](NC(=O)[C@H](CC(C)C)NC(=O)[C@@H]2CCCN2C(C)=O)C(=O)N[C@@H](CO)C(=O)N[C@H](C(N)=O)[C@@H](C)OP(=O)(O)O)cc1Cn1cccn1,Serine/threonine-protein kinase PLK1
CCCNc1ccc(C(=O)NC)cc1,Serine/threonine-protein kinase PLK1
CC1CCCCC1c1noc2cnc(N[C@@H](C)c3ccccc3)cc12,Serine/threonine-protein kinase PLK1
Cc1cc(Br)cn2c(Cc3ccsc3)c(C3CCCCC3)nc12,Serine/threonine-protein kinase PLK1
CC(=O)Nc1cccc(-c2ccnc(Nc3ccc(O)cc3)n2)c1,Serine/threonine-protein kinase PLK1
COc1cc2ncn(-c3cc(OCC4CCCCC4)c(C(N)=O)s3)c2cc1OC,Serine/threonine-protein kinase PLK1
CCN(CC)CC(O)Cn1cc(C(=O)O)c2ccccc21,Serine/threonine-protein kinase PLK1
CC(=O)N1CCC[C@H]1C(=O)N[C@@H](CC(C)C)C(=O)N[C@@H](Cc1cncn1CCCCCO/N=C/c1c(C)nn(C(=O)OC(C)(C)C)c1C)C(=O)N[C@@H](CO)C(=O)N[C@H](C(N)=O)[C@@H](C)OP(=O)(O)O,Serine/threonine-protein kinase PLK1
O=C(/C=C/c1cccc([N+](=O)[O-])c1)NNC(=O)c1ccc2c(c1)OCCO2,Serine/threonine-protein kinase PLK1
CC(=O)N1CCC[C@H]1C(=O)N[C@@H](CC(C)C)C(=O)N[C@@H](Cc1cncn1CCCCCO/N=C/CCCc1ccccc1)C(=O)N[C@@H](CO)C(=O)N[C@H](C(N)=O)[C@@H](C)OP(=O)(O)O,Serine/threonine-protein kinase PLK1
CC(=O)Nc1ccc2nc(SCC(=O)N3CCOCC3)sc2c1,Serine/threonine-protein kinase PLK1
CC(=O)N(c1ccccc1)c1nc(/C=NOCCCCCCn2cncc2C[C@H](NC(=O)[C@H](CC(C)C)NC(=O)[C@@H]2CCCN2C(C)=O)C(=O)N[C@@H](CO)C(=O)N[C@H](C(N)=O)[C@@H](C)OP(=O)(O)O)cs1,Serine/threonine-protein kinase PLK1
CC(=O)N1CCC[C@H]1C(=O)N[C@@H](CC(C)C)C(=O)N[C@@H](Cc1cncn1CCCCCO/N=C/c1ccc(C(C#N)c2ccccc2C#N)n1C)C(=O)N[C@@H](CO)C(=O)N[C@H](C(N)=O)[C@@H](C)OP(=O)(O)O,Serine/threonine-protein kinase PLK1
CNC(=O)c1cc(OC)c2c(c1)OCCO2,Serine/threonine-protein kinase PLK1
CC(=O)N1CCC[C@H]1C(=O)N[C@@H](CC(C)C)C(=O)N[C@@H](Cc1cncn1CCCCCCO/N=C/c1cccc(-n2cccc2)c1)C(=O)N[C@@H](CO)C(=O)N[C@H](C(N)=O)[C@@H](C)OP(=O)(O)O,Serine/threonine-protein kinase PLK1
Cc1ccccc1COc1cc(-n2cnc3ccc(Cl)cc32)sc1C(N)=O,Serine/threonine-protein kinase PLK1
CCCCc1nnc(NC(=O)CCSc2ccccc2)s1,Serine/threonine-protein kinase PLK1
COc1ccc(S(=O)(=O)N(C)C[C@H]2OCc3cn(nn3)CCCC(=O)N([C@@H](C)CO)C[C@@H]2C)cc1,Serine/threonine-protein kinase PLK1
COc1cc([N+](=O)[O-])ccc1C/C=N/OCCCCCCn1cncc1C[C@H](NC(=O)[C@H](CC(C)C)NC(=O)[C@@H]1CCCN1C(C)=O)C(=O)N[C@@H](CO)C(=O)N[C@H](C(N)=O)[C@@H](C)OP(=O)(O)O,Serine/threonine-protein kinase PLK1
Cc1cccc(COc2cc(-n3cnc4ccccc43)sc2C(N)=O)c1,Serine/threonine-protein kinase PLK1
Cc1ccccc1CC1(CO)CCCN(Cc2c[nH]nc2-c2ccccc2)C1,Serine/threonine-protein kinase PLK1
CC(=O)N1CCC[C@H]1C(=O)N[C@@H](CC(C)C)C(=O)N[C@@H](Cc1cncn1CCCCCCO/N=Cc1cccn1-c1nccc(-c2cccs2)n1)C(=O)N[C@@H](CO)C(=O)N[C@H](C(N)=O)[C@@H](C)OP(=O)(O)O,Serine/threonine-protein kinase PLK1
CC(=O)N1CCC[C@H]1C(=O)N[C@@H](CC(C)C)C(=O)N[C@@H](Cc1cncn1CCCCCO/N=C/c1cn(C)nc1-c1ccc2c(c1)OCCCO2)C(=O)N[C@@H](CO)C(=O)N[C@H](C(N)=O)[C@@H](C)OP(=O)(O)O,Serine/threonine-protein kinase PLK1
CC(=O)N1CCC[C@H]1C(=O)N[C@@H](CC(C)C)C(=O)N[C@@H](CCC(=O)NCCCCCCCc1ccccc1)C(=O)N[C@@H](CO)C(=O)N[C@H](C(N)=O)[C@@H](C)OP(=O)(O)O,Serine/threonine-protein kinase PLK1
CCc1ccc(C(=O)NC)cc1,Serine/threonine-protein kinase PLK1
CC(=O)N(c1ccccc1)c1csc(/C=N/OCCCCCCn2cncc2C[C@H](NC(=O)[C@H](CC(C)C)NC(=O)[C@@H]2CCCN2C(C)=O)C(=O)N[C@@H](CO)C(=O)N[C@H](C(N)=O)[C@@H](C)OP(=O)(O)O)n1,Serine/threonine-protein kinase PLK1
N#Cc1sc2c([N+](=O)[O-])cc(C(F)(F)F)cc2[n+]1[O-],Serine/threonine-protein kinase PLK1
CCCc1ccc(C(=O)NC)cc1,Serine/threonine-protein kinase PLK1
O=NN(Cc1cccnc1)C(=O)NC1CCCCC1,Serine/threonine-protein kinase PLK1
O=C(Cc1cccc(F)c1)N1CCOCC1,Serine/threonine-protein kinase PLK1
C[C@@H](Oc1cc(-c2cnc3ccccn23)sc1C(N)=O)c1ccccc1Cl,Serine/threonine-protein kinase PLK1
CC(=O)N1CCC[C@H]1C(=O)N[C@@H](CC(C)C)C(=O)N[C@@H](Cc1cncn1CCCCCCO/N=C/c1cn(CCC#N)nc1-c1cccc(Br)c1)C(=O)N[C@@H](CO)C(=O)N[C@H](C(N)=O)[C@@H](C)OP(=O)(O)O,Serine/threonine-protein kinase PLK1
CC[C@@H]1c2c(C(N)=O)ncn2-c2cnc(Nc3ccc(C(=O)NC4CCN(C)CC4)cc3OC)nc2N1C1CCCC1,Serine/threonine-protein kinase PLK1
CC(=O)N1CCC[C@H]1C(=O)N[C@@H](CC(C)C)C(=O)N[C@@H](Cc1cncn1CCCCCCO/N=C/c1cn(-c2ccccc2)nc1-c1ccc(C)o1)C(=O)N[C@@H](CO)C(=O)N[C@H](C(N)=O)[C@@H](C)OP(=O)(O)O,Serine/threonine-protein kinase PLK1
CC(=O)N1CCC[C@H]1C(=O)N[C@@H](CC(C)C)C(=O)N[C@@H](Cc1cncn1CCCCCCCCc1ccccc1)C(=O)N[C@@H](CO)C(=O)N[C@H](C(=O)O)[C@@H](C)CC(=O)O,Serine/threonine-protein kinase PLK1
C[C@@H](Oc1cc(-c2cnc3ccccn23)sc1C(N)=O)c1ccc(CNC(C)(C)C)cc1C(F)F,Serine/threonine-protein kinase PLK1
C[C@@H](Oc1cc(-n2cnc3cc(-c4cnc(N)nc4)ccc32)sc1C(N)=O)c1ccccc1C(F)(F)F,Serine/threonine-protein kinase PLK1
CC(=O)N(c1ccccc1)c1nc(/C=NOCCCCCn2cncc2C[C@H](NC(=O)[C@H](CC(C)C)NC(=O)[C@@H]2CCCN2C(C)=O)C(=O)N[C@@H](CO)C(=O)N[C@H](C(N)=O)[C@@H](C)OP(=O)(O)O)cs1,Serine/threonine-protein kinase PLK1
CNC(=O)c1ccc(SC)cc1,Serine/threonine-protein kinase PLK1
CCOC(=O)c1ncn2c1[C@@H](CC)N(C1CCCC1)c1nc(Nc3ccc(C(=O)NC4CCN(C)CC4)cc3OC)ncc1-2,Serine/threonine-protein kinase PLK1
[H][C@@]1([C@@H](C)OP(=O)(O)O)NC(=O)[C@H](CO)NC(=O)[C@H](Cc2c[nH]cn2)NC(=O)[C@H](CC(C)C)NC(=O)CN(CCCCC(=O)NCCc2cn(C(C)=O)c3ccccc23)C(=O)CSC[C@H](C(N)=O)NC1=O,Serine/threonine-protein kinase PLK1
C[C@@H](Oc1cc(-c2cnc3ccccn23)sc1C(N)=O)c1ccc(CN2CCN(C)CC2)cc1Cl,Serine/threonine-protein kinase PLK1
COc1ccc(NS(=O)(=O)c2cccc(C(=O)N3CCOCC3)c2)cc1,Serine/threonine-protein kinase PLK1
Cc1ccc(-n2nc3c(=O)n(CC(=O)NC4CCCCCC4)nc(C)c3c2C)cc1,Serine/threonine-protein kinase PLK1
C#CCN(C[C@@H]1[C@@H](OC(=O)NC2CC2)[C@@H](OC(=O)NC2CC2)CN(C(=O)OC(C)C)N1C(=O)OC(C)C)S(=O)(=O)c1ccc(C)cc1,Serine/threonine-protein kinase PLK1
CC(=O)N1CCC[C@H]1C(=O)N[C@@H](CC(C)C)C(=O)N[C@@H](Cc1cncn1CCCCCCO/N=C/c1cn(C)nc1-c1ccc2c(c1)OCCCO2)C(=O)N[C@@H](CO)C(=O)N[C@H](C(N)=O)[C@@H](C)OP(=O)(O)O,Serine/threonine-protein kinase PLK1
CN(C(=O)C1CCCCN1S(=O)(=O)c1ccccc1)c1ccccc1,Serine/threonine-protein kinase PLK1
C[C@@H](Oc1cc(-c2cnc3ccccn23)sc1C(N)=O)c1ccc(CO)cc1Cl,Serine/threonine-protein kinase PLK1
CC(=O)N1CCC[C@H]1C(=O)N[C@@H](CC(C)C)C(=O)N[C@@H](Cc1cncn1CCCCCCO/N=Cc1ccccc1-c1ccc(F)cc1)C(=O)N[C@@H](CO)C(=O)N[C@H](C(N)=O)[C@@H](C)OP(=O)(O)O,Serine/threonine-protein kinase PLK1
Cc1ccc(/C=C/C(=O)NNC(=O)c2ccc3c(c2)OCCO3)cc1,Serine/threonine-protein kinase PLK1
C=CCOC(=O)/C(C#N)=C1SC(CNc2ccc(C(C)=O)cc2)C(=O)N1CC,Serine/threonine-protein kinase PLK1
CNC(=O)c1cc(-c2ccccc2)c(C(F)(F)F)s1,Serine/threonine-protein kinase PLK1
CC(=O)N1CCC[C@H]1C(=O)N[C@@H](CC(C)C)C(=O)N[C@@H](Cc1cncn1CCCCO/N=Cc1ccc2[nH]ccc2c1)C(=O)N[C@@H](CO)C(=O)N[C@H](C(N)=O)[C@@H](C)OP(=O)(O)O,Serine/threonine-protein kinase PLK1
CCCCCC/C=N/OCCCCCCn1cncc1C[C@H](NC(=O)[C@H](CC(C)C)NC(=O)[C@@H]1CCCN1C(C)=O)C(=O)N[C@@H](CO)C(=O)N[C@H](C(N)=O)[C@@H](C)OP(=O)(O)O,Serine/threonine-protein kinase PLK1
