smiles,targetname
CS(=O)(=O)N1CCc2c(c(-c3ccc(C(F)(F)F)c(SCCN4CCCCC4)c3)nn2CC(O)CN2CCOCC2)C1,Cathepsin S
O=C(CO)N1CCc2c(c(-c3ccc(Cl)c(C#Cc4ccc(Cl)cc4)c3)nn2CCCN2CCOCC2)C1,Cathepsin S
CC(=O)N1CCc2c(c(-c3ccc(Br)cc3)nn2CC(O)CN2CCC(n3c(O)nc4cc(Cl)c(Cl)cc43)CC2)C1,Cathepsin S
CS(=O)(=O)N1CCc2c(c(-c3ccc(Cl)c(C#Cc4cccc(C(F)(F)F)c4)c3)nn2CCCN2CCOCC2)C1,Cathepsin S
CS(=O)(=O)N1CCc2c(c(-c3ccc(C(F)(F)F)c(SCC(=O)N4CCC(O)C4)c3)nn2CCCN2CCC(N3CCCC3=O)CC2)C1,Cathepsin S
NC(=O)N1CCc2c(c(-c3ccc(Cl)c(C#Cc4ccc(CNCc5ccc(Cl)cc5)cc4)c3)nn2CCCN2CCOCC2)C1,Cathepsin S
N#Cc1nc(-c2cnc(OCCC3CCNCC3)c(C(F)(F)F)c2)c2ccn(CC3CCOCC3)c2n1,Cathepsin S
CC(C)[C@H](NC(=O)c1ccsc1)c1cn(C2(C#N)CC2)nn1,Cathepsin S
N#Cc1nc(-c2ccc(OCC3CCNCC3)c(C(F)(F)F)c2)c2ccn(CC3CCOC3)c2n1,Cathepsin S
CS(=O)(=O)Nc1ccc(C(=O)N[C@H](c2cn(C3(C#N)CC3)nn2)C2CCCCC2)cc1,Cathepsin S
CS(=O)(=O)N1CCc2c(c(-c3ccc(Cl)c(C#Cc4ccc(CNCc5ccc(Cl)c(Cl)c5)cc4)c3)nn2CCCN2CCOCC2)C1,Cathepsin S
CS(=O)(=O)N1CCc2c(c(-c3ccc(C(F)(F)F)cc3)nn2CCCN2CCC(c3c(C(=O)NCCN4CCOCC4)sc4cc(F)ccc34)CC2)C1,Cathepsin S
Cc1nsc(N2CCC(N3CCC3C(=O)N3C[C@H](S(=O)(=O)c4ccccc4Cl)C[C@H]3C(=O)NC3(C#N)CC3)CC2)n1,Cathepsin S
Cn1cnc2c(-c3ccc(OCCC4CCN(CC(=O)N5CCC(C#N)CC5)CC4)c(C(F)(F)F)c3)nc(C#N)nc21,Cathepsin S
Cn1ccc2c(-c3ccc(OCC4CNC4)c(C(F)(F)F)c3)nc(C#N)nc21,Cathepsin S
NC(=O)N1CCc2c(c(-c3ccc(Cl)c(C#Cc4ccc(Cl)c(C(=O)N5CCNCC5)c4)c3)nn2CCCN2CCSCC2)C1,Cathepsin S
CN(C)C1CCN(CC(O)Cn2nc(-c3ccc(C(F)(F)F)c(SCCN4CCCCC4)c3)c3c2CCN(S(C)(=O)=O)C3)CC1,Cathepsin S
CC(C)(C)C[C@H](NC(=O)N1CCOCC1)C(=O)N[C@H](C#N)CCc1ccccc1,Cathepsin S
N#CC1(NC(=O)[C@@H]2C[C@@H](S(=O)(=O)c3ccccc3Cl)CN2C(=O)C2CCN2C2CCCC2)CC1,Cathepsin S
CCOc1ccc(-c2nc(C#N)nc3c2ncn3C)cc1C(F)(F)F,Cathepsin S
CCOC(=O)CNC(=O)C(=O)C(COCc1ccccc1)NC(=O)[C@H](CC1CCCCC1)NC(=O)c1cc(Cl)cc([N+](=O)[O-])c1,Cathepsin S
[H][C@@](C#N)(Cc1ccccc1)NC(=O)[C@H](CC(C)C)NC(=O)N1CCOCC1,Cathepsin S
NC(=O)C(=O)N1CCc2c(c(-c3ccc(C(F)(F)F)c(SCCN4CCC(F)CC4)c3)nn2C[C@@H](O)CN2CCCCC2)C1,Cathepsin S
COc1ccccc1C#Cc1cc(-c2nn(CCCN3CCOCC3)c3c2CN(S(C)(=O)=O)CC3)ccc1Cl,Cathepsin S
COc1ccccc1N1CCN(CCCCn2nc(-c3ccc(Cl)cc3)c3c2CCN(C(C)=O)C3)CC1,Cathepsin S
CC(C)(C)OC(=O)N1CCC(C2CCN(C[C@H](O)Cn3nc(-c4ccc(Cl)c(C#Cc5ccc(Cl)cc5)c4)c4c3CCN(S(C)(=O)=O)C4)CC2)CC1,Cathepsin S
CCC(=O)N1C[C@H](S(=O)(=O)c2ccccc2)C[C@H]1C(=O)NC(CC)C(=O)c1nc2ccccc2o1,Cathepsin S
N#CC1(n2cc([C@@H](NC(=O)c3cnco3)C3CCCCC3)nn2)CC1,Cathepsin S
Cc1c(CC(=O)O)c(=O)oc2cc(NC(=O)COc3ccccc3-c3ccc(F)c(F)c3F)ccc12,Cathepsin S
CCOC(=O)CNC(=O)C(=O)C(COCc1ccccc1)NC(=O)[C@H](CC1CCCCC1)NC(=O)Cc1cccc2ccccc12,Cathepsin S
CCN1CCC(CCOc2ncc(-c3nc(C#N)nc4c3ccn4CC(=O)N3CCOCC3)cc2C(F)(F)F)CC1,Cathepsin S
N#C[C@@]1(NC(=O)[C@@H](CC(=O)N2CCOCC2)CC2CCc3ccccc3C2)CCN(C2CCCCC2)C1,Cathepsin S
Cn1ccc2c(-c3cnc(OCC4CCNCC4)c(C(F)(F)F)c3)nc(C#N)nc21,Cathepsin S
N#C[C@@]1(NC(=O)[C@@H](CC(=O)N2CCOCC2)CC2Cc3ccccc3C2)CCN(C2CCCCC2)C1,Cathepsin S
O=C(NCc1cc(-c2ccc(=O)n(CCCN3CCCC3)n2)ccc1Cl)c1ccccc1,Cathepsin S
NC(=O)N1CCc2c(c(-c3ccc(Cl)c(C#Cc4ccc(COCc5cccnc5)cc4)c3)nn2CCCN2CCSCC2)C1,Cathepsin S
N#CC1(NC(=O)[C@@H]2C[C@@H](S(=O)(=O)c3ccc(Cl)cc3)CN2C(=O)C2(N3CCCCC3)CC2)CC1,Cathepsin S
Cn1ccc2c(-c3ccc(OCCC4CC5CCC(C4)N5)c(C(F)(F)F)c3)nc(C#N)nc21,Cathepsin S
N#CC1(n2cc([C@@H](NC(=O)C3CCCC3)C3CCCCC3)nn2)CC1,Cathepsin S
CC(C)C[C@H](NC(=O)N1CCOCC1)C(=O)N[C@H](C#N)COCc1ccccc1,Cathepsin S
CN1CCC[C@H]1C(=O)N1CCC(CCOc2ccc(-c3nc(C#N)nc4c3ccn4CC3CCOC3)cc2C#N)CC1,Cathepsin S
CC(C)C[C@H](NC(=O)N1CCOCC1)C(=O)NC(C)(C)C#N,Cathepsin S
O=C(NCc1cc(-c2ccc(=O)n(CCCN3CCC(N4CCCC4=O)CC3)n2)ccc1Cl)c1ccc(F)cc1,Cathepsin S
N#Cc1nc(N2C[C@@H](S(=O)(=O)c3ccccc3C(F)(F)F)CC2C(N)=O)cc(C(F)(F)F)n1,Cathepsin S
COc1ccccc1C1CCN(CC(O)Cn2nc(-c3ccc(C(F)(F)F)c(SCC(=O)N4CCOCC4)c3)c3c2CCNC3)CC1,Cathepsin S
CCOC(=O)CNC(=O)C(=O)C(COCc1ccccc1)NC(=O)[C@H](CC1CCCCC1)NC(=O)/C=C/c1cc(OC)ccc1OC,Cathepsin S
O=C(NCc1cc(-c2ccc(=O)n(CCCN3CCC(N4CCCC4=O)CC3)n2)ccc1Cl)c1ccccc1,Cathepsin S
N#Cc1nc(-c2ccc(OCCC3CCN(CCO)CC3)c(C(F)(F)F)c2)c2ccn(CC3CCCO3)c2n1,Cathepsin S
Cc1ccc(S(=O)(=O)[C@@H]2C[C@@H](C(=O)NC3(C#N)CC3)N(C(=O)C3(N4CCCCC4)CC3)C2)cc1,Cathepsin S
CCN1CCCC(COc2ccc(-c3nc(C#N)nc4c3ccn4C)cc2C(F)(F)F)C1,Cathepsin S
CCC(NC(=O)[C@@H]1C[C@@H](Oc2ccccc2)CN1C(C)=O)C(=O)c1nc2ccccc2o1,Cathepsin S
Cn1cnc2c(-c3ccc(OCCC4CCN(CCO)CC4)c(C(F)(F)F)c3)nc(C#N)nc21,Cathepsin S
COC(=O)N1CCN(C2(C(=O)N3C[C@H](S(=O)(=O)c4ccccc4Cl)C[C@H]3C(=O)NC3(C#N)CC3)CC2)CC1,Cathepsin S
NCC(=O)N1CCc2c(c(-c3ccc(Cl)c(C#Cc4ccc(CNCc5ccc(Cl)cc5)cc4)c3)nn2CCCN2CCOCC2)C1,Cathepsin S
N#CC1(NC(=O)[C@@H]2C[C@@H](S(=O)(=O)c3ccccc3Cl)CN2C(=O)C2(N3CCN(C=O)CC3)CC2)CC1,Cathepsin S
CCn1c(=O)n(C2CCN(CC(O)Cn3nc(-c4ccc(Cl)c(C)c4)c4c3CCN(C(C)=O)C4)CC2)c2ccccc21,Cathepsin S
CCOC(=O)N1CCC(N2CCC2C(=O)N2C[C@H](S(=O)(=O)c3ccccc3OC(F)(F)F)C[C@H]2C(=O)NC2(C#N)CC2)CC1,Cathepsin S
N#CC1(n2cc([C@@H](NC(=O)c3ccno3)C3CCCCC3)nn2)CC1,Cathepsin S
CS(=O)(=O)N1CCc2c(c(-c3ccc(C(F)(F)F)cc3)nn2CC(O)CN2CCC(c3c[nH]c4cc(Cl)ccc34)CC2)C1,Cathepsin S
CC(=O)N1CCc2c(c(-c3ccc(C(F)(F)F)cc3)nn2C[C@@H](O)CN2CCC(n3c(O)nc4ccc(Cl)cc43)CC2)C1,Cathepsin S
CN1CCN(c2ccc(S(=O)(=O)[C@H]3CCN(c4cncc(C#N)n4)C3)c(Cl)c2)CC1,Cathepsin S
CCOC(=O)N1CCC(N2CCC2C(=O)N2C[C@H](Sc3cccc(C(F)(F)F)c3)C[C@H]2C(=O)NC2(C#N)CC2)CC1,Cathepsin S
[H][C@@](C#N)(COCc1ccccc1C)NC(=O)[C@H](CC1CCCCC1)NC(=O)N1CCOCC1,Cathepsin S
CCCC[C@@H](C(=O)Nc1ccc2c(C)c(CC(=O)O)c(=O)oc2c1)n1cc([C@@](C)(NC(=O)c2ccccc2)C2CCCCC2)nn1,Cathepsin S
[H][C@@](C#N)(COCc1ccccc1)NC(=O)[C@H](CC(C)(C)C)NC(=O)N1CCOCC1,Cathepsin S
N#Cc1cncc(Oc2ccc(S(=O)(=O)C3CCN(c4cncc(C#N)n4)C3)cc2)n1,Cathepsin S
Cc1nnc([C@H]2C[C@H](S(=O)(=O)c3ccccc3Cl)CN2c2ccnc(C#N)n2)o1,Cathepsin S
CCC(NC(=O)[C@@H]1C[C@@H]([S+]([O-])c2ccccc2)CN1C(C)=O)C(=O)c1nc2ccccc2o1,Cathepsin S
N#Cc1cccc(N2CC[C@H](S(=O)(=O)c3ccccc3Cl)C2)n1,Cathepsin S
CC(=O)N1CCc2c(c(-c3ccc(Cl)cc3)nn2CC(O)CN2CCC(n3c(O)nc4ccccc43)CC2)C1,Cathepsin S
Cn1nnc2c(C#N)nc(-c3ccc(OCCC4CCNCC4)c(C(F)(F)F)c3)cc21,Cathepsin S
Cn1ccc2c(-c3cnc(OCCC4CCNCC4)c(C(F)(F)F)c3)nc(C#N)nc21,Cathepsin S
Cn1cnc2c(-c3cnc(OCCC4CCN(C(CF)CF)CC4)c(C(F)(F)F)c3)nc(C#N)nc21,Cathepsin S
CS(=O)(=O)N1CCc2c(c(-c3ccc(C(F)(F)F)c(SCCN)c3)nn2CC(O)CN2CCCCC2)C1,Cathepsin S
COc1ccccc1N1CCN(CC(O)Cn2nc(-c3ccc(I)cc3)c3c2CCN(C(C)=O)C3)CC1,Cathepsin S
CS(=O)(=O)N1CCc2c(c(-c3ccc(C(F)(F)F)c(SCCNC(=O)Cc4ccccc4)c3)nn2CC(O)CN2CCC(N3CCCC3=O)CC2)C1,Cathepsin S
CCN1CCN(C2(C(=O)N3C[C@H](S(=O)(=O)c4ccccc4Cl)C[C@H]3C(=O)NC3(C#N)CC3)CC2)CC1,Cathepsin S
[H][C@@](C#N)(COCc1cccc(Cl)c1)NC(=O)[C@H](CC(C)C)NC(=O)N1CCOCC1,Cathepsin S
CS(=O)(=O)N1CCc2c(c(-c3ccc(Cl)c(C#Cc4ccccc4C(F)(F)F)c3)nn2CCCN2CCOCC2)C1,Cathepsin S
N#C[C@H](COCc1ccc(Cl)cc1)NC(=O)[C@@H](CC(=O)N1CCOCC1)CC1CCCCC1,Cathepsin S
CCN1CCC(CCOc2ncc(-c3nc(C#N)nc4c3ncn4C)cc2C(F)(F)F)CC1,Cathepsin S
CN1CCC[C@@H]1C(=O)N1CC[C@H](OCCOc2ncc(-c3nc(C#N)nc4c3ccn4C)cc2C(F)(F)F)C1,Cathepsin S
CC(C)(C)OC(=O)N1CCc2c(c(-c3ccc(C(F)(F)F)cc3)nn2CC(O)CN2CCC(N3C(=O)COc4ccccc43)CC2)C1,Cathepsin S
CCC(NC(=O)[C@@H]1C[C@@H](S(=O)(=O)c2ccccc2)CN1C(=O)C(F)(F)F)C(=O)c1nc2ccccc2o1,Cathepsin S
CS(=O)(=O)c1cccc(C(=O)N[C@H](c2cn(C3(C#N)CC3)nn2)C2CCCCC2)c1,Cathepsin S
CS(=O)(=O)N1CCc2c(c(-c3ccc(C(F)(F)F)c(SCCOc4ccccc4)c3)nn2CCCN2CCOCC2)C1,Cathepsin S
CCCSc1cc(-c2nn(CCCN3CCOCC3)c3c2CN(S(C)(=O)=O)CC3)ccc1Cl,Cathepsin S
[H][C@@](C#N)(Cc1ccc(Cl)c(Cl)c1)NC(=O)[C@H](CC(C)C)NC(=O)N1CCOCC1,Cathepsin S
Cc1cc(C(=O)N[C@H](c2cn(C3(C#N)CC3)nn2)C2CCCCC2)cs1,Cathepsin S
[H][C@]12CCC[C@@]1([H])CN(C(=O)[C@@H](N[C@H]([C@@H](NC(=O)c1cnccn1)C1CCCCC1)C(F)(F)F)C(C)(C)C)[C@@H]2C(=O)N[C@@H](CCC)C(=O)C(=O)NC1CC1,Cathepsin S
CS(=O)(=O)N1CCc2c(c(-c3ccc(C(F)(F)F)c(SCCNC(=O)c4ccc(F)cc4)c3)nn2CC(O)CN2CCC(N3CCCC3=O)CC2)C1,Cathepsin S
CCCCCC1OC(=O)C(C(=O)N[C@@H](CC2CCCCC2)C(=O)NC(COCc2ccccc2)C(=O)C(=O)NCC(=O)OC)=CC1C,Cathepsin S
CS(=O)(=O)N1CCc2c(c(-c3ccc(Cl)c(SCCO)c3)nn2CCCN2CCOCC2)C1,Cathepsin S
CCN1CCN(C(=O)COc2ccc(-c3nc(C#N)nc4c3ncn4C)cc2C(F)(F)F)CC1,Cathepsin S
CN1CCN(c2ccc(S(=O)(=O)[C@H]3CCN(c4nccc(C#N)n4)C3)c(Cl)c2)CC1,Cathepsin S
O=C(NCc1cc(-c2ccc(=O)n(CCCN3CCN(c4cccc(C(F)(F)F)c4)CC3)n2)ccc1Cl)c1ccccc1,Cathepsin S
CCCNC(=O)c1nn(-c2ccc(Cl)cc2)ccc1=O,Cathepsin S
CCOc1ccc(-c2nc(C#N)nc3c2ccn3CC(=O)NC2CCN(C)CC2)cc1C(F)(F)F,Cathepsin S
CC(C)CN1CCC(CCOc2ncc(-c3nc(C#N)nc4c3ncn4C)cc2C(F)(F)F)CC1,Cathepsin S
CCCc1ccc(-c2ccccc2OCC(=O)Nc2ccc3c(C)c(CC(=O)O)c(=O)oc3c2)c(F)c1F,Cathepsin S
N#Cc1ncc(C(=O)NCC(F)(F)F)c(N2CC[C@H](S(=O)(=O)c3cccc(Cl)c3Cl)C2)n1,Cathepsin S
CS(=O)(=O)N1CCc2c(c(-c3ccc(C(F)(F)F)cc3)nn2CCCN2CCC(N3C(=O)COc4ccc(Cl)cc43)CC2)C1,Cathepsin S
CC1(C)CCCN(C2(C(=O)N3C[C@H](S(=O)(=O)c4ccccc4Cl)C[C@H]3C(=O)NC3(C#N)CC3)CC2)C1,Cathepsin S
N#Cc1cccc(N2CC[C@H](S(=O)(=O)c3ccc(N4CCN5CCC[C@H]5C4)cc3Cl)C2)n1,Cathepsin S
CCC(NC(=O)[C@@H]1C[C@@H](S(=O)(=O)c2ccccc2)CN1C(=O)c1cccnc1)C(=O)c1nc2ccccc2o1,Cathepsin S
CS(=O)(=O)N1CCc2c(c(-c3ccc(Cl)c(C#Cc4ccccc4Cl)c3)nn2CCCN2CCOCC2)C1,Cathepsin S
Cn1c(=O)n(C2CCN(CCCn3nc(-c4ccc(Cl)c(CNC(=O)c5ccc(F)cc5)c4)ccc3=O)CC2)c2cc(Cl)ccc21,Cathepsin S
Cc1cccc(N2CCC(CCOc3ccc(-c4cc5c(ncn5C)c(C#N)n4)cc3C(F)(F)F)CC2)n1,Cathepsin S
C#CCNC(=O)[C@H](CC(C)C)NC(=O)N1CCOCC1,Cathepsin S
CN1CCC[C@H]1C(=O)N1CCC(CCOc2ccc(-c3nc(C#N)nc4c3ccn4CC3CCOC3)cc2C(F)(F)F)CC1,Cathepsin S
Cn1ccc2c(-c3cnc(OCC4CCN(C(=O)[C@@H]5CCCN5)CC4)c(C(F)(F)F)c3)nc(C#N)nc21,Cathepsin S
Cc1ccccc1C(=O)N[C@H](c1cn(C2(C#N)CC2)nn1)C1CCCCC1,Cathepsin S
CCC(NC(=O)[C@@H]1C[C@@H](Sc2ccccc2)CN1C(C)=O)C(=O)c1nc2ccccc2o1,Cathepsin S
CSCC(=O)N1CCc2c(c(-c3ccc(C(F)(F)F)c(SCCN4CCC(F)CC4)c3)nn2C[C@@H](O)CN2CCCCC2)C1,Cathepsin S
N#Cc1ccnc(N2CC[C@H](S(=O)(=O)c3ccc(F)cc3Cl)C2)n1,Cathepsin S
CCC(C=O)NC(=O)c1cccc(C(F)(F)F)c1C,Cathepsin S
N#Cc1nc(-c2ccc(OCCC3CCN(C(CF)CF)CC3)c(C#N)c2)c2ccn(CC3CCOC3)c2n1,Cathepsin S
Cn1ccc2c(-c3cnc(OCC4CCN(C(=O)C5CCN(C6CCOCC6)CC5)CC4)c(C(F)(F)F)c3)nc(C#N)nc21,Cathepsin S
Cn1ccc2c(-c3cnc(OCCC4CCCNC4)c(C(F)(F)F)c3)nc(C#N)nc21,Cathepsin S
CN1CCN(C(=O)CSc2cc(-c3nn(CCCN4CCC(N5CCCC5=O)CC4)c4c3CN(S(C)(=O)=O)CC4)ccc2C(F)(F)F)CC1,Cathepsin S
[H][C@](C#N)(NC(=O)[C@H](CC(C)C)NC(=O)N1CCOCC1)C(C)C,Cathepsin S
Cn1cnc2c(-c3ccc(OCCC4CCN(CC(=O)N5CC[C@H](F)C5)CC4)c(C(F)(F)F)c3)nc(C#N)nc21,Cathepsin S
CCOC(=O)CNC(=O)C(=O)C(COCc1ccccc1)NC(=O)[C@H](CC1CCCCC1)NC(=O)c1cc2ccccc2n1C,Cathepsin S
[H][C@](C)(C#N)NC(=O)[C@H](CC(C)C)NC(=O)N1CCOCC1,Cathepsin S
CCN1CCC(COc2ccc(-c3nc(C#N)nc4c3ccn4CC3CCOC3)cc2C(F)(F)F)CC1,Cathepsin S
CN1CCC[C@@H]1C(=O)N1CCC(CCOc2ncc(-c3nc(C#N)nc4c3ncn4C)cc2C(F)(F)F)CC1,Cathepsin S
CS(=O)(=O)N1CCc2c(c(-c3ccc(C(F)(F)F)c(SCCN4CCCCC4)c3)nn2CC(O)CN2CCN(C3CC3)CC2)C1,Cathepsin S
CC(=O)N1CCc2c(c(-c3ccc(Cl)cc3)nn2CC(O)CN2CCN(C(c3ccc(F)cc3)c3ccc(F)cc3)CC2)C1,Cathepsin S
N#Cc1nc2c(c(N3CC[C@H](S(=O)(=O)c4ccc(-n5cccn5)cc4Cl)C3)n1)CN(C=O)C2,Cathepsin S
N#Cc1nc(-c2ccc(OCCC3CCNCC3)c(C#N)c2)c2ccn(CC3CCOC3)c2n1,Cathepsin S
NC(=O)C(=O)N1CCc2c(c(-c3ccc(Cl)c(C#Cc4ccc(CNCc5ccc(Cl)cc5)cc4)c3)nn2CCCN2CCOCC2)C1,Cathepsin S
CS(=O)(=O)N1CCc2c(c(-c3ccc(Cl)c(C#Cc4ccc(CNCc5ccccc5)cc4)c3)nn2CCCN2CCOCC2)C1,Cathepsin S
CNC(=O)N1CCc2c(c(-c3ccc(Cl)c(C#Cc4ccc(CNCc5ccc(Cl)cc5)cc4)c3)nn2CCCN2CCOCC2)C1,Cathepsin S
Cc1c(CC(=O)O)c(=O)oc2cc(NC(=O)COc3ccccc3-c3ccc(CC(C)C)c(F)c3F)ccc12,Cathepsin S
CCOC(=O)N1CCC(N2CCC2C(=O)N2C[C@H](S(=O)(=O)c3cccc(C(F)(F)F)c3)C[C@H]2C(=O)NC2(C#N)CC2)CC1,Cathepsin S
N#Cc1ncc(C(F)(F)F)c(N2CC[C@H](S(=O)(=O)c3ccccc3C(F)(F)F)C2)n1,Cathepsin S
CCCC[C@@H](C=O)n1cc([C@@](C)(NC(=O)c2ccsc2)C(C)C)nn1,Cathepsin S
CS(=O)(=O)C[C@H](NC(=O)c1ccsc1)c1cn(C2(C#N)CC2)nn1,Cathepsin S
CN(C)C(=O)C(=O)N1CCc2c(c(-c3ccc(Cl)c(C#Cc4ccc(CNCc5ccc(Cl)cc5)cc4)c3)nn2CCCN2CCOCC2)C1,Cathepsin S
N#CC1(n2cc([C@@H](NC(=O)c3cocn3)C3CCCCC3)nn2)CC1,Cathepsin S
CN(C)C(=O)c1sc2cc(F)ccc2c1C1CCN(CCCn2nc(-c3ccc(C(F)(F)F)cc3)c3c2CCN(S(C)(=O)=O)C3)CC1,Cathepsin S
CC1CCCN(C2(C(=O)N3C[C@H](S(=O)(=O)c4ccccc4Cl)C[C@H]3C(=O)NC3(C#N)CC3)CC2)C1,Cathepsin S
N#Cc1nccc(N2CC[C@H](S(=O)(=O)c3cccc(Cl)c3Cl)C2)n1,Cathepsin S
CCOC(=O)CNC(=O)C(=O)C(COCc1ccccc1)NC(=O)[C@H](CC1CCCCC1)NC(=O)c1ccc(Cl)c(N)c1,Cathepsin S
CS(=O)(=O)N1CCc2c(c(-c3ccc(Cl)c(C#Cc4ccc(CN[C@@H](CO)c5ccccc5)cc4)c3)nn2CCCN2CCOCC2)C1,Cathepsin S
CS(=O)(=O)N1CCc2c(c(-c3ccc(C(F)(F)F)cc3)nn2CCCN2CCC(n3c(O)nc4ccccc43)CC2)C1,Cathepsin S
CS(=O)(=O)N1CCc2c(c(-c3ccc(Cl)c(C#Cc4ccc(CNCCc5ccccc5)cc4)c3)nn2CCCN2CCOCC2)C1,Cathepsin S
N#Cc1nccc(N2CC[C@H](S(=O)(=O)c3ccccc3Cl)C2)n1,Cathepsin S
CCC(NC(=O)[C@@H]1C[C@@H](S(=O)(=O)c2ccccc2)CN1S(C)(=O)=O)C(=O)c1nc2ccccc2o1,Cathepsin S
COc1ccc2[nH]cc(C3CCN(CC(O)Cn4nc(-c5ccc(C(F)(F)F)cc5)c5c4CCN(S(C)(=O)=O)C5)CC3)c2c1,Cathepsin S
N#CC1(NC(=O)[C@@H]2C[C@@H](S(=O)(=O)c3ccccc3Cl)CN2C(=O)C2CCN2C2CCOCC2)CC1,Cathepsin S
N#C[C@@]1(NC(=O)[C@@H](CC(=O)N2CCOCC2)CC2CCC(c3ccccc3)CC2)CCN(C2CCCCC2)C1,Cathepsin S
CS(=O)(=O)N1CCc2c(c(-c3ccc(Cl)c(C#CC4CCCCC4)c3)nn2CCCN2CCOCC2)C1,Cathepsin S
COC(=O)C1CCN(CC(O)Cn2nc(-c3ccc(Cl)c(C#Cc4ccc(Cl)cc4)c3)c3c2CCN(S(C)(=O)=O)C3)CC1,Cathepsin S
CS(=O)(=O)N1CCc2c(c(-c3ccc(C(F)(F)F)cc3)nn2CC(O)CN2CCC(c3c[nH]c4cc[n+]([O-])cc34)CC2)C1,Cathepsin S
Cn1c(=O)n(C2CCN(CCCn3nccc(-c4ccc(Cl)c(CNC(=O)c5ccc(F)cc5)c4)c3=O)CC2)c2cc(Cl)ccc21,Cathepsin S
CCC(NC(=O)[C@@H]1C[C@@H](S(=O)(=O)c2ccccc2)CN1C(C)=O)C(=O)c1nc2ccccc2o1,Cathepsin S
N#CC1(n2cc([C@@H](NC(=O)c3ncco3)C3CCCCC3)nn2)CC1,Cathepsin S
NC(=O)C(=O)N1CCc2c(c(-c3ccc(Cl)c(C#Cc4ccc(CNCc5ccc(Cl)cc5)cc4)c3)nn2CCCN2CCN(c3ccccc3)CC2)C1,Cathepsin S
CCOC(=O)N1CCC(N2CCC2C(=O)N2C[C@H](Sc3ccc(Cl)cc3)C[C@H]2C(=O)NC2(C#N)CC2)CC1,Cathepsin S
N#Cc1ccnc(N2C[C@@H](S(=O)(=O)c3ccccc3C(F)(F)F)C[C@@H]2CN2CCOCC2)n1,Cathepsin S
CS(=O)(=O)N1CCc2c(c(-c3ccc(C(F)(F)F)c(SCC(=O)N4CCCCC4)c3)nn2CC(O)CN2CCC(c3ccccn3)CC2)C1,Cathepsin S
CC(C)(C)N1CCN(c2ccc(S(=O)(=O)[C@H]3CCN(c4nc(C#N)ncc4C(=O)NCC(F)(F)F)C3)c(Cl)c2)CC1,Cathepsin S
[H][C@@](C#N)(COCc1ccccc1Cl)NC(=O)[C@H](CC1CCCCC1)NC(=O)N1CCOCC1,Cathepsin S
CN1CCN(C(=O)Cn2ccc3c(-c4ccc(OCCC5CCOCC5)c(C(F)(F)F)c4)nc(C#N)nc32)CC1,Cathepsin S
CS(=O)(=O)N1CCc2c(c(-c3ccc(Br)cc3)nn2CC(O)CN2CCC(N3CCCc4ccccc43)CC2)C1,Cathepsin S
Cn1c(=O)n(C2CCN(CCCn3nc(-c4ccc(Br)cc4)c4c3CCN(S(C)(=O)=O)C4)CC2)c2ccccc21,Cathepsin S
CCC(NC(=O)[C@@H]1C[C@@H](S(=O)(=O)c2ccccc2)CN1)C(=O)c1nc2ccccc2o1,Cathepsin S
N#CC1(n2cc([C@@H](NC(=O)c3ccsc3)c3ccc(Cl)cc3)nn2)CC1,Cathepsin S
CCOC(=O)CNC(=O)C(=O)[C@H](COCc1ccccc1)NC(=O)[C@H](CC1CCCCC1)NC(=O)c1cc(Br)ccc1N,Cathepsin S
N#Cc1cccc(N2CC[C@H](S(=O)(=O)c3ccc(F)cc3Cl)C2)n1,Cathepsin S
CCN1CCC(CCOc2ccc(-c3nc(C#N)nc4c3ccn4CC(N)=O)cc2C(F)(F)F)CC1,Cathepsin S
CC(C)(C)OC(=O)N1CCN(C2(C(=O)N3C[C@H](S(=O)(=O)c4ccccc4Cl)C[C@H]3C(=O)NC3(C#N)CC3)CC2)CC1,Cathepsin S
N#CC1(n2cc([C@@H](NC(=O)c3ccc(S(N)(=O)=O)cc3)C3CCCCC3)nn2)CC1,Cathepsin S
N#CC1(NC(=O)[C@@H]2C[C@@H](S(=O)(=O)c3ccccc3Cl)CN2C(=O)C2CCN2C2CCN(CC(F)(F)F)CC2)CC1,Cathepsin S
CN(C)S(=O)(=O)N1CCc2c(c(-c3ccc(Cl)c(C#Cc4ccc(CNCc5ccc(Cl)cc5)cc4)c3)nn2CCCN2CCOCC2)C1,Cathepsin S
O=C(N1CCCC1)N1CCc2c(c(-c3ccc(C(F)(F)F)c(SCCN4CCC(F)CC4)c3)nn2C[C@@H](O)CN2CCCCC2)C1,Cathepsin S
CS(=O)(=O)N1CCN(C2(C(=O)N3C[C@H](S(=O)(=O)c4ccccc4Cl)C[C@H]3C(=O)NC3(C#N)CC3)CC2)CC1,Cathepsin S
N#C[C@@]1(NC(=O)[C@@H](CC(=O)N2CCOCC2)CC2CCCC2)CCN(C2CCCCC2)C1,Cathepsin S
N#CC1(n2cc([C@@H](NC(=O)c3ccccc3)C3CCCCC3)nn2)CC1,Cathepsin S
CN1CCC[C@H]1C(=O)N1CCC(CCOc2ncc(-c3nc(C#N)nc4c3ncn4CC3CCOC3)cc2C(F)(F)F)CC1,Cathepsin S
CN1CCC[C@H]1C(=O)N1CCC(CCOc2ccc(-c3nc(C#N)nc4c3ncn4C)cc2C(F)(F)F)CC1,Cathepsin S
CCOC(=O)CNC(=O)C(=O)C(COCc1ccccc1)NC(=O)[C@H](CC1CCCCC1)NC(=O)c1cc(Br)ccc1NC(=O)OC(C)(C)C,Cathepsin S
N#Cc1nccc(N2C[C@@H](S(=O)(=O)c3ccccc3C(F)(F)F)C[C@H]2C(=O)NCC(F)(F)F)n1,Cathepsin S
CC(=O)N1CCc2c(c(-c3ccc(C(F)(F)F)cc3)nn2CC(O)CN2CCC(n3c(=O)n(C)c4ccccc43)CC2)C1,Cathepsin S
Cc1ccc2c(c1)n(C1CCN(CC(O)Cn3nc(-c4ccc(C(F)(F)F)cc4)c4c3CCN(S(C)(=O)=O)C4)CC1)c(=O)n2C,Cathepsin S
CCN1CCC(CCOc2ccc(-c3nc(C#N)nc4c3ccn4CC3CCOC3)cc2C(F)(F)F)CC1,Cathepsin S
Cn1cnc2c(-c3cnc(OCCC4CCN(C5CCC5)CC4)c(C(F)(F)F)c3)nc(C#N)nc21,Cathepsin S
Cn1ccc2c(-c3ccc(OCCC4C5CCC4CNC5)c(C(F)(F)F)c3)nc(C#N)nc21,Cathepsin S
Cn1ccc2c(-c3cnc(OCC4CCN(C(=O)C5CCNCC5)CC4)c(C(F)(F)F)c3)nc(C#N)nc21,Cathepsin S
O=C(c1ncco1)[C@H](CCc1ccccc1)NC(=O)[C@@H](CC(=O)N1CCOCC1)CC1CCCCC1,Cathepsin S
CNC(=O)CSc1cc(-c2nn(CCCN3CCC(N4CCCC4=O)CC3)c3c2CN(S(C)(=O)=O)CC3)ccc1C(F)(F)F,Cathepsin S
N#Cc1nccc(N2CC[C@H](S(=O)(=O)c3cccc(C(F)(F)F)c3)C2)n1,Cathepsin S
N#Cc1nc2c(c(N3CC[C@H](S(=O)(=O)c4ccc(-n5cccn5)cc4Cl)C3)n1)CN(CC(F)(F)F)C2,Cathepsin S
CC(=O)N1CCc2c(c(-c3ccc(Cl)c(C)c3)nn2CC(O)CN2CCC(n3c(=O)n(CC(F)(F)F)c4ccccc43)CC2)C1,Cathepsin S
CC1CCCCN1C1(C(=O)N2C[C@H](S(=O)(=O)c3ccccc3Cl)C[C@H]2C(=O)NC2(C#N)CC2)CC1,Cathepsin S
Cn1ccc2c(-c3ccc(OCC4(C)CCNCC4)c(C(F)(F)F)c3)nc(C#N)nc21,Cathepsin S
[H][C@@](NC(=O)N1CCOCC1)(C(=O)N[C@H](C#N)CCc1ccccc1)C1CCCCC1,Cathepsin S
N#CC1(NC(=O)[C@@H]2C[C@@H](S(=O)(=O)c3cccc(Cl)c3)CN2C(=O)C2(N3CCCCC3)CC2)CC1,Cathepsin S
N#C[C@H](COCc1ccccc1)NC(=O)[C@H](CC1CCCCC1)NC(=O)c1ccncc1,Cathepsin S
CS(=O)(=O)N1CCc2c(c(-c3ccc(Br)cc3)nn2CCCN2CCC(n3c(O)nc4ccccc43)CC2)C1,Cathepsin S
N#Cc1ccc(C(=O)N[C@H](c2cn(C3(C#N)CC3)nn2)C2CCCCC2)cc1,Cathepsin S
N#CC1(n2cc([C@@H](NC(=O)c3cn4ccccc4n3)C3CCCCC3)nn2)CC1,Cathepsin S
N#CC1(n2cc([C@@H](NC(=O)C3CCOCC3)C3CCCCC3)nn2)CC1,Cathepsin S
O=C1COc2ccccc2N1C1CCN(CC(O)Cn2nc(-c3ccc(C(F)(F)F)cc3)c3c2CCNC3)CC1,Cathepsin S
Cc1ccc(CNCc2ccc(C#Cc3cc(-c4nn(CCCN5CCOCC5)c5c4CN(S(C)(=O)=O)CC5)ccc3Cl)cc2)cc1,Cathepsin S
CC(=O)N1CCc2c(c(-c3ccc(C(F)(F)F)c(SCCN4CCC(F)CC4)c3)nn2C[C@@H](O)CN2CCCCC2)C1,Cathepsin S
CC(=O)N1CCN(CCSc2cc(-c3nn(CC(O)CN4CCCCC4)c4c3CN(S(C)(=O)=O)CC4)ccc2C(F)(F)F)CC1,Cathepsin S
N#CC1(n2cc([C@@H](NC(=O)c3cn4ccsc4n3)C3CCCCC3)nn2)CC1,Cathepsin S
N#C[C@@]1(NC(=O)[C@@H](CC(=O)N2CCOCC2)CC2CCCCC2)CCN(C2CCCCCC2)C1,Cathepsin S
COc1ccccc1C1CCN(CC(O)Cn2nc(-c3ccc(C(F)(F)F)c(SCC(=O)N4CCOCC4)c3)c3c2CCN(C(=O)CO)C3)CC1,Cathepsin S
CC(C)C[C@H](NC(=O)N1CCOCC1)C(=O)NCCCc1ccccc1,Cathepsin S
Cc1nc2c(-c3ccc(OCCC4CCNCC4)c(C(F)(F)F)c3)nc(C#N)nc2n1C,Cathepsin S
CCOC(=O)CNC(=O)C(=O)C(COCc1ccccc1)NC(=O)[C@H](CC1CCCCC1)NC(=O)C1(C)CC1,Cathepsin S
NC(=O)N1CCc2c(c(-c3ccc(Cl)c(C#Cc4ccc(CNCc5ccc(Cl)cc5)cc4)c3)nn2CCCN2CCC(C(F)(F)F)CC2)C1,Cathepsin S
COC(=O)[C@@H]1C[C@H](S(=O)(=O)c2ccccc2Cl)CN1c1cncc(C#N)n1,Cathepsin S
CCc1ccc(-c2ccccc2OCC(=O)Nc2ccc3c(C)c(CC(=O)O)c(=O)oc3c2)c(F)c1F,Cathepsin S
CN1CCC[C@H]1C(=O)N1CCC(CCOc2ncc(-c3nc(C#N)nc4c3ncn4C)cc2C(F)(F)F)CC1,Cathepsin S
N#Cc1cccc(N2CC[C@H](S(=O)(=O)c3ccccc3C(F)(F)F)C2)n1,Cathepsin S
CC(=O)N1CCc2c(c(-c3ccc(OC(F)(F)F)cc3)nn2CC(O)CN2CCC(n3c(O)nc4ccccc43)CC2)C1,Cathepsin S
CC(CNC(=O)c1cnc(C#N)nc1N1CC[C@H](S(=O)(=O)c2ccc(N3CCN(C(C)(C)C)CC3)cc2Cl)C1)c1ccc(Cl)cc1,Cathepsin S
N#CC1(n2cc([C@H](CCc3ccccc3)NC(=O)c3ccsc3)nn2)CC1,Cathepsin S
COCCN1CCN(c2ccc(S(=O)(=O)[C@H]3CCN(c4cccc(C#N)n4)C3)c(Cl)c2)CC1,Cathepsin S
CCOC(=O)CNC(=O)C(=O)[C@H](COCc1ccccc1)NC(=O)[C@H](CC1CCCCC1)NC(=O)c1cc(F)ccc1F,Cathepsin S
Cn1cnc2c(-c3cnc(OCCC4CCN(C(C)(C)C)CC4)c(C(F)(F)F)c3)nc(C#N)nc21,Cathepsin S
NC(=O)C(=O)N1CCc2c(c(-c3ccc(Cl)c(C#Cc4ccc(CNCc5ccc(Cl)cc5)cc4)c3)nn2CCCN2CCC(C(F)(F)F)CC2)C1,Cathepsin S
CS(=O)(=O)N1CCc2c(c(-c3ccc(C(F)(F)F)c(SCCN4CCOCC4)c3)nn2CC(O)CN2CCCCC2)C1,Cathepsin S
CS(=O)(=O)N1CCc2c(c(-c3ccc(C(F)(F)F)cc3)nn2CCCN2CCC(n3c(=O)n(CC#N)c4ccccc43)CC2)C1,Cathepsin S
COC(=O)c1sc2cc(F)ccc2c1C1CCN(CC(O)Cn2nc(-c3ccc(C(F)(F)F)cc3)c3c2CCN(S(C)(=O)=O)C3)CC1,Cathepsin S
Cn1cnc2c(-c3ccc(OCCC4CCNCC4)c(C(F)(F)F)c3)nc(C#N)nc21,Cathepsin S
CN1CCC[C@H]1C(=O)N1CCC(CCOc2ccc(-c3nc(C#N)nc4c3ccn4CC3CCCO3)cc2C(F)(F)F)CC1,Cathepsin S
CCCC[C@H](NC(=O)[C@H](CS(=O)(=O)Cc1ccccc1)NC(=O)N1CCOCC1)C(=O)c1nnc(-c2ccccc2)o1,Cathepsin S
N#Cc1nc(N2CC[C@H](S(=O)(=O)c3ccc(-n4cccn4)cc3Cl)C2)cc(C(F)(F)F)n1,Cathepsin S
CNC(=O)c1ccc(C(=O)N[C@H](c2cn(C3(C#N)CC3)nn2)C2CCCCC2)cn1,Cathepsin S
CS(=O)(=O)N1CCc2c(c(-c3ccc(C(F)(F)F)c(SCCN4CCC5CCCCC5C4)c3)nn2CCCN2CCC(N3CCCC3=O)CC2)C1,Cathepsin S
CS(=O)(=O)N1CCc2c(c(-c3ccc(Br)cc3)nn2CC(O)CN2CCC(n3c(O)nc4ccc(Cl)cc43)CC2)C1,Cathepsin S
N#C[C@@]1(NC(=O)[C@@H](CC(=O)N2CCOCC2)CC2CCCCC2)CCN(CCc2ccccc2)C1,Cathepsin S
N#Cc1ccnc(N2CC[C@H](S(=O)(=O)c3ccccc3C(F)(F)F)C2)n1,Cathepsin S
C[C@@H]1COCCN1CCCn1nc(-c2ccc(Cl)c(C#Cc3ccc(CNCc4ccc(Cl)cc4)cc3)c2)c2c1CCN(C(N)=O)C2,Cathepsin S
CC(C)S(=O)(=O)N1CCc2c(c(-c3ccc(C(F)(F)F)c(SCCN4CCC(F)CC4)c3)nn2C[C@@H](O)CN2CCCCC2)C1,Cathepsin S
N#Cc1nccc(N2C[C@@H](S(=O)(=O)c3ccccc3C(F)(F)F)C[C@H]2C(=O)N2CCC2)n1,Cathepsin S
N#CC1(n2cc([C@@H](NC(=O)c3ccsc3)C3CCS(=O)(=O)CC3)nn2)CC1,Cathepsin S
N#CC1(n2cc([C@@H](NC(=O)c3cccnc3)C3CCCCC3)nn2)CC1,Cathepsin S
CN1CCC(C(=O)N2CCC(CCOc3ccc(-c4nc(C#N)nc5c4ncn5C)cc3C(F)(F)F)CC2)C1,Cathepsin S
COC(=O)C(=O)N1CCc2c(c(-c3ccc(Cl)c(C)c3)nn2CC(O)CN2CCN(c3ccccc3C#N)CC2)C1,Cathepsin S
CS(=O)(=O)N1CCc2c(c(-c3ccc(C(F)(F)F)c(SCCN4CCCCC4)c3)nn2CC(O)CN2CCC(C3CCCC3)CC2)C1,Cathepsin S
COCCN1CCN(c2ccc(S(=O)(=O)[C@H]3CCN(c4cncc(C#N)n4)C3)c(Cl)c2)CC1,Cathepsin S
CCN1CC(COc2ccc(-c3nc(C#N)nc4c3ccn4C)cc2C(F)(F)F)C1,Cathepsin S
Cn1ccc2c(-c3ccc(OCCC4CCN(C5CC5)CC4)c(C(F)(F)F)c3)nc(C#N)nc21,Cathepsin S
CCOc1ccc(-c2nc(C#N)nc3c2ccn3CC(=O)N2CCN(C)CC2)cc1C(F)(F)F,Cathepsin S
CS(=O)(=O)N1CCc2c(c(-c3ccc(C(F)(F)F)c(SCC(=O)N4CCCC4)c3)nn2CCCN2CCC(C(=O)N3CCCC3)CC2)C1,Cathepsin S
N#Cc1nccc(N2C[C@@H](S(=O)(=O)c3ccccc3C(F)(F)F)C[C@H]2C(=O)NCc2ccc(F)cc2)n1,Cathepsin S
CS(=O)(=O)N1CCc2c(c(-c3ccc(Br)cc3)nn2CC(O)CN2CCC(c3c[nH]c4ncccc34)CC2)C1,Cathepsin S
N#CC1(NC(=O)[C@@H]2C[C@@H](S(=O)(=O)c3ccccc3Cl)CN2C(=O)C2(N3CCC(c4ccccc4)CC3)CC2)CC1,Cathepsin S
CS(=O)(=O)N1CCc2c(c(-c3ccc(Br)cc3)nn2CC(O)CN2CCC(c3c[nH]c4ccncc34)CC2)C1,Cathepsin S
CN(C)CCCOc1ccc(-c2cc3c(nnn3C)c(C#N)n2)cc1C(F)(F)F,Cathepsin S
COC(=O)c1oc2cc(F)ccc2c1C1CCN(CC(O)Cn2nc(-c3ccc(C(F)(F)F)cc3)c3c2CCN(C(C)=O)C3)CC1,Cathepsin S
N#CC1(n2cc([C@@H](NC(=O)c3ccc(C(F)(F)F)cc3)C3CCCCC3)nn2)CC1,Cathepsin S
N#Cc1nccc(N2CC[C@@H](S(=O)(=O)c3ccccc3Br)C2)n1,Cathepsin S
C[C@H](NC(=O)[C@@H]1C[C@H](S(=O)(=O)c2ccccc2C(F)(F)F)CN1c1ccnc(C#N)n1)C(F)(F)F,Cathepsin S
CC(C)(C)OC(=O)N1CCc2c(c(-c3ccc(C(F)(F)F)cc3)nn2CCCN2CCC(N3C(=O)COc4ccccc43)CC2)C1,Cathepsin S
N#Cc1cncc(N2CCC(S(=O)(=O)c3ccc(O)cc3)C2)n1,Cathepsin S
CCC(NC(=O)[C@@H]1C[C@@H](S(=O)(=O)c2ccccc2)CN1C(=O)C(C)C)C(=O)c1nc2ccccc2o1,Cathepsin S
CS(=O)(=O)N1CCc2c(c(-c3ccc(Br)cc3)nn2CC(O)CN2CCC(c3c[nH]c4ccc(Cl)cc34)CC2)C1,Cathepsin S
N#C[C@@]1(NC(=O)[C@@H](CC(=O)N2CCOCC2)CC2CCCCC2)CCN(CC2CC2)C1,Cathepsin S
CNC(=O)c1ccc(C(=O)N[C@H](c2cn(C3(C#N)CC3)nn2)C2CCCCC2)cc1,Cathepsin S
CS(=O)(=O)N1CCc2c(c(-c3ccc(C(F)(F)F)cc3)nn2CCCN2CCC(n3c(O)nc4ccc(Cl)cc43)CC2)C1,Cathepsin S
Cn1ccc2c(-c3cnc(OCCOC4CCNCC4)c(C(F)(F)F)c3)nc(C#N)nc21,Cathepsin S
CCOC(=O)CNC(=O)C(=O)C(COCc1ccccc1)NC(=O)[C@H](CC1CCCCC1)NC(=O)CCC(=O)c1ccc2ccc3cccc4ccc1c2c34,Cathepsin S
CCOC(=O)CNC(=O)C(=O)C(COCc1ccccc1)NC(=O)[C@H](CC1CCCCC1)NC(=O)CC(c1ccccc1)(c1ccccc1)c1ccccc1,Cathepsin S
CCN1CCc2c(c(-c3ccc(C(F)(F)F)c(SCC(=O)N4CCCC4)c3)nn2CC(O)CN2CCC(c3ccccn3)CC2)C1,Cathepsin S
CCN1CCC(CCOc2ncc(-c3nc(C#N)nc4c3ccn4CC3CCOC3)cc2C(F)(F)F)CC1,Cathepsin S
N#C[C@@]1(NC(=O)[C@@H](CC(=O)N2CCOCC2)CC2CCCCC2)CCN(C2CCCCC2)C1,Cathepsin S
CS(=O)(=O)N1CCc2c(c(-c3ccc(Br)cc3)nn2CC(O)CN2CCC(N3C(=O)OCc4ccccc43)CC2)C1,Cathepsin S
N#CC1(NC(=O)[C@@H]2C[C@@H](S(=O)(=O)c3ccccc3Cl)CN2C(=O)C2CCN2C2CCC(F)(F)CC2)CC1,Cathepsin S
CS(=O)(=O)N1CCc2c(c(-c3ccc(Cl)c(C#Cc4ccccc4)c3)nn2CCCN2CCOCC2)C1,Cathepsin S
N#CC1(NC(=O)[C@@H]2C[C@@H](S(=O)(=O)c3ccccc3Cl)CN2C(=O)C2(N3CCCC3)CC2)CC1,Cathepsin S
CC1CCN(C(=O)CSc2cc(-c3nn(CCCN4CCC(N5CCCC5=O)CC4)c4c3CN(S(C)(=O)=O)CC4)ccc2C(F)(F)F)CC1,Cathepsin S
CCCC(F)(F)C[C@H](NC(=O)N1CCOCC1)C(=O)N[C@@H](CC)C(=O)c1nc(C2CC2)no1,Cathepsin S
N#Cc1nc(-c2ccc(OCCC3CCNCC3)c(C(F)(F)F)c2)c2ccn(CC3CCCO3)c2n1,Cathepsin S
CCN1CCC(CCOc2ncc(-c3nc(C#N)nc4c3ccn4C)cc2C(F)(F)F)CC1,Cathepsin S
Cn1cnc2c(-c3ccc(OCCC4CCN(C(=O)CO)CC4)c(C(F)(F)F)c3)nc(C#N)nc21,Cathepsin S
N#CC1(n2cc([C@@H](NC(=O)c3ccc(C(N)=O)cc3)C3CCCCC3)nn2)CC1,Cathepsin S
CS(=O)(=O)N1CCc2c(c(-c3ccc(C(F)(F)F)c(SCCN4CCC(O)CC4)c3)nn2CCCN2CCC(N3CCCC3=O)CC2)C1,Cathepsin S
COc1ccc2c(c1)nc(O)n2C1CCN(CC(O)Cn2nc(-c3ccc(Br)cc3)c3c2CCN(C(C)=O)C3)CC1,Cathepsin S
CCOC(=O)CNC(=O)C(=O)C(COCc1ccccc1)NC(=O)[C@H](CC1CCCCC1)NC(=O)Cc1cccs1,Cathepsin S
N#Cc1ncc(C(=O)NCC2(c3ccc(Cl)cc3)CC2)c(N2CC[C@H](S(=O)(=O)c3ccccc3C(F)(F)F)C2)n1,Cathepsin S
CN(C)C(=O)CN1CCC(CCOc2ccc(-c3nc(C#N)nc4c3ccn4CCO)cc2C(F)(F)F)CC1,Cathepsin S
N#Cc1nccc(N2C[C@@H](S(=O)(=O)c3ccccc3C(F)(F)F)C[C@H]2C(=O)O)n1,Cathepsin S
OC(CN1CCCCC1)Cn1nc(-c2ccc(C(F)(F)F)c(SCCN3CCC(F)CC3)c2)c2c1CCNC2,Cathepsin S
CCOC(=O)N1CCC(N2CCC2C(=O)N2C[C@H](S(=O)(=O)c3ccccc3Cl)C[C@H]2C(=O)NC2(C#N)CC2)CC1,Cathepsin S
NC(=O)N1CCc2c(c(-c3ccc(Cl)c(C#Cc4ccc(Cl)c(C(=O)NCCN5CCOCC5)c4)c3)nn2CCCN2CCSCC2)C1,Cathepsin S
CC(C=O)NC(=O)c1cccc(C(F)(F)F)c1Cl,Cathepsin S
N#C[C@]1(NC(=O)[C@@H](CC(=O)N2CCOCC2)CC2CCCCC2)CCN(Cc2ccccc2)C1,Cathepsin S
CCC(C=O)NC(=O)c1cccc(C(F)(F)F)c1,Cathepsin S
CN(C)c1ccc(C(=O)NCCSc2cc(-c3nn(CC(O)CN4CCC(N5CCCC5=O)CC4)c4c3CN(S(C)(=O)=O)CC4)ccc2C(F)(F)F)cc1,Cathepsin S
OC(CN1CCN(c2ccccc2)CC1)Cn1nc(-c2ccccc2)c2c1CCNC2,Cathepsin S
CC(=O)N1CCc2c(c(-c3ccc(Br)cc3)nn2CC(O)CN2CCC(n3c(O)nc4ccccc43)CC2)C1,Cathepsin S
N#CC1(NC(=O)[C@@H]2C[C@@H](S(=O)(=O)c3cccc(C(F)(F)F)c3)CN2C(=O)C2(N3CCCCC3)CC2)CC1,Cathepsin S
CS(=O)(=O)N1CCc2c(c(-c3ccc(C(F)(F)F)c(SCC(=O)N4CCC(CO)CC4)c3)nn2CCCN2CCC(N3CCCC3=O)CC2)C1,Cathepsin S
Clc1ccc(CNCc2ccc(C#Cc3cc(-c4nn(CCCN5CCOCC5)c5c4CNCC5)ccc3Cl)cc2)cc1,Cathepsin S
CCC[C@H](NC(=O)[C@@H](CC(=O)N1CCOCC1)CC(C)(C)C)C(=O)c1nc2ccccc2o1,Cathepsin S
COCC(=O)N1CCc2c(c(-c3ccc(C(F)(F)F)c(SCCN4CCC(F)CC4)c3)nn2C[C@@H](O)CN2CCCCC2)C1,Cathepsin S
CN1CCC[C@H]1C(=O)N1CC(COc2ccc(-c3nc(C#N)nc4c3ccn4C)cc2C(F)(F)F)C1,Cathepsin S
CS(=O)(=O)N1CCc2c(c(-c3ccc(Cl)c(C#Cc4ccc(Cl)cc4)c3)nn2CC(O)CN2CCC(C(N)=O)CC2)C1,Cathepsin S
CC(=O)N1CCc2c(c(-c3ccc(Cl)c(C)c3)nn2CC(O)CN2CCC(n3c(O)nc4ccccc43)CC2)C1,Cathepsin S
N#CC1(n2cc([C@@H](NC(=O)c3ccns3)C3CCCCC3)nn2)CC1,Cathepsin S
CS(=O)(=O)N1CCc2c(c(-c3ccc(C(F)(F)F)c(SCC(=O)N4CCCC4)c3)nn2CC(O)CN2CCC(c3ccccn3)CC2)C1,Cathepsin S
Cc1ccc2[nH]cc(C3CCN(CC(O)Cn4nc(-c5ccc(C(F)(F)F)cc5)c5c4CCN(S(C)(=O)=O)C5)CC3)c2c1,Cathepsin S
[H][C@](C#N)(NC(=O)[C@H](CC(C)C)NC(=O)N1CCOCC1)c1ccccc1,Cathepsin S
CC(=O)N1CCc2c(c(-c3ccc(Cl)cc3)nn2CC(O)CN2CCN(c3ccccc3Cl)CC2)C1,Cathepsin S
O=C(N[C@H](C(=O)c1nc2ccccc2o1)C1CC1)O[C@@H](CC1CCCCC1)C(=O)N1CCOCC1,Cathepsin S
CS(=O)(=O)N1CCc2c(c(-c3ccc(C(F)(F)F)c(SCC(=O)N4CC[C@@H](O)C4)c3)nn2CC(O)CN2CCC(c3ccccn3)CC2)C1,Cathepsin S
N#CC1(NC(=O)[C@@H]2C[C@@H](S(=O)(=O)c3ccccc3Cl)CN2C(=O)C2(N3CCOCC3)CC2)CC1,Cathepsin S
CCn1ccc2c(-c3ccc(OCCC4CCNCC4)c(C(F)(F)F)c3)nc(C#N)nc21,Cathepsin S
CCC(NC(=O)[C@@H]1C[C@@H](S(=O)(=O)c2ccc(-n3cccn3)cc2)CN1C(C)=O)C(=O)c1nc2ccccc2o1,Cathepsin S
O=C(c1ccccn1)N1CCc2c(c(-c3ccc(Cl)c(C#Cc4ccc(Cl)cc4)c3)nn2CCCN2CCOCC2)C1,Cathepsin S
CC(=O)N1CCc2c(c(-c3ccc(Cl)c(C)c3)nn2CC(O)CN2CCC(n3c(=O)n(C(C)C)c4ccccc43)CC2)C1,Cathepsin S
Cn1nnc2c(C#N)nc(-c3ccc(CCCO)c(C(F)(F)F)c3)cc21,Cathepsin S
N#C[C@]1(NC(=O)[C@@H](CC(=O)N2CCOCC2)CC2CCCCC2)CCN(CC2CCCCC2)C1,Cathepsin S
CCOC(=O)CNC(=O)C(=O)C(COCc1ccccc1)NC(=O)[C@H](CC1CCCCC1)NC(=O)c1cc(OC)ccc1[N+](=O)[O-],Cathepsin S
Cn1c(=O)n(C2CCN(CC(O)Cn3nc(-c4ccc(C(F)(F)F)cc4)c4c3CCN(S(C)(=O)=O)C4)CC2)c2cc(Cl)ccc21,Cathepsin S
CS(=O)(=O)N1CCc2c(c(-c3ccc(C(F)(F)F)c(SCC(=O)N4CCOCC4)c3)nn2CC(O)CN2CCC(c3ccccc3F)CC2)C1,Cathepsin S
CCN1CCC(CCOc2ccc(-c3nc(C#N)nc4c3ccn4C3COC3)cc2C(F)(F)F)CC1,Cathepsin S
Cn1cnc2c(-c3ccc(OCCC4CCN(CC(=O)N5CCC(F)(F)C5)CC4)c(C(F)(F)F)c3)nc(C#N)nc21,Cathepsin S
CN1CCC(C2CCN(C[C@H](O)Cn3nc(-c4ccc(Cl)c(C#Cc5ccc(Cl)cc5)c4)c4c3CCN(S(C)(=O)=O)C4)CC2)CC1,Cathepsin S
CS(=O)(=O)N1CCc2c(c(-c3ccc(C(F)(F)F)c(SCCN4CCOCC4)c3)nn2CCCN2CCC(N3CCCC3=O)CC2)C1,Cathepsin S
Cc1ccccc1C#Cc1cc(-c2nn(CCCN3CCOCC3)c3c2CN(S(C)(=O)=O)CC3)ccc1Cl,Cathepsin S
NC(=O)N1CCc2c(c(-c3ccc(Cl)c(C#Cc4ccc(Cl)c(C(=O)NCC5CCCNC5)c4)c3)nn2CCCN2CCSCC2)C1,Cathepsin S
CS(=O)(=O)N1CCc2c(c(-c3ccc(Cl)c(SCCOc4ccccc4)c3)nn2CCCN2CCOCC2)C1,Cathepsin S
Cc1ccc(C#Cc2cc(-c3nn(CCCN4CCOCC4)c4c3CN(S(C)(=O)=O)CC4)ccc2Cl)cc1,Cathepsin S
N#Cc1nccc(N2CC[C@H](S(=O)(=O)c3ccccc3C(F)(F)F)C2)n1,Cathepsin S
N#Cc1nc(-c2cnc(OCCC3CCNCC3)c(C(F)(F)F)c2)c2ccn(CC(=O)N3CCOCC3)c2n1,Cathepsin S
N#Cc1nccc(N2C[C@@H](S(=O)(=O)c3ccccc3C(F)(F)F)C[C@H]2C(=O)NC2(C#N)CC2)n1,Cathepsin S
CS(=O)(=O)C1CCc2c(c(-c3ccc(C(F)(F)F)c(SCCO)c3)nn2CCCN2CCC(N3CCCC3=O)CC2)C1,Cathepsin S
CC(=O)N1C[C@H](S(=O)(=O)c2ccccc2)C[C@H]1C(=O)NC(C)C(=O)c1nc2ccccc2o1,Cathepsin S
CCC(C=O)NC(=O)c1cccc(C(F)(F)F)c1OC,Cathepsin S
Cc1cccc(N2CCC(CCOc3ccc(-c4cc5c(nnn5C)c(C#N)n4)cc3C(F)(F)F)CC2)n1,Cathepsin S
C[C@@](NCc1ccsc1)(c1cn(C2(C#N)CC2)nn1)C1CCCCC1,Cathepsin S
CC(=O)N1CCc2c(c(-c3ccc(Cl)c(C)c3)nn2C[C@H](O)CN2CCC(n3c(O)nc4ccc(Cl)cc43)CC2)C1,Cathepsin S
[H][C@@](C#N)(COCc1ccccc1C)NC(=O)[C@H](CC(C)(C)C)NC(=O)N1CCOCC1,Cathepsin S
CCN1CCC(CCOc2ccc(-c3nc(C#N)nc4c3ccn4CC3CCCO3)cc2C(F)(F)F)CC1,Cathepsin S
N#CC1(NC(=O)[C@@H]2C[C@@H](S(=O)(=O)c3ccccc3Cl)CN2C(=O)C2(N3CCCCCC3)CC2)CC1,Cathepsin S
O=C(CSc1cc(-c2nn(CC(O)CN3CCC(c4ccccn4)CC3)c3c2CNCC3)ccc1C(F)(F)F)N1CCCC1,Cathepsin S
NCC(=O)N1CCc2c(c(-c3ccc(C(F)(F)F)c(SCCN4CCC(F)CC4)c3)nn2CC(O)CN2CCCCC2)C1,Cathepsin S
CCCCc1ccc(-c2ccccc2OCC(=O)Nc2ccc3c(C)c(CC(=O)O)c(=O)oc3c2)c(F)c1F,Cathepsin S
N#Cc1nccc(N2C[C@@H](S(=O)(=O)c3ccccc3C(F)(F)F)C[C@H]2C(=O)N2CCC(F)(F)C2)n1,Cathepsin S
[H][C@@](NC(=O)N1CCOCC1)(C(=O)N[C@H](C#N)CCc1ccccc1)C(C)C,Cathepsin S
Cc1[nH]c2ccc(Cl)cc2c1C1CCN(CC(O)Cn2nc(-c3ccc(C(F)(F)F)cc3)c3c2CCN(S(C)(=O)=O)C3)CC1,Cathepsin S
NC(=O)N1CCc2c(c(-c3ccc(Cl)c(C#Cc4ccc(C(=O)NCc5ccc(Cl)cc5)cc4)c3)nn2CCCN2CCSCC2)C1,Cathepsin S
CC(=O)N1CCc2c(c(-c3ccc(C(F)(F)F)cc3)nn2CC(O)CN2CCC(n3c(O)nc4ccccc43)CC2)C1,Cathepsin S
N#CC1(NC(=O)[C@@H]2C[C@@H](S(=O)(=O)c3ccccc3Cl)CN2C(=O)C2(N3CCN(C(=O)C(F)(F)F)CC3)CC2)CC1,Cathepsin S
CCOC(=O)CNC(=O)C(=O)C(COCc1ccccc1)NC(=O)[C@H](CC1CCCCC1)NC(=O)c1cncc(C)n1,Cathepsin S
CCC(NC(=O)[C@@H]1C[C@@H](S(=O)(=O)c2ccccc2Cl)CN1C(C)=O)C(=O)c1nc2ccccc2o1,Cathepsin S
CS(=O)(=O)N1CCc2c(c(-c3ccc(C(F)(F)F)cc3)nn2CCCN2CCC(c3c(C(=O)NCCN)sc4cc(F)ccc34)CC2)C1,Cathepsin S
CCOC(=O)N1CCC(N2CCC2C(=O)N2C[C@H](S(=O)(=O)c3ccc(F)cc3Cl)C[C@H]2C(=O)NC2(C#N)CC2)CC1,Cathepsin S
N#Cc1cncc(N2C[C@@H](S(=O)(=O)c3ccccc3Cl)C[C@H]2C(=O)NCC(F)(F)F)n1,Cathepsin S
N#CC1(n2cc([C@@H](NC(=O)c3nccs3)C3CCCCC3)nn2)CC1,Cathepsin S
CN(C)CCSc1cc(-c2nn(CCCN3CCC(N4CCCC4=O)CC3)c3c2CN(S(C)(=O)=O)CC3)ccc1C(F)(F)F,Cathepsin S
CS(=O)(=O)N1CCc2c(c(-c3ccc(C(F)(F)F)c(SCCNC(=O)C4CCCNC4)c3)nn2CC(O)CN2CCC(N3CCCC3=O)CC2)C1,Cathepsin S
CS(=O)(=O)N1CCc2c(c(-c3ccc(Cl)c(C#Cc4ccsc4)c3)nn2CCCN2CCOCC2)C1,Cathepsin S
CC(=O)N1CCc2c(c(-c3ccc(I)cc3)nn2CC(O)CN2CCC(n3c(O)nc4ccccc43)CC2)C1,Cathepsin S
N#CC1(n2cc([C@@H](NC(=O)c3cn[nH]c3)C3CCCCC3)nn2)CC1,Cathepsin S
CCOC(=O)N1CCC(N2CCC2C(=O)N2C[C@H](Sc3ccccc3OC)C[C@H]2C(=O)NC2(C#N)CC2)CC1,Cathepsin S
COc1ccccc1C1CCN(CC(O)Cn2nc(-c3ccc(C(F)(F)F)c(SCC(=O)N4CCCC4)c3)c3c2CCNC3)CC1,Cathepsin S
CCOC(=O)CNC(=O)C(=O)[C@H](COCc1ccccc1)NC(=O)[C@H](CC1CCCCC1)NC(=O)C(=O)c1cccs1,Cathepsin S
N#Cc1ncc(C(=O)NCC(F)(F)F)c(N2CC[C@H](S(=O)(=O)c3ccccc3C(F)(F)F)C2)n1,Cathepsin S
CS(=O)(=O)N1CCC(N2CCC2C(=O)N2C[C@H](S(=O)(=O)c3ccccc3Cl)C[C@H]2C(=O)NC2(C#N)CC2)CC1,Cathepsin S
N#Cc1ccccc1N1CCN(CC(O)Cn2nc(-c3ccc(I)cc3)c3c2CCN(C(N)=O)C3)CC1,Cathepsin S
CCC(NC(=O)[C@@H]1C[C@@H](S(=O)(=O)c2ccccc2)CN1C(=O)c1ccncc1)C(=O)c1nc2ccccc2o1,Cathepsin S
CC#Cc1cc(-c2nn(CCCN3CCOCC3)c3c2CN(S(C)(=O)=O)CC3)ccc1Cl,Cathepsin S
CC(C)(C#N)NC(=O)[C@H](CC1CCCCC1)NC(=O)N1CCOCC1,Cathepsin S
CCC(C=O)NC(=O)c1cccc(C(F)(F)F)c1F,Cathepsin S
NC(=O)C(=O)N1CCc2c(c(-c3ccc(Cl)c(C#Cc4ccc(CNCc5ccc(Cl)cc5)cc4)c3)nn2CCCN2CCCCC2)C1,Cathepsin S
C[C@@](NCc1ccccc1)(c1cn(C2(C#N)CC2)nn1)C1CCCCC1,Cathepsin S
N#Cc1nc2c(c(N3CC[C@H](S(=O)(=O)c4ccc(OCC(F)(F)F)cc4Cl)C3)n1)CN(CC(F)(F)F)C2,Cathepsin S
CCCS(=O)(=O)N1CCc2c(c(-c3ccc(C(F)(F)F)c(SCCN4CCC(F)CC4)c3)nn2C[C@@H](O)CN2CCCCC2)C1,Cathepsin S
CS(=O)(=O)N1CCc2c(c(-c3ccc(C(F)(F)F)cc3)nn2CC(O)CN2CCC(n3c(O)nc4ccc(Cl)cc43)CC2)C1,Cathepsin S
[H][C@@](C#N)(COCc1ccccc1Cl)NC(=O)[C@H](CC(C)C)NC(=O)N1CCOCC1,Cathepsin S
N#CC1(n2cc([C@@H](NC(=O)N3CCCCC3)C3CCCCC3)nn2)CC1,Cathepsin S
N#C[C@H](COCc1ccccc1)NC(=O)[C@@H](CC(=O)N1CCOCC1)CC1CCCCC1,Cathepsin S
COc1ccccc1N1CCN(CC(O)Cn2nc(-c3ccc(Cl)cc3)c3c2CCN(C(C)=O)C3)CC1,Cathepsin S
CCC(NC(=O)[C@@H]1C[C@@H](S(=O)(=O)c2ccccc2)CN1C(=O)N1CCCC1)C(=O)c1nc2ccccc2o1,Cathepsin S
N#Cc1ccnc(N2CC[C@H](S(=O)(=O)c3ccc(N4CCN5CCC[C@H]5C4)cc3Cl)C2)n1,Cathepsin S
CS(=O)(=O)N1CCc2c(c(-c3ccc(Cl)c(SCCc4ccccc4)c3)nn2CCCN2CCOCC2)C1,Cathepsin S
CCOC(=O)N1CCC(N2CCC2C(=O)N2C[C@H](S(=O)(=O)c3ccc(C)cc3)C[C@H]2C(=O)NC2(C#N)CC2)CC1,Cathepsin S
N#Cc1nccc(N2C[C@@H](S(=O)(=O)c3ccccc3C(F)(F)F)C[C@@H]2CN2CCOCC2)n1,Cathepsin S
COc1cccc(C(=O)N[C@H](c2cn(C3(C#N)CC3)nn2)C2CCCCC2)c1,Cathepsin S
CC(C)C[C@H](NC(=O)N1CCOCC1)C(=O)NCC#N,Cathepsin S
CN(C)C(=O)CN1CCCC(COc2ccc(-c3nc(C#N)nc4c3ccn4C)cc2C(F)(F)F)C1,Cathepsin S
CC(C)N1CCC[C@H]1C(=O)N1CCC(CCOc2ncc(-c3nc(C#N)nc4c3ncn4C)cc2C(F)(F)F)CC1,Cathepsin S
O=C(C1CCCO1)N1CCc2c(c(-c3ccc(Cl)c(C#Cc4ccc(Cl)cc4)c3)nn2CCCN2CCOCC2)C1,Cathepsin S
CCOC(=O)N1CCC(N2CCC2C(=O)N2C[C@H](S(=O)(=O)c3cccc(Cl)c3)C[C@H]2C(=O)NC2(C#N)CC2)CC1,Cathepsin S
CS(=O)(=O)N1CCc2c(c(-c3ccc(C(F)(F)F)c(SCCN4CCCCC4)c3)nn2CCCN2CCC(N3CCCC3=O)CC2)C1,Cathepsin S
O=C(CSc1cc(-c2nn(CC(O)CN3CCC(c4ccccn4)CC3)c3c2CN(C(=O)CO)CC3)ccc1C(F)(F)F)N1CCOCC1,Cathepsin S
N#Cc1ncc(O)c(N2CC[C@H](S(=O)(=O)c3ccccc3C(F)(F)F)C2)n1,Cathepsin S
CS(=O)(=O)N1CCc2c(c(-c3ccc(C(F)(F)F)c(SCC(=O)N4CCOCC4)c3)nn2CCCN2CCC(N3CCCC3=O)CC2)C1,Cathepsin S
N#CC1(NC(=O)[C@@H]2C[C@@H](S(=O)(=O)c3ccccc3Cl)CN2C(=O)C2(N3CCNCC3)CC2)CC1,Cathepsin S
N#CC1(n2cc([C@@H](NCc3ccccc3)C3CCCCC3)nn2)CC1,Cathepsin S
CC(C)N1CCC(CCOc2ncc(-c3nc(C#N)nc4c3ncn4C)cc2C(F)(F)F)CC1,Cathepsin S
N#CC1(NC(=O)[C@@H]2C[C@@H](S(=O)(=O)c3ccccc3Cl)CN2C(=O)C2(N3CCCCC3)CC2)CC1,Cathepsin S
CCN1CCC(CCOc2ccc(-c3nc(C#N)nc4c3ccn4CCOC)cc2C(F)(F)F)CC1,Cathepsin S
COC(=O)[C@H](NCc1ccc(C#Cc2cc(-c3nn(CCCN4CCOCC4)c4c3CN(S(C)(=O)=O)CC4)ccc2Cl)cc1)c1ccccc1,Cathepsin S
CCN1CCC(CCOc2ncc(-c3nc(C#N)nc4c3ncn4CC3CCOC3)cc2C(F)(F)F)CC1,Cathepsin S
N#CC1(n2cc([C@@H](NC(=O)c3ccsc3)C3CCCOC3)nn2)CC1,Cathepsin S
CCCC[C@@H](C(=O)Nc1ccc2c(C)c(CC(=O)O)c(=O)oc2c1)n1cc([C@@](C)(NC(=O)c2ccsc2)C2CCC(C)CC2)nn1,Cathepsin S
CC[C@H](NC(=O)[C@H](CS(=O)(=O)Cc1ccccc1)OC(=O)N1CCOCC1)C(=O)c1nc2ccccc2o1,Cathepsin S
CC(C)(C)N1CCN(c2ccc(S(=O)(=O)[C@H]3CCN(c4cc(C(F)(F)F)nc(C#N)n4)C3)c(Cl)c2)CC1,Cathepsin S
N#Cc1nc(-c2cnc(OCCC3CCNCC3)c(C(F)(F)F)c2)c2ccn(CC3CCOC3)c2n1,Cathepsin S
N#CC1(n2cc([C@H](CC3CCCCC3)NC(=O)c3ccsc3)nn2)CC1,Cathepsin S
CN1CCN(c2nc(-c3ccc(C(=O)NC4(C(=O)NCC(F)(F)F)CCCCC4)cc3)cs2)CC1,Cathepsin S
CS(=O)(=O)N1CCc2c(c(-c3ccc(Br)cc3)nn2CC(O)CN2CCC(N3CCc4ccccc4C3)CC2)C1,Cathepsin S
N#CC1(n2cc([C@@H](NC(=O)c3ccsc3)c3ccccc3)nn2)CC1,Cathepsin S
CS(=O)(=O)N1CCc2c(c(-c3ccc(C(F)(F)F)c(SCCN4CCC(c5ccccc5)CC4)c3)nn2CCCN2CCC(N3CCCC3=O)CC2)C1,Cathepsin S
CS(=O)(=O)N1CCc2c(c(-c3ccc(Cl)c(C#Cc4ccc(Cl)cc4)c3)nn2CC(O)CN2CCOCC2)C1,Cathepsin S
CC(=O)N1CCC(N2CCC2C(=O)N2C[C@H](S(=O)(=O)c3ccccc3Cl)C[C@H]2C(=O)NC2(C#N)CC2)CC1,Cathepsin S
N#Cc1ncc2cc(Cc3cccc4ccccc34)n(CCC3CCCCC3)c2n1,Cathepsin S
CC(=O)N1C[C@H](S(=O)(=O)c2ccccc2)C[C@H]1C(=O)NC(C(=O)c1nc2ccccc2o1)C(C)C,Cathepsin S
N#CC1(n2cc([C@@H](NC(=O)c3ccncc3)C3CCCCC3)nn2)CC1,Cathepsin S
[H][C@@](Cc1ccccc1)(NC(=O)N1CCOCC1)C(=O)N[C@H](C#N)CCc1ccccc1,Cathepsin S
CCCC[C@@H](C(=O)Nc1ccc2c(C)c(CC(=O)O)c(=O)oc2c1)n1cc([C@@](C)(NC(=O)c2ccsc2)C(C)C)nn1,Cathepsin S
N#Cc1nc(N2CC[C@H](S(=O)(=O)c3ccc(F)cc3Cl)C2)cc(C(F)(F)F)n1,Cathepsin S
CCOC(=O)N1CCC(N2CCC2C(=O)N2C[C@H](Sc3ccccc3OC(F)(F)F)C[C@H]2C(=O)NC2(C#N)CC2)CC1,Cathepsin S
CS(=O)(=O)N1CCc2c(c(-c3ccc(C(F)(F)F)c(SCCN4CCCCC4)c3)nn2CCCN2CCC(N3CCCC3)CC2)C1,Cathepsin S
N#Cc1nc(-c2ccc(OCCC3CCNCC3)c(C(F)(F)F)c2)c2ccn(CC3CCOC3)c2n1,Cathepsin S
Cn1cnc2c(-c3ccc(OCC(=O)N4CCNCC4)c(C(F)(F)F)c3)nc(C#N)nc21,Cathepsin S
Cc1cnc(C#N)nc1N1CC[C@H](S(=O)(=O)c2ccccc2C(F)(F)F)C1,Cathepsin S
CN1CCC[C@H]1C(=O)N1CCCC(COc2ccc(-c3nc(C#N)nc4c3ccn4C)cc2C(F)(F)F)C1,Cathepsin S
N#CC1(n2cc([C@@H](NC(=O)c3ccsc3)C3CCCCO3)nn2)CC1,Cathepsin S
N#CC1(n2cc([C@@H](NCc3ccsc3)C3CCCCC3)nn2)CC1,Cathepsin S
Cc1ccccc1N1CCN(CC(O)Cn2nc(-c3ccc(I)cc3)c3c2CCN(C(N)=O)C3)CC1,Cathepsin S
CC(C)CC#Cc1cc(-c2nn(CCCN3CCOCC3)c3c2CN(S(C)(=O)=O)CC3)ccc1Cl,Cathepsin S
Cc1nnc(CN2CCC(CCOc3ccc(-c4nc(C#N)nc5c4ncn5C)cc3C(F)(F)F)CC2)o1,Cathepsin S
CCC(NC(=O)[C@@H]1C[C@@H](S(=O)(=O)c2ccccc2)CN1C(=O)CCOC)C(=O)c1nc2ccccc2o1,Cathepsin S
CS(=O)(=O)N1CCc2c(c(-c3ccc(C(F)(F)F)c(SCCN4CCCCC4)c3)nn2CCCN2CCOCC2)C1,Cathepsin S
[H][C@](C#N)(NC(=O)[C@H](CC(C)C)NC(=O)N1CCOCC1)C(C)(C)C,Cathepsin S
CC(C)N1CCC[C@H]1C(=O)N1CCC(COc2ncc(-c3nc(C#N)nc4c3ccn4C)cc2C(F)(F)F)CC1,Cathepsin S
CC1(C[C@H](CC(=O)N2CCOCC2)C(=O)N[C@]2(C#N)CCN(C3CCCCC3)C2)CCCCC1,Cathepsin S
N#Cc1nc(N2CC[C@H](S(=O)(=O)c3ccccc3C(F)(F)F)C2)cc(C(F)(F)F)n1,Cathepsin S
N#CC1(n2cc([C@@H](NC(=O)N3CCOCC3)C3CCCCC3)nn2)CC1,Cathepsin S
CS(=O)(=O)N1CCc2c(c(-c3ccc(C(F)(F)F)c(SCCN4CCCCC4)c3)nn2CC(O)CN2CCC(C(=O)N3CCCC3)CC2)C1,Cathepsin S
N#CC1(NC(=O)[C@@H](CC(=O)N2CCOCC2)CC2CCCCC2)CC1,Cathepsin S
CCC(=O)N1CCc2c(c(-c3ccc(C(F)(F)F)c(SCCN4CCC(F)CC4)c3)nn2C[C@@H](O)CN2CCCCC2)C1,Cathepsin S
CNS(=O)(=O)c1ccc(C(=O)N[C@H](c2cn(C3(C#N)CC3)nn2)C2CCCCC2)cc1,Cathepsin S
CS(=O)(=O)N1CCc2c(c(-c3ccc(C(F)(F)F)c(SCC(=O)N4CCOCC4)c3)nn2CC(O)CN2CCC(N3C(=O)COc4ccccc43)CC2)C1,Cathepsin S
[H][C@@](C#N)(CCC)NC(=O)[C@H](CC(C)C)NC(=O)N1CCOCC1,Cathepsin S
N#CC1(NC(=O)[C@@H]2C[C@@H](S(=O)(=O)c3ccccc3Cl)CN2C(=O)C2CCN2C2CCCCC2)CC1,Cathepsin S
CS(=O)(=O)N1CCc2c(c(-c3ccc(C(F)(F)F)cc3)nn2CC(O)CN2CCC(c3csc4cc(F)ccc34)CC2)C1,Cathepsin S
CN1C[C@@H](O)C[C@H]1C(=O)N1CCC(CCOc2ccc(-c3nc(C#N)nc4c3ncn4C)cc2C(F)(F)F)CC1,Cathepsin S
CN1CCC(C#N)(NC(=O)[C@@H](CC(=O)N2CCOCC2)CC2CCCCC2)CC1,Cathepsin S
CC(=O)N1CCc2c(c(-c3ccc(Br)cc3)nn2CC(O)CN2CCC(n3c(O)nc4cc(C)ccc43)CC2)C1,Cathepsin S
CC(=O)Nc1ccc(C(=O)N[C@H](c2cn(C3(C#N)CC3)nn2)C2CCCCC2)cc1,Cathepsin S
CC(=O)N1CCc2c(c(-c3ccc(Cl)c(C)c3)nn2CC(O)CN2CCC(n3c(=O)n(C)c4ccccc43)CC2)C1,Cathepsin S
O=C(CO)N1CCc2c(c(-c3ccc(C(F)(F)F)c(SCCN4CCC(F)CC4)c3)nn2C[C@@H](O)CN2CCCCC2)C1,Cathepsin S
N#Cc1cncc(N2CC[C@H](S(=O)(=O)c3ccc(F)cc3Cl)C2)n1,Cathepsin S
CC(=O)N1CCc2c(c(-c3ccc(Cl)c(C)c3)nn2C[C@@H](O)CN2CCC(n3c(O)nc4ccc(Cl)cc43)CC2)C1,Cathepsin S
N#CC1(n2cc([C@@H](NC(=O)N3CCS(=O)(=O)CC3)C3CCCCC3)nn2)CC1,Cathepsin S
CC(C)N1CCC(CCOc2ccc(-c3nc(C#N)nc4c3ccn4CC3CCOC3)cc2C#N)CC1,Cathepsin S
CS(=O)(=O)N1CCc2c(c(-c3ccc(Cl)c(C#Cc4ccc(CNC(=O)c5ccccc5)cc4)c3)nn2CCCN2CCOCC2)C1,Cathepsin S
CS(=O)(=O)N1CCc2c(c(-c3ccc(Cl)c(C#Cc4ccc(Cl)cc4)c3)nn2C[C@@H](O)CN2CCC(C3CCNCC3)CC2)C1,Cathepsin S
CS(=O)(=O)N1CCc2c(c(-c3ccc(C(F)(F)F)c(SCCN4CCC(O)CC4)c3)nn2CC(O)CN2CCCCC2)C1,Cathepsin S
CN(Cc1ccccc1)Cc1ccc(C#Cc2cc(-c3nn(CCCN4CCOCC4)c4c3CN(S(C)(=O)=O)CC4)ccc2Cl)cc1,Cathepsin S
CN(C)C(=O)N1CCc2c(c(-c3ccc(Cl)c(C#Cc4ccc(CNCc5ccc(Cl)cc5)cc4)c3)nn2CCCN2CCOCC2)C1,Cathepsin S
Cn1ccc2c(-c3ccc(OCCOC4CCNCC4)c(C(F)(F)F)c3)nc(C#N)nc21,Cathepsin S
CN1CCN(CCSc2cc(-c3nn(CCCN4CCC(N5CCCC5=O)CC4)c4c3CN(S(C)(=O)=O)CC4)ccc2C(F)(F)F)CC1,Cathepsin S
CC1(C)CC(N2CCC2C(=O)N2C[C@H](S(=O)(=O)c3ccccc3Cl)C[C@H]2C(=O)NC2(C#N)CC2)CCO1,Cathepsin S
CC(C)CN1CC[C@@](C#N)(NC(=O)[C@@H](CC(=O)N2CCOCC2)CC2CCCCC2)C1,Cathepsin S
CCN1CCCC(CCOc2ncc(-c3nc(C#N)nc4c3ccn4C)cc2C(F)(F)F)C1,Cathepsin S
CS(=O)(=O)N1CCc2c(c(-c3ccc(C(F)(F)F)cc3)nn2CC(O)CN2CCC(c3c[nH]c4c(Cl)cccc34)CC2)C1,Cathepsin S
N#CC1(n2cc([C@@H](NC(=O)c3ccccc3F)C3CCCCC3)nn2)CC1,Cathepsin S
CN(C)C(=O)N1CCC(CCOc2ccc(-c3nc(C#N)nc4c3ncn4C)cc2C(F)(F)F)CC1,Cathepsin S
N#CC1(n2cc([C@@H](NC(=O)c3cscn3)C3CCCCC3)nn2)CC1,Cathepsin S
CCOC(=O)CNC(=O)C(=O)[C@H](COCc1ccccc1)NC(=O)[C@H](CC(C)C)NC(=O)c1cccc2c1C(=O)c1ccccc1-2,Cathepsin S
Cn1ccc2c(-c3ccc(SCCC4CCNCC4)c(C(F)(F)F)c3)nc(C#N)nc21,Cathepsin S
N#Cc1nc(-c2ccc(OCCC3CCOCC3)c(C(F)(F)F)c2)c2ccn(CC(=O)N3CCC(CN4CCCC4)CC3)c2n1,Cathepsin S
Cc1cc(-c2nn(CC(O)CN3CCC(n4c(O)nc5ccc(Cl)cc54)CC3)c3c2CN(S(C)(=O)=O)CC3)ccc1Cl,Cathepsin S
Cn1ccc2c(-c3cnc(OCC4CCN(CC(C)(C)O)CC4)c(C(F)(F)F)c3)nc(C#N)nc21,Cathepsin S
CC(C)C[C@](C)(NC(=O)N1CCOCC1)C(=O)N[C@H](C#N)CCc1ccccc1,Cathepsin S
N#Cc1ccccc1N1CCN(CC(Cn2nc(-c3ccc(I)cc3)c3c2CCN(C(N)=O)C3)OC(N)=O)CC1,Cathepsin S
CN1CCC[C@@H]1C(=O)N1CC[C@@H](OCCOc2ncc(-c3nc(C#N)nc4c3ccn4C)cc2C(F)(F)F)C1,Cathepsin S
[H][C@](CC(C)C)(NC(=O)N1CCOCC1)C(=O)N[C@H](C#N)CCc1ccccc1,Cathepsin S
N#C[C@@]1(NC(=O)[C@@H](CC(=O)N2CCOCC2)CC2CCCCC2)CCN(C2CCCC2)C1,Cathepsin S
CC1CCCN1C(=O)CSc1cc(-c2nn(CCCN3CCC(N4CCCC4=O)CC3)c3c2CN(S(C)(=O)=O)CC3)ccc1C(F)(F)F,Cathepsin S
CCC(NC(=O)[C@@H]1C[C@@H](S(=O)(=O)c2ccccc2)CN1CC(C)=O)C(=O)c1nc2ccccc2o1,Cathepsin S
Cn1cnc2c(-c3cnc(OCCC4CCN5CCCC5C4)c(C(F)(F)F)c3)nc(C#N)nc21,Cathepsin S
N#Cc1cncc(N2CC[C@H](S(=O)(=O)c3ccccc3C(F)(F)F)C2)n1,Cathepsin S
CS(=O)(=O)N1CCc2c(c(-c3ccc(C(F)(F)F)cc3)nn2CC(O)CN2CCC(c3c[nH]c4ccc(Cl)cc34)CC2)C1,Cathepsin S
N#Cc1nc(-c2ccc(OCCC3CCN(CCO)CC3)c(C(F)(F)F)c2)c2ccn(CC3CCOC3)c2n1,Cathepsin S
CS(=O)(=O)N1CCc2c(c(-c3ccc(Cl)c(C#Cc4ccc(CN)cc4)c3)nn2CCCN2CCOCC2)C1,Cathepsin S
CC(=O)N1CCc2c(c(-c3ccc(Cl)c(C)c3)nn2CC(O)CN2CCC(n3c(O)nc4cc(C)ccc43)CC2)C1,Cathepsin S
COc1ccccc1C1CCN(CC(O)Cn2nc(-c3ccc(C(F)(F)F)c(SCC(=O)N4CCOCC4)c3)c3c2CCN(C(C)=O)C3)CC1,Cathepsin S
CC[C@@H](NC(=O)[C@@H]1C[C@@H](S(=O)(=O)c2ccccc2)CN1C(C)=O)C(=O)c1nc2ccccc2o1,Cathepsin S
O=C(c1nc[nH]n1)N1CCc2c(c(-c3ccc(C(F)(F)F)c(SCCN4CCC(F)CC4)c3)nn2C[C@@H](O)CN2CCCCC2)C1,Cathepsin S
CCN1CCC(OCCOc2ccc(-c3nc(C#N)nc4c3ccn4C)cc2C(F)(F)F)CC1,Cathepsin S
O=C(CSc1cc(-c2nn(CC(O)CN3CCC(c4ccccn4)CC3)c3c2CNCC3)ccc1C(F)(F)F)N1CCOCC1,Cathepsin S
Cn1c(=O)n(C2CCN(CCCn3ccnc(-c4ccc(Cl)c(CNC(=O)c5ccc(F)cc5)c4)c3=O)CC2)c2cc(Cl)ccc21,Cathepsin S
N#CC1(NC(=O)[C@@H]2C[C@@H](S(=O)(=O)c3ccccc3Cl)CN2C(=O)C2(N3CCSCC3)CC2)CC1,Cathepsin S
C[C@H](Oc1ccc(S(=O)(=O)[C@H]2CCN(c3cc(C(F)(F)F)nc(C#N)n3)C2)c(Cl)c1)C(F)(F)F,Cathepsin S
COC(=O)N1CCc2c(c(-c3ccc(Cl)c(C#Cc4ccc(Cl)cc4)c3)nn2CCCN2CCOCC2)C1,Cathepsin S
CCOC(=O)CNC(=O)C(=O)C(COCc1ccccc1)NC(=O)[C@H](CC1CCCCC1)NC(=O)c1cccc(F)c1F,Cathepsin S
