smiles,targetname
O=C(O)c1cccc(NC(=O)C2CC(=O)N(Cc3ccccc3)C2)c1,Chromobox protein homolog 1
CCCNS(=O)(=O)c1ccc(OCC(=O)NCCCOC)cc1,Chromobox protein homolog 1
CC(=O)N1CCOc2ccc(S(=O)(=O)NC(C)c3ccccc3)cc21,Chromobox protein homolog 1
Cn1c(=O)n(C)c2cc(CNCc3ccc(F)cc3)ccc21,Chromobox protein homolog 1
C#CCN1C(C)=CC(=O)[C@@H](O)[C@H]1c1ccccc1Br,Chromobox protein homolog 1
CCC(C)NC(=O)CSc1nnc(-c2ccoc2C)n1CC1CCCO1,Chromobox protein homolog 1
CCc1c(CN2CCN(c3cccc(C)c3C)CC2)csc1C,Chromobox protein homolog 1
O=C(NN=C(c1ccccc1)c1ccccc1)C(CCl)C1CCCCC1,Chromobox protein homolog 1
COC(CNC(=O)C(=O)Nc1cc2c3c(c1)CC(=O)N3CCC2)OC,Chromobox protein homolog 1
CC1CC(CC(=O)NC(=S)Nc2ccccc2Cl)C(=O)O1,Chromobox protein homolog 1
CCOc1ccc(-n2c(=O)[nH]cc(C(=O)N3CCc4ccccc43)c2=O)cc1,Chromobox protein homolog 1
N#Cc1ccc(S(=O)(=O)NCCc2ccncc2)cc1,Chromobox protein homolog 1
CC1CCN(C(=O)c2nn(C)c3c2CS(=O)(=O)c2ccccc2-3)CC1,Chromobox protein homolog 1
O=C(NCc1ccc(F)cc1)N1CCN(C(=O)c2ccccc2)CC1,Chromobox protein homolog 1
O/N=C/c1cc(Br)cs1,Chromobox protein homolog 1
CCCn1c(O)nnc1SCC(=O)N(C)CC(=O)Nc1ccc(C)cc1,Chromobox protein homolog 1
CCNc1nc(OC)nc(SCC(=O)Nc2ccccc2)n1,Chromobox protein homolog 1
Cc1cc(=O)cc(C)n1-c1ccccc1N,Chromobox protein homolog 1
CCCC12CN3CC(CCC)(CN(C1)C3c1ccc(OC(C)C)cc1)C2=O,Chromobox protein homolog 1
O=C(O)C(F)(F)F.[H][C@]12CN(C)/C(=NCc3ccccc3)N1[C@@](Cc1ccccc1)(C(=O)OC)[C@@]1([H])C(=O)N(Cc3ccccc3)C(=O)[C@@]21[H],Chromobox protein homolog 1
C[N+](C)(C)CCOc1ccc([N+](=O)[O-])cc1.[Br-],Chromobox protein homolog 1
COc1ccc(C(=O)C2CCCN(Cc3c(O)cccc3OC)C2)cc1OC,Chromobox protein homolog 1
Cn1c(=O)c2c(nc(N3CCN(C(=O)c4ccco4)CC3)n2CCSc2ncccn2)n(C)c1=O,Chromobox protein homolog 1
CCOc1ccc(OCC)c(NS(=O)(=O)c2cc(-c3onc(C)c3C)ccc2OC)c1,Chromobox protein homolog 1
Cc1nn(-c2ccccc2)c(-c2ccccc2[N+](=O)[O-])c1C(=O)O,Chromobox protein homolog 1
C[C@@H]1CN([C@H](C)CO)C(=O)c2cc(NC(=O)C3CCCCC3)ccc2O[C@@H]1CN(C)Cc1ccncc1,Chromobox protein homolog 1
COc1ccc(N(CC(=O)Nc2ccc(C)cc2)S(=O)(=O)c2c(C)noc2C)cc1,Chromobox protein homolog 1
CN(CC(=O)NCc1ccccn1)S(=O)(=O)c1ccc(Cl)cc1,Chromobox protein homolog 1
CC(C)NC(=O)CN1CCN(Cc2nc(-c3cccs3)no2)CC1,Chromobox protein homolog 1
CCc1ccc(OCC(=O)OC(C)C(=O)NC2CC2)cc1,Chromobox protein homolog 1
COc1cc(Oc2ccccc2)nc(N)n1,Chromobox protein homolog 1
Cc1ccc2c(=O)cc(C(=O)Nc3cccc(Cl)c3C)oc2c1C,Chromobox protein homolog 1
CCOc1ccc(CN2CCN(Cc3ccon3)CC2CCO)cc1,Chromobox protein homolog 1
CC(OC(=O)c1cccnc1Cl)C(=O)NCc1ccccc1,Chromobox protein homolog 1
CC(=O)c1ccc(S(=O)(=O)NCC2(N3CCOCC3)CCCCC2)cc1,Chromobox protein homolog 1
O=C(COC(=O)Cc1cccs1)NCC(=O)Nc1ccc(F)cc1,Chromobox protein homolog 1
OCC[C@@H]1C[C@@H](O)[C@H](O)[C@@]2(CCc3ccccc3CO2)O1,Chromobox protein homolog 1
Cc1ccc(S(=O)(=O)N2CCCC(C(=O)NC3CC3)C2)cc1,Chromobox protein homolog 1
NC(=O)NN=C1c2cc(S(=O)(=O)N3CCOCC3)ccc2-c2ccc(S(=O)(=O)N3CCOCC3)cc21,Chromobox protein homolog 1
CCOC(=O)c1cnc2ncnn2c1N,Chromobox protein homolog 1
COc1ccc(CNC(=O)C2(CC3CC(c4ccccc4)=NO3)CCN(C(=O)c3cccc(O)c3)CC2)cc1,Chromobox protein homolog 1
O=C(C1CCN(S(=O)(=O)c2ccccc2)CC1)N1CCC2(CC1)OCCO2,Chromobox protein homolog 1
CCN1CCN(S(=O)(=O)c2ccc(F)c(C(=O)Nc3c(F)cc(F)cc3Br)c2)CC1,Chromobox protein homolog 1
O=C(Nc1ccc(C(=O)N2CCCCC2)cc1)C1CCC1,Chromobox protein homolog 1
O=C(NCCc1ccccc1C(F)(F)F)C1CCC(=O)N(C2CC2)C1,Chromobox protein homolog 1
Cc1cccc(C(=O)OCC(=O)NCc2ccc3c(c2)OCO3)c1C,Chromobox protein homolog 1
CCC(C)NC(=O)Cn1ncc2c([nH]c3ccc(C)cc32)c1=O,Chromobox protein homolog 1
Cl.c1ccc(CNC2=NCCCCC2)cc1,Chromobox protein homolog 1
Cc1nnc(SCCC(C)C)nc1O,Chromobox protein homolog 1
O=C(NCCO)C1(c2ccc(Cl)cc2)CCCC1,Chromobox protein homolog 1
O=C1NC(=O)N(c2ccccc2Cl)C(=O)/C1=C/NCCN1CCCCC1,Chromobox protein homolog 1
COCCN(C(=O)C(=O)NC1CCCC1)C(C(=O)NC1CCCC1)c1ccccc1F,Chromobox protein homolog 1
Cc1ccc(F)cc1NC(=O)CSc1ncccn1,Chromobox protein homolog 1
CCOc1ccc(S(=O)(=O)NN=C(C)c2cccnc2)cc1,Chromobox protein homolog 1
C[C@H]1CN([C@H](C)CO)C(=O)c2cccc(NS(=O)(=O)c3ccc(F)cc3)c2O[C@@H]1CN(C)Cc1ccncc1,Chromobox protein homolog 1
Cc1cc2c(c(SCC(=O)NCCc3ccccc3)n1)C(=O)OC2,Chromobox protein homolog 1
CCOC(=O)C1=C(C)N(C)C(C)=C(C(=O)OCC)C1c1ccccn1,Chromobox protein homolog 1
Cn1c(=O)c2c(nc(N3CCOCC3)n2Cc2ccccc2)n(C)c1=O,Chromobox protein homolog 1
COc1cc(C(=O)NCC(=O)NCCCSc2ccccc2)cc(OC)c1OC,Chromobox protein homolog 1
CCOC(=O)N1CCc2c(sc3c2c(=O)n(-c2ccc(Cl)cc2)c(=O)n3Cc2cccc(C)c2)C1,Chromobox protein homolog 1
CSc1ccc(Cl)c(C(=O)NCCCn2ccnc2)c1,Chromobox protein homolog 1
C[C@@H]1COC(=O)[C@@H](CC(=O)OC(C)(C)C)C/C=CC[C@@H](CC(=O)N[C@@H](CO)Cc2ccccc2)C(=O)N1,Chromobox protein homolog 1
Cc1nnc2n1N=CC=C(C(C)(C)C)S2,Chromobox protein homolog 1
COc1ccc(CCN(C)C2CCCN(S(=O)(=O)N(C)C)C2)cc1OC,Chromobox protein homolog 1
CC1CCN(CC2CCN(C(=O)NCc3ccccc3)CC2)CC1,Chromobox protein homolog 1
NC(=O)NCc1ccccc1F,Chromobox protein homolog 1
COc1ccc(-c2nnc(SCC(=O)N(C)C3CCS(=O)(=O)C3)n2C(C)C)cc1,Chromobox protein homolog 1
CCOC(=O)C1=C(N)n2c(s/c(=Cc3cccnc3)c2=O)=C(C#N)C1c1cccnc1,Chromobox protein homolog 1
COc1ccc(NC(=O)CCCn2c(=O)[nH]c3ccccc3c2=O)cc1,Chromobox protein homolog 1
Cc1[nH]c(C)c(S(=O)(=O)NCC(C)c2ccccc2)c1C(=O)N1CCCCC1,Chromobox protein homolog 1
CCCCOC(=O)C1=C(C)NC(=O)NC1c1ccccc1,Chromobox protein homolog 1
O=C(NCc1ccccn1)c1cccc(S(=O)(=O)N2CCCCC2)c1,Chromobox protein homolog 1
CC1(/[N+]([O-])=C/c2cccc(Cl)c2)CCCCC1=O,Chromobox protein homolog 1
NS(=O)(=O)c1cccc(NC(=O)COC(=O)C2CCCCC2)c1,Chromobox protein homolog 1
Cc1cc(C)n2nc(C)c(-c3ccccc3)c2n1,Chromobox protein homolog 1
COc1cccc2cc(C(=O)N(Cc3cccs3)Cc3cccs3)c(=O)oc12,Chromobox protein homolog 1
CCN(CC)CCCN(C)C(=O)Cn1nc(Cc2ccncc2)c2ccccc2c1=O,Chromobox protein homolog 1
O=C(O)C[C@H]1c2cc(F)ccc2S(=O)(=O)N1C1CCCCC1,Chromobox protein homolog 1
COCCN1C(=O)N[C@@H](c2ccccc2)[C@@H](C(=O)OC)[C@H]1C,Chromobox protein homolog 1
CCN(CC)C(=O)Cn1c(=O)cc(C)c2c(C)nn(-c3ccc(C)cc3)c21,Chromobox protein homolog 1
Cn1cnc(S(=O)(=O)N2CCCC(C(=O)NCc3ccccc3Cl)C2)c1,Chromobox protein homolog 1
COc1ccccc1C(=O)Cc1ccccc1,Chromobox protein homolog 1
O=c1ccc(-c2ccccc2)no1,Chromobox protein homolog 1
[H][C@]12COc3ccc(Br)cc3[C@]1([H])N1C(=O)N(c3ccc(F)cc3)C(=O)[C@@]1(C)[C@H]2C(=O)OCC,Chromobox protein homolog 1
O=C(O)C(F)(F)F.[H][C@]12C(=O)N(C)C(=O)[C@@]1([H])[C@@H](CN(CC)C(=O)c1ccc(F)cc1)N[C@@]2(CC)C(=O)OC,Chromobox protein homolog 1
CCOC(=O)c1cnc(-n2nc(C)cc2C)nc1Oc1ccc(C#N)cc1,Chromobox protein homolog 1
CN(CC(=O)Nc1cccc(F)c1)S(=O)(=O)c1ccc2c(c1)n(C)c(=O)c(=O)n2C,Chromobox protein homolog 1
Cc1nnc(NC2CCCCC2)nc1O,Chromobox protein homolog 1
CC(Cc1ccccc1)N1CCCC1=O,Chromobox protein homolog 1
O=C1CC(=O)Nc2cc(S(=O)(=O)Nc3cccc(Br)c3)ccc2N1,Chromobox protein homolog 1
Cc1ccc(C)c(S(=O)(=O)NCCC(=O)N2CCCC(C(N)=O)C2)c1,Chromobox protein homolog 1
O=C(Cc1cccc(NC(=O)C2CCN(C(=O)C3CCCCC3)CC2)c1)Nc1cccc(C(=O)N2CCCCC2)c1,Chromobox protein homolog 1
O=C(COC(=O)c1cccc(O)c1)Nc1ccc(S(=O)(=O)N2CCOCC2)cc1,Chromobox protein homolog 1
CC(=O)N1CCN(S(=O)(=O)c2ccc(C)cc2)C1C(C)C,Chromobox protein homolog 1
O=C(CN1C(=O)NC2(CCc3ccccc32)C1=O)c1ccccc1,Chromobox protein homolog 1
CC(NC(=O)CN(C)CC(=O)Nc1cccc(F)c1)c1ccccc1,Chromobox protein homolog 1
COc1ccccc1NC(=O)c1nn(C)c2c1CS(=O)(=O)c1ccccc1-2,Chromobox protein homolog 1
C1CCCN(CCCCN2CCCCCC2)CC1.Cl,Chromobox protein homolog 1
O=C(O)C(F)(F)F.[H][C@]12C(=O)N(Cc3ccccc3)C(=O)[C@@]1([H])[C@@H](CN(C)C(=O)Nc1ccc(F)cc1)N[C@@]2(CC)C(=O)OC,Chromobox protein homolog 1
CN1CCC(OC(=O)Cc2ccccc2)CC1.Cl,Chromobox protein homolog 1
CCn1nnnc1SCC(=O)Nc1cc(C)on1,Chromobox protein homolog 1
Cc1cc(C)c(NC(=O)c2cc(S(=O)(=O)N3CCCC3)cn2C)c(C)c1,Chromobox protein homolog 1
CCOC(=O)C1CCN(C(=O)CCS(=O)(=O)c2ccc3c(c2)n(C)c(=O)c(=O)n3C)CC1,Chromobox protein homolog 1
COc1ccc(CNC(=O)c2c(F)c(F)c(F)c(F)c2F)cc1,Chromobox protein homolog 1
Cc1noc(C)c1S(=O)(=O)N1CCCC(C(=O)N2CCC(C)CC2)C1,Chromobox protein homolog 1
COc1ccc(CC(=O)NNC(=O)COc2ccc(Cl)cc2)cc1,Chromobox protein homolog 1
COc1ccc(C(=O)Nc2ccc(NC(C)=O)cc2)cc1S(=O)(=O)N1CCCC1,Chromobox protein homolog 1
CCOc1ccccc1NC(=O)CSc1c(C)cnc2c1c(=O)n(C)c(=O)n2C,Chromobox protein homolog 1
CN(C)S(=O)(=O)N1CCC(n2nccc2NC(=O)CCCc2ccccc2)CC1,Chromobox protein homolog 1
Cc1cccnc1NC(=O)CSc1ccc2c(c1)OCCO2,Chromobox protein homolog 1
Cc1ccc(C(C#N)N2CCOCC2)cc1,Chromobox protein homolog 1
O=C(CSc1nnc(CNC(=O)c2cccs2)o1)Nc1cccc(Cl)c1,Chromobox protein homolog 1
COc1ccc(NC(=O)CCCn2nc(C)c3c(C)n(-c4ccccc4)nc3c2=O)cc1,Chromobox protein homolog 1
Cc1cc2ccccc2nc1-c1ccccc1F,Chromobox protein homolog 1
O=C(NCc1ccccn1)C(=O)NCC1OCCN1S(=O)(=O)c1ccc(Cl)cc1,Chromobox protein homolog 1
c1ccc(-c2ccc3nnnn3n2)cc1,Chromobox protein homolog 1
COC(=O)[C@H](CCSC)NC(=O)Nc1ccc(S(N)(=O)=O)cc1,Chromobox protein homolog 1
COc1ccc(S(N)(=O)=O)cc1C(=O)NNC(=O)c1cccc(S(=O)(=O)N2CCOCC2)c1,Chromobox protein homolog 1
CC(C)(C)CN1CCNC[C@H]1Cc1ccc(O)cc1,Chromobox protein homolog 1
O=C(Cc1ccc(NC(=O)C2CCCN(C(=O)C3CC3)C2)cc1)Nc1cccc(C(=O)N2CCCCC2)c1,Chromobox protein homolog 1
CCCCNc1nnc(SCC(=O)c2c(N)n(C3CC3)c(=O)[nH]c2=O)s1,Chromobox protein homolog 1
Cc1ccc(NS(=O)(=O)c2c(C(=O)N3CCOCC3)c(C)n(C)c2C)cc1,Chromobox protein homolog 1
COC(=O)c1c(NC(=O)c2nc(SCc3cccc(C)c3)ncc2Cl)sc2c1CCCC2,Chromobox protein homolog 1
CC(=O)Nc1nonc1-c1nnc(SCc2ccc(F)cc2Cl)n1C,Chromobox protein homolog 1
O=C1NC(C(F)(F)F)(C(F)(F)F)N=C2SC=CN12,Chromobox protein homolog 1
CCn1c(=O)c2cc(C(=O)Nc3cc(F)ccc3F)sc2c2ccccc21,Chromobox protein homolog 1
Cc1ccc(C(=O)N2CCN(c3ccccc3F)CC2)cc1NC1=NC2CS(=O)(=O)CC2S1,Chromobox protein homolog 1
CCN(CC)S(=O)(=O)c1ccc(NC(=O)COC(=O)c2cnc(O)nc2O)cc1,Chromobox protein homolog 1
COc1ccc(N2CCN(C(=O)c3cccc(NC4=NC5CS(=O)(=O)CC5S4)c3)CC2)cc1,Chromobox protein homolog 1
CC(C)NC(=O)C1CCN(S(=O)(=O)c2ccc(N3CCCC3=O)cc2)CC1,Chromobox protein homolog 1
Cc1cccc(C)c1NC(=O)CCCN1CC(C)OC(C)C1,Chromobox protein homolog 1
O=S(=O)(Cc1cccc(C(F)(F)F)c1)c1nc[nH]n1,Chromobox protein homolog 1
CCCn1c(=O)n(-c2ccccc2)c(=O)c2sc3ccccc3c21,Chromobox protein homolog 1
CCCOc1ccc(Cc2c(O)nc(N)nc2O)cc1C,Chromobox protein homolog 1
CC(C)Oc1ccc(Cc2c(O)nc(NCCCN(C)C)nc2O)cc1,Chromobox protein homolog 1
Cl.N[C@@H](CO)c1nnc([C@H](Cc2ccc(O)cc2)NC(=O)C2CCNCC2)o1,Chromobox protein homolog 1
CCOc1ccc(Br)cc1CN(CC)CC.Cl,Chromobox protein homolog 1
COCCNC(=O)c1cc(-c2ccccc2)nn1CC1CC(c2cccc([N+](=O)[O-])c2)=NO1,Chromobox protein homolog 1
COc1ccc(NC(=O)CCSc2nc(-c3ccco3)cc(C(F)(F)F)n2)cc1OC,Chromobox protein homolog 1
O=C(O)c1ccccc1-c1cc(=O)c2cc(Cl)ccc2o1,Chromobox protein homolog 1
c1ccc(Nc2nc(-c3ccccc3)c(-c3ccccc3)s2)cc1,Chromobox protein homolog 1
Cc1ccc(C(=O)Nc2ncccc2C)cc1S(=O)(=O)N1CCOCC1,Chromobox protein homolog 1
COc1cccc(CN(C(=O)COc2ccc(C)cc2)C2CCS(=O)(=O)C2)c1,Chromobox protein homolog 1
Cc1cccc(CC(=O)OCn2nnc3ccccc3c2=O)c1,Chromobox protein homolog 1
O=C(CCC(=O)N1CCOc2ccccc21)NCc1cccnc1,Chromobox protein homolog 1
Cc1cccc(NS(=O)(=O)c2ccc(C(=O)N3CCC3)cc2)c1C,Chromobox protein homolog 1
Cc1ccccc1N=C(S)NCC(c1cccnc1)N1CCOCC1,Chromobox protein homolog 1
CCCCCn1c(CNC(=O)COC)nc2ccccc21,Chromobox protein homolog 1
CC1(c2nnc(-c3ccncc3)o2)CC(c2cccnc2)=NO1,Chromobox protein homolog 1
CC(C)(C)S(=O)(=O)N1Cc2cc(CO)cc(CCO)c2[C@H]1CCO,Chromobox protein homolog 1
CCOc1ccc(CN2C(=O)c3ccccc3C2C(=O)NCc2cccnc2)cc1,Chromobox protein homolog 1
COc1ccc(C(=O)CSc2nnc(CNC(=O)c3ccccc3)n2C)cc1,Chromobox protein homolog 1
Cc1[nH]c(C)c(S(=O)(=O)N2CCN(c3ccccc3F)CC2)c1C(=O)N1CCCCC1,Chromobox protein homolog 1
O=C(CSc1nnc2ccccn12)NNC(=O)c1cccc([N+](=O)[O-])c1,Chromobox protein homolog 1
O=C(Nc1ccc(C(=O)N2CCOCC2)cc1)c1ccccc1,Chromobox protein homolog 1
COc1cc(C(CCN2CCCC(C)C2)c2c(OC)cc(OC)c3c(C)cc(=O)oc23)cc(OC)c1OC,Chromobox protein homolog 1
O=C(NCCC1=CCCCC1)C1CCCN(S(=O)(=O)c2cccnc2)C1,Chromobox protein homolog 1
COc1cc(NS(=O)(=O)c2ccc(NC(=O)c3cccnc3)cc2)ncn1,Chromobox protein homolog 1
Cc1ccc(CN2CC(C(=O)NCCC3=CCCCC3)CC2=O)cc1,Chromobox protein homolog 1
CC(C)NC(=O)N(C)C[C@H]1Oc2c(NC(=O)C3CC3)cccc2C(=O)N([C@H](C)CO)C[C@@H]1C,Chromobox protein homolog 1
COc1cc(CN(C(=O)c2cccc(C)c2)c2ccccn2)cc(OC)c1OC,Chromobox protein homolog 1
CCOc1cc(CNn2nnnc2N)cc(Cl)c1OCC(=O)NC(C)(C)C,Chromobox protein homolog 1
CCc1cccc(NC(=S)N(CCCOC(C)C)C2CCN(C(C)=O)CC2)c1,Chromobox protein homolog 1
COc1cccc(NC(=O)CN(C)C(=O)c2cc(S(=O)(=O)NCc3ccccc3)ccc2C)c1,Chromobox protein homolog 1
Cc1ccc(C(CC(=O)O)NC(=O)c2ccc(S(=O)(=O)N3CC(C)OC(C)C3)cc2)cc1,Chromobox protein homolog 1
Cc1ccc(S(=O)(=O)NCCCN2CCOCC2)c(C)c1,Chromobox protein homolog 1
O=P(c1ccc2c(c1)OCCO2)(N1CCOCC1)N1CCOCC1,Chromobox protein homolog 1
COC(=O)CC1C(=O)NCCN1C(=O)c1sc2ccccc2c1Cl,Chromobox protein homolog 1
COc1cc(N)c(Cl)cc1C(=O)OCC(=O)NCc1cccs1,Chromobox protein homolog 1
C#CCN1CCS(=O)(=O)N(Cc2ccc(Br)cc2)[C@@H](C)C1=O,Chromobox protein homolog 1
Cc1ccc(CNC(=O)c2ccc(NC(=O)C3=CSCCO3)cc2)cc1,Chromobox protein homolog 1
Cc1cc(CNC(=O)C2CCC(=O)N(CCc3cccc(F)c3)C2)on1,Chromobox protein homolog 1
Cc1cc(C)n(C(=O)c2ccc(C)c(F)c2F)n1,Chromobox protein homolog 1
Cc1ccc(SCC(=O)NNC(=O)c2ccc(S(C)(=O)=O)cc2)cc1,Chromobox protein homolog 1
Cc1ccccc1N1C(=O)C2C3CC(=O)C(c4ccccc43)C2C1=O,Chromobox protein homolog 1
COc1ccccc1C1=CN(Cc2ccccc2)CCC1=O,Chromobox protein homolog 1
CN(C(=O)c1cccc(NC(=O)Cc2cccc(NC(=O)C3CCCN(C(=O)C4CCCCC4)C3)c2)c1)C1CC1,Chromobox protein homolog 1
COc1ccc(NS(=O)(=O)c2cccc(C(=O)NNC(=O)CNC(=O)c3ccc(C)cc3)c2)cc1,Chromobox protein homolog 1
C[C@H]1CN([C@H](C)CO)C(=O)c2cccc(NS(=O)(=O)c3cn(C)cn3)c2O[C@@H]1CN(C)Cc1ccncc1,Chromobox protein homolog 1
CCc1ccc(C(=O)COC(=O)[C@@H]2CCCN2C(=O)OC(C)(C)C)cc1,Chromobox protein homolog 1
O=C(NCCc1ccc(F)cc1)C(=O)NCC(c1cccs1)S(=O)(=O)c1ccccc1,Chromobox protein homolog 1
OCC/N=C/c1c(O)[nH]c2ccccc12,Chromobox protein homolog 1
CCOc1ccccc1NC(=O)CSc1nnc(CNC(=O)c2cccs2)o1,Chromobox protein homolog 1
O=C(CN1CCN(C(=O)c2ccco2)CC1)Nc1ccc(F)cc1F,Chromobox protein homolog 1
CCOc1ccc(S(=O)(=O)N(C)CC(=O)NC2CC2)cc1,Chromobox protein homolog 1
O=C(CCS(=O)(=O)c1cc(Br)cc2c1N(C(=O)C1CC1)CC2)NCC1CCCO1,Chromobox protein homolog 1
O=C(c1cccnc1)c1ncc(C(F)(F)F)cc1Cl,Chromobox protein homolog 1
CCOc1cc(C(=O)Nc2cc(F)ccc2C)ccc1OCC(=O)N1CCOCC1,Chromobox protein homolog 1
O=C(O)C[C@H]1c2cc(F)ccc2S(=O)(=O)N1Cc1ccccc1,Chromobox protein homolog 1
CCCc1nnc(NC(=O)CCC(=O)N2CCN(S(=O)(=O)c3ccc(OC)cc3)CC2)s1,Chromobox protein homolog 1
CCN(c1ccccc1)C1SC(=O)N(c2ccccc2)C1=O,Chromobox protein homolog 1
CC(C)[C@H](NC(=O)[C@@H]1CSC2c3ccccc3C(=O)N21)C(=O)NCC1CCCO1,Chromobox protein homolog 1
Nc1nonc1-n1nnc(C(=O)N/N=C/c2cccc(Cl)c2)c1CN1CCCCCC1,Chromobox protein homolog 1
C[C@@H]1CC[C@@]2(O1)O[C@H](CCO)C[C@@H](O)[C@@H]2O,Chromobox protein homolog 1
COc1ccc(CCNC(=O)CN2C(=O)NC3(CCc4ccccc43)C2=O)cc1,Chromobox protein homolog 1
CCN1CCN(C(C(=O)NC2CCCCC2)c2ccc(Cl)cc2)CC1,Chromobox protein homolog 1
CC(=O)c1sc(NC(=O)c2cc3c(C)nn(-c4ccccc4)c3s2)nc1C,Chromobox protein homolog 1
CCOCCCNC(=O)CCn1ccc2cc(S(=O)(=O)N3CCCC3)ccc21,Chromobox protein homolog 1
O=C(Nc1ccc(C(=O)N2CCCCC2)cc1)C1CCCC1,Chromobox protein homolog 1
Cn1c(CNc2ccc(F)cc2)nnc1SCC(=O)NNC(=O)Cc1ccccc1,Chromobox protein homolog 1
COc1ccc(C(=O)N(C)Cc2ccccc2F)cc1S(=O)(=O)N1CCCC1,Chromobox protein homolog 1
CC(=O)Nc1cccc(S(N)(=O)=O)c1C,Chromobox protein homolog 1
COCCNC(=O)CSc1nc2cc3c(cc2c(=O)n1CCCCCC(=O)NCc1ccc(OC)cc1)OCO3,Chromobox protein homolog 1
O=C(Cc1c(F)cccc1Cl)N1CCN(S(=O)(=O)c2cccs2)CC1,Chromobox protein homolog 1
CCOC(=O)c1c(NC(=O)COc2ccc(CC)cc2)sc2c1CCCC2,Chromobox protein homolog 1
COc1cccc(C(c2sc3nc(-c4ccco4)nn3c2O)N2CCN(C)CC2)c1,Chromobox protein homolog 1
COc1ccc(S(=O)(=O)N2CCCCC2)cc1NC(=O)CCOc1cc(C)ccc1C,Chromobox protein homolog 1
O=C(COc1ccc(NS(=O)(=O)c2ccc(F)cc2)cc1)N1CCOCC1,Chromobox protein homolog 1
O=C(COC(=O)CCNS(=O)(=O)c1ccccc1)NC1CC1,Chromobox protein homolog 1
CC(C)Cn1c2c(c(=O)n(C)c1=O)C(=O)CN2,Chromobox protein homolog 1
COc1ccc(OC)c(CNC(=O)CCn2nc(C)c3c(C)n(-c4ccccc4)nc3c2=O)c1,Chromobox protein homolog 1
[H][C@@]1([C@H](O)COCc2ccccc2)O[C@@H]1CC(OC)OC,Chromobox protein homolog 1
CC(C)(C)C(=O)Nc1ccc(Cc2ccncc2)cc1,Chromobox protein homolog 1
CC(NC(=O)COC(=O)CNC(=O)C1CCCCC1)c1ccccc1,Chromobox protein homolog 1
COc1ccc(C(=O)NCC2(N(C)C)CCCCC2)cc1Cl,Chromobox protein homolog 1
O=C(NN1CCOCC1)c1ccc(Cl)cc1Cl,Chromobox protein homolog 1
O=C(O)C1CC1(c1ccccc1)c1ccccc1,Chromobox protein homolog 1
COc1ccc(CCNC(=O)Cn2c(=O)cc(C(F)(F)F)c3c(C)nn(C)c32)c(OC)c1,Chromobox protein homolog 1
[H][C@]12OC(C)(C)O[C@@]1([H])[C@H](n1ccc(=O)[nH]c1=O)O[C@@H]2CO,Chromobox protein homolog 1
CC(=O)N1CCN(C(=O)CCc2nc(O)c3ccccc3n2)CC1,Chromobox protein homolog 1
C[C@H]1CN([C@H](C)CO)C(=O)c2cccc(NS(=O)(=O)c3ccccc3)c2O[C@@H]1CN(C)C(=O)Nc1ccc2c(c1)OCO2,Chromobox protein homolog 1
COc1ccc(C(=O)NCCN2CCOCC2)cc1OC,Chromobox protein homolog 1
CCn1cc(CN2CCN(Cc3cccc(OC)c3)C(CCO)C2)c(C)n1,Chromobox protein homolog 1
COc1ccc(NC(=O)CSc2nnc(-c3ccc(C)cc3)o2)cc1,Chromobox protein homolog 1
COc1ccc(NC(=O)C2CCN(C(=O)[C@@H]3Cc4ccccc4CN3C(=O)OC(C)(C)C)CC2)cc1,Chromobox protein homolog 1
[H][C@]12CCCN1C(=O)[C@@H](CC(=O)N[C@H](CO)Cc1ccccc1)C/C=CC[C@H](CC(=O)OC(C)(C)C)C(=O)OC2,Chromobox protein homolog 1
COc1ccc(C(=O)NCc2ccc3c(c2)CCO3)cc1,Chromobox protein homolog 1
CC(=O)Nc1cccc(NC(=O)COC(=O)C2CC3CCCC(C2)C3=O)c1,Chromobox protein homolog 1
O=C(CN(C(=O)c1ccc2c(c1)OCCO2)c1ccccc1)NCC1CCCO1,Chromobox protein homolog 1
Cc1nc(CSc2nnc(O)n2-c2ccccc2)cs1,Chromobox protein homolog 1
Cc1cc2c(c(=O)n1Cc1ccco1)C(c1ccccc1)C(C#N)=C(N)O2,Chromobox protein homolog 1
CCOC(=O)C1CCN(C(=O)COC(=O)Cc2ccc(Cl)cc2)CC1,Chromobox protein homolog 1
NNC(=O)c1ccc(Cn2cc(Cl)cn2)o1,Chromobox protein homolog 1
O=C(C1CCC(CNc2c(N3CCCCC3)c(=O)c2=O)CC1)N1CCN(c2ccccn2)CC1,Chromobox protein homolog 1
CC(=O)c1cccc(N(C(=O)Cn2nnc3ccccc32)C(C(=O)NCc2ccccc2)c2ccccn2)c1,Chromobox protein homolog 1
COc1ccccc1NS(=O)(=O)c1ccc(C)c(C(=O)NCc2cccnc2)c1,Chromobox protein homolog 1
CC(OC(=O)c1ccccc1C(=O)O)c1ccccc1,Chromobox protein homolog 1
CCn1c(C)nnc1SCC(=O)Nc1ccc(C(C)=O)cc1,Chromobox protein homolog 1
CCCCN1CC(C)(C)Oc2cccc(F)c2S1(=O)=O,Chromobox protein homolog 1
CCOC(=O)C1CCCN(C(=O)c2cccc(S(=O)(=O)N(C)c3ccc(OC)cc3)c2)C1,Chromobox protein homolog 1
O=c1c(-c2ccccc2)nnc2sc(COc3ccc(Br)cc3)nn12,Chromobox protein homolog 1
Cc1cc(C)c(NC(=O)CSc2nnc3[nH]c(=O)cc(C)n23)c(C)c1,Chromobox protein homolog 1
[H][C@]12CC[C@]([H])(C(C(=O)OC)=C(c3ccccc3)C1)N2C(=O)NCCCOC(C)C,Chromobox protein homolog 1
CCC(C)[C@H](NC(=O)OC(C)(C)C)C(=O)NC[C@H]1CC[C@H](C(=O)N[C@@H](Cc2ccccc2)C(=O)O)CC1,Chromobox protein homolog 1
O=C(Cc1cccc(NC(=O)C2CCCN(C(=O)C3CC3)C2)c1)Nc1ccc(C(=O)N2CCCCC2)cc1,Chromobox protein homolog 1
O=C(CCNS(=O)(=O)c1cccc2nonc12)Nc1ccc(F)cc1,Chromobox protein homolog 1
COc1ccccc1-c1nnc(SCC(=O)Nc2ccc3[nH]c(O)nc3c2)n1N,Chromobox protein homolog 1
Cc1cccc(Cn2nc(C)n3c(cc4cc(C)ccc43)c2=O)c1,Chromobox protein homolog 1
COc1ccc(S(=O)(=O)NC(Cc2ccccc2)C(=O)O)cc1,Chromobox protein homolog 1
COC(=O)c1ccc2c(=O)n(CCN3CCOCC3)c(SCC(=O)Nc3ccccc3Cl)nc2c1,Chromobox protein homolog 1
COc1ccc(/C=C/C(=O)OCC(=O)NC2CCCCCCC2)cc1,Chromobox protein homolog 1
O=C(COC(=O)c1cccc(Br)c1)NCCc1ccccc1,Chromobox protein homolog 1
COc1cc(OC)c(C(=O)OCC(=O)Nc2cccc(S(=O)(=O)NC3=NCCCCC3)c2)cc1OC,Chromobox protein homolog 1
CC(C)(C)OC(=O)C[C@@H]1C/C=CC[C@H](CC(=O)NCCO)C(=O)NC[C@@H](c2ccccc2)OC1=O,Chromobox protein homolog 1
COc1ccc(S(=O)(=O)NCCc2csc(C)n2)cc1C,Chromobox protein homolog 1
NC(=N[N+](=O)[O-])N1CCN(C(=O)OC2CCCC2)CC1,Chromobox protein homolog 1
CCC(=O)N1CCc2cc(Br)cc(S(=O)(=O)N3CCN(c4ccccc4OC)CC3)c21,Chromobox protein homolog 1
O=C1C=CC(=O)N1Cc1ccccn1,Chromobox protein homolog 1
Cc1ccc(S(=O)(=O)N2CCN(c3ncccn3)CC2)cc1C,Chromobox protein homolog 1
Cc1cc(O)ccc1NC(=O)Cc1cccc2ccccc12,Chromobox protein homolog 1
COc1ccc(C2(C(=O)N3CCOCC3)CCOCC2)cc1OC,Chromobox protein homolog 1
CCN1CCc2[nH]c3ccccc3c2C1,Chromobox protein homolog 1
C=C(CCO)C1=CCN(S(=O)(=O)C(C)(C)C)[C@@H]1CCO,Chromobox protein homolog 1
Cc1ccc(SCC(=O)NNC(=O)CCS(=O)(=O)c2ccccc2)cc1,Chromobox protein homolog 1
Cc1cccc(C(=O)NC2CCN(CC(=O)N3CCOCC3)CC2)c1,Chromobox protein homolog 1
Nc1ncnc2c1ncn2[C@@H]1O[C@H](CNCc2ccccc2OC2OC(CO)C(O)C(O)C2O)[C@@H](O)[C@H]1O,Chromobox protein homolog 1
CCOC(=O)N1CCN(C(=O)CC(C)S(=O)(=O)c2cc3c(cc2C)NC(=O)CO3)CC1,Chromobox protein homolog 1
C[C@H]1CN([C@H](C)CO)C(=O)c2cc(NC(=O)NC3CCCCC3)ccc2O[C@@H]1CN(C)S(=O)(=O)c1ccccc1,Chromobox protein homolog 1
Cc1nnc2n1N=C(c1ccc(F)cc1F)CS2,Chromobox protein homolog 1
O=C(COC(=O)CNS(=O)(=O)c1cc(C(F)(F)F)ccc1Cl)NC1CC1,Chromobox protein homolog 1
COC(=O)c1ccc(COC(=O)CNC(=O)c2cccc(OC)c2)o1,Chromobox protein homolog 1
O=CN1c2ccccc2CSc2ccccc21,Chromobox protein homolog 1
CC(C)(O)CN(C(=O)c1ccc([N+](=O)[O-])cc1)C1CCCC1,Chromobox protein homolog 1
CCCCN(C(=O)c1cccc(N2C(=O)c3ccccc3C2=O)c1)c1c(N)n(CC(C)C)c(=O)[nH]c1=O,Chromobox protein homolog 1
COC(=O)c1ccccc1NC(=O)c1cc(CN2CCCC2)on1,Chromobox protein homolog 1
c1ccc2nc3c(nc2c1)CCCC3,Chromobox protein homolog 1
Cc1ccc(SCC(=O)OCC(=O)N(CCC#N)c2ccccc2)cc1,Chromobox protein homolog 1
COc1ccc(NC(=O)CCNS(=O)(=O)c2ccc3c(c2)CC(C)N3C(C)=O)cc1,Chromobox protein homolog 1
O=C(CSc1nnc(O)nc1O)NCC1CCCCC1,Chromobox protein homolog 1
COc1ccc(NC(=O)CN(C)S(=O)(=O)c2ccc3nc(C)sc3c2)cc1,Chromobox protein homolog 1
CN(C)C(/C=C/Nc1cccc(Br)c1)=C(C#N)C#N,Chromobox protein homolog 1
COc1cc(NS(=O)(=O)c2c(C(=O)N3CCCCC3)c(C)n(C)c2C)cc(OC)c1OC,Chromobox protein homolog 1
CCn1cnc2cc(NS(=O)(=O)c3ccc(OC)c(OC)c3)ccc21,Chromobox protein homolog 1
O=C(NCCc1ccncc1)Nc1cccc(Cl)c1,Chromobox protein homolog 1
Cc1ccc(CNC(=O)CCc2ccccc2)cc1,Chromobox protein homolog 1
CCOC(=O)CC1c2ccccc2-n2nncc2CN1C,Chromobox protein homolog 1
CN(Cc1ccc(Cl)cc1Cl)C(=O)CCNC(=O)c1ccco1,Chromobox protein homolog 1
COc1cc(CN(C(=O)c2ccc(Cl)cc2)C2CCS(=O)(=O)C2)cc(OC)c1OC,Chromobox protein homolog 1
CCOc1ccccc1N(C)C(=O)CCS(=O)(=O)c1ccc2c(c1)NC(=O)CO2,Chromobox protein homolog 1
COCCOC(=O)C1=C(C)N=C(S)NC1c1ccc(OCC(=O)N2CC(C)OC(C)C2)c(OC)c1,Chromobox protein homolog 1
COc1ccc(CCNC(=O)C(=O)NN=C2CCCCCCC2)cc1OC,Chromobox protein homolog 1
O=C(NN1C(=O)NC2(CCCCC2)C1=O)c1cc2ccccc2o1,Chromobox protein homolog 1
CC(=O)Nc1ccc(S(=O)(=O)NC2=NCN(CCO)CN2)cc1,Chromobox protein homolog 1
CCCNC(=O)C1CCN(S(=O)(=O)c2ccc3nc4c(c(C(=O)O)c3c2)CCCCC4)CC1,Chromobox protein homolog 1
N#CCCN(Cc1ccccc1)S(=O)(=O)c1cccs1,Chromobox protein homolog 1
COCCn1cnc2c1c(=O)n(CC(=O)O)c(=O)n2Cc1ccccc1,Chromobox protein homolog 1
COC(=O)CCS(=O)(=O)c1ccc(Cl)cc1,Chromobox protein homolog 1
CN(C(=O)COc1ncnc2sccc12)C1CCCCC1,Chromobox protein homolog 1
COc1ccccc1CN(C)C(=O)CN1CCN(C(=O)c2cccs2)CC1,Chromobox protein homolog 1
CC(=O)Nc1ccc(C)cc1NC(C)=O,Chromobox protein homolog 1
CN(C(=O)c1ccc(NC(=O)Cc2cccc(NC(=O)C3CCN(C(=O)C4CC4)CC3)c2)cc1)C1CC1,Chromobox protein homolog 1
Cc1cc(C)c(C)c(S(=O)(=O)NCC(=O)O)c1C,Chromobox protein homolog 1
[H][C@]12CN(CC)C(=O)[C@](C)(N1C(=O)c1ccc(Cl)c(Cl)c1)[C@@]1([H])C(=O)N(C)C(=O)[C@@]21[H],Chromobox protein homolog 1
CNc1c(NS(=O)(=O)c2cc(OC)ccc2OC)c(=O)oc2ccccc12,Chromobox protein homolog 1
Cc1ccccc1Nc1nc(N)nc(COC(=O)[C@@H](NC(=O)c2ccco2)C(C)C)n1,Chromobox protein homolog 1
CC1CCN(S(=O)(=O)c2ccc3nc(-c4cccnc4)cc(C(=O)NCCCOC(C)C)c3c2)CC1,Chromobox protein homolog 1
O=S(=O)(N[C@H](CO)c1ccccc1)c1ccc(Br)cc1F,Chromobox protein homolog 1
CCc1ccc(CNC(=O)Cn2nc(C)c3c(C)n(-c4ccc(C)cc4)nc3c2=O)cc1,Chromobox protein homolog 1
CCC(Sc1ncccn1)C(=O)Nc1cc(C)on1,Chromobox protein homolog 1
Cc1ccc2oc(=O)c3cc(C(=O)NCCc4ccc(Cl)cc4)sc3c2c1,Chromobox protein homolog 1
Cc1cccc(C)c1NC(=O)c1cccc(N2C(=O)C3CCC(C)CC3C2=O)c1,Chromobox protein homolog 1
O=C(Nc1cccc2cccnc12)c1c(Cl)cc(Cl)cc1Cl,Chromobox protein homolog 1
Cc1cc(NC(=O)CSc2nnc(Cc3ccccc3)o2)no1,Chromobox protein homolog 1
Cc1cc(C(=O)NC(C)C2CC2)c(Cl)cc1Cl,Chromobox protein homolog 1
C[C@H]1COC(=O)[C@@H](Cc2ccc(F)cc2)C/C=CC[C@H](CC(=O)N(CCO)Cc2ccccc2)C(=O)N1,Chromobox protein homolog 1
COC(=O)C[C@H]1c2cc(F)ccc2S(=O)(=O)N1Cc1ccccc1,Chromobox protein homolog 1
[H][C@]12CC=C3[C@@H](CCO)N(S(=O)(=O)C(C)(C)C)C[C@]3([H])[C@@]1([H])C(=O)N(c1ccccc1)C2=O,Chromobox protein homolog 1
Cc1ccc(C2=NOC(C)(c3nnc(-c4cccc(Cl)c4)o3)C2)cc1,Chromobox protein homolog 1
[H][C@]12CC[C@]([H])(C(C(=O)OC)=C(c3cccc(OC)c3OC)C1)N2C(=O)NCC[S+](C)[O-],Chromobox protein homolog 1
O=C(NCC1CCCO1)c1ccc(S(=O)(=O)N2CCCCC2)cc1,Chromobox protein homolog 1
CON(C)S(=O)(=O)NC(=O)C1=C(N2CCCC2)COC1=O,Chromobox protein homolog 1
COc1cccc2s/c(=NC(=O)c3ccc(S(=O)(=O)N4CCCCC4)cc3)n(C)c12,Chromobox protein homolog 1
CC(C)n1cnnc1SCC(=O)Nc1cccnc1Cl,Chromobox protein homolog 1
Cn1c(=O)[nH]c(=O)c2c1nc1n2CC(O)CN1c1ccccc1,Chromobox protein homolog 1
CC1(C)NC(=O)N(CC(O)COc2cccc(F)c2)C1=O,Chromobox protein homolog 1
COc1ccc(C2/C=CCN(S(=O)(=O)CC34CCC(CC3=O)C4(C)C)CC(=O)N2Cc2ccc(F)cc2)cc1,Chromobox protein homolog 1
CCC(Sc1nc2cccnc2[nH]1)C(=O)Nc1ccccc1F,Chromobox protein homolog 1
[H][C@]12CN(CC)C(=O)[C@](C)(N1C(=O)c1ccc(F)cc1)[C@@]1([H])C(=O)N(C)C(=O)[C@@]21[H],Chromobox protein homolog 1
CCCCCCCCCCNC(=O)CCn1[nH]c(=O)c2ccccc2c1=O,Chromobox protein homolog 1
CCOC(=O)c1cnc2cc(F)c(F)cc2c1N1CCOCC1,Chromobox protein homolog 1
COc1ccc(CCNC(=O)c2ccnc(C(C)(C)C)c2)cc1OC,Chromobox protein homolog 1
Cc1onc(-c2ccccc2)c1C(=O)NNC(=O)c1ccccc1Br,Chromobox protein homolog 1
CCN1Cc2cc(OC)ccc2-c2ccccc2S1(=O)=O,Chromobox protein homolog 1
O=C(C1=C(O)C(=O)N(CCCN2CCOCC2)C1c1ccc(Cl)cc1)c1ccc(F)cc1,Chromobox protein homolog 1
Cc1ccc(-n2c(SCC(N)=O)nnc2-c2cnccn2)cc1,Chromobox protein homolog 1
CCOC(=O)c1cc(C#N)c(SC(C)C(=O)NC2CCCCC2)nc1C,Chromobox protein homolog 1
Cc1ccc2c(c1)N(CC(=O)NCC1CCCO1)C(=O)C(C)O2,Chromobox protein homolog 1
CCCS(=O)(=O)N1CCC(C(=O)NCCCN2CCCC2=O)CC1,Chromobox protein homolog 1
CCCC1(C(=O)OC)NC(c2cc(OC)c(OC)c(OC)c2)C2C(=O)N(CC)C(=O)C21,Chromobox protein homolog 1
O=C(O)c1cccc2c1-c1ccc([N+](=O)[O-])cc1C2=O,Chromobox protein homolog 1
CCN(C(=O)CSc1nnc(C)n1-c1ccc(C)cc1)c1c(N)n(Cc2ccccc2)c(=O)[nH]c1=O,Chromobox protein homolog 1
CCCC1(CCC)NC(=O)NC1=O,Chromobox protein homolog 1
CCCNC(=O)NCCc1ccncc1,Chromobox protein homolog 1
CCN(CC)CCNC(=O)CCc1nnc2ccc(N3CCC(C)CC3)nn12,Chromobox protein homolog 1
O=C1CCN(CCCc2ccccc2)CCN1[C@H](CO)Cc1ccccc1,Chromobox protein homolog 1
CCC(Sc1nc2cccnc2[nH]1)C(=O)Nc1cccc(OC)c1,Chromobox protein homolog 1
CSc1c(C(N)=O)c(-c2ccc(Cl)cc2)nn1C,Chromobox protein homolog 1
O=S(=O)(Nc1cccnc1)c1ccc(Cl)cc1,Chromobox protein homolog 1
CC(C)CC1NC(=O)N(CC(=O)Nc2cc(S(=O)(=O)N3CCOCC3)ccc2Cl)C1=O,Chromobox protein homolog 1
COc1ccc(C(CNC(=O)CNC(=O)c2cc(OC)c(OC)c(OC)c2)N2CCOCC2)cc1,Chromobox protein homolog 1
CC(=O)NS(=O)(=O)c1ccc(NC(=O)c2ccccc2F)cc1,Chromobox protein homolog 1
O=S(=O)(CC(O)CS(=O)(=O)c1ccc(Cl)cc1)c1ccccc1,Chromobox protein homolog 1
Cc1ccc(Cl)cc1NC(=O)CCn1c(=O)c2cccn2c2cccnc21,Chromobox protein homolog 1
O=C1CN(CC(=O)NC(=O)NCc2ccccc2)CCN1,Chromobox protein homolog 1
COC(=O)NCC(c1ccco1)N1CCN(c2ccccc2)CC1,Chromobox protein homolog 1
CCCc1cc(=O)oc2cc(OCC(=O)NCC(O)c3ccccc3)ccc12,Chromobox protein homolog 1
COCCN(C(=O)COC(=O)Cc1c(C)nc2ccccc2c1C)c1c(N)n(CC(C)C)c(=O)[nH]c1=O,Chromobox protein homolog 1
CC(C)(C)OC(=O)N1CCC(C(=O)Nc2ccc(C(=O)N3CCOCC3)cc2)CC1,Chromobox protein homolog 1
Cc1ccccc1NC(=O)COC(=O)c1cccnc1,Chromobox protein homolog 1
CCCN1C(=O)N(C)C(N(O)C(=O)NC)C1(C)C,Chromobox protein homolog 1
O=C(COC(=O)c1ccccc1F)NCc1ccc2c(c1)OCO2,Chromobox protein homolog 1
COc1cc2cc(CCCOC(=O)c3ccc(C(F)(F)F)cc3)oc(=O)c2cc1OC,Chromobox protein homolog 1
O=C1CCN1C1(C(=O)NC2CCCCC2)CCCC1,Chromobox protein homolog 1
CCCn1c(=O)c2sccc2n2c(CCCC(=O)NC3CCCCC3)nnc12,Chromobox protein homolog 1
[H][C@]12CN(CC)C(=O)[C@](Cc3ccccc3)(N1C(=O)c1ccc(Cl)cc1)[C@@]1([H])C(=O)N(Cc3ccccc3)C(=O)[C@@]21[H],Chromobox protein homolog 1
Cc1ccc(OC(C)C(=O)N2CCN(CCc3ccccn3)CC2)cc1C,Chromobox protein homolog 1
Cc1ccc(C(=O)Nn2cnnc2)cc1S(=O)(=O)N1CCOCC1,Chromobox protein homolog 1
COC(=O)C[C@H]1C=C[C@@H](C(C(=O)OC)C(=O)OC)CN1C(C)=O,Chromobox protein homolog 1
CC(C)OCCCNC(=O)C(=O)NCCCOC(C)C,Chromobox protein homolog 1
CCc1ccc(-c2[nH]c3c(c2-c2sc(C)c(C(=O)OC)c2O)c(=O)n(C)c(=O)n3C)cc1,Chromobox protein homolog 1
COc1ccc(NC(=O)c2cc3cc(OC)ccc3oc2=O)cc1,Chromobox protein homolog 1
CCOc1ccccc1NC(=O)COC(=O)COc1c(Cl)cc(Cl)c2ccc(C)nc12,Chromobox protein homolog 1
COCCNC(=O)c1cccc(NC(=O)C2=C(C)OCCS2)c1,Chromobox protein homolog 1
Cc1nnc2c(N3CCN(c4ccc(F)cc4)CC3)nc3ccc(C(=O)c4ccccc4)cc3n12,Chromobox protein homolog 1
CCCCN1C(=O)CN(C2CCCCC2)C(=O)C1c1ccc(OC(C)C)c(OC)c1,Chromobox protein homolog 1
CC1(c2nnc(Cc3ccccc3)o2)CC(c2ccccc2)=NO1,Chromobox protein homolog 1
COc1ccc(CNC(=O)/C=C/C(=O)O)cc1,Chromobox protein homolog 1
[H][C@@]12CCC[C@@](C)(O1)O[C@@]2([H])[C@@H](OC1OC(C)C(O)CC1O)c1ccccc1,Chromobox protein homolog 1
COc1ccc(C)cc1N=C(S)N1CCN(S(C)(=O)=O)CC1,Chromobox protein homolog 1
COc1ccc(C(CNC(=O)c2cc(S(=O)(=O)N3CCCC3)ccc2Cl)N2CCCC2)cc1,Chromobox protein homolog 1
Cc1ccc(NC(=O)c2c(-c3ccccc3Cl)noc2C)nc1,Chromobox protein homolog 1
CC(Sc1nnc(NC2CCCCC2)s1)C(=O)N1CCOCC1,Chromobox protein homolog 1
Cc1nc(O)c(C#N)c(C)c1[N+](=O)[O-],Chromobox protein homolog 1
O=C(CCc1ccc(S(=O)(=O)N2CCOCC2)cc1)NCCc1ccccn1,Chromobox protein homolog 1
O=C(O)CCNS(=O)(=O)c1ccc(Oc2ccccc2)cc1,Chromobox protein homolog 1
CCc1cccc(C)c1N1C(=O)CC(C)(C)CC1=O,Chromobox protein homolog 1
COc1ccc(O)c(C(=O)c2cnn(C(=O)c3cccc(S(=O)(=O)N(C)C)c3)c2)c1,Chromobox protein homolog 1
O=C(Cc1cccc(NC(=O)C2CCCN(C(=O)CCc3ccccc3)C2)c1)Nc1ccc(C(=O)N2CCOCC2)cc1,Chromobox protein homolog 1
CC(C)(C)[C@H]1COC(=O)[C@H](NC(=O)OCC2c3ccccc3-c3ccccc32)C/C=CC[C@@H](CC(=O)N[C@H](CO)Cc2ccccc2)C(=O)N1,Chromobox protein homolog 1
Brc1ccc2ncc3ccccc3c2c1,Chromobox protein homolog 1
O=C(COc1ccccc1F)NCC(c1ccc(F)cc1)N1CCOCC1,Chromobox protein homolog 1
Cc1ccc(CNS(=O)(=O)c2ccc3c(c2)C(C)(C)C(=O)N3C)cc1,Chromobox protein homolog 1
Cc1nnc(Nc2ccc(Cl)cc2)n(N)c1=O,Chromobox protein homolog 1
O=C(/N=C1SC2CS(=O)(=O)CC2N1c1ccc(Br)cc1)C1CCCO1,Chromobox protein homolog 1
O=C(O)CCC(NC(=O)c1ccc(Cl)cc1)C(=O)O,Chromobox protein homolog 1
CCOc1ccc(/C=C(/NC(=O)c2ccc(Cl)cc2)C(=O)O)cc1OCC,Chromobox protein homolog 1
COc1nnc(-c2ccc(C)c(S(N)(=O)=O)c2)c2ccccc12,Chromobox protein homolog 1
COc1cccc2c(O)c(-c3ccccc3)c(O)nc12,Chromobox protein homolog 1
CC1Cc2ccccc2N1C(=O)COC(=O)Cc1ccc(F)cc1,Chromobox protein homolog 1
CC(C)(C)[C@H]1C=C(C(=O)O)O[C@@H](OCc2ccc(CO)cc2)C1,Chromobox protein homolog 1
CC(NCCCN1CCOCC1)=C1C(=O)NC(=O)NC1=O,Chromobox protein homolog 1
O=C1CCC(=O)N1CN(C(=O)c1ccco1)c1ccccc1,Chromobox protein homolog 1
CCC(C(=O)NCc1ccccn1)n1c2ccccc2c2nc(=O)cc(C)n21,Chromobox protein homolog 1
[H][C@]12CN(C(=O)Cc3cc(OC)c(OC)c(OC)c3)C[C@]([H])(Cn3c1cccc3=O)C2,Chromobox protein homolog 1
CC(C)(C)OC(=O)N1CCN(C(=O)c2[nH]cnc2C(=O)Nc2ccccc2)CC1,Chromobox protein homolog 1
CCN1CCN(C(=O)C23CCC(C)(C(=O)C2Br)C3(C)C)CC1,Chromobox protein homolog 1
CC(C)(C)OC(=O)NC(Cc1ccccc1)C(=O)NC1COC2CC(n3ccc(=O)[nH]c3=O)OC12,Chromobox protein homolog 1
CC(Sc1nnc2n1CCCCC2)C(=O)Nc1ccccc1[N+](=O)[O-],Chromobox protein homolog 1
CCc1ccc(N2CC(C(=O)OCC(=O)N(CC)c3c(N)n(Cc4ccccc4)c(=O)[nH]c3=O)CC2=O)cc1,Chromobox protein homolog 1
CC(=O)OCc1nc(O)c2c(C)c(C)sc2n1,Chromobox protein homolog 1
CCCc1cc(O)nc(SCC(=O)N(C)C2CCCCC2)n1,Chromobox protein homolog 1
COc1ccc(S(=O)(=O)N(C)CC(=O)Nc2ccc(C)cc2)cc1OC,Chromobox protein homolog 1
O=C1NC(c2ccccc2)CCO1,Chromobox protein homolog 1
CCOC(=O)CCCCCC(=O)Nc1ccc2c(c1)C(=O)N([C@H](C)CO)C[C@@H](C)[C@H](CN(C)S(=O)(=O)c1cn(C)cn1)O2,Chromobox protein homolog 1
CC(C)N(C(=O)[C@H]1CC(CC(=O)NCCCN(C)C)C(=O)N2CCc3c([nH]c4ccccc34)[C@]12C)C(C)C,Chromobox protein homolog 1
Cc1nc2c(Cl)cccc2c2c1CC(CBr)O2,Chromobox protein homolog 1
CN(C)c1ccc(P(=O)(OC2CCCCC2)C(O)c2cccnc2)cc1,Chromobox protein homolog 1
Cc1cccc(C)c1NC(=O)COC(=O)CNC(=O)C1CCCCC1,Chromobox protein homolog 1
CC(C)=CC(=O)Oc1ccc(C(=O)N(C)c2ccccc2I)cc1,Chromobox protein homolog 1
Cc1ccc(COc2ccsc2C(=O)NN=C(N)S)cc1,Chromobox protein homolog 1
CCN1Cc2ccccc2-c2ccccc2S1(=O)=O,Chromobox protein homolog 1
CCOC(=O)C(C(=O)OCC)C(CC(=O)C1CC1)c1ccccc1,Chromobox protein homolog 1
O=C(O)C(F)(F)F.[H][C@]12C(=O)N(Cc3ccccc3)C(=O)[C@@]1([H])[C@@H](CN(C)C(=O)c1ccc(F)cc1)N[C@@]2(Cc1ccccc1)C(=O)OC,Chromobox protein homolog 1
O=C(COC(=O)c1cccc(O)c1)NCc1ccc2c(c1)OCO2,Chromobox protein homolog 1
COC(=O)[C@H](CC(C)C)NS(=O)(=O)N[C@@H](CC(C)C)C(=O)OC,Chromobox protein homolog 1
COc1ccc(CCN(C)C(=O)c2c(C)nn(CC(C)C)c2Cl)cc1OC,Chromobox protein homolog 1
Cc1ccc(NC(=O)C2CCCN2C(=O)OC(C)(C)C)cc1C,Chromobox protein homolog 1
CCNS(=O)(=O)c1ccc(OC)c(C)c1,Chromobox protein homolog 1
COc1cccc(C(=O)OCC(=O)NC(C)CCc2ccccc2)c1O,Chromobox protein homolog 1
O=C(N/N=C/C=C/c1ccccc1[N+](=O)[O-])c1cccnc1,Chromobox protein homolog 1
Cc1cnc(C(=O)N2CCN(S(=O)(=O)c3ccc(F)c(F)c3F)CC2)cn1,Chromobox protein homolog 1
N#CC12C(=O)NC(=O)C1(C#N)C21CCCC1,Chromobox protein homolog 1
COc1ccc(C)cc1NC(=O)COC(=O)C1COc2ccccc2O1,Chromobox protein homolog 1
Cc1cc(C)n2c(SCC(=O)Nc3ccccc3)nnc2n1,Chromobox protein homolog 1
CCOC(=O)c1cnc2c(ccc3ccccc32)c1Nc1ccccc1OC,Chromobox protein homolog 1
C=CCN1C(=O)c2ccc(C(=O)NCC(=O)Nc3c(C)cc(C)cc3C)cc2C1=O,Chromobox protein homolog 1
O=C(NCC1CCCO1)c1cn(Cc2ccccc2)nc1-c1ccccc1,Chromobox protein homolog 1
CC(=O)Nc1cccc(C(=O)NNC(=O)c2ccc(-n3cnnn3)cc2)c1,Chromobox protein homolog 1
CCOC(=O)CN1C(=O)c2ccccc2C1=O,Chromobox protein homolog 1
Cn1c(=O)n(CC(=O)O)c(=O)c2c1nc1n2CCCN1c1ccc(Cl)cc1,Chromobox protein homolog 1
CCCCN1C(=O)C(C(=O)OCC)CC2=C1CCCC2=O,Chromobox protein homolog 1
COc1ccc(Oc2c(C(=O)O)cnc3c2cnn3C)cc1,Chromobox protein homolog 1
CCCn1c(N)cc(=O)n(C)c1=O,Chromobox protein homolog 1
COc1ccccc1OCC(=O)N1CCNC1=O,Chromobox protein homolog 1
CCn1nc(C)cc1C(=O)N1CCCC(Nc2ccc(F)c(F)c2)C1,Chromobox protein homolog 1
CCS(=O)(=O)c1c(S(=O)(=O)CC)c2ccccn2c1C(N)=O,Chromobox protein homolog 1
O=C(O)Cn1cc(C(=O)C2CC2)c2ccccc21,Chromobox protein homolog 1
CCCCN1C(=O)NC(c2cccc([N+](=O)[O-])c2)C(C(=O)OCC)=C1C,Chromobox protein homolog 1
COc1ccc(CN(C(C)=O)c2ccccc2C(=O)O)cc1,Chromobox protein homolog 1
CCc1ccc2c(c1)c(=O)c(S(=O)(=O)c1ccccc1)cn2CC(=O)Nc1ccc(OC)cc1,Chromobox protein homolog 1
CCCC(=O)NC(NC(S)=Nc1c(C)n(C)n(-c2ccccc2)c1=O)C(Cl)(Cl)Cl,Chromobox protein homolog 1
Cc1cccc(N(CC(=O)N2CCCCCC2)S(C)(=O)=O)c1C,Chromobox protein homolog 1
CC(=O)c1ccc(NC(=O)CCn2c(=S)oc3ccccc32)cc1,Chromobox protein homolog 1
O=C(NNc1ccccc1C(F)(F)F)c1sccc1Cl,Chromobox protein homolog 1
CCc1ccc2oc(C(=O)Nc3ccccc3C(=O)OC)cc(=O)c2c1,Chromobox protein homolog 1
CC(=O)Nc1ccc(NC(=O)CSc2nc(O)c3c(C)cc(C)nc3n2)cc1,Chromobox protein homolog 1
CCc1ccc(C(=O)c2cn(CC(=O)Nc3ccc4c(c3)OCCO4)c3ccc(F)cc3c2=O)cc1,Chromobox protein homolog 1
NC(=O)NC1(C(=O)O)CCCC1,Chromobox protein homolog 1
Cc1ccc(/C=C/S(=O)(=O)NCC(=O)OCC(=O)N2CC(=O)Nc3ccccc32)cc1,Chromobox protein homolog 1
COc1ccccc1CN1CC(C(=O)NCc2ccc(N3CCCC3=O)cc2)CCC1=O,Chromobox protein homolog 1
CCc1ccc(N(CC)C(=O)Cn2c(=O)oc3ccccc32)cc1,Chromobox protein homolog 1
O=C(O)c1cc2cc(S(=O)(=O)O)ccc2cc1O,Chromobox protein homolog 1
COc1cccc(-c2cc(C(=O)NCc3ccccc3)no2)c1,Chromobox protein homolog 1
CCOCCc1nn2c(=O)cc(CSCC(=O)Nc3cc(C)cc(C)c3)nc2s1,Chromobox protein homolog 1
Cc1ccc(S(=O)(=O)NC(=O)Nc2nnc(C)s2)cc1,Chromobox protein homolog 1
COc1ccc(OC)c(NC(=O)CSc2nc3ccccc3c(=O)n2CCC(=O)NC2CCCCC2)c1,Chromobox protein homolog 1
COc1ccc(N2CC(C(=O)N[C@@H](C)C(=O)NCCc3ccccc3)CC2=O)cc1,Chromobox protein homolog 1
CC(C)C(NS(=O)(=O)c1ccc2c(c1)oc(=O)n2C)C(=O)NCCc1ccc(Cl)cc1,Chromobox protein homolog 1
CC1CC1C(=O)OCC(=O)Nc1cc(S(=O)(=O)N2CCCCC2)ccc1Cl,Chromobox protein homolog 1
COc1ccc(CC(=O)N2CCc3cc(OC)c(OC)cc3C2COc2ccc3c(C)cc(=O)oc3c2)cc1,Chromobox protein homolog 1
CC(C)[C@H](NC(=O)CCn1nnc2ccccc2c1=O)C(=O)O,Chromobox protein homolog 1
CC(c1c(O)nc2ccccc2c1O)C1(C)CCC(O)C(C)(C)O1,Chromobox protein homolog 1
Cc1nc2cccnc2n1C1CCN(C(=O)Nc2ccc(Cl)cc2)CC1,Chromobox protein homolog 1
COc1cc(C(=O)NNC(=O)C2CSC3(C)CCC(=O)N23)cc(OC)c1OC,Chromobox protein homolog 1
O=C(NNc1ncnc2c1cnn2-c1ccccc1)c1ccccc1,Chromobox protein homolog 1
CCCNC(=O)C(Cc1ccccc1F)NC(=O)c1ccccn1,Chromobox protein homolog 1
CC[C@H]1OC(=O)C[C@@H](O)[C@H](C)[C@@H](O[C@@H]2O[C@H](C)[C@@H](O[C@H]3C[C@@](C)(O)[C@@H](O)[C@H](C)O3)[C@H](N(C)C)[C@H]2O)[C@@H](CC=O)C[C@@H](C)C(=O)/C=C/C(C)=C/[C@@H]1CO[C@@H]1O[C@H](C)[C@@H](O)[C@@H](OC)[C@H]1OC.O=P(O)(O)O,Chromobox protein homolog 1
COc1ccccc1C(=O)NCCC(=O)NCCc1ccccc1,Chromobox protein homolog 1
O=C(c1ccco1)N1CCN(C(=S)NC2CC3CCC2C3)CC1,Chromobox protein homolog 1
CCCNC(=O)c1ccccc1C(=O)NCCC,Chromobox protein homolog 1
C=CCn1c(C)nnc1SCC(=O)NC1CC1,Chromobox protein homolog 1
COc1ccccc1N=C(S)NC1CCCC1,Chromobox protein homolog 1
Cc1cccc(C)c1OCc1cc(C(=O)NCc2ccc(Cl)s2)no1,Chromobox protein homolog 1
O=C(NCc1ccc2c(c1)OCO2)C1CCCN1C(=O)Nc1ccccc1,Chromobox protein homolog 1
Cc1c(N(C)S(=O)(=O)c2ccc(Cl)c(C(=O)NCC(C)(C)N3CCOCC3)c2)c(=O)n(-c2ccccc2)n1C,Chromobox protein homolog 1
CCOC(=O)CN(C#N)c1nc(C)cc(C)n1,Chromobox protein homolog 1
Cc1cccc(NC(=O)NCCOCCn2c(=O)oc3ccccc32)c1C,Chromobox protein homolog 1
Cc1ccc(N2C(=O)Nc3ccc(Br)cc3C2(O)C(=O)NCCN(C)C)cc1C,Chromobox protein homolog 1
[H][C@]12CN(CC)C(=O)[C@](C)(N1C(=O)c1ccc(C(F)(F)F)cc1)[C@@]1([H])C(=O)N(Cc3ccccc3)C(=O)[C@@]21[H],Chromobox protein homolog 1
Cc1ccc(CNC(=O)C2(C)Oc3ccccc3NC2=O)cc1,Chromobox protein homolog 1
CC(C)(C)S(=O)(=O)N1Cc2ccc(CO)cc2[C@@H]1CCO,Chromobox protein homolog 1
Cc1cc(=O)oc2cc(OC(C)C(=O)NC[C@H]3CC[C@H](C(=O)O)CC3)c(Cl)cc12,Chromobox protein homolog 1
CN(CC(N)=O)S(=O)(=O)c1ccc(F)cc1,Chromobox protein homolog 1
Cc1c(NC(=O)c2ccc(Cl)s2)c(=O)n(-c2ccccc2)n1C,Chromobox protein homolog 1
O=C(NCc1nnc(SCC(=O)N2CCOCC2)o1)c1ccccc1F,Chromobox protein homolog 1
CCOC(=O)c1sc(NC(=O)C(C)Oc2ccc(OC)cc2)c(C(=O)OCC)c1C,Chromobox protein homolog 1
O=C(NNC(=O)c1ccccc1[N+](=O)[O-])Nc1ccccc1C(F)(F)F,Chromobox protein homolog 1
C=CCN1C(=O)C2C(C(=O)NCc3ccccc3)C3C=CC2(O3)C1C(=O)NC(C)(C)C,Chromobox protein homolog 1
C/C(=NOCC(=O)O)c1ccc(Cl)cc1,Chromobox protein homolog 1
CC(C)NC(=O)N(C)C[C@H]1Oc2c(NS(=O)(=O)c3ccc(F)cc3)cccc2C(=O)N([C@H](C)CO)C[C@@H]1C,Chromobox protein homolog 1
