smiles,targetname
O=C(C[C@@H]1C/C=CC[C@@H](Cc2ccc(F)cc2)C(=O)OC[C@@H](Cc2c[nH]c3ccccc23)NC1=O)NCCO,DNA polymerase iota
COc1ccccc1CC(=O)Nc1ccc(C(=O)N2CCCCC2)cc1,DNA polymerase iota
Cc1ccc(N(CC(=O)NCc2ccccc2)C(=O)CCC(=O)Nc2ccccn2)cc1C,DNA polymerase iota
C/C(CCc1ccccc1)=NNC(=O)CC(=O)NCCc1ccccc1,DNA polymerase iota
Cc1ccsc1CN(C)Cc1nc(C2CC2)no1,DNA polymerase iota
COC(=O)c1ccc(N2C(=O)C3C4C=CC(CC4)C3C2=O)cc1,DNA polymerase iota
CC(NC(=O)CS(=O)(=O)c1ccccc1)c1ccccc1,DNA polymerase iota
CCCc1c(C)nc(N2CCN(c3ccccc3OC)CC2)nc1O,DNA polymerase iota
COc1cccc(CNC(=O)CCC2CCCN(C(=O)CCn3cncn3)C2)c1,DNA polymerase iota
O=C(NCCC1CCCCN1S(=O)(=O)c1ccccc1)C(=O)NCc1cccnc1,DNA polymerase iota
COc1ccc(C2(c3ccc(OC)cc3)NC(=O)N(CC(=O)NCC(F)(F)F)C2=O)cc1,DNA polymerase iota
CN(Cc1ccccc1)C(=O)c1cccc(NC(=O)Cc2ccc(NC(=O)C3CCCN(C(=O)C4CC4)C3)cc2)c1,DNA polymerase iota
COc1ccc(CN2CCNC(=O)C2CC(=O)N2CCCCO2)c(OC)c1,DNA polymerase iota
CCC(C)NC(=O)c1ccc(-n2c(=S)[nH]c3ccccc3c2=O)cc1,DNA polymerase iota
COc1ccccc1N(CC(=O)NC1CCCCC1)C(=O)CCC(=O)Nc1nccs1,DNA polymerase iota
N#CCCN1CCC(NC(=O)OCc2ccccc2)CCC1=O,DNA polymerase iota
COc1ccc(CNC(=O)COC(=O)CCC(=O)c2cccs2)cc1,DNA polymerase iota
CCc1nnc(NC(=O)c2ccc(COc3ccccc3Cl)o2)s1,DNA polymerase iota
Cc1ccc(CCCOC(=O)CN2CCCCC2)cc1,DNA polymerase iota
COCCn1c(SC(C)C(=O)Nc2ccc(Cl)cn2)nnc1-c1ccncc1,DNA polymerase iota
COc1ccc(CCC2(C)OCC(CCCCO)O2)cc1,DNA polymerase iota
O=C(CSC1=Nc2ccc(Cl)cc2S(=O)(=O)N1)NCc1ccccc1,DNA polymerase iota
O=S(=O)(c1ccccc1)N(CC(O)CN1CCOCC1)c1ccccc1,DNA polymerase iota
O=C(O)C(F)(F)F.[H][C@]12CN(CC)/C(=NC)N1[C@@](C)(C(=O)OC)[C@@]1([H])C(=O)N(C)C(=O)[C@@]21[H],DNA polymerase iota
CCN(C(=O)CN1C(=O)CN(C)C1=O)c1cccc2ccccc12,DNA polymerase iota
CC1CCN(C(=O)CNC(=O)CNC(=O)Cc2ccccc2)CC1,DNA polymerase iota
C=CCN1C(=O)NC(=O)/C(=C(/CC)Nc2ccc(NC(C)=O)cc2)C1=O,DNA polymerase iota
CCOc1ccc2nc(C)c(CN3CCCCCC3)c(O)c2c1,DNA polymerase iota
Cl.N=c1n(CCO)c2ccccc2n1CCN1CCCCC1,DNA polymerase iota
COc1ccccc1NC(=O)c1ccc(S(=O)(=O)N2CCCC(C)C2)cc1,DNA polymerase iota
O=S(=O)(NCC1CCCO1)c1ccc(Cl)nc1,DNA polymerase iota
CN(C)CCn1cnc2c1c(=O)[nH]c(=O)n2Cc1ccccc1.Cl,DNA polymerase iota
COc1cc(/C=C/C(=O)O)cc(S(=O)(=O)Nc2cc(C(F)(F)F)ccc2N2CCOCC2)c1OC,DNA polymerase iota
CC(CCc1ccccc1)NC(=O)CNC(=O)c1ccccc1Br,DNA polymerase iota
O=C(NCc1cccnc1)C1CCN(S(=O)(=O)c2cc([N+](=O)[O-])ccc2Cl)CC1,DNA polymerase iota
Cc1ccc(OCC(=O)Nc2cc(-c3nc4cc(Cl)ccc4o3)ccc2C)c(C)c1,DNA polymerase iota
CCc1noc(C)c1C(=O)Nc1ccccc1C(C)(C)C,DNA polymerase iota
CCCCn1c(N)c(N(CCOC)C(=O)c2cc(Cl)nc3ccccc23)c(=O)[nH]c1=O,DNA polymerase iota
Cc1ccc(S(=O)(=O)N2CC(C)N(C(=O)N3CCOCC3)C2)cc1,DNA polymerase iota
COc1ccccc1NC(=O)CSc1nnnn1-c1ccc(C(=O)O)cc1,DNA polymerase iota
CCn1c(COc2cccc(OC)c2)nnc1SCC(=O)N1CCOCC1,DNA polymerase iota
COc1ccccc1NS(=O)(=O)c1cc(C(=O)NCCCN2CCCC2=O)ccc1C,DNA polymerase iota
O=C(CN1C(=O)NC2(CCc3ccccc32)C1=O)NCCc1ccccc1,DNA polymerase iota
O=C1c2ccccc2S(=O)(=O)N1CCCN1C(=O)c2ccccc2S1(=O)=O,DNA polymerase iota
O=C1NCCN1c1ccccc1,DNA polymerase iota
CCN(C(=O)COC(=O)CNC(=O)c1cccs1)c1c(N)n(Cc2ccccc2)c(=O)[nH]c1=O,DNA polymerase iota
CC(C)[C@H](NC(=O)c1ccccc1)C(=O)OCC(=O)NCc1ccc2c(c1)OCO2,DNA polymerase iota
Cc1ccccc1C(=O)NNC(=O)CCCCC(=O)NNC(=O)c1ccccc1C,DNA polymerase iota
COc1cccc(NC(=O)CSc2nc(=O)n(Cc3ccncc3)c3c2CCCC3)c1,DNA polymerase iota
CC(C(=O)NCc1cccs1)n1cccc1,DNA polymerase iota
CCn1c(CN2CCOCC2)nnc1SCC(=O)Nc1ccccc1Cl,DNA polymerase iota
COCCN(C(=O)CCN1C(=O)C2CC=CCC2C1=O)c1c(N)n(CC(C)C)c(=O)[nH]c1=O,DNA polymerase iota
COc1ccc(-c2nnc3cccc(Cl)n23)c(OC)c1,DNA polymerase iota
Cc1cc(N2CCCC(C(=O)Nc3cccc(Cl)c3)C2)n2ncnc2n1,DNA polymerase iota
CC(=O)Nc1cccc2cccnc12,DNA polymerase iota
COc1ccc(C(CNc2ccc(S(=O)(=O)N3CCN(C)CC3)cc2[N+](=O)[O-])N(C)C)cc1,DNA polymerase iota
O=C(N/N=C/c1cc(Br)c(O)c(Br)c1)C1CC1,DNA polymerase iota
O=C(c1ccccc1Cl)N1CCn2c1nc1ccccc12,DNA polymerase iota
CSCCC(NC(N)=O)C(=O)Nc1cccc(S(=O)(=O)N2CCOCC2)c1,DNA polymerase iota
O=C(NCC(=O)N1CCN(Cc2ccc3c(c2)OCO3)CC1)c1ccccc1F,DNA polymerase iota
Cc1ccc(OCC(=O)Nc2ccc(C(N)=O)cc2)cc1,DNA polymerase iota
O=C(COC(=O)CCc1ccccc1)Nc1ccc(F)cc1Cl,DNA polymerase iota
Clc1cccc(-c2nnc3n2CCCCC3)c1,DNA polymerase iota
COc1cc(CNCCCN2CCOCC2)ccc1OCC(=O)NC(C)(C)C.Cl,DNA polymerase iota
O=C(c1cc(F)cc2c1OCOC2)N1CCN(c2ccc(F)cc2)CC1,DNA polymerase iota
COc1nc(N(C)C)nc(N2CC(=O)N(CCNS(=O)(=O)c3ccc(C)cc3)C2=N)n1,DNA polymerase iota
C1CCc2c(c(N3CCOCC3)nc3sc4c(N5CCOCC5)nnnc4c23)C1,DNA polymerase iota
Cc1ccccc1NC(=O)NC1(C(=O)N2CCC(C(N)=O)CC2)CCCCC1,DNA polymerase iota
O=C(Nc1sc2c(c1C(=O)NCC(O)CO)CCCC2)c1ccccc1,DNA polymerase iota
COc1ccc(NS(=O)(=O)N2CCCCC2)cc1,DNA polymerase iota
O=C1CC2(CCN(C(=O)COc3ccccc3)CC2)Oc2ccccc21,DNA polymerase iota
CC(=O)Nc1ccc(N(C(=O)c2ccco2)C(C(=O)NC2CCCC2)c2ccncc2)cc1,DNA polymerase iota
CCCC(C(=O)NC(C)(C)CC)N(CC1CCCO1)C(=O)CNS(=O)(=O)c1ccc(F)cc1,DNA polymerase iota
COc1cc(Br)c(CC(=O)NO)cc1OC,DNA polymerase iota
CC(C)N1CCN(Cc2ccoc2)CC1CCO,DNA polymerase iota
CCOC(=O)c1c(S(=O)(=O)N2CCC(C(=O)NCc3ccc(F)cc3)CC2)c(C)n(C)c1C,DNA polymerase iota
COC(=O)c1cc(OC)c(OC)cc1N1C(=O)CC(C)(C)CC1=O,DNA polymerase iota
Cc1nc([N+](=O)[O-])cn1CC(=O)c1ccccc1,DNA polymerase iota
CC(=O)c1cccc(N(C(=O)c2ccccn2)C(C(=O)NC2CCCCC2)c2ccccc2)c1,DNA polymerase iota
CC(Sc1nnnn1C)C(=O)NC1CCCC1,DNA polymerase iota
Cc1cccc(Nc2ccncc2S(N)(=O)=O)c1,DNA polymerase iota
CCN(CC)/[N+]([O-])=N/OCOC(=O)C(C)c1ccc(CC(C)C)cc1,DNA polymerase iota
CC(NC(=O)c1ccc(NC(=O)CC2SC(N3CCCC3)=NC2=O)cc1)c1ccc(S(N)(=O)=O)cc1,DNA polymerase iota
CCCCn1c(N)c(N(CCOC)C(=O)c2cccc(N3C(=O)c4ccccc4C3=O)c2)c(=O)[nH]c1=O,DNA polymerase iota
CC(O)Cn1c(N2CCCC2)nc2c1c(=O)[nH]c(=O)n2C,DNA polymerase iota
Cc1ccc(S(=O)(=O)NCC(=O)OCc2cc(=O)oc3cc(C)ccc23)cc1,DNA polymerase iota
COc1ccccc1C(=O)COC(=O)Cn1nc(C)c([N+](=O)[O-])c1C,DNA polymerase iota
O=C(N/C(=Cc1ccco1)C(=O)N1CCOCC1)c1ccccc1Cl,DNA polymerase iota
Nc1c(Br)cc(/C=C2C=Cc3ccccc32)cc1Br,DNA polymerase iota
Cc1ccc(S(=O)(=O)N2CCCCC2)cc1NC(=O)C1CC1,DNA polymerase iota
CS(=O)(=O)Nc1ccc(Oc2ncccn2)cc1,DNA polymerase iota
Cc1nc(C)n(C)c(=O)c1-c1ccccc1,DNA polymerase iota
CC(C)CC(NC(N)=O)C(=O)NCc1ccc(Cl)cc1,DNA polymerase iota
CCOC(=O)N1CCc2c(sc3c2c(=O)n(CCc2ccccc2)c(=O)n3Cc2ccc(C)cc2C)C1,DNA polymerase iota
CCC(C)NC(=O)c1ccc2nc(-c3cccs3)c(-c3cccs3)nc2c1,DNA polymerase iota
CSc1ccn(Cc2c(Cl)cccc2Cl)c(=O)n1,DNA polymerase iota
CCOc1ccc(C(=O)C[n+]2ccccc2C)cc1.[Cl-],DNA polymerase iota
COc1cccc(-n2ccnc2SCC(=O)Nc2cc(C)on2)c1,DNA polymerase iota
CCOC(=O)c1ccc(NC(=S)N2CCCC(C(=O)N3CCCC3)C2)cc1,DNA polymerase iota
COc1ccnc(Oc2ccc(F)cc2)c1-c1nc[nH]n1,DNA polymerase iota
O=C(NCc1ccccc1Cl)NC(=O)c1csc([N+](=O)[O-])c1,DNA polymerase iota
COc1ccc(N2CC(C(=O)Nc3cccc(OC(C)C)c3)CC2=O)cc1,DNA polymerase iota
CNC(=O)C12CC3CC(C1)CC(c1ccc(C)cc1)(C3)C2,DNA polymerase iota
O=C(NCCN1CCOCC1)c1cccc(S(=O)(=O)N2CCCCC2)c1,DNA polymerase iota
COC(=O)c1sc(NC(=O)CN2CCN(c3cccc(Cl)c3)CC2)c(C(=O)OC)c1C,DNA polymerase iota
O=C(CCN1C(=O)CSC1=O)Nc1ccc(Br)cc1,DNA polymerase iota
CS(=O)(=O)c1ccc(NC(=O)c2cccc(-n3cnnn3)c2)cc1,DNA polymerase iota
NS(=O)(=O)c1ccc(CNC(=S)Nc2cc(S(=O)(=O)N3CCOCC3)ccc2Cl)cc1,DNA polymerase iota
Cc1ccc(N(CC(=O)NCc2ccccc2)C(=O)CCC(=O)Nc2ccccn2)cc1,DNA polymerase iota
CN(Cc1ccccc1)C(=O)COC(=O)c1cc(=O)c2ccccc2o1,DNA polymerase iota
CC(=O)N1c2ccc(S(=O)(=O)N3CCC(C(=O)NCc4ccccc4)CC3)cc2CC1C,DNA polymerase iota
CC(=O)N1CCc2cc(Br)cc(S(=O)(=O)N3CCC(C(=O)N(C)c4cc(C)ccc4C)CC3)c21,DNA polymerase iota
Cc1cccc(NC(=O)COC(=O)[C@@H]2CCCN2C(=O)c2cccs2)c1,DNA polymerase iota
Cc1cc(C(=O)N(NC(=O)C(C)C)c2ccccc2)cs1,DNA polymerase iota
CCCn1nnnc1SCC(=O)NC1CCCC1,DNA polymerase iota
O=C(COC(=O)Cc1ccc(F)cc1)NC1CCCC1,DNA polymerase iota
NC(=O)COc1ccccc1C(=O)Nc1ccccc1,DNA polymerase iota
COc1ccc(-c2nc3sc(CCNC(=O)C(=O)Nc4ccc(C)c(C)c4)c(C)n3n2)cc1,DNA polymerase iota
CCOP(=O)(OCC)C(NC(=O)C(C)C)C(Cl)(Cl)Cl,DNA polymerase iota
COc1ccccc1CCC(=O)OCC(=O)Nc1ccc(C)c(S(=O)(=O)N2CCCCC2)c1,DNA polymerase iota
Cc1ccsc1C(=O)NNC(=O)c1cccc(S(=O)(=O)N2CCCC2)c1,DNA polymerase iota
C#CCOCCOCCOCCNc1nc(N2CCN(C(=O)[C@H](Cc3ccc(O)cc3)n3cc(CCO)nn3)CC2)nc(N2CCN(C(=O)[C@H](C(C)C)n3cc(CCO)nn3)CC2)n1,DNA polymerase iota
COc1ccc(N2C(=O)CCC2=O)c(OC)c1,DNA polymerase iota
COc1ccc(C(CNC(=O)COc2ccccc2OC)N2CCCCC2)cc1,DNA polymerase iota
O=C(Nc1ccc(F)c(F)c1)C1CCCN1S(=O)(=O)c1ccc(F)cc1,DNA polymerase iota
O=C(Nc1ccccc1C(=O)NCc1cccnc1)c1ccccc1Cl,DNA polymerase iota
O=C(CCNC(=O)c1ccc(Br)cc1)NCCCN1CCCC1=O,DNA polymerase iota
COc1ccc(CCNS(=O)(=O)CCNC(=O)c2ccc(OC)cc2)cc1,DNA polymerase iota
CCc1ccc(/C(C)=N/NC(=O)C(O)c2ccccc2)s1,DNA polymerase iota
CC(Sc1nnc(-c2cccs2)n1C1CC1)C(=O)NCC1CCCO1,DNA polymerase iota
NC(=O)C[C@H](NC(=O)c1ccc(Cl)cc1)C(=O)OCc1ccccc1,DNA polymerase iota
COc1cccc(CNC(=O)COC(=O)c2ccc(Cl)s2)c1,DNA polymerase iota
O=C(COC(=O)C1COc2ccccc2O1)NC1CCCCC1,DNA polymerase iota
COc1ccc(/C(CC2OC(=O)c3ccccc32)=NNC(N)=O)cc1,DNA polymerase iota
COC(=O)CSc1nc(SC)nc2c1sc1nc(-c3ccco3)c3c(c12)CC(C)(C)OC3,DNA polymerase iota
COc1ccc(OC)c(NC(=O)CC2(CC(=O)O)CCCC2)c1,DNA polymerase iota
Cc1ccc(C(=O)OCC(=O)NCCNC(=O)COC(=O)c2ccc(C)s2)s1,DNA polymerase iota
COc1ccc(NC(=O)CCNS(=O)(=O)c2ccccc2F)cc1S(N)(=O)=O,DNA polymerase iota
CCN(C(=O)CSc1nc2cc(OC)ccc2[nH]1)C1CCS(=O)(=O)C1,DNA polymerase iota
CC(=O)OC1CCC2(C)C3=CCC4(C)C(C(C)=O)=CCC4C3CCC2C1,DNA polymerase iota
CC1(CCc2ccccc2)NC(=O)N(CC(=O)N2CCCCCC2)C1=O,DNA polymerase iota
[H][C@]12C=CC[C@@H](C(=O)Nc3ccccc3)[C@@]1([H])C(=O)N(C1CCCCC1)CC2,DNA polymerase iota
Cc1cccc(NC(=O)CCCn2nc(C)c3c(C)n(-c4ccccc4)nc3c2=O)c1C,DNA polymerase iota
CC1(NC(=O)Nc2cccc(Br)c2)CCS(=O)(=O)C1,DNA polymerase iota
O=C(CN1C(=O)NC2(CCCC2)C1=O)OCCOc1ccc(Br)cc1,DNA polymerase iota
Cc1cc[n+](CC(=O)c2ccc(F)cc2)cc1,DNA polymerase iota
O=C(C1CC1)N1N=C(c2ccncc2)CC1(O)C(F)(F)F,DNA polymerase iota
COc1ccc(NC(=O)CNC(=O)Cc2ccccc2)cc1,DNA polymerase iota
Cn1cnnc1SCc1ccc(C#N)cc1Cl,DNA polymerase iota
CCCCn1c(=O)cc(C)n(-c2ccccc2)c1=O,DNA polymerase iota
Cn1c(SCC(=O)Nc2ccc3c(c2)OCCO3)nnc1-c1ccncc1,DNA polymerase iota
Cc1ccc(S(=O)(=O)N2CCOCC2)cc1C(=O)NC1CCCCCC1,DNA polymerase iota
CCOC(=O)NC(=O)c1cn(CCNCCO)c(=O)[nH]c1=O,DNA polymerase iota
COc1ccc(-c2csc(-c3nc(-c4ccc(Br)s4)cs3)n2)cc1F,DNA polymerase iota
Cc1ccc(CC(=O)NCCN2CCCCC2)cc1,DNA polymerase iota
O=C(CSc1nnc(CNC(=O)c2cccs2)o1)NC1CCCCC1,DNA polymerase iota
CCc1nn(CC(=O)N2CCC(C)CC2)c(=O)c2cccn12,DNA polymerase iota
COCCN(C(=O)c1csnn1)C(C(=O)NC1CCCC1)c1ccc(C)cc1,DNA polymerase iota
[H][C@]12CC[C@]([H])(C(C(=O)OC)=C(c3cccc(OC)c3OC)C1)N2C(=O)NCc1ccc(F)cc1,DNA polymerase iota
COc1ccc(-c2nnc(SCC(=O)Nc3c(Cl)cc(Cl)cc3C(=O)O)o2)cc1,DNA polymerase iota
COc1ccc(OC)c(-c2nnc(SCC(=O)N3CCOCC3)o2)c1,DNA polymerase iota
c1ncc2snnc2n1,DNA polymerase iota
Cc1ccc(S(=O)(=O)N(C)C)cc1NC(=O)CN1C(=O)NC(Cc2c[nH]c3ccccc23)C1=O,DNA polymerase iota
Cc1ccc(CCNC(=O)c2cn(C)c3ccc(S(=O)(=O)N4CCC(C)CC4)cc3c2=O)cc1,DNA polymerase iota
Cc1cc(O)n2nc(CCC(=O)O)nc2n1,DNA polymerase iota
Cc1ccc(C(=O)N2CCC3(CC2)Oc2ccc(F)cc2C(=O)C32CC(c3ccccc3)=NO2)s1,DNA polymerase iota
COCCN1C(S)=NC(c2cccc(C(F)(F)F)c2)C(C(=O)N2CCOCC2)=C1C,DNA polymerase iota
Cc1cc(N2CCC(C(=O)Nc3ccc(F)cc3C)CC2)n2nc(C)c(-c3ccc(Cl)cc3)c2n1,DNA polymerase iota
O=C(CCNc1nnc(O)nc1O)N/N=C/c1ccccc1Br,DNA polymerase iota
Cc1ccc2c(c1)N(CC(=O)N1CCCCCC1)C(=O)C(C)O2,DNA polymerase iota
Cn1c(=O)c2nc(CCCc3nc4ccccc4[nH]3)[nH]c2n(C)c1=O,DNA polymerase iota
N#Cc1ccc(OCC(=O)OCC(=O)c2ccc[nH]2)cc1,DNA polymerase iota
COC(=O)c1sccc1NC(=O)Nc1cc(C)ccc1C,DNA polymerase iota
O=C(CSc1nc2c([nH]c3ccccc32)c(=O)n1-c1ccc(Cl)cc1)N1CCCCCC1,DNA polymerase iota
CN(C(=O)COC(=O)c1ccc(Cl)nc1)C1CCS(=O)(=O)C1,DNA polymerase iota
CCC(Oc1ccccc1OC)C(=O)Nc1ccc2c(c1)OCO2,DNA polymerase iota
N#CC1C(=O)NC(=O)CC12CCCCC2,DNA polymerase iota
CC(=O)NC(Cc1ccc(F)cc1)C(=O)NC1CCN(C(=O)Nc2ccc(F)cc2)CC1,DNA polymerase iota
Cc1cc(N2CCCCC2)nc(N2CCOCC2)n1,DNA polymerase iota
CC(=O)Nc1ccc(S(=O)(=O)NCC(=O)NNC(=O)COc2c(C)cccc2C)cc1,DNA polymerase iota
Cc1cccc(C)c1NC(=O)COC(=O)C1C2CC3OC(=O)C1C3C2,DNA polymerase iota
Cc1ccc(N2CCN(S(=O)(=O)c3ccc4oc(=O)ccc4c3)CC2)cc1Cl,DNA polymerase iota
COc1ccc(OC)c(CNC(=O)C2CCN(S(=O)(=O)c3cn(C)cn3)CC2)c1,DNA polymerase iota
O=C(NCCS(=O)(=O)N1CCN(c2ccccc2)CC1)C(c1ccccc1)c1ccccc1,DNA polymerase iota
[H][C@@]12C(=O)N(c3ccccn3)C(=O)C1C1c3ccccc3C2c2ccccc21,DNA polymerase iota
O=C1CCCN1CC(O)CS(=O)(=O)Cc1ccc(Cl)cc1,DNA polymerase iota
CC(=O)Nc1ccccc1NC(=O)c1ccccc1-c1ccccc1,DNA polymerase iota
C[C@H]1CCC2[C@](C)(CC[C@H](O)[C@@]2(C)CO)[C@@]12CCC(CO)(CCO)O2,DNA polymerase iota
CCCCN(C(=O)CCC(=O)Nc1cc(C)on1)C(C(=O)NC1CCCC1)c1ccc(OC)cc1,DNA polymerase iota
CN(Cc1nccn1C)C(=O)C1CCC(=O)N(Cc2cccc(C(F)(F)F)c2)C1,DNA polymerase iota
COCCCN=C(S)N(CCCO)Cc1cc2cc3c(cc2nc1O)OCCO3,DNA polymerase iota
CCN(c1ccccc1)S(=O)(=O)c1ccc(Cl)c(NC(=O)COC(=O)c2ccc[n+]([O-])c2)c1,DNA polymerase iota
O=C(CN1CCN(S(=O)(=O)N2CCOCC2)CC1)Nc1cc(Cl)cc(Cl)c1,DNA polymerase iota
Cc1ccc(CNC(=O)Cn2cc(S(=O)(=O)Cc3cccc(Cl)c3)c3ccccc32)cc1,DNA polymerase iota
O=C(NCC(=O)N1CCN(S(=O)(=O)c2cccs2)CC1)c1ccc(Cl)cc1,DNA polymerase iota
COc1ccc(Cl)cc1S(=O)(=O)N1CCN=C1Cc1ccccc1,DNA polymerase iota
CN1CCN(C(CNC(=O)C(=O)Nc2ccc(F)cc2F)c2ccc3c(c2)OCO3)CC1,DNA polymerase iota
COc1cccc(CN(CC(=O)NC2CCCCC2)C(=O)c2csnn2)c1,DNA polymerase iota
O=C(CCn1nc(-c2ccccc2)c2ccccc2c1=O)NN1CCOCC1,DNA polymerase iota
CCOC(=O)CCC(NC(=O)CCC(=O)NC(CCC(=O)OCC)C(=O)OCC)C(=O)OCC,DNA polymerase iota
Cc1ccc(N(C(=O)CNC(=O)c2ccco2)C(C(=O)NC2CCCC2)c2cccnc2)cc1,DNA polymerase iota
CCN(C(=O)COC(=O)c1nc2nc(C)cc(C)n2n1)C1CCCCC1,DNA polymerase iota
CCN1CCN(c2cnnc(O)c2Cl)CC1,DNA polymerase iota
COc1cc(OC)nc(N=CNO)n1,DNA polymerase iota
Cc1cccc(C)c1N=C(S)N(CCCN1CCOCC1)Cc1cccnc1,DNA polymerase iota
N#CCCn1cc(/C=N/NC(=O)c2ccncc2)c(-c2ccccc2)n1,DNA polymerase iota
CCN(CC)CCNC(=O)C1(O)c2cc(Br)ccc2NC(=O)N1c1ccccc1,DNA polymerase iota
COCCNC(=O)C12CC3CC(CC(Cl)(C3)C1)C2,DNA polymerase iota
O=C(NCCN1CCOCC1)C(Sc1ccccc1)c1ccccc1,DNA polymerase iota
CC(C)C(C(=O)NCc1ccco1)N(Cc1ccco1)C(=O)CNS(=O)(=O)c1ccccc1,DNA polymerase iota
Nc1ccc(N2CCOCC2)cc1C(F)(F)F,DNA polymerase iota
CCSc1nc(-c2ccccc2OC)nc2c1Cc1c(CO)cnc(C)c1O2,DNA polymerase iota
CCOC(=O)c1ccc(NC(=O)c2oc(=O)c3ccccc3c2-c2ccccc2)cc1,DNA polymerase iota
C/C(=Cc1ccccc1)CN1CCN(Cc2ccc(C)o2)C(CCO)C1,DNA polymerase iota
COc1ccc(/C=C(NC(=O)c2cccs2)C(=O)NN)cc1OC,DNA polymerase iota
O=C(Cn1cnc2ccccc2c1=O)NC1CCS(=O)(=O)C1,DNA polymerase iota
CCOC(=O)c1c(N)sc(C(=O)N(CC)CC)c1C,DNA polymerase iota
O=C(OCc1nc(O)c2sccc2n1)c1ccc(Cl)nc1,DNA polymerase iota
O=C(NCCCc1nc2ccccc2n1CCCOc1ccccc1)C1CCCCC1,DNA polymerase iota
CC(C)CNC(=O)CSc1ccc(S(=O)(=O)N(C)C2CCCCC2)cn1,DNA polymerase iota
Cc1ccc(S(=O)(=O)N2CCN(C(=O)Cc3c(F)cccc3Cl)CC2)cc1,DNA polymerase iota
CC[C@H](C)[C@H](NC(N)=O)C(=O)Nc1ccc(NC(C)=O)cc1,DNA polymerase iota
COc1cccc(C2CC(=O)Nc3[nH]nc(-c4ccccc4)c32)c1OC,DNA polymerase iota
O=C(COC(=O)Cc1ccc(Br)cc1)NCc1cccs1,DNA polymerase iota
CC(=O)OCc1cc(=O)n(C)c(=O)n1C,DNA polymerase iota
Oc1ccc2ccccc2c1CN1CC2CCC(CC2)C1,DNA polymerase iota
CSc1ncc(Cl)c(C(=O)NCc2cccnc2)n1,DNA polymerase iota
CCOC(=O)C1(Cc2ccc(OC)cc2)CCN(C(=O)CCn2ccc(C)n2)CC1,DNA polymerase iota
COc1ccc(/C=C2SC(=S)N(CCCC(=O)N3CCN(C)CC3)C2=O)cc1OC,DNA polymerase iota
CCCCCNC(=O)c1ccc2c(=O)n(CCc3ccccc3)c(=O)[nH]c2c1,DNA polymerase iota
CCC1(C)NC(=O)N(CC(=O)Nc2cc(C)on2)C1=O,DNA polymerase iota
CCOP(=O)(Nc1cccc2cccnc12)OCC,DNA polymerase iota
N=C(NC1CCCCC1)NS(=O)(=O)c1ccccc1,DNA polymerase iota
O=C(CNC(=O)c1ccccc1)NC1(C(=O)NC2CCCCC2)CCCCC1,DNA polymerase iota
CC(CCC(C)[n+]1cccc(C#N)c1)[n+]1cccc(C#N)c1,DNA polymerase iota
CC(C)CCNC(=O)C(=O)NCC1OCCCN1S(=O)(=O)c1cccs1,DNA polymerase iota
CC1CC(=O)Nc2ccccc2N1C(=O)CN1CCN(c2ccccc2)CC1,DNA polymerase iota
CCOC(=O)C1(C(=O)OCC)C(c2ccccc2)CC(O)N1C(C)=O,DNA polymerase iota
COC(=O)CCCCCCCCC(O)CN1CCCCC1.Cl,DNA polymerase iota
CNc1nc(OCC(F)(F)F)nc(OCC(F)(F)F)n1,DNA polymerase iota
O=C(COC(=O)C1CCC(=O)N1)Nc1ccc(Cl)cc1Cl,DNA polymerase iota
CCOC(=O)C1=CN(CC)S(=O)(=O)NC1c1ccccc1,DNA polymerase iota
Cc1cccc(NC(=O)COC(=O)c2nn(C)c(=O)c3ccccc23)c1C,DNA polymerase iota
COc1ccccc1N1C(=O)NC(=O)C(CCc2ccncc2)(CCc2ccncc2)C1=O,DNA polymerase iota
CCCCN(C(=O)CSCC(=O)Nc1ccc(OC)cc1)c1c(N)n(CCC)c(=O)[nH]c1=O,DNA polymerase iota
COc1ccc2[nH]c3c(c2c1)CCN1C(=O)C(CC(=O)NCCCN(C)C)C[C@H](C(=O)N2CCOCC2)[C@@]31CCC1CCCC1,DNA polymerase iota
COc1ccc(CCNC(=O)Cn2nnc(-c3cccs3)n2)cc1OC,DNA polymerase iota
O=C(Cn1cc(C(F)(F)F)ccc1=O)N1CCCc2ccccc21,DNA polymerase iota
CC1CC(=O)Nc2ccccc2N1C(=O)CSc1nnnn1C,DNA polymerase iota
COc1ccc(N(C(C)C(=O)Nc2cccnc2)S(C)(=O)=O)cc1,DNA polymerase iota
Cc1ccc(C)c(NC(=O)CN(C)C(=O)C2CCN(S(=O)(=O)c3ccc4c(c3)OCCO4)CC2)c1,DNA polymerase iota
COc1ccc(Cn2c(=O)[nH]c3cc(C(=O)N4CCN(c5ccc(OC)cc5)CC4)ccc3c2=O)cc1,DNA polymerase iota
COc1cnn(C(C)(C)C)c(=O)c1Cl,DNA polymerase iota
O=C(CNc1cc(S(=O)(=O)N2CCOCC2)ccc1N1CCOCC1)Nc1cccc(C(F)(F)F)c1,DNA polymerase iota
N#C[C@H]1C2OC2c2ccccc2N1C(=O)c1ccccc1,DNA polymerase iota
CCOCc1nnc(NC(=O)c2cc(OC)c(OC)c(OC)c2)s1,DNA polymerase iota
C=CC[n+]1cccc2cc(Br)ccc21,DNA polymerase iota
OCCC#Cc1ccc(CN2CCN(CCc3ccccc3)C(CCO)C2)cc1,DNA polymerase iota
CCOC(=O)c1nc(N)c(=O)n(-c2ccccc2)n1,DNA polymerase iota
CN(C)/C(=NS(=O)(=O)c1ccccc1)c1ccc([N+](=O)[O-])cc1,DNA polymerase iota
CC(=O)NCCCc1nc2ccccc2n1Cc1ccccc1F,DNA polymerase iota
O=C(CN1CCN(Cc2ccc3c(c2)OCO3)CC1)NCC(F)(F)F,DNA polymerase iota
Cc1nn(Cc2ccccc2)c(C)c1C(=O)OCC(=O)Nc1cccc(S(N)(=O)=O)c1,DNA polymerase iota
COc1ccc(OC)c(NC(=O)c2ccc(NC3=NC4CS(=O)(=O)CC4S3)cc2)c1,DNA polymerase iota
COCC(=O)NC1CC2CCC(C1)N2C(S)=Nc1ccccc1C(=O)OC,DNA polymerase iota
CCc1ccc(CN(C)C(=O)C2CCC(=O)N(CCCN3CCCC3=O)C2)cc1,DNA polymerase iota
CCOC(=O)N1C2C=CC(C2)N1C(=O)OCC,DNA polymerase iota
CC(NC(=O)CN1C(=O)NC2(CCc3ccccc32)C1=O)c1ccc2c(c1)OCCO2,DNA polymerase iota
CCN(CC)CC(=O)c1c(C)n(C)c2ccc(OC)cc12,DNA polymerase iota
C=C1NN(C)C(=O)N1c1ccc(OC)cc1,DNA polymerase iota
COc1cccc(CNC(=O)C2CC(=O)N(c3ccc4c(c3)OCCO4)C2)c1,DNA polymerase iota
Cc1ccc(C2=NN(CC(=O)NCCCN(CC(C)C)CC(C)C)C(=O)CC2)cc1,DNA polymerase iota
O=C(O)CCn1c(=O)oc2cc(S(=O)(=O)N3CCCC3)ccc21,DNA polymerase iota
Cc1ccc(CNC(=O)Cn2c(=O)cc(C(F)(F)F)c3c(C)nn(C)c32)cc1,DNA polymerase iota
COc1ccc(C)cc1-n1ccn(CC(=O)Nc2ccc(Br)cc2F)c(=O)c1=O,DNA polymerase iota
Cn1nnnc1SCC(=O)NNC(=O)c1ccc(Br)cc1,DNA polymerase iota
CC1CCCC(O)(C(C(=O)O)c2ccccc2)C1,DNA polymerase iota
CCOC(=O)CSc1nc2cc3c(cc2c(=O)n1CCCCCC(=O)NCc1ccc(OC)cc1)OCO3,DNA polymerase iota
Nc1nnn(CC(=O)N/N=C/c2ccccc2Cl)n1,DNA polymerase iota
CS(=O)(=O)c1ccc(Cl)c(NC(=O)c2cccc(Br)c2)c1,DNA polymerase iota
CCn1cc(C(=O)N2CCN(c3ccccc3F)CC2)c(=O)c2ccc(C)nc21,DNA polymerase iota
O=C(COCc1cc(-c2ccc(F)cc2)on1)Nc1cccc(Cl)c1Cl,DNA polymerase iota
Cc1ccc(S(=O)(=O)CCC(=O)Nc2cccc(Cl)c2)cc1,DNA polymerase iota
COc1ccc(-n2nc(C(=O)NCC(=O)NC(C)C)c3ccccc3c2=O)c(OC)c1,DNA polymerase iota
O=C(C[n+]1c2n(c3ccc(C(F)(F)F)cc31)CCCCC2)Nc1c(F)cccc1F.[Cl-],DNA polymerase iota
CCCNC(=O)Cc1c(C)oc2ccccc12,DNA polymerase iota
COc1ccccc1NC(=O)COC(=O)c1ccccn1,DNA polymerase iota
CCc1cccc(C)c1NC(=O)Cn1ccn(Cc2ccc(Cl)cc2)c(=O)c1=O,DNA polymerase iota
CC(=O)Nc1cc([N+](=O)[O-])cc(NC(C)=O)c1NC(C)=O,DNA polymerase iota
COc1cc(CC(=O)OCC(=O)NC2CCCCC2)cc(OC)c1OC,DNA polymerase iota
Cc1onc(-c2ccccc2Cl)c1C(=O)N1CCN(C)CC1,DNA polymerase iota
CCc1csc(CNC(=O)C2CCC(=O)N(Cc3cccc(F)c3)C2)n1,DNA polymerase iota
COc1ccccc1CNC(=O)c1ccc(C)c(-n2cnc3cccnc32)c1,DNA polymerase iota
COc1ccc(C)cc1S(=O)(=O)Nc1cc2c3c(c1)C(C)C(=O)N3CCC2,DNA polymerase iota
Cc1cc(C)nc(NS(=O)(=O)c2ccc(NC(=O)C3CC3)cc2)n1,DNA polymerase iota
Cc1ccsc1C(=O)N1CCN(S(=O)(=O)c2cccs2)CC1,DNA polymerase iota
COc1ccc(C(=O)Nc2c(N)nc(SCC(=O)NCC3CCCO3)nc2O)cc1,DNA polymerase iota
CC1=NN(CCc2ccccn2)C(=O)CC1,DNA polymerase iota
O=c1oc2ccc3ccccc3c2cc1-c1nnc(Nc2ccc(Cl)cc2Cl)s1,DNA polymerase iota
S=C(NCCCN1CCOCC1)N1CCN(c2ccccc2)CC1,DNA polymerase iota
CC(C)NC(=O)Cn1c(SCC(=O)NC2CCCC2)nc2ccccc21,DNA polymerase iota
C#CCOCCOCCOCCNc1nc(N2CCOCC2)nc(N2CCN(C(=O)CCCCCCCCCCNC(=O)[C@@H](CCC(=O)O)n3cc(CCCCCN)nn3)CC2)n1,DNA polymerase iota
CN(C(=O)c1cccc(S(=O)(=O)NCc2ccccc2)c1)C1CCCCC1,DNA polymerase iota
Cc1ccc(C)c(N2CCN(c3ccc(NC(=O)c4cccs4)cc3C(=O)O)CC2)c1,DNA polymerase iota
O=C(C[n+]1cc(Br)cc(Br)c1)c1ccc(I)cc1,DNA polymerase iota
O=C(COC(=O)CCc1c[nH]c2ccccc12)Nc1ccccc1,DNA polymerase iota
COCCNC(=O)c1ccc(Cl)c(S(=O)(=O)Nc2cccc(C)c2C)c1,DNA polymerase iota
CC(=O)NC1C(OCc2ccccc2)OC2COC(C)(C)OC2C1O,DNA polymerase iota
COc1ccc(CCN2CC(C(=O)OCC(=O)N(C)CC(=O)Nc3ccccc3Cl)CC2=O)cc1OC,DNA polymerase iota
COc1ccccc1N1C(N)=NC(N)=NC12CCCCC2.Cl,DNA polymerase iota
CC(C(N)=O)N1C(=O)NC2(CCCc3ccccc32)C1=O,DNA polymerase iota
CC(C)CCC(C(=O)O)C(C)CC(=O)NNC(=O)c1ccco1,DNA polymerase iota
COc1ccccc1-c1nc(-c2ccc(C(=O)O)cc2)no1,DNA polymerase iota
Cc1cccc(NC(=O)CSCC(=O)/N=c2sccn2C)c1,DNA polymerase iota
CNc1c(Br)cc(/C=C2C=C(C(O)c3cc(Br)c(NC)c(Br)c3)c3ccccc32)cc1Br,DNA polymerase iota
COc1ccccc1C(=O)Nc1c(C(=O)N(C)c2ccccc2)sc2nc(C)cc(C)c12,DNA polymerase iota
CCOC(=O)/C(C#N)=C/NC(=O)NC(C)(C)C,DNA polymerase iota
Cc1sc2nc(N3CCOCC3)nc(O)c2c1-c1ccccc1,DNA polymerase iota
Nn1c(SCC(=O)Nc2cc(S(=O)(=O)N3CCOCC3)ccc2Cl)nnc1-c1cccnc1,DNA polymerase iota
CC(OC(=O)c1nsc(Cl)c1Cl)C(=O)NC(C)(C)C,DNA polymerase iota
Cc1cc(NC(=O)C2CC(=O)N(c3ccccc3C)C2)no1,DNA polymerase iota
C/C(CC(=O)Nc1ccc2c(c1)OCCO2)=NNC(=O)c1cccc(O)c1,DNA polymerase iota
CCOC(=O)C1CCN(C(=O)Cn2ncc3c([nH]c4ccc(C)cc43)c2=O)CC1,DNA polymerase iota
CC(=O)N1CCCc2cc(S(=O)(=O)NCc3ccc(OC(C)C)cc3)ccc21,DNA polymerase iota
Cc1ccccc1OCC(=O)Nc1cc(C)c(O)c(-c2nc3ccccc3o2)c1,DNA polymerase iota
CC1=NS(=O)(=O)NC(C)(C)C1,DNA polymerase iota
CCC(C)NC(=O)Nc1ccccc1F,DNA polymerase iota
Cc1ccc2c(c1)C(c1ccccc1)NCC(=O)N2,DNA polymerase iota
Fc1ccc(OCc2n[nH]c(-c3ccncc3)n2)cc1,DNA polymerase iota
CC(C)CCN1CCN(Cc2cc(F)ccc2-n2cccn2)CC1CCO,DNA polymerase iota
COc1ccc(/C=C/C(=O)OCC(=O)NC2CCCCC2C)c(OC)c1,DNA polymerase iota
O=C(O)COCC(=O)Nc1ccc2c(c1)CCC2,DNA polymerase iota
O=P(c1ccccc1)(c1ccccc1)C(O)c1ccc(Br)cc1,DNA polymerase iota
COc1ccc(C(=O)N2CCC(C(=O)NC3CC3)CC2)cc1,DNA polymerase iota
Cc1ccc(C(C)C)cc1S(=O)(=O)Nc1cccnc1,DNA polymerase iota
CCOC(=O)N1CCN(C(=O)CCC(=O)c2ccc(OCC)cc2)CC1,DNA polymerase iota
Cc1c(NC(=O)c2ccc(S(=O)(=O)N3CCOCC3)cc2)c(=O)n(-c2ccccc2)n1C,DNA polymerase iota
Cc1cc(C)cc(C(=O)NCCN2CCOCC2)c1,DNA polymerase iota
O=C(CN1C(=O)C2CCCCN2c2ccc(C(=O)N3CCCC3)cc21)NCc1ccc(F)cc1,DNA polymerase iota
CCC1(C)Cc2c(C#N)c(N)n(-c3ccccc3)c(=S)c2CO1,DNA polymerase iota
CCOc1ccc(CC(=O)NCc2ccc3c(c2)CCN3C(=O)c2ccccc2)cc1OCC,DNA polymerase iota
N#Cc1ccc(Oc2ncccn2)cc1,DNA polymerase iota
Cc1ccc(NC2(C#N)CCN(Cc3ccccc3)CC2)cc1,DNA polymerase iota
COc1ccc(-n2c(N)cc(=O)[nH]c2=O)cc1,DNA polymerase iota
O=C1C=C(NCc2ccco2)CCC1,DNA polymerase iota
CCC(C)c1ccc2oc(-c3ccc(NC(=O)c4cc5ccccc5o4)cc3)nc2c1,DNA polymerase iota
COC(C)(C)[C@@H](O)COc1c2ccoc2cc2oc(=O)ccc12,DNA polymerase iota
O=C1CN(C(=O)COC(=O)[C@@H]2CC(O)CN2S(=O)(=O)c2ccc(Cl)cc2)c2ccccc2N1,DNA polymerase iota
O=C(O)CCC(=O)NCc1c(Cl)cccc1Sc1ccc(Cl)cc1,DNA polymerase iota
CCOC(=O)c1c(NC(C)=O)sc2c(OC(C)=O)cccc12,DNA polymerase iota
[H][C@@]12CCC[C@@](C)(O1)O[C@@]2([H])[C@H](C)OC(=O)NCCCN1CCOCC1,DNA polymerase iota
CC(C)c1ccccc1NC(=O)COC(=O)CNC(=O)c1ccc(Br)cc1,DNA polymerase iota
Cc1cc(C)cc(OCC(=O)N/N=C/c2ccco2)c1,DNA polymerase iota
CCC1CCCCN1C(=O)c1ccccc1OC1CCN(S(C)(=O)=O)CC1,DNA polymerase iota
COCCCN(C(=O)CSCC(=O)Nc1cccc(C)c1)c1c(N)n(Cc2ccccc2)c(=O)[nH]c1=O,DNA polymerase iota
CC1=C(C(=O)Nc2ccc(C)cc2C)C(c2ccc[nH]2)n2ncnc2N1,DNA polymerase iota
O=C(COc1ccc(Br)cc1)Nc1nnc(C2CC2)s1,DNA polymerase iota
COc1ccccc1C(CC(N)=O)c1ccco1,DNA polymerase iota
[H][C@]12CC[C@]([H])(C(C(=O)OC)=C(c3cccc(C#N)c3)C1)N2C(=O)NCCO,DNA polymerase iota
Cc1ccc(C)c(S(=O)(=O)N2CCCOC2CNC(=O)C(=O)NCc2ccco2)c1,DNA polymerase iota
S=C(N1CCCCCC1)N1CC1,DNA polymerase iota
CC12CCC(=O)N1C(C(=O)Nc1ccc(F)c(F)c1F)CS2,DNA polymerase iota
CN1CCN(C(=O)C(=O)Nc2c3c(nn2-c2ccc(Cl)cc2)CSC3)CC1,DNA polymerase iota
O=C(NC(c1ccccc1)c1ccccc1)C1CCCO1,DNA polymerase iota
O=C(CSc1nc2c([nH]c3ccccc32)c(=O)n1-c1ccccc1)NCc1ccc(F)cc1,DNA polymerase iota
COc1ccc(OC)c(S(=O)(=O)Nc2cccc3c(O)cccc23)c1,DNA polymerase iota
COc1cccc2c1OCC(C(=O)O)C2,DNA polymerase iota
CN(C)C=O.Cc1ccc(NC(=O)CN2C(=O)NC3(CCCCC3)C2=O)cc1S(=O)(=O)N1CCOCC1,DNA polymerase iota
COc1ccc(Cl)cc1C(=O)NNC(=O)CCNC(C)=O,DNA polymerase iota
CC(=O)c1cccc(NC(=O)COC(=O)CCC(=O)c2ccc(F)cc2)c1,DNA polymerase iota
CCOC(=O)C1C(=O)CC(C)(O)C(C(=O)OCC)C1c1ccc(F)cc1,DNA polymerase iota
Cc1ccc(CNC(=O)CN(C)S(=O)(=O)c2cccs2)cc1,DNA polymerase iota
COc1ccc(C2NC(=O)C(C)S2)cc1,DNA polymerase iota
N#Cc1ccc(OCC(=O)NCCN2CCOCC2)cc1,DNA polymerase iota
C[C@@H](OC(=O)c1[nH]cnc1C(=O)N1CCN(C(=O)OC(C)(C)C)CC1)c1ccccc1,DNA polymerase iota
N#Cc1ccccc1S(=O)(=O)N1CCN(C(=O)CN2CCCSc3ccccc32)CC1,DNA polymerase iota
COc1ccc(Cl)cc1S(=O)(=O)N(C)CC(=O)NCCCn1ccnc1,DNA polymerase iota
Cc1ccc(C(=O)N2CC2C)cc1,DNA polymerase iota
Cc1ccc(C(=O)OCC(=O)N2CC(C)OC(C)C2)cc1,DNA polymerase iota
Cc1cccc(Cn2cnc3c(cnn3-c3ccc(Cl)cc3)c2=O)c1,DNA polymerase iota
CCc1nn(Cc2c(C)cc(C)cc2C)c(=O)c2cc3cc(C)ccc3n12,DNA polymerase iota
Cc1cc(C)n2nc(SCC(=O)Nc3ccc(F)cc3[N+](=O)[O-])nc2n1,DNA polymerase iota
O=C(NCCc1ccccc1F)C1CC(O)CN1C(=O)Nc1ccccc1,DNA polymerase iota
O=C(N/C(=Cc1cccnc1)C(=O)N1CCOCC1)c1ccco1,DNA polymerase iota
O=C(NCC(=O)N1CC=C(c2ccccc2)CC1)c1ccc(F)cc1,DNA polymerase iota
Cc1ccc(N(C(=O)c2ccco2)C(C(=O)NC2CCCC2)c2ccncc2)cc1,DNA polymerase iota
CC(C)(C)c1nnc(NC(=O)C2CCN(C(=O)c3ccccc3)CC2)s1,DNA polymerase iota
Cc1nc(NC(=O)COC(=O)c2ccc(CO)cc2)c(Cl)cc1Cl,DNA polymerase iota
O=C1CCC(=O)N1c1ccc(S(=O)(=O)Nc2cccc(Br)c2)cc1,DNA polymerase iota
O=C(Nc1ccc(F)cc1F)c1c(C(F)(F)F)ccnc1Oc1ccccc1,DNA polymerase iota
O=P(Oc1ccccc1)(Oc1ccccc1)N1CCOCC1,DNA polymerase iota
CC(C)CCn1c(=O)c2sccc2n2c(CCCC(=O)Nc3ccc(C(C)C)cc3)nnc12,DNA polymerase iota
C/C(NCc1cccnc1)=C1/C(=O)NC(=O)N(c2ccccc2)C1=O,DNA polymerase iota
O=C(Nc1ccccc1)/C(=C/c1ccc(F)cc1)NC(=O)c1ccco1,DNA polymerase iota
CC(C)n1cc2c(N)ncnc2n1,DNA polymerase iota
CCc1ccccc1NC(=O)c1nn(-c2ccc(C)cc2)c(=O)c2c1c1ccccc1n2C,DNA polymerase iota
Cc1nn(C)c(C)c1NS(=O)(=O)c1ccc(Cl)cc1,DNA polymerase iota
CCn1nnc2cc(C(=O)Nc3cccc(S(=O)(=O)N(C)C)c3)ccc21,DNA polymerase iota
CCCC/C=C/[C@@H](c1ccccc1)C1COC(=O)CC1O,DNA polymerase iota
CNC(=O)c1nn(-c2ccc(Cl)cc2)ccc1=O,DNA polymerase iota
CCOC1CC(C)(C)N=C(S)N1,DNA polymerase iota
CC(C)n1c(=O)[nH]c(=O)n1C(C)C,DNA polymerase iota
COc1ccc(CN2CCn3nc(C(=O)NC4CC4)cc3C2=O)cc1,DNA polymerase iota
O=C(C1=NNC2C(=O)N(c3ccccc3)C(=O)C12)c1nc(Cl)ccc1Cl,DNA polymerase iota
CN(C)N1C(=O)/C(=C/c2ccco2)S/C1=N/c1ccccc1,DNA polymerase iota
CC(C)(C)c1ccc(OCc2nnc(SCC(N)=O)n2N)cc1,DNA polymerase iota
C[C@]12CCC3C(CC([N+](=O)[O-])=C4C[C@@H](O)CC[C@@]43C)C1CC[C@@H]2O,DNA polymerase iota
O=C(CCC(=O)N1Cc2ccccc2Oc2ncccc21)NCc1ccccc1Cl,DNA polymerase iota
COc1ccc(C2/C=CCN(CC3CCCCC3)C(Cc3ccccc3)C(=O)N2Cc2ccc(F)cc2)cc1,DNA polymerase iota
CSc1ncc(C(=O)Nc2ccc(Cl)cc2C(=O)c2ccccc2)c(C)n1,DNA polymerase iota
Cc1ccc2nc3sc(C(=O)Nc4ccncc4)cc3cc2c1,DNA polymerase iota
COc1ccc(CCN2C(=O)NC(NS(=O)(=O)c3ccccc3)(C(F)(F)F)C2=O)cc1OC,DNA polymerase iota
COc1ccc(-c2ccccc2)cc1NC(=O)c1ccncc1,DNA polymerase iota
CCOc1ccc(CCNC(=O)CN2C(=O)NC3(CCCCC3)C2=O)cc1OCC,DNA polymerase iota
CCCN(CCC)CCNC(=O)Cn1cnc2sc(C)c(S(=O)(=O)N3CCC(C)CC3)c2c1=O,DNA polymerase iota
O=C(Nc1ccccc1)P(=O)(O)c1ccccc1,DNA polymerase iota
CC[C@H](C)[C@H](NC(N)=O)C(=O)Nc1ccccc1F,DNA polymerase iota
Cc1cc(C)cc(NC(=O)C(Sc2nnc(C)c(O)n2)c2ccccc2)c1,DNA polymerase iota
CC12CCC(=O)C=C1CCC1C2CCC2(C)C(O)(C(=O)CO)CCC12O,DNA polymerase iota
COc1ccc(CC(=O)NCCCCc2ccccc2)cc1OC,DNA polymerase iota
O=C(O)C1CCN(c2ccccc2[N+](=O)[O-])CC1,DNA polymerase iota
CCOC(=O)Cc1csc(SCC(=O)N2CCN(c3ccccc3)CC2)n1,DNA polymerase iota
COCCCN1C(=O)C2C(C(=O)Nc3cccc(Cl)c3)C3C=CC2(O3)C1C(=O)NC1CCCCC1,DNA polymerase iota
CCN1C(C(=O)c2ccccc2)=C(NC(=O)c2ccc(Cl)cc2)c2ccccc2S1(=O)=O,DNA polymerase iota
CCOc1ccc(C(=O)CCC(=O)NC(CC(C)C)C(=O)OC)cc1,DNA polymerase iota
Cc1ccc(S(=O)(=O)C2CCCCC2=O)cc1,DNA polymerase iota
COc1cc(NC(S)=NN2CCOCC2)cc(OC)c1,DNA polymerase iota
Cc1nn(CCC(=O)NCc2ccc(Cl)cc2)c(=O)c2nn(-c3ccccc3)c(C)c12,DNA polymerase iota
CC(C)(C)NC(=O)CN(C(=O)CNC(=O)c1cccs1)c1ccccc1F,DNA polymerase iota
COc1ccc(C)cc1NC(=O)C1CCN(S(=O)(=O)Cc2ccccc2)CC1,DNA polymerase iota
CN(C)C(=O)C1OC(C)(C)OC1C(=O)N(C)C,DNA polymerase iota
COc1ccccc1CNC(=O)C/C(C)=N/NC(=O)Cc1ccc(Cl)cc1,DNA polymerase iota
CCCN(C(=O)c1cccc(F)c1)C1(C(=O)Nc2ccccc2)CCN(CC)CC1,DNA polymerase iota
O=C(OCC1CCC=CO1)C1CCC=CO1,DNA polymerase iota
COc1ccccc1CC(NC(C)=O)C(=O)NC1CCN(S(=O)(=O)c2ccccc2)CC1,DNA polymerase iota
Cc1ccc(S(=O)(=O)NC(Cc2c[nH]c3ccccc23)C(=O)O)cc1,DNA polymerase iota
CC1CCC2(CC1)NC(=O)N(CC(=O)NC1(C#N)CCCCC1)C2=O,DNA polymerase iota
COc1cc(NS(=O)(=O)c2c(C)[nH]c(C)c2C(=O)N2CCCCC2)cc(OC)c1OC,DNA polymerase iota
C[S+](C)CC(=O)c1ccc2ccccc2c1,DNA polymerase iota
C[C@H]1CN([C@H](C)CO)C(=O)c2cccc(NS(=O)(=O)c3cn(C)cn3)c2O[C@@H]1CN(C)C(=O)NC1CCCCC1,DNA polymerase iota
CN(CC(=O)Nc1cccnc1)S(=O)(=O)c1ccc(Br)cc1,DNA polymerase iota
CCOC(=O)C1(C)NC(c2cccs2)C2C(=O)N(c3ccc(C)cc3)C(=O)C21,DNA polymerase iota
CCN(CC)C(=O)c1ccc(CS(=O)(=O)c2ccc(Br)cc2)cc1,DNA polymerase iota
COc1ccccc1N1CCN(C(=O)c2ccc(NC3=NC4CS(=O)(=O)CC4S3)cc2)CC1,DNA polymerase iota
Cc1cccc(Cn2c(=O)n(Cc3ccccc3)c(=O)c3sc4ccccc4c32)c1,DNA polymerase iota
CC(=O)c1ccc(OCC(=O)NCC(c2ccco2)N2CCCCC2)cc1,DNA polymerase iota
C=CCN1C(=O)NC(=O)/C(=C(/C)NCCCn2ccnc2)C1=O,DNA polymerase iota
CC(C)CCNc1nc(N)c([N+](=O)[O-])c(NC2CCCCC2)n1,DNA polymerase iota
C=CCN(c1ccccc1C(=O)NCC(=O)O)S(=O)(=O)c1ccccc1C,DNA polymerase iota
CCc1nc(SCC(=O)N2CCCC2)c2c(=O)n(C)c(=O)n(C)c2n1,DNA polymerase iota
CCN(C(=O)CN1CCN(c2cccc(Cl)c2)CC1)c1c(N)n(Cc2ccccc2)c(=O)[nH]c1=O,DNA polymerase iota
CNC(=O)C1Cc2ccccc2CN1S(=O)(=O)c1ccc(OC)c(OC)c1,DNA polymerase iota
COc1ccc(CNC(=O)C(=O)NCC2OCCN2C(=O)c2ccc(OC)cc2)cc1,DNA polymerase iota
O=C(CCc1ccccc1)NNC(=O)c1cccc(F)c1,DNA polymerase iota
CCOC(=O)C1CCN(C(=O)COc2ccc(S(=O)(=O)N3CCOCC3)cc2C)CC1,DNA polymerase iota
Cc1cc(C)c(CC(=O)c2ccccc2)c(C)c1,DNA polymerase iota
Cc1ccc(NC(=O)C(C)OC(=O)CSc2ccccc2)cc1,DNA polymerase iota
Fc1ccc(N2CN(Cc3cccnc3)CN=C2S)cc1,DNA polymerase iota
CC(=O)Nc1ccc(NC(=O)C(C)OC(=O)C2CCC2)cc1,DNA polymerase iota
Cc1ccc(CNC(=O)CNC(=O)c2ccco2)cc1,DNA polymerase iota
Cc1ccc(S(=O)(=O)N2CCOCC2)cc1NC(=O)c1ccc(F)cc1F,DNA polymerase iota
COc1cc(C(=O)OCC(=O)N(C)c2ccccc2)cc(OC)c1OC,DNA polymerase iota
CCCC1(C(=O)OCC)NC(c2ccco2)C2C(=O)N(C)C(=O)C21,DNA polymerase iota
C1=Nc2ccccc2/C1=C/c1c[nH]c2ccccc12,DNA polymerase iota
COc1cc(/C=c2[nH]c(=O)/c(=C/c3cc(OC)c(OC)c(OC)c3)[nH]c2=O)cc(OC)c1OC,DNA polymerase iota
COc1ccc(S(=O)(=O)NC(C)C(=O)NCc2ccccn2)cc1Cl,DNA polymerase iota
CCCCNC(=O)[C@@H]1CSC2c3ccc(OC)c(OC)c3C(=O)N21,DNA polymerase iota
COc1ccc(CNC(=O)c2nccnc2CO)cc1,DNA polymerase iota
Cn1nc(C(C)(C)C)c(NC(=O)c2cccs2)c1C(C)(C)C,DNA polymerase iota
O=C1OC(NCc2cccnc2)(c2ccc(Cl)cc2)c2ccccc21,DNA polymerase iota
Cc1ccc(Cc2nc3ccccc3[nH]2)cc1,DNA polymerase iota
Oc1nnnc2cc(Cl)ccc12,DNA polymerase iota
C=CCn1c(COc2ccc(F)cc2)nnc1SCC(=O)NC1CCCC1,DNA polymerase iota
CC(NC(=O)C(=O)NCC1CCCO1)c1ccccc1,DNA polymerase iota
CCOC(=O)CC1C(=O)NCCN1S(=O)(=O)c1ccc(F)cc1,DNA polymerase iota
CCC(=O)N1CCc2cc(Br)cc(S(=O)(=O)N3CCN(c4ccc(C)cc4)C(C)C3)c21,DNA polymerase iota
CN(C)c1ccc(/C=C/c2c3ccccc3cc[n+]2[O-])cc1,DNA polymerase iota
CC(C)NC(=O)[C@H]1N2C(=O)c3ccccc3C2SC1(C)C,DNA polymerase iota
CC1CCN(C(=O)Cn2cc(SCC(=O)NCC3CCCO3)c3ccccc32)CC1,DNA polymerase iota
O=C(O)/C(=Cc1cn(-c2ccccc2)nc1-c1ccc(Cl)cc1)NC(=O)c1ccccc1,DNA polymerase iota
Cc1ccccc1CN1CCCN(CC(=O)Nc2c(C)cccc2C)S1(=O)=O,DNA polymerase iota
CCCCn1c(N)c(N(CC)C(=O)c2cccs2)c(=O)[nH]c1=O,DNA polymerase iota
CC1CCCCN1C(=O)Cn1c(=O)n(CCC(=O)NCc2ccco2)c(=O)c2sccc21,DNA polymerase iota
COc1cccc(C2CC(c3cccs3)=NN2S(C)(=O)=O)c1OC,DNA polymerase iota
Cc1ccc(NS(=O)(=O)c2cc(C(=O)NCc3ccncc3)ccc2C)cc1,DNA polymerase iota
CN1CC(=O)N(CC(=O)Nc2ccc(Br)cc2F)C1=O,DNA polymerase iota
O=C1NC(=O)N(Cc2ccccc2)CC1Br,DNA polymerase iota
CCOC(=O)C1=C(C)NC(=O)C(C(N)=O)C1c1ccccc1,DNA polymerase iota
COc1ccc(-c2nc3c(c(SCC(=O)Nc4cc(C)cc(C)c4)n2)Cc2c(CO)cnc(C)c2O3)cc1,DNA polymerase iota
O=C(NC1CC2CCCC(C1)N2C(=S)Nc1ccccc1Cl)C1CC1,DNA polymerase iota
CN1CCN(/C=C(C#N)S(=O)(=O)c2ccc(Cl)cc2)CC1,DNA polymerase iota
C=CC(=O)N1CCCC(Nc2nc(Nc3ccc(N(C)C(=O)CC)cc3C)nc3nc[nH]c23)C1.O=C(O)C(F)(F)F,DNA polymerase iota
Cc1ccc(C)c(S(=O)(=O)NCC(=O)N2CCCC2)c1,DNA polymerase iota
CCCOc1ccc(-c2c(C(=O)N/N=C(C)c3cccnc3)nnn2-c2nonc2N)cc1,DNA polymerase iota
O=C(NCCOc1ccccc1F)C1CC(=O)N(Cc2ccccc2)C1,DNA polymerase iota
CCN(c1ccccc1)S(=O)(=O)c1ccc(Cl)c(NC(=O)COC(=O)c2cccnc2O)c1,DNA polymerase iota
Cc1cc(C)c(NC(=O)C(C)n2c(=O)cc(C)c3c(C)nn(-c4ccccc4)c32)c(C)c1,DNA polymerase iota
CCn1c(CN2CCOCC2)nnc1SCC(=O)Nc1ccccc1C,DNA polymerase iota
Cn1nnnc1SCC(=O)Nc1sccc1C(N)=O,DNA polymerase iota
CCN(C(=O)COC(=O)c1ccc(Cl)c(S(=O)(=O)N2CCCCC2)c1)C1CCS(=O)(=O)C1,DNA polymerase iota
