smiles,targetname
COc1nc(N(C)C)ncc1-c1nc2c(n1C(C)C)C(c1ccc(Cl)c(F)c1)N(c1cc(Cl)cn(C)c1=O)C(=O)N2,Tumour suppressor p53/oncoprotein Mdm2
CC(C)(C)c1ccc([C@@H](C(=O)O)N2C(=O)c3cc(I)ccc3NC(=O)[C@@H]2c2ccc(Cl)cc2)cc1,Tumour suppressor p53/oncoprotein Mdm2
CCC(CC)N1C(=O)[C@@](C)(CC(=O)O)C[C@H](c2cccc(Cl)c2)[C@H]1c1ccc(Cl)cn1,Tumour suppressor p53/oncoprotein Mdm2
CC(=O)N1CCN(C(=O)[C@@H]2CC[C@@H](C)N2C(=O)C2=C(C(C)C)N3C(=N[C@@](C)(c4ccc(Cl)cc4)[C@H]3c3ccc(Cl)cc3)S2)CC1,Tumour suppressor p53/oncoprotein Mdm2
CC[C@@H](c1ccccn1)N1C(=O)[C@@](C)(CC(=O)O)C[C@H](c2cccc(Cl)c2)[C@H]1c1ccc(Cl)cc1,Tumour suppressor p53/oncoprotein Mdm2
Cl.O=C(c1cnccc1C(F)(F)F)N1CCCC(Oc2ccc(-c3ccccc3)cc2)(C(=O)N2CCN(c3ccccn3)CC2)C1,Tumour suppressor p53/oncoprotein Mdm2
CC[C@@H](CN(C)S(=O)(=O)C1CC1)N1C(=O)[C@@](C)(CC(=O)NC[C@@H](O)CO)C[C@H](c2cccc(Cl)c2)[C@H]1c1ccc(Cl)cc1,Tumour suppressor p53/oncoprotein Mdm2
CCC(CC)N1C(=O)[C@@](C)(Cc2cc(O)n[nH]2)C[C@H](c2cccc(Cl)c2)[C@H]1c1ccc(Cl)cc1,Tumour suppressor p53/oncoprotein Mdm2
COc1nc(N(C)C)ncc1-c1cc2c(n1C(C)C)C(c1ccc(C#N)cc1)N(c1c(F)c(C)nn1C)C2=O,Tumour suppressor p53/oncoprotein Mdm2
Cc1nnc(C[C@H]2C[C@H](c3cccc(Cl)c3)[C@@H](c3ccc(Cl)cc3)N(CC3CC3)C2=O)o1,Tumour suppressor p53/oncoprotein Mdm2
Nc1sc(-c2ccc(Br)cc2)c(-c2ccc(Cl)cc2)c1C(=O)NC1CCCCC1,Tumour suppressor p53/oncoprotein Mdm2
N#CCN1C2=C(C(c3ccc(Br)cc3)Oc3ccccc32)C(c2ccc(Br)cc2)n2ncnc21,Tumour suppressor p53/oncoprotein Mdm2
Clc1ccc(-c2sc3ncnc(N4CCCCC4)c3c2-c2ccc(Cl)cc2)cc1,Tumour suppressor p53/oncoprotein Mdm2
CC[C@@H]([C@@H](C)S(C)(=O)=O)N1C(=O)[C@@](C)(CC(=O)O)C[C@H](c2cccc(Cl)c2)[C@H]1c1ccc(Cl)cc1,Tumour suppressor p53/oncoprotein Mdm2
CC[C@@H](CC(C)(O)C(F)(F)F)N1C(=O)[C@@](C)(CC(=O)O)C[C@H](c2cccc(Cl)c2)[C@H]1c1ccc(Cl)cc1,Tumour suppressor p53/oncoprotein Mdm2
CNc1ncc(-c2cc3c(n2C(C)C)C(c2ccc(C#N)cc2)N(c2cc(Cl)c[nH]c2=O)C3=O)c(OC)n1,Tumour suppressor p53/oncoprotein Mdm2
C[C@]1(CC(=O)O)C[C@H](c2cccc(Cl)c2)[C@@H](c2ccc(Cl)cc2)N([C@H](CS(=O)(=O)c2ccc(F)cc2Cl)C2CC2)C1=O,Tumour suppressor p53/oncoprotein Mdm2
CN(C)N1C(=O)[C@@](C)(CC(=O)O)C[C@H](c2cccc(Cl)c2)[C@H]1c1ccc(Cl)cc1,Tumour suppressor p53/oncoprotein Mdm2
COc1nc(N(C)C)ncc1-c1cc2c(n1C(C)C)C(c1ccc(C#N)cc1)N([C@H]1CC[C@H](O)CC1)C2=O,Tumour suppressor p53/oncoprotein Mdm2
CCC[C@H]1N(C(=O)c2cnccc2C(F)(F)F)CCC[C@@]1(Oc1csc(C(F)(F)F)c1Cl)C(=O)N1CCN(c2ccccc2OCCO)CC1,Tumour suppressor p53/oncoprotein Mdm2
CC[C@@H](CNS(=O)(=O)c1ccc(Cl)cc1)N1C(=O)[C@@](C)(CC(=O)O)C[C@H](c2cccc(Cl)c2)[C@H]1c1ccc(Cl)cc1,Tumour suppressor p53/oncoprotein Mdm2
COc1nc(N(C)C)ncc1-c1cc2c(n1C(C)C)C(c1ccc(Cl)cc1)N(C1CN(C)C(=O)N(C)C1)C2=O,Tumour suppressor p53/oncoprotein Mdm2
COc1ncncc1-c1cc2c(n1C(C)C)C(c1ccc(Cl)cc1)N(c1cc(Cl)ccc1C)C2=O,Tumour suppressor p53/oncoprotein Mdm2
CCN(CC)C(=O)[C@@H](C)NC(=O)N1C(c2ccc(OC)cc2OC(C)C)=N[C@H](c2ccc(Cl)cc2)[C@@H]1c1ccc(Cl)cc1,Tumour suppressor p53/oncoprotein Mdm2
CCOC(=O)CNC(=O)N1C(c2ccc(OC)cc2OC(C)C)=N[C@H](c2ccc(Cl)cc2)[C@@H]1c1ccc(Cl)cc1,Tumour suppressor p53/oncoprotein Mdm2
C=CC[C@@]1(C)C[C@H](c2ccc(F)c(Cl)c2)[C@@H](c2ccc(Cl)cc2)N(C(C)C)C1=O,Tumour suppressor p53/oncoprotein Mdm2
COc1ncc(-c2cc3c(n2C(C)C)[C@@H](c2ccc(Cl)cc2)N(c2cc(Cl)c(=O)n(C)c2)C3=O)c(OC)n1,Tumour suppressor p53/oncoprotein Mdm2
COc1nc(N(C)C)ncc1-c1cc2c(n1C(C)C)[C@@H](c1ccc(C#N)cc1)N(c1ccc(F)c(Cl)c1)C2=O,Tumour suppressor p53/oncoprotein Mdm2
C[C@]1(CC(=O)O)C[C@H](c2cccc(Cl)c2)C(c2ccc(Cl)cc2)N([C@H](CNS(=O)(=O)Cc2ccccn2)C2CC2)C1=O,Tumour suppressor p53/oncoprotein Mdm2
COc1ccc(F)cc1-c1nc2c(n1C(C)C)C(c1ccc(Cl)cc1C)N(c1cc(Cl)ccc1C)C(=O)N2,Tumour suppressor p53/oncoprotein Mdm2
CC[C@]1(CC(=O)O)C[C@H](c2cccc(Cl)c2)[C@@H](c2ccc(Cl)cc2)N([C@H](CS(=O)(=O)C2CCCCC2)C2CC2)C1=O,Tumour suppressor p53/oncoprotein Mdm2
CC[C@@H](CN1CCOCC1)N1C(=O)[C@@H](CC(=O)O)C[C@H](c2cccc(Cl)c2)[C@H]1c1ccc(Cl)cc1,Tumour suppressor p53/oncoprotein Mdm2
CCc1ccc2c(c1)C1=C(C(c3ccc(Br)cc3)O2)C(c2ccc(Br)cc2)n2ncnc2N1C,Tumour suppressor p53/oncoprotein Mdm2
CCC(CC)N1C(=O)[C@@](C)(Cc2n[nH]c(=O)o2)C[C@H](c2cccc(Cl)c2)[C@H]1c1ccc(Cl)cc1,Tumour suppressor p53/oncoprotein Mdm2
COc1nc(N(C)C)ncc1-c1cc2c(n1C(C)C)C(c1ccc(C#N)cc1)N(c1cc(Cl)c[nH]c1=O)C2=O,Tumour suppressor p53/oncoprotein Mdm2
CC(C)(C)C(=O)N1CCCC(Oc2ccc(C(F)(F)F)cc2)(C(=O)N2CCN(c3ccccn3)CC2)C1.Cl,Tumour suppressor p53/oncoprotein Mdm2
C[C@]1(CC(=O)O)C[C@H](c2cccc(Cl)c2)[C@@H](c2ccc(Cl)cc2)N(c2ncccn2)C1=O,Tumour suppressor p53/oncoprotein Mdm2
CC[C@@H](c1ncccc1C)N1C(=O)[C@@](C)(CC(=O)O)C[C@H](c2cccc(Cl)c2)[C@H]1c1ccc(Cl)cc1,Tumour suppressor p53/oncoprotein Mdm2
CCCN1C(=O)c2ccccc2C1(OCc1cc([N+](=O)[O-])c(C)c([N+](=O)[O-])c1)c1ccc(OCOCC[Si](C)(C)C)cc1,Tumour suppressor p53/oncoprotein Mdm2
CCNC[C@@H](CC)N1C(=O)[C@@H](CC(=O)O)C[C@H](c2cccc(Cl)c2)[C@H]1c1ccc(Cl)cc1,Tumour suppressor p53/oncoprotein Mdm2
O=C1Nc2ccc(I)cc2C(=O)N([C@H](C(=O)O)c2ccccc2Cl)[C@H]1c1ccc(Cl)cc1,Tumour suppressor p53/oncoprotein Mdm2
COc1cccnc1-c1cc2c(n1C(C)C)C(c1ccc(Cl)cc1)N(c1cc(Cl)ccc1C)C2=O,Tumour suppressor p53/oncoprotein Mdm2
COc1nc(N)ncc1-c1cc2c(n1C(C)C)C(c1ccc(C#N)cc1)N(c1cc(Cl)cn(C)c1=O)C2=O,Tumour suppressor p53/oncoprotein Mdm2
CCc1ccc([C@H]2C(=O)Nc3ccc(I)cc3C(=O)N2[C@H](C(=O)O)c2ccccc2)cc1,Tumour suppressor p53/oncoprotein Mdm2
COc1ncc(-c2cc3c(n2C(C)C)[C@H](c2ccc(C#N)cc2)N(c2cc(Cl)c(=O)n(C)c2)C3=O)c(OC)n1,Tumour suppressor p53/oncoprotein Mdm2
Nc1sc(-c2ccc(Br)cc2)c(-c2ccc(Cl)cc2)c1C(=O)NCc1ccccc1,Tumour suppressor p53/oncoprotein Mdm2
O=C(/C=C/c1ccccn1)c1nc2ccccc2[nH]1,Tumour suppressor p53/oncoprotein Mdm2
O=C(C1=C(O)C(=O)N(CCCn2ccnc2)C1c1cccc(O)c1)c1ccccc1,Tumour suppressor p53/oncoprotein Mdm2
COc1nc(N(C)C)ncc1-c1cc2c(n1C(C)C)C(c1ccc(Cl)c(F)c1)N(c1cc(Cl)cn(C)c1=O)C2=O,Tumour suppressor p53/oncoprotein Mdm2
CC[C@@H](CN(C)S(=O)(=O)CC)N1C(=O)[C@@](C)(CC(=O)O)C[C@H](c2cc(F)cc(Cl)c2)[C@H]1c1ccc(Cl)cc1,Tumour suppressor p53/oncoprotein Mdm2
COc1nc(N(C)C)ncc1-c1cc2c(n1C(C)C)C(c1ccc(C#N)c(F)c1)N(c1cc(Cl)c(=O)n(C)c1)C2=O,Tumour suppressor p53/oncoprotein Mdm2
COc1ncc(-c2cc3c(n2C(C)C)C(c2ccc(Cl)cc2)N(c2cc(C)cn(C)c2=O)C3=O)c(OC)n1,Tumour suppressor p53/oncoprotein Mdm2
CC(C)C1=C(C(=O)N2CCC[C@H]2C(=O)N(C)C)SC2=N[C@@](C)(c3ccc(Cl)cc3)[C@@H](c3ccc(Cl)cc3)N21,Tumour suppressor p53/oncoprotein Mdm2
O=C1c2ccccc2C(=O)N1CCCOC1(c2ccccc2)c2ccccc2C(=O)N1Cc1ccccc1,Tumour suppressor p53/oncoprotein Mdm2
CC(C)C1=C(C(=O)N2CCCC[C@H]2C(=O)N(C)C)SC2=NC(C)(c3ccc(Cl)cc3)C(c3ccc(Cl)cc3)N21,Tumour suppressor p53/oncoprotein Mdm2
COC(=O)[C@@H](C)COC1(c2ccccc2)c2ccccc2C(=O)N1Cc1ccccc1,Tumour suppressor p53/oncoprotein Mdm2
CC[C@@H](CN1CCOCC1(C)C)N1C(=O)[C@@](C)(CC(=O)O)C[C@H](c2cccc(Cl)c2)[C@H]1c1ccc(Cl)cc1,Tumour suppressor p53/oncoprotein Mdm2
COc1ccc(CCC(=O)O)cc1-c1cc(-c2ccc(Cl)cc2)n(CCc2ccccc2)n1,Tumour suppressor p53/oncoprotein Mdm2
O=C(C1=C(Nc2ccc(Cl)cc2)C(=O)N(CCCn2ccnc2)C1c1ccc(Br)cc1)c1ccccc1,Tumour suppressor p53/oncoprotein Mdm2
COc1ccc(C#N)cc1-c1cc2c(n1C(C)C)C(c1ccc(Cl)cc1)N([C@H]1CC[C@H](O)CC1)C2=O,Tumour suppressor p53/oncoprotein Mdm2
COc1ccc(CC(=O)O)cc1-c1cc(-c2cccc(OC)c2OC)n(Cc2ccccc2)n1,Tumour suppressor p53/oncoprotein Mdm2
COc1ncc(-c2cc3c(n2C(C)C)C(c2ccc(Cl)cc2C)N(c2cc(Cl)c(=O)n(C)c2)C3=O)c(OC)n1,Tumour suppressor p53/oncoprotein Mdm2
CC[C@@H](CN(C)S(=O)(=O)C1CC1)N1C(=O)[C@@](CCN2CCOCC2)(CC(=O)O)C[C@H](c2cccc(Cl)c2)[C@H]1c1ccc(Cl)cc1,Tumour suppressor p53/oncoprotein Mdm2
C[C@]1(CC(=O)O)C[C@H](c2cccc(Cl)c2)[C@@H](c2ccc(Cl)cc2)N([C@H](c2ccccn2)C2CC2)C1=O,Tumour suppressor p53/oncoprotein Mdm2
COc1ncc(-c2cc3c(n2C(C)C)C(c2ccc(Cl)cc2)N(C2CCC(=O)N(C)C2)C3=O)c(OC)n1,Tumour suppressor p53/oncoprotein Mdm2
Cc1ccnc(N2C(=O)[C@@](C)(CC(=O)O)C[C@H](c3cccc(Cl)c3)[C@H]2c2ccc(Cl)cc2)c1,Tumour suppressor p53/oncoprotein Mdm2
CCOC(=O)Nc1sc(-c2ccc(Cl)cc2)c(-c2ccc(Cl)cc2)c1C(=O)NC1CC1,Tumour suppressor p53/oncoprotein Mdm2
O=C(NCCN1CCOCC1)Nc1sc(-c2ccc(Cl)cc2)c(-c2ccc(Cl)cc2)c1C(=O)NC1CC1,Tumour suppressor p53/oncoprotein Mdm2
Cc1ccc(C2C3=C(c4ccccc4OC3c3ccc(Br)cc3)N(C)c3ncnn32)cc1,Tumour suppressor p53/oncoprotein Mdm2
CC(C)[C@@H]([C@H](C)O)N1C(=O)[C@@](C)(CC(=O)O)C[C@H](c2cccc(Cl)c2)[C@H]1c1ccc(Cl)cc1,Tumour suppressor p53/oncoprotein Mdm2
CCCOc1ccc(C(=O)O)cc1-c1cc(-c2ccccc2OCC)n(Cc2ccccc2)n1,Tumour suppressor p53/oncoprotein Mdm2
CCCN1C(=O)c2ccccc2C1(OCCc1ccccn1)c1ccc(Cl)cc1,Tumour suppressor p53/oncoprotein Mdm2
Nc1sc(-c2ccccc2)c(-c2ccc(Cl)cc2)c1C(=O)N1CCOCC1,Tumour suppressor p53/oncoprotein Mdm2
C[C@]1(CC(=O)O)C[C@H](c2cccc(Cl)c2)[C@@H](c2ccc(Cl)cc2)N([C@H](CN(c2ccccc2)S(=O)(=O)C2CC2)C2CC2)C1=O,Tumour suppressor p53/oncoprotein Mdm2
CC[C@H](c1cccc(C(C)(C)O)n1)N1C(=O)[C@@](C)(CC(=O)O)C[C@H](c2cccc(Cl)c2)[C@H]1c1ccc(Cl)cc1,Tumour suppressor p53/oncoprotein Mdm2
COc1nc(N)ncc1-c1cc2c(n1C(C)C)C(c1ccc(Cl)cc1)N(c1cc(Cl)ccc1C#N)C2=O,Tumour suppressor p53/oncoprotein Mdm2
COc1ncc(-c2cc3c(n2C(C)C)[C@H](c2ccc(Cl)cc2C)N(c2cc(Cl)c(=O)n(C)c2)C3=O)c(OC)n1,Tumour suppressor p53/oncoprotein Mdm2
Nc1sc(-c2ccc(Cl)cc2)c(-c2ccc(Cl)cc2)c1C(=O)N1CCOCC1,Tumour suppressor p53/oncoprotein Mdm2
COc1cn(C)c(=O)cc1-c1cc2c(n1C(C)C)C(c1ccc(Cl)cc1)N(c1cc(Cl)cnc1OC)C2=O,Tumour suppressor p53/oncoprotein Mdm2
CCCN1C(=O)c2ccccc2C1(OCc1cc(OC)c(O)c(OC)c1)c1ccc(OCOCC[Si](C)(C)C)cc1,Tumour suppressor p53/oncoprotein Mdm2
CC(C)(C)C[C@@H]1N[C@@H](C(=O)Nc2ccc(C(N)=O)cc2)[C@H](c2cccc(Cl)c2F)[C@]12C(=O)Nc1cc(Cl)c(F)cc12,Tumour suppressor p53/oncoprotein Mdm2
CCC(CC)S(=O)(=O)C[C@H](C1CC1)N1C(=O)[C@@](C)(CC(=O)O)C[C@H](c2cccc(Cl)c2)[C@H]1c1ccc(Cl)cc1,Tumour suppressor p53/oncoprotein Mdm2
CCCN1C(=O)c2ccccc2C1(NC(=O)c1ccccc1)c1ccc(C(C)(C)C)cc1,Tumour suppressor p53/oncoprotein Mdm2
O=C1c2ccccc2C(OCCN2CCOCC2)(c2ccccc2)N1Cc1ccccc1,Tumour suppressor p53/oncoprotein Mdm2
CCC(CC)N1C(=O)[C@@](C)(CC(=O)NS(=O)(=O)C(F)(F)F)C[C@H](c2cccc(Cl)c2)[C@H]1c1ccc(Cl)cc1,Tumour suppressor p53/oncoprotein Mdm2
Clc1ccc(-c2sc3ncnc(NC4CCCCC4)c3c2-c2ccc(Cl)cc2)cc1,Tumour suppressor p53/oncoprotein Mdm2
COc1ccc(C(=O)NCCS(C)(=O)=O)cc1-c1cc2c(n1C(C)C)C(c1ccc(Cl)cc1)N(c1cc(Cl)ccc1C)C2=O,Tumour suppressor p53/oncoprotein Mdm2
COc1ccccc1-c1nc2c(n1C(C)C)C(c1ccc(C#N)cc1)N(c1cccc(Cl)c1F)C(=O)N2,Tumour suppressor p53/oncoprotein Mdm2
O=C1c2ccccc2C(=O)N1CCOC1(c2ccccc2)c2ccccc2C(=O)N1Cc1ccccc1,Tumour suppressor p53/oncoprotein Mdm2
CN(C)S(=O)(=O)NC[C@H](C1CC1)N1C(=O)[C@@](C)(CC(=O)O)C[C@H](c2cccc(Cl)c2)[C@H]1c1ccc(Cl)cc1,Tumour suppressor p53/oncoprotein Mdm2
C[C@]1(CC(=O)O)C[C@H](c2cccc(Cl)c2)[C@@H](c2ccc(Cl)cc2)N([C@H](CS(=O)(=O)C2CCC2)C2CC2)C1=O,Tumour suppressor p53/oncoprotein Mdm2
CC(C)(C)C[C@@H]1N[C@@H](C(=O)NCCCCO)[C@@H](c2cccc(Cl)c2)[C@@]1(C#N)c1ccc(Cl)cc1,Tumour suppressor p53/oncoprotein Mdm2
C=CCC1N(C(=O)c2cnccc2C(F)(F)F)CCCC1(Oc1cc(C2CC2)cs1)C(=O)N1CCN(c2ccccc2OCCCC(=O)O)CC1,Tumour suppressor p53/oncoprotein Mdm2
C[C@]1(CC(=O)O)C[C@H](c2cccc(Cl)c2)[C@@H](c2ccc(Cl)cc2)N([C@H](CS(=O)(=O)c2ccccc2)C2CC2)C1=O,Tumour suppressor p53/oncoprotein Mdm2
O=C1CC(c2ccco2)c2c(sc(-c3ccc(Cl)cc3)c2-c2ccc(Cl)cc2)N1,Tumour suppressor p53/oncoprotein Mdm2
COc1cccc(-c2cc(-c3cc(CCC(=O)O)ccc3OCc3cccc(Cl)c3)nn2Cc2ccccc2)c1OC,Tumour suppressor p53/oncoprotein Mdm2
CC[C@@H](CN1CCCC1)N1C(=O)[C@@H](CC(=O)O)C[C@H](c2cccc(Cl)c2)[C@H]1c1ccc(Cl)cc1,Tumour suppressor p53/oncoprotein Mdm2
COc1ccc(C2C(C(=O)c3ccccc3)=C(O)C(=O)N2CCCn2ccnc2)cc1,Tumour suppressor p53/oncoprotein Mdm2
CC[C@@H](CN(CC)S(=O)(=O)C1CCC1)N1C(=O)[C@@](C)(CC(=O)O)C[C@H](c2cccc(Cl)c2)[C@H]1c1ccc(Cl)cc1,Tumour suppressor p53/oncoprotein Mdm2
CNC(=O)Cc1cnc(OC)c(-c2cc3c(n2C(C)C)C(c2ccc(C#N)cc2)N(c2cccc(Cl)c2F)C3=O)c1,Tumour suppressor p53/oncoprotein Mdm2
COc1ccc(CC(=O)O)cc1-c1cc2c(n1C(C)C)[C@H](c1ccc(Cl)cc1)N(c1cc(Cl)ccc1C)C2=O,Tumour suppressor p53/oncoprotein Mdm2
O=C(O)C[C@@H]1CC(c2cccc(Cl)c2)[C@@H](c2ccc(Cl)s2)N(CC2CC2)C1=O,Tumour suppressor p53/oncoprotein Mdm2
CCC(CC)CN1C(=O)[C@@H](CC(=O)O)C[C@H](c2cccc(Cl)c2)[C@H]1c1ccc(Cl)cc1,Tumour suppressor p53/oncoprotein Mdm2
CCCS(=O)(=O)NC[C@H](C1CC1)N1C(=O)[C@@](C)(CC(=O)O)C[C@H](c2cccc(Cl)c2)[C@H]1c1ccc(Cl)cc1,Tumour suppressor p53/oncoprotein Mdm2
C[C@@H](O)[C@H](C1CC1)N1C(=O)[C@@](C)(CC(=O)O)C[C@H](c2cccc(Cl)c2)[C@H]1c1ccc(Cl)cc1,Tumour suppressor p53/oncoprotein Mdm2
O=C(CCN1CCOCC1)Nc1sc(-c2ccc(Cl)cc2)c(-c2ccc(Cl)cc2)c1C(=O)N1CCCCC1,Tumour suppressor p53/oncoprotein Mdm2
Cl.O=C(N1CCN(c2ccccn2)CC1)C1(Oc2ccc(C(F)(F)F)cc2)CCCN(S(=O)(=O)c2ccccc2Cl)C1,Tumour suppressor p53/oncoprotein Mdm2
O=C(O)CC[C@H]1C[C@H](c2cccc(Cl)c2)[C@@H](c2ccc(Cl)cc2)N(CC2CC2)C1=O,Tumour suppressor p53/oncoprotein Mdm2
C[C@]1(CC(=O)O)C[C@H](c2cccc(Cl)c2)[C@@H](c2ccc(Cl)cc2)N([C@H](CS(=O)(=O)CC(F)(F)F)C2CC2)C1=O,Tumour suppressor p53/oncoprotein Mdm2
CC[C@@H](COCC1(C#N)CC1)N1C(=O)[C@@H](CC(=O)O)C[C@H](c2cccc(Cl)c2)C1c1ccc(Cl)cc1,Tumour suppressor p53/oncoprotein Mdm2
CCC(CN1CCCS1(=O)=O)N1C(=O)[C@@](C)(CC(=O)O)C[C@H](c2cccc(Cl)c2)[C@H]1c1ccc(Cl)cc1,Tumour suppressor p53/oncoprotein Mdm2
COc1nc(N(C)C)ncc1-c1cc2c(n1C(C)C)C(c1ccc(Cl)cc1)N([C@H]1CC[C@H](O)CC1)C2=O,Tumour suppressor p53/oncoprotein Mdm2
CC[C@@H](CN(CC(F)(F)F)C(C)=O)N1C(=O)[C@@](C)(CC(=O)O)C[C@H](c2cccc(Cl)c2)[C@H]1c1ccc(Cl)cc1,Tumour suppressor p53/oncoprotein Mdm2
COc1nc(N)ncc1-c1cc2c(n1C(C)C)C(c1ccc(C#N)cc1)N(c1cccc(Cl)c1F)C2=O,Tumour suppressor p53/oncoprotein Mdm2
O=C(O)[C@H](c1ccc(Br)cc1)N1C(=O)c2cc(I)ccc2NC(=O)[C@@H]1c1ccc(Cl)cc1,Tumour suppressor p53/oncoprotein Mdm2
CCOc1ccccc1-c1cc(-c2cc(CCC(=O)O)ccc2OC)nn1Cc1ccccc1,Tumour suppressor p53/oncoprotein Mdm2
CCCC1N(C(=O)c2cnccc2C(F)(F)F)CCCC1(Oc1ccc(C(F)(F)F)cc1)C(=O)N1CCN(c2ccccc2OCCO)CC1,Tumour suppressor p53/oncoprotein Mdm2
NNC(=O)C[C@H]1C[C@H](c2cccc(Cl)c2)[C@@H](c2ccc(Cl)cc2)N(CC2CC2)C1=O,Tumour suppressor p53/oncoprotein Mdm2
COc1nc(N(C)C)ncc1-c1c(C#N)c2c(n1C(C)C)C(c1ccc(Cl)cc1)N(c1cc(Cl)c(=O)n(C)c1)C2=O,Tumour suppressor p53/oncoprotein Mdm2
CC[C@@H](C(=O)OC(C)(C)C)N1C(=O)[C@@](C)(CC(=O)O)C[C@H](c2cc(Cl)ccn2)[C@H]1c1ccc(Cl)cc1,Tumour suppressor p53/oncoprotein Mdm2
COc1ccc(CCC(=O)O)cc1-c1cc(-c2cccc(OC)c2OC)n(Cc2ccccc2)n1,Tumour suppressor p53/oncoprotein Mdm2
COCCN(C)C(=O)[C@@H]1CCCN1C(=O)C1=C(C(C)C)N2C(=N[C@@](C)(c3ccc(Cl)cc3)[C@H]2c2ccc(Cl)cc2)S1,Tumour suppressor p53/oncoprotein Mdm2
O=C1CCC(=O)N1CCOC1(c2ccccc2)c2ccccc2C(=O)N1Cc1ccccc1,Tumour suppressor p53/oncoprotein Mdm2
Clc1ccc(-c2sc3ncnc(NC4CC4)c3c2-c2ccc(Cl)cc2)cc1,Tumour suppressor p53/oncoprotein Mdm2
CC(C)N1C(=O)[C@@](C)(CC(=O)O)C[C@H](c2cccc(Cl)c2)[C@H]1c1ccc(Cl)cc1,Tumour suppressor p53/oncoprotein Mdm2
CC[C@@H](CN(C)C1COC1)N1C(=O)[C@@](C)(CC(=O)O)C[C@H](c2cccc(Cl)c2)[C@H]1c1ccc(Cl)cc1,Tumour suppressor p53/oncoprotein Mdm2
O=C(C1=C(NCc2ccccc2)C(=O)N(CCCn2ccnc2)C1c1ccc(Br)cc1)c1ccccc1,Tumour suppressor p53/oncoprotein Mdm2
COc1cccc(-c2cc(-c3cc(CC(=O)O)ccc3OCC(C)C)nn2CCc2ccccc2)c1OC,Tumour suppressor p53/oncoprotein Mdm2
CCOC(=O)[C@@H]1CS[C@@]2(C(=O)N(C)c3ccc(Br)cc32)N1C(=O)C1CCCCC1,Tumour suppressor p53/oncoprotein Mdm2
COc1ccc(C2=N[C@H](c3ccc(Cl)cc3)[C@H](c3ccc(Cl)cc3)N2C(=O)N[C@@H](C)C(=O)N2CCN(C)CC2)c(OC(C)C)c1,Tumour suppressor p53/oncoprotein Mdm2
COc1ccc(CCC(=O)O)cc1-c1cc(-c2ccc(F)cc2)n(Cc2ccccc2)n1,Tumour suppressor p53/oncoprotein Mdm2
CC(=O)N[C@@H](CC(C)C)C(=O)N[C@H](C(=O)N[C@@H](Cc1ccccc1)C(=O)N[C@@H]1CSCc2ccc(cn2)-c2ccc(nc2)CSC[C@@H](C(=O)N[C@@H](CO)C(N)=O)NC(=O)[C@H](C(C)C)NC(=O)[C@H](CCCNC(=N)N)NC(=O)[C@H](C)NC(=O)[C@H](Cc2c[nH]c3ccccc23)NC(=O)[C@H](Cc2ccc(O)cc2)NC(=O)[C@H](CCCNC(=N)N)NC1=O)[C@@H](C)O,Tumour suppressor p53/oncoprotein Mdm2
CC(=O)N1CCN(C(=O)[C@@H]2CC[C@@H](C)N2C(=O)C2=C(C(C)C)N3C(=N[C@@](C)(c4ccc(Cl)cc4)[C@H]3c3ccc(Cl)cc3)S2)C[C@H]1C,Tumour suppressor p53/oncoprotein Mdm2
CC(C)CC[C@@H](C(=O)O)N1C(=O)c2cc(I)ccc2NC(=O)[C@@H]1c1ccc(Cl)cc1,Tumour suppressor p53/oncoprotein Mdm2
COc1ccc(-c2cc3c(n2C(C)C)C(c2ccc(Cl)cc2)N(c2cc(Cl)ccc2C)C3=O)c(OC)n1,Tumour suppressor p53/oncoprotein Mdm2
CC[C@@H](CS(=O)(=O)C1CC1)N1C(=O)[C@@](C)(CC(=O)O)C[C@H](c2cncc(Cl)c2)[C@H]1c1ccc(Cl)cc1,Tumour suppressor p53/oncoprotein Mdm2
CC(C)N1[C@H](c2ccc(Cl)cc2)[C@@H](c2cccc(Cl)c2)C[C@@](C)(CC(=O)O)S1(=O)=O,Tumour suppressor p53/oncoprotein Mdm2
O=C(C1=C(Nc2ccccc2)C(=O)N(CCCn2ccnc2)C1c1ccc(Br)cc1)c1ccccc1,Tumour suppressor p53/oncoprotein Mdm2
COC(=O)CCNC1(c2ccccc2)c2ccccc2C(=O)N1Cc1ccccc1,Tumour suppressor p53/oncoprotein Mdm2
C[C@]1(CC(=O)O)C[C@H](c2cccc(Cl)c2)C(c2ccc(Cl)cc2)N([C@H](CNS(C)(=O)=O)C2CC2)C1=O,Tumour suppressor p53/oncoprotein Mdm2
COc1ncccc1-c1cc2c(n1C(C)C)C(c1ccc(Cl)cc1)N(c1cc(Cl)ccc1C)C2=O,Tumour suppressor p53/oncoprotein Mdm2
COc1nc(N(C)C)ncc1-c1cc2c(n1C(C)C)[C@H](c1ccc(Cl)cc1)N(c1c[nH]c(=O)c(Cl)c1)C2=O,Tumour suppressor p53/oncoprotein Mdm2
COc1nc(N)ncc1-c1cc2c(n1C(C)C)C(c1ccc(C#N)cc1)N(c1cc(Cl)ccc1C)C2=O,Tumour suppressor p53/oncoprotein Mdm2
CC[C@@H](C(=O)OC(C)(C)C)N1C(=O)[C@@H](Cc2nnco2)C[C@H](c2cccc(Cl)c2)[C@H]1c1ccc(Cl)cc1,Tumour suppressor p53/oncoprotein Mdm2
COc1ncc(-c2cc3c(n2C(C)C)C(c2ccc(C#N)cc2)N(c2cccc(Cl)c2F)C3=O)c(OC)n1,Tumour suppressor p53/oncoprotein Mdm2
COc1nc(N(C)C)ncc1-c1cc2c(n1C(C)C)C(c1ccc(Cl)cc1)N(C1CCOCC1)C2=O,Tumour suppressor p53/oncoprotein Mdm2
O=C(C1=C(O)C(=O)N(CCCn2ccnc2)C1c1ccc(Br)cc1)c1ccccc1Cl,Tumour suppressor p53/oncoprotein Mdm2
COc1cccc(/C=C/C(=O)c2nc3ccccc3[nH]2)c1,Tumour suppressor p53/oncoprotein Mdm2
Nc1sc(-c2ccc(Cl)cc2)c(-c2ccc(Cl)cc2)c1C(=O)NC1CCCC1,Tumour suppressor p53/oncoprotein Mdm2
COc1nc(N(C)C)ncc1-c1cc2c(n1C(C)C)C(c1ccc(C#N)cc1)N(c1cc(Cl)ccc1C)C2=O,Tumour suppressor p53/oncoprotein Mdm2
COc1nc(N(C)C)ncc1-c1cc2c(n1C(C)C)[C@H](c1ccc(C#N)cc1)N(c1ccc(F)c(Cl)c1)C2=O,Tumour suppressor p53/oncoprotein Mdm2
O=C1c2ccccc2C(OCCCO)(c2ccccc2)N1Cc1ccccc1,Tumour suppressor p53/oncoprotein Mdm2
COc1ncc(-c2cc3c(n2C(C)C)C(c2ccc(C#N)cc2)N(c2cc(Cl)c[nH]c2=O)C3=O)c(OC)n1,Tumour suppressor p53/oncoprotein Mdm2
COc1nc(N)ncc1-c1cc2c(n1C(C)C)[C@@H](c1ccc(C#N)cc1)N(c1cccc(Cl)c1F)C2=O,Tumour suppressor p53/oncoprotein Mdm2
O=C(O)C[C@@]1(CCN2CCCC2)C[C@H](c2cccc(Cl)c2)[C@@H](c2ccc(Cl)cc2)N(CC2CC2)C1=O,Tumour suppressor p53/oncoprotein Mdm2
COc1ccc(C2=N[C@H](c3ccc(Cl)cc3)[C@H](c3ccc(Cl)cc3)N2C(=O)N[C@H](C)C(=O)O)c(OC(C)C)c1,Tumour suppressor p53/oncoprotein Mdm2
CC[C@]1(CC(=O)O)C[C@H](c2cccc(Cl)c2)C(c2ccc(Cl)cc2)N([C@H](CN(C)S(=O)(=O)C2CC2)C2CC2)C1=O,Tumour suppressor p53/oncoprotein Mdm2
C[C@]1(CC(=O)O)C[C@H](c2cccc(Cl)c2)[C@@H](c2ccc(Cl)cc2)N([C@H](CS(=O)(=O)CC2CC2)C2CC2)C1=O,Tumour suppressor p53/oncoprotein Mdm2
[H][C@@]1([C@H](CC)N2C(=O)[C@@](C)(CC(=O)O)C[C@H](c3cccc(Cl)c3)[C@H]2c2ccc(Cl)cc2)CCCO1,Tumour suppressor p53/oncoprotein Mdm2
CC[C@]1(CC(=O)O)C[C@H](c2cccc(Cl)c2)[C@@H](c2ccc(Cl)cc2)N([C@H](CS(=O)(=O)c2ccccc2)C2CC2)C1=O,Tumour suppressor p53/oncoprotein Mdm2
CCC(CC(C)(C)C#N)N1C(=O)[C@@](C)(CC(=O)O)C[C@H](c2cccc(Cl)c2)[C@H]1c1ccc(Cl)cc1,Tumour suppressor p53/oncoprotein Mdm2
O=C1CC[C@H](c2cccc(Cl)c2)[C@@H](c2ccc(Cl)cc2)N1Cc1ccccc1,Tumour suppressor p53/oncoprotein Mdm2
COc1ccc(C2=NC(c3ccc(Cl)cc3)C(c3ccc(Cl)cc3)N2C(=O)CN2CCN(C)CC2)c(OC(C)C)c1,Tumour suppressor p53/oncoprotein Mdm2
CCOC(=O)[C@H](CC)N1C(=O)[C@@H](CC(=O)NS(C)(=O)=O)C[C@H](c2cccc(Cl)c2)[C@H]1c1ccc(Cl)cc1,Tumour suppressor p53/oncoprotein Mdm2
CC(C)C1=C(C(=O)N2CCNC(=O)C2)SC2=N[C@@](C)(c3ccc(Cl)cc3)[C@@H](c3ccc(Cl)cc3)N21,Tumour suppressor p53/oncoprotein Mdm2
CC[C@@H]([C@H](C)OC)N1C(=O)[C@@](C)(CC(=O)O)C[C@H](c2cccc(Cl)c2)[C@H]1c1ccc(Cl)cc1,Tumour suppressor p53/oncoprotein Mdm2
COc1ncc(-c2cc3c(n2C(C)C)[C@@](C)(c2ccc(Cl)cc2)N(c2cc(Cl)c(=O)n(C)c2)C3=O)c(OC)n1,Tumour suppressor p53/oncoprotein Mdm2
COC(=O)C(Cc1ccc(O)cc1)N1C(=O)c2ccccc2C1(OCCOC(C)=O)c1ccccc1,Tumour suppressor p53/oncoprotein Mdm2
CC(C)N1C(=O)[C@](C)(CC(=O)O)C[C@H](c2cc(F)cc(Cl)c2)[C@H]1c1ccc(Cl)cc1,Tumour suppressor p53/oncoprotein Mdm2
CC(C)C1=C(C(=O)N2CNC(=O)C2)SC2=NC(C)(c3ccc(Cl)cc3)C(c3ccc(Cl)cc3)N21,Tumour suppressor p53/oncoprotein Mdm2
CC[C@@H](COC)N1C(=O)[C@@H](CC(=O)O)C[C@H](c2cccc(Cl)c2)C1c1ccc(Cl)cc1,Tumour suppressor p53/oncoprotein Mdm2
Cl.O=C(N1CCN(c2ccccn2)CC1)C1(Oc2ccc(C(F)(F)F)cc2)CCCN(S(=O)(=O)c2ccc(Cl)cc2)C1,Tumour suppressor p53/oncoprotein Mdm2
Brc1ccc([C@@H]2Oc3ccccc3C3=C2[C@@H](c2ccc(Br)cc2)n2ncnc2N3)cc1,Tumour suppressor p53/oncoprotein Mdm2
CC[C@@H](CS(=O)(=O)C(C)C)N1C(=O)[C@@](C)(CC(=O)O)C[C@H](c2cc(F)cc(Cl)c2)[C@H]1c1ccc(Cl)cc1,Tumour suppressor p53/oncoprotein Mdm2
COc1ncc(-c2nc3c(n2C(C)C)C(c2ccc(Cl)c(F)c2)N(c2cc(Cl)c[nH]c2=O)C(=O)N3)c(OC)n1,Tumour suppressor p53/oncoprotein Mdm2
COc1ncc(-c2cc3c(n2C(C)C)C(c2ccc(Cl)cc2)N(c2cc(Cl)c[nH]c2=O)C3=O)c(OC)n1,Tumour suppressor p53/oncoprotein Mdm2
N#CCCNC1(c2ccccc2)c2ccccc2C(=O)N1Cc1ccccc1,Tumour suppressor p53/oncoprotein Mdm2
CC[C@@H](CN(C)S(=O)(=O)C1CC1)N1C(=O)[C@@](CCN2CCCC2)(CC(=O)O)C[C@H](c2cccc(Cl)c2)[C@H]1c1ccc(Cl)cc1,Tumour suppressor p53/oncoprotein Mdm2
C[C@]1(CC(=O)O)C[C@H](c2cccc(Cl)c2)[C@@H](c2ccc(Cl)cc2)N(c2ccccn2)C1=O,Tumour suppressor p53/oncoprotein Mdm2
CC(=O)N[C@@H](CC(C)C)C(=O)N[C@H](C(=O)N[C@@H](Cc1ccccc1)C(=O)N[C@H]1CSCc2ccc(cn2)-c2ccc(nc2)CSC[C@@H](C(=O)N[C@@H](CO)C(=O)NCCCNCCCCNCCCN)NC(=O)[C@H](C(C)C)NC(=O)[C@H](CCC(N)=O)NC(=O)[C@H](C)NC(=O)[C@H](Cc2c[nH]c3ccccc23)NC(=O)[C@H](Cc2ccc(O)cc2)NC(=O)[C@H](Cc2cnc[nH]2)NC1=O)[C@@H](C)O,Tumour suppressor p53/oncoprotein Mdm2
C=C(C)C(=O)OCCNC1(c2ccccc2)c2ccccc2C(=O)N1Cc1ccccc1,Tumour suppressor p53/oncoprotein Mdm2
Cl.O=C(CC1NC(=O)NC1=O)Nc1ccccc1N1CCN(C(=O)C2(Oc3ccc(C(F)(F)F)cc3)CCCN(C(=O)c3cnccc3C(F)(F)F)C2)CC1,Tumour suppressor p53/oncoprotein Mdm2
C[C@]1(CC(=O)O)C[C@H](c2cccc(Cl)c2)[C@@H](c2ccc(Cl)cc2)N(c2ccncn2)C1=O,Tumour suppressor p53/oncoprotein Mdm2
O=C(C1=C(Nc2ccc(F)cc2)C(=O)N(CCCn2ccnc2)C1c1ccc(Br)cc1)c1ccccc1,Tumour suppressor p53/oncoprotein Mdm2
COc1ccc(CC(=O)O)cc1-c1cc(-c2ccc(F)cc2)n(Cc2ccccc2)n1,Tumour suppressor p53/oncoprotein Mdm2
O=C1[C@H](Cc2nnn[nH]2)C[C@H](c2cccc(Cl)c2)[C@@H](c2ccc(Cl)cc2)N1CC1CC1,Tumour suppressor p53/oncoprotein Mdm2
COc1ccc(C2=NC(c3ccc(Cl)cc3)C(c3ccc(Cl)cc3)N2C(=O)N(C)C)c(OC(C)C)c1,Tumour suppressor p53/oncoprotein Mdm2
CCC(CC)N1C(=O)[C@@](C)(CC2OC(=O)NC2=O)C[C@H](c2cccc(Cl)c2)[C@H]1c1ccc(Cl)cc1,Tumour suppressor p53/oncoprotein Mdm2
Cc1cc(C[C@@H]2C[C@H](c3cccc(Cl)c3)[C@@H](c3ccc(Cl)cc3)N(CC3CC3)C2=O)no1,Tumour suppressor p53/oncoprotein Mdm2
CCCN1C(=O)c2ccccc2C1(OCCNC(=O)c1ccccc1O)c1ccc(C(C)(C)C)cc1,Tumour suppressor p53/oncoprotein Mdm2
O=C1c2ccccc2C(OCCCO)(c2ccc(Cl)cc2)N1Cc1ccccc1,Tumour suppressor p53/oncoprotein Mdm2
CN1C2=C(C(c3ccc(C#N)cc3)Oc3ccccc32)C(c2ccc(Br)cc2)n2ncnc21,Tumour suppressor p53/oncoprotein Mdm2
CC[C@@H](c1cccc(C(F)(F)F)n1)N1C(=O)[C@@](C)(CC(=O)O)C[C@H](c2cccc(Cl)c2)[C@H]1c1ccc(Cl)cc1,Tumour suppressor p53/oncoprotein Mdm2
CCCOC1(c2ccccc2)c2ccccc2C(=O)N1[C@H](C(=O)OC)c1ccc(O)cc1,Tumour suppressor p53/oncoprotein Mdm2
CC[C@@H]([C@@H](C)S(=O)(=O)CC)N1C(=O)[C@@](C)(CC(=O)O)C[C@H](c2cccc(Cl)c2)[C@H]1c1ccc(Cl)cc1,Tumour suppressor p53/oncoprotein Mdm2
CC[C@@H](CN(C)S(=O)(=O)C1CC1)N1C(=O)[C@@](C)(CC(=O)NCCO)C[C@H](c2cccc(Cl)c2)[C@H]1c1ccc(Cl)cc1,Tumour suppressor p53/oncoprotein Mdm2
Nc1sc(-c2ccc(Br)cc2)c(-c2ccc(Cl)cc2)c1C(=O)NC1CC1,Tumour suppressor p53/oncoprotein Mdm2
Cc1ccc(F)cc1[C@H]1NC(=O)C=C(c2cccc(Cl)c2)[C@]12C(=O)Nc1cc(Cl)ccc12,Tumour suppressor p53/oncoprotein Mdm2
CNc1ncc(-c2cc3c(n2C(C)C)C(c2ccc(Cl)cc2C)N(c2cc(Cl)c(=O)n(C)c2)C3=O)c(OC)n1,Tumour suppressor p53/oncoprotein Mdm2
COC[C@@H](C)n1c(-c2cnc(N)nc2OC)cc2c1C(c1ccc(Cl)cc1)N(c1ccc(F)c(Cl)c1)C2=O,Tumour suppressor p53/oncoprotein Mdm2
O=C(O)C[C@H]1C[C@H](c2cccc(Cl)c2)[C@@H](c2ccc(Cl)cc2)N(CC2CCCCC2)C1=O,Tumour suppressor p53/oncoprotein Mdm2
Nc1sc(-c2ccc(Br)cc2)c(-c2ccc(Cl)cc2)c1C(=O)N1CCOCC1,Tumour suppressor p53/oncoprotein Mdm2
CCC[C@@H](C(=O)OCC)N1C(=O)[C@@H](CC(=O)O)C[C@H](c2cccc(Cl)c2)C1c1ccc(Cl)cc1,Tumour suppressor p53/oncoprotein Mdm2
COc1ccccc1-c1cc2c(n1C(C)C)C(c1ccc(Cl)cc1)N([C@H]1CC[C@H](O)CC1)C2=O,Tumour suppressor p53/oncoprotein Mdm2
COc1nc(N(C)C)ncc1-c1cc2c(n1C(C)C)C(c1ccc(Cl)cc1)N(c1cn(C)c(=O)cc1C)C2=O,Tumour suppressor p53/oncoprotein Mdm2
CCN(CC)CC(=O)N1C(c2ccc(OC)cc2OC(C)C)=NC(c2ccc(Cl)cc2)C1c1ccc(Cl)cc1,Tumour suppressor p53/oncoprotein Mdm2
COC[C@@H](C)n1c(-c2cnc(N)nc2OC)cc2c1C(c1ccc(C#N)cc1)N(c1ccc(F)c(Cl)c1)C2=O,Tumour suppressor p53/oncoprotein Mdm2
[H][C@@]12CS[C@]3(C(=O)Nc4ccc(C)cc43)N1C(=O)N(Cc1cc(OC)c(OC)c(OC)c1)C2=O,Tumour suppressor p53/oncoprotein Mdm2
O=C(O)CCc1ccc(OCc2cccc(Cl)c2)c(-c2cc(-c3ccc(F)cc3)n(Cc3ccccc3)n2)c1,Tumour suppressor p53/oncoprotein Mdm2
CCOc1ccccc1-c1cc(-c2ccc(C(=O)O)cc2)nn1Cc1ccccc1,Tumour suppressor p53/oncoprotein Mdm2
Cl.O=C(c1cnccc1C(F)(F)F)N1CCCC(Oc2ccc(C(F)(F)F)cc2)(C(=O)N2CCc3ccccc3C2)C1,Tumour suppressor p53/oncoprotein Mdm2
CCN(CC)C(=O)CCNC(=O)N1C(c2ccc(OC)cc2OC(C)C)=N[C@H](c2ccc(Cl)cc2)[C@@H]1c1ccc(Cl)cc1,Tumour suppressor p53/oncoprotein Mdm2
CN1C2=C(C(c3ccc(Br)cc3)Oc3ccccc32)C(c2ccc(Br)cc2)n2ncnc21,Tumour suppressor p53/oncoprotein Mdm2
COc1ccc(CCN2C(=O)C(O)=C(C(=O)c3cccs3)C2c2ccc(C)cc2)cc1,Tumour suppressor p53/oncoprotein Mdm2
COc1nc(N(C)C)ncc1-c1cc2c(n1C(C)C)C(c1ccc(Cl)cc1)N(c1c(F)c(C)nn1C)C2=O,Tumour suppressor p53/oncoprotein Mdm2
Cl.O=C(c1cnccc1C(F)(F)F)N1CCCC(Oc2ccc(Br)cc2)(C(=O)N2CCN(c3ccccn3)CC2)C1,Tumour suppressor p53/oncoprotein Mdm2
CC[C@@H](CO)N1C(=O)[C@@H](CC(=O)O)C[C@H](c2cccc(Cl)c2)C1c1ccc(Cl)cc1,Tumour suppressor p53/oncoprotein Mdm2
O=C1CC[C@H](c2cccc(Cl)c2)[C@@H](c2ccc(Cl)cc2)N1CC1CC1,Tumour suppressor p53/oncoprotein Mdm2
COc1ccc(C2=NC(c3ccc(Cl)cc3)C(c3ccc(Cl)cc3)N2C(=O)OCc2ccccc2)c(OC(C)C)c1,Tumour suppressor p53/oncoprotein Mdm2
CC[C@@H](CNS(=O)(=O)c1ccccc1C)N1C(=O)[C@@](C)(CC(=O)O)C[C@H](c2cccc(Cl)c2)[C@H]1c1ccc(Cl)cc1,Tumour suppressor p53/oncoprotein Mdm2
COC(=O)C(c1ccc(Cl)cc1)N1C(=O)c2ccc(NCc3ccco3)cc2NC(=S)C1c1ccc(Cl)cc1,Tumour suppressor p53/oncoprotein Mdm2
[C-]#[N+]c1ccccc1N(C[C@H](C1CC1)N1C(=O)[C@@](C)(CC(=O)O)C[C@H](c2cccc(Cl)c2)[C@H]1c1ccc(Cl)cc1)S(C)(=O)=O,Tumour suppressor p53/oncoprotein Mdm2
COc1nc(N(C)C)ncc1-c1cc2c(n1C(C)C)C(c1ccc(Cl)cc1)N(c1cc(Cl)c(=O)n(C)c1)C2=O,Tumour suppressor p53/oncoprotein Mdm2
CC[C@]1(CC(=O)O)C[C@H](c2cccc(Cl)c2)[C@@H](c2ccc(Cl)cc2)N([C@H](CS(=O)(=O)c2cccc(F)c2)C2CC2)C1=O,Tumour suppressor p53/oncoprotein Mdm2
COc1ncc(-c2cc3c(n2C(C)C)C(c2ccc(Cl)cn2)N(c2ccc(F)c(Cl)c2)C3=O)c(OC)n1,Tumour suppressor p53/oncoprotein Mdm2
CCOc1ccccc1-c1cc(-c2cc(CC(=O)O)ccc2OCc2cccc(Cl)c2)nn1Cc1ccccc1,Tumour suppressor p53/oncoprotein Mdm2
CC[C@@H](CS(=O)(=O)C1CC1)N1C(=O)[C@@](CC)(CC(=O)O)C[C@H](c2cccc(Cl)c2)[C@H]1c1ccc(Cl)cc1,Tumour suppressor p53/oncoprotein Mdm2
CC(C)(C)CC(=O)N1CCCC(Oc2ccc(C(F)(F)F)cc2)(C(=O)N2CCN(c3ccccn3)CC2)C1.Cl,Tumour suppressor p53/oncoprotein Mdm2
COc1ncc(-c2nc3c(n2C(C)C)C(c2ccc(Cl)c(F)c2)N(c2cc(Cl)c(=O)n(C)c2)C(=O)N3)c(OC)n1,Tumour suppressor p53/oncoprotein Mdm2
O=C(O)C[C@@H]1CC(c2cccc(Cl)c2)[C@@H](c2ccc(Cl)cc2)N(CC2CCCC2)C1=O,Tumour suppressor p53/oncoprotein Mdm2
COc1nc(N(C)C)ncc1-c1cc2c(n1C(C)C)C(c1ccc(Cl)cc1)N(c1c[nH]c(=O)c(Cl)c1)C2=O,Tumour suppressor p53/oncoprotein Mdm2
CCC(=O)Nc1ccccc1N1CCN(C(=O)C2(Oc3ccc(C(F)(F)F)cc3)CCCN(C(=O)c3cnccc3C(F)(F)F)C2)CC1.Cl,Tumour suppressor p53/oncoprotein Mdm2
O=C(O)C[C@H]1C[C@H](c2cccc(Cl)c2)[C@@H](c2ccc(Cl)cc2)N([C@H](CO)C2CC2)C1=O,Tumour suppressor p53/oncoprotein Mdm2
Nc1sc(-c2ccc([N+](=O)[O-])cc2)c(-c2ccc(Cl)cc2)c1C(=O)NC1CC1,Tumour suppressor p53/oncoprotein Mdm2
COc1cc(C(=O)N(C)[C@@H](Cc2c[nH]c3ccccc23)C(=O)N2CCN(c3ccc([N+](=O)[O-])cc3)CC2)c([N+](=O)[O-])cc1OC,Tumour suppressor p53/oncoprotein Mdm2
CC[C@@H](CN1CC(F)(F)C1)N1C(=O)[C@@](C)(CC(=O)O)C[C@H](c2cccc(Cl)c2)[C@H]1c1ccc(Cl)cc1,Tumour suppressor p53/oncoprotein Mdm2
COc1nc(N)ncc1-c1cc2c(n1C(C)C)[C@H](c1ccc(C#N)cc1)N(c1cccc(Cl)c1F)C2=O,Tumour suppressor p53/oncoprotein Mdm2
CC(C)(C)S(=O)(=O)N(C[C@H](C1CC1)N1C(=O)[C@@](C)(CC(=O)O)C[C@H](c2cccc(Cl)c2)[C@H]1c1ccc(Cl)cc1)C(F)F,Tumour suppressor p53/oncoprotein Mdm2
COc1nc(N)ncc1-c1cc2c(n1C(C)C)C(c1ccc(Cl)cc1)N(c1c(F)c(C)nn1C)C2=O,Tumour suppressor p53/oncoprotein Mdm2
Cc1ccc(OC2(C(=O)N3CCN(c4ccccn4)CC3)CCCN(C(=O)c3cnccc3C(F)(F)F)C2)cc1.Cl,Tumour suppressor p53/oncoprotein Mdm2
CC[C@H](c1nc(C2CC2)no1)N1C(=O)[C@@](C)(CC(=O)O)C[C@H](c2cccc(Cl)c2)[C@H]1c1ccc(Cl)cc1,Tumour suppressor p53/oncoprotein Mdm2
CN(C[C@H](C1CC1)N1C(=O)[C@@](C)(CC(=O)O)C[C@H](c2cccc(Cl)c2)[C@H]1c1ccc(Cl)cc1)S(=O)(=O)c1ccc(Cl)s1,Tumour suppressor p53/oncoprotein Mdm2
CC(C)N1[C@H](c2ccc(Cl)cc2)[C@@H](c2cccc(Cl)c2)C[C@](C)(CC(=O)O)S1(=O)=O,Tumour suppressor p53/oncoprotein Mdm2
CC[C@@H](CCC#N)N1C(=O)[C@@H](CC(=O)O)C[C@H](c2cccc(Cl)c2)[C@H]1c1ccc(Cl)cc1,Tumour suppressor p53/oncoprotein Mdm2
CC[C@@H](C(O)C(F)(F)F)N1C(=O)[C@@H](CC(=O)O)C[C@H](c2cccc(Cl)c2)[C@H]1c1ccc(Cl)cc1,Tumour suppressor p53/oncoprotein Mdm2
Nc1sc(-c2ccc([N+](=O)[O-])cc2)c(-c2ccc(Cl)cc2)c1C(=O)N1CCCC1,Tumour suppressor p53/oncoprotein Mdm2
CN(C)CCCC(=O)Nc1ccccc1N1CCN(C(=O)C2(Oc3ccc(C(F)(F)F)cc3)CCCN(C(=O)c3cnccc3C(F)(F)F)C2)CC1.Cl,Tumour suppressor p53/oncoprotein Mdm2
C[C@]1(CC(=O)O)C[C@H](c2cccc(Cl)c2)[C@@H](c2ccc(Cl)cc2)N([C@@H](CC(F)(F)F)c2ccccn2)C1=O,Tumour suppressor p53/oncoprotein Mdm2
Nc1sc(-c2ccc(Cl)cc2)c(-c2ccc(Cl)cc2)c1C(=O)NCc1ccccc1,Tumour suppressor p53/oncoprotein Mdm2
COc1ccc(C#N)cc1-c1cc2c(n1C(C)C)C(c1ccc(Cl)cc1)N(C1CCOCC1)C2=O,Tumour suppressor p53/oncoprotein Mdm2
CC[C@@H](CN1CCN(C(C)=O)CC1)N1C(=O)[C@@](C)(CC(=O)O)C[C@H](c2cccc(Cl)c2)[C@H]1c1ccc(Cl)cc1,Tumour suppressor p53/oncoprotein Mdm2
CCOc1cc2c(cc1OCC)C(c1ccc(Cl)cc1)N(c1ccc(OC)cc1)C(=O)C2,Tumour suppressor p53/oncoprotein Mdm2
Clc1ccc2c(-c3c(-c4ccc5c(c4)OCO5)ncn3CC3CC3)c[nH]c2c1,Tumour suppressor p53/oncoprotein Mdm2
COc1nc(N)ncc1-c1cc2c(n1C(C)C)[C@@H](c1ccc(C#N)cc1)N(c1ccc(F)c(Cl)c1)C2=O,Tumour suppressor p53/oncoprotein Mdm2
CC[C@]1(CC(=O)O)C[C@H](c2cccc(Cl)c2)[C@@H](c2ccc(Cl)cc2)N([C@H](CS(=O)(=O)c2ccccc2F)C2CC2)C1=O,Tumour suppressor p53/oncoprotein Mdm2
CC(C)c1ccc([C@H]2C(=O)Nc3ccc(I)cc3C(=O)N2[C@H](C(=O)O)c2ccccc2)cc1,Tumour suppressor p53/oncoprotein Mdm2
COc1ncc(-c2cc3c(n2C(C)C)[C@@H](c2ccc(C#N)c(F)c2)N(c2cc(Cl)c(=O)n(C)c2)C3=O)c(OC)n1,Tumour suppressor p53/oncoprotein Mdm2
Nc1sc(-c2ccc(Cl)cc2)c(-c2ccc(Cl)cc2)c1C(=O)N1CCC(=O)CC1,Tumour suppressor p53/oncoprotein Mdm2
CCCN1C(=O)c2ccccc2C1(OCc1ccc(C(C)(C)C)cc1)c1ccc(Cl)cc1,Tumour suppressor p53/oncoprotein Mdm2
O=C(O)CCc1ccc(OCc2cccc(Cl)c2)c(-c2cc(-c3ccc(F)cc3)n(CCc3ccccc3)n2)c1,Tumour suppressor p53/oncoprotein Mdm2
CC[C@]1(CC(=O)O)C[C@H](c2cccc(Cl)c2)C(c2ccc(Cl)cc2)N([C@H](CNS(=O)(=O)C(C)C)C2CC2)C1=O,Tumour suppressor p53/oncoprotein Mdm2
CC[C@@H](C1CCCCO1)N1C(=O)[C@@](C)(CC(=O)O)C[C@H](c2cccc(Cl)c2)[C@H]1c1ccc(Cl)cc1,Tumour suppressor p53/oncoprotein Mdm2
O=C(C1=C(O)C(=O)N(CCCn2ccnc2)C1c1ccc(C(F)(F)F)cc1)c1ccccc1,Tumour suppressor p53/oncoprotein Mdm2
CC[C@@H](CNS(=O)(=O)C(F)(F)F)N1C(=O)[C@@](C)(CC(=O)O)C[C@H](c2cccc(Cl)c2)[C@H]1c1ccc(Cl)cc1,Tumour suppressor p53/oncoprotein Mdm2
COc1ncc(-c2cc3c(n2C(C)C)C(c2ccc(Cl)cc2)N(c2cc(Cl)ccc2C#N)C3=O)c(OC)n1,Tumour suppressor p53/oncoprotein Mdm2
O=C(C1=C(O)C(=O)N(CCCn2ccnc2)C1c1ccc(Br)cc1)c1ccc(I)cc1,Tumour suppressor p53/oncoprotein Mdm2
CC[C@@H]1CC[C@@H](C(=O)N2CCN(C)[C@@H](C)C2)N1C(=O)C1=C(C(C)C)N2C(=N[C@@](C)(c3ccc(Cl)cc3)[C@H]2c2ccc(Cl)cc2)S1,Tumour suppressor p53/oncoprotein Mdm2
CC[C@@H](COCC(C)(C)O)N1C(=O)[C@H](CC(=O)O)C[C@H](c2cccc(Cl)c2)C1c1ccc(Cl)cc1,Tumour suppressor p53/oncoprotein Mdm2
O=C(O)[C@H](c1ccc(Cl)cc1)N1Cc2cc(I)ccc2NC[C@@H]1c1ccc(Cl)cc1,Tumour suppressor p53/oncoprotein Mdm2
CCOc1ccccc1-c1cc(-c2cc(CCC(=O)O)ccc2OC)nn1CCc1ccccc1,Tumour suppressor p53/oncoprotein Mdm2
CCOc1ccccc1-c1cc(-c2cc(CC(=O)O)ccc2OCC(C)C)nn1CCc1ccccc1,Tumour suppressor p53/oncoprotein Mdm2
COc1nc(N)ncc1-c1cc2c(n1C(C)C)C(c1ccc(Cl)cc1)N(c1c[nH]c(=O)c(Cl)c1)C2=O,Tumour suppressor p53/oncoprotein Mdm2
COc1cc(C(N)=O)ccc1NC(=O)[C@@H]1N[C@@H](CC(C)(C)C)[C@@]2(C(=O)Nc3c2ccc(Cl)c3F)[C@H]1c1cccc(Cl)c1F,Tumour suppressor p53/oncoprotein Mdm2
COc1ccc(C2=N[C@H](c3ccc(Cl)cc3)[C@H](c3ccc(Cl)cc3)N2C(=O)NCCC(=O)N2CCN(C)CC2)c(OC(C)C)c1,Tumour suppressor p53/oncoprotein Mdm2
CC[C@@H](C)Oc1cc2c(cc1OC)CC(=O)N(c1ccc(N(C)Cc3cccc(F)c3)cc1)C2c1ccc(Cl)cc1,Tumour suppressor p53/oncoprotein Mdm2
COC[C@@H](C)n1c(-c2cnc(OC)nc2OC)cc2c1C(c1ccc(C#N)cc1)N(c1ccc(F)c(Cl)c1)C2=O,Tumour suppressor p53/oncoprotein Mdm2
COc1nc(N(C)C)ncc1-c1cc2c(n1C(C)C)[C@@H](c1ccc(Cl)c(F)c1)N(c1cc(Cl)c[nH]c1=O)C2=O,Tumour suppressor p53/oncoprotein Mdm2
COc1nc(N(C)C)ncc1-c1cc2c(n1C(C)C)[C@H](c1ccc(C#N)cc1)N(C1CCOCC1)C2=O,Tumour suppressor p53/oncoprotein Mdm2
COC(=O)[C@]1(c2ccc(Cl)cc2)N=CN(CC2CC2)[C@H]1c1ccc(Cl)cc1,Tumour suppressor p53/oncoprotein Mdm2
CN(C)S(=O)(=O)N(C)C[C@H](C1CC1)N1C(=O)[C@@](C)(CC(=O)O)C[C@H](c2cccc(Cl)c2)[C@H]1c1ccc(Cl)cc1,Tumour suppressor p53/oncoprotein Mdm2
O=C(CSc1nnc(-c2ccc(O)cc2)n1-c1ccccc1)Nc1ccccc1,Tumour suppressor p53/oncoprotein Mdm2
CC(C)C1=C(C(N)=O)SC2=NC(C)(c3ccc(Cl)cc3)C(c3ccc(Cl)cc3)N21,Tumour suppressor p53/oncoprotein Mdm2
Cl.O=C(c1cnccc1C(F)(F)F)N1CCCC(Oc2ccc(C(F)(F)F)cc2)(C(=O)N2CCN(c3ncccn3)CC2)C1,Tumour suppressor p53/oncoprotein Mdm2
CC[C@@H](C(C)NS(=O)(=O)C1CC1)N1C(=O)[C@@](C)(CC(=O)O)C[C@H](c2cccc(Cl)c2)C1c1ccc(Cl)cc1,Tumour suppressor p53/oncoprotein Mdm2
CC[C@@H](CN1CCOC1=O)N1C(=O)[C@@](C)(CC(=O)O)C[C@H](c2cccc(Cl)c2)[C@H]1c1ccc(Cl)cc1,Tumour suppressor p53/oncoprotein Mdm2
CCN(CC)N1C(=O)[C@@](C)(CC(=O)O)C[C@H](c2cccc(Cl)c2)[C@H]1c1ccc(Cl)cc1,Tumour suppressor p53/oncoprotein Mdm2
O=C(C1=C(O)C(=O)N(CCc2ccccc2)C1c1ccc(Br)cc1)c1cccs1,Tumour suppressor p53/oncoprotein Mdm2
CN1C2=C(C(c3ccc(Br)cc3)Oc3ccc(C#N)cc32)C(c2ccc(Br)cc2)n2ncnc21,Tumour suppressor p53/oncoprotein Mdm2
COc1ccc(C2=NC(c3ccc(Cl)cc3)C(c3ccc(Cl)cc3)N2C(=O)CN2CCCCC2)c(OC(C)C)c1,Tumour suppressor p53/oncoprotein Mdm2
CC[C@@H](CN1CCCS1(=O)=O)N1C(=O)[C@H](Cc2cccc(OC)n2)C[C@H](c2cccc(Cl)c2)[C@H]1c1ccc(Cl)cc1,Tumour suppressor p53/oncoprotein Mdm2
C[C@H](O)[C@H](C1CC1)N1C(=O)[C@@](C)(CC(=O)O)C[C@H](c2cccc(Cl)c2)[C@H]1c1ccc(Cl)cc1,Tumour suppressor p53/oncoprotein Mdm2
CC1(C)NC(=O)N(C[C@H](C2CC2)N2C(=O)[C@@](C)(CC(=O)O)C[C@H](c3cccc(Cl)c3)[C@H]2c2ccc(Cl)cc2)C1=O,Tumour suppressor p53/oncoprotein Mdm2
CC[C@]1(CC(=O)O)C[C@H](c2cccc(Cl)c2)[C@@H](c2ccc(Cl)cc2)N([C@H](CS(=O)(=O)c2ccc(F)cc2)C2CC2)C1=O,Tumour suppressor p53/oncoprotein Mdm2
COc1ccc(C(=O)NCCO)cc1-c1nc2c(n1C(C)C)C(c1ccc(Cl)cc1C)N(c1cc(Cl)ccc1C)C(=O)N2,Tumour suppressor p53/oncoprotein Mdm2
Cl.O=C(c1cnccc1C(F)(F)F)N1CCCC(Oc2ccc(C(F)(F)F)cc2)(C(=O)N2CCN(C3CCCCC3)CC2)C1,Tumour suppressor p53/oncoprotein Mdm2
COc1ncc(-c2cc3c(n2C(C)C)C(c2ccc(C#N)cc2)N(c2cc(Cl)c(=O)n(C)c2)C3=O)c(OC)n1,Tumour suppressor p53/oncoprotein Mdm2
COc1ccc(C2=N[C@H](c3ccc(Cl)cc3)[C@H](c3ccc(Cl)cc3)N2C(=O)NCCCC(=O)O)c(OC(C)C)c1,Tumour suppressor p53/oncoprotein Mdm2
Nc1sc(-c2ccc(Cl)cc2)c(-c2ccc(Cl)cc2)c1C(=O)N1CCC(=O)CC1=O,Tumour suppressor p53/oncoprotein Mdm2
O=C(C1=C(O)C(=O)N(CCCn2ccnc2)C1c1cccs1)c1ccccc1,Tumour suppressor p53/oncoprotein Mdm2
O=C(O)[C@H](c1ccc(Cl)nc1)N1C(=O)c2cc(I)ccc2NC(=O)[C@@H]1c1ccc(Cl)cc1,Tumour suppressor p53/oncoprotein Mdm2
COc1ccc2c(c1)NC(=O)[C@]21[C@@H](CC(C)(C)C)N[C@@H](C(=O)N(C)C)[C@@H]1c1cccc(Br)c1,Tumour suppressor p53/oncoprotein Mdm2
COc1nc(N(C)C)ncc1-c1cc2c(n1C(C)C)[C@H](c1ccc(C#N)cc1)N(c1cc(Cl)c(=O)n(C)c1)C2=O,Tumour suppressor p53/oncoprotein Mdm2
Nc1sc(-c2ccc(Cl)cc2)c(-c2ccc(Cl)cc2)c1C(=O)N1CCCC1,Tumour suppressor p53/oncoprotein Mdm2
CC(C)C1=C(C(=O)N2CCC[C@H]2C(=O)N(C)C)SC2=N[C@@](C)(c3ccc(Cl)nc3)[C@@H](c3ccc(Cl)cc3)N21,Tumour suppressor p53/oncoprotein Mdm2
COc1ncc(-c2cc3c(n2C(C)C)C(c2ccc(C#N)cc2)N(c2cc(Cl)ccc2C)C3=O)c(OC)n1,Tumour suppressor p53/oncoprotein Mdm2
[H][C@@]12CS[C@]3(C(=O)Nc4ccccc43)N1C(=O)N(Cc1ccc(Cl)cc1)C2=O,Tumour suppressor p53/oncoprotein Mdm2
CC[C@@H]1CC[C@@H](C(=O)N(C)C)N1C(=O)C1=C(C(C)C)N2C(=N[C@@](C)(c3ccc(Cl)cc3)[C@H]2c2ccc(Cl)cc2)S1,Tumour suppressor p53/oncoprotein Mdm2
COc1ccc(CCC(=O)O)cc1-c1cc(-c2ccc(Cl)cc2)n(Cc2ccccc2)n1,Tumour suppressor p53/oncoprotein Mdm2
Cc1ccc(Cl)cc1N1C(=O)c2cc(-c3ccccc3O)n(C(C)C)c2C1c1ccc(Cl)cc1,Tumour suppressor p53/oncoprotein Mdm2
CC[C@@H](CCO)N1C(=O)[C@@](C)(CC(=O)O)C[C@H](c2cccc(Cl)c2)[C@H]1c1ccc(Cl)cc1,Tumour suppressor p53/oncoprotein Mdm2
O=C(C1=C(O)C(=O)N(CCCn2ccnc2)C1c1ccccc1O)c1ccccc1,Tumour suppressor p53/oncoprotein Mdm2
CC[C@@H](COCC1(C(N)=O)CC1)N1C(=O)[C@@H](CC(=O)O)C[C@H](c2cccc(Cl)c2)C1c1ccc(Cl)cc1,Tumour suppressor p53/oncoprotein Mdm2
O=C1c2ccccc2C(OC/C=C/c2ccccc2)(c2ccccc2)N1Cc1ccccc1,Tumour suppressor p53/oncoprotein Mdm2
CC[C@@H](CN(C)S(=O)(=O)C1CC1)N1C(=O)[C@@](C)(CC(=O)NO)C[C@H](c2cccc(Cl)c2)[C@H]1c1ccc(Cl)cc1,Tumour suppressor p53/oncoprotein Mdm2
O=C1c2ccccc2C(NCCO)(c2ccccc2)N1Cc1ccccc1,Tumour suppressor p53/oncoprotein Mdm2
CCOC(=O)[C@H](CC(C)C)N1C(=O)[C@@H](CC(=O)O)C[C@H](c2cccc(Cl)c2)C1c1ccc(Cl)cc1,Tumour suppressor p53/oncoprotein Mdm2
COc1ccc(CC(=O)O)cc1-c1cc(-c2cccc(OC)c2OC)n(CCc2ccccc2)n1,Tumour suppressor p53/oncoprotein Mdm2
CC[C@@H](CN1CCCS1(=O)=O)N1C(=O)[C@@](C)(Cc2cccc(O)n2)C[C@H](c2cccc(Cl)c2)[C@H]1c1ccc(Cl)cc1,Tumour suppressor p53/oncoprotein Mdm2
CC[C@@H](CC(O)(O)C(F)(F)F)N1C(=O)[C@@](C)(CC(=O)O)C[C@H](c2cccc(Cl)c2)[C@H]1c1ccc(Cl)cc1,Tumour suppressor p53/oncoprotein Mdm2
CC(=O)N1CCN(C(=O)C2(Oc3ccc(C(F)(F)F)cc3)CCCN(C(=O)c3cnccc3C(F)(F)F)C2)CC1.Cl,Tumour suppressor p53/oncoprotein Mdm2
COc1nc(N(C)C)ncc1-c1cc2c(n1C(C)C)C(c1ccc(C#N)cc1)N(c1c[nH]c(=O)c(Cl)c1)C2=O,Tumour suppressor p53/oncoprotein Mdm2
O=C(O)[C@H](c1ccc(Cl)cc1)N1C(=O)c2cc(I)ccc2NC(=O)[C@H]1c1ccc(Cl)cc1,Tumour suppressor p53/oncoprotein Mdm2
COc1nc(N)ncc1-c1cc2c(n1C(C)C)C(c1ccc(Cl)cc1)N(c1cc(Cl)cnc1OC)C2=O,Tumour suppressor p53/oncoprotein Mdm2
COc1ccc(C2=NC(c3ccc(Cl)cc3)C(c3ccc(Cl)cc3)N2C(=O)CN2CCOCC2)c(OC(C)C)c1,Tumour suppressor p53/oncoprotein Mdm2
O=C1c2ccccc2C(OCCc2ccccc2)(c2ccccc2)N1Cc1ccccc1,Tumour suppressor p53/oncoprotein Mdm2
CCN(CC)CC(=O)N1C(c2ccc(OC)cc2OC(C)C)=NC(c2ccccc2)C1c1ccccc1,Tumour suppressor p53/oncoprotein Mdm2
COc1ncc(-c2cc3c(n2C(C)C)C(c2ccc(Cl)cc2)N(c2cc(Cl)c(=O)n(C)c2)C3=O)c(OC)n1,Tumour suppressor p53/oncoprotein Mdm2
Cl.O=C(N1CCN(c2ccccn2)CC1)C1(Oc2ccc(C(F)(F)F)cc2)CCCN(CC2CCCCC2)C1,Tumour suppressor p53/oncoprotein Mdm2
COc1cc(COC2(c3ccc(Cl)cc3)c3ccccc3C(=O)N2CCNC(C)=O)cc(OC)c1O,Tumour suppressor p53/oncoprotein Mdm2
CCOC(=O)CCNC(=O)N1C(c2ccc(OC)cc2OC(C)C)=N[C@H](c2ccc(Cl)cc2)[C@@H]1c1ccc(Cl)cc1,Tumour suppressor p53/oncoprotein Mdm2
Cl.O=C(c1cnccc1C(F)(F)F)N1CCCC(Oc2cccc(Cl)c2)(C(=O)N2CCN(c3ccccn3)CC2)C1,Tumour suppressor p53/oncoprotein Mdm2
COc1ccccc1-c1nc2c(n1C(C)C)C(c1ccc(C#N)cc1)N(c1cc(Cl)ccc1C)C(=O)N2,Tumour suppressor p53/oncoprotein Mdm2
COC(=O)C(Cc1ccc(O)cc1)N1C(=O)c2ccccc2C1(OCCN(CCC#N)c1ccccc1)c1ccccc1,Tumour suppressor p53/oncoprotein Mdm2
CN1C2=C(C(c3ccc(Br)cc3)Oc3ccc(Cl)cc32)C(c2ccc(Br)cc2)n2ncnc21,Tumour suppressor p53/oncoprotein Mdm2
CCCNC1(c2ccccc2)c2ccccc2C(=O)N1Cc1ccccc1,Tumour suppressor p53/oncoprotein Mdm2
Cc1ccc(C2C(C(=O)c3ccccc3)=C(O)C(=O)N2CCCn2ccnc2)cc1,Tumour suppressor p53/oncoprotein Mdm2
CC[C@@H](C1=NC(C)(C)CO1)N1C(=O)[C@@](C)(CC(=O)O)C[C@H](c2cccc(Cl)c2)[C@H]1c1ccc(Cl)cc1,Tumour suppressor p53/oncoprotein Mdm2
COC(=O)C(c1ccc(Cl)cc1)N1C(=O)c2ccc(NCc3ccc(Cl)cc3)cc2NC(=S)C1c1ccc(Cl)cc1,Tumour suppressor p53/oncoprotein Mdm2
CC[C@@H](CN1CCN(C(=O)C2CC2)CC1)N1C(=O)[C@@](C)(CC(=O)O)C[C@H](c2cccc(Cl)c2)[C@H]1c1ccc(Cl)cc1,Tumour suppressor p53/oncoprotein Mdm2
CC(C)C1=C(C(=O)N2[C@H](C(=O)N3CCN(C)C(C)(C)C3)CC[C@H]2C)SC2=N[C@@](C)(c3ccc(Cl)cc3)[C@@H](c3ccc(Cl)cc3)N21,Tumour suppressor p53/oncoprotein Mdm2
CCCC1N(C(=O)c2cnccc2C(F)(F)F)CCCC1(Oc1csc(C(F)(F)F)c1)C(=O)N1CCN(c2ccccc2OCC2(CC(=O)O)CC2)CC1,Tumour suppressor p53/oncoprotein Mdm2
COc1nc(N(C)C)ncc1-c1nc2c(n1C(C)C)C(c1ccc(Cl)c(F)c1)N(c1cc(Cl)c[nH]c1=O)C(=O)N2,Tumour suppressor p53/oncoprotein Mdm2
CCc1ccc2c(c1)C(=O)N([C@H](C(=O)O)c1ccc(Cl)cc1)[C@@H](c1ccc(Cl)cc1)C(=O)N2,Tumour suppressor p53/oncoprotein Mdm2
C[C@]1(CC(=O)O)C[C@H](c2cccc(Cl)c2)[C@@H](c2ccc(Cl)cc2)N([C@@H](c2ccccn2)C2CC2)C1=O,Tumour suppressor p53/oncoprotein Mdm2
CC[C@@H](CN1CCCS1(=O)=O)N1C(=O)[C@](C)(Cc2cccc(OC)n2)C[C@H](c2cccc(Cl)c2)[C@H]1c1ccc(Cl)cc1,Tumour suppressor p53/oncoprotein Mdm2
CC(C)(C)C(=O)ONCCCN1C2=C(C(c3ccc(Br)cc3)Oc3ccccc32)C(c2ccc(Br)cc2)n2ncnc21,Tumour suppressor p53/oncoprotein Mdm2
CC[C@@H](CN(C)S(C)(=O)=O)N1C(=O)[C@@](C)(CC(=O)O)C[C@H](c2cccc(Cl)c2)[C@H]1c1ccc(Cl)cc1,Tumour suppressor p53/oncoprotein Mdm2
CC[C@@H](CNS(=O)(=O)c1ccccc1Cl)N1C(=O)[C@@](C)(CC(=O)O)C[C@H](c2cccc(Cl)c2)[C@H]1c1ccc(Cl)cc1,Tumour suppressor p53/oncoprotein Mdm2
C[C@]1(CC(=O)O)C[C@H](c2cccc(Cl)c2)C(c2ccc(Cl)cc2)N([C@H](CNS(=O)(=O)Cc2cccnc2)C2CC2)C1=O,Tumour suppressor p53/oncoprotein Mdm2
CC[C@@H](CN1CCCS1(=O)=O)N1C(=O)[C@H](Cc2cccc(O)n2)C[C@H](c2cccc(Cl)c2)[C@H]1c1ccc(Cl)cc1,Tumour suppressor p53/oncoprotein Mdm2
COc1ncc(-c2cc3c(n2C(C)C)[C@@H](c2ccc(Cl)cc2)N(c2cc(Cl)ccc2C)C3=O)c(OC)n1,Tumour suppressor p53/oncoprotein Mdm2
CC[C@@H](CNS(=O)(=O)C1CC1)N1C(=O)[C@@](C)(CC(=O)O)C[C@H](c2cccc(Cl)c2)C1c1ccc(Cl)cc1,Tumour suppressor p53/oncoprotein Mdm2
COc1cccc(-c2cc(-c3cc(CCC(=O)O)ccc3OCc3cccc(Cl)c3)nn2CCc2ccccc2)c1OC,Tumour suppressor p53/oncoprotein Mdm2
CCCN1C(=O)c2ccccc2C1(OCCc1ccccn1)c1ccc(OCOCC[Si](C)(C)C)cc1,Tumour suppressor p53/oncoprotein Mdm2
CNC(=O)c1ccc(OC)c(-c2cc3c(n2C(C)C)C(c2ccc(Cl)cc2C)N(c2cc(Cl)c(=O)n(C)c2)C3=O)c1,Tumour suppressor p53/oncoprotein Mdm2
CNc1ncc(-c2cc3c(n2C(C)C)C(c2ccc(C#N)cc2)N(c2cc(Cl)cn(C)c2=O)C3=O)c(OC)n1,Tumour suppressor p53/oncoprotein Mdm2
COc1ccc(C(=O)C2=C(O)C(=O)N(c3nccs3)C2c2ccc(C)cc2)cc1,Tumour suppressor p53/oncoprotein Mdm2
Brc1ccc([C@H]2Oc3ccccc3C3=C2[C@@H](c2ccc(Br)cc2)n2ncnc2N3)cc1,Tumour suppressor p53/oncoprotein Mdm2
CCCC1N(C(=O)c2cnccc2C(F)(F)F)CCCC1(Oc1cc(C(F)(F)F)cs1)C(=O)N1CCN(c2ccccc2OCCO)CC1,Tumour suppressor p53/oncoprotein Mdm2
CNc1ncc(-c2cc3c(n2C(C)C)C(c2ccc(C#N)cc2)N(c2c[nH]c(=O)c(Cl)c2)C3=O)c(OC)n1,Tumour suppressor p53/oncoprotein Mdm2
COc1ccc(C2=NC(c3ccc(Cl)cc3)C(c3ccc(Cl)cc3)N2C(=O)CCN2CCN(C)CC2)c(OC(C)C)c1,Tumour suppressor p53/oncoprotein Mdm2
COc1ccc(CC(=O)O)cc1-c1cc2c(n1C(C)C)C(c1ccc(Cl)cc1)N(c1cc(Cl)ccc1C)C2=O,Tumour suppressor p53/oncoprotein Mdm2
CC[C@@H](CN(C)S(=O)(=O)C1CC1)N1C(=O)[C@](C)(CCC(=O)O)C[C@H](c2cccc(Cl)c2)[C@H]1c1ccc(Cl)cc1,Tumour suppressor p53/oncoprotein Mdm2
CC[C@@H](CN1CCS(=O)(=O)CC1)N1C(=O)[C@@](C)(CC(=O)O)C[C@H](c2cccc(Cl)c2)[C@H]1c1ccc(Cl)cc1,Tumour suppressor p53/oncoprotein Mdm2
Nc1sc(-c2ccc(Cl)cc2)c(-c2ccc(Cl)cc2)c1C(=S)NC1CCCCC1,Tumour suppressor p53/oncoprotein Mdm2
CN1C2=C(C(c3ccc(Br)cc3)Oc3cccc(F)c32)C(c2ccc(Br)cc2)n2ncnc21,Tumour suppressor p53/oncoprotein Mdm2
CC[C@@H]([C@H](C)O)N1C(=O)[C@@](C)(C[C@@H](O)CO)C[C@H](c2cccc(Cl)c2)[C@H]1c1ccc(Cl)cc1,Tumour suppressor p53/oncoprotein Mdm2
O=C1c2cccc(Cl)c2C(OCC2(CO)CC2)(c2ccc(Cl)cc2)N1Cc1ccc(S(=O)(=O)C(F)(F)F)cc1,Tumour suppressor p53/oncoprotein Mdm2
COc1ccc(C(=O)O)cc1-c1cc2c(n1C(C)C)C(c1ccc(Cl)cc1)N(c1cc(Cl)ccc1C)C2=O,Tumour suppressor p53/oncoprotein Mdm2
CCCN1C(=O)c2ccccc2C1(OCc1ccc(C(C)(C)C)cc1)c1ccc(OCOCC[Si](C)(C)C)cc1,Tumour suppressor p53/oncoprotein Mdm2
CCCN1C(=O)CC[C@H](c2cccc(Cl)c2)[C@H]1c1ccc(Cl)cc1,Tumour suppressor p53/oncoprotein Mdm2
CCCC1N(C(=O)c2cnccc2C(F)(F)F)CCCC1(Oc1csc(C(F)(F)F)c1)C(=O)N1CCN(c2ccccc2OCCCCC(=O)O)CC1,Tumour suppressor p53/oncoprotein Mdm2
O=C(O)[C@H](c1ccc(Cl)cc1)N1C(=O)c2cc(I)ccc2NC[C@@H]1c1ccc(Cl)cc1,Tumour suppressor p53/oncoprotein Mdm2
O=C1c2ccccc2C(OCCOc2ccccc2O)(c2ccccc2)N1Cc1ccccc1,Tumour suppressor p53/oncoprotein Mdm2
CC[C@@H](CS(=O)(=O)C(C)(C)C)N1C(=O)[C@@](C)(CC(=O)O)C[C@H](c2cncc(Cl)c2)[C@H]1c1ccc(Cl)cc1,Tumour suppressor p53/oncoprotein Mdm2
O=C(O)CC[C@@H]1C[C@H](c2cccc(Cl)c2)[C@@H](c2ccc(Cl)cc2)N(CC2CC2)C1=O,Tumour suppressor p53/oncoprotein Mdm2
Cc1ccc(C2C(C(=O)c3ccccc3)=C(O)C(=O)N2CCCn2ccnc2)c(C)c1,Tumour suppressor p53/oncoprotein Mdm2
CC[C@@H](CN1CCOCC1)N1C(=O)[C@@](C)(CC(=O)O)C[C@H](c2cccc(Cl)c2)[C@H]1c1ccc(Cl)cn1,Tumour suppressor p53/oncoprotein Mdm2
O=C(O)[C@H](c1ccc(O)cc1)N1C(=O)c2cc(I)ccc2NC(=O)[C@@H]1c1ccc(Cl)cc1,Tumour suppressor p53/oncoprotein Mdm2
COc1ccc(C(N)=O)cc1-c1cc2c(n1C(C)C)C(c1ccc(Cl)cc1)N(c1cc(Cl)ccc1C)C2=O,Tumour suppressor p53/oncoprotein Mdm2
COC(=O)CN1C(=O)CC[C@H](c2cccc(Cl)c2)[C@H]1c1ccc(Cl)cc1,Tumour suppressor p53/oncoprotein Mdm2
O=C(O)[C@H](c1ccccc1)N1C(=O)c2cc(I)ccc2NC(=O)[C@@H]1c1ccccc1,Tumour suppressor p53/oncoprotein Mdm2
CC[C@@H](CCS(=O)(=O)CC1CC1)N1C(=O)[C@@](C)(CC(=O)O)C[C@H](c2cccc(Cl)c2)C1c1ccc(Cl)cc1,Tumour suppressor p53/oncoprotein Mdm2
CC[C@@H](CCC(C)(O)C(F)(F)F)N1C(=O)[C@@](C)(CC(=O)O)C[C@H](c2cccc(Cl)c2)C1c1ccc(Cl)cc1,Tumour suppressor p53/oncoprotein Mdm2
CC[C@@H](COCC1(C(N)=O)CC1)N1C(=O)[C@H](CC(=O)O)C[C@H](c2cccc(Cl)c2)C1c1ccc(Cl)cc1,Tumour suppressor p53/oncoprotein Mdm2
CC[C@@H](CNS(=O)(=O)c1cccc(C#N)c1)N1C(=O)[C@@](C)(CC(=O)O)C[C@H](c2cccc(Cl)c2)[C@H]1c1ccc(Cl)cc1,Tumour suppressor p53/oncoprotein Mdm2
COc1ncc(-c2cc3c(n2C(C)C)C(c2ccc(C#N)c(F)c2)N(c2cc(Cl)c[nH]c2=O)C3=O)c(OC)n1,Tumour suppressor p53/oncoprotein Mdm2
C[C@]1(CC(=O)O)C[C@H](c2cccc(Cl)c2)[C@@H](c2ccc(Cl)cc2)N(C2CCCOC2)C1=O,Tumour suppressor p53/oncoprotein Mdm2
CCCCOc1ccc(CC(=O)O)cc1-c1cc(-c2cccc(OC)c2OC)n(Cc2ccccc2)n1,Tumour suppressor p53/oncoprotein Mdm2
COc1ccc(C(=O)O)cc1-c1cc2c(n1C(C)C)[C@H](c1ccc(Cl)cc1)N(c1cc(Cl)ccc1C)C2=O,Tumour suppressor p53/oncoprotein Mdm2
CC[C@@H](CNS(=O)(=O)C1(C)CC1)N1C(=O)[C@@](C)(CC(=O)O)C[C@H](c2cccc(Cl)c2)[C@H]1c1ccc(Cl)cc1,Tumour suppressor p53/oncoprotein Mdm2
COc1nc(N)ncc1-c1cc2c(n1C(C)C)C(c1ccc(Cl)cc1)N(c1cc(Cl)ccc1C)C2=O,Tumour suppressor p53/oncoprotein Mdm2
COc1nc(N(C)C)ncc1-c1cc2c(n1C(C)C)C(c1ccc(C#N)cc1)N(c1ccc(F)c(Cl)c1)C2=O,Tumour suppressor p53/oncoprotein Mdm2
CCCCc1nc(COC2(c3ccccc3)c3ccccc3C(=O)N2Cc2ccccc2)c[nH]1,Tumour suppressor p53/oncoprotein Mdm2
CC(C)c1ccc([C@@H](C(=O)O)N2C(=O)c3cc(I)ccc3NC(=O)[C@@H]2c2ccc(Cl)cc2)cc1,Tumour suppressor p53/oncoprotein Mdm2
COc1nc(N(C)C)ncc1-c1cc2c(n1C(C)C)C(c1ccc(Cl)cc1)N(c1cc(Cl)cn(C)c1=O)C2=O,Tumour suppressor p53/oncoprotein Mdm2
CC[C@]1(CC(=O)O)C[C@H](c2cccc(Cl)c2)[C@@H](c2ccc(Cl)cc2)N([C@H](CS(C)(=O)=O)C2CC2)C1=O,Tumour suppressor p53/oncoprotein Mdm2
CCCCNC(=O)c1c(N)sc(-c2ccc(Cl)cc2)c1-c1ccc(Cl)cc1,Tumour suppressor p53/oncoprotein Mdm2
CNc1ncc(-c2cc3c(n2C(C)C)[C@H](c2ccc(C#N)cc2)N(c2cc(Cl)cn(C)c2=O)C3=O)c(OC)n1,Tumour suppressor p53/oncoprotein Mdm2
CC[C@@H](CC(O)C(F)(F)F)N1C(=O)[C@@](C)(CC(=O)O)C[C@H](c2cccc(Cl)c2)C1c1ccc(Cl)cc1,Tumour suppressor p53/oncoprotein Mdm2
CC[C@@H](c1nnc(C)o1)N1C(=O)[C@@H](CC(=O)O)CC(c2cccc(Cl)c2)[C@H]1c1ccc(Cl)cc1,Tumour suppressor p53/oncoprotein Mdm2
COc1nc(N(C)C)ncc1-c1cc2c(n1C(C)C)C(c1ccc(Cl)cc1)N(c1cn(C)nc1C)C2=O,Tumour suppressor p53/oncoprotein Mdm2
COC(=O)C(c1ccc(Cl)cc1)N1C(=O)c2ccc(NCc3ccsc3)cc2NC(=S)C1c1ccc(Cl)cc1,Tumour suppressor p53/oncoprotein Mdm2
COc1ccc(CC(=O)O)cc1-c1cc2c(n1C(C)C)C(c1ccc(Cl)cc1)N(c1cc(Cl)c(=O)n(C)c1)C2=O,Tumour suppressor p53/oncoprotein Mdm2
CC(C)(C)c1ccc(COC2(c3ccccc3)c3ccccc3C(=O)N2CCc2c[nH]cn2)cc1,Tumour suppressor p53/oncoprotein Mdm2
O=c1c2cnn(-c3ccccc3)c2nc(Cc2ccccc2)n1Cc1ccccc1,Tumour suppressor p53/oncoprotein Mdm2
Cc1ccc(C2=NO[C@@]3(C(=O)Nc4cc(Cl)ccc43)[C@@H]2c2ccccc2)cc1,Tumour suppressor p53/oncoprotein Mdm2
CC(=O)N[C@@H](CC(C)C)C(=O)N[C@H](C(=O)N[C@@H](Cc1ccccc1)C(=O)N[C@@H]1CSCc2ccc(cn2)-c2ccc(nc2)CSC[C@@H](C(=O)N[C@@H](CO)C(N)=O)NC(=O)[C@H](C(C)C)NC(=O)[C@H](CCC(N)=O)NC(=O)[C@H](C)NC(=O)[C@H](Cc2c[nH]c3ccccc23)NC(=O)[C@H](Cc2ccc(O)cc2)NC(=O)[C@H](Cc2cnc[nH]2)NC1=O)[C@@H](C)O,Tumour suppressor p53/oncoprotein Mdm2
COc1cccc(C2(Cc3cccc(Cl)c3)C(=O)Nc3cc(Cl)ccc32)c1,Tumour suppressor p53/oncoprotein Mdm2
C[C@]1(CC(=O)O)C[C@H](c2cccc(Cl)c2)[C@@H](c2ccc(Cl)cc2)N(CC2CC2)C1=O,Tumour suppressor p53/oncoprotein Mdm2
CCOC(=O)[C@@]1(c2ccc(Cl)cc2)N=C(c2ccc(OC)cc2OC(C)C)N(C(=O)N2CCN(C(C)=O)CC2)[C@@H]1c1ccc(Cl)cc1,Tumour suppressor p53/oncoprotein Mdm2
CCC(C(=O)CC(C)C)N1C(=O)[C@@](C)(CC(=O)O)C[C@H](c2cccc(Cl)c2)[C@H]1c1ccc(Cl)cc1,Tumour suppressor p53/oncoprotein Mdm2
O=C(O)C[C@@H]1CC(c2cccc(Cl)c2)[C@@H](c2ccc(Cl)cc2)N(CC2CCC2)C1=O,Tumour suppressor p53/oncoprotein Mdm2
Brc1ccc([C@@H]2Oc3ccccc3C3=C2[C@H](c2ccc(Br)cc2)n2ncnc2N3)cc1,Tumour suppressor p53/oncoprotein Mdm2
CCC([C@H](C)C(C)(C)O)N1C(=O)[C@@](C)(CC(=O)O)C[C@H](c2cccc(Cl)c2)[C@H]1c1ccc(Cl)cc1,Tumour suppressor p53/oncoprotein Mdm2
CCC(CN(C)S(=O)(=O)C1CC1)N1C(=O)[C@@](CCN2CCS(=O)(=O)CC2)(CC(N)=O)C[C@H](c2cccc(Cl)c2)[C@H]1c1ccc(Cl)cc1,Tumour suppressor p53/oncoprotein Mdm2
O=C(C1=C(Nc2ccc(Br)cc2)C(=O)N(CCCn2ccnc2)C1c1ccc(Br)cc1)c1ccccc1,Tumour suppressor p53/oncoprotein Mdm2
CCOC(=O)[C@H](C1CC1)N1C(=O)[C@@H](CC(=O)O)C[C@H](c2cccc(Cl)c2)[C@H]1c1ccc(Cl)cc1,Tumour suppressor p53/oncoprotein Mdm2
CN(C)CCC(=O)Nc1ccccc1N1CCN(C(=O)C2(Oc3ccc(C(F)(F)F)cc3)CCCN(C(=O)c3cnccc3C(F)(F)F)C2)CC1.Cl,Tumour suppressor p53/oncoprotein Mdm2
C=CC[C@@]1(C)C[C@H](c2cccc(Cl)c2)[C@@H](c2ccc(Cl)cc2)N([C@@H](CC)COc2cccnc2)C1=O,Tumour suppressor p53/oncoprotein Mdm2
OCCCN1C2=C(C(c3ccc(Br)cc3)Oc3ccccc32)C(c2ccc(Br)cc2)n2ncnc21,Tumour suppressor p53/oncoprotein Mdm2
CC[C@@H](Cn1cc(C(F)(F)F)ccc1=O)N1C(=O)[C@@](C)(CC(=O)O)C[C@H](c2cccc(Cl)c2)[C@H]1c1ccc(Cl)cc1,Tumour suppressor p53/oncoprotein Mdm2
COc1nc(N(C)C)ncc1-c1cc2c(n1C(C)C)C(c1ccc(C#N)cc1)N(c1cc(C)nn1C)C2=O,Tumour suppressor p53/oncoprotein Mdm2
CC[C@]1(CC(=O)O)C[C@H](c2cccc(Cl)c2)[C@@H](c2ccc(Cl)cc2)N([C@H](CS(=O)(=O)C2CCCC2)C2CC2)C1=O,Tumour suppressor p53/oncoprotein Mdm2
C=CC(=O)OCCOC1(c2ccccc2)c2ccccc2C(=O)N1Cc1ccccc1,Tumour suppressor p53/oncoprotein Mdm2
CC[C@@H](CN1C[C@H]2C[C@@H]1CO2)N1C(=O)[C@@](C)(CC(=O)O)C[C@H](c2cccc(Cl)c2)[C@H]1c1ccc(Cl)cc1,Tumour suppressor p53/oncoprotein Mdm2
CC[C@]1(CC(=O)O)C[C@H](c2cccc(Cl)c2)[C@@H](c2ccc(Cl)cc2)N([C@H](CNS(=O)(=O)CC)C2CC2)C1=O,Tumour suppressor p53/oncoprotein Mdm2
CCC(CC)N1C(=O)[C@@](C)(Cc2nsc(=O)[nH]2)C[C@H](c2cccc(Cl)c2)[C@H]1c1ccc(Cl)cc1,Tumour suppressor p53/oncoprotein Mdm2
CC(=O)N1CCN(C(=O)[C@@H]2CCCN2C(=O)C2=C(C(C)C)N3C(=N[C@@](C)(c4ccc(Cl)cc4)[C@H]3c3ccc(Cl)cc3)S2)CC1,Tumour suppressor p53/oncoprotein Mdm2
COc1nc(N(C)C)ncc1-c1cc2c(n1C(C)C)[C@@H](c1ccc(Cl)cc1)N(c1c[nH]c(=O)c(Cl)c1)C2=O,Tumour suppressor p53/oncoprotein Mdm2
C[C@]1(CC(=O)O)C[C@H](c2cccc(Cl)c2)[C@@H](c2ccc(Cl)cc2)N(C2CCC2)C1=O,Tumour suppressor p53/oncoprotein Mdm2
Cc1cccc(N(CCC#N)CCOC2(c3ccccc3)c3ccccc3C(=O)N2Cc2ccccc2)c1,Tumour suppressor p53/oncoprotein Mdm2
COc1ccc(C(=O)O)cc1-c1cc(-c2cccc(OC)c2OC)n(CCc2ccccc2)n1,Tumour suppressor p53/oncoprotein Mdm2
COC(=O)C(c1ccc(Cl)cc1)N1C(=O)c2ccc(NCC3CC3)cc2NC(=S)C1c1ccc(Cl)cc1,Tumour suppressor p53/oncoprotein Mdm2
COc1nc(N(C)C)ncc1-c1cc2c(n1C(C)C)C(c1ccc(Cl)cc1)N([C@H]1CC[C@H](OC)CC1)C2=O,Tumour suppressor p53/oncoprotein Mdm2
CCCC1N(C(=O)c2cnccc2C(F)(F)F)CCCC1(Oc1csc(C(F)(F)C(F)(F)F)c1)C(=O)N1CCN(c2ccccc2OCCO)CC1,Tumour suppressor p53/oncoprotein Mdm2
CCCC1N(C(=O)c2cnccc2C(F)(F)F)CCCC1(Oc1csc(C(F)(F)F)c1)C(=O)N1CCN(c2ccccc2OCC(C)(C)C(=O)O)CC1,Tumour suppressor p53/oncoprotein Mdm2
CC[C@]1(CC(=O)O)C[C@H](c2cccc(Cl)c2)[C@@H](c2ccc(Cl)cc2)N([C@H](CS(=O)(=O)C(C)C)C2CC2)C1=O,Tumour suppressor p53/oncoprotein Mdm2
CCOC(=O)[C@H](C)NC(=O)N1C(c2ccc(OC)cc2OC(C)C)=N[C@H](c2ccc(Cl)cc2)[C@@H]1c1ccc(Cl)cc1,Tumour suppressor p53/oncoprotein Mdm2
COc1cc(NC(=O)[C@@H]2N[C@@H](CC(C)(C)C)[C@@]3(C(=O)Nc4cc(Cl)ccc43)[C@H]2c2cccc(Cl)c2F)ccc1C(=O)O,Tumour suppressor p53/oncoprotein Mdm2
CCOC(=O)[C@@H](C)NC(=O)N1C(c2ccc(OC)cc2OC(C)C)=N[C@H](c2ccc(Cl)cc2)[C@@H]1c1ccc(Cl)cc1,Tumour suppressor p53/oncoprotein Mdm2
COc1nc(N(C)C)ncc1-c1cc2c(n1C(C)C)C(c1ccc(Cl)cc1)N(c1cc(C)nn1C)C2=O,Tumour suppressor p53/oncoprotein Mdm2
CC(C)C1=C(C(=O)N(C)C)SC2=N[C@@](C)(c3ccc(Cl)cc3)[C@@H](c3ccc(Cl)cc3)N21,Tumour suppressor p53/oncoprotein Mdm2
O=C(O)[C@H](c1ccccc1)N1C(=O)c2cc(I)ccc2NC(=O)[C@@H]1c1ccc(OC(F)(F)F)cc1,Tumour suppressor p53/oncoprotein Mdm2
CCCOC1(c2ccccc2)c2ccccc2C(=O)N1Cc1ccccc1,Tumour suppressor p53/oncoprotein Mdm2
CC[C@@H](C)Oc1cc2c(cc1OC)CC(=O)N(c1ccc(N(C)Cc3ccncc3)cc1)[C@H]2c1ccc(Cl)cc1,Tumour suppressor p53/oncoprotein Mdm2
COc1cc(C(N)=O)ccc1-c1ccccc1NC(=O)[C@@H]1N[C@@H](CC(C)(C)C)[C@@]2(C(=O)Nc3cc(Cl)ccc32)[C@H]1c1cccc(Cl)c1F,Tumour suppressor p53/oncoprotein Mdm2
CC[C@@H](C(=O)OC(C)(C)C)N1C(=O)[C@@](C)(CC(=O)O)C[C@H](c2cccc(Cl)c2)[C@H]1c1ccc(Cl)cn1,Tumour suppressor p53/oncoprotein Mdm2
CCOc1ccc(CCC(=O)O)cc1-c1cc(-c2ccc(F)cc2)n(CCc2ccccc2)n1,Tumour suppressor p53/oncoprotein Mdm2
C[C@]1(CC(=O)O)C[C@H](c2cccc(Cl)c2)[C@@H](c2ccc(Cl)cc2)N(C(C2CC2)C2CC2)C1=O,Tumour suppressor p53/oncoprotein Mdm2
O=C1c2ccccc2C(OCc2ccc(O)cc2)(c2ccccc2)N1Cc1ccccc1,Tumour suppressor p53/oncoprotein Mdm2
O=C(O)C[C@@]1(CCN2CCOCC2)C[C@H](c2cccc(Cl)c2)[C@@H](c2ccc(Cl)cc2)N(CC2CC2)C1=O,Tumour suppressor p53/oncoprotein Mdm2
CCC(CN(C)S(=O)(=O)C1CC1)N1C(=O)[C@@](C)(CC(=O)NS(C)(=O)=O)C[C@H](c2cccc(Cl)c2)[C@H]1c1ccc(Cl)cc1,Tumour suppressor p53/oncoprotein Mdm2
COc1ccccc1N1CCN(C(=O)C2(Oc3ccc(C(F)(F)F)cc3)CCCN(C(=O)c3cnccc3C(F)(F)F)C2)CC1,Tumour suppressor p53/oncoprotein Mdm2
N#Cc1ccc2c(c1)C(=O)N([C@H](C(=O)O)c1ccc(Cl)cc1)[C@@H](c1ccc(Cl)cc1)C(=O)N2,Tumour suppressor p53/oncoprotein Mdm2
COc1ncc(-c2cc3c(n2C(C)C)C(c2ccc(Cl)cc2)N(C2CCOCC2)C3=O)c(OC)n1,Tumour suppressor p53/oncoprotein Mdm2
Cl.O=C(c1cnccc1C(F)(F)F)N1CCCC(Oc2ccc(C(F)(F)F)cc2)(C(=O)N2CCN(Cc3ccccc3)CC2)C1,Tumour suppressor p53/oncoprotein Mdm2
CCOc1ccccc1-c1cc(-c2cc(C(=O)O)ccc2OC)nn1CCc1ccccc1,Tumour suppressor p53/oncoprotein Mdm2
O=C(C1=C(Nc2ccccc2Br)C(=O)N(CCCn2ccnc2)C1c1ccc(Br)cc1)c1ccccc1,Tumour suppressor p53/oncoprotein Mdm2
COc1cc(OCCO)ccc1NC(=O)[C@@H]1N[C@@H](CC(C)(C)C)[C@@]2(C(=O)Nc3cc(Cl)ccc32)[C@H]1c1cccc(Cl)c1F,Tumour suppressor p53/oncoprotein Mdm2
CC[C@@H](CS(C)(=O)=O)N1C(=O)[C@@](C)(CC(=O)O)C[C@H](c2cc(F)cc(Cl)c2)[C@H]1c1ccc(Cl)cc1,Tumour suppressor p53/oncoprotein Mdm2
CS(=O)(=O)NC(=O)C[C@@H]1CC(c2cccc(Cl)c2)[C@@H](c2ccc(Cl)cc2)N(CC2CC2)C1=O,Tumour suppressor p53/oncoprotein Mdm2
CC[C@@H](CN1Cc2ccccc2S1(=O)=O)N1C(=O)[C@@](C)(CC(=O)O)C[C@H](c2cccc(Cl)c2)[C@H]1c1ccc(Cl)cc1,Tumour suppressor p53/oncoprotein Mdm2
CCCN1C(=O)c2ccccc2C1(OCc1cc2c(cc1[N+](=O)[O-])OCO2)c1ccc(C(C)(C)C)cc1,Tumour suppressor p53/oncoprotein Mdm2
Cl.O=C(c1ccccc1C(F)(F)F)N1CCCC(Oc2ccc(C(F)(F)F)cc2)(C(=O)N2CCN(c3ccccn3)CC2)C1,Tumour suppressor p53/oncoprotein Mdm2
CC[C@@H](C)Oc1cc2c(cc1OC)CC(=O)N(c1ccc(N(C)Cc3cccnc3)cc1)C2c1ccc(Cl)cc1,Tumour suppressor p53/oncoprotein Mdm2
CC[C@@H](CN1CCCS1(=O)=O)N1C(=O)[C@](C)(Cc2cccc(O)n2)C[C@H](c2cccc(Cl)c2)[C@H]1c1ccc(Cl)cc1,Tumour suppressor p53/oncoprotein Mdm2
O=C1CC(c2ccccc2)c2c(sc(-c3ccc(Cl)cc3)c2-c2ccc(Cl)cc2)N1,Tumour suppressor p53/oncoprotein Mdm2
CC(C)N1C(=O)[C@H](CC(=O)O)C[C@H](c2cccc(Cl)c2)[C@@]1(C)c1ccc(Cl)cc1,Tumour suppressor p53/oncoprotein Mdm2
CC[C@@H](C(=O)OC(C)(C)C)N1C(=O)[C@H](CC(=O)O)C[C@H](c2cccc(Cl)c2)[C@H]1c1ccc(Cl)cc1,Tumour suppressor p53/oncoprotein Mdm2
COc1ncc(CC#N)cc1-c1cc2c(n1C(C)C)C(c1ccc(C#N)cc1)N(c1cccc(Cl)c1F)C2=O,Tumour suppressor p53/oncoprotein Mdm2
CCC1=NC(c2ccc(Cl)cc2)C(c2ccc(Cl)cc2)N1C(=O)N(CC)CC,Tumour suppressor p53/oncoprotein Mdm2
CC[C@@H](CN1CCOCC1)N1C(=O)[C@@](C)(Cc2noc(=O)[nH]2)C[C@H](c2cccc(Cl)c2)[C@H]1c1ccc(Cl)cc1,Tumour suppressor p53/oncoprotein Mdm2
COc1ncc(-c2cc3c(n2C(C)C)C(c2ccc(Cl)cc2)N(c2cc(Cl)c(=O)n(C)c2F)C3=O)c(OC)n1,Tumour suppressor p53/oncoprotein Mdm2
CC[C@@H](CN1CC(O)(C(F)(F)F)C1)N1C(=O)[C@@](C)(CC(=O)O)C[C@H](c2cccc(Cl)c2)[C@H]1c1ccc(Cl)cc1,Tumour suppressor p53/oncoprotein Mdm2
COc1ccc(C2=NO[C@@]3(C(=O)Nc4cc(Cl)ccc43)[C@@H]2c2ccccc2)cc1,Tumour suppressor p53/oncoprotein Mdm2
COc1cn(C)c(=O)cc1-c1cc2c(n1C(C)C)C(c1ccc(Cl)cc1)N(c1cc(Cl)ccc1C)C2=O,Tumour suppressor p53/oncoprotein Mdm2
CC[C@@H](CNS(=O)(=O)c1ccccn1)N1C(=O)[C@@](C)(CC(=O)O)C[C@H](c2cccc(Cl)c2)[C@H]1c1ccc(Cl)cc1,Tumour suppressor p53/oncoprotein Mdm2
C[C@]1(CC(=O)O)C[C@H](c2cccc(Cl)c2)[C@@H](c2ccc(Cl)cc2)N([C@H](CS(=O)(=O)C(F)(F)F)C2CC2)C1=O,Tumour suppressor p53/oncoprotein Mdm2
C[C@@]1(CC(=O)O)C[C@H](c2cccc(Cl)c2)C(c2ccc(Cl)cc2)N(C(C2CC2)C2CC2)C1=O,Tumour suppressor p53/oncoprotein Mdm2
CCC1=NC(c2ccc(Cl)cc2)C(c2ccc(Cl)cc2)N1C(=O)N1CCN(C)CC1,Tumour suppressor p53/oncoprotein Mdm2
CC[C@@H](CN(C)S(=O)(=O)C1CC1)N1C(=O)[C@H](C(C)C(=O)O)C[C@H](c2cccc(Cl)c2)[C@H]1c1ccc(Cl)cc1,Tumour suppressor p53/oncoprotein Mdm2
COc1ccc(C(=O)O)cc1-c1cc2c(n1C(C)C)C(c1ccc(Cl)cc1)N(c1ccc(F)c(Cl)c1)C2=O,Tumour suppressor p53/oncoprotein Mdm2
Nc1[nH]c(-c2ccc(Cl)cc2)c(-c2ccc(Cl)cc2)c1C(=O)NC1CC1,Tumour suppressor p53/oncoprotein Mdm2
O=C(C1=C(O)C(=O)N(CCCn2ccnc2)C1c1ccc(Br)cc1)c1ccc(F)cc1,Tumour suppressor p53/oncoprotein Mdm2
COc1ncc(-c2cc3c(n2C(C)C)C(c2ccc(Cl)c(F)c2)N(c2cc(Cl)c[nH]c2=O)C3=O)c(OC)n1,Tumour suppressor p53/oncoprotein Mdm2
CC(C)N1[C@H](c2ccc(Cl)cc2)[C@@H](c2cccc(Cl)c2)C[C@@H](CC(=O)O)S1(=O)=O,Tumour suppressor p53/oncoprotein Mdm2
COc1ccc(C2=N[C@H](c3ccc(Cl)cc3)[C@H](c3ccc(Cl)cc3)N2C(=O)NCC(=O)N2CCCC2)c(OC(C)C)c1,Tumour suppressor p53/oncoprotein Mdm2
COc1ncc(-c2cc3c(n2C(C)C)C(c2ccc(Cl)cn2)N(c2cc(Cl)ccc2C)C3=O)c(OC)n1,Tumour suppressor p53/oncoprotein Mdm2
O=C(O)c1ccc(-c2cc(-c3ccc(F)cc3)n(CCc3ccccc3)n2)cc1,Tumour suppressor p53/oncoprotein Mdm2
O=C1c2ccccc2C(OCCNC(=O)C(F)(F)F)(c2ccccc2)N1Cc1ccccc1,Tumour suppressor p53/oncoprotein Mdm2
COc1ncc(-c2cc3c(n2C(C)C)C(c2ccc(Cl)cc2)N(c2cn(C)c(=O)cc2C)C3=O)c(OC)n1,Tumour suppressor p53/oncoprotein Mdm2
COc1nc(N(C)C)ncc1-c1cc2c(n1C(C)C)C(c1ccc(Cl)c(F)c1)N(c1cc(Cl)c[nH]c1=O)C2=O,Tumour suppressor p53/oncoprotein Mdm2
C[C@]1(CC(=O)O)C[C@H](c2cccc(Cl)c2)[C@@H](c2ccc(Cl)cc2)N([C@@H](CC(F)F)c2ccccn2)C1=O,Tumour suppressor p53/oncoprotein Mdm2
O=C1C2=C(CCCC2)C(OCC2(CO)CC2)(c2ccc(Cl)cc2)N1Cc1ccc([N+](=O)[O-])cc1,Tumour suppressor p53/oncoprotein Mdm2
CC(=O)NCCOC1(c2ccccc2)c2ccccc2C(=O)N1Cc1ccccc1,Tumour suppressor p53/oncoprotein Mdm2
CCOc1ccccc1-c1cc(-c2cc(CC(=O)O)ccc2OCc2cccc(Cl)c2)nn1CCc1ccccc1,Tumour suppressor p53/oncoprotein Mdm2
C[C@]1(CC(=O)O)C[C@H](c2cccc(Cl)c2)[C@@H](c2ccc(Cl)cc2)N([C@H](CN(C(F)F)S(=O)(=O)C2CC2)C2CC2)C1=O,Tumour suppressor p53/oncoprotein Mdm2
COC(=O)COC1(c2ccccc2)c2ccccc2C(=O)N1Cc1ccccc1,Tumour suppressor p53/oncoprotein Mdm2
CC[C@@H](CNS(=O)(=O)C(C)C)N1C(=O)[C@@](C)(CC(=O)O)C[C@H](c2cccc(Cl)c2)[C@H]1c1ccc(Cl)cc1,Tumour suppressor p53/oncoprotein Mdm2
