smiles,targetname
Nc1nc(O)c2c(n1)CCc1cc(Cl)ccc1-2,Thymidylate synthase
O=C(Nc1cc2c3c(cccc3c1)C(=O)OC2=O)c1ccc([N+](=O)[O-])o1,Thymidylate synthase
O=C(Nc1cc2c3c(cccc3c1)C(=O)OC2=O)c1ccc(Cl)c([N+](=O)[O-])c1,Thymidylate synthase
COc1ccc(C)cc1NC(=O)C(=O)N/N=C/c1ccc(OCC(N)=O)cc1,Thymidylate synthase
CCc1nc2ccc(CNc3ccc(C(=O)N[C@@H](CCC(=O)O)C(=O)O)cc3)cc2c(=O)[nH]1,Thymidylate synthase
O=C(Oc1ccc2c3c(cccc13)C(=O)O2)c1ccc(SC(F)(F)F)cc1,Thymidylate synthase
[H][C@@](CCC(=O)O)(NC(=O)CC[C@]([H])(NC(=O)CC[C@]([H])(NC(=O)CC[C@]([H])(NC(=O)CC[C@]([H])(NC(=O)CC[C@]([H])(NC(=O)c1ccc(N(C)Cc2ccc3nc(C)nc(O)c3c2)s1)C(=O)O)C(=O)O)C(=O)O)C(=O)O)C(=O)O)C(=O)O,Thymidylate synthase
Cc1ccc(C(=O)C2=C(O)C(=O)N(CCN(C)C)C2c2ccc(OCC(N)=O)cc2)o1,Thymidylate synthase
C#CCN(Cc1ccc2nc(C)nc(O)c2c1)c1cccc(I)c1,Thymidylate synthase
CN(Cc1ccnnc1)c1ccc2c3c(cccc13)C(N)=N2,Thymidylate synthase
Cc1cc2nc(CN3CCN(C)CC3)nc(O)c2cc1CN(C)c1ccc(C(=O)NC(CCC(=O)O)C(=O)O)c(F)c1,Thymidylate synthase
[H][C@@](CCC(=O)O)(NC(=O)c1ccc(CN(CC=C)c2ccc3nc(C)nc(O)c3c2)s1)C(=O)O,Thymidylate synthase
[H][C@@](CCC(=O)O)(NC(=O)c1ccc(N(CC)Cc2ccc3nc(CO)cc(Cl)c3c2)cc1)C(=O)O,Thymidylate synthase
[H][C@](CCC(=O)O)(NC(=O)c1ncc(N(CCCO)Cc2ccc3nc(C)nc(O)c3c2)s1)C(=O)O,Thymidylate synthase
O=C1OC(c2ccc(O)cc2)(c2ccc(O)c3ccccc23)c2ccccc21,Thymidylate synthase
C#CCN(Cc1ccc2nc(C)nc(O)c2c1)c1ccc(C(=O)Nc2ccccc2)cc1,Thymidylate synthase
[H][C@@](CCC(=O)O)(NC(=O)c1ccc(S(=O)(=O)Nc2ccc3ccc4nc(N)nc(O)c4c3c2)cc1)C(=O)O,Thymidylate synthase
C#CCN(Cc1ccc2nc(C)nc(O)c2c1)c1ccc(C(=O)N[C@@H](CCC(=O)N[C@@H](CCC(=O)N[C@@H](CCC(=O)O)C(=O)O)C(=O)O)C(=O)O)cc1.O=C(O)C(F)(F)F,Thymidylate synthase
Cc1nc2ccc(CN(CCF)c3cnc(C(=O)N[C@@H](CCC(=O)O)C(=O)O)s3)cc2c(=O)[nH]1,Thymidylate synthase
O=c1[nH]c(=O)n([C@H]2C[C@H](O)[C@@H](CO)O2)cc1CF,Thymidylate synthase
Cc1nc2ccc(CN(CCO)c3ccc(C(=O)N[C@@H](CCC(=O)O)C(=O)O)s3)cc2c(=O)[nH]1,Thymidylate synthase
Cc1nc2ccc(CN(CCCO)c3ccc(C(=O)N[C@@H](CCC(=O)O)C(=O)O)cc3F)cc2c(=O)[nH]1,Thymidylate synthase
O=C1CCN([C@H]2C[C@H](O)[C@@H](COP(=O)(O)O)O2)C(=O)N1,Thymidylate synthase
C#CCN(Cc1ccc2nc(N)nc(S)c2c1)c1ccc(C(=O)NC(CCC(=O)O)C(=O)O)cc1,Thymidylate synthase
Cc1[nH]c2nc(N)nc(O)c2c1Sc1ccccc1,Thymidylate synthase
CCN(Cc1ccc2nc(CO)[nH]c(=O)c2c1)c1ccc(C(=O)N[C@@H](CCC(=O)O)C(=O)O)cc1,Thymidylate synthase
O=c1[nH]ncn2nccc12,Thymidylate synthase
[H][C@@](CCC(=O)O)(NC(=O)c1cc(F)c(N(CC#C)Cc2ccc3nc(C)nc(O)c3c2)cc1F)C(=O)O,Thymidylate synthase
C#CCN(Cc1cc2c(O)nc(C)nc2cc1C)c1ccc(C(=O)NCc2cncs2)c(F)c1,Thymidylate synthase
O=C1C=CCO[C@@H]1n1cc(F)c(O)nc1=O,Thymidylate synthase
C#CCN(Cc1ccc2nc(C)nc(O)c2c1)c1ccc(C(=O)N[C@@H](CCC(=O)N[C@H](C)C(=O)O)C(=O)O)cc1.O=C(O)C(F)(F)F,Thymidylate synthase
COc1ccc(S(=O)(=O)c2ccc(CN(C)c3ccc4c5c(ccc(C)c35)C(NO)=N4)cc2)cc1,Thymidylate synthase
O=C1Nc2ccc(N(CCO)Cc3ccc(S(=O)(=O)N4CCNCC4)cc3)c3cccc1c23,Thymidylate synthase
Cc1cccc(-c2c3c(=O)n(C)c(=O)n(C)c3c3c(C(F)(F)F)nc4ccccc4n23)c1,Thymidylate synthase
O=C(O)CC[C@H](NC(=O)c1ccc(S(=O)(=O)N2CCC[C@@H]2C(=O)O)cc1)C(=O)O,Thymidylate synthase
CCc1ccc2ccc3nc(N)nc(O)c3c2c1,Thymidylate synthase
Nc1nc(O)c2c(ccc3cc(N)c(Br)cc32)n1,Thymidylate synthase
O=C1Oc2ccc(OC(=O)C3CCCCC3)c3cccc1c23,Thymidylate synthase
C#CCN(Cc1cc2c(O)nc(CN3CCN(C)CC3)nc2cc1C)c1ccc(C(=O)NCc2cccc([N+](=O)[O-])c2)c(F)c1,Thymidylate synthase
C#CCN(Cc1ccc2nc(C)nc(O)c2c1)c1ccc(C(=O)NCc2ccco2)cc1,Thymidylate synthase
C#CCN(Cc1cc2c(O)nc(CN3CCOCC3)nc2cc1C)c1ccc(C(=O)NCc2cccc([N+](=O)[O-])c2)c(F)c1,Thymidylate synthase
COc1ccc2c(c1)CCc1nc(N)nc(O)c1-2,Thymidylate synthase
[H][C@@](CCC(=O)O)(NC(=O)c1ccc(N(CC#C)Cc2ccc3nc(C)cc(Cl)c3c2)cc1)C(=O)O,Thymidylate synthase
CCN(Cc1ccc2nc(C)nc(O)c2c1)c1ccc(C(=O)N[C@@H](CCC(=O)N[C@H](CCC(=O)O)C(=O)O)C(=O)O)cc1.O=C(O)C(F)(F)F,Thymidylate synthase
O=C(O)CC[C@H](NC(=O)c1ccc(N(CCF)Cc2ccc3nc(CO)[nH]c(=O)c3c2)cc1)C(=O)O,Thymidylate synthase
[H][C@@](CCC(=O)O)(NC(=O)c1ccc(CN(CC)c2ccc3nc(C)nc(O)c3c2)s1)C(=O)O,Thymidylate synthase
Cc1nc(O)c2c(Sc3ccncc3)cccc2n1,Thymidylate synthase
Cc1ncc([N+](=O)[O-])n1CCSc1nnc(-c2ccnc(Cl)c2)o1,Thymidylate synthase
C#CCN(Cc1ccc2nc(C)nc(O)c2c1)c1ccc(C(=O)N[C@@H](C(=O)O)c2ccccc2)cc1,Thymidylate synthase
COC(=O)CCC(=O)Nc1cc2c3c(cccc3c1)C(=O)OC2=O,Thymidylate synthase
[H][C@@](CCC(=O)O)(NC(=O)c1ccc(N(CC#C)Cc2ccc3nc(C(N)=O)cc(Cl)c3c2)cc1)C(=O)O,Thymidylate synthase
[H][C@](CC)(NC(=O)CC[C@@]([H])(NC(=O)c1ccc(N(CC#C)Cc2ccc3nc(C)nc(O)c3c2)cc1)C(=O)O)C(=O)O,Thymidylate synthase
C#CCN(Cc1cc2c(O)nc(C)nc2cc1C)c1ccc(C(=O)N[C@@H](CCC(=O)NS(=O)(=O)C(F)(F)F)C(=O)O)c(F)c1,Thymidylate synthase
CCN(Cc1ccc2nc(C)[nH]c(=O)c2c1)c1ccc(C(=O)N[C@@H](CCC(=O)O)C(=O)O)cc1,Thymidylate synthase
O=c1[nH]c(=O)n([C@H]2C[C@H](O)[C@@H](COP(=O)(O)O)O2)cc1S,Thymidylate synthase
CCN(Cc1ccc2ncnc(SC)c2c1)c1ccc(C(=O)NC(CCC(=O)O)C(=O)O)cc1,Thymidylate synthase
CC(=O)c1cccc2c(N(C)Cc3ccc(S(=O)(=O)c4ccc(N)cc4)cc3)ccc(N)c12,Thymidylate synthase
Cc1ccc2c(c1)-c1c(O)nc(N)nc1CC2,Thymidylate synthase
Cc1ccc2c3c(ccc(N(C)Cc4ccncc4)c13)N=C2N,Thymidylate synthase
Cc1cc(C)c2c(c1)-c1c(O)nc(N)nc1CC2,Thymidylate synthase
CN(C)CCNCc1cn([C@H]2C[C@H](O)[C@@H](COP(=O)(O)O)O2)c(=O)[nH]c1=O,Thymidylate synthase
COc1ccc(Nc2nc3cc([N+](=O)[O-])cc([N+](=O)[O-])c3nc2-c2ccccc2)cc1OC,Thymidylate synthase
Cc1nc2ccc(CN(C)c3ccc(C(=O)N[C@@H](CCC(=O)O)C(=O)O)cc3)cc2c(=O)[nH]1,Thymidylate synthase
[H][C@](CCC(=O)O)(NC(=O)c1ccc(N(CCF)Cc2ccc3nc(C)nc(O)c3c2)s1)C(=O)O,Thymidylate synthase
Cc1[nH]c2nc(N)nc(O)c2c1Sc1ccc2ccccc2c1,Thymidylate synthase
Nc1nc(O)c2c(ccc3ccc(F)cc32)n1,Thymidylate synthase
Nc1nc2cc3c(cc2[nH]1)N(Cc1ccc(S(=O)(=O)c2ccccc2)cc1)CCC3,Thymidylate synthase
CC1=C(c2cn([C@H]3C[C@H](O)[C@@H](COP(=O)(O)O)O3)c(=O)[nH]c2=O)C(=O)c2ccccc2C1=O,Thymidylate synthase
C#CCN(Cc1ccc2nc(OCCOC)nc(O)c2c1)c1ccc(C(=O)NC(CCC(=O)O)C(=O)O)cc1,Thymidylate synthase
CN(Cc1ccnc(C(F)(F)F)c1)c1ccc2c3c(cccc13)C(N)=N2,Thymidylate synthase
COc1ccc(S(=O)(=O)c2ccc(CN(C)c3ccc4c5c(cccc35)C(N)=N4)cc2)cc1,Thymidylate synthase
[H][C@@](CCC(=O)O)(NC(=O)c1ccc(N(CC#C)Cc2ccc3nc(C)cc(Cl)c3c2)cc1F)C(=O)O,Thymidylate synthase
O=c1[nH]c(=O)n([C@H]2C[C@H](O)[C@@H](COP(=O)(O)O)O2)cc1-c1ccc(Br)cc1,Thymidylate synthase
Cc1cc2nc(N)nc(O)c2c2cc(Cl)ccc12,Thymidylate synthase
CN1C(=O)c2cccc(CNCCP(=O)(O)O)c2C1=O,Thymidylate synthase
CSc1n[nH]c(=O)c2[nH]cnc12,Thymidylate synthase
Cc1nc2ccc(CN(CC#N)c3ccc(C(=O)N[C@@H](CCC(=O)O)C(=O)O)s3)cc2c(=O)[nH]1,Thymidylate synthase
C#CCN(Cc1ccc2ncnc(O)c2c1)c1ccc(Cl)c(Cl)c1,Thymidylate synthase
Cc1ccc2c3c(cccc13)C(=O)CC2,Thymidylate synthase
Nc1nc(O)c2c(n1)CCc1cc([N+](=O)[O-])c(Br)cc1-2,Thymidylate synthase
C#Cc1cn([C@H]2C[C@H](O)[C@@H](COP(=O)(O)O)O2)c(=O)[nH]c1=O,Thymidylate synthase
C#CCN(c1ccc(C(=O)N[C@@H](CCC(=O)N(C)[C@H](CCC(=O)O)C(=O)O)C(=O)O)cc1)C1CCc2cc3nc(C)nc(O)c3cc21,Thymidylate synthase
O=C1OC(=O)c2ccc(Cl)c3cccc1c23,Thymidylate synthase
C#CCN(Cc1ccc2nc(N)[nH]c(=O)c2c1)c1ccc(C(=O)N[C@@H](CCC(=O)O)C(=O)O)c(F)c1,Thymidylate synthase
C#CCN(Cc1cnc2nc(N)nc(O)c2n1)c1ccc(C(=O)N[C@@H](CCC(=O)O)C(=O)O)cc1,Thymidylate synthase
CC(C)C[C@H](NC(=O)[C@H](CCC(N)=O)NC(=O)[C@H](CS)NC(=O)[C@H](CO)NC(=O)[C@H](C)N)C(=O)N[C@@H](Cc1ccc(O)cc1)C(=O)N[C@@H](CCC(N)=O)C(=O)N[C@@H](CCCNC(=N)N)C(=O)O,Thymidylate synthase
Cl.[H][C@@](CCC(=O)O)(NC(=O)c1ccc(N(CC#C)Cc2ccc3nc(N)cc(Cl)c3c2)cc1F)C(=O)O,Thymidylate synthase
[H][C@@](CCC(=O)O)(NC(=O)c1ccc(N(CC#C)Cc2ccc3nc(C)cc(Br)c3c2)cc1)C(=O)O,Thymidylate synthase
C#CCN(Cc1ccc2nc(N)nc(O)c2c1)c1cc(OC)c(OC)c(OC)c1,Thymidylate synthase
Nc1nc(O)c2c(ccc3cccc(N)c32)n1,Thymidylate synthase
[H][C@@](CCC(=O)O)(NC(=O)c1ccc(N(CC#C)Cc2ccc3nc(CF)cc(Cl)c3c2)cc1)C(=O)O,Thymidylate synthase
N.N.O=c1[nH]c(=O)n(C2CC(O)C(OP(=O)(O)O)O2)cc1F,Thymidylate synthase
N.N.O=C(CBr)c1cn(C2CC(O)C(OP(=O)(O)O)O2)c(=O)[nH]c1=O,Thymidylate synthase
[H][C@](C)(NC(=O)CC[C@@]([H])(NC(=O)c1ccc(N(CC)Cc2ccc3nc(C)nc(O)c3c2)cc1)C(=O)O)C(=O)O,Thymidylate synthase
[H][C@@](CCC(=O)O)(NC(=O)c1ccc(N(C)Cc2ccc3nc(C)nc(O)c3c2)c(F)c1F)C(=O)O,Thymidylate synthase
C#CCN(Cc1ccc2nc(C)nc(O)c2c1)c1ccc(C(=O)NCc2cccc([N+](=O)[O-])c2)cc1,Thymidylate synthase
CN(Cc1ccc(S(=O)(=O)N2CCOCC2)cc1)c1ccc2c3c(ccc(Cl)c13)C(N)=N2,Thymidylate synthase
O=C(Oc1ccc2c3c(cccc13)C(=O)O2)c1cccc(C(F)(F)F)c1,Thymidylate synthase
C#CCN(Cc1cc2c(O)nc(C)nc2cc1C)c1ccc(C(=O)N[C@@H](CCC(=O)NS(C)(=O)=O)C(=O)O)c(F)c1,Thymidylate synthase
[H][C@@](CCC(=O)O)(NC(=O)c1ccc(N(C)S(=O)(=O)c2ccc3c(c2)-c2c(O)nc(C)nc2CC3)cc1)C(=O)O,Thymidylate synthase
O=c1[nH]c(=O)n([C@@H]2O[C@H](CO)[C@@H](O)[C@@H]2F)cc1C(F)(F)F,Thymidylate synthase
C#CCN(Cc1ccc2nc(C)nc(O)c2c1)c1ccc(C(=O)N[C@@H](CC(C)(C)C(=O)O)C(=O)N[C@@H](CCC(=O)O)C(=O)O)cc1,Thymidylate synthase
C#CCN(Cc1ccc2nc(C)[nH]c(=O)c2c1)c1ccc(C(=O)N[C@@H](CCC(=O)O)C(=O)O)s1,Thymidylate synthase
[H][C@](CCC(=O)O)(NC(=O)c1ccc(N(CCCO)Cc2ccc3nc(C)nc(O)c3c2)s1)C(=O)O,Thymidylate synthase
Cc1ccc2c3c(ccc(N(C)Cc4ccc(S(=O)(=O)c5ccccc5)cc4)c13)N=C2N,Thymidylate synthase
O=c1ccn([C@@H]2O[C@H](COP(=O)(O)O)[C@@H](O)[C@@H]2F)c(=O)[nH]1,Thymidylate synthase
COCCn1c(C)nc2c(c1=O)c1nc3ccccc3nc1n2-c1cc(C)cc(C)c1,Thymidylate synthase
Cc1nc(O)c2cc(CN(C)c3ccc(C(=O)N[C@@H](CCC(=O)N[C@H](CCC(=O)O)C(=O)O)C(=O)O)cc3)ccc2n1.O=C(O)C(F)(F)F,Thymidylate synthase
Cc1cccc2c1C(=O)N(c1nccs1)C2=O,Thymidylate synthase
Cc1nc2[nH]c(C)c(Sc3ccncc3)c2c(=O)[nH]1,Thymidylate synthase
Cc1cc2nc(N)nc(O)c2c2ccc(Cl)cc12,Thymidylate synthase
CN(Cc1ccncc1)c1ccc2c3c(cccc13)C(N)=N2,Thymidylate synthase
Nc1nc(O)c2c(ccc3ccc(Br)c(N)c32)n1,Thymidylate synthase
O=c1[nH]nc(Cl)c2nc[nH]c12,Thymidylate synthase
[H][C@@](CCC(=O)O)(NC(=O)CC[C@]([H])(NC(=O)CC[C@]([H])(NC(=O)CC[C@]([H])(NC(=O)CC[C@]([H])(NC(=O)c1ccc(N(C)Cc2ccc3nc(C)nc(O)c3c2)s1)C(=O)O)C(=O)O)C(=O)O)C(=O)O)C(=O)O,Thymidylate synthase
C#CCN(c1ccc(C(=O)N[C@@H](CCC(=O)N[C@H](CCC(=O)O)c2nnn[nH]2)C(=O)O)cc1)[C@H]1CCc2cc3nc(C)nc(O)c3cc21,Thymidylate synthase
Cc1cc(Nc2nc3ccccc3n3cnnc23)ccc1Br,Thymidylate synthase
O=c1ccn([C@@H]2O[C@H](COP(=O)(O)O)[C@@H](O)C2(F)F)c(=O)[nH]1,Thymidylate synthase
O=C1OC(c2ccc(O)c(F)c2)(c2ccc(O)c(F)c2)c2cc3ccccc3cc21,Thymidylate synthase
C#CCN(Cc1ccc2nc(CSc3nccc(O)n3)nc(O)c2c1)c1ccc(C(=O)NCc2cccc([N+](=O)[O-])c2)cc1,Thymidylate synthase
C#CCN(Cc1cc2c(O)nc(C)nc2cc1C)c1ccc(C(=O)N[C@@H](CCCSc2n[nH]c(O)n2)C(=O)O)c(F)c1,Thymidylate synthase
C=CCN(Cc1ccc2nc(C)[nH]c(=O)c2c1)c1ccc(C(=O)N[C@@H](CCC(=O)O)C(=O)O)c(F)c1,Thymidylate synthase
Cc1nc2ccc(CN(CCS)c3ccc(C(=O)N[C@@H](CCC(=O)O)C(=O)O)cc3)cc2c(=O)[nH]1,Thymidylate synthase
C#CCN(Cc1ccc2nc(S)nc(O)c2c1)c1ccc(C(=O)NC(CCC(=O)O)C(=O)O)cc1,Thymidylate synthase
C#CCN(Cc1ccc2nc(C)nc(O)c2c1)c1ccc(S(=O)(=O)C(F)(F)F)cc1,Thymidylate synthase
O=C(O)c1ccc2c3c(cccc13)C(=O)OC2=O,Thymidylate synthase
Cc1ccc(-c2nc3ccccc3n3cc4c(=O)n(C)c(=O)n(C)c4c23)cc1,Thymidylate synthase
CN(CCCCCl)P(=O)(OCC1=CC(=O)c2ccccc2C1=O)OC[C@H]1O[C@@H](n2cc(F)c(=O)[nH]c2=O)C[C@@H]1O,Thymidylate synthase
Cc1cccc2c1C(=O)OC2=O,Thymidylate synthase
C#CCN(Cc1ccc2nc(C)nc(O)c2c1)c1ccc(C(=O)N[C@@H](CCC(=O)N[C@H](CCCC(=O)O)C(=O)O)C(=O)O)cc1.O=C(O)C(F)(F)F,Thymidylate synthase
C#CCN(c1ccc(C(=O)N[C@@H](CCC(=O)N[C@H](CCC(=O)O)C(=O)O)C(=O)O)cc1)[C@@H]1CCc2cc3nc(C)nc(O)c3cc21,Thymidylate synthase
Nc1nc(O)c2c(ccc3cc(F)cc([N+](=O)[O-])c32)n1,Thymidylate synthase
[H][C@](C)(NC(=O)CC[C@@]([H])(NC(=O)c1ccc(N(CC#C)Cc2ccc3nc(C)nc(O)c3c2)cc1)C(=O)O)C(=O)O,Thymidylate synthase
Nc1nc(O)c2c(n1)CCc1cc(N)c(Br)cc1-2,Thymidylate synthase
COS(C)(=O)=S,Thymidylate synthase
Nc1nc(O)c2c(n1)CCc1c(-c3ccccc3)cccc1-2,Thymidylate synthase
CCN(Cc1ccc2nc(C)[nH]c(=O)c2c1)c1ccc(C(=O)N[C@@H](CCC(=O)O)C(=O)O)c(Cl)c1,Thymidylate synthase
Cc1cccc2c1C(=O)N(c1cc(-c3ccccc3)ccc1O)C2=O,Thymidylate synthase
Nc1nc(O)c2c(n1)CCc1c(Cl)cccc1-2,Thymidylate synthase
CN(C)c1cccc2c(S(=O)(=O)Oc3ccc(C[C@H](NS(=O)(=O)c4ccc(NC(=O)OCc5ccccc5)c5ccccc45)C(=O)O)cc3)cccc12,Thymidylate synthase
Cc1nc2ccc(CN(C)c3cnc(C(=O)N[C@@H](CCC(=O)O)C(=O)O)nc3)cc2c(=O)[nH]1,Thymidylate synthase
C=CCN(Cc1ccc2nc(C)[nH]c(=O)c2c1)c1ccc(C(=O)N[C@@H](CCC(=O)O)C(=O)O)s1,Thymidylate synthase
C#CCN(Cc1cc2c(O)nc(C)nc2cc1C)c1ccc(C(=O)NC(CCCC(=O)NS(=O)(=O)c2cccc([N+](=O)[O-])c2)C(=O)O)c(F)c1,Thymidylate synthase
Cc1[nH]c2nc(N)nc(O)c2c1Sc1ccncc1,Thymidylate synthase
CSc1ccc2c3c(ccc(N(C)Cc4ccc(S(=O)(=O)N5CCOCC5)cc4)c13)N=C2N,Thymidylate synthase
O=C(O)c1ccc2c(=O)[nH][nH]c(=O)c2c1,Thymidylate synthase
O=c1[nH]c(=O)n([C@H]2C[C@H](O)[C@@H](COP(=O)(O)O)O2)cc1/C=C/C(F)(F)F,Thymidylate synthase
CC(C)N(Cc1ccc(S(=O)(=O)N2CCNCC2)cc1)c1ccc2c3c(cccc13)C(=O)N2,Thymidylate synthase
C#CCN(Cc1cc2c(O)nc(C)nc2cc1C)c1ccc(C(=O)NC(CCCc2nnn[nH]2)C(=O)O)c(F)c1,Thymidylate synthase
CC1(C)C(=O)c2cccc3cccc(c23)C1=O,Thymidylate synthase
Nc1nc(O)c2c(ccc3c(N)c(F)ccc32)n1,Thymidylate synthase
Nc1nc2cc3c(cc2[nH]1)N(Cc1ccc(S(=O)(=O)N2CCOCC2)cc1)CCC3,Thymidylate synthase
CC(C)COC(=O)Oc1ccc2c3c(cccc13)C(=O)O2,Thymidylate synthase
C#CCN(Cc1cc2c(O)nc(C)nc2cc1C)c1ccc(C(=O)N[C@@H](CCCCC(=O)NS(C)(=O)=O)C(=O)O)c(F)c1,Thymidylate synthase
[H][C@](Cc1ccccc1)(NC(=O)CC[C@@]([H])(NC(=O)c1ccc(N(CC#C)Cc2ccc3nc(C)nc(O)c3c2)cc1)C(=O)O)C(=O)O,Thymidylate synthase
CCN(Cc1ccc(S(=O)(=O)N2CCNCC2)cc1)c1ccc2c3c(cccc13)C(=O)N2.Cl,Thymidylate synthase
[H][C@](CCC(=O)O)(NC(=O)c1ccc(N(C)Cc2ccc3nc(CF)nc(O)c3c2)s1)C(=O)O,Thymidylate synthase
C#CCN(Cc1ccc2nc(C)nc(O)c2c1)c1ccc(C(=O)c2ccccc2)cc1,Thymidylate synthase
Cc1nc(O)c2c(n1)CCc1ccc(Cl)cc1-2,Thymidylate synthase
C#CCN(Cc1ccc2nc(C)nc(O)c2c1)c1ccc(C(=O)NCc2ccc([N+](=O)[O-])cc2)cc1,Thymidylate synthase
O=C1Sc2cccc3cccc1c23,Thymidylate synthase
Nc1nc(O)c2c(Sc3ccncc3)c(Cl)ccc2n1,Thymidylate synthase
C#CCN(Cc1ccc2nc(C)nc(O)c2c1)c1ccc([S+]([O-])c2ccccc2C)cc1,Thymidylate synthase
C#CCN(Cc1ccc2nc(CO)nc(O)c2c1)c1ccc(C(=O)NCc2cccc([N+](=O)[O-])c2)cc1,Thymidylate synthase
Cc1ccc2nc(N)nc(O)c2c1Sc1ccnc(N(C)C)c1,Thymidylate synthase
O=C1OC(=O)c2cc(NS(=O)(=O)c3ccc(C(F)(F)F)cc3[N+](=O)[O-])cc3cccc1c23,Thymidylate synthase
O=C(O)CCNC(=O)[C@H]1CCCN1S(=O)(=O)c1ccc(C(=O)N[C@@H](CCC(=O)O)C(=O)O)cc1,Thymidylate synthase
C=Cc1ccc2ccc3nc(N)nc(O)c3c2c1,Thymidylate synthase
Cc1nc(O)c2c(Oc3ccccc3)cccc2n1,Thymidylate synthase
C#CCN(c1ccc(C(=O)N[C@@H](CCC(=O)N[C@H](CCC(=O)O)C(=O)O)C(=O)O)cc1)[C@H]1CCc2cc3nc(C)nc(O)c3cc21,Thymidylate synthase
O=c1[nH]c(=O)n([C@H]2C[C@H](O)[C@@H](COP(=O)(O)O)O2)cc1C#CCCO,Thymidylate synthase
COc1nc(O)c2cc(CN(C)c3ccc(C(=O)NC(CCC(=O)O)C(=O)O)cc3)ccc2n1,Thymidylate synthase
[H][C@](CCC(=O)O)(NC(=O)c1ncc(N(CC#C)Cc2ccc3nc(C)nc(O)c3c2)s1)C(=O)O,Thymidylate synthase
C#CCN(Cc1ccc2nc(C)nc(O)c2c1)c1ccc(C(=O)N[C@H](Cc2ccc([N+](=O)[O-])cc2)C(=O)O)cc1,Thymidylate synthase
CC(=O)OC[C@H]1O[C@@H](n2cc(C3=CC(=O)C=CC3=O)c(=O)[nH]c2=O)C[C@@H]1OC(C)=O,Thymidylate synthase
Nc1cc(N)c2c(ccc3nc(N)nc(O)c32)c1,Thymidylate synthase
C#CCN(Cc1ccc2nc(C)[nH]c(=O)c2c1)c1ccc(C(=O)N[C@@H](CCC(=O)O)C(=O)O)c(C)c1,Thymidylate synthase
O=c1nc(NO)c(I)cn1[C@H]1C[C@H](O)[C@@H](COP(=O)(O)O)O1,Thymidylate synthase
Cc1ccc(C(C)C)c(O)c1C1(O)OC(=O)c2cccc3cccc1c23,Thymidylate synthase
[H][C@](CCC(=O)N[C@@]([H])(C(=O)O)C(C)C)(NC(=O)c1ccc(N(CC#C)Cc2ccc3nc(C)nc(O)c3c2)cc1)C(=O)O,Thymidylate synthase
[H][C@@](CCC(=O)O)(NC(=O)c1ccc(NS(=O)(=O)c2cc3c(cc2Br)CCc2nc(N)nc(O)c2-3)cc1)C(=O)O,Thymidylate synthase
Cc1cn([C@H]2C[C@H](O)[C@@H](OP(=O)(O)O)O2)c(=O)[nH]c1=O,Thymidylate synthase
Nc1nc(O)c2c(ccc3cc(F)cc(N)c32)n1,Thymidylate synthase
O=C1OC(c2ccc(O)c(Cl)c2)(c2ccc(O)c(Cl)c2)c2ccc(Cl)c3cccc1c23,Thymidylate synthase
[H][C@@](CCC(=O)O)(NC(=O)CC[C@]([H])(NC(=O)CC[C@]([H])(NC(=O)CC[C@]([H])(NC(=O)c1ccc(N(C)Cc2ccc3nc(C)nc(O)c3c2)s1)C(=O)O)C(=O)O)C(=O)O)C(=O)O,Thymidylate synthase
[H][C@](CO)(NC(=O)CC[C@@]([H])(NC(=O)c1ccc(N(CC#C)Cc2ccc3nc(C)nc(O)c3c2)cc1)C(=O)O)C(=O)O,Thymidylate synthase
Cc1nc2ccc(CNc3ccc(C(=O)N[C@@H](CCC(=O)O)C(=O)O)cc3F)cc2c(=O)[nH]1,Thymidylate synthase
N.O=c1[nH]c(=O)n([C@H]2C[C@@H]3O[PH](O)(O)OC[C@H]3O2)cc1F,Thymidylate synthase
[H][C@@](CCC(=O)O)(NC(=O)CC[C@]([H])(NC(=O)CC[C@]([H])(NC(=O)CC[C@]([H])(NC(=O)CC[C@]([H])(NC(=O)c1ccc(N(CC#C)Cc2ccc3nc(C)nc(O)c3c2)cc1)C(=O)O)C(=O)O)C(=O)O)C(=O)O)C(=O)O,Thymidylate synthase
C#CCN(Cc1cc2c(O)nc(C)nc2cc1C)c1ccc(C(=O)N[C@@H](CCCS(N)(=O)=O)C(=O)O)c(F)c1,Thymidylate synthase
C#CCN(Cc1ccc2nc(CNS(C)(=O)=O)nc(O)c2c1)c1ccc(C(=O)NCc2cccc([N+](=O)[O-])c2)cc1,Thymidylate synthase
[H][C@](CCC)(NC(=O)CC[C@@]([H])(NC(=O)c1ccc(N(CC#C)Cc2ccc3nc(C)nc(O)c3c2)cc1)C(=O)O)C(=O)O,Thymidylate synthase
C#CCN(Cc1cc2c(O)nc(CO)nc2cc1C)c1ccc(C(=O)NCc2cccc([N+](=O)[O-])c2)c(F)c1,Thymidylate synthase
CC(C)C[C@H](N)C(=O)N[C@@H](CO)C(=O)N[C@@H](CS)C(=O)N[C@@H](C)C(=O)N[C@@H](CC(C)C)C(=O)N[C@@H](Cc1ccc(O)cc1)C(=O)N[C@@H](CCC(N)=O)C(=O)N[C@@H](CCCNC(=N)N)C(=O)O,Thymidylate synthase
[H][C@@](CCc1nnn[nH]1)(NC(=O)CC[C@]([H])(NC(=O)c1ccc(N(CC#C)Cc2ccc3nc(C)[nH]c(=O)c3c2)cc1)C(=O)O)C(=O)O,Thymidylate synthase
C#CCN(c1ccc(C(=O)N[C@@H](CCC(=O)N[C@H](C)C(=O)NS(=O)(=O)c2ccccc2)C(=O)O)cc1)C1CCc2cc3nc(C)nc(O)c3cc21,Thymidylate synthase
[H][C@](CCC(=O)O)(NC(=O)c1nnc(N(CC)Cc2ccc3nc(C)nc(O)c3c2)s1)C(=O)O,Thymidylate synthase
C#CCN(Cc1ccc2nc(C)nc(O)c2c1)c1ccc(C(=O)NCc2nccs2)cc1,Thymidylate synthase
Cc1cccc2c1ccc1nc(N)nc(O)c12,Thymidylate synthase
C#CCN(Cc1cc2c(O)nc(C)nc2cc1C)c1ccc(C(=O)NC(CCS(=O)(=O)NC(C)=O)C(=O)O)c(F)c1,Thymidylate synthase
C#CCN(Cc1cc2c(O)nc(C)nc2cc1C)c1ccc(C(=O)N[C@@H](CCC[S+]([O-])c2n[nH]c(O)n2)C(=O)O)c(F)c1,Thymidylate synthase
CC(C)C[C@H](N)C(=O)N[C@@H](CO)C(=O)N[C@@H](CS)C(=O)N[C@@H](CCC(N)=O)C(=O)N[C@@H](CC(C)C)C(=O)N[C@@H](Cc1ccc(O)cc1)C(=O)N[C@@H](CCC(N)=O)C(=O)N[C@@H](CCCNC(=N)N)C(=O)O,Thymidylate synthase
O=C(Cc1cccs1)Nc1cc2c3c(cccc3c1)C(=O)OC2=O,Thymidylate synthase
C#CCN(Cc1ccc2nc(C)nc(S)c2c1)c1ccc(C(=O)NC(CCC(=O)O)C(=O)O)cc1,Thymidylate synthase
C#CCN(Cc1cc2c(O)nc(C)nc2cc1C)c1ccc(C(=O)N[C@@H](CCC(=O)O)C(=O)N(CC)[C@@H](CCC(=O)O)C(=O)O)c(F)c1,Thymidylate synthase
[H][C@@](CCC(=O)O)(NC(=O)CC[C@]([H])(NC(=O)c1ccc(N(CC#C)Cc2cc3c(O)nc(C)nc3cc2C)cc1F)C(=O)O)C(=O)O,Thymidylate synthase
C#CCN(Cc1ccc2nc(N)nc(O)c2c1)c1ccc(C(=O)NC(CCC(=O)NC(CCC(=O)O)C(=O)O)C(=O)O)cc1,Thymidylate synthase
C#CCN(Cc1cc2c(O)nc(C)nc2cc1C)c1ccc(C(=O)NCc2cccc(C#N)c2)c(F)c1,Thymidylate synthase
C#CCN(Cc1ccc2nc(C)nc(O)c2c1)c1ccc(C(=O)N[C@@H](CCC(=O)N[C@H](CCC(=O)O)C(=O)O)C(=O)O)c(F)c1.O=C(O)C(F)(F)F,Thymidylate synthase
O=C1OC(=O)c2cc([N+](=O)[O-])cc3cccc1c23,Thymidylate synthase
O=c1[nH]c(=O)n([C@@H]2O[C@H](COP(=O)(O)O)[C@@H](O)[C@H]2O)cc1CO,Thymidylate synthase
C#CCN(Cc1cc2c(O)nc(CSc3ncccn3)nc2cc1C)c1ccc(C(=O)NCc2cccc([N+](=O)[O-])c2)c(F)c1,Thymidylate synthase
O=c1[nH]c(=O)n([C@H]2C[C@H](O)[C@@H](COP(=O)(O)O)O2)cc1-c1ccc(C(F)(F)F)cc1,Thymidylate synthase
Cc1[nH]c2nc(N)nc(O)c2c1Sc1ccc(C(=O)NC(CCC(=O)O)C(=O)O)cc1,Thymidylate synthase
Cc1ncc([N+](=O)[O-])n1CCSc1nnc(-c2cnccc2N)o1,Thymidylate synthase
C#CCN(Cc1ccc2nc(C(F)(F)F)nc(O)c2c1)c1ccc(C(=O)NC(CCC(=O)O)C(=O)O)cc1,Thymidylate synthase
O=CNc1nc(O)c2c(ccc3ccc(Br)cc32)n1,Thymidylate synthase
C#CCN(Cc1ccc2nc(C)nc(O)c2c1)c1ccc(C(=O)NCc2cscn2)cc1,Thymidylate synthase
C#CCN(c1ccc(C(=O)N[C@@H](CCC(=O)N[C@H](CCC(=O)O)C(=O)O)C(=O)O)cc1)C1CCc2cc3nc(C)nc(O)c3cc21,Thymidylate synthase
O=C1C=CC(=O)C(c2cn([C@H]3C[C@H](O)[C@@H](COP(=O)(O)O)O3)c(=O)[nH]c2=O)=C1,Thymidylate synthase
Cc1cccc2c1C(=O)N(c1ccc(C(F)(F)F)cc1)C2=O,Thymidylate synthase
CN1C(=O)c2cccc(CNc3ccc(C(=O)O)cn3)c2C1=O,Thymidylate synthase
CN1C(=O)c2cccc(CBr)c2C1=O,Thymidylate synthase
C#CCN(Cc1ccc2nc(-n3ccnc3)nc(O)c2c1)c1ccc(C(=O)NC(CCC(=O)O)C(=O)O)cc1,Thymidylate synthase
[H][C@](CCC(=O)O)(NC(=O)c1ncc(N(C)Cc2ccc3nc(C)nc(O)c3c2)s1)C(=O)O,Thymidylate synthase
O=C(Nc1cc(C(F)(F)F)ccc1Cl)c1ccc2nccnc2c1,Thymidylate synthase
C#CCN(Cc1cc2c(O)nc(C)nc2cc1C)c1ccc(C(=O)N[C@@H](CCC(=O)O)C(=O)N(C)[C@@H](CCC(=O)O)C(=O)O)cc1,Thymidylate synthase
CCOC(=O)CSc1ccc2c3c(cccc13)C(=O)OC2=O,Thymidylate synthase
C#CCN(Cc1ccc2nc(C)nc(O)c2c1)c1ccc(C(=O)N[C@@H](C(=O)O)C(C)C)cc1,Thymidylate synthase
N.O=c1[nH]c(=O)n([C@H]2C[C@@H]3O[PH](O)(O)OC[C@H]3O2)cc1I,Thymidylate synthase
N.N.O=c1[nH]c(=O)n([C@H]2C[C@H](O)[C@@H](COP(=O)(O)O)O2)cc1[N+](=O)[O-],Thymidylate synthase
Cc1nc(O)c2cc(CN(C)c3ccc(C(=O)NCc4cccc([N+](=O)[O-])c4)c(F)c3)c(C)cc2n1,Thymidylate synthase
[H][C@@](CCC(=O)O)(NC(=O)c1ccc(CN(CC#C)c2ccc3nc(C)nc(O)c3c2)cc1)C(=O)O,Thymidylate synthase
O=C1Oc2cccc3cccc1c23,Thymidylate synthase
O=C1OC(=O)c2cc(NS(=O)(=O)c3cccs3)cc3cccc1c23,Thymidylate synthase
Oc1nc(NCc2ccccc2)nc2ccc3c(F)cccc3c12,Thymidylate synthase
Nc1ccc2c3c(cccc13)C(=O)OC2=O,Thymidylate synthase
C#CCN(Cc1ccc2nc(CF)[nH]c(=O)c2c1)c1ccc(C(=O)N[C@@H](CCC(=O)O)C(=O)O)cc1,Thymidylate synthase
N.O=c1[nH]c(=O)n([C@H]2C[C@@H]3O[PH](O)(O)OC[C@H]3O2)cc1C(F)(F)F,Thymidylate synthase
Nc1nc(O)c2c(ccc3c([N+](=O)[O-])cccc32)n1,Thymidylate synthase
C#CCN(Cc1ccc2nc(OC)[nH]c(=O)c2c1)c1ccc(C(=O)N[C@@H](CCC(=O)O)C(=O)O)c(F)c1,Thymidylate synthase
COCc1cc2nc(N)nc(O)c2c2ccccc12,Thymidylate synthase
C#CCN(Cc1ccc2nc(C)[nH]c(=O)c2c1)c1ccc(C(=O)N[C@@H](CCC(=O)O)C(=O)O)c(O)c1,Thymidylate synthase
Cc1onc(-c2ccccc2Cl)c1C(=O)Nc1cc2c3c(cccc3c1)C(=O)OC2=O,Thymidylate synthase
Nc1nc(O)c2c(ccc3ccc(Cl)cc32)n1,Thymidylate synthase
C#CCN(Cc1ccc2nc(CN3CCOCC3)nc(O)c2c1)c1ccc(C(=O)NCc2cccc([N+](=O)[O-])c2)cc1,Thymidylate synthase
Cc1nc2ccc(CN(C)c3ccc(C(=O)N[C@@H](CCC(=O)[O-])C(=O)O)cn3)cc2c(=O)[nH]1.[Na+],Thymidylate synthase
C#CCN(Cc1ccc2nc(CSc3nc(N)cc(O)n3)nc(O)c2c1)c1ccc(C(=O)NCc2cccc([N+](=O)[O-])c2)cc1,Thymidylate synthase
C#CCN(Cc1cc2c(O)nc(C)nc2cc1C)c1ccc(C(=O)N[C@@H](CCC(=O)O)C(=O)O)c(F)c1,Thymidylate synthase
Cc1nc2ccc(CN(CCO)c3ccc(C(=O)N[C@@H](CCC(=O)O)C(=O)O)cc3F)cc2c(=O)[nH]1,Thymidylate synthase
Cc1cc2nc(N)nc(O)c2c2ccccc12,Thymidylate synthase
CCSc1ccc2c(c1)-c1c(O)nc(N)nc1CC2,Thymidylate synthase
CN(CC1CNc2nc(N)[nH]c(=O)c2N1Cc1c[nH]c(=O)[nH]c1=O)c1ccc(C(=O)NC(CCC(=O)O)C(=O)O)cc1,Thymidylate synthase
CCOC(=O)c1ccc(NCc2cccc3c2C(=O)N(C)C3=O)cc1,Thymidylate synthase
C#CCN(Cc1ccc2nc(C)nc(O)c2c1)c1ccc(C(=O)N[C@@H](C(=O)O)c2cccc([N+](=O)[O-])c2)cc1,Thymidylate synthase
C#CCN(Cc1cc2c(O)nc(C)nc2cc1C)c1ccc(C(=O)NC(CCCCSc2nn[nH]n2)C(=O)O)c(F)c1,Thymidylate synthase
[H][C@@](CCC(=O)O)(NC(=O)c1ccc(NS(=O)(=O)c2ccc3c(c2)CCc2nc(N)nc(O)c2-3)cc1)C(=O)O,Thymidylate synthase
Nc1nc(O)c2c(ccc3cc([N+](=O)[O-])c(Br)cc32)n1,Thymidylate synthase
[H][C@@](CCC(=O)O)(NC(=O)c1ccc(CNc2ccc3nc(C)nc(O)c3c2)c(F)c1)C(=O)O,Thymidylate synthase
C#CCN(Cc1ccc2nc(C)nc(O)c2c1)c1ccc(S(=O)(=O)c2ccccc2C)cc1,Thymidylate synthase
O=c1c(=O)c2ccc(Oc3ccc([N+](=O)[O-])cc3)c3cccc1c32,Thymidylate synthase
[H][C@@](CCC(=O)O)(NC(=O)c1ccc(N(CC#C)Cc2ccc3nc(Cl)cc(OC)c3c2)cc1)C(=O)O,Thymidylate synthase
COc1cc(-c2nnc(SCCn3c([N+](=O)[O-])cnc3C)o2)cc(OC)c1OC,Thymidylate synthase
O=P(O)(O)CCCP(=O)(O)O,Thymidylate synthase
CCN(Cc1ccc2nc(C)[nH]c(=O)c2c1)c1ccc(C(=O)N[C@@H](CCC(=O)O)C(=O)O)c(OC)c1,Thymidylate synthase
[H][C@@](CCc1nnn[nH]1)(NC(=O)CC[C@]([H])(NC(=O)c1ccc(N(CC#C)Cc2cc3c(O)nc(C)nc3cc2C)cc1F)C(=O)O)C(=O)O,Thymidylate synthase
O=C1OC(c2ccc(O)c(Cl)c2)(c2ccc(O)c(Cl)c2)c2cc3ccccc3cc21,Thymidylate synthase
O=C(CSc1nc2ccccc2nc1-c1ccccc1)N1CCCCCC1,Thymidylate synthase
Nc1nc(O)c2c(ccc3c(I)cccc32)n1,Thymidylate synthase
CN1C(=O)c2cccc(CNc3ccc(C(=O)c4ccccc4)cc3)c2C1=O,Thymidylate synthase
C#CCN(Cc1ccc2nc(C)[nH]c(=O)c2c1)c1ccc(C(=O)N[C@@H](CCC(=O)O)C(=O)O)c(OC)c1,Thymidylate synthase
[H][C@](CCC(=O)O)(NC(=O)c1ncc(N(CCO)Cc2ccc3nc(C)nc(O)c3c2)s1)C(=O)O,Thymidylate synthase
O=C(Oc1ccc2c3c(cccc13)C(=O)O2)c1ccco1,Thymidylate synthase
[H][C@@](CCC(=O)O)(NC(=O)c1ccc(N(CC#C)Cc2ccc3nc(Cl)cc(Cl)c3c2)cc1)C(=O)O,Thymidylate synthase
Cc1nc2ccc(CN(CCBr)c3ccc(C(=O)N[C@@H](CCC(=O)O)C(=O)O)cc3)cc2c(=O)[nH]1,Thymidylate synthase
Cc1cccc2c1C(=O)N(CCc1cccs1)C2=O,Thymidylate synthase
C#CCN(Cc1ccc2nc[nH]c(=O)c2c1)c1ccc(C(=O)N[C@@H](CCC(=O)O)C(=O)O)c(F)c1,Thymidylate synthase
Cc1nc2ccc(CN(CCO)c3cnc(C(=O)N[C@@H](CCC(=O)O)C(=O)O)s3)cc2c(=O)[nH]1,Thymidylate synthase
Nc1ccc2ccc3nc(N)nc(O)c3c2c1,Thymidylate synthase
Cc1ncc([N+](=O)[O-])n1CCSc1nnc(-c2ccc(C(C)C)cc2)o1,Thymidylate synthase
Cc1nc(O)c2c(Sc3ccccn3)cccc2n1,Thymidylate synthase
O=Cc1cn([C@@H]2O[C@H](CO)[C@@H](O)[C@@H]2F)c(=O)[nH]c1=O,Thymidylate synthase
Cc1nc(O)c2cc(CN(C)c3ccc(C(=O)N[C@@H](CCC(=O)O)C(=O)N(C)[C@@H](CCC(=O)O)C(=O)O)cc3)c(C)cc2n1,Thymidylate synthase
CCc1ccc2nc(C)nc(O)c2c1Sc1ccncc1,Thymidylate synthase
O=c1nc(NO)ccn1[C@H]1C[C@H](O)[C@@H](COP(=O)(O)O)O1,Thymidylate synthase
Cc1cc2nc(CO)nc(O)c2cc1CN(C)c1ccc(C(=O)NCc2cccc([N+](=O)[O-])c2)c(F)c1,Thymidylate synthase
Cc1nc(N)nc(O)c1N(CCN(C)c1ccc(C(=O)NC(CCC(=O)O)C(=O)O)cc1)Cc1cn([C@H]2C[C@H](O)[C@@H](COP(=O)(O)O)O2)c(=O)[nH]c1=O,Thymidylate synthase
Cc1ccc(-c2cn([C@H]3C[C@H](O)[C@@H](COP(=O)(O)O)O3)c(=O)[nH]c2=O)cc1,Thymidylate synthase
CC1(C)C=C(C(=O)NC/C=C/c2cn([C@H]3C[C@H](O)[C@@H](CO)O3)c(=O)[nH]c2=O)C(C)(C)N1[O],Thymidylate synthase
Cc1nc2ccc(CN(C)c3ccc(C(=O)N[C@@H](CCC(=O)O)C(=O)O)cn3)cc2c(=O)[nH]1,Thymidylate synthase
Nc1nc(O)c2c(n1)CCc1ccc(-c3ccccc3)cc1-2,Thymidylate synthase
O=c1[nH]c(=O)n([C@H]2C[C@H](O)[C@@H](COP(=O)(O)O)O2)cc1-c1ccccc1,Thymidylate synthase
CC1CN([C@H]2C[C@H](O)[C@@H](COP(=O)(O)O)O2)C(=O)NC1=O,Thymidylate synthase
CCN(CC)CCOC(=O)c1ccc(NS(=O)(=O)c2ccc(C(C)(C)C)cc2)cc1,Thymidylate synthase
C#CCN(Cc1ccc2nc(C)nc(O)c2c1)c1ccc(C(=O)N[C@H](CCC)C(=O)O)cc1,Thymidylate synthase
NC1=NC(=O)C2C(=N1)CCC(CNc1ccc(C(=O)NC(CCC(=O)O)C(=O)O)cc1)N2Cc1cn([C@H]2C[C@H](O)[C@@H](COP(=O)(O)O)O2)c(=O)[nH]c1=O,Thymidylate synthase
Cc1cn([C@@H]2O[C@H](COP(=O)(O)O)[C@@H](O)[C@@H]2O)c(=O)nc1N,Thymidylate synthase
O=C1OC(c2ccc(O)c(Cl)c2)(c2ccc(O)c(Cl)c2)c2ccc(Cl)c3cccc1c23.O=C1OC(c2ccc(O)c(Cl)c2)(c2ccc(O)c(Cl)c2)c2cccc3c(Cl)ccc1c23,Thymidylate synthase
CCN(Cc1ccc2nc(C)[nH]c(=O)c2c1)c1ccc(C(=O)N[C@@H](CCC(=O)O)C(=O)O)c([N+](=O)[O-])c1,Thymidylate synthase
CC(C)C[C@H](N)C(=O)N[C@@H](C)C(=O)N[C@@H](CS)C(=O)N[C@@H](CCC(N)=O)C(=O)N[C@@H](CC(C)C)C(=O)N[C@@H](Cc1ccc(O)cc1)C(=O)N[C@@H](CCC(N)=O)C(=O)N[C@@H](CCCNC(=N)N)C(=O)O,Thymidylate synthase
[H][C@@](CCC(=O)O)(NC(=O)c1ccc(N(C)Cc2ccc3nc(C)cc(Cl)c3c2)cc1)C(=O)O,Thymidylate synthase
C#CCN(Cc1ccc2nc(C)nc(O)c2c1)c1ccc(C(=O)NCc2ccccn2)cc1,Thymidylate synthase
C#CCN(Cc1ccc2nc(OC)[nH]c(=O)c2c1)c1ccc(C(=O)N[C@@H](CCC(=O)O)C(=O)O)cc1,Thymidylate synthase
[H][C@@](CCC(=O)O)(NC(=O)c1ccc(CN(C)c2ccc3nc(C)nc(O)c3c2)cc1)C(=O)O,Thymidylate synthase
O=c1nc(NO)c(Cl)cn1[C@H]1C[C@H](O)[C@@H](COP(=O)(O)O)O1,Thymidylate synthase
Cc1cccc2c1C(=O)N(c1cc(C(=O)O)cc(C(=O)O)c1)C2=O,Thymidylate synthase
C#CCN(Cc1ccc2nc(C)nc(O)c2c1)c1ccc(C(=O)N[C@@H](CCC(=O)N[C@@H](CCCC(=O)O)C(=O)O)C(=O)O)cc1,Thymidylate synthase
C#CCN(Cc1ccc2nc(C)nc(O)c2c1)c1ccc(C(=O)N[C@@H](CCC(=O)N[C@H](CCC(=O)O)C(=O)O)C(=O)O)cc1,Thymidylate synthase
C#CCN(Cc1ccc2nc(N)nc(O)c2c1)c1ccc(F)cc1,Thymidylate synthase
Nc1nc(O)c2c(n1)CCc1ccc(Cl)cc1-2,Thymidylate synthase
O=C1Nc2ccc(NCc3ccc(S(=O)(=O)c4ccccc4)cc3)c3cccc1c23,Thymidylate synthase
CC(C)C[C@H](NC(=O)[C@H](CCC(N)=O)NC(=O)[C@H](CS)NC(=O)[C@H](CO)NC(=O)[C@H](CC(C)C)NC(=O)[C@H](CCC(=O)O)NC(=O)[C@@H](N)CO)C(=O)N[C@@H](Cc1ccc(O)cc1)C(=O)O,Thymidylate synthase
CSc1ccc2c(c1)-c1c(O)nc(N)nc1CC2,Thymidylate synthase
COc1cc(Nc2nc3cc([N+](=O)[O-])cc([N+](=O)[O-])c3nc2-c2ccccc2)cc(OC)c1,Thymidylate synthase
Cc1nc(O)c2c(Sc3ccncc3)c(O)ccc2n1,Thymidylate synthase
COc1cc(Nc2nc3cc([N+](=O)[O-])cc([N+](=O)[O-])c3nc2-c2ccccc2)cc(OC)c1OC,Thymidylate synthase
CC(=O)c1ccc(N2C(=O)c3cccc(C)c3C2=O)cc1,Thymidylate synthase
C#CCN(Cc1cc2c(O)nc(C)nc2cc1C)c1ccc(C(=O)N[C@@H](CCC(=O)N[C@H](CCC(=O)O)C(=O)O)C(=O)O)cc1,Thymidylate synthase
C#CCN(Cc1ccc2nc(C)nc(O)c2c1)c1ccc(C(=O)NC(Cc2cccc([N+](=O)[O-])c2)C(=O)O)cc1,Thymidylate synthase
C#CCN(Cc1ccc2nc(C)nc(O)c2c1)c1cccc(C(C)O)c1,Thymidylate synthase
CN(Cc1ccc2nc(N)nc(O)c2n1)c1ccc(C(=O)N[C@@H](CCC(=O)O)C(=O)O)cc1,Thymidylate synthase
[H][C@@](CCC(=O)O)(NC(=O)c1ccc(N(CC#C)Cc2ccc3nc(C)ccc3c2)cc1)C(=O)O,Thymidylate synthase
C#CCN(Cc1ccc2nc(CSc3ncccn3)[nH]c(=O)c2c1)c1ccc(C(=O)N[C@@H](CCC(=O)O)C(=O)O)cc1,Thymidylate synthase
O=C1OC(=O)c2cc(NS(=O)(=O)/C=C/c3ccccc3)cc3cccc1c23,Thymidylate synthase
C#CCN(Cc1cc2c(O)nc(C)nc2cc1C)c1ccc(C(=O)NC(CCS(=O)(=O)NC(=O)c2ccccc2)C(=O)O)c(F)c1,Thymidylate synthase
[H][C@@](CCC(=O)O)(NC(=O)c1ccc(N(CC#C)Cc2ccc3nc(C(F)(F)F)cc(Cl)c3c2)cc1)C(=O)O,Thymidylate synthase
O=C1OC(c2ccc(O)cc2)(c2ccc(O)cc2)c2ccc([N+](=O)[O-])c3cccc1c23,Thymidylate synthase
Cc1cccc2c1CCc1nc(N)nc(O)c1-2,Thymidylate synthase
CCOc1cc2c(ccc3nc(N)nc(O)c32)cc1Br,Thymidylate synthase
Cc1cc(CN(C)c2ccc3c4c(ccc(C)c24)C(N)=N3)ccn1,Thymidylate synthase
C#CCN(Cc1ccc2nc(C)nc(O)c2c1)c1ccc(C(=O)NCc2ccccc2)cc1,Thymidylate synthase
O=c1[nH]c(=O)n([C@H]2C[C@H](O)[C@@H](OP(=O)(O)O)O2)cc1Cl,Thymidylate synthase
O=C(Oc1ccc2c3c(cccc13)C(=O)O2)c1ccc([N+](=O)[O-])cc1,Thymidylate synthase
C#CCN(Cc1cc2c(O)nc(C)nc2cc1C)c1ccc(C(=O)N[C@@H](CCC(=O)O)C(=O)N(CC#C)[C@@H](CCC(=O)O)C(=O)O)c(F)c1,Thymidylate synthase
Cc1cccc2c1C(=O)N(c1ccc(C(=O)O)c(O)c1)C2=O,Thymidylate synthase
Cc1cc(CN(C)c2ccc3c4c(cccc24)C(N)=N3)ccn1,Thymidylate synthase
O=C1OC(=O)c2ccc(SCCO)c3cccc1c23,Thymidylate synthase
Cc1nc2ccc(CN(CCF)c3ccc(C(=O)N[C@@H](CCC(=O)O)C(=O)O)cc3)cc2c(=O)[nH]1,Thymidylate synthase
O=C1OC(=O)c2cc(NS(=O)(=O)c3ccc([N+](=O)[O-])cc3)cc3cccc1c23,Thymidylate synthase
[H][C@](CCC(=O)NCc1ccccc1)(NC(=O)c1ccc(N(CC#C)Cc2ccc3nc(C)nc(O)c3c2)cc1)C(=O)O,Thymidylate synthase
C#CCN(Cc1cnc2nc(N)nc(O)c2c1)c1ccc(C(=O)NC(CCC(=O)O)C(=O)O)cc1,Thymidylate synthase
C#CCN(Cc1ccc2nc(C)nc(O)c2c1)c1ccc(C(=O)NC)cc1,Thymidylate synthase
O=C1OC(c2ccc(O)cc2)(c2ccc(O)cc2)c2ccc(Br)c3cccc1c23.O=C1OC(c2ccc(O)cc2)(c2ccc(O)cc2)c2cccc3c(Br)ccc1c23,Thymidylate synthase
NP(N)(=O)OC[C@H]1O[C@@H](n2cc(F)c(=O)[nH]c2=O)C[C@@H]1O,Thymidylate synthase
Nc1nc(O)c2c(n1)CCC(CNc1ccc(C(=O)NC(CCC(=O)O)C(=O)O)cc1)N2Cc1cn([C@H]2C[C@H](O)[C@@H](COP(=O)(O)O)O2)c(=O)[nH]c1=O,Thymidylate synthase
[H][C@@](CCC(=O)O)(NC(=O)c1ccc(N(CC#C)Cc2ccc3nc(C(=O)O)cc(Cl)c3c2)cc1)C(=O)O,Thymidylate synthase
CSc1ccc2ccc3nc(N)nc(O)c3c2c1,Thymidylate synthase
Nc1nc(O)c2c(ccc3cc(Cl)ccc32)n1,Thymidylate synthase
[H][C@@](CCC(=O)O)(NC(=O)c1ccc(NCc2ccc3nc(C)cc(Cl)c3c2)cc1)C(=O)O,Thymidylate synthase
C#CCN(Cc1ccc2ncnc(O)c2c1)c1ccc(C(=O)N[C@@H](CCC(=O)N[C@@H](CCC(=O)N[C@@H](CCC(=O)O)C(=O)O)C(=O)O)C(=O)O)cc1.O=C(O)C(F)(F)F,Thymidylate synthase
Cc1nc(O)c2c(ccc3ccc(Br)cc32)n1,Thymidylate synthase
C=CCN(Cc1ccc2ncnc(O)c2c1)c1ccc(C(=O)NC(CCC(=O)O)C(=O)O)cc1,Thymidylate synthase
Cc1ccc2nc(N)nc(O)c2c1Sc1ccnnc1,Thymidylate synthase
C#CCN(Cc1ccc2ncnc(O)c2c1)c1ccc(Cl)cn1,Thymidylate synthase
CN(Cc1ccc(S(=O)(=O)N2CCNCC2)cc1)c1ccc2c3c(cccc13)C(=O)N2,Thymidylate synthase
Cc1nc(O)c2c(n1)CCc1cc(F)ccc1-2,Thymidylate synthase
CCN(Cc1ccc2nc(C)[nH]c(=O)c2c1)c1ccc(C(=O)N[C@@H](CCC(=O)O)C(=O)O)c(N)c1,Thymidylate synthase
CCN(Cc1ccc2nc(C)[nH]c(=O)c2c1)c1ncc(C(=O)N[C@@H](CCC(=O)O)C(=O)O)s1,Thymidylate synthase
Cc1nc2ccc(CN(CCCO)c3ccc(C(=O)N[C@@H](CCC(=O)O)C(=O)O)c(F)c3)cc2c(=O)[nH]1,Thymidylate synthase
Cc1nc2ccc(CN(C)c3cnc(C(=O)N[C@@H](CCC(=O)O)C(=O)O)s3)cc2c(=O)[nH]1,Thymidylate synthase
C#CCN(Cc1cc2c(O)nc(C)nc2cc1C)c1ccc(C(=O)NC(CCCCCC(=O)NS(C)(=O)=O)C(=O)O)c(F)c1,Thymidylate synthase
Cc1ccc2nc(N)nc(O)c2c1Sc1ccc(C(=O)N[C@H](C(=O)O)c2cccc(O)c2)cc1,Thymidylate synthase
C#CCN(Cc1ccc2nc(C)nc(O)c2c1)c1ccc([S+]([O-])c2ccccc2)c(Cl)c1,Thymidylate synthase
Nc1nc(O)c2c(n1)CCc1cc(Cl)c(Cl)cc1-2,Thymidylate synthase
C#CCN(Cc1ccc2nc(C)nc(O)c2c1)c1ccc(C(=O)N[C@H](CCC(N)=O)C(=O)O)cc1,Thymidylate synthase
[H][C@](CCC(=O)NCCCC(=O)O)(NC(=O)c1ccc(N(CC#C)Cc2ccc3nc(C)nc(O)c3c2)cc1)C(=O)O,Thymidylate synthase
C#CCN(Cc1ccc2nc(C)nc(O)c2c1)c1ccc(Cl)cc1,Thymidylate synthase
C#CCN(Cc1ccc2nc(C)nc(O)c2c1)c1ccc([S+]([O-])c2ccccc2C)c(C(F)(F)F)c1,Thymidylate synthase
CCCN(Cc1ccc2nc(N)nc(O)c2c1)c1ccc(C(=O)NC(CCC(=O)O)C(=O)O)cc1,Thymidylate synthase
Cc1nc(O)c2c(ccc3cc(Br)ccc32)n1,Thymidylate synthase
C[C@@H](Sc1n[nH]c(=O)[nH]c1=O)C(=O)O,Thymidylate synthase
CC1=C(C)C(=O)C(c2cn([C@H]3C[C@H](O)[C@@H](COP(=O)(O)O)O3)c(=O)[nH]c2=O)=CC1=O,Thymidylate synthase
C#CCN(Cc1ccc2nc(C)nc(O)c2c1)c1ccc(C(=O)N[C@H](CCC(=O)N[C@H](CCC(=O)O)C(=O)O)C(=O)O)cc1.O=C(O)C(F)(F)F,Thymidylate synthase
Nc1nc(O)c2c(ccc3cc(Cl)c(Cl)cc32)n1,Thymidylate synthase
CN(CCCCCl)P(=O)(OCc1ccc([N+](=O)[O-])o1)OC[C@H]1O[C@@H](n2cc(F)c(=O)[nH]c2=O)C[C@@H]1O,Thymidylate synthase
[H][C@](CCC(=O)O)(NC(=O)c1ccc(N(C)Cc2ccc3nc(CO)nc(O)c3c2)s1)C(=O)O,Thymidylate synthase
[H][C@](CCC(=O)O)(NC(=O)c1ccc(N(C)Cc2ccc3nc(C)nc(O)c3c2)s1)C(=O)O,Thymidylate synthase
CCCCCn1c(=O)c(C(=O)Nc2ccc(N)cc2)c(O)c2ccccc21,Thymidylate synthase
C#CCN(Cc1cc2c(O)nc(C)nc2cc1C)c1ccc(C(=O)N[C@@H](CCCS(=O)(=O)NC(C)=O)C(=O)O)c(F)c1,Thymidylate synthase
Nc1nc(O)c2c(n1)NCC(CCNc1ccc(C(=O)NC(CCC(=O)O)C(=O)O)cc1)N2,Thymidylate synthase
COc1ccc(S(=O)(=O)c2ccc(CN3CCCc4cc5c(cc43)nc(N)n5C)cc2)cc1,Thymidylate synthase
[H][C@@](CCC(=O)O)(NC(=O)c1ccc(N(CC#C)Cc2ccc3nc(CC)cc(Cl)c3c2)cc1)C(=O)O,Thymidylate synthase
Nc1nc(O)c2c(ccc3c(N)cccc32)n1,Thymidylate synthase
Cc1nc2ccc(CN(C)c3ccc(C(=O)N[C@@H](CCC(=O)O)C(=O)O)cc3F)cc2c(=O)[nH]1,Thymidylate synthase
N#Cc1c(N)n(CCc2ccccc2F)c2nc3ccccc3nc12,Thymidylate synthase
CCN(Cc1ccc2nc(CF)[nH]c(=O)c2c1)c1ccc(C(=O)N[C@@H](CCC(=O)O)C(=O)O)cc1,Thymidylate synthase
COc1nc(O)c2cc(CN(CCF)c3ccc(C(=O)NC(CCC(=O)O)C(=O)O)cc3)ccc2n1,Thymidylate synthase
Cc1nc(O)c2c(ccc3ccc(I)cc32)n1,Thymidylate synthase
C#CCN(Cc1cc2c(O)nc(C)nc2cc1C)c1ccc(C(=O)N[C@@H](CCCS(=O)(=O)NC(=O)c2ccccc2)C(=O)O)c(F)c1,Thymidylate synthase
Cc1ccc2c3c(ccc(NCc4ccc(S(=O)(=O)c5ccccc5)cc4)c13)NC2=O,Thymidylate synthase
C#CCN(Cc1ccc2nc(C)nc(O)c2c1)c1ccc(C(=O)N[C@@H](C(=O)O)c2ccc(F)cc2)cc1,Thymidylate synthase
[H][C@@](CCC(=O)O)(NC(=O)c1ccc(N(CC#C)Cc2ccc3nc(C)cc(C)c3c2)cc1)C(=O)O,Thymidylate synthase
C=CCN(Cc1ccc2nc(C)[nH]c(=O)c2c1)c1ccc(C(=O)N[C@@H](CCC(=O)O)C(=O)O)cc1,Thymidylate synthase
C#CCN(Cc1ccc2nc(C)nc(O)c2c1)c1ccc(C(=O)N[C@H](CCC(=O)N[C@H](CCC(=O)O)C(=O)O)C(=O)O)cc1,Thymidylate synthase
C#CCN(Cc1cc2c(=O)n(C)c(CN3CCCCC3)nc2cc1Cl)c1ccc(C(=O)NCc2cccnc2)cc1,Thymidylate synthase
C#CCN(Cc1ccc2nc(C)nc(O)c2c1)c1ccc([S+]([O-])c2ccccc2)c(C(F)(F)F)c1,Thymidylate synthase
C#CCN(Cc1cc2c(O)nc(CN(C)C)nc2cc1C)c1ccc(C(=O)NCc2cccc([N+](=O)[O-])c2)c(F)c1,Thymidylate synthase
C#CCN(Cc1cc2c(O)nc(C)nc2cc1C)c1ccc(C(=O)N[C@H](C[S+]([O-])c2nn[nH]n2)C(=O)O)c(F)c1,Thymidylate synthase
O=c1[nH]c(=S)n(C2C[C@@H](OP(=O)(O)O)[C@@H](COP(=O)(O)O)O2)cc1F,Thymidylate synthase
C#CCN(Cc1ccc2nc(C)[nH]c(=O)c2c1)c1ccc(C(=O)N[C@@H](CCC(=O)O)C(=O)O)nc1,Thymidylate synthase
CN(Cc1ccc(S(=O)(=O)N2CCOCC2)cc1)c1ccc2c3c(cccc13)C(=O)N2,Thymidylate synthase
CC[C@H](Sc1n[nH]c(=O)[nH]c1=O)C(=O)O,Thymidylate synthase
Cc1cc2nc(CN(C)C)nc(O)c2cc1CN(C)c1ccc(C(=O)NCc2cccc([N+](=O)[O-])c2)c(F)c1,Thymidylate synthase
Nc1nc(O)c2cc(CSC[C@H]3O[C@@H](n4cnc5c(N)ncnc54)[C@H](O)[C@@H]3O)[nH]c2n1,Thymidylate synthase
C#CCN(Cc1ccc2nc(C)[nH]c(=O)c2c1)c1ccc(C(=O)N[C@@H](CCC(=O)O)C(=O)O)c(C(F)(F)F)c1,Thymidylate synthase
CC(C)C[C@H](N)C(=O)N[C@@H](CO)C(=O)N[C@H](CS)C(=O)N[C@@H](CCC(N)=O)C(=O)N[C@@H](CC(C)C)C(=O)N[C@@H](Cc1ccc(O)cc1)C(=O)N[C@@H](CCC(N)=O)C(=O)N[C@@H](CCCNC(=N)N)C(=O)O,Thymidylate synthase
C#CCN(Cc1ccc2nc(NCC)nc(O)c2c1)c1ccc(C(=O)NC(CCC(=O)O)C(=O)O)cc1,Thymidylate synthase
C#CCN(Cc1cc2c(O)nc(C)nc2cc1C)c1ccc(C(=O)N[C@@H](CCCS(=O)(=O)c2n[nH]c(O)n2)C(=O)O)c(F)c1,Thymidylate synthase
Nc1nc(O)c2c(n1)CCc1ccc(Br)cc1-2,Thymidylate synthase
C#CCN(Cc1cc2c(O)nc(C)nc2cc1C)c1ccc(C(=O)NC(CCCC(=O)NS(=O)(=O)c2ccccc2)C(=O)O)c(F)c1,Thymidylate synthase
C#CCN(Cc1cc2c(O)nc(CN(CCO)CCO)nc2cc1C)c1ccc(C(=O)NCc2cccc([N+](=O)[O-])c2)c(F)c1,Thymidylate synthase
COc1cc(Sc2c(C)ccc3nc(C)nc(O)c23)ccn1,Thymidylate synthase
C#CCN(Cc1ccc2nc(C)nc(O)c2c1)c1ccc(C(=O)N[C@@H](CCC(=O)N[C@@H](CCC(=O)O)C(=O)O)C(=O)O)cc1,Thymidylate synthase
[H][C@@](CCC(=O)O)(NC(=O)c1ccc2c(ccn2Cc2ccc3nc(C)nc(O)c3c2)c1)C(=O)O,Thymidylate synthase
C#CCN(Cc1ccc2nc(N)nc(O)c2n1)c1ccc(C(=O)NC(CCC(=O)O)C(=O)O)cc1,Thymidylate synthase
Cc1nc(O)c2c(ccc3c(Cl)cccc32)n1,Thymidylate synthase
O=C1OC(=O)c2cc(NS(=O)(=O)c3cccc([N+](=O)[O-])c3)cc3cccc1c23,Thymidylate synthase
O=Cc1cn([C@H]2C[C@H](O)[C@@H](COP(=O)(O)O)O2)c(=O)[nH]c1=O,Thymidylate synthase
[H][C@]1(n2cc(F)c(=O)[nH]c2=O)C[C@H](O)[C@@H](COP(=O)(n2ccnc2)n2ccnc2)O1,Thymidylate synthase
C#CCN(Cc1ccc2nc(C)nc(O)c2c1)c1ccc(C#N)cc1,Thymidylate synthase
CCN(Cc1ccc2nc(C)[nH]c(=O)c2c1)c1ccc(C(=O)N[C@@H](CCC(=O)O)C(=O)O)s1,Thymidylate synthase
CC(=O)CN(Cc1ccc2nc(C)[nH]c(=O)c2c1)c1ccc(C(=O)N[C@@H](CCC(=O)O)C(=O)O)cc1,Thymidylate synthase
COc1ccc2ccc3nc(N)nc(O)c3c2c1,Thymidylate synthase
C#CCN(Cc1ccc2nc(C)nc(O)c2c1)c1ccc(C(=O)N[C@@H](CCC(=O)NC(Cc2ccccc2)C(=O)O)C(=O)O)cc1.O=C(O)C(F)(F)F,Thymidylate synthase
Cc1ccc2c3c(ccc(N(C)Cc4ccc(S(=O)(=O)c5ccc([N+](=O)[O-])cc5)cc4)c13)N=C2N,Thymidylate synthase
Cc1cccc2c1C(=O)N(c1ccnc(Cl)c1)C2=O,Thymidylate synthase
C#CCN(Cc1ccc2nc(N)nc(O)c2c1)c1ccc(C(=O)O)cc1,Thymidylate synthase
C#CCN(Cc1ccc2nc(C)nc(O)c2c1)c1ccc(C(=O)NCc2ccoc2)cc1,Thymidylate synthase
COc1ccc2[nH]c3c(O)nncc3c2c1,Thymidylate synthase
Cc1nc(O)c2c(Sc3ccncc3)c(C)ccc2n1,Thymidylate synthase
C#CCN(Cc1ccc2nc(CO)[nH]c(=O)c2c1)c1ccc(C(=O)N[C@@H](CCC(=O)O)C(=O)O)cc1,Thymidylate synthase
CC(C)C[C@H](N)C(=O)N[C@@H](CO)C(=O)N[C@@H](CS)C(=O)N[C@@H](CCC(N)=O)C(=O)N[C@@H](CC(C)C)C(=O)N[C@@H](Cc1ccc(O)cc1)C(=O)N[C@@H](CCC(N)=O)C(=O)O,Thymidylate synthase
C#CCN(Cc1ccc2nc(-c3ccccc3)[nH]c(=O)c2c1)c1ccc(C(=O)N[C@@H](CCC(=O)O)C(=O)O)cc1,Thymidylate synthase
C#CCN(Cc1ccc2nc(COCCOC)nc(O)c2c1)c1ccc(C(=O)NCc2cccc([N+](=O)[O-])c2)cc1,Thymidylate synthase
[H][C@](CCC(=O)N[C@@]([H])(C(=O)O)c1ccccc1)(NC(=O)c1ccc(N(CC#C)Cc2ccc3nc(C)nc(O)c3c2)cc1)C(=O)O,Thymidylate synthase
[H][C@](CCC(N)=O)(NC(=O)CC[C@@]([H])(NC(=O)c1ccc(N(CC#C)Cc2ccc3nc(C)nc(O)c3c2)cc1)C(=O)O)C(=O)O,Thymidylate synthase
Cc1cccc2c1C(=O)N(c1cccc(C(=O)O)c1)C2=O,Thymidylate synthase
C#CCN(Cc1ccc2nc(C)nc(O)c2c1)c1ccc(C(=O)NCc2ccccc2[N+](=O)[O-])cc1,Thymidylate synthase
C#CCN(Cc1cc2c(O)nc(C)nc2cc1C)c1ccc(C(=O)NCc2ccccn2)c(F)c1,Thymidylate synthase
C#CCN(Cc1cc2c(O)nc(C)nc2cc1C)c1ccc(C(=O)N[C@@H](CCC(=O)N[C@H](CCC(=O)O)C(=O)O)C(=O)O)cc1.O=C(O)C(F)(F)F,Thymidylate synthase
O=c1[nH][nH]c(=O)c2nc3ccccc3nc12,Thymidylate synthase
O=c1[nH]c(=O)n([C@H]2C[C@H](O)[C@@H](COP(=O)(O)O)O2)cc1C#CCF,Thymidylate synthase
Nc1nc(S)c2cc(CNc3ccc(C(=O)O)cc3)ccc2n1,Thymidylate synthase
Clc1nc2ccccc2n2c(-c3ccccc3)nnc12,Thymidylate synthase
Nc1nc(O)c2c(ccc3c(Br)c(N)c(Br)cc32)n1,Thymidylate synthase
C#CCN(Cc1ccc2nc(CNC)nc(O)c2c1)c1ccc(C(=O)NCc2cccc([N+](=O)[O-])c2)cc1,Thymidylate synthase
O=C1OC(c2ccccc2)(c2ccccc2)c2cccc3cccc1c23,Thymidylate synthase
Cc1cccc2c1C(=O)N(c1cccc(O)c1)C2=O,Thymidylate synthase
C#CCN(Cc1ccc2nc(N)nc(O)c2c1)c1ccc(OC(F)(F)F)cc1,Thymidylate synthase
CNC1=Nc2ccc(N(C)Cc3ccnnc3)c3c(C)ccc1c23,Thymidylate synthase
Nc1nc(O)c2c(n1)CCc1cc(F)ccc1-2,Thymidylate synthase
C#CCN(Cc1ccc2nc(NCCO)nc(O)c2c1)c1ccc(C(=O)NC(CCC(=O)O)C(=O)O)cc1,Thymidylate synthase
C#CCN(Cc1cc2c(O)nc(C)nc2cc1C)c1ccc(C(=O)N[C@@H](CCC(=O)O)C(=O)N(C)[C@@H](CCC(=O)O)C(=O)O)c(F)c1,Thymidylate synthase
C#CCN(Cc1ccc2nc(N)nc(O)c2n1)c1ccc(C(=O)N[C@@H](CCC(=O)O)C(=O)O)cc1,Thymidylate synthase
Nc1nc2c(c(=O)[nH]1)N(Cc1cn([C@H]3C[C@H](O)[C@@H](COP(O)O)O3)c(=O)[nH]c1=O)C(CNc1ccc(C(=O)NC(CCC(=O)O)C(=O)O)cc1)CC2,Thymidylate synthase
COC(=O)[C@@H](NC(=O)c1ccc(Sc2c(C)ccc3nc(N)nc(O)c23)cc1)c1cccc(O)c1,Thymidylate synthase
C#CCN(Cc1ccc2nc(C)nc(O)c2c1)c1ccc(C(=O)N[C@@H](CCC(=O)N[C@@H](CCC(=O)O)C(=O)O)C(=O)O)cc1.O=C(O)C(F)(F)F,Thymidylate synthase
CC(C)C[C@H](N)C(=O)N[C@@H](CO)C(=O)N[C@@H](CS)C(=O)N[C@@H](CCC(N)=O)C(=O)N[C@@H](C)C(=O)N[C@@H](Cc1ccc(O)cc1)C(=O)N[C@@H](CCC(N)=O)C(=O)N[C@@H](CCCNC(=N)N)C(=O)O,Thymidylate synthase
CC1(C)CC(NC(=O)CSc2cn([C@H]3C[C@H](O)[C@@H](CO)O3)c(=O)[nH]c2=O)CC(C)(C)N1[O],Thymidylate synthase
CNc1nc(O)c2c(n1)CCc1ccccc1-2,Thymidylate synthase
Cc1ccc2ccc3nc(N)nc(O)c3c2c1,Thymidylate synthase
CC(C)C[C@H](N)C(=O)N[C@@H](CO)C(=O)N[C@@H](CS)C(=O)N[C@@H](CCC(N)=O)C(=O)N[C@@H](CC(C)C)C(=O)N[C@@H](Cc1ccc(O)cc1)C(=O)N[C@@H](C)C(=O)N[C@@H](CCCNC(=N)N)C(=O)O,Thymidylate synthase
CC(C)C[C@H](N)C(=O)N[C@@H](CO)C(=O)N[C@@H](CS)C(=O)N[C@@H](CCC(N)=O)C(=O)N[C@@H](CC(C)C)C(=O)N[C@@H](Cc1ccc(O)cc1)C(=O)N[C@H](CCC(N)=O)C(=O)N[C@@H](CCCNC(=N)N)C(=O)O,Thymidylate synthase
C#CCN(Cc1ccc2nc(N)nc(O)c2c1)c1ccc(C(=O)NC(CC)C(=O)OCC)cc1,Thymidylate synthase
COc1c(C)c(C)c(OC)c(-c2cn([C@H]3C[C@H](O)[C@@H](COP(=O)(O)O)O3)c(=O)[nH]c2=O)c1C,Thymidylate synthase
Cc1nc2ccc(CN(CCF)c3ccc(C(=O)N[C@@H](CCC(=O)O)C(=O)O)c(F)c3)cc2c(=O)[nH]1,Thymidylate synthase
O=C1OC(c2ccc(O)c(Cl)c2)(c2ccc(O)c(Cl)c2)c2ccccc21,Thymidylate synthase
Nc1nc(O)c2c(ccc3cc([N+](=O)[O-])cc([N+](=O)[O-])c32)n1,Thymidylate synthase
O=c1[nH]c(=O)n([C@@H]2O[C@H](CO)[C@@H](O)[C@@H]2F)cc1CF,Thymidylate synthase
CN(C)c1cccc2c(S(=O)(=O)Oc3ccc(C[C@H](NS(=O)(=O)c4cccc5cc([N+](=O)[O-])ccc45)C(=O)O)cc3)cccc12,Thymidylate synthase
[H][C@@](CCC(=O)O)(NC(=O)c1ccc(N(CC#C)Cc2ccc3nc(C)cc(Br)c3c2)cc1F)C(=O)O,Thymidylate synthase
Cc1nc(O)c2c(ccc3cc(F)ccc32)n1,Thymidylate synthase
[H][C@@](CCC(=O)O)(NC(=O)c1ccc(CNc2ccc3nc(C)nc(O)c3c2)s1)C(=O)O,Thymidylate synthase
C#CCN(Cc1ccc2nc(C)nc(O)c2c1)c1ccc(C(=O)NCCC)cc1,Thymidylate synthase
[H][C@](CCC(=O)O)(NC(=O)c1ccc(N(CC#C)Cc2ccc3nc(C)nc(O)c3c2)s1)C(=O)O,Thymidylate synthase
C#CCN(Cc1ccc2nc(C)nc(O)c2c1)c1ccc([S+]([O-])c2ccccc2)c(F)c1,Thymidylate synthase
C#CCN(Cc1ccc2nc(C)nc(O)c2c1)c1ccc([N+](=O)[O-])cc1,Thymidylate synthase
[H][C@](CCC(=O)O)(NC(=O)c1ccc(CNCc2c(C)[nH]c3nc(N)nc(O)c23)cc1)C(=O)O,Thymidylate synthase
C#CCN(Cc1ccc2nc(C)nc(O)c2c1)c1ccc(C(=O)N[C@@H](CCC(=O)O)C(=O)N(C)CC(=O)O)cc1,Thymidylate synthase
CN1C(=O)c2cccc(CNCCc3cccs3)c2C1=O,Thymidylate synthase
C#CCN(c1ccc(C(=O)N[C@@H](CCc2nnnn2CC(=O)N[C@H](C)C(=O)O)C(=O)O)cc1)C1CCc2cc3nc(C)nc(O)c3cc21,Thymidylate synthase
Cc1cc(N2C(=O)c3cccc(C)c3C2=O)ccc1N1C(=O)c2ccc(Cl)cc2C1=O,Thymidylate synthase
Cc1c(CNc2ccc(C(=O)NC(CCC(=O)O)C(=O)O)cc2)ccc2nc(N)nc(O)c12,Thymidylate synthase
CN1C(=O)c2cccc(CNc3cccc(S(N)(=O)=O)c3)c2C1=O,Thymidylate synthase
COc1ccc(S(=O)(=O)c2ccc(CN3CCCc4cc5c(cc43)nc(C)n5C)cc2)cc1,Thymidylate synthase
CNC1=Nc2ccc(N(C)Cc3ccnnc3)c3cccc1c23,Thymidylate synthase
Cc1nc(O)c2c(n1)CCc1ccccc1-2,Thymidylate synthase
CN(Cc1ccc2nc(N)nc(O)c2c1)c1ccc(C(=O)O)cc1,Thymidylate synthase
[H][C@@](CCC(=O)O)(NC(=O)c1ccc(N(CC#C)Cc2ccc3nc(OC)cc(Cl)c3c2)cc1)C(=O)O,Thymidylate synthase
Cc1nc(O)c2c(n1)CCc1cc([N+](=O)[O-])ccc1-2,Thymidylate synthase
CN(Cc1ccc2nc(N)nc(S)c2c1)c1ccc(C(=O)O)cc1,Thymidylate synthase
[H][C@](CCC(=O)NCCC(=O)O)(NC(=O)c1ccc(N(CC#C)Cc2ccc3nc(C)nc(O)c3c2)cc1)C(=O)O,Thymidylate synthase
C/C=C/C(=O)Oc1ccc2c3c(cccc13)C(=O)O2,Thymidylate synthase
CC1Cc2nc(N)nc(O)c2-c2ccc(Cl)cc21,Thymidylate synthase
CN(Cc1ccnc(Sc2ccccc2)c1)c1ccc2c3c(cccc13)C(N)=N2,Thymidylate synthase
C#CCN(Cc1cc2c(O)nc(C)nc2cc1C)c1ccc(C(=O)N[C@@H](CCC(=O)NS(=O)(=O)c2ccc(C)cc2)C(=O)O)c(F)c1,Thymidylate synthase
C#CCN(Cc1cc2c(O)nc(C)nc2cc1Br)c1ccc(C(=O)NCc2cccnc2)cc1,Thymidylate synthase
O=c1/c(=N/c2ccccc2)c2cccc3cccc1c32,Thymidylate synthase
C#CCN(Cc1ccc2nc(CN(C)C)nc(O)c2c1)c1ccc(C(=O)NCc2cccc([N+](=O)[O-])c2)cc1,Thymidylate synthase
[H][C@@](CCC(=O)O)(NC(=O)c1ccc(N(CC#C)Cc2ccc3nc(Cl)ccc3c2)cc1)C(=O)O,Thymidylate synthase
