smiles,targetname
Cn1c(=O)c2c(-c3ccccc3)n(-c3cccc(C#N)c3)cc2n(C)c1=O,"Histone-lysine N-methyltransferase, H3 lysine-9 specific 3"
NC(=O)COc1cccc2cccnc12,"Histone-lysine N-methyltransferase, H3 lysine-9 specific 3"
Cc1cccc(C(=O)NNC(=O)C2CCN(C(=O)OC(C)(C)C)CC2)c1,"Histone-lysine N-methyltransferase, H3 lysine-9 specific 3"
CCOc1ccc(Nc2nc(N3CCN(CCO)CC3)nc3c2cnn3-c2ccccc2)cc1,"Histone-lysine N-methyltransferase, H3 lysine-9 specific 3"
N#Cc1ccc(OCC(=O)Nc2ccc(N3CCCC3)cc2)cc1,"Histone-lysine N-methyltransferase, H3 lysine-9 specific 3"
COc1ccc(OC)c(C2C(C#N)=C(N)N(N(C)C)C3=C2C(=O)CC(C)(C)C3)c1,"Histone-lysine N-methyltransferase, H3 lysine-9 specific 3"
CC(C)CN(C(=O)c1ccc(S(=O)(=O)N2CCCCC2)cc1)C1CCS(=O)(=O)C1,"Histone-lysine N-methyltransferase, H3 lysine-9 specific 3"
Cc1ccc(S(=O)(=O)Cc2nnnn2-c2ccccc2)cc1,"Histone-lysine N-methyltransferase, H3 lysine-9 specific 3"
CCN(CC(=O)Nc1cc(Cl)ccc1C)C(=O)CN1C(=O)NC2(CCCC2)C1=O,"Histone-lysine N-methyltransferase, H3 lysine-9 specific 3"
CC1(c2ccc(OC(F)F)cc2)NC(=O)N(CC(=O)N2c3ccccc3NC(=O)C2(C)C)C1=O,"Histone-lysine N-methyltransferase, H3 lysine-9 specific 3"
O=C(NCCN1CCOCC1)C(=O)NCC1OCCN1C(=O)c1ccc(Cl)cc1,"Histone-lysine N-methyltransferase, H3 lysine-9 specific 3"
CCCOc1ccc(NC(=O)CC2C(=O)N(c3ccc(OC)cc3)C(=O)N2CCc2ccncc2)cc1,"Histone-lysine N-methyltransferase, H3 lysine-9 specific 3"
CN1CCN(C(CNC(=O)C(=O)NC2CCCC2)c2ccc(F)cc2)CC1,"Histone-lysine N-methyltransferase, H3 lysine-9 specific 3"
CN(CC(=O)Nc1ccccc1Cl)C(=O)c1ccccc1SCC(=O)N1CCCC1,"Histone-lysine N-methyltransferase, H3 lysine-9 specific 3"
Cc1ccc(CCCNC(=O)C2CCC(=O)N(Cc3cccc(F)c3)C2)cc1,"Histone-lysine N-methyltransferase, H3 lysine-9 specific 3"
COC(=O)c1ccc(NC(=O)CSc2nnc(CC(C)C)[nH]2)cc1,"Histone-lysine N-methyltransferase, H3 lysine-9 specific 3"
O=C(COc1ccc(F)cc1)Nc1ccc(S(=O)(=O)Nc2ncccn2)cc1,"Histone-lysine N-methyltransferase, H3 lysine-9 specific 3"
Cn1cc(-c2cc(C(=O)O)on2)cn1,"Histone-lysine N-methyltransferase, H3 lysine-9 specific 3"
COc1cc2c(NC3CCN(C4CC4)CC3)nc(N3CCC(F)(F)CC3)nc2cc1OCCCN1CCCC1,"Histone-lysine N-methyltransferase, H3 lysine-9 specific 3"
O=C(NCC1CCCN1S(=O)(=O)c1cccs1)c1cccc([N+](=O)[O-])c1,"Histone-lysine N-methyltransferase, H3 lysine-9 specific 3"
CCCCn1c(SCC(=O)NCc2ccco2)nc2c1c(=O)n(C)c(=O)n2C,"Histone-lysine N-methyltransferase, H3 lysine-9 specific 3"
Cc1nn(CC(=O)Nc2ccccn2)c(C)c1[N+](=O)[O-],"Histone-lysine N-methyltransferase, H3 lysine-9 specific 3"
CC(=O)NC(CCS(C)(=O)=O)C(=O)Nc1cc(C)ccc1C,"Histone-lysine N-methyltransferase, H3 lysine-9 specific 3"
CC1=CCC(C(=O)O)C(C(=O)O)C1,"Histone-lysine N-methyltransferase, H3 lysine-9 specific 3"
COc1ccc(NC(=O)C2CC(=O)OC23CCOC(C)(C)C3)cc1,"Histone-lysine N-methyltransferase, H3 lysine-9 specific 3"
O=C(O)CN1C(=O)NC2NC(=O)NC21,"Histone-lysine N-methyltransferase, H3 lysine-9 specific 3"
COc1cccc(NC(=O)C(c2ccccc2)N2CCNC(=O)C2)c1,"Histone-lysine N-methyltransferase, H3 lysine-9 specific 3"
COc1ccc(OC)c(Nc2ncc3c(n2)CCN(Cc2cc(OC)c(OC)c(OC)c2)C3)c1,"Histone-lysine N-methyltransferase, H3 lysine-9 specific 3"
[H][C@@]12C[C@]34SS[C@@](CO[Si](C)(C)C(C)(C)C)(C(=O)N3[C@]1([H])Nc1ccccc12)N(C)C4=O,"Histone-lysine N-methyltransferase, H3 lysine-9 specific 3"
CCCN(CCC)C(=O)Cn1c(=O)n(CCCCC(=O)NCc2ccco2)c(=O)c2ccccc21,"Histone-lysine N-methyltransferase, H3 lysine-9 specific 3"
O=C1c2ccccc2-c2onc3c(N4CCCC4)cc(NCCN4CCCC4)c1c23,"Histone-lysine N-methyltransferase, H3 lysine-9 specific 3"
Cc1[nH]c2ccccc2c1C(=O)C(=O)NC1CC(=O)N(c2ccc(F)cc2)C1,"Histone-lysine N-methyltransferase, H3 lysine-9 specific 3"
COCC(=O)NNS(=O)(=O)c1ccccc1[N+](=O)[O-],"Histone-lysine N-methyltransferase, H3 lysine-9 specific 3"
Cc1cccc(OCC(=O)OC(C)C(=O)Nc2ccc(S(=O)(=O)N3CCCCC3)cc2)c1,"Histone-lysine N-methyltransferase, H3 lysine-9 specific 3"
CCCCc1nnc(NC(=O)CCS(=O)(=O)Cc2ccccc2)s1,"Histone-lysine N-methyltransferase, H3 lysine-9 specific 3"
CCOc1ncccc1C(=O)OCC(=O)Nc1cc(C(=O)OC)ccc1C(=O)OC,"Histone-lysine N-methyltransferase, H3 lysine-9 specific 3"
CC1(C)Cc2c(cnn2-c2ccc(F)cc2)C(NC(=O)CN2CCCC2=O)C1,"Histone-lysine N-methyltransferase, H3 lysine-9 specific 3"
CCOC(=O)N1CCC(c2n[nH]c(O)c2C)CC1,"Histone-lysine N-methyltransferase, H3 lysine-9 specific 3"
O=C(NCC1(N2CCCCC2)CCCCC1)c1ccc(O)nc1,"Histone-lysine N-methyltransferase, H3 lysine-9 specific 3"
CN1CCCN(c2nc3c(c(NC4CCN(Cc5ccccc5)CC4)n2)CCC3)CC1,"Histone-lysine N-methyltransferase, H3 lysine-9 specific 3"
CCOCc1nnc(NC(=O)C2CC(=O)N(C3CCCC3)C2)s1,"Histone-lysine N-methyltransferase, H3 lysine-9 specific 3"
CCC(=O)N1CCc2cc(S(=O)(=O)NCCC(=O)Nc3ccc(C)cc3)ccc21,"Histone-lysine N-methyltransferase, H3 lysine-9 specific 3"
O=C(Nc1ccncc1)c1ccc(NS(=O)(=O)c2ccc3[nH]c(O)nc3c2)cc1,"Histone-lysine N-methyltransferase, H3 lysine-9 specific 3"
CCC(=O)Nc1ccnc(-c2cccnc2)n1,"Histone-lysine N-methyltransferase, H3 lysine-9 specific 3"
CS(=O)(=O)c1ccc(C(=O)N(Cc2ccccc2)c2ccccc2)cc1,"Histone-lysine N-methyltransferase, H3 lysine-9 specific 3"
CCOC(=O)N1CCN(C2CC(=O)N(c3ccccc3)C2=O)CC1,"Histone-lysine N-methyltransferase, H3 lysine-9 specific 3"
Cc1nnc(NC(=O)CSc2nnc(Cc3ccccc3)n2-c2ccccc2)s1,"Histone-lysine N-methyltransferase, H3 lysine-9 specific 3"
Cc1ccc(S(=O)(=O)n2cnc3ccccc32)c(C)c1,"Histone-lysine N-methyltransferase, H3 lysine-9 specific 3"
Cc1cc(SCC(=O)OCC(=O)N(C)C2CCS(=O)(=O)C2)c(C)cc1Br,"Histone-lysine N-methyltransferase, H3 lysine-9 specific 3"
CCCCN(C(=O)CCCc1nc(O)c2ccccc2n1)c1c(N)n(CCCC)c(=O)[nH]c1=O,"Histone-lysine N-methyltransferase, H3 lysine-9 specific 3"
CN1C(=O)C2(S)CCCN2C(=O)C1(S)CO,"Histone-lysine N-methyltransferase, H3 lysine-9 specific 3"
CCCN(Cc1nnc(-c2cccs2)o1)C(=O)CN1C(=O)NC2(CCCCC2)C1=O,"Histone-lysine N-methyltransferase, H3 lysine-9 specific 3"
CCOC(=O)c1nc(Nc2ccc(CN3CCC(C)CC3)cc2)c2c(C)noc2n1,"Histone-lysine N-methyltransferase, H3 lysine-9 specific 3"
CCOc1ccc(CCNC(=O)COC(=O)c2ccc(Br)o2)cc1OCC,"Histone-lysine N-methyltransferase, H3 lysine-9 specific 3"
CCOC(=O)C1=C(O)C(=O)N(CCCn2ccnc2)C1c1ccc(OC)cc1,"Histone-lysine N-methyltransferase, H3 lysine-9 specific 3"
COc1cc2c(NC3CCN(C(C)C)CC3)nc(N3CCCN(Cc4ccccc4)CC3)nc2cc1OCCCN1CCCC1,"Histone-lysine N-methyltransferase, H3 lysine-9 specific 3"
O=S(=O)(NC1CCCC1)c1ccc(-n2cnnn2)cc1,"Histone-lysine N-methyltransferase, H3 lysine-9 specific 3"
CCN(CC)CCC/C(=NO)C(O)(c1ccccc1)c1ccccc1,"Histone-lysine N-methyltransferase, H3 lysine-9 specific 3"
Cc1ccc(C)c(S(=O)(=O)N2CCN(C(=O)c3cccnc3)CC2)c1,"Histone-lysine N-methyltransferase, H3 lysine-9 specific 3"
Cc1nn(-c2ccccc2)c(C)c1NC(=O)COC(=O)c1ccc(Cl)c(S(N)(=O)=O)c1,"Histone-lysine N-methyltransferase, H3 lysine-9 specific 3"
CCCCNC(=O)CN(c1cccc(Br)c1)S(C)(=O)=O,"Histone-lysine N-methyltransferase, H3 lysine-9 specific 3"
COc1ccc(CN2CCN(C)CC2)cc1OCc1ccccc1,"Histone-lysine N-methyltransferase, H3 lysine-9 specific 3"
Cc1ccc(C(=O)C2=C(O)C(=O)N(C)C2c2ccc(Br)cc2)cc1,"Histone-lysine N-methyltransferase, H3 lysine-9 specific 3"
CC(C)CCNC(=O)NC(=O)Cn1cc(C(F)(F)F)ccc1=O,"Histone-lysine N-methyltransferase, H3 lysine-9 specific 3"
CCCCN(C(=O)C1CCCC1)c1c(N)n(CCC)c(=O)[nH]c1=O,"Histone-lysine N-methyltransferase, H3 lysine-9 specific 3"
CC(=O)c1cnc2c(-c3ccccc3)c(-c3ccccc3)nn2c1C,"Histone-lysine N-methyltransferase, H3 lysine-9 specific 3"
CCCCn1c(N)c(N(CC(C)C)C(=O)c2cccs2)c(=O)[nH]c1=O,"Histone-lysine N-methyltransferase, H3 lysine-9 specific 3"
O=C(NCc1ccco1)C(c1ccncc1)N(C(=O)Cn1nnc2ccccc21)c1ccccc1,"Histone-lysine N-methyltransferase, H3 lysine-9 specific 3"
CS(=O)(=O)N(CC(=O)N1CCCC1)c1cc(Cl)c(Cl)cc1Cl,"Histone-lysine N-methyltransferase, H3 lysine-9 specific 3"
O=S(=O)(c1ccccc1)N1CCN(C(=S)Nc2ccccc2)CC1,"Histone-lysine N-methyltransferase, H3 lysine-9 specific 3"
Cc1cc(NC(=O)C(C)SCC(=O)OC(C)C(=O)Nc2cccc(C#N)c2)no1,"Histone-lysine N-methyltransferase, H3 lysine-9 specific 3"
Cl.O=C(O)C1CCN(Cc2cccnc2)CC1,"Histone-lysine N-methyltransferase, H3 lysine-9 specific 3"
Cc1cnc(C(=O)N(CC(C)C)c2c(N)n(CC(C)C)c(=O)[nH]c2=O)cn1,"Histone-lysine N-methyltransferase, H3 lysine-9 specific 3"
COc1cccc(N(CC(=O)N2CCN(c3ccccc3OC)CC2)S(C)(=O)=O)c1,"Histone-lysine N-methyltransferase, H3 lysine-9 specific 3"
CCCCn1c(N)c(N(CCC(C)C)C(=O)CN2C(=O)C3CCCCC3C2=O)c(=O)[nH]c1=O,"Histone-lysine N-methyltransferase, H3 lysine-9 specific 3"
COc1ccccc1CNC(=O)C1CCCN(S(=O)(=O)c2c(C)nc(O)nc2O)C1,"Histone-lysine N-methyltransferase, H3 lysine-9 specific 3"
COc1ccc(C2(C)NC(=O)N(CC(=O)NC3(C#N)CCCCC3)C2=O)cc1,"Histone-lysine N-methyltransferase, H3 lysine-9 specific 3"
CC/N=C1S/C(=Cc2ccc(OC)c(OCC)c2)C(=O)N1CC,"Histone-lysine N-methyltransferase, H3 lysine-9 specific 3"
CS(=O)(=O)c1cccc(C(=O)N(CCc2ccccc2)Cc2cccs2)c1,"Histone-lysine N-methyltransferase, H3 lysine-9 specific 3"
Cc1ccc(S(=O)(=O)N(Cc2cccc(F)c2)C(=O)N2CCN(C)CC2)cc1,"Histone-lysine N-methyltransferase, H3 lysine-9 specific 3"
CCCCN(C(=O)c1cc(Cl)nc2ccccc12)c1c(N)n(Cc2ccccc2)c(=O)[nH]c1=O,"Histone-lysine N-methyltransferase, H3 lysine-9 specific 3"
Oc1ncc(COCC(F)(F)C(F)(F)C(F)(F)F)c(O)n1,"Histone-lysine N-methyltransferase, H3 lysine-9 specific 3"
Nc1n[nH]c(SCCN2C(=O)c3ccccc3C2=O)n1,"Histone-lysine N-methyltransferase, H3 lysine-9 specific 3"
COC(=O)CN(c1c(C)cccc1C)S(C)(=O)=O,"Histone-lysine N-methyltransferase, H3 lysine-9 specific 3"
Cn1c(SCC(=O)N2CC(=O)Nc3ccccc32)nnc1C(F)(F)F,"Histone-lysine N-methyltransferase, H3 lysine-9 specific 3"
CCN1CCN(c2ccc(S(=O)(=O)N3CCCCC3)cc2NC(=O)c2cccc(C)c2)CC1,"Histone-lysine N-methyltransferase, H3 lysine-9 specific 3"
CN1CCN(C(=O)C2CCCN(S(=O)(=O)c3ccc(Br)cc3)C2)CC1,"Histone-lysine N-methyltransferase, H3 lysine-9 specific 3"
CCC(=O)Nc1ccc(N2CCN(Cc3ccccc3F)CC2)cc1,"Histone-lysine N-methyltransferase, H3 lysine-9 specific 3"
Cc1cc(C)c2nc(Cl)c(Cl)nc2c1,"Histone-lysine N-methyltransferase, H3 lysine-9 specific 3"
COc1ccc(S(=O)(=O)NCC(c2ccco2)N2CCOCC2)cc1OC,"Histone-lysine N-methyltransferase, H3 lysine-9 specific 3"
O=C(c1ccccc1)C1CCN(C(=O)C2CCC(=O)N(Cc3ccccc3F)C2)CC1,"Histone-lysine N-methyltransferase, H3 lysine-9 specific 3"
CCC(C)NC(=O)CSc1ncccc1C(=O)O,"Histone-lysine N-methyltransferase, H3 lysine-9 specific 3"
CC(C)NC(=O)COc1coc(CN2CCN(c3cccc(Cl)c3)CC2)cc1=O,"Histone-lysine N-methyltransferase, H3 lysine-9 specific 3"
Cc1ccc(NC(=O)/C=C/C(=O)O)c(NC(=O)c2ccccc2)c1,"Histone-lysine N-methyltransferase, H3 lysine-9 specific 3"
Cc1cccc(C(=O)NC(C)C(=O)NC(c2nc3ccccc3[nH]2)C(C)C)c1,"Histone-lysine N-methyltransferase, H3 lysine-9 specific 3"
CN1CCN(C(=O)c2ccc(NS(=O)(=O)c3cccc([N+](=O)[O-])c3)cc2)CC1.Cl,"Histone-lysine N-methyltransferase, H3 lysine-9 specific 3"
CCN1CCN(c2ccccc2NC(=O)C(C)Oc2ccc(C(C)=O)cc2)CC1,"Histone-lysine N-methyltransferase, H3 lysine-9 specific 3"
COCCCNc1ncnc2c1nc1n2CCCC1,"Histone-lysine N-methyltransferase, H3 lysine-9 specific 3"
CN(C)CCNC(=O)Cn1ccc2cc(S(=O)(=O)N3CCCCC3)ccc21,"Histone-lysine N-methyltransferase, H3 lysine-9 specific 3"
COc1ccc(C2NC(=O)NC(C)=C2C(=O)OC2CCCCC2)cc1OC,"Histone-lysine N-methyltransferase, H3 lysine-9 specific 3"
Cc1ccc(CNC(=O)CSC2=Nc3ccccc3C3=NC(C)C(=O)N23)cc1,"Histone-lysine N-methyltransferase, H3 lysine-9 specific 3"
CCOC(=O)c1c(C)n(-c2ccccc2)c2ccc(OC(=O)c3cccc(C)c3)cc12,"Histone-lysine N-methyltransferase, H3 lysine-9 specific 3"
COc1cc2c(NC3CCN(C(C)C)CC3)nc(C3CCCCC3)nc2cc1OCCCN1CCC(F)(F)CC1,"Histone-lysine N-methyltransferase, H3 lysine-9 specific 3"
[H][C@]12Cc3c([nH]c4ccccc34)CN1C(=O)N(CCCC)C2=O,"Histone-lysine N-methyltransferase, H3 lysine-9 specific 3"
CC(=O)C1=C(O)C(=O)N(Cc2cccnc2)C1c1ccc(C)cc1,"Histone-lysine N-methyltransferase, H3 lysine-9 specific 3"
CN(CCCCCNC(=O)/C=N/O)Cc1ccccc1,"Histone-lysine N-methyltransferase, H3 lysine-9 specific 3"
Cc1nc(Cc2nnc(SCC(=O)N3CCN(c4ccccc4)CC3)o2)cs1,"Histone-lysine N-methyltransferase, H3 lysine-9 specific 3"
Cc1cccc(C)c1NC(=O)CSc1nnc(NC(=O)c2ccccc2C(=O)O)s1,"Histone-lysine N-methyltransferase, H3 lysine-9 specific 3"
CC1CC(=O)N(CC(=O)Nc2ccc(F)cc2F)c2ccccc2S1(=O)=O,"Histone-lysine N-methyltransferase, H3 lysine-9 specific 3"
CCOc1ccc(OCC(=O)OC(C)C(=O)Nc2ccc(Cl)cn2)cc1,"Histone-lysine N-methyltransferase, H3 lysine-9 specific 3"
[H][C@@]12SS[C@@]([H])(C(=O)N1Cc1ccccc1)N(Cc1ccccc1)C2=O,"Histone-lysine N-methyltransferase, H3 lysine-9 specific 3"
Cc1cccc(N2CCCn3c2nc2c3c(=O)[nH]c(=O)n2C)c1,"Histone-lysine N-methyltransferase, H3 lysine-9 specific 3"
CN(CC(=O)Nc1cccc(F)c1)CC(=O)N1CCCCC1,"Histone-lysine N-methyltransferase, H3 lysine-9 specific 3"
COC(=O)CSc1nc2sc3c(c2c(=O)n1Cc1ccccc1)CCC(C(C)(C)C)C3,"Histone-lysine N-methyltransferase, H3 lysine-9 specific 3"
Cc1cc(C)nc(SCC(=O)OC(C)C(=O)Nc2ccccc2)n1,"Histone-lysine N-methyltransferase, H3 lysine-9 specific 3"
COc1cc2c(NC3CCN(C(C)C)CC3)nc(N3CCCN(C(C)C)CC3)nc2cc1OCCCN1CCCC1,"Histone-lysine N-methyltransferase, H3 lysine-9 specific 3"
Cc1noc(C)c1CSCC(=O)Nc1ccccc1N1CCCCC1,"Histone-lysine N-methyltransferase, H3 lysine-9 specific 3"
COc1cc2nc(N3CCN(C)CC3)cc(NC3CCN(Cc4ccccc4)CC3)c2cc1OC,"Histone-lysine N-methyltransferase, H3 lysine-9 specific 3"
CN1CCN(c2nc(NC3CCN(Cc4ccccc4)CC3)c3ccsc3n2)CC1,"Histone-lysine N-methyltransferase, H3 lysine-9 specific 3"
C=CCOCC(O)CS(=O)(=O)Cc1ccc(Cl)cc1,"Histone-lysine N-methyltransferase, H3 lysine-9 specific 3"
O=S(=O)(Cc1ccccc1)N1CCN(Cc2c(F)cccc2Cl)CC1,"Histone-lysine N-methyltransferase, H3 lysine-9 specific 3"
CN1CCN(c2cc(NCCN3CCCC3)c3c4c(onc24)-c2ccccc2C3=O)CC1,"Histone-lysine N-methyltransferase, H3 lysine-9 specific 3"
COc1cc2c(NC3CCN(C(C)C)CC3)nc(N3CCS(=O)(=O)CC3)nc2cc1OCCCN1CCCC1,"Histone-lysine N-methyltransferase, H3 lysine-9 specific 3"
CN1CCN(c2cc(Nc3cccc(F)c3)c3c4c(onc24)-c2ccccc2C3=O)CC1,"Histone-lysine N-methyltransferase, H3 lysine-9 specific 3"
Cc1cccc(OCc2nnc(SCC(=O)c3c(N)n(C4CC4)c(=O)[nH]c3=O)o2)c1,"Histone-lysine N-methyltransferase, H3 lysine-9 specific 3"
Cc1ccc(C(=O)OCC(=O)NNC(=O)c2ccccc2)c(O)c1,"Histone-lysine N-methyltransferase, H3 lysine-9 specific 3"
COc1ccc(Nc2cc(N3CCCC3)c3noc4c3c2C(=O)c2ccccc2-4)cc1,"Histone-lysine N-methyltransferase, H3 lysine-9 specific 3"
Cc1ccc(NC(=O)CSc2ncccn2)cc1S(=O)(=O)N1CCCCC1,"Histone-lysine N-methyltransferase, H3 lysine-9 specific 3"
CCOC(=O)N1CCC(NC(=O)CN(c2ccc(C(C)C)cc2)S(=O)(=O)c2c(C)nn(C)c2C)CC1,"Histone-lysine N-methyltransferase, H3 lysine-9 specific 3"
Cc1cc(C(=O)NC2CCCc3c2cnn3-c2cc(F)cc(F)c2)nn1C,"Histone-lysine N-methyltransferase, H3 lysine-9 specific 3"
CCN(C(=O)CN1C(=O)c2ccccc2S1(=O)=O)C1CCCCC1,"Histone-lysine N-methyltransferase, H3 lysine-9 specific 3"
COC(=O)C1CCN(C(=O)COC(=O)CC(NC(C)=O)c2ccccc2)CC1,"Histone-lysine N-methyltransferase, H3 lysine-9 specific 3"
Cn1c(CCC(N)=O)nnc1SCC(=O)Nc1cc(S(=O)(=O)N2CCCC2)ccc1Cl,"Histone-lysine N-methyltransferase, H3 lysine-9 specific 3"
O=C(COC(=O)c1ccc(S(=O)(=O)N2CCCC2)cc1)Nc1cccc(F)c1,"Histone-lysine N-methyltransferase, H3 lysine-9 specific 3"
COc1cc2nc(NCCCN3CCCCCC3)n3nc(-c4ccccc4)nc3c2cc1OC,"Histone-lysine N-methyltransferase, H3 lysine-9 specific 3"
COc1cc2c(NC3CCN(C4CC4)CC3)nc(N3CCS(=O)(=O)CC3)nc2cc1OCCCN1CCCC1,"Histone-lysine N-methyltransferase, H3 lysine-9 specific 3"
O=C(CN1C(=O)NC2(CCCC2)C1=O)N1CCc2ccccc2C1,"Histone-lysine N-methyltransferase, H3 lysine-9 specific 3"
COc1ccc(CN2CCNC(=O)C2CC(=O)NCCc2nc(C)c(C)s2)c(OC)c1,"Histone-lysine N-methyltransferase, H3 lysine-9 specific 3"
COc1cc2c(cc1OCCCN1CC(F)C1)N=C(N)C21CCC1,"Histone-lysine N-methyltransferase, H3 lysine-9 specific 3"
CCC(C(=O)NCc1ccco1)n1nc(C)n2c(cc3occc32)c1=O,"Histone-lysine N-methyltransferase, H3 lysine-9 specific 3"
CCOC(=O)N1CCN(C(=O)c2cccc(NC(=O)c3ccco3)c2)CC1,"Histone-lysine N-methyltransferase, H3 lysine-9 specific 3"
O=C(CSc1nnc(-c2ccncc2)n1-c1ccccc1)Nc1ccc(F)cc1,"Histone-lysine N-methyltransferase, H3 lysine-9 specific 3"
CC(=O)Nc1cccc2c1[n+]([O-])c(C)c(C)[n+]2[O-],"Histone-lysine N-methyltransferase, H3 lysine-9 specific 3"
CC(C)c1nc(CNC(=O)C2CCC(=O)N(CCc3cccc(F)c3)C2)cs1,"Histone-lysine N-methyltransferase, H3 lysine-9 specific 3"
Cl.Cl.Clc1ccc(N2CC3CCC(C2)N3)nn1,"Histone-lysine N-methyltransferase, H3 lysine-9 specific 3"
Cl.Nc1nc(O)c2[nH]c(SCC(=O)N3CCCc4ccccc43)nc2n1,"Histone-lysine N-methyltransferase, H3 lysine-9 specific 3"
CC(C)(C)OC(=O)N1CCC(c2c(C(=O)N3CCN(c4ccccc4)CC3)cnn2-c2ccccc2)CC1,"Histone-lysine N-methyltransferase, H3 lysine-9 specific 3"
CCCCc1nc2cc(S(=O)(=O)O)ccc2[nH]1,"Histone-lysine N-methyltransferase, H3 lysine-9 specific 3"
CC(C)CN(C(=O)COC(=O)c1nc(Cl)ccc1Cl)c1c(N)n(Cc2ccccc2)c(=O)[nH]c1=O,"Histone-lysine N-methyltransferase, H3 lysine-9 specific 3"
COc1ccc(C(=O)C2=C(O)C(=O)N(CCCN(C)C)C2c2cccnc2)cc1,"Histone-lysine N-methyltransferase, H3 lysine-9 specific 3"
CCC1(C(=O)c2ccc(C)cc2)C2c3ccccc3OC(=O)C21C(=O)O,"Histone-lysine N-methyltransferase, H3 lysine-9 specific 3"
O=C(CCN1C(=O)C2CC=CCC2C1=O)Nc1ccc(S(=O)(=O)N2CCCCC2)cc1,"Histone-lysine N-methyltransferase, H3 lysine-9 specific 3"
CCOc1ccccc1N1CC(C(=O)N2CCc3ccccc32)CC1=O,"Histone-lysine N-methyltransferase, H3 lysine-9 specific 3"
CCc1cccc(Oc2nn[nH]n2)c1,"Histone-lysine N-methyltransferase, H3 lysine-9 specific 3"
CCOc1ccc2[nH]c(SCC(=O)N(CCOC)c3c(N)n(Cc4ccccc4)c(=O)[nH]c3=O)nc2c1,"Histone-lysine N-methyltransferase, H3 lysine-9 specific 3"
C[C@@H]1CC2C3CCC4=CC(=O)C=CC4(C)[C@@]3(F)[C@@H](O)CC2(C)[C@@]1(O)C(=O)CO,"Histone-lysine N-methyltransferase, H3 lysine-9 specific 3"
CCOc1ccc(OCCC(=O)OCC(=O)Nc2ccc(N3CCOCC3)cc2)cc1,"Histone-lysine N-methyltransferase, H3 lysine-9 specific 3"
Cc1cc(C)n(CC(=O)NNC(=O)C2CC(=O)N(Cc3ccccc3Cl)C2)n1,"Histone-lysine N-methyltransferase, H3 lysine-9 specific 3"
CCN1CCN(c2cc(Nc3ccccc3F)c3c4c(onc24)-c2ccccc2C3=O)CC1,"Histone-lysine N-methyltransferase, H3 lysine-9 specific 3"
CC(NC(=O)CN(C)CC(=O)Nc1ccc(F)c(F)c1F)c1ccccc1,"Histone-lysine N-methyltransferase, H3 lysine-9 specific 3"
CC[S+]([O-])c1ccccc1C(=O)OC(C)C(=O)Nc1ccc(S(=O)(=O)N2CCCC2)cc1,"Histone-lysine N-methyltransferase, H3 lysine-9 specific 3"
O=C(NC(=O)N1CCCCCC1)c1ccc(Cl)cc1,"Histone-lysine N-methyltransferase, H3 lysine-9 specific 3"
CSc1nnc2n(Cc3ccccc3)c(=O)c3c4c(sc3n12)COC(C(C)C)C4,"Histone-lysine N-methyltransferase, H3 lysine-9 specific 3"
O=C(Cn1ncn2c(cc3ccccc32)c1=O)NCCc1cccs1,"Histone-lysine N-methyltransferase, H3 lysine-9 specific 3"
COc1ccc(N2C(=O)c3ccccc3NC23C(=O)N(C)c2ccccc23)cc1,"Histone-lysine N-methyltransferase, H3 lysine-9 specific 3"
Cc1ccc(NC(=O)CN(C)C(=O)C2CC(=O)N(Cc3ccccc3)C2)cc1,"Histone-lysine N-methyltransferase, H3 lysine-9 specific 3"
O=C(C1CCOCC1)N1CCC(CO)(CCc2ccccc2)CC1,"Histone-lysine N-methyltransferase, H3 lysine-9 specific 3"
COc1cc2nc(N3CCN(c4ccccn4)CC3)nc(NC3CCN(Cc4ccccc4)CC3)c2cc1OC,"Histone-lysine N-methyltransferase, H3 lysine-9 specific 3"
Cc1onc(-c2ccncc2)c1C(=O)O,"Histone-lysine N-methyltransferase, H3 lysine-9 specific 3"
CSc1ccc(CN2CCC(n3nccc3NC(=O)C3CCOC3)CC2)cc1,"Histone-lysine N-methyltransferase, H3 lysine-9 specific 3"
CC(=O)N1CCc2cc(Br)cc(S(=O)(=O)N3CCCCC3)c21,"Histone-lysine N-methyltransferase, H3 lysine-9 specific 3"
CN(C)CCNc1cc(N2CCCC2)c2noc3c2c1C(=O)c1ccccc1-3,"Histone-lysine N-methyltransferase, H3 lysine-9 specific 3"
CCOC(=O)c1c(SCC(=O)Nc2cc(Cl)cc(Cl)c2)nc(=O)[nH]c1C,"Histone-lysine N-methyltransferase, H3 lysine-9 specific 3"
O=C(CSCc1ccc(Cl)cc1)NCC1CCCO1,"Histone-lysine N-methyltransferase, H3 lysine-9 specific 3"
CCCCn1c(N)c(N(CCOC)C(=O)c2nn(CC)c(=O)c3ccccc23)c(=O)[nH]c1=O,"Histone-lysine N-methyltransferase, H3 lysine-9 specific 3"
CCN1CCN(C(=O)CN(C)S(=O)(=O)c2ccc3ccccc3c2)CC1,"Histone-lysine N-methyltransferase, H3 lysine-9 specific 3"
COc1ccc(S(=O)(=O)N(CC(=O)Nc2ccccc2C(=O)N2CCOCC2)c2ccc(F)cc2)cc1,"Histone-lysine N-methyltransferase, H3 lysine-9 specific 3"
COc1ccc(N2CCN(C(=O)c3cc(NS(=O)(=O)c4ccc(F)cc4)ccn3)CC2)cc1,"Histone-lysine N-methyltransferase, H3 lysine-9 specific 3"
CCCn1c(N)c(N(CCOC)C(=O)COC(=O)CSc2cc(C)c3ccccc3n2)c(=O)[nH]c1=O,"Histone-lysine N-methyltransferase, H3 lysine-9 specific 3"
O=C(O)CSc1nnc(-c2cccnc2)n1Cc1ccccc1,"Histone-lysine N-methyltransferase, H3 lysine-9 specific 3"
Cc1cccc(-n2c3nc(=O)n(C)c(=O)c-3cc3c(Cl)cccc32)c1C,"Histone-lysine N-methyltransferase, H3 lysine-9 specific 3"
CC(=O)Nc1cccc(C(=O)OCC(=O)NNC(=O)c2ccc([N+](=O)[O-])cc2)c1,"Histone-lysine N-methyltransferase, H3 lysine-9 specific 3"
COc1ccc(OC)c2nc(O)c(CCNC(=O)CC(C)C)cc12,"Histone-lysine N-methyltransferase, H3 lysine-9 specific 3"
Cc1ccc(C)c(S(=O)(=O)N2CCN(C(=O)Cn3cnc4c3c(=O)n(C)c(=O)n4C)CC2)c1,"Histone-lysine N-methyltransferase, H3 lysine-9 specific 3"
CCN1CCN(c2cc(Nc3ccc(C)cc3)c3c4c(onc24)-c2ccccc2C3=O)CC1,"Histone-lysine N-methyltransferase, H3 lysine-9 specific 3"
COc1cc2c(NC3CCN(CC4CCCCC4)CC3)nc(N3CCCN(C(C)C)CC3)nc2cc1OCCCN1CCCCC1,"Histone-lysine N-methyltransferase, H3 lysine-9 specific 3"
Cc1ccc(NC(=O)CN(C)C(=O)CCOc2cccc(C)c2)cc1,"Histone-lysine N-methyltransferase, H3 lysine-9 specific 3"
CCN(CC)S(=O)(=O)c1ccc(N2CCCC2)c(NC(=O)c2ccc(N3CCCC3=O)cc2)c1,"Histone-lysine N-methyltransferase, H3 lysine-9 specific 3"
COc1ccc(S(=O)(=O)N2CCN(C(=O)Cc3ccsc3)CC2)cc1,"Histone-lysine N-methyltransferase, H3 lysine-9 specific 3"
O=C(O)CSc1cccc[n+]1[O-],"Histone-lysine N-methyltransferase, H3 lysine-9 specific 3"
O=C(N1CCOCC1)C(F)(F)C(F)(F)C(F)(F)C(F)(F)C(=O)N1CCOCC1,"Histone-lysine N-methyltransferase, H3 lysine-9 specific 3"
CCn1cc(S(=O)(=O)CC(=O)Nc2cccc(C)c2)c2ccccc21,"Histone-lysine N-methyltransferase, H3 lysine-9 specific 3"
CN(C)c1cc(Nc2ccc(C#N)cc2)c2c3c(onc13)-c1ccccc1C2=O,"Histone-lysine N-methyltransferase, H3 lysine-9 specific 3"
O=C(CCC(=O)NCc1ccccc1)NCc1ccccc1,"Histone-lysine N-methyltransferase, H3 lysine-9 specific 3"
COc1ccc(Nc2cc(N3CCN(c4ccccc4)CC3)c3noc4c3c2C(=O)c2ccccc2-4)cc1,"Histone-lysine N-methyltransferase, H3 lysine-9 specific 3"
CCOCCCNC(=O)C(NC(=O)c1cnccn1)c1ccc(OC)cc1,"Histone-lysine N-methyltransferase, H3 lysine-9 specific 3"
CN1CCN(N/C=C2C(=O)NC(=O)N(Cc3ccc(F)cc3)C2=O)CC1,"Histone-lysine N-methyltransferase, H3 lysine-9 specific 3"
NC(Cc1c[nH]c2ccccc12)C(=O)NCc1ccco1,"Histone-lysine N-methyltransferase, H3 lysine-9 specific 3"
CN1CCN(c2cc(NCCN3CCCCC3)c3c4c(onc24)-c2ccccc2C3=O)CC1,"Histone-lysine N-methyltransferase, H3 lysine-9 specific 3"
CC(C)COc1ccc(C(=O)Nc2ccc(N3CCOCC3)cc2N2CCOCC2)cc1,"Histone-lysine N-methyltransferase, H3 lysine-9 specific 3"
Cn1c(=O)c2c(n3ncnc13)NC(=O)CC2c1cccc(F)c1,"Histone-lysine N-methyltransferase, H3 lysine-9 specific 3"
Cc1ccc(NC(=O)CN(C)C(=O)c2ccc(OCc3c(C)noc3C)cc2)cc1,"Histone-lysine N-methyltransferase, H3 lysine-9 specific 3"
O=C(CCC(=O)N(CC(=O)NC1CCCCC1)c1ccc2c(c1)OCO2)Nc1ccccn1,"Histone-lysine N-methyltransferase, H3 lysine-9 specific 3"
O=C1CC(C(=O)N2CCOCC2)C2(CCCCC2)O1,"Histone-lysine N-methyltransferase, H3 lysine-9 specific 3"
O=C(O)c1ccc2c(c1)nc(NC(=O)c1ccccc1)n2CCCc1ccccc1,"Histone-lysine N-methyltransferase, H3 lysine-9 specific 3"
CC1CCN(S(=O)(=O)c2ccc3ncn(CC(=O)N4CCN(C)CC4)c(=O)c3c2)CC1,"Histone-lysine N-methyltransferase, H3 lysine-9 specific 3"
O=C(NCCCO)C(=O)Nc1c2c(nn1-c1ccccc1)CSC2,"Histone-lysine N-methyltransferase, H3 lysine-9 specific 3"
COc1cc(Cn2nnc3ccccc32)cc(Br)c1O,"Histone-lysine N-methyltransferase, H3 lysine-9 specific 3"
Cc1cc(C)n(CCNc2nc3nonc3nc2N2CCCCC2)n1,"Histone-lysine N-methyltransferase, H3 lysine-9 specific 3"
CCCCCC(=O)Nc1cc(S(=O)(=O)N2CCOCC2)ccc1N1CCN(C)CC1,"Histone-lysine N-methyltransferase, H3 lysine-9 specific 3"
COc1cc2nc(C(=O)N3CCC(C)CC3)cc(Nc3ccc(N(C)C)cc3)c2cc1OC,"Histone-lysine N-methyltransferase, H3 lysine-9 specific 3"
COc1ccc(C)cc1S(=O)(=O)N(CC(=O)N1CCOCC1)c1cc(C)cc(C)c1,"Histone-lysine N-methyltransferase, H3 lysine-9 specific 3"
COc1cccc(NC(=O)CN(C)C(=O)c2cccc(S(=O)(=O)Nc3ccccc3OC)c2)c1,"Histone-lysine N-methyltransferase, H3 lysine-9 specific 3"
C[N+]1(C)C2CCC1CC(OC(=O)C(CO)c1ccccc1)C2.O=[N+]([O-])[O-],"Histone-lysine N-methyltransferase, H3 lysine-9 specific 3"
CN(C(=O)COC(=O)c1cc(S(=O)(=O)N(C)C)ccc1Cl)C1CCS(=O)(=O)C1,"Histone-lysine N-methyltransferase, H3 lysine-9 specific 3"
N#Cc1ccc(C(=O)OCC(=O)N2CCCC2)cc1,"Histone-lysine N-methyltransferase, H3 lysine-9 specific 3"
Cc1ccc(CN2CCN(Cc3ccc(OCCO)cc3)CC2CCO)o1,"Histone-lysine N-methyltransferase, H3 lysine-9 specific 3"
COc1ccccc1NC(=O)N1CCN(C(=O)c2ccco2)CC1,"Histone-lysine N-methyltransferase, H3 lysine-9 specific 3"
COc1ccc(C2C(C(C)=O)=C(O)C(=O)N2CCN(C)C)cc1OC,"Histone-lysine N-methyltransferase, H3 lysine-9 specific 3"
CCOC(=O)Cn1c(O)c(N=NC(=O)OC)c2ccccc21,"Histone-lysine N-methyltransferase, H3 lysine-9 specific 3"
CCOC(=O)Cc1csc(NC(=O)CSc2nc3cccnc3n2CC)n1,"Histone-lysine N-methyltransferase, H3 lysine-9 specific 3"
CN(C(=O)CCc1nc(O)c2ccccc2n1)C1CCS(=O)(=O)C1,"Histone-lysine N-methyltransferase, H3 lysine-9 specific 3"
CCCC(=O)Nc1nnc(SCc2cc(=O)n3ccccc3n2)s1,"Histone-lysine N-methyltransferase, H3 lysine-9 specific 3"
C/C=C/c1ccc(OCC(=O)N(CCOC)c2c(N)n(CCCC)c(=O)[nH]c2=O)c(OC)c1,"Histone-lysine N-methyltransferase, H3 lysine-9 specific 3"
COc1cccc(CN(C)C(=O)CCNC2=NS(=O)(=O)c3ccccc32)c1OC,"Histone-lysine N-methyltransferase, H3 lysine-9 specific 3"
Cc1ccnc(NS(=O)(=O)c2ccc(N3C(=O)Nc4ccccc4N3O)cc2)c1,"Histone-lysine N-methyltransferase, H3 lysine-9 specific 3"
CN1CCN(c2nc(NC3CCN(Cc4ccccc4)CC3)c3cc4c(cc3n2)OCO4)CC1,"Histone-lysine N-methyltransferase, H3 lysine-9 specific 3"
Cc1nn(-c2cccc(F)c2)c2c1c(C)c(CCC(=O)N1CCOCC1)c(=O)n2C,"Histone-lysine N-methyltransferase, H3 lysine-9 specific 3"
Cc1ccc(C(=O)Nc2cccnc2N2CCN(C)CC2)cc1,"Histone-lysine N-methyltransferase, H3 lysine-9 specific 3"
O=C(NCC(=O)N(CCc1ccccc1)C(C(=O)NC1CCCC1)c1cccnc1)c1ccco1,"Histone-lysine N-methyltransferase, H3 lysine-9 specific 3"
COCCNC(=O)/C(C#N)=c1s/c(=Cc2ccccc2OC(F)F)c(=O)n1Cc1ccccc1,"Histone-lysine N-methyltransferase, H3 lysine-9 specific 3"
Cc1ccc(-n2c(=O)c3ccc(C(=O)NCc4ccco4)cc3n(Cc3ccccc3Cl)c2=O)cc1,"Histone-lysine N-methyltransferase, H3 lysine-9 specific 3"
CC(OC(=O)CCCNC1=NS(=O)(=O)c2ccccc21)C(=O)N(C)c1ccccc1,"Histone-lysine N-methyltransferase, H3 lysine-9 specific 3"
COc1ccc(C(=O)NCCCNC(=O)c2cnccn2)cc1Br,"Histone-lysine N-methyltransferase, H3 lysine-9 specific 3"
Cc1ccc(NC(=O)COC(=O)CCn2c(C)csc2=O)cc1S(=O)(=O)N1CCOCC1,"Histone-lysine N-methyltransferase, H3 lysine-9 specific 3"
CC(=O)Nc1c(I)c(C(=O)O)c(I)c(N(C)C(C)=O)c1I,"Histone-lysine N-methyltransferase, H3 lysine-9 specific 3"
CCCS(=O)(=O)N1CCN=C1SCc1ccc(F)cc1,"Histone-lysine N-methyltransferase, H3 lysine-9 specific 3"
Cc1ccc(C(=O)C(C)OC(=O)Cn2c(C)csc2=O)cc1,"Histone-lysine N-methyltransferase, H3 lysine-9 specific 3"
CCC1(C)Cc2c(sc(NC(=O)CCC(=O)O)c2C#N)CO1,"Histone-lysine N-methyltransferase, H3 lysine-9 specific 3"
O=C(O)CCn1[nH]c(=O)c2ccccc2c1=O,"Histone-lysine N-methyltransferase, H3 lysine-9 specific 3"
CC(C)C1Nc2ccc(C(=O)NCc3ccco3)cc2NC1=O,"Histone-lysine N-methyltransferase, H3 lysine-9 specific 3"
CC(=O)c1cccc(NC(=O)CN2C(=O)NC(C)(c3ccc4c(c3)OCCCO4)C2=O)c1,"Histone-lysine N-methyltransferase, H3 lysine-9 specific 3"
Cc1ccc(CN2CC(C(=O)N3CC=C(c4ccccc4)CC3)CC2=O)cc1,"Histone-lysine N-methyltransferase, H3 lysine-9 specific 3"
CC(C)[C@H](NC(=O)C1CC(=O)N(c2ccc3c(c2)OCCO3)C1)C(=O)NC1CCCC1,"Histone-lysine N-methyltransferase, H3 lysine-9 specific 3"
Oc1cc(O)c(Cl)cn1,"Histone-lysine N-methyltransferase, H3 lysine-9 specific 3"
Cc1ccc(S(=O)(=O)N2CCC(C(=O)N3CCCC3C(=O)N[C@@H](CC(C)C)C(=O)NCC(N)=O)CC2)cc1,"Histone-lysine N-methyltransferase, H3 lysine-9 specific 3"
CCN1CCN(c2ccc(S(=O)(=O)N3CCCCC3)cc2NC(=O)Cc2ccccc2F)CC1,"Histone-lysine N-methyltransferase, H3 lysine-9 specific 3"
Cc1cccc(OCCC(=O)Nc2nnc(C)s2)c1,"Histone-lysine N-methyltransferase, H3 lysine-9 specific 3"
COc1cccc(NC(=O)C2CCN(C(=O)[C@@H]3Cc4ccccc4CN3)CC2)c1,"Histone-lysine N-methyltransferase, H3 lysine-9 specific 3"
COc1ccc(NC(=O)CCC(=O)Nc2nnc(C3CCCCC3)s2)cc1,"Histone-lysine N-methyltransferase, H3 lysine-9 specific 3"
Cc1ccc(-c2cn3c(n2)sc2ccccc23)cc1,"Histone-lysine N-methyltransferase, H3 lysine-9 specific 3"
COc1ccc(CCNC(=O)CCC(=O)NC2CCCC(C)C2C)cc1OC,"Histone-lysine N-methyltransferase, H3 lysine-9 specific 3"
CC1CN(S(=O)(=O)c2cccc3cnccc23)CCN1.Cl.Cl,"Histone-lysine N-methyltransferase, H3 lysine-9 specific 3"
CCN(CC)CCN1C(=O)C(O)=C(C(=O)c2ccncc2)C1c1ccccc1F,"Histone-lysine N-methyltransferase, H3 lysine-9 specific 3"
CNCC(=O)NC(CCCN=C(N)N)C(=O)NC(C(=O)NC(Cc1ccc(O)cc1)C(=O)NC(C(=O)NC(Cc1c[nH]cn1)C(=O)N1CCCC1C(=O)NC(C)C(=O)O)C(C)C)C(C)C,"Histone-lysine N-methyltransferase, H3 lysine-9 specific 3"
COc1cc(CC(=O)OCC(=O)Nc2ccc(N3CCOCC3)cc2)cc(OC)c1OC,"Histone-lysine N-methyltransferase, H3 lysine-9 specific 3"
CC(=O)c1ccc(S(=O)(=O)N2CCN(CC(=O)NC(=O)NC3CCCCC3)CC2)cc1,"Histone-lysine N-methyltransferase, H3 lysine-9 specific 3"
O=C(CSc1nc2ccccc2nc1Cc1ccc(Cl)cc1)Nc1ccc2c(c1)OCO2,"Histone-lysine N-methyltransferase, H3 lysine-9 specific 3"
CSc1nc(NC(C)(C)C)nc(N2CCOCC2)n1,"Histone-lysine N-methyltransferase, H3 lysine-9 specific 3"
Cc1ccc(-c2ccc(=O)n(CC(=O)NCCN(CC(C)C)CC(C)C)n2)cc1,"Histone-lysine N-methyltransferase, H3 lysine-9 specific 3"
Cc1nn(C)cc1S(=O)(=O)Nc1ccc(C(F)(F)F)cc1,"Histone-lysine N-methyltransferase, H3 lysine-9 specific 3"
COc1ccc(OC)c(CNC(=O)c2ccc(C)c(NC(=O)C3=C(C)OCCS3)c2)c1,"Histone-lysine N-methyltransferase, H3 lysine-9 specific 3"
Nn1c(SCC(=O)NC2CCCc3ccccc32)nnc1-c1ccc(Cl)cc1Cl,"Histone-lysine N-methyltransferase, H3 lysine-9 specific 3"
COCCCNC(=O)c1ccccc1N(Cc1ccccc1)S(=O)(=O)c1ccccc1,"Histone-lysine N-methyltransferase, H3 lysine-9 specific 3"
O=C(Nc1cccc(Cl)c1)/C(=Cc1cccnc1)NC(=O)c1ccco1,"Histone-lysine N-methyltransferase, H3 lysine-9 specific 3"
COc1cc2cc(N)[nH]c2cc1OC,"Histone-lysine N-methyltransferase, H3 lysine-9 specific 3"
CS(=O)(=O)c1ccc(Cl)c(NC(=O)CCNC(=O)c2ccco2)c1,"Histone-lysine N-methyltransferase, H3 lysine-9 specific 3"
Cc1ccc(NC(=O)CSc2nnc(Cc3csc(C)n3)o2)c(C)c1,"Histone-lysine N-methyltransferase, H3 lysine-9 specific 3"
CC(C)N(Cc1nccn1C)C(=O)CC1C(=O)NCCN1Cc1ccc(F)c(F)c1,"Histone-lysine N-methyltransferase, H3 lysine-9 specific 3"
CN1CCCN(c2cc(NCCN3CCCC3)c3c4c(onc24)-c2ccccc2C3=O)CC1,"Histone-lysine N-methyltransferase, H3 lysine-9 specific 3"
COc1cc2c(cc1OC)C1(CCC1)C(N)=N2,"Histone-lysine N-methyltransferase, H3 lysine-9 specific 3"
CCCCOC(=O)c1ccc(NC(=O)CSc2nc3c(c(=O)[nH]2)CCCC3)cc1,"Histone-lysine N-methyltransferase, H3 lysine-9 specific 3"
[H][C@]12Cc3c(n(CO)c4ccccc34)CN1C(=O)N(CCCC)C2=O,"Histone-lysine N-methyltransferase, H3 lysine-9 specific 3"
[H][C@]12CCN3C(=O)CCC[C@]([H])(CC4=Nc5ccccc5C41)[C@@]32[H],"Histone-lysine N-methyltransferase, H3 lysine-9 specific 3"
CC(C)(C)OC(=O)CNC(=O)c1[nH]cnc1C(=O)N1CCN(C(=O)OC(C)(C)C)CC1,"Histone-lysine N-methyltransferase, H3 lysine-9 specific 3"
Cc1ccc(-n2c(=O)c3sccc3n(CC(=O)N3CCCC3)c2=O)cc1,"Histone-lysine N-methyltransferase, H3 lysine-9 specific 3"
Cc1ccc(NC(=O)CSCC(=O)Nc2ccc(S(=O)(=O)N3CCOCC3)cc2)cc1,"Histone-lysine N-methyltransferase, H3 lysine-9 specific 3"
CCCN1Cc2cccc(C(=O)Nc3ccc(C(C)=O)cc3)c2C1=O,"Histone-lysine N-methyltransferase, H3 lysine-9 specific 3"
CCN(CC)C(=O)Cn1cc(S(=O)(=O)CC(=O)NCCc2ccc(OC)c(OC)c2)c2ccccc21,"Histone-lysine N-methyltransferase, H3 lysine-9 specific 3"
COc1cc2c(NC3CCN(C(C)C)CC3)nc(N3CCCCCC3)nc2cc1OCCCN1CCCCC1,"Histone-lysine N-methyltransferase, H3 lysine-9 specific 3"
CCN(CC)CC#Cc1ccc(C)cc1.Cl,"Histone-lysine N-methyltransferase, H3 lysine-9 specific 3"
Cc1cc(C)cc(NC(=O)CSc2oc(-c3ccccc3)nc2S(=O)(=O)c2ccc(Cl)cc2)c1,"Histone-lysine N-methyltransferase, H3 lysine-9 specific 3"
Cc1cccc(NC(=O)NCC(c2cccnc2)N2CCOCC2)c1,"Histone-lysine N-methyltransferase, H3 lysine-9 specific 3"
CCCCC(=O)Nc1ccc(C(=O)NCC(=O)OC)cc1,"Histone-lysine N-methyltransferase, H3 lysine-9 specific 3"
Cc1ccc(S(=O)(=O)N(CC(O)CN2C(=O)NC(C)(C)C2=O)c2cccc(C)c2)cc1,"Histone-lysine N-methyltransferase, H3 lysine-9 specific 3"
Cc1cc(Nc2cc(C(=O)O)ccc2C)n2ncnc2n1,"Histone-lysine N-methyltransferase, H3 lysine-9 specific 3"
[H][C@]1(O)[C@]([H])(O)[C@@]([H])(O)[C@@]([H])(O)O[C@]1([H])CO.[H][C@]1(OCCO)O[C@]([H])(COCCO)[C@@]([H])(OCCO)[C@]([H])(OCCO)[C@@]1([H])OCCO,"Histone-lysine N-methyltransferase, H3 lysine-9 specific 3"
CSCC[C@H](NC(=O)C1CCN(C(=O)[C@@H](N)Cc2ccccc2)CC1)C(=O)O,"Histone-lysine N-methyltransferase, H3 lysine-9 specific 3"
CCc1nccn1CCC(=O)NC1CC(C)(C)Cc2c1cnn2-c1ccc(C)cc1,"Histone-lysine N-methyltransferase, H3 lysine-9 specific 3"
CCCCNC(=O)CC1S/C(=NCC)N(CC)C1=O,"Histone-lysine N-methyltransferase, H3 lysine-9 specific 3"
CN(C)c1cc(NCCCN2CCCC2)c2c3c(onc13)-c1ccccc1C2=O,"Histone-lysine N-methyltransferase, H3 lysine-9 specific 3"
CC(=O)Nc1ccc(S(=O)(=O)NC(C)c2ccncc2)cc1,"Histone-lysine N-methyltransferase, H3 lysine-9 specific 3"
O=C(CN1CCN(C(=O)C2CCCO2)CC1)Nc1ccc(Br)cc1,"Histone-lysine N-methyltransferase, H3 lysine-9 specific 3"
Cc1cc(C(=O)NNS(=O)(=O)c2ccccc2C(F)(F)F)nn1C(C)(C)C,"Histone-lysine N-methyltransferase, H3 lysine-9 specific 3"
CC(=O)NCc1ccc(-c2csc(NC(=O)CCCc3nc(O)c4ccccc4n3)n2)cc1,"Histone-lysine N-methyltransferase, H3 lysine-9 specific 3"
COc1ccc(N2CCN(C(=O)CNC(=O)c3cccc(Br)c3)CC2)cc1,"Histone-lysine N-methyltransferase, H3 lysine-9 specific 3"
CCc1n[nH]c(SCC(=O)Nc2c(C)n(C)n(-c3ccccc3)c2=O)n1,"Histone-lysine N-methyltransferase, H3 lysine-9 specific 3"
O=C(Nc1cccc(-n2cnnn2)c1)c1cccc(Cl)c1,"Histone-lysine N-methyltransferase, H3 lysine-9 specific 3"
CN(C)CCNc1cc(N(C)C)c2noc3c2c1C(=O)c1ccccc1-3,"Histone-lysine N-methyltransferase, H3 lysine-9 specific 3"
COc1ccc(/C=C/C(=O)OCC(=O)N2CCc3ccccc32)cc1,"Histone-lysine N-methyltransferase, H3 lysine-9 specific 3"
O=[N+]([O-])c1ccc([As](=O)(O)O)cc1,"Histone-lysine N-methyltransferase, H3 lysine-9 specific 3"
CCOc1ccccc1NC(=O)Nc1nnc(N(C)Cc2ccccc2)s1,"Histone-lysine N-methyltransferase, H3 lysine-9 specific 3"
COc1cc2c(NC3CCN(C)CC3)nc(N3CCCN(C)CC3)nc2cc1OCCCCNC(=O)OC(C)(C)C,"Histone-lysine N-methyltransferase, H3 lysine-9 specific 3"
CCN(CC)C(=O)Cn1cnc2c1c(=O)n(C)c(=O)n2C,"Histone-lysine N-methyltransferase, H3 lysine-9 specific 3"
COc1ccc(Cl)cc1NC(=O)c1cccc(-n2cnnn2)c1,"Histone-lysine N-methyltransferase, H3 lysine-9 specific 3"
CC(Sc1nnc(Cc2ccccc2)n1C)C(=O)NC1CC1,"Histone-lysine N-methyltransferase, H3 lysine-9 specific 3"
CC(C)Cc1nnc(NC(=O)CN2C(=O)NC3(CCCC3)C2=O)s1,"Histone-lysine N-methyltransferase, H3 lysine-9 specific 3"
COC(=O)c1ccccc1NC(=O)CN(c1ccc(Cl)cc1)S(=O)(=O)c1ccc(OC)cc1,"Histone-lysine N-methyltransferase, H3 lysine-9 specific 3"
CCOc1ccc(NC(=O)c2ccc3[nH]c(C)cc(=O)c3c2)cc1,"Histone-lysine N-methyltransferase, H3 lysine-9 specific 3"
CCC(=O)N1CCc2cc(Br)cc(S(=O)(=O)N3CCN(c4ccccc4)CC3)c21,"Histone-lysine N-methyltransferase, H3 lysine-9 specific 3"
COc1ccc(C(OCC2CO2)c2ccc(OC)cc2)cc1,"Histone-lysine N-methyltransferase, H3 lysine-9 specific 3"
CCOc1ccc(Cn2c(CNS(=O)(=O)c3cccs3)nc3cccnc32)cc1,"Histone-lysine N-methyltransferase, H3 lysine-9 specific 3"
CCOc1ccccc1NC(=O)CCn1cccc1,"Histone-lysine N-methyltransferase, H3 lysine-9 specific 3"
COc1cc2c(NC3CCN(C4CCCCC4)CC3)nc(N3CCCN(C)CC3)nc2cc1OCCCN1CCCCC1,"Histone-lysine N-methyltransferase, H3 lysine-9 specific 3"
N=C(NOS(=O)(=O)c1cc(Cl)ccc1Cl)c1ccncc1,"Histone-lysine N-methyltransferase, H3 lysine-9 specific 3"
COc1ccccc1-c1nnc(SCC(=O)NC2CCS(=O)(=O)C2)n1N,"Histone-lysine N-methyltransferase, H3 lysine-9 specific 3"
O=C(Nc1ccccc1C(=O)N1CCOCC1)c1ccc(Br)cc1,"Histone-lysine N-methyltransferase, H3 lysine-9 specific 3"
COc1cc(S(=O)(=O)NCC(c2ccco2)N2CCCCC2)ccc1NC(C)=O.Cl,"Histone-lysine N-methyltransferase, H3 lysine-9 specific 3"
O=C(CN1C(=O)NC(Cc2ccccc2)C1=O)Nc1ccccc1OC(F)F,"Histone-lysine N-methyltransferase, H3 lysine-9 specific 3"
CN(c1nnc(NC(=O)Nc2ccc(Br)cc2)s1)C1CCCCC1,"Histone-lysine N-methyltransferase, H3 lysine-9 specific 3"
CC(C)C[C@@H](CO)N1CCN(CCc2ccccc2)CCC1=O,"Histone-lysine N-methyltransferase, H3 lysine-9 specific 3"
[H][C@](O)(CNC(C)(C)C)CSc1nc(-c2ccc(C(N)=O)s2)cs1,"Histone-lysine N-methyltransferase, H3 lysine-9 specific 3"
Cc1cc(C)cc(-c2nnc(SCC(=O)c3c(N)n(C4CC4)c(=O)[nH]c3=O)o2)c1,"Histone-lysine N-methyltransferase, H3 lysine-9 specific 3"
CCn1c(CC(=O)Nc2ccc(F)cc2)nnc1SCC(=O)NC1CCCC1,"Histone-lysine N-methyltransferase, H3 lysine-9 specific 3"
COc1ccc(CCC(=O)NNC(=O)Nc2ccc(C(C)=O)cc2)cc1,"Histone-lysine N-methyltransferase, H3 lysine-9 specific 3"
CCOc1nn(-c2ccc(Cl)cc2)c(O)c1/C=N/c1ccc(C)cc1,"Histone-lysine N-methyltransferase, H3 lysine-9 specific 3"
CCOC(=O)c1cnc(SCc2nc(N)nc(Nc3ccccc3OC)n2)nc1N,"Histone-lysine N-methyltransferase, H3 lysine-9 specific 3"
C=CCN1C(=O)c2ccc(C(=O)N3CCN(S(=O)(=O)c4cccc(F)c4)CC3)cc2C1=O,"Histone-lysine N-methyltransferase, H3 lysine-9 specific 3"
CCOc1ccc(NC(=O)CN(C)C(=O)CSc2ccccc2)cc1OCC,"Histone-lysine N-methyltransferase, H3 lysine-9 specific 3"
Cc1ccc(C(=O)NCCc2ccc(S(N)(=O)=O)cc2)cc1-n1cnc2cccnc21,"Histone-lysine N-methyltransferase, H3 lysine-9 specific 3"
COc1ccc(NC(=O)CN(C)C(=O)CN2C(=O)C3CCCCC3C2=O)cc1,"Histone-lysine N-methyltransferase, H3 lysine-9 specific 3"
O=C1OCC2=C1C(c1ccc(F)cc1)CC(=O)N2c1ccccc1,"Histone-lysine N-methyltransferase, H3 lysine-9 specific 3"
CC(=O)c1ccc(NC2=NC(=O)C(CO)(CO)S2)cc1,"Histone-lysine N-methyltransferase, H3 lysine-9 specific 3"
CN(C(=O)CSc1nnc(-c2ccncc2)n1Cc1ccccc1)C1CCS(=O)(=O)C1,"Histone-lysine N-methyltransferase, H3 lysine-9 specific 3"
Cc1ccccc1OCC(O)Cn1c(N2CCCCC2)nc2c1c(=O)[nH]c(=O)n2C,"Histone-lysine N-methyltransferase, H3 lysine-9 specific 3"
CCC(=O)N1c2ccc(S(=O)(=O)N3CCCC3)cc2CC1C,"Histone-lysine N-methyltransferase, H3 lysine-9 specific 3"
COC(=O)C1=C(N)Oc2cc(C)nc(O)c2C1c1ccncc1,"Histone-lysine N-methyltransferase, H3 lysine-9 specific 3"
CCN(C(=O)CN1C(=O)c2ccc([N+](=O)[O-])cc2C1=O)C1CCS(=O)(=O)C1,"Histone-lysine N-methyltransferase, H3 lysine-9 specific 3"
CCCNC(=O)Nc1ccccc1C(=O)Nc1ccc(OC)cc1,"Histone-lysine N-methyltransferase, H3 lysine-9 specific 3"
O=C(Cn1ncn2c(cc3cc(F)ccc32)c1=O)NC1CCCCC1,"Histone-lysine N-methyltransferase, H3 lysine-9 specific 3"
COc1ccc(Cc2nnc(NC(=O)Nc3ccc(F)cc3)s2)cc1,"Histone-lysine N-methyltransferase, H3 lysine-9 specific 3"
CC(OC(=O)CCCNC1=NS(=O)(=O)c2ccccc21)C(=O)Nc1ccccc1[N+](=O)[O-],"Histone-lysine N-methyltransferase, H3 lysine-9 specific 3"
Cc1cccc(C(=O)NCc2nnc(SCC(=O)Nc3nnc(C)s3)n2C)c1,"Histone-lysine N-methyltransferase, H3 lysine-9 specific 3"
CC(C)OCCCNC(=O)c1ccc(CS(=O)(=O)Cc2ccccc2F)o1,"Histone-lysine N-methyltransferase, H3 lysine-9 specific 3"
O=C1OCc2ccc(NC(=O)C3CCCCC3)cc21,"Histone-lysine N-methyltransferase, H3 lysine-9 specific 3"
N#Cc1ccccc1S(=O)(=O)N1CCN(C(=O)CN2CCCC2c2cccs2)CC1,"Histone-lysine N-methyltransferase, H3 lysine-9 specific 3"
O=C(COc1ccc(Cl)cc1)Nc1cc2c3c(c1)CC(=O)N3CCC2,"Histone-lysine N-methyltransferase, H3 lysine-9 specific 3"
O=C1CCCc2nc(N3CCCCC3)nc(Nc3ccccc3)c21,"Histone-lysine N-methyltransferase, H3 lysine-9 specific 3"
CCCCN1C(=O)C(=O)N(CC(=O)Nc2cccc(C(C)=O)c2)C1=O,"Histone-lysine N-methyltransferase, H3 lysine-9 specific 3"
CCOCCCNC(=O)c1cc2c(=O)n(C)c3ccccc3c2n1C,"Histone-lysine N-methyltransferase, H3 lysine-9 specific 3"
COc1ccc2sc(N(Cc3cccnc3)C(=O)COc3ccccc3)nc2c1,"Histone-lysine N-methyltransferase, H3 lysine-9 specific 3"
Cc1cnc(C(=O)OCC(=O)N(C)CC(=O)Nc2ccccc2Cl)cn1,"Histone-lysine N-methyltransferase, H3 lysine-9 specific 3"
CCCN(C(=O)CSCC(=O)Nc1ccc(OC)cc1)c1c(N)n(Cc2ccccc2)c(=O)[nH]c1=O,"Histone-lysine N-methyltransferase, H3 lysine-9 specific 3"
CC[N+](C)(CC)CC(O)COCC1COc2ccccc2O1.[I-],"Histone-lysine N-methyltransferase, H3 lysine-9 specific 3"
O=S(=O)(NCc1nnc2ccccn12)c1ccc(F)cc1,"Histone-lysine N-methyltransferase, H3 lysine-9 specific 3"
CC(OC(=O)c1ccccc1C(=O)N(C)C1CCCCC1)C(=O)NC1(C#N)CCCCC1,"Histone-lysine N-methyltransferase, H3 lysine-9 specific 3"
COc1ccc(Cc2nnnn2CC(=O)O)cc1,"Histone-lysine N-methyltransferase, H3 lysine-9 specific 3"
COc1cccc(NC(=O)CN(C)C(=O)CSc2ccc3c(c2)OCCO3)c1,"Histone-lysine N-methyltransferase, H3 lysine-9 specific 3"
CCCCCSc1ncccc1C(=O)O,"Histone-lysine N-methyltransferase, H3 lysine-9 specific 3"
O=C(NCCn1cccn1)c1cc(COc2c(F)cccc2F)on1,"Histone-lysine N-methyltransferase, H3 lysine-9 specific 3"
Cc1c(NC(=O)c2cccc(NC(=O)Cc3ccc(F)cc3)c2)c(=O)n(-c2ccccc2)n1C,"Histone-lysine N-methyltransferase, H3 lysine-9 specific 3"
COc1ccc(Cc2nnc(SCC(=O)Nc3ccccc3C#N)o2)cc1,"Histone-lysine N-methyltransferase, H3 lysine-9 specific 3"
O=C(CSc1cccc[n+]1[O-])Nc1cccc(S(=O)(=O)NC2=NCCCCC2)c1,"Histone-lysine N-methyltransferase, H3 lysine-9 specific 3"
CCC(C)N1CCNCC1.Cl,"Histone-lysine N-methyltransferase, H3 lysine-9 specific 3"
CC(=O)N1CCN(S(=O)(=O)c2cccc(C(=O)OCC(=O)N(CCC#N)c3ccc(F)cc3)c2)CC1,"Histone-lysine N-methyltransferase, H3 lysine-9 specific 3"
COCCn1c(C)nnc1SCC(=O)NNC(=O)c1ccc(Cl)cc1,"Histone-lysine N-methyltransferase, H3 lysine-9 specific 3"
CC(C)CN(C(=O)COC(=O)CNC(=O)c1ccccc1)c1c(N)n(Cc2ccccc2)c(=O)[nH]c1=O,"Histone-lysine N-methyltransferase, H3 lysine-9 specific 3"
O=C(COC(=O)CNC(=O)c1ccc(Cl)cc1Cl)NC(=O)NCc1ccccc1,"Histone-lysine N-methyltransferase, H3 lysine-9 specific 3"
COc1cccc(NC(=O)C(CCSC)NC(=O)C2CCC(C)CC2)c1,"Histone-lysine N-methyltransferase, H3 lysine-9 specific 3"
CCOc1ccc(-c2cn3c(n2)sc2cc(C(=O)NCCCc4ccccc4)ccc23)cc1,"Histone-lysine N-methyltransferase, H3 lysine-9 specific 3"
CCN(C(=O)COC(=O)CCC1CCCC1)c1c(N)n(Cc2ccccc2)c(=O)[nH]c1=O,"Histone-lysine N-methyltransferase, H3 lysine-9 specific 3"
CC(=O)OCC(N)C(=O)c1ccccc1,"Histone-lysine N-methyltransferase, H3 lysine-9 specific 3"
Cc1cccc(C)c1NC(=O)c1sccc1SCC#N,"Histone-lysine N-methyltransferase, H3 lysine-9 specific 3"
O=C(CCNS(=O)(=O)c1ccc(Cl)cc1)N1CCCC1,"Histone-lysine N-methyltransferase, H3 lysine-9 specific 3"
COc1ccc(NS(=O)(=O)c2cn(C)nc2C)cc1,"Histone-lysine N-methyltransferase, H3 lysine-9 specific 3"
O=C(NNS(=O)(=O)c1ccc(F)cc1)c1ccc2c(c1)OCO2,"Histone-lysine N-methyltransferase, H3 lysine-9 specific 3"
COc1cc(C#N)ccc1OC(=O)Cc1cc(OC)c(OC)c(OC)c1,"Histone-lysine N-methyltransferase, H3 lysine-9 specific 3"
COc1cc2c(NC3CCN(C(C)C)CC3)nc(N3CCOCC3)nc2cc1OCCCN1CCCC1,"Histone-lysine N-methyltransferase, H3 lysine-9 specific 3"
Cc1cc2nc(NC3=NCN(Cc4ccc5c(c4)OCO5)CN3)nc(C)c2cc1C,"Histone-lysine N-methyltransferase, H3 lysine-9 specific 3"
C/C(=C1/SC(N2CCOCC2)=NC1=O)c1ccc(Cl)cc1,"Histone-lysine N-methyltransferase, H3 lysine-9 specific 3"
CC(OC(=O)C(C)Oc1ccccc1)C(=O)Nc1ccc(S(=O)(=O)N2CCCCC2)cc1,"Histone-lysine N-methyltransferase, H3 lysine-9 specific 3"
Cc1nn(-c2cc(N(S(C)(=O)=O)S(C)(=O)=O)c(Cl)cc2Cl)c(=O)n1C,"Histone-lysine N-methyltransferase, H3 lysine-9 specific 3"
CC1(C(=O)CSc2nc3ccccc3[nH]2)CCC(=O)O1,"Histone-lysine N-methyltransferase, H3 lysine-9 specific 3"
O=C(CSc1nnc(-c2ccncc2)n1CC1CCCO1)Nc1nccs1,"Histone-lysine N-methyltransferase, H3 lysine-9 specific 3"
Cc1cccnc1NC(=O)CCCN1C(=O)c2ccccc2C1=O,"Histone-lysine N-methyltransferase, H3 lysine-9 specific 3"
Cc1ccc(C)c(S(=O)(=O)N2CCCOC2CNC(=O)C(=O)NC2CCCC2)c1,"Histone-lysine N-methyltransferase, H3 lysine-9 specific 3"
Cn1c(=O)c2c(O)cc(O)nc2n(-c2ccccc2)c1=O,"Histone-lysine N-methyltransferase, H3 lysine-9 specific 3"
Cc1cccc(NC(=O)CN2C(=O)NC(Cc3ccccc3)C2=O)c1,"Histone-lysine N-methyltransferase, H3 lysine-9 specific 3"
CC(C)C(NS(=O)(=O)c1ccc(Br)s1)C(=O)O,"Histone-lysine N-methyltransferase, H3 lysine-9 specific 3"
COc1cc2nc(N3CCCN(C)CC3)cc(NC3CCN(Cc4ccccc4)CC3)c2cc1OC,"Histone-lysine N-methyltransferase, H3 lysine-9 specific 3"
COc1ccc(Cc2nnc(SCC(=O)Nc3ccccc3C)n(N)c2=O)cc1,"Histone-lysine N-methyltransferase, H3 lysine-9 specific 3"
O=C(c1ccc(OC2CCN(Cc3ccccc3O)CC2)cc1)N1CCCCC1,"Histone-lysine N-methyltransferase, H3 lysine-9 specific 3"
CN1CCCN(c2nc(NC3CCN(Cc4ccccc4)CC3)c3occc3n2)CC1,"Histone-lysine N-methyltransferase, H3 lysine-9 specific 3"
O=S(=O)(c1ccc(Cl)cc1)n1cccn1,"Histone-lysine N-methyltransferase, H3 lysine-9 specific 3"
O=C(NCCC(=O)N1CCN(S(=O)(=O)c2ccccc2F)CC1)Nc1ccccc1,"Histone-lysine N-methyltransferase, H3 lysine-9 specific 3"
CCCNC(=O)C1CCN(S(=O)(=O)c2ccc(-c3nn[nH]n3)cc2)CC1,"Histone-lysine N-methyltransferase, H3 lysine-9 specific 3"
Cc1cncc(C(=O)O)[n+]1[O-],"Histone-lysine N-methyltransferase, H3 lysine-9 specific 3"
CC(C)(C)C(=O)N1CCC[C@@]1(CO)C(=O)O,"Histone-lysine N-methyltransferase, H3 lysine-9 specific 3"
CS(=O)(=O)N(CC(=O)N1CCN(c2ccccc2F)CC1)c1ccc2c(c1)OCCO2,"Histone-lysine N-methyltransferase, H3 lysine-9 specific 3"
O=C1CN(C(=O)NCC(=O)N[C@H](Cc2ccccc2)C(=O)O)c2ccccc2N1,"Histone-lysine N-methyltransferase, H3 lysine-9 specific 3"
CCCCn1c(N)c(N(CC)C(=O)C2=COCCO2)c(=O)[nH]c1=O,"Histone-lysine N-methyltransferase, H3 lysine-9 specific 3"
Cc1cccc(C(=O)OC(C)C(=O)Nc2ccc(S(=O)(=O)Nc3ncccn3)cc2)c1C,"Histone-lysine N-methyltransferase, H3 lysine-9 specific 3"
COc1ccc2nc(O)c(CN(C(=O)c3cccc(Cl)c3)c3ccccc3OC)cc2c1,"Histone-lysine N-methyltransferase, H3 lysine-9 specific 3"
CC(C)N1CCNCC1.Cl,"Histone-lysine N-methyltransferase, H3 lysine-9 specific 3"
O=C(CCCc1c[nH]c2ccccc12)N[C@@H](Cc1c[nH]c2ccccc12)C(=O)O,"Histone-lysine N-methyltransferase, H3 lysine-9 specific 3"
COc1cc(Cl)c(C)cc1NC(=O)Cn1ncc2c(=O)oc3ccccc3c21,"Histone-lysine N-methyltransferase, H3 lysine-9 specific 3"
CCC(C)(C)NC(=O)Cc1ccc(OC)c(OC)c1,"Histone-lysine N-methyltransferase, H3 lysine-9 specific 3"
Cc1c(NC(=O)CN2C(=O)NC(C)(c3ccc(OC(F)F)cc3)C2=O)c(=O)n(-c2ccccc2)n1C,"Histone-lysine N-methyltransferase, H3 lysine-9 specific 3"
CC(c1ccccc1)n1cc(C(=O)NCc2ccccn2)nn1,"Histone-lysine N-methyltransferase, H3 lysine-9 specific 3"
COC(=O)c1ccc(N2CCOCC2)c(NC(=O)c2ccc(Br)o2)c1,"Histone-lysine N-methyltransferase, H3 lysine-9 specific 3"
O=C1CCCCC1C(O)c1ccc(Cl)cc1,"Histone-lysine N-methyltransferase, H3 lysine-9 specific 3"
Cc1sc2nc(C(C)Sc3nnc(C)n3-c3ccccc3)nc(O)c2c1C,"Histone-lysine N-methyltransferase, H3 lysine-9 specific 3"
CCS(=O)(=O)N1CCN=C1SCc1cccc(F)c1,"Histone-lysine N-methyltransferase, H3 lysine-9 specific 3"
c1ccc(CN2CCC(Nc3nc(N4CCN(c5ccccn5)CC4)nc4cc5c(cc34)OCO5)CC2)cc1,"Histone-lysine N-methyltransferase, H3 lysine-9 specific 3"
CC(=O)NC(CC(=O)NCCN1C(=O)S/C(=Cc2ccccc2)C1=O)c1ccccc1,"Histone-lysine N-methyltransferase, H3 lysine-9 specific 3"
NS(=O)(=O)c1ccc(CNC(=O)c2ccncc2)cc1,"Histone-lysine N-methyltransferase, H3 lysine-9 specific 3"
COc1cccc2cc(C(=O)C3=C(O)C(=O)N(CCCN(C)C)C3c3ccncc3)oc12,"Histone-lysine N-methyltransferase, H3 lysine-9 specific 3"
O=C(CNC(=O)c1ccccc1F)Nc1ccccc1C(F)(F)F,"Histone-lysine N-methyltransferase, H3 lysine-9 specific 3"
CC(=O)c1sc(NC(=O)C2CCN(c3ncnc4sc(C)c(C)c34)CC2)nc1-c1ccccc1,"Histone-lysine N-methyltransferase, H3 lysine-9 specific 3"
CC(=O)O.N=C(NO)NCCC[C@H](N)C(=O)O,"Histone-lysine N-methyltransferase, H3 lysine-9 specific 3"
O=C(CSc1nc(=O)c2c3c(sc2[nH]1)CCCC3)Nc1ccccc1F,"Histone-lysine N-methyltransferase, H3 lysine-9 specific 3"
CC(=O)c1cc(C(=O)Nc2ccc(C(=O)O)cc2)oc1C,"Histone-lysine N-methyltransferase, H3 lysine-9 specific 3"
CCOC(=O)c1cnc(SCC(=O)OCC(=O)N(CC)C2CCS(=O)(=O)C2)nc1N,"Histone-lysine N-methyltransferase, H3 lysine-9 specific 3"
Cc1cccc(C)c1NC(=O)C[N+](C)(C)C.[Cl-],"Histone-lysine N-methyltransferase, H3 lysine-9 specific 3"
CCN1CCN(c2ccc(S(=O)(=O)N3CCCCC3)cc2NC(=O)c2ccccc2)CC1,"Histone-lysine N-methyltransferase, H3 lysine-9 specific 3"
c1ccc(CN2CCC(Nc3nc(N4CCCCC4)nc4sccc34)CC2)cc1,"Histone-lysine N-methyltransferase, H3 lysine-9 specific 3"
CCN(CC(=O)Nc1cc(Cl)ccc1C)C(=O)CCc1nc(O)c2ccccc2n1,"Histone-lysine N-methyltransferase, H3 lysine-9 specific 3"
CCN(CC(=O)Nc1ccc(NC(C)=O)cc1)C(=O)CCCN1C(=O)c2ccccc2C1=O,"Histone-lysine N-methyltransferase, H3 lysine-9 specific 3"
[H][C@]12c3[nH]c4ccccc4c3C[C@H](C(=O)N3CCN(C)CC3)N1C(=O)c1ccccc1N2C,"Histone-lysine N-methyltransferase, H3 lysine-9 specific 3"
COCCNC(=O)CN(C(=O)CCC(=O)Nc1nccs1)c1ccccc1OC,"Histone-lysine N-methyltransferase, H3 lysine-9 specific 3"
CC(C)[C@H](NC(=O)N1CC(=O)Nc2ccccc21)C(=O)N[C@@H](C(=O)O)c1ccccc1,"Histone-lysine N-methyltransferase, H3 lysine-9 specific 3"
Cc1ccc(/C=C2/C(=N)N3N=C(CC(=O)N4CCCC4)SC3=NC2=O)cc1,"Histone-lysine N-methyltransferase, H3 lysine-9 specific 3"
CCCn1nnnc1SCC(=O)NNC(=O)C1CCCCC1,"Histone-lysine N-methyltransferase, H3 lysine-9 specific 3"
Cc1ccc(N(C(=O)c2ccc3c(c2)OCO3)C2C=CS(=O)(=O)C2)cc1C,"Histone-lysine N-methyltransferase, H3 lysine-9 specific 3"
CC(C)c1ccc(NC2CCCN(C(=O)CSc3nncn3C)C2)cc1,"Histone-lysine N-methyltransferase, H3 lysine-9 specific 3"
CCOC(=O)c1ccc(NC(=O)C(CC)Sc2nc3cccnc3[nH]2)cc1,"Histone-lysine N-methyltransferase, H3 lysine-9 specific 3"
CCCCn1c(N)c(N(CCOC)C(=O)C2CCN(C(=O)c3ccc(Cl)cc3)CC2)c(=O)[nH]c1=O,"Histone-lysine N-methyltransferase, H3 lysine-9 specific 3"
CCCCc1ccc(-n2nc3cc(C)c(NC(=O)c4ccc(C#N)cc4F)cc3n2)cc1,"Histone-lysine N-methyltransferase, H3 lysine-9 specific 3"
CCOC(=O)c1c(C)[nH]c(C(=O)COC(=O)COc2ccccc2C)c1C,"Histone-lysine N-methyltransferase, H3 lysine-9 specific 3"
COc1cc(NC(=O)c2nc(-c3ccc(Cl)cc3)n3c2CCCCC3)cc(OC)c1OC,"Histone-lysine N-methyltransferase, H3 lysine-9 specific 3"
CCOC(=O)c1cccc(N)c1,"Histone-lysine N-methyltransferase, H3 lysine-9 specific 3"
O=C(O)c1cccc(NC(=O)C23CC4CC(C2)CC(n2cnc(Cl)n2)(C4)C3)c1,"Histone-lysine N-methyltransferase, H3 lysine-9 specific 3"
CCN(CC)CCCOC(=O)C(c1ccccc1)c1ccccc1.Cl,"Histone-lysine N-methyltransferase, H3 lysine-9 specific 3"
c1ccc(CN2CCC(Nc3nc(N4CCN(c5ccccn5)CC4)nc4ccsc34)CC2)cc1,"Histone-lysine N-methyltransferase, H3 lysine-9 specific 3"
CCSc1ccccc1C(=O)N1CCCC1,"Histone-lysine N-methyltransferase, H3 lysine-9 specific 3"
Cc1nnsc1Sc1ccccc1C(=O)O,"Histone-lysine N-methyltransferase, H3 lysine-9 specific 3"
CCOC(=O)C1C(C(=O)OC)=C(CC(C)C)c2ccccc2N1S(=O)(=O)C(F)(F)F,"Histone-lysine N-methyltransferase, H3 lysine-9 specific 3"
Cc1ccc2c(c1)N(C(=O)CCC(=O)NCc1ccccn1)CC(C)O2,"Histone-lysine N-methyltransferase, H3 lysine-9 specific 3"
CC(C)OC(=O)CSc1nnc(-c2ccc(Cl)cc2)n1N,"Histone-lysine N-methyltransferase, H3 lysine-9 specific 3"
COc1cc2c(NC3CCN(C(C)C)CC3)nc(N3CCCCCC3)nc2cc1OCCCN1CCCC1,"Histone-lysine N-methyltransferase, H3 lysine-9 specific 3"
[H][C@]12CCN3C(=O)CCC[C@]([H])(CC(NCc4ccc(Cl)c(Cl)c4)C1)[C@@]32[H],"Histone-lysine N-methyltransferase, H3 lysine-9 specific 3"
O=C(O)CCNS(=O)(=O)c1ccc2c(c1)OCCCO2,"Histone-lysine N-methyltransferase, H3 lysine-9 specific 3"
CN(CC(=O)Nc1ccc(N2CCOCC2)cc1)CC(=O)Nc1ccccc1[N+](=O)[O-],"Histone-lysine N-methyltransferase, H3 lysine-9 specific 3"
CCCCCN(C(=O)CCC(=O)OC(C)C(=O)NC1CCCCC1)c1c(N)n(CCCC)c(=O)[nH]c1=O,"Histone-lysine N-methyltransferase, H3 lysine-9 specific 3"
Cn1c(C(=O)O)c(C=O)c2ccccc21,"Histone-lysine N-methyltransferase, H3 lysine-9 specific 3"
CCn1nc(C(=O)Nc2cc(Cl)ccc2-n2cncn2)c2ccccc2c1=O,"Histone-lysine N-methyltransferase, H3 lysine-9 specific 3"
COc1cccc(CN(C)C(=O)C2CSC3(C)CCC(=O)N23)c1OC,"Histone-lysine N-methyltransferase, H3 lysine-9 specific 3"
CCCCCc1c(C)nc(SCC(=O)O)nc1O,"Histone-lysine N-methyltransferase, H3 lysine-9 specific 3"
COc1cc(C#N)c(N=C(S)N2CCOCC2)cc1OC,"Histone-lysine N-methyltransferase, H3 lysine-9 specific 3"
CN1CCN(C(=O)COc2ccc(S(=O)(=O)NCc3ccccc3)cc2Cl)CC1,"Histone-lysine N-methyltransferase, H3 lysine-9 specific 3"
CCCCN(C(=O)C1CC(=O)N(c2ccc3c(c2)OCCO3)C1)c1c(N)n(CCCC)c(=O)[nH]c1=O,"Histone-lysine N-methyltransferase, H3 lysine-9 specific 3"
Cc1cc(C(=O)OCC(=O)Nc2nnc(C(C)C)s2)c2ccccc2n1,"Histone-lysine N-methyltransferase, H3 lysine-9 specific 3"
Cc1ccc(N(CCC#N)C(=O)COC(=O)C2CCN(S(=O)(=O)c3ccc4c(c3)OCCO4)CC2)cc1,"Histone-lysine N-methyltransferase, H3 lysine-9 specific 3"
Cc1ccccc1S(=O)(=O)/N=C(/c1ccccc1)N(C)C,"Histone-lysine N-methyltransferase, H3 lysine-9 specific 3"
O=C1c2ccccc2-c2onc3c(N4CCN(c5ccccc5)CC4)cc(NCCN4CCCC4)c1c23,"Histone-lysine N-methyltransferase, H3 lysine-9 specific 3"
Nc1nnc(SCC(=O)Nc2nccs2)s1,"Histone-lysine N-methyltransferase, H3 lysine-9 specific 3"
CCn1c(CNC(=O)Cc2ccc(OC)cc2)nnc1SCC(=O)NC1CCCCC1,"Histone-lysine N-methyltransferase, H3 lysine-9 specific 3"
COc1ccc(/C=C2OC(c3ccc(OC)c(OC)c3)=Cc3cc(OC)c(OC)cc32)cc1OC,"Histone-lysine N-methyltransferase, H3 lysine-9 specific 3"
Cc1ccc(C2=NN(CC(=O)O)C(=O)CC2)cc1,"Histone-lysine N-methyltransferase, H3 lysine-9 specific 3"
Cc1cc(C)n(C(=O)CSc2nnc(SCC(=O)n3nc(C)cc3C)s2)n1,"Histone-lysine N-methyltransferase, H3 lysine-9 specific 3"
COC(=O)c1ccc(S(=O)(=O)N2CCN(C)CC2)n1C,"Histone-lysine N-methyltransferase, H3 lysine-9 specific 3"
CCN(CC)C(=O)c1ccc(NC(=O)c2cccc(S(=O)(=O)N3CCN(C)CC3)c2)cc1,"Histone-lysine N-methyltransferase, H3 lysine-9 specific 3"
CN1CCCN(c2cc(NCCN3CCCCC3)c3c4c(onc24)-c2ccccc2C3=O)CC1,"Histone-lysine N-methyltransferase, H3 lysine-9 specific 3"
COc1cc2c(cc1OC)CN(C(=O)CCNC(=O)c1ccc(Br)cc1)CC2,"Histone-lysine N-methyltransferase, H3 lysine-9 specific 3"
CN(C)C1(CNC(=O)c2cc(S(=O)(=O)N3CCOCC3)c(Cl)cc2Cl)CCCCC1,"Histone-lysine N-methyltransferase, H3 lysine-9 specific 3"
O=C(Nc1ccccc1C(F)(F)F)N1CCN(c2ccc3nncn3n2)CC1,"Histone-lysine N-methyltransferase, H3 lysine-9 specific 3"
COc1ccc(C)c2sc(NC(=O)c3ccc(S(=O)(=O)N4CCCCC4)cc3)nc12,"Histone-lysine N-methyltransferase, H3 lysine-9 specific 3"
COCCCNS(=O)(=O)c1ccc(C)cc1,"Histone-lysine N-methyltransferase, H3 lysine-9 specific 3"
CC(=O)Nc1ccc(NC(=O)CC(C)n2ccnc2)cc1,"Histone-lysine N-methyltransferase, H3 lysine-9 specific 3"
O=C(C1CCCO1)N1CCN(S(=O)(=O)c2cc(C(F)(F)F)ccc2Cl)CC1,"Histone-lysine N-methyltransferase, H3 lysine-9 specific 3"
Cc1cccc(OCCC(=O)OCC(=O)Nc2c(C)nn(-c3ccccc3)c2C)c1,"Histone-lysine N-methyltransferase, H3 lysine-9 specific 3"
CCCCOc1ccc(C)cc1CN(CCO)CCO.Cl,"Histone-lysine N-methyltransferase, H3 lysine-9 specific 3"
COc1cccc(C2C(C(=O)c3ccco3)=C(O)C(=O)N2CCN(C)C)c1OC,"Histone-lysine N-methyltransferase, H3 lysine-9 specific 3"
COc1ccc(N2CCN(C(=O)Cn3cnc4sc(C)c(S(=O)(=O)N5CCOCC5)c4c3=O)CC2)cc1,"Histone-lysine N-methyltransferase, H3 lysine-9 specific 3"
COc1cc2c(cc1OCC1CCCN1C)N=C(N)C21CCC1,"Histone-lysine N-methyltransferase, H3 lysine-9 specific 3"
c1ccc(CN2CCC(Nc3nc(N4CCN(c5ccccn5)CC4)nc4ccoc34)CC2)cc1,"Histone-lysine N-methyltransferase, H3 lysine-9 specific 3"
COc1ccc(NC(=O)CCS(=O)(=O)c2cc3c4c(c2)CCN4C(=O)CC3)c(OC)c1,"Histone-lysine N-methyltransferase, H3 lysine-9 specific 3"
Nn1c(SCC(=O)NCCC2=CCCCC2)nnc1-c1cccnc1,"Histone-lysine N-methyltransferase, H3 lysine-9 specific 3"
Nn1cnnc1SCC(=O)N(C1CCCCC1)C1CCCCC1,"Histone-lysine N-methyltransferase, H3 lysine-9 specific 3"
CCn1cc(Cl)c(C(=O)NNC(=O)CCn2nc(C)c([N+](=O)[O-])c2C)n1,"Histone-lysine N-methyltransferase, H3 lysine-9 specific 3"
CC(=O)OCC1OC(n2ccc(=O)[nH]c2=O)C(O)C1O,"Histone-lysine N-methyltransferase, H3 lysine-9 specific 3"
Cc1cc(Br)ccc1SCC(=O)OCC(=O)Nc1ccc2[nH]c(O)nc2c1,"Histone-lysine N-methyltransferase, H3 lysine-9 specific 3"
O=C(COC(=O)c1ccc(Br)o1)NCCNC(=O)COC(=O)c1ccc(Br)o1,"Histone-lysine N-methyltransferase, H3 lysine-9 specific 3"
Cc1ccc2[nH]c(CSc3nnc(C)s3)cc(=O)c2c1,"Histone-lysine N-methyltransferase, H3 lysine-9 specific 3"
Cc1ccc(CNC(=O)c2cn(C)c3ccc(S(=O)(=O)N4CCC(C)CC4)cc3c2=O)cc1,"Histone-lysine N-methyltransferase, H3 lysine-9 specific 3"
CCOC(=O)Cn1nc(C)c(NC(=O)c2ccc(Br)o2)c1C,"Histone-lysine N-methyltransferase, H3 lysine-9 specific 3"
O=S(=O)(c1ccc(SCc2ccc(Br)cc2)nc1)N1CCCCC1,"Histone-lysine N-methyltransferase, H3 lysine-9 specific 3"
COC(=O)c1c(NC(=O)C(=O)NCCCN2CCOCC2)sc2c1CC(C)(C)OC2,"Histone-lysine N-methyltransferase, H3 lysine-9 specific 3"
COc1ccccc1CNC(=O)COC(=O)C12CC3CC(CC(O)(C3)C1)C2,"Histone-lysine N-methyltransferase, H3 lysine-9 specific 3"
CC1CCN(C(=O)c2cc(S(=O)(=O)N3CCOCC3)ccc2N2CCCC2)CC1,"Histone-lysine N-methyltransferase, H3 lysine-9 specific 3"
