smiles,targetname
CSc1ccc(CCNC(=O)C2CCN(c3ncnc4c3nc3n4CCCCC3)CC2)cc1,Parathyroid hormone receptor
N#Cc1ccc(-c2nc3ccc(Br)cn3c2Cc2ccsc2)cc1,Parathyroid hormone receptor
CC(=O)Oc1ccc(N(C(C)=O)S(=O)(=O)c2ccc(C)c([N+](=O)[O-])c2)cc1,Parathyroid hormone receptor
CC(C)Nc1nc(Nc2ccc(C(N)=O)cc2)c2sccc2n1,Parathyroid hormone receptor
CC[C@H](C)[C@H](NC(=O)[C@H]1CCC[C@@H]1NC(=O)[C@H](CCCCN)NC(=O)CNC(=O)[C@H](CCCCN)NC(=O)[C@H](CC(=O)O)NC(=O)[C@H](Cc1cnc[nH]1)NC(=O)[C@H](CC(C)C)NC(=O)[C@H]1CCC[C@@H]1NC(=O)[C@H](CCC(N)=O)NC(=O)[C@H]1CCC[C@@H]1NC(=O)[C@H](CCC(=O)O)NC(=O)[C@H](CO)NC(=O)[C@@H](NC(=O)[C@H]1CCC[C@@H]1N)C(C)C)C(=O)N[C@@H](CCC(N)=O)C(=O)N[C@@H](CC(=O)O)C(=O)N[C@H]1CCC[C@@H]1C(=O)N[C@@H](CCCNC(=N)N)C(=O)N[C@@H](CCCNC(=N)N)C(=O)N[C@@H](CCCNC(=N)N)C(=O)N[C@H]1CNC[C@@H]1C(=O)N[C@@H](CC(C)C)C(=O)N[C@@H](CC(C)C)C(=O)N[C@@H](CCC(=O)O)C(=O)N[C@H]1CNC[C@@H]1C(=O)N[C@@H](CC(C)C)C(=O)N[C@@H](CC(C)C)C(=O)NC(C)(C)C(=O)N[C@H]1CCC[C@@H]1C(=O)N[C@@H](CC(C)C)C(=O)N[C@@H](Cc1cnc[nH]1)C(=O)N[C@H](C(=O)N[C@H]1CCC[C@@H]1C(N)=O)[C@@H](C)O,Parathyroid hormone receptor
O=C(Cn1ccc(C(F)(F)F)n1)NNC(=O)c1ccco1,Parathyroid hormone receptor
COCCNC(=O)CN(C(=O)c1ccc(N2CCCC2)nc1)c1ccccc1,Parathyroid hormone receptor
[H][C@]12CC(OCC)=C3[C@H](c4ccc(CC)cc4)N(S(=O)(=O)c4ccc(C)cc4)C[C@@]3([H])[C@@]1([H])C(=O)N(C)C2=O,Parathyroid hormone receptor
COc1ccc(OC)c(S(=O)(=O)N2CCC(c3ccncc3)CC2)c1,Parathyroid hormone receptor
CCCC[C@H](NC(=O)[C@H](CC(C)C)NC(=O)[C@H](CCC(N)=O)NC(=O)[C@@H](NC(=O)[C@H](CCC(=O)O)NC(=O)C(C)(C)NC(=O)[C@@H](NC(=O)C(C)(C)N)C(C)C)[C@@H](C)CC)C(=O)N[C@@H](Cc1cnc[nH]1)C(=O)N[C@@H](CCC(N)=O)C(=O)N[C@@H](CCCNC(=N)N)C(=O)N[C@@H](C)C(=O)N[C@@H](CCCCNC(=O)c1ccccc1-c1c2ccc(=O)cc-2oc2cc(O)ccc12)C(=O)N[C@@H](Cc1ccc(O)cc1)C(N)=O,Parathyroid hormone receptor
Cc1ccc(C)c(N2CCN(S(=O)(=O)c3ccc4c(c3)CCCN4C(=O)C3CCC3)CC2)c1,Parathyroid hormone receptor
CCOC(=O)c1c(C)[nH]c(C)c1C(=O)COC(=O)c1cccnc1SC,Parathyroid hormone receptor
COc1ccc(CN2C(=O)CSCC2(C)C(=O)NCc2ccccc2)cc1OC,Parathyroid hormone receptor
Cn1c(=O)c2cc(NC(=S)NCc3ccccc3F)ccc2n1Cc1ccccc1,Parathyroid hormone receptor
COC(=O)C1=C(CCc2ccccc2)NC(=O)NC1c1ccc(C#N)cc1,Parathyroid hormone receptor
CCCCn1c(N)c(N(CC)C(=O)c2c(C)noc2C)c(=O)[nH]c1=O,Parathyroid hormone receptor
CC1CCCN(C(=O)COC(=O)C2CCN(S(=O)(=O)c3ccc(Cl)c(C(F)(F)F)c3)CC2)C1,Parathyroid hormone receptor
COc1ccc(OC)c(C(=O)CSc2nnc(C3CC3)n2C2CC2)c1,Parathyroid hormone receptor
COc1ccc(S(=O)(=O)N(C)CC(=O)NCc2cccnc2)cc1Cl,Parathyroid hormone receptor
COc1ccc(C(=O)NCCN2CCC(n3c(O)nc4ccccc43)CC2)cc1F.O=C(O)C(F)(F)F,Parathyroid hormone receptor
CC(C)C[C@H]1CN(CCCC[C@H]2CNC(=O)C(=O)N2CC2CCCCC2)C(=O)C(=O)N1CC1CCCCC1,Parathyroid hormone receptor
COc1ccc(C(=O)C(=O)N2CCN(c3ccc(C)cc3)CC2)cc1OC,Parathyroid hormone receptor
CC1CCC(N2CC(=O)N(CCC3=CCCCC3)C(c3ccc(F)cc3)C2=O)CC1,Parathyroid hormone receptor
CC[C@H](C)[C@H](NC(=O)[C@H](CCC(=O)O)NC(=O)[C@H](CO)NC(=O)[C@@H](NC(=O)[C@@H](N)CO)C(C)C)C(=O)N[C@@H](CCC(N)=O)C(=O)N[C@@H](CC(C)C)C(=O)N[C@@H](CCSC)C(=O)N[C@@H](Cc1cnc[nH]1)C(=O)N[C@@H](CC(N)=O)C(=O)N[C@@H](CC(C)C)C(=O)NCC(=O)N[C@@H](CCCCN)C(=O)N[C@H](CC(=O)N[C@@H](CC(C)C)C(=O)N[C@@H](CC(N)=O)C(=O)N[C@@H](CO)C(=O)N[C@@H](CCSC)CC(=O)N[C@@H](CCC(=O)O)C(=O)N[C@@H](CCCNC(=N)N)C(=O)N[C@H](C(=O)N[C@@H](CCC(=O)O)CC(=O)N[C@@H](Cc1c[nH]c2ccccc12)C(=O)N[C@@H](CC(C)C)C(=O)N[C@@H](CCCNC(=N)N)C(=O)N[C@@H](CCCCN)CC(=O)N[C@@H](CCCCN)C(=O)N[C@@H](CC(C)C)C(=O)N[C@@H](CCC(N)=O)C(=O)N[C@@H](CC(=O)O)CC(=O)N[C@H](C(=O)N[C@@H](Cc1cnc[nH]1)C(=O)N[C@@H](CC(N)=O)C(=O)N[C@H](CC(N)=O)Cc1ccccc1)C(C)C)C(C)C)Cc1c[nH]c2ccccc12,Parathyroid hormone receptor
Nc1ccccc1C(=O)NN=Cc1cccnc1,Parathyroid hormone receptor
CN(Cc1cn(Cc2cccc(C(F)(F)F)c2)nn1)C1CN(Cc2cn(Cc3cccc(C(F)(F)F)c3)nn2)S(=O)(=O)C1,Parathyroid hormone receptor
CN1CCN(C(=O)CCNC(=O)Cn2ccc3ccccc3c2=O)CC1,Parathyroid hormone receptor
Cc1ccc(-c2nn(CC(=O)NN3CCOCC3)c(=O)c3ccccc23)cc1,Parathyroid hormone receptor
O=C(O)CN1CCN(Cc2ccccc2F)C1=O,Parathyroid hormone receptor
Cc1ccc2c(=O)cc(C(=O)Nc3sc4c(c3C(=O)NCc3ccco3)CCC4)oc2c1C,Parathyroid hormone receptor
Cc1ccc(C2(C)NC(=O)N(CC(=O)N3CCN(S(=O)(=O)c4ccccc4[N+](=O)[O-])CC3)C2=O)cc1,Parathyroid hormone receptor
COc1ccc(-c2ccc(C(=O)NCc3ccncc3)c3occc23)c(C)c1,Parathyroid hormone receptor
CC(C)(C)OC(=O)NCCCC[C@@H](C(=O)N1CCN(C(=O)OC(C)(C)C)CC1)n1cc(C(CO)NC(=O)OC(C)(C)C)nn1,Parathyroid hormone receptor
COc1ccc(NC(=O)C2Cc3c(-c4ccco4)ccnc3O2)cc1OC,Parathyroid hormone receptor
CCc1nc2c(OCc3ccccc3C(=O)OC)cccn2c1N(C)C(=O)CC(C)C,Parathyroid hormone receptor
COc1cccc(CNC(=O)CCC(=O)N2CCOCC2)c1,Parathyroid hormone receptor
O=C(C(=O)N1CCN(C/C=C/c2ccccc2)CC1)c1ccccc1,Parathyroid hormone receptor
Cc1cc(N2C(=O)NC(=O)C2(C)C)cc(C)c1CCS(=O)(=O)N1CCC2(CC1)N=C(c1ccc(OC(F)(F)F)cc1)NC2=O,Parathyroid hormone receptor
Cc1ccc(C(=O)N2CCN(c3ccc(NC(=O)c4cc(C)cc(C)c4)cc3)CC2)cc1,Parathyroid hormone receptor
Cc1cc(N2C(=O)NC(=O)C23COC3)cc(C)c1CCS(=O)(=O)N1CCC2(CC1)N=C(c1ccc(OC(F)(F)F)cc1)NC2=O,Parathyroid hormone receptor
O=S(=O)(NN=Cc1cccc(Cl)c1)c1ccccc1,Parathyroid hormone receptor
Cc1cccc(CN2CCN(C3CN(Cc4cn(Cc5cc(C)cc(C)c5)nn4)S(=O)(=O)C3)CC2)c1,Parathyroid hormone receptor
CC(C)(C)OC(=O)C[C@@H]1C/C=CC[C@H](CC(=O)N(CCO)Cc2ccccc2)C(=O)NC[C@@H](c2ccccc2)OC1=O,Parathyroid hormone receptor
CCCCCC(=O)N1C[C@@H](O)[C@H](n2cc(COC(=O)c3ccccc3)nn2)C[C@@H]1c1ccc(C)cc1,Parathyroid hormone receptor
CNc1ncnc2c1ncn2[C@H]1CN(CCc2ccccc2)C[C@@H](CO)O1,Parathyroid hormone receptor
O=C(NCc1ccc(F)cc1)c1cc(C2CCCN(C(=O)c3cccs3)C2)on1,Parathyroid hormone receptor
CC1CCN(S(=O)(=O)c2cccc(C(=O)NC3CCS(=O)(=O)C3)c2)CC1,Parathyroid hormone receptor
CCOC(=O)C1(C)CCN1C(=O)c1ccc(SC(F)(F)F)cc1,Parathyroid hormone receptor
CC1(C(=O)Nc2ccc(F)cc2F)CCN1C(=O)CCC1CCCC1,Parathyroid hormone receptor
O=C(C1=C(O)C(=O)N(CCO)C1c1ccc(Br)cc1)c1ccccc1,Parathyroid hormone receptor
CO/N=C/c1cccn1-c1nccc(N(C)C)c1C#N,Parathyroid hormone receptor
COc1ccc(C(=O)NC2CC2)cc1OC1CCN(Cc2ccc(F)cc2)CC1,Parathyroid hormone receptor
CCc1noc(C)c1C(=O)N(CC)CC(=O)Nc1ccccc1C(F)(F)F,Parathyroid hormone receptor
Cc1ccc(F)cc1NC(=O)CN1C(=O)NC2(CCCc3ccccc32)C1=O,Parathyroid hormone receptor
CCNC(=O)C1(C)CCN(Cc2cccc(C(F)(F)F)c2)C1,Parathyroid hormone receptor
CC1(C(=O)NS(=O)(=O)c2ccccc2Cl)CCN1C(=O)Cc1cccc2ccccc12,Parathyroid hormone receptor
O=C(Nc1ccc(S(=O)(=O)NC2=NCCCCC2)cc1)c1cccc(OC(F)F)c1,Parathyroid hormone receptor
O=C(NCc1cc(Cl)cc(Cl)c1)c1csc([C@@H]2C[C@H](O)[C@@H](CO)O2)n1,Parathyroid hormone receptor
O=C(COc1coc(CN2CCN(c3ccc(F)cc3)CC2)cc1=O)NC1CCCCC1,Parathyroid hormone receptor
Cc1ccc(CNC(=O)C2CCN(S(=O)(=O)N3CCC(C)CC3)CC2)cc1,Parathyroid hormone receptor
Cc1ccc(Cl)cc1NS(=O)(=O)c1ccc(N2CCCCS2(=O)=O)cc1,Parathyroid hormone receptor
CCOc1ccc2nc(NC(NC(C)=O)(C(=O)OC)C(F)(F)F)sc2c1,Parathyroid hormone receptor
Cc1cccc2cc(CN(Cc3ccccc3)C(=O)N(C)C)c(O)nc12,Parathyroid hormone receptor
O=[N+]([O-])c1ccc(Br)c(CN2CCN(c3ncc(Cc4ccccc4)cn3)CC2)c1,Parathyroid hormone receptor
CCCCCCn1cc(CN2CC(N3CCN(Cc4ccccc4F)CC3)CS2(=O)=O)nn1,Parathyroid hormone receptor
CCN(CC)C(=O)Cn1c(=O)n(Cc2ccc(C(=O)NCc3ccccc3Cl)cc2)c(=O)c2ccccc21,Parathyroid hormone receptor
COCCNc1ccc2cc(S(=O)(=O)N3CCCCC3)ccc2n1,Parathyroid hormone receptor
CCC(C)(C)C1CCC2(CC1)NC(=O)N(CC(=O)N1CCN(c3ccccc3OC)CC1)C2=O,Parathyroid hormone receptor
COc1ccc(CCNC(=O)C(=O)NCC(c2cccs2)S(=O)(=O)c2ccc(C)cc2)cc1,Parathyroid hormone receptor
CCC(c1nnnn1-c1ccc2c(c1)OCCO2)N1CCN(c2ccc(C(F)(F)F)cc2[N+](=O)[O-])CC1,Parathyroid hormone receptor
COC(=O)C1=CN(c2ccc(N3CCOCC3)cc2)C(N)=C(C#N)C1c1cccc(F)c1,Parathyroid hormone receptor
Cc1cc(C)cc(Cn2cc(CN3CC(N4CCN(Cc5ccccc5F)CC4)CS3(=O)=O)nn2)c1,Parathyroid hormone receptor
Cc1ccc(CCNC(=O)c2cc3n(n2)CCCN(Cc2ccc(C)cc2)C3=O)cc1,Parathyroid hormone receptor
COc1ccc(CCNC(=O)c2cc3ccc(Cl)cc3nc2N)cc1,Parathyroid hormone receptor
COCCN1C(=O)COc2ccccc2C1C(=O)NC1CCCC1,Parathyroid hormone receptor
COc1ccc(CN2C3CCCC2CC(NC(=O)c2cccc(F)c2)C3)cc1,Parathyroid hormone receptor
CCOC(=O)C1CCCN(C(=O)c2ccncc2)CC1,Parathyroid hormone receptor
C=CCn1c(SCC(=O)Nc2nnc(CC)s2)nnc1-c1cccnc1,Parathyroid hormone receptor
Cc1ccc(S(=O)(=O)N2CCOCC2)cc1NC(=O)CN(C)CC(=O)Nc1cccc(F)c1,Parathyroid hormone receptor
COC(=O)Cc1cc(O)nc(N=C(N)Nc2ccc(C)cc2C)n1,Parathyroid hormone receptor
O=C1NC[C@H](CCCCN2C[C@H](Cc3ccccc3)N(CCC3CCCCC3)C(=O)C2=O)N(CCc2ccccc2)C1=O,Parathyroid hormone receptor
O=C(NCc1cccnc1)c1cc(C2CCCN(C(=O)c3ccc4c(c3)CCO4)C2)on1,Parathyroid hormone receptor
COc1cc(C(=O)NCc2cccs2)ccc1OCc1c(C)noc1C,Parathyroid hormone receptor
CCN(C(=O)CSc1nnnn1-c1ccccc1OC)C1CCS(=O)(=O)C1,Parathyroid hormone receptor
C[C@@H]1CN[C@H](CCO)/C1=Cc1ccccc1,Parathyroid hormone receptor
O=C1NC[C@H](Cc2ccccc2)N(CCc2cc(C(F)(F)F)cc(C(F)(F)F)c2)C1=O,Parathyroid hormone receptor
Nc1cc(=O)n(Cc2ccccc2)c(=O)n1Cc1ccccc1,Parathyroid hormone receptor
COc1ccc(NC(=O)C2CC2(Cl)Cl)cc1S(=O)(=O)N1CCCCC1,Parathyroid hormone receptor
Cc1ccc(CN2CCC2(C)C(=O)NC(C)C)cc1,Parathyroid hormone receptor
CCCCCCNC(=O)c1cc(S(=O)(=O)N2CCc3ccccc32)ccc1F,Parathyroid hormone receptor
O=C1NC[C@H](CCCCN2C[C@H](Cc3ccc(O)cc3)N(CCc3ccccc3)C(=O)C2=O)N(CCc2ccccc2)C1=O,Parathyroid hormone receptor
Cn1cc(S(=O)(=O)N2CCCCC2)cc1C(=O)Nc1ccc(OC(F)(F)F)cc1,Parathyroid hormone receptor
Cc1cccc(NC(=O)C2CCN(S(=O)(=O)c3ccc4c(c3)C(C)(C)C(=O)N4C)CC2)c1C,Parathyroid hormone receptor
CC[C@H](C)[C@H](NC(=O)[C@H](CO)NC(=O)[C@H](CCCCN)NC(=O)CNC(=O)[C@H](CCCCN)NC(=O)[C@H](CC(=O)O)NC(=O)[C@H](Cc1cnc[nH]1)NC(=O)[C@H](CC(C)C)NC(=O)[C@H](CC(C)C)NC(=O)[C@H](CCC(N)=O)NC(=O)[C@H](Cc1cnc[nH]1)NC(=O)[C@H](CCC(=O)O)NC(=O)[C@H](CO)NC(=O)[C@@H](NC(=O)[C@H](C)N)C(C)C)C(=O)N[C@@H](CCC(N)=O)C(=O)N[C@@H](CC(=O)O)C(=O)N[C@@H](CC(C)C)C(=O)N[C@@H](CCCNC(=N)N)C(=O)N[C@@H](CCCNC(=N)N)C(=O)N[C@@H](CCCNC(=N)N)C(=O)N[C@@H](CCC(=O)O)C(=O)N[C@@H](CC(C)C)C(=O)N[C@@H](CC(C)C)C(=O)N[C@@H](CCC(=O)O)C(=O)N[C@@H](CCCCN)C(=O)N[C@@H](CC(C)C)C(=O)N[C@@H](CC(C)C)C(=O)NC(C)(C)C(=O)N[C@@H](CCCCN)C(=O)N[C@@H](CC(C)C)C(=O)N[C@@H](Cc1cnc[nH]1)C(=O)N[C@H](C(=O)N[C@@H](C)C(N)=O)[C@@H](C)O,Parathyroid hormone receptor
CC[C@H](C)[C@H](NC(=O)[C@H](CCC(=O)O)NC(=O)[C@H](CO)NC(=O)[C@@H](NC(=O)[C@@H](N)CO)C(C)C)C(=O)N[C@@H](CCC(N)=O)C(=O)N[C@@H](CC(C)C)C(=O)N[C@@H](CCSC)CC(=O)N[C@@H](Cc1cnc[nH]1)C(=O)N[C@@H](CC(N)=O)C(=O)N[C@@H](CC(C)C)C(=O)NCC(=O)N[C@@H](CCCCN)C(=O)N[C@@H](Cc1cnc[nH]1)C(=O)N[C@@H](CC(C)C)C(=O)N[C@@H](CC(N)=O)C(=O)N[C@@H](CO)C(=O)N[C@@H](CCSC)C(=O)N[C@@H](CCC(=O)O)C(=O)N[C@@H](CCCNC(=N)N)C(=O)N[C@H](C(=O)N[C@@H](CCC(=O)O)C(=O)N[C@@H](Cc1c[nH]c2ccccc12)C(=O)N[C@@H](CC(C)C)C(=O)N[C@@H](CCCNC(=N)N)C(=O)N[C@@H](CCCCN)C(=O)N[C@@H](CCCCN)C(=O)N[C@@H](CC(C)C)C(=O)N[C@@H](CCC(N)=O)C(=O)N[C@@H](CC(=O)O)C(=O)N[C@H](C(=O)N[C@@H](Cc1cnc[nH]1)C(=O)N[C@@H](CC(N)=O)C(=O)N[C@@H](Cc1ccccc1)C(N)=O)C(C)C)C(C)C,Parathyroid hormone receptor
Cc1cccc(CC(=O)NCCS(=O)(=O)N2CCN(c3ccccc3)CC2)c1,Parathyroid hormone receptor
COc1cccc(-c2c[nH]c(C(O)c3c(C)ccc4ccccc34)n2)c1,Parathyroid hormone receptor
CC1CCN(CC(=O)c2c[nH]c3ccccc23)CC1,Parathyroid hormone receptor
CC1CCCCC1NC(=O)COC(=O)CCC(=O)c1cccs1,Parathyroid hormone receptor
COc1ccccc1CNC(=O)CCn1c(=O)sc2ccccc21,Parathyroid hormone receptor
C=CCn1c(SCC(=O)c2ccc(Br)cc2)nnc1C(C)NC(=O)Cc1ccc(OC)cc1,Parathyroid hormone receptor
CCCNC(=O)C1CCN(S(=O)(=O)c2ccc3c(c2)CCCN3C(C)=O)CC1,Parathyroid hormone receptor
CCN(CC)C(=O)C1=C(C)N(Cc2ccc(OC)cc2)C(=O)C(CC(=O)NC2CCCC2)C1,Parathyroid hormone receptor
CCCNC(=O)C1CC(c2ccccc2[N+](=O)[O-])=NO1,Parathyroid hormone receptor
O=C(OCC(=O)N1CCCCCC1)c1cc(S(=O)(=O)N2CCOCC2)ccc1F,Parathyroid hormone receptor
COc1ccc(C(=O)NCC(=O)OCc2ccc(Cl)cc2Cl)cc1OC,Parathyroid hormone receptor
CCCCC[C@H]1CCCCC[C@H](O)C[C@@H](O)[C@H](O)/C=C/C(=O)O1,Parathyroid hormone receptor
O=NN(CCCl)C(=O)NCC1=C[N+](=O)CC=C1,Parathyroid hormone receptor
CCOC(=O)C(C)(C)Oc1cccc2c1S(=O)(=O)c1ccccc1-2,Parathyroid hormone receptor
CCOC(=O)/C=C/c1cccc(OC)c1O,Parathyroid hormone receptor
Cc1ccc2c(c1)N(c1ccc(NCc3ncc[nH]3)cc1)C(=O)N(C)N=C2C1CCCCC1,Parathyroid hormone receptor
CN(CCO)c1ccc2c(c1)OC[C@H](Cc1ccccc1)NS2(=O)=O,Parathyroid hormone receptor
Cc1ccc2c(c1)N(c1ccc(NCCc3ncc[nH]3)cc1)C(=O)N(C)N=C2C1CCOCC1,Parathyroid hormone receptor
Cc1ccc(CNS(=O)(=O)c2ccc3c(c2)CCN3S(C)(=O)=O)cc1,Parathyroid hormone receptor
CCOCCCn1c(SCC(=O)NC2CCCCC2)nc2ccccc2c1=O,Parathyroid hormone receptor
CSCC[C@H](NC(=O)[C@H]1CCC[C@@H]1NC(=O)[C@H](CCC(N)=O)NC(=O)[C@H]1CCC[C@@H]1NC(=O)[C@H](CCC(=O)O)NC(=O)C(C)(C)NC(=O)[C@@H](NC(=O)[C@H]1CCC[C@@H]1N)C(C)C)C(=O)N[C@@H](Cc1cnc[nH]1)C(=O)N[C@@H](CCC(N)=O)C(=O)N[C@@H](CCCCNC(=N)N)C(=O)N[C@@H](C)C(=O)N[C@@H](CCCCN)C(=O)N[C@H]1CCC[C@@H]1C(=O)N[C@@H](CC(C)C)C(=O)N[C@@H](CC(N)=O)C(=O)N[C@@H](CO)C(=O)N[C@H]1CCC[C@@H]1C(=O)N[C@@H](CCCNC(=N)N)C(=O)N[C@@H](CCCNC(=N)N)C(=O)N[C@H](C(=O)N[C@H]1CNC[C@@H]1C(=O)N[C@@H](Cc1c[nH]c2ccccc12)C(=O)N[C@@H](CC(C)C)C(=O)N[C@@H](CCCNC(=N)N)C(=O)N[C@H]1CNC[C@@H]1C(=O)N[C@@H](CCCCN)C(=O)N[C@@H](CC(C)C)C(=O)N[C@@H](CCC(N)=O)C(=O)N[C@H]1CCC[C@@H]1C(=O)N[C@H](C(=O)N[C@@H](Cc1cnc[nH]1)C(=O)N[C@@H](CC(N)=O)C(=O)N[C@H]1CCC[C@@H]1C(N)=O)C(C)C)C(C)C,Parathyroid hormone receptor
CC1(C(=O)NS(=O)(=O)c2ccc(Cl)cc2)CCN1C(=O)CCc1ccccc1,Parathyroid hormone receptor
Cc1nc(-c2ccc(S(=O)(=O)NCc3ccc(F)cc3)cc2)co1,Parathyroid hormone receptor
[H][C@]1([C@@H](C)CC)CNC(=S)N1CC1CCN(CCCC2CCCC2)CC1,Parathyroid hormone receptor
Cc1ccc(NC(c2ccc(Cl)cc2)c2nnc(-c3cccc(F)c3)o2)cc1C,Parathyroid hormone receptor
CC(C)C1=NN(Cc2ccccc2)C(=O)N(c2ccc(NC(=N)N)cc2)c2ccccc21,Parathyroid hormone receptor
COc1c(C)cc(C(O)c2nc(-c3cccc(F)c3)c[nH]2)cc1C,Parathyroid hormone receptor
CC(C)C(NC(=O)OC(C)(C)C)C(=O)NC(CCC(=O)OCc1ccccc1)C(N)=O,Parathyroid hormone receptor
[H][C@]12CC[C@]([H])(C(C(=O)OC)=C(c3ccc(F)cc3F)C1)N2C(=O)NC1CCCCC1,Parathyroid hormone receptor
CNS(=O)(=O)c1cccc(C(=O)NCC2CCCCC2)c1,Parathyroid hormone receptor
CCCC[C@H](NC(=O)[C@H](CC(C)C)NC(=O)[C@H](CCC(N)=O)NC(=O)[C@@H](NC(=O)[C@H](CCC(=O)O)NC(=O)C(C)(C)NC(=O)[C@@H](NC(=O)C(C)(C)N)C(C)C)[C@@H](C)CC)C(=O)N[C@@H](Cc1cnc[nH]1)C(=O)N[C@@H](CCC(N)=O)C(=O)N[C@@H](CCCCNC(=N)N)C(=O)N[C@@H](C)C(=O)N[C@@H](CCCCN)C(=O)N[C@@H](Cc1ccc(O)cc1)C(N)=O,Parathyroid hormone receptor
CCc1nc2c(OCc3ccc(Cl)cc3)cccn2c1N(C)C(=O)c1ccncc1,Parathyroid hormone receptor
CSCC[C@H](NC(=O)[C@H]1CCC[C@@H]1NC(=O)[C@H](CCC(N)=O)NC(=O)[C@H]1CCC[C@@H]1NC(=O)[C@H](CCC(=O)O)NC(=O)C(C)(C)NC(=O)[C@@H](NC(=O)[C@H]1CCC[C@@H]1N)C(C)C)C(=O)N[C@@H](Cc1cnc[nH]1)C(=O)N[C@@H](CCC(N)=O)C(=O)N[C@@H](CCCCNC(=N)N)C(=O)N[C@@H](C)C(=O)N[C@@H](CCCCN)C(=O)N[C@H](CC(=O)N[C@@H](CC(C)C)C(=O)N[C@@H](CC(N)=O)C(=O)N[C@@H](CO)C(=O)N[C@@H](CCSC)CC(=O)N[C@@H](CCCNC(=N)N)C(=O)N[C@@H](CCCNC(=N)N)C(=O)N[C@H](C(=O)N[C@@H](CCC(=O)O)CC(=O)N[C@@H](Cc1c[nH]c2ccccc12)C(=O)N[C@@H](CC(C)C)C(=O)N[C@@H](CCCNC(=N)N)C(=O)N[C@@H](CCCCN)CC(=O)N[C@@H](CCCCN)C(=O)N[C@@H](CC(C)C)C(=O)N[C@@H](CCC(N)=O)C(=O)N[C@@H](CC(=O)O)CC(=O)N[C@H](C(=O)N[C@@H](Cc1cnc[nH]1)C(=O)N[C@@H](CC(N)=O)C(=O)N[C@H](CC(N)=O)Cc1ccccc1)C(C)C)C(C)C)Cc1c[nH]c2ccccc12,Parathyroid hormone receptor
Cc1ccc2occ(-c3cc(-c4ccccc4)nc4c3COc3ccccc3-4)c(=O)c2c1,Parathyroid hormone receptor
CN(C(=O)COC(=O)C1CCN(S(=O)(=O)c2ccc3c(c2)OCCO3)CC1)C1CCCCC1,Parathyroid hormone receptor
COc1ccc2[nH]c3c(c2c1)CCN1C(=O)C(CC(=O)NCCc2ccccn2)C[C@H](C(=O)N2CCOCC2)[C@@]31C,Parathyroid hormone receptor
COc1ccc(C(=O)Nc2ccc(Cl)cc2F)cc1S(=O)(=O)N1CCCC1,Parathyroid hormone receptor
COc1ccc2c(c1)CC(C(=O)NCCN1CCN(c3ccccc3F)CC1)CO2,Parathyroid hormone receptor
Cc1c(N(C)S(=O)(=O)c2ccc(Cl)c(C(=O)NCC3CCCO3)c2)c(=O)n(-c2ccccc2)n1C,Parathyroid hormone receptor
CSc1ncccc1C(=O)Nc1cccc(S(=O)(=O)N2CCCC2)c1,Parathyroid hormone receptor
COc1ccc(OCC(O)Cn2ccnc2C)cc1,Parathyroid hormone receptor
O=[N+]([O-])c1cccc(/N=N/Nc2cccc([N+](=O)[O-])c2)c1,Parathyroid hormone receptor
COCCNC(=O)C1(C)CCN(Cc2cccc(Oc3ccccc3)c2)C1,Parathyroid hormone receptor
CCC(C)NC(=O)c1cc2cc(S(=O)(=O)N3CCCCC3)ccc2n1C,Parathyroid hormone receptor
O=C(N[C@H]1CC[C@H](CCNS(=O)(=O)c2ccc(Cl)cc2)O[C@@H]1CO)c1cccc(F)c1,Parathyroid hormone receptor
COc1cc(CN2CCC(Oc3cc(C(=O)NC4CC4)ccc3OC)CC2)cc(OC)c1,Parathyroid hormone receptor
CC(=O)c1cccc(NC(=O)C2Cc3c(-c4cccc(C(C)=O)c4)ccnc3O2)c1,Parathyroid hormone receptor
CC(C)OCCCNC(=O)c1cc(S(=O)(=O)N2CCCCC2)c[nH]1,Parathyroid hormone receptor
Cc1cc2c(cc1NCc1ccccc1)C(C1CCCCC1)=NN(C)C(=O)N2c1ccc(NCCc2ncc[nH]2)cc1,Parathyroid hormone receptor
CN1CCN2c3ccccc3CC(C#N)(C#N)C2C1,Parathyroid hormone receptor
COc1cccc(NC(=O)C2CCN(S(=O)(=O)c3ccc(N4CCCC4=O)cc3)CC2)c1,Parathyroid hormone receptor
CCOc1ccccc1NC(=O)c1cc(S(=O)(=O)N2CCOCC2)ccc1C,Parathyroid hormone receptor
CC1(C(=O)NS(=O)(=O)c2ccccc2)CCN1C(=O)Cc1ccc(Cl)cc1Cl,Parathyroid hormone receptor
COc1ccc(CCNC(=O)CSC2=NS(=O)(=O)c3ccccc3N2)cc1OC,Parathyroid hormone receptor
CC[C@H](C)[C@H](NC(=O)[C@H](CCC(=O)O)NC(=O)[C@H](C)NC(=O)[C@@H](NC(=O)[C@H](C)N)C(C)C)C(=O)N[C@@H](CCC(N)=O)C(=O)N[C@@H](CC(C)C)C(=O)N[C@@H](CCSC)C(=O)N[C@@H](Cc1cnc[nH]1)C(=O)N[C@@H](CCC(N)=O)C(=O)N[C@@H](CCCCNC(=N)N)C(=O)N[C@@H](C)C(=O)N[C@@H](CCCCN)C(=O)N[C@@H](Cc1c[nH]c2ccccc12)C(=O)N[C@@H](CC(C)C)C(=O)N[C@@H](CC(N)=O)C(=O)N[C@@H](CO)C(=O)N[C@@H](CCSC)C(=O)N[C@@H](CCCNC(=N)N)C(=O)N[C@@H](CCCNC(=N)N)C(=O)N[C@H](C(=O)N[C@@H](CCC(=O)O)C(=O)N[C@@H](Cc1c[nH]c2ccccc12)C(=O)N[C@@H](CC(C)C)C(=O)N[C@@H](CCCNC(=N)N)C(=O)N[C@@H](CCCCN)C(=O)N[C@@H](CCCCN)C(=O)N[C@@H](CC(C)C)C(=O)N[C@@H](CCC(N)=O)C(=O)N[C@@H](CC(=O)O)C(=O)N[C@H](C(=O)N[C@@H](Cc1cnc[nH]1)C(=O)N[C@@H](CC(N)=O)C(=O)N[C@@H](Cc1ccccc1)C(N)=O)C(C)C)C(C)C,Parathyroid hormone receptor
Nc1[nH]c(C(=O)c2ccccc2)c(-c2ccncc2)c1C(=O)NCc1ccc(Cl)cc1,Parathyroid hormone receptor
Nc1ccn(C2CSC(CO)O2)c(=O)n1,Parathyroid hormone receptor
COc1cccc(-c2[nH]nnc2C2=CC(=O)C[C@H](c3ccc(F)cc3)C2)c1,Parathyroid hormone receptor
Cc1cc2c(cc1OCc1ccccc1)C(C1CCCCC1)=NN(C)C(=O)N2c1ccc(NCCc2ncc[nH]2)cc1,Parathyroid hormone receptor
CSCC[C@H](NC(=O)[C@H](CO)NC(=O)[C@H](CC(N)=O)NC(=O)[C@H](CC(C)C)NC(=O)[C@H](Cc1cnc[nH]1)NC(=O)[C@H](CCCCN)NC(=O)CNC(=O)[C@H](CC(C)C)NC(=O)[C@H](CC(N)=O)NC(=O)[C@H](Cc1cnc[nH]1)NC(=O)[C@H](CCSC)NC(=O)[C@H](CC(C)C)NC(=O)[C@H](CCC(N)=O)NC(=O)[C@H]1CCC[C@@H]1NC(=O)[C@H](CCC(=O)O)NC(=O)[C@H](CO)NC(=O)[C@@H](NC(=O)[C@@H](N)CO)C(C)C)C(=O)N[C@@H](CCC(=O)O)C(=O)N[C@@H](CCCNC(=N)N)C(=O)N[C@H](C(=O)N[C@@H](CCC(=O)O)C(=O)N[C@@H](Cc1c[nH]c2ccccc12)C(=O)N[C@@H](CC(C)C)C(=O)N[C@@H](CCCNC(=N)N)C(=O)N[C@@H](CCCCN)C(=O)N[C@@H](CCCCN)C(=O)N[C@@H](CC(C)C)C(=O)N[C@@H](CCC(N)=O)C(=O)N[C@@H](CC(=O)O)C(=O)N[C@H](C(=O)N[C@@H](Cc1cnc[nH]1)C(=O)N[C@@H](CC(N)=O)C(=O)N[C@@H](Cc1ccccc1)C(N)=O)C(C)C)C(C)C,Parathyroid hormone receptor
COc1ccc(-c2c(C)c3cc(OC(=O)N4CCOCC4)ccc3oc2=O)cc1OC,Parathyroid hormone receptor
Cc1cccc(C)c1NC(=O)C(=O)NCC(c1cccnc1)N1CCc2ccccc21,Parathyroid hormone receptor
COc1cccc(-c2c[nH]c(C(O)c3cc(F)cc(Cl)c3)n2)c1,Parathyroid hormone receptor
Nc1nc2ccccc2cc1C(=O)NCc1cccs1,Parathyroid hormone receptor
Cc1ccc2c(c1)N(c1ccc(NC(=O)C(N)C(C)C)cc1)C(=O)N(Cc1ccccc1)N=C2C1CCCCC1,Parathyroid hormone receptor
COc1ccc(CNC(=O)C(=O)NCC2OCCN2S(=O)(=O)c2ccc(OC)cc2)cc1,Parathyroid hormone receptor
CCn1cc(/C=C(NC(=O)c2ccccc2)C(=O)NCCN2CCOCC2)c2ccccc21,Parathyroid hormone receptor
CCOC(=O)C1=C(C)NC(=O)NC1c1c(O)ccc2ccccc12,Parathyroid hormone receptor
Nc1nc(SCC(=O)N2CCCC2)nc(O)c1NC(=O)c1cccs1,Parathyroid hormone receptor
O=C(CSc1nnc(CNC(=O)c2ccccc2F)n1-c1ccccc1)Nc1ccccc1F,Parathyroid hormone receptor
CC(=O)Nc1ccc(C(=O)OCC(=O)c2ccc(F)cc2)cc1,Parathyroid hormone receptor
O=Cc1cccc(OCc2cn(CC(=O)c3ccc(O)cc3)nn2)c1,Parathyroid hormone receptor
CC[C@H](C)[C@H](NC(=O)[C@H](CC(C)C)NC(=O)[C@H]1CNC[C@@H]1NC(=O)[C@H](Cc1cnc[nH]1)NC(=O)[C@H](CC(C)C)NC(=O)[C@H](Cc1ccccc1)NC(=O)[C@H]1CNC[C@@H]1NC(=O)[C@H](CCCNC(=N)N)NC(=O)[C@H](CCCNC(=N)N)NC(=O)[C@H](CCCNC(=N)N)NC(=O)[C@H]1CCC[C@@H]1NC(=O)[C@H](CC(=O)O)NC(=O)[C@H](CCC(N)=O)NC(=O)[C@@H](NC(=O)[C@H]1CCC[C@@H]1NC(=O)[C@H](CCCCN)NC(=O)CNC(=O)[C@H](CCCCN)NC(=O)[C@H](CC(=O)O)NC(=O)[C@H](Cc1cnc[nH]1)NC(=O)[C@H](CC(C)C)NC(=O)[C@H]1CCC[C@@H]1NC(=O)[C@H](CCC(N)=O)NC(=O)[C@H]1CCC[C@@H]1NC(=O)[C@H](CCC(=O)O)NC(=O)[C@H](CO)NC(=O)[C@@H](NC(=O)[C@H]1CCC[C@@H]1N)C(C)C)[C@@H](C)CC)C(=O)N[C@@H](C)C(=O)N[C@H]1CCC[C@@H]1C(=O)N[C@H](C(=O)N[C@@H](Cc1cnc[nH]1)C(=O)N[C@H](C(=O)N[C@H]1CCC[C@@H]1C(N)=O)[C@@H](C)O)[C@@H](C)CC,Parathyroid hormone receptor
CN(CCc1ccccc1)C(=O)c1ccc(NC(=O)Cc2ccc(NC(=O)C3CCN(C(=O)C4CCC4)CC3)cc2)cc1,Parathyroid hormone receptor
Cc1nc2ccc(S(=O)(=O)NC(CC(C)C)C(=O)N3CCN(c4ccc(F)cc4)CC3)cc2s1,Parathyroid hormone receptor
O=C(CN1CCN(Cc2cccc(Cl)c2)C1=O)NCC1CCCO1,Parathyroid hormone receptor
Cc1ccc(NC(=O)COC(=O)c2cccnc2Cl)cc1S(=O)(=O)N1CCOCC1,Parathyroid hormone receptor
N#CC1(NC(=O)COC(=O)CCCNC2=NS(=O)(=O)c3ccccc32)CCCCC1,Parathyroid hormone receptor
COc1ccc([C@H]2N[C@]3(CCCN(Cc4ccco4)C3=O)[C@H]3C(=O)N(C)C(=O)[C@@H]23)cc1.O=C(O)C(F)(F)F,Parathyroid hormone receptor
CCCn1c(=O)c(F)cn(Cc2ccc(OC)c([N+](=O)[O-])c2)c1=O,Parathyroid hormone receptor
CC[C@@]1(C(=O)OC)N[C@H](CN(C)C(=O)Nc2ccc(Cl)cc2)[C@@H]2C(=O)N(Cc3ccccc3)C(=O)[C@@H]21.O=C(O)C(F)(F)F,Parathyroid hormone receptor
C[C@H]1CN([C@@H](C)CO)C(=O)CCCn2cc(nn2)CO[C@@H]1CN(C)S(=O)(=O)c1ccccc1C#N,Parathyroid hormone receptor
COC(=O)C1=C(CS(=O)(=O)c2ccccc2)NC(=O)NC1c1ccc(O)cc1,Parathyroid hormone receptor
CC(C)(C)Cc1c(-c2ccc(C#N)cc2)nc2ccc(Cl)cn12,Parathyroid hormone receptor
O=C(Nc1ccc(N2CCOCC2)cc1)c1csc(COCCO)n1,Parathyroid hormone receptor
NC(=O)CN1C(=O)C2C3CCC(C3)C2C1=O,Parathyroid hormone receptor
CCc1cccc2c(-c3ccc(F)cc3)nc(SCC(=O)Nc3ccccc3)nc12,Parathyroid hormone receptor
COc1ccc([N+](=O)[O-])cc1NCc1c(F)cccc1F,Parathyroid hormone receptor
O=S(=O)(c1ccc(NC(=S)N2CCCCC2)cc1)N1CCCCC1,Parathyroid hormone receptor
O=C(CCC1CCN(Cc2nccs2)CC1)Nc1ccccc1,Parathyroid hormone receptor
CNC(=O)C1CN(C(=O)c2nn(Cc3ccccc3)c(=O)c3ccccc23)c2ccccc2O1,Parathyroid hormone receptor
CC(C)c1ccc(S(=O)(=O)N2CCN(C(=O)c3cc(-c4ccccc4)[nH]n3)CC2)cc1,Parathyroid hormone receptor
CC1CN(C(=O)c2c([N+](=O)[O-])cnn2C)CC(C)O1,Parathyroid hormone receptor
CNc1c(NC(=O)c2ccc3c(c2)OCO3)c(=O)oc2ccccc12,Parathyroid hormone receptor
COc1ccc(C(=O)c2[nH]c(N)c(C(=O)NCCc3c[nH]c4ccccc34)c2-c2c(F)cccc2Cl)cc1,Parathyroid hormone receptor
Cc1nnc(Nc2ccc(C(=O)NCCO)cc2)c2ccccc12,Parathyroid hormone receptor
CCN(CC(=O)NCc1ccc(F)cc1)C(=O)c1cccnc1SC,Parathyroid hormone receptor
Nc1nc2ncccc2cc1C(=O)NCCc1cccs1,Parathyroid hormone receptor
CC[C@H](C)[C@H](NC(=O)[C@H](CCC(=O)O)NC(=O)[C@H](CO)NC(=O)[C@@H](NC(=O)[C@@H](N)CO)C(C)C)C(=O)N[C@@H](CCC(N)=O)C(=O)N[C@@H](CC(C)C)C(=O)N[C@@H](CCSC)C(=O)N[C@@H](Cc1cnc[nH]1)C(=O)N[C@@H](CC(N)=O)C(=O)N[C@@H](CC(C)C)C(=O)NCC(=O)N[C@@H](CCCCN)C(=O)N[C@@H](Cc1cnc[nH]1)C(=O)N[C@@H](CC(C)C)C(=O)N[C@@H](CC(N)=O)C(=O)N[C@@H](CO)C(=O)N[C@@H](CCSC)C(=O)N[C@@H](CCC(=O)O)C(=O)N[C@@H](CCCNC(=N)N)C(=O)N[C@H](C(=O)N[C@@H](CCC(=O)O)C(=O)N[C@@H](Cc1c[nH]c2ccccc12)C(=O)N[C@@H](CC(C)C)C(=O)N[C@@H](CCCNC(=N)N)C(=O)N[C@@H](CCCCN)C(=O)N[C@@H](CCCCN)C(=O)N[C@@H](CC(C)C)C(=O)N[C@@H](CCC(N)=O)C(=O)N[C@@H](CC(=O)O)C(=O)N[C@H](C(=O)N[C@@H](Cc1cnc[nH]1)C(=O)N[C@@H](CC(N)=O)C(=O)N[C@@H](Cc1ccccc1)C(N)=O)C(C)C)C(C)C,Parathyroid hormone receptor
O=C(NCCS(=O)(=O)N1CCN(c2ccccc2)CC1)c1cc(=O)c2ccccc2o1,Parathyroid hormone receptor
COc1ccc(NC(=O)[C@H](C)NC(=O)C2CCN(S(=O)(=O)c3ccc(C)cc3)CC2)cc1OC,Parathyroid hormone receptor
Cc1ccc(NC(=O)c2ccc(CNS(=O)(=O)c3ccc4c(c3)C(C)(C)C(=O)N4C)cc2)cc1,Parathyroid hormone receptor
O=C(c1ccco1)N1CCN(C(=O)c2ccc(C[S+]([O-])c3ccc(Br)cc3)o2)CC1,Parathyroid hormone receptor
COc1ccc(C(=O)NCc2csc(C(C)C)n2)cc1OC1CCN(C(C)=O)CC1,Parathyroid hormone receptor
CCC(Cn1nnc2ccccc2c1=O)NC(=O)Nc1ccc(C)cc1C,Parathyroid hormone receptor
CC[C@H](C)[C@H](NC(=O)[C@H](CCC(=O)O)NC(=O)[C@H](CO)NC(=O)[C@@H](NC(=O)[C@@H](N)CO)C(C)C)C(=O)N[C@@H](CCC(N)=O)C(=O)N[C@H](CC(=O)N[C@@H](CCSC)C(=O)N[C@@H](Cc1cnc[nH]1)C(=O)N[C@@H](CC(N)=O)C(=O)N[C@@H](CC(C)C)C(=O)NCC(=O)N[C@@H](CCCCN)C(=O)N[C@@H](Cc1cnc[nH]1)C(=O)N[C@@H](CC(C)C)C(=O)N[C@@H](CC(N)=O)C(=O)N[C@@H](CO)C(=O)N[C@@H](CCSC)C(=O)N[C@@H](CCC(=O)O)C(=O)N[C@@H](CCCNC(=N)N)C(=O)N[C@H](C(=O)N[C@@H](CCC(=O)O)C(=O)N[C@@H](Cc1c[nH]c2ccccc12)C(=O)N[C@@H](CC(C)C)C(=O)N[C@@H](CCCNC(=N)N)C(=O)N[C@@H](CCCCN)C(=O)N[C@@H](CCCCN)C(=O)N[C@@H](CC(C)C)C(=O)N[C@@H](CCC(N)=O)C(=O)N[C@@H](CC(=O)O)C(=O)N[C@H](C(=O)N[C@@H](Cc1cnc[nH]1)C(=O)N[C@@H](CC(N)=O)C(=O)N[C@@H](Cc1ccccc1)C(N)=O)C(C)C)C(C)C)CC(C)C,Parathyroid hormone receptor
COc1ccccc1/C=C/C(=O)NCc1cccnc1,Parathyroid hormone receptor
O=C(/N=C1SC2CS(=O)(=O)CC2N1c1cccc(Cl)c1Cl)C1CC1,Parathyroid hormone receptor
CC(C)OC(=O)N(C)C[C@H]1OCc2cnnn2CCCC(=O)N([C@@H](C)CO)C[C@H]1C,Parathyroid hormone receptor
Cc1nn2c(=O)cc(COC(=O)c3ccc(NC(=O)COc4ccc(C)c(C)c4)cc3)nc2s1,Parathyroid hormone receptor
CC(C)CCNC(=O)c1[nH]c(C(F)(F)F)nc1-c1ccccc1,Parathyroid hormone receptor
CC[C@H](C)[C@H](NC(=O)[C@H](CCC(=O)O)NC(=O)[C@H](CO)NC(=O)[C@@H](NC(=O)[C@@H](N)CO)C(C)C)C(=O)N[C@H]1CCC[C@@H]1C(=O)N[C@@H](CC(C)C)C(=O)N[C@@H](CCSC)C(=O)N[C@@H](Cc1cnc[nH]1)C(=O)N[C@@H](CC(N)=O)C(=O)N[C@@H](CC(C)C)C(=O)NCC(=O)N[C@@H](CCCCN)C(=O)N[C@@H](Cc1cnc[nH]1)C(=O)N[C@@H](CC(C)C)C(=O)N[C@@H](CC(N)=O)C(=O)N[C@@H](CO)C(=O)N[C@@H](CCSC)C(=O)N[C@@H](CCC(=O)O)C(=O)N[C@@H](CCCNC(=N)N)C(=O)N[C@H](C(=O)N[C@@H](CCC(=O)O)C(=O)N[C@@H](Cc1c[nH]c2ccccc12)C(=O)N[C@@H](CC(C)C)C(=O)N[C@@H](CCCNC(=N)N)C(=O)N[C@@H](CCCCN)C(=O)N[C@@H](CCCCN)C(=O)N[C@@H](CC(C)C)C(=O)N[C@@H](CCC(N)=O)C(=O)N[C@@H](CC(=O)O)C(=O)N[C@H](C(=O)N[C@@H](Cc1cnc[nH]1)C(=O)N[C@@H](CC(N)=O)C(=O)N[C@@H](Cc1ccccc1)C(N)=O)C(C)C)C(C)C,Parathyroid hormone receptor
O=C(NC1CCCC1)C(C1CC1)n1c(C2CC2)nc2ccccc21,Parathyroid hormone receptor
O=C1c2c(-c3ccc(Br)cc3)noc2CCN1Cc1cn(Cc2cccnc2)nn1,Parathyroid hormone receptor
CCc1ccc(OCC(=O)Nc2ccc(N3CCN(C(=O)c4ccccc4)CC3)cc2)cc1,Parathyroid hormone receptor
O=C(CN1CCN(S(=O)(=O)c2ccc(Br)s2)CC1)N1CCc2ccccc21,Parathyroid hormone receptor
CCc1nc2c(OCC(=O)C(C)(C)C)cccn2c1N(C=O)Cc1ccc(OC)cc1,Parathyroid hormone receptor
N=C(N)Nc1ccc(N2C(=O)N(Cc3ccccc3)N=C(CN3CCCCC3)c3ccccc32)cc1,Parathyroid hormone receptor
O=C(Cn1nc(C(=O)O)c2ccccc2c1=O)Nc1cccc(S(=O)(=O)N2CCCCCC2)c1,Parathyroid hormone receptor
COc1cc(Cl)c(C)cc1Nc1nc2ccccc2n2cnnc12,Parathyroid hormone receptor
COCCNc1nc(NCc2cccc(Cl)c2)c2cnn(C)c2n1,Parathyroid hormone receptor
C=CCn1c(=O)c2ccccc2n2c(SCc3c(C(=O)OCC)oc4ccccc34)nnc12,Parathyroid hormone receptor
CN(C)c1ccc(CNC(=O)C2CCCN(S(=O)(=O)c3ccc4c(c3)oc(=O)n4C)C2)cc1,Parathyroid hormone receptor
Cl.O=S(=O)(NCCN1CCN(S(=O)(=O)c2ccccc2F)CC1)c1ccccc1F,Parathyroid hormone receptor
CC1(C)OC(=O)C2=C(C[C@@H](C3CC3)O[C@H]2c2ccc(Cl)cc2)O1,Parathyroid hormone receptor
Cc1ccc(NS(=O)(=O)c2ccc(NC(=O)N3CCCC3)cc2)cc1C,Parathyroid hormone receptor
Cc1ccc(Cn2cc(CN(C)C3CN(Cc4cn(Cc5ccc(C)cc5)nn4)S(=O)(=O)C3)nn2)cc1,Parathyroid hormone receptor
Cc1ccccc1CNC(=O)c1[nH]c(C(F)(F)F)nc1-c1ccccc1,Parathyroid hormone receptor
Cc1cc(C(O)c2nc(-c3ccccc3F)c[nH]2)ccc1F,Parathyroid hormone receptor
O=C(NCC1CCC(C(=O)O)CC1)c1cccnc1,Parathyroid hormone receptor
CC[C@H](C)[C@H](NC(=O)[C@H]1CCC[C@@H]1NC(=O)[C@H](CCCCN)NC(=O)CNC(=O)[C@H](CCCCN)NC(=O)[C@H](CC(=O)O)NC(=O)[C@H](Cc1cnc[nH]1)NC(=O)[C@H](CC(C)C)NC(=O)[C@H](CC(C)C)NC(=O)[C@H](CCC(N)=O)NC(=O)[C@H](Cc1cnc[nH]1)NC(=O)[C@H](CCC(=O)O)NC(=O)[C@H](CO)NC(=O)[C@@H](NC(=O)[C@H](C)N)C(C)C)C(=O)N[C@@H](CCC(N)=O)C(=O)N[C@@H](CC(=O)O)C(=O)N[C@H]1CCC[C@@H]1C(=O)N[C@@H](CCCNC(=N)N)C(=O)N[C@@H](CCCNC(=N)N)C(=O)N[C@@H](CCCNC(=N)N)C(=O)N[C@H]1CNC[C@@H]1C(=O)N[C@@H](CC(C)C)C(=O)N[C@@H](CC(C)C)C(=O)N[C@@H](CCC(=O)O)C(=O)N[C@H]1CNC[C@@H]1C(=O)N[C@@H](CC(C)C)C(=O)N[C@@H](CC(C)C)C(=O)NC(C)(C)C(=O)N[C@H]1CCC[C@@H]1C(=O)N[C@@H](CC(C)C)C(=O)N[C@@H](Cc1cnc[nH]1)C(=O)N[C@H](C(=O)N[C@H]1CCC[C@@H]1C(N)=O)[C@@H](C)O,Parathyroid hormone receptor
CC[C@H](C)[C@H](NC(=O)[C@H](CCC(=O)O)NC(=O)[C@H](C)NC(=O)[C@@H](NC(=O)[C@H](C)N)C(C)C)C(=O)N[C@@H](CCC(N)=O)C(=O)N[C@@H](CC(C)C)C(=O)N[C@@H](CCSC)C(=O)N[C@@H](Cc1cnc[nH]1)C(=O)N[C@@H](CCC(N)=O)C(=O)N[C@@H](CCCCNC(=N)N)C(=O)N[C@@H](C)C(=O)N[C@@H](CCCCN)C(=O)N[C@@H](Cc1c[nH]c2ccccc12)C(=O)N[C@@H](CCCCNC(=O)c1ccccc1-c1c2ccc(=O)cc-2oc2cc(O)ccc12)C(N)=O,Parathyroid hormone receptor
Nc1[nH]c(C(=O)c2ccccc2)c(-c2ccc(Cl)cc2)c1C(=O)NCc1ccco1,Parathyroid hormone receptor
Cc1ccn2c(=O)c(C(=O)NCc3ccccc3Cl)c(O)nc2c1,Parathyroid hormone receptor
Nc1nc(N)nc(-c2cc(C(F)(F)F)ccc2Cl)n1,Parathyroid hormone receptor
COC(=O)c1ccc2c(=O)n(CCN3CCOCC3)c(SCC(=O)Nc3ccccc3OC)nc2c1,Parathyroid hormone receptor
CCN(CC(=O)Nc1ccc(NC(C)=O)cc1)C(=O)c1cc(C)on1,Parathyroid hormone receptor
Cc1ccc2nc(NC3=NC4=C(C(=O)CCC4)C4(CCCC4)N3)oc2c1.O=C(O)C(F)(F)F,Parathyroid hormone receptor
Cc1ccc(NC(=O)COc2coc(CN3CCN(c4ccccc4)CC3)cc2=O)cc1,Parathyroid hormone receptor
COc1ccccc1N1CCN(S(=O)(=O)CCNC(=O)COc2ccccc2)CC1,Parathyroid hormone receptor
CCOC(=O)N1CCN(C(=O)Cc2ccccc2[N+](=O)[O-])CC1,Parathyroid hormone receptor
C[C@H]1CN(c2ccc(Br)cc2)C(=O)[C@@H]1CC(=O)Nc1ccc(Br)cc1,Parathyroid hormone receptor
N=C(N)NCCCc1ccc(N2C(=O)N(Cc3ccccc3)N=C(C3CCCCC3)c3ccccc32)cc1,Parathyroid hormone receptor
CCc1nc2ccc(C(=O)NCCNC(C)=O)cn2c1N(C)CCCc1ccccc1,Parathyroid hormone receptor
Cc1ccc(S(=O)(=O)N2CCN(C(=O)COC(=O)/C=C/c3cccc(Cl)c3)CC2)c(C)c1,Parathyroid hormone receptor
COc1ccc(C(=O)Nc2c(Cl)cc(Cl)cc2C(=O)NCCN2CCOCC2)cc1,Parathyroid hormone receptor
O=C(CCc1ccccc1)NC1CC(=O)N(c2ccccc2)C1,Parathyroid hormone receptor
Cc1ccc2c(c1)N(c1ccc(NCCc3ncc[nH]3)cc1)C(=O)N(C1CCOCC1)N=C2C1CCCCC1,Parathyroid hormone receptor
CCN(CC(=O)Nc1c(F)cccc1F)C(=O)c1cccc(S(=O)(=O)N2CCc3ccccc3C2)c1,Parathyroid hormone receptor
CC1(C)CC(=O)C=C(c2cccc(O)c2)C1,Parathyroid hormone receptor
CCCCCNc1ncnc2c(C)n[nH]c12,Parathyroid hormone receptor
O=S(=O)(c1cccc(Br)c1)N1CCN(C(=S)NCC2CCCO2)CC1,Parathyroid hormone receptor
CC[C@H](C)[C@H](NC(=O)C[C@H](CO)NC(=O)[C@H](CCCCN)NC(=O)CNC(=O)[C@H](CCCCN)NC(=O)[C@H](CC(=O)O)NC(=O)[C@H](Cc1cnc[nH]1)NC(=O)[C@H](CC(C)C)NC(=O)[C@H](CC(C)C)NC(=O)[C@H](CCC(N)=O)NC(=O)[C@H](Cc1cnc[nH]1)NC(=O)[C@H](CCC(=O)O)NC(=O)[C@H](CO)NC(=O)[C@@H](NC(=O)[C@H](C)N)C(C)C)C(=O)N[C@@H](CCC(N)=O)C(=O)N[C@@H](CC(=O)O)C(=O)N[C@H](CC(=O)N[C@@H](CCCNC(=N)N)C(=O)N[C@@H](CCCNC(=N)N)C(=O)N[C@@H](CCCNC(=N)N)C(=O)N[C@H](CC(=O)N[C@@H](Cc1ccccc1)C(=O)N[C@@H](CC(C)C)C(=O)N[C@@H](Cc1cnc[nH]1)C(=O)N[C@@H](CCCCN)CC(=O)N[C@@H](CC(C)C)C(=O)N[C@H](C(=O)N[C@@H](C)C(=O)N[C@@H](CCC(=O)O)CC(=O)N[C@H](C(=O)N[C@@H](Cc1cnc[nH]1)C(=O)N[C@H](C(=O)N[C@@H](C)CC(N)=O)[C@@H](C)O)[C@@H](C)CC)[C@@H](C)CC)Cc1ccccc1)CC(C)C,Parathyroid hormone receptor
CCNc1nc2c(c(=O)n(C)c(=O)n2C)n1CC(O)COc1ccccc1,Parathyroid hormone receptor
Cc1ccc(C)c(OCCC(=O)OCC(=O)c2ccc3c(c2)NC(=O)CO3)c1,Parathyroid hormone receptor
CC(C)NC(=O)N1Cc2cc(C(=O)NC3CCCCC3)nc(-c3cccc(-c4cccnc4)c3)c2[C@@H]1CCO,Parathyroid hormone receptor
CC(=O)Nc1cccc(-c2csc(C(O)c3ccc(F)cc3)n2)c1,Parathyroid hormone receptor
COCOCCn1cc(CN2CCS(=O)(=O)N(Cc3ccc(-c4ccc(OC)nc4)cc3)C(C)C2=O)nn1,Parathyroid hormone receptor
O=S(=O)(NCCS(=O)(=O)N1CCN(c2ccc(F)cc2)CC1)c1ccccc1,Parathyroid hormone receptor
CCOC(=O)Cc1csc(NC(=O)CSc2nc(O)nc3c2CCC3)n1,Parathyroid hormone receptor
CCOC(=O)[C@]12CCCC=C1N(Cc1ccc3c(c1)OCO3)C(=O)[C@H](CC(=O)N1CCSCC1)C2,Parathyroid hormone receptor
CCOC(=O)c1ccc(Nc2nc3ccc(C(=O)c4ccccc4)cc3n3c(C)nnc23)cc1,Parathyroid hormone receptor
O=C1[C@H](Cc2ccccc2)NCC=CC[C@@H](c2ccco2)N1Cc1ccccc1,Parathyroid hormone receptor
COc1ccc(C(C(=O)Nc2ccc(F)cc2)N2CCN(c3ccncc3)CC2)cc1,Parathyroid hormone receptor
CS(=O)(=O)c1ccc(-c2csc(C(O)c3cccc(Cl)c3)n2)cc1,Parathyroid hormone receptor
COCCNC(=O)C1C(=O)Nc2ccccc2C(=O)N1c1ccc2c(c1)OCCO2,Parathyroid hormone receptor
CNc1cccc(-c2ccccc2CO)n1,Parathyroid hormone receptor
COC(=O)[C@@]12C[C@@H](CC(=O)NCC3CCCCC3)C(=O)N(Cc3ccccc3)C1=CCC(C)(C)C2,Parathyroid hormone receptor
O=C(O)C(F)(F)F.[H][C@]12C(=O)N(C)C(=O)[C@@]1([H])[C@]1(C(=O)OC)CCCN1[C@@H]2c1ccc(-c2ccccc2)c(OC)c1,Parathyroid hormone receptor
Cc1onc(-c2ccccc2)c1C(=O)N1CCN(c2ccccc2)CC1,Parathyroid hormone receptor
Cc1cc(C)c(NC(=O)CSc2nc3ccccc3c3nc(-c4ccccc4)nn23)c(C)c1,Parathyroid hormone receptor
Cc1ccccc1C(=O)Nc1nnc([C@@H]2C[C@H](O)[C@@H](CO)O2)s1,Parathyroid hormone receptor
Cc1ccc(S(=O)(=O)N2CCC(C(=O)N/N=C/c3cccn3C)CC2)cc1,Parathyroid hormone receptor
OCCC1CN(Cc2ccc3c(c2)CCO3)CCN1Cc1ccc(F)cc1,Parathyroid hormone receptor
CC[C@H](C)[C@H](NC(=O)[C@H](CCC(=O)O)NC(=O)C(C)(C)NC(=O)[C@@H](NC(=O)[C@H]1CCC[C@@H]1N)C(C)C)C(=O)N[C@@H](CCC(N)=O)C(=O)N[C@H]1CCC[C@@H]1C(=O)N[C@@H](CCSC)C(=O)N[C@@H](Cc1cnc[nH]1)C(=O)N[C@@H](CCC(N)=O)C(=O)N[C@@H](CCCCNC(=N)N)C(=O)N[C@@H](C)C(=O)N[C@@H](CCCCN)C(=O)N[C@H](CC(=O)N[C@@H](CC(C)C)C(=O)N[C@@H](CC(N)=O)C(=O)N[C@@H](CO)C(=O)N[C@@H](CCSC)CC(=O)N[C@@H](CCCNC(=N)N)C(=O)N[C@@H](CCCNC(=N)N)C(=O)N[C@H](C(=O)N[C@@H](CCC(=O)O)CC(=O)N[C@@H](Cc1c[nH]c2ccccc12)C(=O)N[C@@H](CC(C)C)C(=O)N[C@@H](CCCNC(=N)N)C(=O)N[C@@H](CCCCN)CC(=O)N[C@@H](CCCCN)C(=O)N[C@@H](CC(C)C)C(=O)N[C@@H](CCC(N)=O)C(=O)N[C@@H](CC(=O)O)CC(=O)N[C@H](C(=O)N[C@@H](Cc1cnc[nH]1)C(=O)N[C@@H](CC(N)=O)C(=O)N[C@H](CC(N)=O)Cc1ccccc1)C(C)C)C(C)C)Cc1c[nH]c2ccccc12,Parathyroid hormone receptor
Cc1ccc(S(=O)(=O)N2CCC(C(=O)N3CCc4ccccc43)CC2)cc1,Parathyroid hormone receptor
Cc1cc(C)n2nc(C(=O)OCC(=O)Nc3cc(S(=O)(=O)N4CCOCC4)ccc3Cl)nc2n1,Parathyroid hormone receptor
Cc1ccc(C(O)c2nc(-c3ccccc3C)c[nH]2)cc1F,Parathyroid hormone receptor
[H][C@]12CC[C@]([H])(C(C(=O)OC)=C(c3ccc(OC)c(OC)c3)C1)N2C(=O)N1CCCC1,Parathyroid hormone receptor
CCC(=O)N1CCC1(C)C(=O)Nc1cccc(Oc2ccccc2)c1,Parathyroid hormone receptor
[H][C@@]12C[C@]3(Br)c4ccccc4N(S(C)(=O)=O)[C@]3([H])N1C(=O)[C@H](Cc1ccccc1)NC2=O,Parathyroid hormone receptor
Cc1ccccc1NC(=O)Nc1nc(CN(C)C)cs1,Parathyroid hormone receptor
COc1ccc(S(=O)(=O)N[C@H](C(=O)O)C(C)C)cc1,Parathyroid hormone receptor
O=C(C(=O)N1CCN(C(=O)OCc2ccccc2)CC1)c1cccs1,Parathyroid hormone receptor
O=S1(=O)N[C@H](Cc2ccccc2)COc2cc(N3CCC[C@H]3CO)ccc21,Parathyroid hormone receptor
COc1ccc(C(=O)CSc2nnc3n2CCCN3C(=O)Nc2ccccc2)cc1,Parathyroid hormone receptor
COc1ccc(NC(=O)C2C(c3ccc4c(c3)OCO4)=Nc3ccccc3N2C(C)=O)cc1,Parathyroid hormone receptor
COc1ccc(CCNC(=O)Cn2nc(C)n3c(cc4occc43)c2=O)cc1OC,Parathyroid hormone receptor
Cc1ccc(S(=O)(=O)N2CCC[C@H]2C(=O)OCC(=O)Nc2ccc3c(c2)OCO3)cc1,Parathyroid hormone receptor
CCOC(=O)N(C)c1c(CC)nc2c(OCc3ccc(F)cc3)cccn12,Parathyroid hormone receptor
Oc1c(C(c2ccccc2F)N2CCC3(CC2)OCCO3)sc2nc(-c3ccco3)nn12,Parathyroid hormone receptor
O=C1c2ccccc2C(c2nnnn2Cc2ccccc2)N1Cc1ccc(F)cc1,Parathyroid hormone receptor
COc1cccc(N2C(=O)CC(N3CCN(S(=O)(=O)c4ccccc4[N+](=O)[O-])CC3)C2=O)c1,Parathyroid hormone receptor
[H][C@]12COc3ccccc3[C@]1([H])N1C(=O)N(c3ccc(C(F)(F)F)cc3)C(=O)[C@@]1(C)[C@@H]2C(=O)OCC,Parathyroid hormone receptor
Cc1nnc(N(C)C(=O)c2cnccn2)s1,Parathyroid hormone receptor
NCC(=O)Nc1ccc(N2C(=O)N(Cc3ccccc3)N=C(C3CCCCC3)c3ccccc32)cc1,Parathyroid hormone receptor
COc1ccccc1NS(=O)(=O)c1cccc(C(=O)NCC(c2cccs2)N2CCOCC2)c1,Parathyroid hormone receptor
Cc1ccc(CCNC(=O)c2ccc(CS(=O)(=O)c3ccc(Br)cc3)o2)cc1,Parathyroid hormone receptor
N=C(N)Nc1ccc(N2C(=O)N(Cc3ccccc3)N=C(C3CCCCC3)c3ccccc32)cc1,Parathyroid hormone receptor
CCc1nc2ccc(C(=O)NCCCN3CCCC3=O)cn2c1N(C)Cc1ccc(OC)cc1,Parathyroid hormone receptor
CCOc1ccc(C(=O)N(CC)CC(=O)Nc2ccc3c(c2)OCCO3)cc1OCC,Parathyroid hormone receptor
O=S1(=O)CC(N2CC=CC2)CN1Cc1cn(Cc2ccc(Cl)cc2)nn1,Parathyroid hormone receptor
CC(C)c1ccc([C@@H]2O[C@H](C)CC3=C2C(=O)OC(C)(C)O3)cc1,Parathyroid hormone receptor
O=c1c2ccccc2nc(/C=Cc2ccc(F)cc2)n1-c1ccccc1F,Parathyroid hormone receptor
CCOC(=O)C1=CCN(S(=O)(=O)c2ccc(C)cc2)C1c1ccccc1F,Parathyroid hormone receptor
CN1CCC(N(C)C(=O)c2cc(S(=O)(=O)N(C)c3ccccc3)ccc2Cl)CC1.Cl,Parathyroid hormone receptor
CCc1ccccc1N(CC)C(=O)c1c(C)oc2ncn(C)c(=O)c12,Parathyroid hormone receptor
N#CCCN(Cc1ccccc1)C(c1ccnc2ccccc12)c1nnnn1-c1ccc2c(c1)OCCO2,Parathyroid hormone receptor
COc1ccc(C2=CC(=O)CCC2)cc1,Parathyroid hormone receptor
COc1cc(NC(=O)c2sc3nc4n(c(=O)c3c2C)CCCCC4)cc(OC)c1OC,Parathyroid hormone receptor
O=C(Cc1ccc(NC(=O)C2CCN(C(=O)c3ccccc3)CC2)cc1)Nc1cccc(C(=O)N2CCCCC2)c1,Parathyroid hormone receptor
CC(=O)c1ccc(N2CCN(C(=O)c3ccccc3SCC(=O)NCc3ccco3)CC2)c(F)c1,Parathyroid hormone receptor
O=c1c2cnn(-c3ccccc3Cl)c2ncn1Cc1cccnc1,Parathyroid hormone receptor
CC(C)NC(=O)c1cc(C2CCCCN2S(=O)(=O)c2ccc(F)cc2F)on1,Parathyroid hormone receptor
CCc1nc2c(OCc3ccc(F)c(F)c3)cccn2c1N(C)C(=O)c1ccc(OC)cc1,Parathyroid hormone receptor
CC1=C(C(=O)N2CCOCC2)CC(CC(=O)NCCN2CCOCC2)C(=O)N1Cc1ccc(C(C)(C)C)cc1,Parathyroid hormone receptor
CCC(c1nnnn1-c1ccc2c(c1)OCCO2)N1CCN(c2ccc(C)cc2)CC1,Parathyroid hormone receptor
CC(=O)c1ccc(NC(=O)c2cnn(-c3cccc(F)c3)c2-n2cccc2)cc1,Parathyroid hormone receptor
COc1ccc(NC(=O)c2sc(=O)n(Cc3ccc(S(=O)(=O)N(C)C)cc3)c2C)cc1,Parathyroid hormone receptor
Cc1cc(C(=O)NCC(=O)OCC(=O)NCC2CCCO2)ccc1[N+](=O)[O-],Parathyroid hormone receptor
Cc1nn(C)c(C)c1S(=O)(=O)N1CCC(C(=O)NC2CCCCC2)CC1,Parathyroid hormone receptor
CCc1nc2ccc(C(=O)Nc3cccc(NS(C)(=O)=O)c3)cn2c1N(C)C(=O)Cc1ccccc1,Parathyroid hormone receptor
N=C(N)Nc1ccc(N2C(=O)N(Cc3ccccc3)N=C(CC3CCCCC3)c3ccccc32)cc1,Parathyroid hormone receptor
O=S(=O)(c1ccc(Br)cc1)N1CCN(Cc2ccco2)CC1,Parathyroid hormone receptor
Cc1ccc(C(=O)NCC(=O)N2CCN(c3cccc(Cl)c3)CC2)s1,Parathyroid hormone receptor
COCCNc1nc(NCc2ccccc2OC)c2cnn(C)c2n1,Parathyroid hormone receptor
COc1ccc(OC)c2c1CCC1(C2)NC(=O)NC1=O,Parathyroid hormone receptor
CCOC(=O)C1(C)CCN1C(=O)c1ccc(Cl)nc1,Parathyroid hormone receptor
COc1ccc(C(=O)NC2(C(F)(F)F)C(=O)NC(C)=C2C#N)cc1OC,Parathyroid hormone receptor
N#Cc1ccc(Oc2ccc(S(=O)(=O)N3CCCCC3)cn2)cc1,Parathyroid hormone receptor
Cc1cccc(NC(=O)N2CCC(CN3CCC(C)CC3)CC2)c1C,Parathyroid hormone receptor
CC(C)COC(=O)N1CCCCC1c1cc(C(=O)N2CCOCC2)no1,Parathyroid hormone receptor
NC(=O)c1ccc(NC(=O)COC(=O)c2ccccc2SCC(=O)N2CCCC2)cc1,Parathyroid hormone receptor
O=C(NCCCN1CCOCC1)c1cccc(S(=O)(=O)N2CCc3ccccc32)c1,Parathyroid hormone receptor
CC(OC(=O)CC1CC2CCC1C2)C(=O)Nc1ccc(N2CCOCC2)cc1,Parathyroid hormone receptor
CCOC(=O)N1CCN(S(=O)(=O)N2CCCC(C(=O)NCc3ccccc3OCC)C2)CC1,Parathyroid hormone receptor
O=C(CN1CCN(C(=O)c2ccco2)CC1)Nc1cc(S(=O)(=O)N2CCCC2)ccc1Cl,Parathyroid hormone receptor
COC(=O)c1c(NC(=O)CN2C(=O)C(=O)N(C(C)C)C2=O)sc(C)c1C,Parathyroid hormone receptor
CC1CCCC(NC(=O)COC(=O)Cc2ccc(Cl)cc2)C1C,Parathyroid hormone receptor
Cc1ccc2c(CC(=O)Nc3ccc4nc(N5CCOCC5)sc4c3)coc2c1,Parathyroid hormone receptor
COc1ccc(C(C)=O)cc1CN1C(=O)C(Cc2ccccc2)ON=C1c1ncccc1C,Parathyroid hormone receptor
CCCc1cc(=O)[nH]c2nnc(SCC(=O)Nc3cccc(C)c3)n12,Parathyroid hormone receptor
CCOC(=O)C1(C)CCCN(C(=O)c2ccc(OC)cc2)C1,Parathyroid hormone receptor
CCOC(=O)C1=C(COC(=O)COc2ccccc2C(C)C)NC(=O)NC1C,Parathyroid hormone receptor
Cc1ccc(CNC(=O)c2cccc(N3CCCS3(=O)=O)c2)cc1,Parathyroid hormone receptor
Cc1ccc(C)c(NC(=O)CN(C)C(=O)c2ccccc2OCc2c(C)noc2C)c1,Parathyroid hormone receptor
C=CCOC(=O)C1=C[C@H](C(C)(C)C)[C@@H](CCCO)[C@H](OCC)O1,Parathyroid hormone receptor
CCc1ccccc1NC(=O)C1CCN(S(=O)(=O)c2ccc(N3CCCC3=O)cc2)CC1,Parathyroid hormone receptor
CCc1ccc(NC(=O)CN2CCN(Cc3ccccc3)S2(=O)=O)cc1,Parathyroid hormone receptor
CC(=O)Nc1cccc(-c2ccnc3c2CC(C(=O)Nc2cccnc2)O3)c1,Parathyroid hormone receptor
CCC1CN(C(=O)N2CCC(C(=O)NCc3cccs3)CC2)c2cc(C)ccc2O1,Parathyroid hormone receptor
Cc1cccc(NC(=O)c2ncn3c2C(=O)NC[C@H]3C)c1,Parathyroid hormone receptor
COc1ccc(-c2csc(NC(CO)c3nc4ccccc4n3CCCO)n2)cc1,Parathyroid hormone receptor
CCCc1nn2c(=O)cc(COC(=O)c3ccc(NC(=O)COc4ccccc4F)cc3)nc2s1,Parathyroid hormone receptor
COCCNC(=O)C1(C)CCCN(C(=O)c2ccc(N(C)C)cc2)C1,Parathyroid hormone receptor
O=C(O)CC1(C(=O)O)CCCC1,Parathyroid hormone receptor
Cc1nc2cc([N+](=O)[O-])ccc2c(=O)n1-c1cccc(Br)c1,Parathyroid hormone receptor
CCOC(=O)N1Cc2cc3ccccc3nc2C1,Parathyroid hormone receptor
COCCN(C(=O)c1ccccc1Oc1ccccc1)c1c(N)n(CC(C)C)c(=O)[nH]c1=O,Parathyroid hormone receptor
CCN(C(=O)CSc1nnc(-c2cccc(Cl)c2)n1N)c1c(N)n(Cc2ccccc2)c(=O)[nH]c1=O,Parathyroid hormone receptor
N#CCCC1(CCC#N)c2ccccc2C(=O)c2ccccc21,Parathyroid hormone receptor
CCCCn1c(N)c(N(CC(C)C)C(=O)c2cccc(-n3cnnn3)c2)c(=O)[nH]c1=O,Parathyroid hormone receptor
Cn1ccc2c(-c3cccnc3)cc3c(c21)C1CCC3O1,Parathyroid hormone receptor
Cn1c(=O)c2cc(NC(=O)CCc3cccnc3)ccc2n1Cc1cccc(C(F)(F)F)c1,Parathyroid hormone receptor
Cc1ccc2c(c1)N(c1ccc(NCCc3ncc[nH]3)cc1)C(=O)N(C(C)C)N=C2C1CCCCC1,Parathyroid hormone receptor
CC(C)(C)C(=O)c1c(N)[nH]c(C(=O)c2ccccc2)c1-c1ccc(C(F)(F)F)cc1,Parathyroid hormone receptor
CSc1ccccc1C(=O)OCC(=O)Nc1c(C)n(C)n(-c2ccccc2)c1=O,Parathyroid hormone receptor
Cn1nc(C(C)(C)C)cc1C(=O)N1CCCC(c2cc(C(=O)Nc3ccccc3Cl)no2)C1,Parathyroid hormone receptor
O=C(c1ccc(F)cc1)N1CCCC(c2nc(-c3ccncc3)no2)C1,Parathyroid hormone receptor
COc1ccccc1CN1C(=O)C(C)ON=C1c1ccccc1F,Parathyroid hormone receptor
Cc1ccc(S(=O)(=O)N2[C@@H](Cc3ccccc3)CO[C@H]2CC(=O)c2ccccc2)cc1,Parathyroid hormone receptor
Cc1c(/N=C/C=C2/N(C)c3ccccc3C2(C)C)c(=O)n(-c2ccccc2)n1C,Parathyroid hormone receptor
COc1ccccc1C1CC(=O)N(c2cccc(C(F)(F)F)c2)C2=C1C(=O)OC2,Parathyroid hormone receptor
COC(=O)[C@H](Cc1c[nH]c2ccccc12)NC(=O)NCc1ccccc1,Parathyroid hormone receptor
O=C(NCCc1ccc(Cl)cc1)C1CCN(c2ncnc3c2nc2n3CCCCC2)CC1,Parathyroid hormone receptor
OC(c1ccc(Cl)cc1)c1nc(-c2ccccc2F)c[nH]1,Parathyroid hormone receptor
Clc1ccc(-c2nnc3n2CCCS3)cc1,Parathyroid hormone receptor
CC(=O)Nc1cnc(-c2ccccc2C(F)(F)F)cn1,Parathyroid hormone receptor
CC(C)c1ccc(S(=O)(=O)N2CCN(C(C)C(=O)N3CCCC3)CC2)cc1,Parathyroid hormone receptor
CCOC(=O)CC(NC(=O)Cn1nnc(-c2ccc(C(F)(F)F)cc2)n1)c1ccc(C)cc1,Parathyroid hormone receptor
CC(C)(C)c1ccc(NC(=O)c2ccc3c(c2)S(=O)(=O)c2ccccc2C3=O)cc1,Parathyroid hormone receptor
Cc1cc(C(=O)OCC(=O)N2CCOCC2)c(C)n1-c1ccccc1,Parathyroid hormone receptor
CC[C@H](C)[C@H](NC(=O)[C@H]1CCC[C@@H]1NC(=O)[C@H](C)NC(=O)[C@H](NC(=O)[C@H](CC(C)C)NC(=O)[C@H]1CNC[C@@H]1NC(=O)[C@H](Cc1cnc[nH]1)NC(=O)[C@H](CC(C)C)NC(=O)[C@H](Cc1ccccc1)NC(=O)[C@H]1CNC[C@@H]1NC(=O)[C@H](CCCNC(=N)N)NC(=O)[C@H](CCCNC(=N)N)NC(=O)[C@H](CCCNC(=N)N)NC(=O)[C@H]1CCC[C@@H]1NC(=O)[C@H](CC(=O)O)NC(=O)[C@H](CCC(N)=O)NC(=O)[C@@H](NC(=O)[C@H]1CCC[C@@H]1NC(=O)[C@H](CCCCN)NC(=O)CNC(=O)[C@H](CCCCN)NC(=O)[C@H](CC(=O)O)NC(=O)[C@H](Cc1cnc[nH]1)NC(=O)[C@H](CC(C)C)NC(=O)[C@H](CC(C)C)NC(=O)[C@H](CCC(N)=O)NC(=O)[C@H](Cc1cnc[nH]1)NC(=O)[C@H](CCC(=O)O)NC(=O)[C@H](CO)NC(=O)[C@@H](NC(=O)[C@H](C)N)C(C)C)[C@@H](C)CC)[C@@H](C)CC)C(=O)N[C@@H](Cc1cnc[nH]1)C(=O)N[C@H](C(=O)N[C@H]1CCC[C@@H]1C(N)=O)[C@@H](C)O,Parathyroid hormone receptor
COc1ccc(CNC(=O)CCc2ccc(S(=O)(=O)N3CCCCCC3)cc2)cc1OC,Parathyroid hormone receptor
COc1ccc(C2C(C(N)=O)=C(C)Nc3nc(CCCO)nn32)cc1OC,Parathyroid hormone receptor
O=C1C(c2ccccc2)CN1Cc1ccccc1,Parathyroid hormone receptor
Cc1ccc(CNC(=O)c2nc(SCc3cccc(C)c3)ncc2Cl)cc1,Parathyroid hormone receptor
COc1ccccc1N1CCN(C(=O)c2cc3c(=O)oc4ccccc4c3s2)CC1,Parathyroid hormone receptor
CC1(c2nnnn2C2CCCC2)CCC(=O)N1c1ccc2c(c1)OCCO2,Parathyroid hormone receptor
CCOc1ccc(-c2noc(-c3csc([C@@H]4O[C@H](CO)[C@H](O)[C@H](O)[C@H]4O)n3)n2)cc1,Parathyroid hormone receptor
CC[C@H](C)[C@H](NC(=O)[C@H](CCC(=O)O)NC(=O)[C@H](CO)NC(=O)[C@@H](NC(=O)[C@H]1CCC[C@@H]1N)C(C)C)C(=O)N[C@@H](CCC(N)=O)C(=O)N[C@H]1CCC[C@@H]1C(=O)N[C@@H](CCSC)C(=O)N[C@@H](Cc1cnc[nH]1)C(=O)N[C@@H](CC(N)=O)C(=O)N[C@@H](CC(C)C)C(=O)NCC(=O)N[C@@H](CCCCN)C(=O)N[C@H](CC(=O)N[C@@H](CC(C)C)C(=O)N[C@@H](CC(N)=O)C(=O)N[C@@H](CO)C(=O)N[C@@H](CCSC)CC(=O)N[C@@H](CCC(=O)O)C(=O)N[C@@H](CCCNC(=N)N)C(=O)N[C@H](C(=O)N[C@@H](CCC(=O)O)CC(=O)N[C@@H](Cc1c[nH]c2ccccc12)C(=O)N[C@@H](CC(C)C)C(=O)N[C@@H](CCCNC(=N)N)C(=O)N[C@@H](CCCCN)CC(=O)N[C@@H](CCCCN)C(=O)N[C@@H](CC(C)C)C(=O)N[C@@H](CCC(N)=O)C(=O)N[C@@H](CC(=O)O)CC(=O)N[C@H](C(=O)N[C@@H](Cc1cnc[nH]1)C(=O)N[C@@H](CC(N)=O)C(=O)N[C@H](CC(N)=O)Cc1ccccc1)C(C)C)C(C)C)Cc1c[nH]c2ccccc12,Parathyroid hormone receptor
Cc1ccc(Nc2nc3ccccc3c3nncn23)c(Cl)c1,Parathyroid hormone receptor
Cc1ccccc1OCC(=O)Nc1nnc(COc2ccccc2)s1,Parathyroid hormone receptor
CC1(c2ccccc2)NC(=O)N(CC(=O)Nc2ccc(S(=O)(=O)NC3=NCCCCC3)cc2)C1=O,Parathyroid hormone receptor
COc1cccc(CNC(=O)C(=O)NCC(c2ccco2)S(=O)(=O)c2ccccc2)c1,Parathyroid hormone receptor
O=S1(=O)N[C@@H](Cc2ccccc2)COc2cc(N3CCC[C@H]3CO)ccc21,Parathyroid hormone receptor
CCN(C(=O)c1cccn(Cc2ccccc2C)c1=O)c1ccccc1,Parathyroid hormone receptor
OCCC1CN(Cc2cccn2-c2ncccn2)CCN1Cc1ccc(F)cc1,Parathyroid hormone receptor
COC(=O)CC(=O)O[C@H]1C=C[C@@H](NC(=O)OC(C)(C)C)C1,Parathyroid hormone receptor
COC(=O)c1ccccc1NC(=O)CN1C(=O)NC2(CCCCCCC2)C1=O,Parathyroid hormone receptor
Nc1nc2cc3c(cc2cc1C(=O)NCc1ccc(F)cc1)OCO3,Parathyroid hormone receptor
COC(=O)[C@@]1(Sc2ccc(C)cc2)CC(=O)N(c2ccc(Cl)cc2)[C@@H]1c1ccccc1,Parathyroid hormone receptor
CCCCCCN1CCN(C2CN(Cc3cn(Cc4ccc(C)cc4)nn3)S(=O)(=O)C2)CC1,Parathyroid hormone receptor
OC[C@@H]1CN(Cc2ccccc2)C[C@H](n2cnc3c(NC4CC4)ncnc32)O1,Parathyroid hormone receptor
CCO[C@H]1OC(C(=O)O)=C[C@@H](c2ccc(C(F)(F)F)cc2)[C@@H]1CCCO,Parathyroid hormone receptor
C=C(C)Cn1c2ccc(NC(=O)NCc3ccc(F)cc3)cc2c(=O)n1C,Parathyroid hormone receptor
CSc1nc([O-])cc(=O)n1-c1ccc(F)cc1.[K+],Parathyroid hormone receptor
O=C(Nc1ccc(Cl)cc1)c1csc(COCCO)n1,Parathyroid hormone receptor
O=C(NCC(c1ccc2c(c1)OCO2)N1CCOCC1)c1cccc(Cl)c1,Parathyroid hormone receptor
OC(CN1CCCCC1)c1ccc(Br)cc1,Parathyroid hormone receptor
O=C(Cn1c(CO)nc2ccccc21)Nc1ccc2c(c1)OCCCO2,Parathyroid hormone receptor
O=C(COC(=O)C1CC(O)CN1S(=O)(=O)c1ccc(Cl)cc1)NC1CCCCCC1,Parathyroid hormone receptor
Cc1ccc(S(=O)(=O)N2C[C@H]3C(=O)C[C@@H]4C(=O)N(c5ccccc5)C(=O)[C@@H]4[C@@H]3C[C@H]2c2cccs2)cc1,Parathyroid hormone receptor
O=c1c(S(=O)(=O)c2ccccc2)cn(Cc2ccc(F)cc2)c2cc(N3CCCC3)c(F)cc12,Parathyroid hormone receptor
CC[C@H](C)[C@H](NC(=O)[C@H](CCC(=O)O)NC(=O)[C@H](CO)NC(=O)[C@@H](NC(=O)[C@H]1CCC[C@@H]1N)C(C)C)C(=O)N[C@@H](CCC(N)=O)C(=O)N[C@@H](CC(C)C)C(=O)N[C@@H](CCSC)C(=O)N[C@@H](Cc1cnc[nH]1)C(=O)N[C@@H](CC(N)=O)C(=O)N[C@@H](CC(C)C)C(=O)NCC(=O)N[C@@H](CCCCN)C(=O)N[C@@H](Cc1cnc[nH]1)C(=O)N[C@@H](CC(C)C)C(=O)N[C@@H](CC(N)=O)C(=O)N[C@@H](CO)C(=O)N[C@@H](CCSC)C(=O)N[C@@H](CCC(=O)O)C(=O)N[C@@H](CCCNC(=N)N)C(=O)N[C@H](C(=O)N[C@@H](CCC(=O)O)C(=O)N[C@@H](Cc1c[nH]c2ccccc12)C(=O)N[C@@H](CC(C)C)C(=O)N[C@@H](CCCNC(=N)N)C(=O)N[C@@H](CCCCN)C(=O)N[C@@H](CCCCN)C(=O)N[C@@H](CC(C)C)C(=O)N[C@@H](CCC(N)=O)C(=O)N[C@@H](CC(=O)O)C(=O)N[C@H](C(=O)N[C@@H](Cc1cnc[nH]1)C(=O)N[C@@H](CC(N)=O)C(=O)N[C@@H](Cc1ccccc1)C(N)=O)C(C)C)C(C)C,Parathyroid hormone receptor
Cc1ccccc1CN1[C@@H](C(C)C)COCCS1(=O)=O,Parathyroid hormone receptor
N=C(N)Nc1cccc(N2C(=O)N(Cc3ccccc3)N=C(C3CCCCC3)c3ccccc32)c1,Parathyroid hormone receptor
COCCNC(=O)Cn1nc(-c2ccccc2C)ccc1=O,Parathyroid hormone receptor
CCn1c(SCC(=O)N2CCCc3ccccc32)nnc1-c1ccoc1C,Parathyroid hormone receptor
O=C(NCc1ccc(Cl)cc1)c1ccc(CNc2c(N3CCCC3)c(=O)c2=O)cc1,Parathyroid hormone receptor
CN(C(=O)c1cccc(NC(=O)Cc2ccc(NC(=O)C3CCCN(C(=O)c4ccccc4)C3)cc2)c1)C1CCC1,Parathyroid hormone receptor
CNC(=O)CN(C)S(=O)(=O)c1ccc(F)cc1,Parathyroid hormone receptor
CCOC(=O)C1CCCN(C(=O)c2cc3c(OC)c(OC)c(OC)cc3[nH]2)C1,Parathyroid hormone receptor
COc1ccc(NC(=O)Nc2ccc3c(c2)C(=O)N([C@H](C)CO)C[C@H](C)[C@@H](CN(C)S(=O)(=O)c2ccc(F)cc2)O3)cc1,Parathyroid hormone receptor
Cc1ccc(CNC(=O)CC[C@H]2O[C@@H](n3cc(C)c(=O)[nH]c3=O)C[C@@H]2O)o1,Parathyroid hormone receptor
Cc1ccc(-n2c3c(cc(C(=O)Nc4cccc(Cl)c4)c2=O)C(=O)CC(C)(C)C3)cc1,Parathyroid hormone receptor
COC(=O)c1cc(S(=O)(=O)N2CCOCC2)c(N2CCOCC2)cc1N1CCOCC1,Parathyroid hormone receptor
COc1ccc(CNC(=O)CCCc2nnc3n(C(C)C)c(=O)c4sccc4n23)cc1,Parathyroid hormone receptor
Cc1ccc(S(=O)(=O)NC(=O)C2(C)CCN2C(=O)Cc2ccc(C(C)(C)C)cc2)nc1,Parathyroid hormone receptor
Cc1cccc(C)c1NC(=O)Cn1c(=O)n(CCCS(=O)(=O)C2CCCCC2)c(=O)c2ccccc21,Parathyroid hormone receptor
COc1ccc(CCN(Cc2cc3ccc(C)cc3nc2O)C(C)=O)cc1OC,Parathyroid hormone receptor
O=C(OCC(=O)N1CCCc2ccccc21)c1cc(S(=O)(=O)N2CCOCC2)ccc1F,Parathyroid hormone receptor
CC(C(=O)OCC(=O)Nc1ccc(S(N)(=O)=O)cc1)N1C(=O)c2ccccc2C1=O,Parathyroid hormone receptor
COc1cc2c(cc1OC)C(c1ccccc1)N(Cc1ccc(S(=O)(=O)NC(=O)c3ccco3)cc1)CC2,Parathyroid hormone receptor
O=C(NC1CCCC1)C1c2ccccc2OCC(=O)N1CCCN1CCOCC1,Parathyroid hormone receptor
Cc1ccc(CSc2nnc(CC(=O)Nc3ccc(C)cc3)n2C)cc1,Parathyroid hormone receptor
CC1(C)CC(=O)C=C(C(=O)N2CCCC(C(=O)c3cc(F)ccc3F)C2)O1,Parathyroid hormone receptor
Cc1ccc(C)c(NC(=O)CSc2cn(CC(=O)N3CCCCC3)c3ccccc23)c1,Parathyroid hormone receptor
Cc1cc(F)ccc1-c1cc(C(=O)NCc2cc(C(F)(F)F)cc(C(F)(F)F)c2)[nH]n1,Parathyroid hormone receptor
CCOc1ccc(NC(=O)CN(C)C(=O)c2ccc3c(c2)S(=O)(=O)N=C2CCCCCN23)cc1OCC,Parathyroid hormone receptor
Cc1cc(C(=O)OCC(=O)NCCc2ccccc2)c2ccccc2n1,Parathyroid hormone receptor
[H][C@@]12COC[C@@H](O)CN(Cc3cc(F)ccc3F)[C@@]1([H])CC[C@H](CC(=O)NCc1ccc(Cl)cc1)O2,Parathyroid hormone receptor
CCCC[C@H](NC(=O)[C@H](CC(C)C)NC(=O)[C@H](CCC(N)=O)NC(=O)[C@@H](NC(=O)[C@H](CCC(=O)O)NC(=O)C(C)(C)NC(=O)[C@@H](NC(=O)C(C)(C)N)C(C)C)[C@@H](C)CC)C(=O)N[C@@H](Cc1cnc[nH]1)C(=O)N[C@@H](CCC(N)=O)C(=O)N[C@@H](CCCNC(=N)N)C(=O)N[C@@H](C)C(=O)N[C@@H](CCCCN)C(=O)N[C@@H](Cc1ccc(O)cc1)C(=O)N[C@@H](CCCCNC(=O)c1ccccc1-c1c2ccc(=O)cc-2oc2cc(O)ccc12)C(N)=O,Parathyroid hormone receptor
O=C1CC(c2ccc(F)cc2F)c2cc3c(cc2N1)OCO3,Parathyroid hormone receptor
Cc1ccc2c(c1)N(c1ccc(NCCc3ncc[nH]3)cc1)C(=O)N(C)N=C2C1CCCCC1,Parathyroid hormone receptor
CCN(CC)C(=O)Cn1c(=O)n(CCCCCC(=O)NCc2ccccc2Cl)c(=O)c2sccc21,Parathyroid hormone receptor
O=c1c(Cc2c(F)cccc2Cl)c(O)ccn1Cc1ccc(F)cc1,Parathyroid hormone receptor
COc1ccc(NC(=O)CN(C)CC(=O)NC2CCC(C)CC2)cc1,Parathyroid hormone receptor
CC(=O)Nc1ccc(NC(=O)C2Cc3ccccc3N2C(=O)c2ccccc2)cc1,Parathyroid hormone receptor
CCn1c(=O)c2c(nc(SCC(=O)NC3CCCC3)n2C)n(C)c1=O,Parathyroid hormone receptor
Cc1ccc(NC2CCCN(C(=O)CCc3scnc3C)C2)cc1C,Parathyroid hormone receptor
CC1=C(C(=O)Nc2ccc(Cl)cc2)C(CC(C)C)n2nc(SCc3ccccc3C)nc2N1,Parathyroid hormone receptor
COc1ccc(/C=C/C(=O)OCC(=O)N2c3ccccc3CC2C)cc1,Parathyroid hormone receptor
N=C(N)Nc1ccc(Cc2ccc(N3C(=O)N(Cc4ccccc4)N=C(C4CCCCC4)c4ccccc43)cc2)cc1,Parathyroid hormone receptor
CCc1c2ccccc2nn1-c1ccccc1C(=O)C(C)=O,Parathyroid hormone receptor
O=c1c2ccccc2n2cnnc2n1-c1ccccc1,Parathyroid hormone receptor
CC[C@H](C)[C@H](NC(=O)[C@H](CCC(=O)O)NC(=O)[C@H](C)NC(=O)[C@@H](NC(=O)[C@H](C)N)C(C)C)C(=O)N[C@@H](CCC(N)=O)C(=O)N[C@@H](CC(C)C)C(=O)N[C@@H](CCSC)C(=O)N[C@@H](Cc1cnc[nH]1)C(=O)N[C@@H](CCC(N)=O)C(=O)N[C@@H](CCCCNC(=N)N)C(=O)N[C@@H](C)C(=O)N[C@@H](CCCCN)C(=O)N[C@@H](Cc1c[nH]c2ccccc12)C(N)=O,Parathyroid hormone receptor
COc1ccccc1NC(=O)c1ccc(NC(=O)COC(=O)c2ccc(O)cc2)cc1,Parathyroid hormone receptor
Cc1ccc(CNC(=O)CCc2c(C)nc3nc(CNC(=O)OC(C)(C)C)nn3c2C)cc1,Parathyroid hormone receptor
Cc1ccc2c(c1)N(c1ccc(NCCc3ncc[nH]3)cc1)C(=O)N(C1COc3ccccc3OC1)N=C2C1CCCCC1,Parathyroid hormone receptor
CN(Cc1ccc(F)cc1)S(=O)(=O)c1ccc2[nH]c(O)nc2c1,Parathyroid hormone receptor
CC1Sc2ccc(S(=O)(=O)NCCc3ccc(S(N)(=O)=O)cc3)cc2NC1=O,Parathyroid hormone receptor
O=C(NCC1CCCN(C(=O)Cc2ccccc2Cl)C1)c1ccc(F)cc1,Parathyroid hormone receptor
CN(C(=O)Cn1c(=O)n(CCCS(=O)(=O)C2CCCCC2)c(=O)c2ccccc21)c1ccccc1,Parathyroid hormone receptor
C[C@H]1[C@@H](Cc2cc(Cl)cc(Cl)c2)N(c2ccccc2)c2ccccc2CN1Cc1ccccc1,Parathyroid hormone receptor
Cc1cccc(OCC(=O)NCc2ccc3c(c2)CCN3C(=O)c2ccc(Cl)cc2)c1,Parathyroid hormone receptor
COc1cc2c(cc1OC)C(=O)C(c1ccc3c(c1)OCO3)CC2,Parathyroid hormone receptor
Cc1ccc2c(c1)N(c1ccc(NCCc3ncc[nH]3)cc1)C(=O)N(C1CCc3ccccc3CC1)N=C2C1CCOCC1,Parathyroid hormone receptor
CCOc1ccc(S(=O)(=O)NCCC(=O)NCCCSc2ccccc2)cc1,Parathyroid hormone receptor
Cc1ccc2c(c1)N(c1ccc(NC3=NCCN3)cc1)C(=O)N(Cc1ccccc1)N=C2C1CCCCC1,Parathyroid hormone receptor
Cc1ccc(S(=O)(=O)N2CCC[C@H]2C(=O)OCC(=O)N2c3ccccc3NC(=O)C2(C)C)cc1,Parathyroid hormone receptor
COc1cccc(C2CC(=O)Nc3c2c(=O)n(C)c2ncnn32)c1OC,Parathyroid hormone receptor
COc1ccc(CNC(=O)c2cnc(N3CCCC3)nc2C)c(OC)c1,Parathyroid hormone receptor
Cc1cc(C)n(CC(=O)N2CCCC(N3CCN(c4ccccc4C)CC3)C2)n1,Parathyroid hormone receptor
CC(C)CCNC(=O)CSc1nc2ccsc2c(=O)n1Cc1ccccc1Cl,Parathyroid hormone receptor
CCCn1ccc(O)c(Cc2ccc(Cl)cc2)c1=O,Parathyroid hormone receptor
Cc1ccc(C(=O)NCC(=O)OCC(=O)Nc2ccc(Cl)cn2)cc1,Parathyroid hormone receptor
CCCC[C@@H]1NC(=O)[C@H](CC(C)C)NC(=O)[C@@H](NC(=O)[C@@H](NC(=O)[C@H](CCC(=O)O)NC(=O)C(C)(C)NC(=O)[C@@H](NC(=O)C(C)(C)N)C(C)C)[C@@H](C)CC)CCCCNC(=O)CC[C@@H](C(=O)N[C@@H](CCCCNC(=N)N)C(N)=O)NC(=O)[C@H](Cc2cnc[nH]2)NC1=O,Parathyroid hormone receptor
CC[C@H](C)[C@H](NC(=O)[C@H](CCC(=O)O)NC(=O)[C@H](CO)NC(=O)[C@@H](NC(=O)[C@H]1CCC[C@@H]1N)C(C)C)C(=O)N[C@@H](CCC(N)=O)C(=O)N[C@H]1CCC[C@@H]1C(=O)N[C@@H](CCSC)C(=O)N[C@@H](Cc1cnc[nH]1)C(=O)N[C@@H](CC(N)=O)C(=O)N[C@@H](CC(C)C)C(=O)NCC(=O)N[C@@H](CCCCN)C(=O)N[C@@H](Cc1cnc[nH]1)C(=O)N[C@@H](CC(C)C)C(=O)N[C@@H](CC(N)=O)C(=O)N[C@@H](CO)C(=O)N[C@@H](CCSC)C(=O)N[C@@H](CCC(=O)O)C(=O)N[C@@H](CCCNC(=N)N)C(=O)N[C@H](C(=O)N[C@@H](CCC(=O)O)C(=O)N[C@@H](Cc1c[nH]c2ccccc12)C(=O)N[C@@H](CC(C)C)C(=O)N[C@@H](CCCNC(=N)N)C(=O)N[C@@H](CCCCN)C(=O)N[C@@H](CCCCN)C(=O)N[C@@H](CC(C)C)C(=O)N[C@@H](CCC(N)=O)C(=O)N[C@@H](CC(=O)O)C(=O)N[C@H](C(=O)N[C@@H](Cc1cnc[nH]1)C(=O)N[C@@H](CC(N)=O)C(=O)N[C@@H](Cc1ccccc1)C(N)=O)C(C)C)C(C)C,Parathyroid hormone receptor
COCC(O)Cn1ccnc1N=Nc1ccccc1,Parathyroid hormone receptor
CC(=O)N1CCN(S(=O)(=O)c2cccc(C(=O)OCc3ccc(F)cc3)c2)CC1,Parathyroid hormone receptor
COc1cc(SC)ccc1C(=O)OCC(=O)NCCC1=CCCCC1,Parathyroid hormone receptor
OC[C@@H]1CN(Cc2ccncc2)C[C@H](n2cnc3c(N4CCCC4)ncnc32)O1,Parathyroid hormone receptor
CC[C@H](C)[C@H](NC(=O)[C@H](CCC(=O)O)NC(=O)[C@H](CO)NC(=O)[C@@H](NC(=O)[C@@H](N)CO)C(C)C)C(=O)N[C@@H](CCC(N)=O)C(=O)N[C@H]1CCC[C@@H]1C(=O)N[C@@H](CCSC)C(=O)N[C@@H](Cc1cnc[nH]1)C(=O)N[C@@H](CC(N)=O)C(=O)N[C@@H](CC(C)C)C(=O)NCC(=O)N[C@@H](CCCCN)C(=O)N[C@@H](Cc1cnc[nH]1)C(=O)N[C@@H](CC(C)C)C(=O)N[C@@H](CC(N)=O)C(=O)N[C@@H](CO)C(=O)N[C@@H](CCSC)C(=O)N[C@@H](CCC(=O)O)C(=O)N[C@@H](CCCNC(=N)N)C(=O)N[C@H](C(=O)N[C@@H](CCC(=O)O)C(=O)N[C@@H](Cc1c[nH]c2ccccc12)C(=O)N[C@@H](CC(C)C)C(=O)N[C@@H](CCCNC(=N)N)C(=O)N[C@@H](CCCCN)C(=O)N[C@@H](CCCCN)C(=O)N[C@@H](CC(C)C)C(=O)N[C@@H](CCC(N)=O)C(=O)N[C@@H](CC(=O)O)C(=O)N[C@H](C(=O)N[C@@H](Cc1cnc[nH]1)C(=O)N[C@@H](CC(N)=O)C(=O)N[C@@H](Cc1ccccc1)C(N)=O)C(C)C)C(C)C,Parathyroid hormone receptor
Cc1ccnc(NC(=O)CCC(=O)N(CC(=O)NCCc2ccccc2)c2ccc(F)cc2)c1,Parathyroid hormone receptor
[H][C@@]12C[C@H](N(C)C(=O)c3ccc(OC)cc3)[C@H](CO)C(=O)N1CCc1c2[nH]c2ccccc12,Parathyroid hormone receptor
COc1ncccc1-c1cnc2cccnn12,Parathyroid hormone receptor
CC(CC(=O)Nc1ccccc1C(F)(F)F)c1ccccc1,Parathyroid hormone receptor
CCCN(CC(=O)Nc1ccc(F)c(F)c1F)C(=O)c1ccc(N2CCCC2=O)cc1,Parathyroid hormone receptor
O=C(CCc1nnc(Cc2c[nH]c3ccccc23)o1)NCCC1CCCCO1,Parathyroid hormone receptor
CC1CCCC(C)N1NC(=O)Cc1ccccc1,Parathyroid hormone receptor
COC(=O)CC1c2cc(OC)c(OC)cc2CCN1C(=O)Nc1ccc(C)cc1Cl,Parathyroid hormone receptor
CC(=O)Nc1ccc(S(=O)(=O)N2CCN(C)CC2)cc1,Parathyroid hormone receptor
Cc1ccc(S(=O)(=O)N2CCN(C(=O)COC(=O)CCOc3cc(C)ccc3C)CC2)c(C)c1,Parathyroid hormone receptor
CCn1c(SCC(=O)NCC2CCCO2)nc2c(c1=O)SCC2,Parathyroid hormone receptor
COC(=O)c1ccccc1NC(=O)CSc1nc2ccsc2c(=O)n1Cc1ccc(C(=O)O)cc1,Parathyroid hormone receptor
CCOC(=O)C1=C(COC(=O)/C=C/c2ccc(F)cc2)NC(=O)NC1C,Parathyroid hormone receptor
Cc1ccc(S(=O)(=O)N2CC(CO)=CCC2c2ccccc2)cc1,Parathyroid hormone receptor
COc1ccc(C(CNC(=O)c2ccc(OCc3c(C)noc3C)cc2)N2CCCC2)cc1,Parathyroid hormone receptor
Cc1ccc(Cl)cc1N1CCN(S(=O)(=O)c2cc(Br)cc3c2N(C(=O)C2CC2)CC3)CC1,Parathyroid hormone receptor
O=C(c1ccc2snnc2c1)N1CCN(c2ccccc2)CC1,Parathyroid hormone receptor
CC(C)N(C)C1CCN(C(=O)Nc2ccc(Cl)cc2)CC1,Parathyroid hormone receptor
CC(C)C[C@H]1CN([C@@H](CC(C)C)CN2CCC[C@H]2CN2C(=O)C(=O)NC[C@@H]2Cc2ccc(O)cc2)C(=O)C(=O)N1CCc1ccccc1,Parathyroid hormone receptor
COc1ccc(CNC(=O)c2cc(S(=O)(=O)N3CCCCC3)ccc2N2CCOCC2)cc1OC,Parathyroid hormone receptor
CN(Cc1ccccc1)c1nccn2ccnc12,Parathyroid hormone receptor
