smiles,targetname
Cn1c(Nc2c(Cl)ccc(CNC(=O)C(C)(C)F)c2Cl)nc2cc(C(=O)Nc3cccc(C(F)(F)F)n3)c(N3CCC(C(F)(F)F)CC3)cc21,Prostaglandin E synthase
COCc1nc2c(C(=O)Nc3cccc(Cl)c3C)cc(NC(=O)c3cc(Br)ccc3Cl)cc2[nH]1,Prostaglandin E synthase
Cn1c(=O)[nH]c(=O)c2c1nc(SCC(=O)O)n2Cc1ccc(Cl)cc1,Prostaglandin E synthase
CC(=O)N1CCC[C@H]1c1nc2c(C(=O)Nc3cccc(Cl)c3C)cc(NC(=O)c3ccccc3C(F)(F)F)cc2[nH]1,Prostaglandin E synthase
Cc1c(Cl)cccc1NC(=O)c1cc(NC(=O)c2ccccc2C(F)(F)F)cc2[nH]c(Cl)nc12,Prostaglandin E synthase
Cn1c(Nc2c(Cl)ccc(CNC(=O)C(C)(C)C)c2Cl)nc2cc(C(=O)Nc3ccc(C(F)(F)F)cc3)c(N3CC[C@@H](F)C3)c(F)c21,Prostaglandin E synthase
Cc1c(Cl)cccc1NC(=O)c1cc(NC(=O)c2ccccc2C(F)(F)F)cc2[nH]c(C(C)(C)CCl)nc12,Prostaglandin E synthase
CCOCCOc1ccc(Cl)c(C(=O)Nc2cc(C(=O)Nc3cccc(Cl)c3C)c3nc(COC)[nH]c3c2)c1,Prostaglandin E synthase
Cn1c(Nc2c(Cl)ccc(CNC(=O)C(C)(C)C)c2Cl)nc2cc(C(=O)N[C@H]3CC[C@H](C(F)(F)F)CC3)c(N3CCC(F)(F)CC3)cc21,Prostaglandin E synthase
Cn1c(Nc2c(Cl)ccc(CNC(=O)C(C)(C)C)c2Cl)nc2cc(C(=O)NCc3ncccc3C(F)(F)F)c(OCC(F)F)cc21,Prostaglandin E synthase
Cn1c(Nc2c(Cl)ccc(CNC(=O)C(C)(C)C)c2Cl)nc2cc(C(=O)NCC(F)(F)F)c(Nc3ccc(F)c(Cl)c3)cc21,Prostaglandin E synthase
CCCCCCCCCCCC(=O)c1cc(CC(=O)O)n(C)c1,Prostaglandin E synthase
CC1(C)Oc2cc(C#Cc3cc(F)ccc3C(F)(F)F)ccc2-c2nc(-c3c(Cl)cncc3Cl)[nH]c21,Prostaglandin E synthase
COc1ccc2c(=O)[nH]c(-c3cc(CNC(=O)C(C)C)ccc3Cl)nc2c1,Prostaglandin E synthase
CC(NC(=O)c1cc2nc(Nc3c(Cl)ccc(CNC(=O)C(C)(C)C)c3Cl)n(C)c2cc1OCC(F)F)C(F)(F)F,Prostaglandin E synthase
CC(C)(O)Cc1ccc2c(c1)c1cc(OCC3CC3)ccc1c1nc(-c3c(C#N)cccc3C#N)[nH]c21,Prostaglandin E synthase
Cn1c(Nc2c(F)cccc2Cl)nc2cc(C(=O)Nc3cc(F)cc(C(F)(F)F)c3)c(O)c(O)c21,Prostaglandin E synthase
Cc1c(Cl)cccc1NC(=O)c1cc(NC(=O)c2ccccc2C(F)(F)F)cc2[nH]c([C@H]3CCC(=O)N3)nc12,Prostaglandin E synthase
CN(c1cc2c(cc1C(=O)N[C@H]1CC[C@H](C(F)(F)F)CC1)nc(Nc1c(Cl)ccc(CNC(=O)C(C)(C)C)c1Cl)n2C)C1CCS(=O)(=O)C1,Prostaglandin E synthase
Cc1cccc(Cl)c1Nc1nc2cc(C(=O)Nc3cc(F)cc(C(F)(F)F)c3)c3c(c2[nH]1)OCCO3,Prostaglandin E synthase
COCc1nc2c(C(=O)Nc3cccc(Cl)c3C)cc(NC(=O)c3cc(C(F)(F)F)ccc3C(F)(F)F)cc2[nH]1,Prostaglandin E synthase
COCc1nc2c(C(=O)Nc3cccc(Cl)c3C)cc(NC(=O)c3ccc(C(F)(F)F)cc3C(F)(F)F)cc2[nH]1,Prostaglandin E synthase
Cc1c(Cl)cccc1NC(=O)c1cc(NC(=O)c2ccccc2C(F)(F)F)cc2[nH]c(C3(C(F)(F)F)CC3)nc12,Prostaglandin E synthase
COCc1nc2c(C(=O)Nc3cccc(Cl)c3C)cc(NC(=O)c3cc(CCCOC(C)(C)C)ccc3Cl)cc2[nH]1,Prostaglandin E synthase
Cc1cc2oc(N3CCC(C(=O)N[C@H]4CCC[C@H](CO)C4)CC3)nc2cc1Cl,Prostaglandin E synthase
CC1(C)Oc2cc(C#Cc3ccccc3C(F)(F)F)ccc2-c2nc(-c3c(F)cncc3Cl)[nH]c21,Prostaglandin E synthase
Cn1c(Nc2c(F)ccc(CNC(=O)C(C)(C)C)c2F)nc2cc(C(=O)N[C@H]3CC[C@H](C(F)(F)F)CC3)c(OCC(F)F)cc21,Prostaglandin E synthase
Cc1c(Cl)cccc1NC(=O)c1cc(NC(=O)c2ccccc2C(F)(F)F)cc2[nH]c(N3CC[C@H](N(C)C)C3)nc12,Prostaglandin E synthase
O=c1[nH]ccc2c3[nH]c(-c4cccc(Cl)c4)nc3c3ccc(F)cc3c12,Prostaglandin E synthase
CN1C(=O)C(N)NC(=O)c2ccccc21,Prostaglandin E synthase
Cc1ccc(-c2nc3cnc4cc(Br)ccc4c3[nH]2)cc1,Prostaglandin E synthase
O=C(c1ccccc1)c1cc(Cl)cc2c1[S+]([O-])CC2C(=O)O,Prostaglandin E synthase
Cn1c(Nc2c(Cl)ccc(CNC(=O)C(C)(C)C)c2Cl)nc2cc(C(=O)Nc3ccc(F)c(Cl)c3)c(N3CC4CC4C3)cc21,Prostaglandin E synthase
CN(c1cc2c(cc1C(=O)NCC(F)(F)F)nc(Nc1c(Cl)ccc(CNC(=O)C(C)(C)C)c1Cl)n2C)C1CC1,Prostaglandin E synthase
COCC(C)(C)CNc1nc2c(C(=O)Nc3cccc(Cl)c3C)cc(NC(=O)c3ccccc3C(F)(F)F)cc2[nH]1,Prostaglandin E synthase
CC(C)(C)C(=O)NCc1ccc(Cl)c(Nc2nc3cc(C(=O)N[C@H]4CC[C@H](C(F)(F)F)CC4)c(N4CC[C@@H](F)C4)cc3n2CC(F)F)c1Cl,Prostaglandin E synthase
C/C(=NNC(=O)c1ccc([N+](=O)[O-])c(C)c1)c1cccc(NC(=O)COc2ccc(Cl)cc2Cl)c1,Prostaglandin E synthase
CC(C)C(=O)NCc1ccc(Cl)c(-c2nc3cc(C(N)=O)ccc3c(=O)[nH]2)c1,Prostaglandin E synthase
Fc1cccc(Cl)c1-c1nc(-c2ccc(C#Cc3nccs3)nc2)c[nH]1,Prostaglandin E synthase
Cn1c(Nc2c(Cl)ccc(CNC(=O)C(C)(C)C)c2Cl)nc2cc(C(=O)NCc3ccccc3C(F)(F)F)c(OCC(F)F)cc21,Prostaglandin E synthase
CC1(C)Oc2cc(C#Cc3cc(C(F)(F)F)ccc3Cl)ccc2-c2nc(-c3c(Cl)cncc3Cl)[nH]c21,Prostaglandin E synthase
Cn1c(Nc2c(Cl)ccc(CNC(=O)C(C)(C)C(F)(F)F)c2Cl)nc2cc(C(=O)N[C@H]3CC[C@H](C(F)(F)F)CC3)c(N3CCC(C(F)(F)F)CC3)cc21,Prostaglandin E synthase
CC1(C)Oc2cc(-c3ccc(Cl)cc3)ccc2-c2[nH]c(-c3c(F)cccc3Cl)nc21,Prostaglandin E synthase
Cn1c(Nc2c(Cl)ccc(CNC(=O)C(C)(C)C)c2F)nc2cc(C(=O)N[C@H]3CC[C@H](C(F)(F)F)CC3)c(OCC(F)F)cc21,Prostaglandin E synthase
Cn1c(Nc2c(F)cccc2Cl)nc2cc(C(=O)Nc3ccc(C(F)(F)F)cc3)c3c(c21)CC(C)(C)O3,Prostaglandin E synthase
Cc1c(Cl)cccc1NC(=O)c1cc(NC(=O)c2ccccc2C(F)(F)F)cc2[nH]c(NCC(C)(C)CO)nc12,Prostaglandin E synthase
Cn1c(-c2ccccc2Cl)nc2c3ccc(Br)cc3[nH]c(=O)c21,Prostaglandin E synthase
O=C(CCCSc1nnc(-c2ccccc2)c(-c2ccccc2)n1)c1ccccc1,Prostaglandin E synthase
Cc1ccccc1NC(=O)/C(Cc1nc2ccc(C(=O)c3ccccc3)cc2nc1O)=NNC(=O)c1ccncc1,Prostaglandin E synthase
COCc1nc2c(C(=O)Nc3ccc4[nH]ccc4c3)cc(NC(=O)c3ccccc3C(F)(F)F)cc2[nH]1,Prostaglandin E synthase
Cn1c(Nc2c(Cl)ccc(CNC(=O)C(C)(C)C)c2Cl)nc2cc(C(=O)N[C@H]3CC[C@H](C(F)F)CC3)c(OCC(F)F)cc21,Prostaglandin E synthase
CC(C)(C)C(=O)NCc1ccc(F)c(Nc2nc3cc(F)c(C(=O)Nc4ccc(F)c(Cl)c4)cc3[nH]2)c1F,Prostaglandin E synthase
Cc1c(Cl)cccc1NC(=O)c1cc(NC(=O)c2ccccc2C(F)(F)F)cc2[nH]c(NCCOC(C)C)nc12,Prostaglandin E synthase
O=[N+]([O-])c1ccc(N/N=C(C=Cc2ccc3c(c2)OCO3)c2cnc(Nc3ccc(Cl)c(Cl)c3)s2)c([N+](=O)[O-])c1,Prostaglandin E synthase
N#Cc1ccccc1-c1nc2cnc3cc(Br)ccc3c2[nH]1,Prostaglandin E synthase
Cn1c(Nc2c(Cl)ccc(CNC(=O)C(C)(C)C)c2Cl)nc2cc(C(=O)Nc3ccc(Br)cc3)c(F)cc21,Prostaglandin E synthase
CC1(C)Oc2cc(I)ccc2-c2[nH]c(-c3c(F)cccc3Cl)nc21,Prostaglandin E synthase
Cc1c(C(=O)c2ccccc2)c(C)n(C)c1CCC(=O)O,Prostaglandin E synthase
CC(=O)O/N=C1C=Cc2c(no[n+]2[O-])C1=O,Prostaglandin E synthase
Cc1cccc(C)c1NCc1nnc(SCc2ccc(Cl)cc2)n1-c1ccccc1,Prostaglandin E synthase
O=C(O)c1nnn(CCNS(=O)(=O)c2ccccc2)c1C(=O)O,Prostaglandin E synthase
CC(C)C(=O)NCc1ccc(Cl)c(-c2nc3cc(Cl)c(N4CCN(C)CC4)cc3c(=O)[nH]2)c1,Prostaglandin E synthase
Cn1c(Nc2c(Cl)ccc(CNC(=O)C(C)(C)C)c2Cl)nc2cc(C(=O)Nc3ccc(F)c(Cl)c3)c(OCC(F)F)cc21,Prostaglandin E synthase
Cn1c(Nc2c(Cl)ccc(CNC(=O)C(C)(C)C)c2Cl)nc2cc(C(=O)N[C@H]3CC[C@H](C(F)(F)F)CC3)c(N3CC4CCC3C4)cc21,Prostaglandin E synthase
O=C(Oc1ccc([N+](=O)[O-])cc1)N(SSCc1ccccc1)c1ccccc1,Prostaglandin E synthase
Cn1c(Nc2c(Cl)ccc(CNC(=O)C(C)(C)C)c2Cl)nc2cc(C(=O)NCC(F)(F)C(F)(F)F)c(N3CCC(C(F)(F)F)CC3)cc21,Prostaglandin E synthase
CC(=O)c1c(O)c(CC=C(C)C)c(O)c(C(c2ccccc2)c2c(O)cc(C)oc2=O)c1O,Prostaglandin E synthase
CC(C)NC(=O)N(Cc1ccccc1)Cc1cccc(C#Cc2ccc(C(F)(F)F)cc2)c1,Prostaglandin E synthase
CC(C)N/C(=NC#N)N(Cc1ccccc1)Cc1cccc(C#Cc2ccccc2)c1,Prostaglandin E synthase
CCCCCCCCCCCC(=O)c1c(C)c(C(=O)O)n(-c2ccccc2)c1C,Prostaglandin E synthase
COCc1nc2c(C(=O)Nc3cccc(Cl)c3C)cc(NC(=O)c3ccccc3Cl)cc2[nH]1,Prostaglandin E synthase
CC(C)NC(=S)N(Cc1ccccc1)Cc1cccc(C#Cc2ccccc2)c1,Prostaglandin E synthase
COCc1nc2c(C(=O)Nc3cccc(Cl)c3C)cc(NC(=O)c3c(F)cccc3Br)cc2[nH]1,Prostaglandin E synthase
CCCc1nc2ccc(NC(=O)Nc3ccccc3Cl)cc2c(=O)n1Cc1ccccc1Cl,Prostaglandin E synthase
CC1(C)Oc2cc(C#Cc3ccccc3OC(F)(F)F)ccc2-c2[nH]c(-c3c(C#N)cccc3C#N)nc21,Prostaglandin E synthase
O=C(NC1CCCCCC1)C1CCN(c2nc3cc(Cl)ccc3o2)CC1,Prostaglandin E synthase
Cn1c(Nc2c(Cl)ccc(CNC(=O)C(C)(C)C)c2Cl)nc2cc(C(=O)NCCC(F)(F)F)c(N3CCC(C(F)(F)F)CC3)cc21,Prostaglandin E synthase
Cn1c(Nc2c(Cl)ccc(CNC(=O)C(C)(C)C)c2Cl)nc2cc(C(=O)N[C@H]3CC[C@H](C(F)(F)F)CC3)c(N3CC(C)(O)C3)cc21,Prostaglandin E synthase
CC(C)NC(=O)N(Cc1ccccc1)Cc1cccc(C#Cc2ccc(Cl)cc2)c1,Prostaglandin E synthase
O=C(O)c1nnn(CCNS(=O)(=O)c2ccccc2C(F)(F)F)c1C(=O)O,Prostaglandin E synthase
CC(C)(C)C(=O)NCc1ccc(Cl)c(Nc2nc3cc(OCC(F)F)c(C(=O)N[C@H]4CC[C@H](C(F)(F)F)CC4)cc3[nH]2)c1Cl,Prostaglandin E synthase
CC(C)NC(=O)N(Cc1ccccc1)Cc1cccc(OCc2ccccc2)c1,Prostaglandin E synthase
Cc1nc2ccc(NC(=O)c3ccccc3Cl)cc2c(=O)n1Cc1ccc(-c2cccc(Cl)c2)cc1,Prostaglandin E synthase
CCCCCCCCCCCC(=O)c1c(C)c(CCC(=O)O)n(Cc2ccc(Cl)cc2)c1C,Prostaglandin E synthase
CN(Cc1ccc(Cl)cc1)C(=O)NCCCCCCNC(=O)N(C)Cc1ccc(Cl)cc1,Prostaglandin E synthase
CCOC(=O)C1=C(C(=O)c2ccc(OC)cc2)C(c2ccc(-c3cccc(C(F)(F)F)c3)o2)NC(=S)N1,Prostaglandin E synthase
Cc1ccc(NC(=O)c2cc(NC(=O)c3ccccc3C(F)(F)F)cc3[nH]c(C(C)(C)C)nc23)cc1Cl,Prostaglandin E synthase
COCC1(CNC(=O)c2cc3nc(Nc4c(Cl)ccc(CNC(=O)C(C)(C)C)c4Cl)n(C)c3cc2OCC(F)F)CCCC1,Prostaglandin E synthase
O=C(NN(C(=O)Oc1ccccc1)c1ccccc1)Oc1ccccc1,Prostaglandin E synthase
COC(C)CN(C)c1cc2c(cc1C(=O)N[C@H]1CC[C@H](C(F)(F)F)CC1)nc(Nc1c(Cl)ccc(CNC(=O)C(C)(C)C)c1Cl)n2C,Prostaglandin E synthase
COc1cc2c(=O)[nH]c(-c3cc(CNC(=O)C(C)C)ccc3Cl)nc2cc1Cl,Prostaglandin E synthase
COC(C)(C)CNc1nc2c(C(=O)Nc3cccc(Cl)c3C)cc(NC(=O)c3ccccc3C(F)(F)F)cc2[nH]1,Prostaglandin E synthase
O=C(OCCN(CCOC(=O)c1ccccc1)C(=O)N(CCOC(=O)c1ccccc1)CCOC(=O)c1ccccc1)c1ccccc1,Prostaglandin E synthase
O=C(Nc1ccccc1)N(Cc1ccccc1)Cc1cccc(C#Cc2ccccc2)c1,Prostaglandin E synthase
Cc1ccc(NC(=O)c2cc(NC(=O)c3cc(Cl)ccc3Cl)cc3[nH]c(C4CC4)nc23)cc1Cl,Prostaglandin E synthase
Cc1c(Cl)cccc1NC(=O)c1cc(NC(=O)c2ccccc2C(F)(F)F)cc2[nH]c(NCCO)nc12,Prostaglandin E synthase
CCc1cc2oc(N3CCC(C(=O)N[C@H]4CCC[C@H](CO)C4)CC3)nc2cc1Cl,Prostaglandin E synthase
COc1ccc(CN(Cc2cccc(C#N)c2)S(=O)(=O)c2ccc(C(=O)O)cc2)cc1,Prostaglandin E synthase
COc1ccc2c(c1)c1cc(Br)ccc1c1nc(-c3c(F)cccc3Cl)[nH]c21,Prostaglandin E synthase
O=C(NCc1cc(F)cc(C(F)(F)F)c1)c1cc2nc(Nc3c(F)cccc3Cl)[nH]c2c2c1OCCO2,Prostaglandin E synthase
Cc1c(Cl)cccc1NC(=O)c1cc(NC(=O)c2ccccc2C(F)(F)F)cc2[nH]c(CC(C)C)nc12,Prostaglandin E synthase
CC(=O)O[C@H]1CCN(c2cc3c(=O)[nH]c(-c4cc(CNC(=O)C(C)C)ccc4Cl)nc3cc2Cl)C1,Prostaglandin E synthase
CN(c1cc2c(cc1C(=O)NCCC(F)(F)F)nc(Nc1c(Cl)ccc(CNC(=O)C(C)(C)F)c1Cl)n2C)C1CCC1,Prostaglandin E synthase
Cn1c(Nc2c(Cl)ccc(CNC(=O)C(C)(C)C)c2F)nc2cc(C(=O)Nc3ccc(F)c(Cl)c3)c(N3CCC(F)(F)C3)cc21,Prostaglandin E synthase
O=C(C[C@H](c1ccc2c(c1)OCO2)N1CCN([C@H](CC(=O)c2ccc(Br)cc2)c2ccc3c(c2)OCO3)CC1)c1ccc(Br)cc1,Prostaglandin E synthase
Cn1c(Nc2c(Cl)ccc(CNC(=O)C(C)(C)C)c2Cl)nc2cc(C(=O)N[C@H]3CC[C@H](C(F)(F)F)CC3)c(N3CC4CCC(C3)O4)cc21,Prostaglandin E synthase
Cn1c(Nc2c(Cl)ccc(CNC(=O)C(C)(C)C)c2Cl)nc2cc(C(=O)N[C@H]3CC[C@H](C(F)(F)F)CC3)c(N3CCC4(CC4)C3)cc21,Prostaglandin E synthase
O=C(Oc1ccc2c(c1)-c1nc3nonc3nc1C2=O)c1ccccc1,Prostaglandin E synthase
CC1=C(C(=O)OCc2ccccc2)C(c2ccc(-c3cccc(C(F)(F)F)c3)o2)NC(=O)N1,Prostaglandin E synthase
Fc1cccc(Cl)c1-c1nc2c3cc(Cl)ccc3c3ccccc3c2[nH]1,Prostaglandin E synthase
CCCN(CCn1nnc(C(=O)O)c1C(=O)O)S(=O)(=O)c1ccc(C)cc1,Prostaglandin E synthase
Clc1ccccc1-c1nc2c(Oc3ccccc3)nc3cc(Br)ccc3c2[nH]1,Prostaglandin E synthase
CCCCCCCCCCCC(=O)c1cc(C(=O)O)n(C)c1,Prostaglandin E synthase
N#CCC(=O)N/N=C(c1nc2ccc(Cl)cc2nc1O)C(O)c1ccc(Cl)cc1,Prostaglandin E synthase
O=C(Nc1cccc(C(F)(F)F)c1)c1cc2nc(Nc3c(F)cccc3Cl)[nH]c2c2cccnc12,Prostaglandin E synthase
COCc1nc2c(C(=O)Nc3ccccc3OC)cc(NC(=O)c3ccccc3C(F)(F)F)cc2[nH]1,Prostaglandin E synthase
COCc1nc2c(C(=O)Nc3cccnc3)cc(NC(=O)c3ccccc3C(F)(F)F)cc2[nH]1,Prostaglandin E synthase
O=C(CSc1ncc(-c2ccccc2)nn1)c1ccccc1,Prostaglandin E synthase
COc1ccc(CN(Cc2ccoc2)S(=O)(=O)c2ccc(C(=O)O)cc2)cc1,Prostaglandin E synthase
COCc1nc2c(C(=O)Nc3cccc(Cl)c3C)cc(NC(=O)c3c(Cl)cccc3Cl)cc2[nH]1,Prostaglandin E synthase
CC1(C)Oc2cc(C#Cc3ccccc3)ccc2-c2nc(-c3c(F)cccc3Cl)[nH]c21,Prostaglandin E synthase
Cc1c(Cl)cccc1NC(=O)c1cc(NC(=O)c2ccccc2C(F)(F)F)cc2[nH]c(NC3CCCC3)nc12,Prostaglandin E synthase
O=C(NC1CCCC1)N1CCN(c2nc3cc(Cl)ccc3o2)CC1,Prostaglandin E synthase
CC(C)C(=O)NCc1ccc(Cl)c(-c2nc3cc(C(F)(F)F)ccc3c(=O)[nH]2)c1,Prostaglandin E synthase
Cn1c(Nc2c(Cl)ccc(CNC(=O)C(C)(C)C)c2Cl)nc2cc(C(=O)NC3(c4ccc(F)cc4)CC3)c(N3CCC(F)(F)C3)cc21,Prostaglandin E synthase
CC1=NN(c2ccc(Cl)c(Cl)c2)C(=O)/C1=C/c1cc(Br)ccc1OCC(=O)O,Prostaglandin E synthase
Cc1c(Cl)cccc1NC(=O)c1cc(NC(=O)c2ccccc2C(F)(F)F)cc2[nH]c(C3CCCC3)nc12,Prostaglandin E synthase
O=C(NC1CCC1)N(Cc1ccccc1)Cc1cccc(C#Cc2ccccc2)c1,Prostaglandin E synthase
COCc1nc2c(C(=O)Nc3cccc(Cl)c3C)cc(NC(=O)c3cc(CCc4ccccc4)ccc3Cl)cc2[nH]1,Prostaglandin E synthase
Cn1c(Nc2c(Cl)ccc(CNC(=O)C(C)(C)C(F)(F)F)c2Cl)nc2cc(C(=O)NCCC(F)(F)F)c(N3CCC(C(F)(F)F)CC3)cc21,Prostaglandin E synthase
CC1(C)Oc2cc(Br)ccc2-c2[nH]c(-c3c(Br)cccc3Br)nc21,Prostaglandin E synthase
COc1ccc(CN(Cc2nc(C)cs2)S(=O)(=O)c2ccc(C(=O)O)cc2)cc1,Prostaglandin E synthase
CC(C)(C)C(=O)NCc1ccc(Cl)c(Nc2nc3cc(C(=O)Nc4ccc(OC(F)(F)F)cc4)c(N4CC[C@@H](F)C4)cc3n2CC(F)F)c1Cl,Prostaglandin E synthase
Cc1c(Cl)cccc1NC(=O)c1cc(NC(=O)c2ccccc2C(F)(F)F)cc2[nH]cnc12,Prostaglandin E synthase
Cn1c(Nc2c(Cl)ccc(CNC(=O)C(C)(C)C(F)(F)F)c2Cl)nc2cc(C(=O)NC3CC(F)(F)C3)c(N3CCC(C(F)(F)F)CC3)cc21,Prostaglandin E synthase
Cc1c(Cl)cccc1NC(=O)c1cc(NC(=O)c2ccccc2C(F)(F)F)cc2[nH]c(NCC(=O)O)nc12,Prostaglandin E synthase
Cc1c(Cl)cccc1NC(=O)c1cc(NC(=O)c2ccccc2C(F)(F)F)cc2[nH]c([C@H]3CCCN3C(=O)OC(C)(C)C)nc12,Prostaglandin E synthase
C[n+]1ccc(Nc2ccc(NC(=O)c3ccc(Nc4cc[n+](C)c5ccc(N)cc45)cc3N)cc2)cc1,Prostaglandin E synthase
CN(c1cc2c(cc1C(=O)NCC(F)(F)F)nc(Nc1c(Cl)ccc(CNC(=O)C(C)(C)C)c1Cl)n2C)C1CCCC1,Prostaglandin E synthase
COCc1nc2c(C(=O)Nc3cccc(Cl)c3C)cc(NC(=O)c3ccncc3Cl)cc2[nH]1,Prostaglandin E synthase
CCOc1ccc(NC(=S)N2CCC(CCCC3CCN(C(=S)Nc4ccc(OCC)cc4)CC3)CC2)cc1,Prostaglandin E synthase
Cc1c(Cl)cccc1NC(=O)c1cc(NC(=O)c2ccccc2C(F)(F)F)cc2[nH]c(C3CC3)nc12,Prostaglandin E synthase
Cc1c(Cl)cccc1NC(=O)c1cc(NC(=O)c2ccccc2C(F)(F)F)cc2[nH]c(NCC(C)(C)O)nc12,Prostaglandin E synthase
CC(C)C(=O)NCc1ccc(Cl)c(-c2nc3cc(Cl)c(N4CC[C@@H](O)C4)cc3c(=O)[nH]2)c1,Prostaglandin E synthase
CC(C)C(=O)NCc1ccc(Cl)c(-c2nc3cc(-c4ccc(C(F)(F)F)nc4)ccc3c(=O)[nH]2)c1,Prostaglandin E synthase
Cc1cc2c(o1)c(C(=O)Nc1ccc(F)cc1)cc1nc(Nc3c(F)cccc3Cl)[nH]c12,Prostaglandin E synthase
COC1CN(c2nc3c(C(=O)Nc4cccc(Cl)c4C)cc(NC(=O)c4ccccc4C(F)(F)F)cc3[nH]2)C1,Prostaglandin E synthase
COCc1nc2c(C(=O)Nc3nc4ccc(Cl)cc4o3)cc(NC(=O)c3ccccc3C(F)(F)F)cc2[nH]1,Prostaglandin E synthase
CCn1c(CNc2ccc(C)cc2C)nnc1SCC(=O)Nc1ccc(C)cc1,Prostaglandin E synthase
Cn1c(Nc2c(Cl)ccc(CNC(=O)C(C)(C)C)c2Cl)nc2cc(C(=O)NCC(F)(F)C(F)(F)F)c(OCC(F)F)cc21,Prostaglandin E synthase
CNc1nc2cc(Br)ccc2c2[nH]c(-c3ccccc3Cl)nc12,Prostaglandin E synthase
Cn1c(Nc2c(Cl)ccc(CNC(=O)[C@@](C)(O)C(F)(F)F)c2Cl)nc2cc(C(=O)Nc3ccc(F)c(Cl)c3)c(N3CCC(C(F)(F)F)CC3)cc21,Prostaglandin E synthase
O=C(NC1CCCC1)N1CCCN(c2nc3cc(Cl)ccc3o2)CC1,Prostaglandin E synthase
CC(C)C(=O)NCc1ccc(Cl)c(-c2nc3cc(C4CC4)ccc3c(=O)[nH]2)c1,Prostaglandin E synthase
O=C(c1ccccc1)c1cc(Cl)cc2c1SCC2C(=O)O,Prostaglandin E synthase
Cc1c(Cl)cccc1NC(=O)c1cc(NC(=O)c2c(Cl)cccc2Cl)cc2[nH]c([C@H]3CCCO3)nc12,Prostaglandin E synthase
CCOCc1ccc(Cl)c(C(=O)Nc2cc(C(=O)Nc3cccc(Cl)c3C)c3nc(COC)[nH]c3c2)c1,Prostaglandin E synthase
Cn1c(Nc2c(Cl)ccc(CNC(=O)c3c(N)cccc3Cl)c2Cl)nc2cc(C(=O)NCCC(F)(F)F)c(N3CCC(C(F)(F)F)CC3)cc21,Prostaglandin E synthase
CCS(=O)(=O)c1ccc2oc(N3CCC(C(=O)N[C@H]4CCC[C@H](CO)C4)CC3)nc2c1,Prostaglandin E synthase
Cc1ccc(NC(=O)c2cc(NC(=O)c3c(F)cccc3Cl)cc3[nH]c(N(C)C)nc23)cc1Cl,Prostaglandin E synthase
COCc1nc2c(C(=O)Nc3nc4cc(Cl)ccc4o3)cc(NC(=O)c3ccccc3C(F)(F)F)cc2[nH]1,Prostaglandin E synthase
COCC(C)(C)CNc1nc2c(C(=O)Nc3cccc(Cl)c3C)cc(NC(=O)c3c(F)cccc3Cl)cc2[nH]1,Prostaglandin E synthase
CC[n+]1ccc(Nc2ccc(NC(=O)c3ccc(Nc4cc[n+](CC)c5ccc([N+](=O)[O-])cc45)cc3)cc2)cc1.[Br-],Prostaglandin E synthase
N#C[C@@H](c1ccccc1)N(CCCCCCN(C(=O)c1ccccc1)[C@@H](C#N)c1ccccc1)C(=O)c1ccccc1,Prostaglandin E synthase
CC(C)NC(=O)N(Cc1ccccc1)Cc1cccc(C#Cc2ccccc2)c1,Prostaglandin E synthase
Cc1cc2oc(N3CCC(C(=O)N[C@H]4CC[C@@H](C(C)(C)O)CC4)CC3)nc2cc1Cl,Prostaglandin E synthase
Cn1c(Nc2c(Cl)ccc(CNC(=O)C(C)(C)C)c2Cl)nc2cc(C(=O)N[C@H]3CC[C@H](C(F)(F)F)CC3)c(OCC(F)F)cc21,Prostaglandin E synthase
CCc1oc(=O)c(C(c2ccccc2)c2c(O)c(CC=C(C)C)c(O)c(C(C)=O)c2O)c(O)c1C,Prostaglandin E synthase
COc1cc([C@@H]2Oc3c(OC)cc(/C=C/c4cc(OC)c(OC)c(OC)c4)cc3[C@H]2c2cc(OC)c(OC)c(OC)c2)ccc1O,Prostaglandin E synthase
COCc1nc2c(C(=O)Nc3cccc(Cl)c3C)cc(NC(=O)c3cccnc3Cl)cc2[nH]1,Prostaglandin E synthase
Cn1c(Nc2c(Cl)ccc(CNC(=O)C(C)(C)C)c2F)nc2cc(C(=O)Nc3ccc(F)c(Cl)c3)c(OCC(F)F)cc21,Prostaglandin E synthase
Cn1c(Nc2c(Cl)ccc(CNC(=O)C(C)(C)C)c2Cl)nc2cc(C(=O)NCC(F)(F)F)c(OCC(F)F)cc21,Prostaglandin E synthase
Cc1cccc(C)c1NCc1nnc(SCC(=O)Nc2ccc(F)cc2)n1-c1ccccc1,Prostaglandin E synthase
CNC(=O)C1CCN(c2cc3c(=O)[nH]c(-c4cc(CNC(=O)C(C)C)ccc4Cl)nc3cc2Cl)CC1,Prostaglandin E synthase
CN(O)C(=O)Nc1ccccc1Cl,Prostaglandin E synthase
O=C(N[C@H]1CCC[C@H](CO)C1)C1CCN(c2nc3cc(C(F)(F)F)ccc3o2)CC1,Prostaglandin E synthase
COCCCNc1nc2c(C(=O)Nc3cccc(Cl)c3C)cc(NC(=O)c3ccccc3C(F)(F)F)cc2[nH]1,Prostaglandin E synthase
Cc1cc2oc(N3CCC(C(=O)N[C@H]4CCC[C@H](C(C)(C)O)C4)CC3)nc2cc1Cl,Prostaglandin E synthase
Cn1c(Nc2c(Cl)ccc(CNC(=O)C(C)(C)CO)c2Cl)nc2cc(C(=O)NCCC(F)(F)F)c(N3CCC(C(F)(F)F)CC3)cc21,Prostaglandin E synthase
CCCCCCCCCCCC(=O)Nc1ccc(SSc2ccc(NC(=O)CCCCCCCCCCC)cc2)cc1,Prostaglandin E synthase
Cc1cc2nc(N3CCC(C(=O)NC4CCCC4)CC3)n(-c3ccc(F)c(C)c3)c2cc1C,Prostaglandin E synthase
Cc1cc(Cl)cnc1NC(=O)c1cc2nc(Nc3c(Cl)ccc(CNC(=O)C(C)(C)C)c3Cl)n(C)c2cc1OCC(F)F,Prostaglandin E synthase
COC(=O)CN(C)c1nnc(N)s1,Prostaglandin E synthase
CCOc1ccc(OC(=O)N(Nc2ccccc2)S(=O)(=O)c2ccc(OC)cc2)cc1,Prostaglandin E synthase
Cc1c(Cl)cccc1NC(=O)c1cc(NC(=O)c2ccccc2C(F)(F)F)cc2[nH]c(CC(N)=O)nc12,Prostaglandin E synthase
CC1(C)Oc2nc(C#Cc3cc(C(F)(F)F)ccc3Cl)ccc2-c2nc(-c3c(F)cccc3Cl)[nH]c21,Prostaglandin E synthase
CCn1c(=O)c2[nH]c(-c3ccccc3Cl)nc2c2ccc(Br)cc21,Prostaglandin E synthase
CC1(C)Oc2cc(-c3nc4ccccc4[nH]3)ccc2-c2nc(-c3c(F)cccc3Cl)[nH]c21,Prostaglandin E synthase
CC(C)C(=O)NCc1ccc(Cl)c(-c2nc3cc(-c4ccc(C(F)(F)F)cc4)ccc3c(=O)[nH]2)c1,Prostaglandin E synthase
CN(CC(N)=O)c1cc2c(cc1C(=O)N[C@H]1CC[C@H](C(F)(F)F)CC1)nc(Nc1c(Cl)ccc(CNC(=O)C(C)(C)F)c1Cl)n2C,Prostaglandin E synthase
Cn1c(Nc2c(Cl)ccc(CNC(=O)C(C)(C)C)c2Cl)nc2cc(C(=O)N[C@H]3CC[C@H](C(F)(F)F)CC3)c(N3CC(F)(F)C3)cc21,Prostaglandin E synthase
CC(C)Cc1cc2oc(N3CCC(C(=O)N[C@H]4CCC[C@H](CO)C4)CC3)nc2cc1Cl,Prostaglandin E synthase
CCOc1nc2cc(Br)ccc2c2[nH]c(-c3ccccc3Cl)nc12,Prostaglandin E synthase
CCn1c2ccccc2c2cc(-c3cc(C(=O)O)c4c(ccc5ccccc54)n3)ccc21,Prostaglandin E synthase
Cn1c(Nc2c(Cl)ccc(CNC(=O)C(C)(C)C)c2Cl)nc2cc(C(=O)Nc3nc4ccc(Cl)cc4s3)c(OCC(F)F)cc21,Prostaglandin E synthase
O=C(Nc1cc(C(=O)NC2CCCCC2)c2[nH]ncc2c1)c1ccccc1C(F)(F)F,Prostaglandin E synthase
CN(CCC(F)(F)F)c1cc2c(cc1C(=O)NCC(F)(F)F)nc(Nc1c(Cl)ccc(CNC(=O)C(C)(C)C)c1Cl)n2C,Prostaglandin E synthase
COc1ccc(OC)c(NC(=O)CSc2nnc(CNc3c(C)cccc3C)n2C)c1,Prostaglandin E synthase
COCc1nc2c(C(=O)Nc3cccc(Cl)c3C)cc(NC(=O)c3cc(OCC(F)F)ccc3Cl)cc2[nH]1,Prostaglandin E synthase
NOC(=O)c1nnn(CCNS(=O)(=O)c2ccccc2)c1C(=O)ON,Prostaglandin E synthase
CCc1nc2cc(OC)c(OC)cc2c(=O)n1CCNC(=O)c1ccccn1,Prostaglandin E synthase
CCCc1nc2ccc(NC(=O)c3cccs3)cc2c(=O)n1Cc1ccc(-c2cccc(Cl)c2)cc1,Prostaglandin E synthase
CC(C)NC(=O)N(Cc1cccc(C#Cc2ccccc2)c1)Cc1cccc(C(F)(F)F)c1,Prostaglandin E synthase
Cn1c(Nc2c(Cl)ccc(CNC(=O)C(C)(C)C)c2Cl)nc2cc(C(=O)Nc3ccc4c(c3)CCC4)c(OCC(F)F)cc21,Prostaglandin E synthase
CC(C)C(=O)NCc1ccc(Cl)c(-c2nc3cc(Cl)c(N4CC(C(=O)NC(C)(C)C)C4)cc3c(=O)[nH]2)c1,Prostaglandin E synthase
Cc1ccc(NC(=O)c2cc(NC(=O)c3cc(Cl)ccc3Cl)cc3[nH]c(N(C)C)nc23)cc1Cl,Prostaglandin E synthase
Cn1c(Nc2c(Cl)ccc(CNC(=O)C(C)(C)C)c2Cl)nc2cc(C(=O)Nc3cc(C(C)(C)CO)no3)c(N3CCC(C(F)(F)F)CC3)cc21,Prostaglandin E synthase
O=C(Nc1cc(C(=O)NCc2ccccc2C(F)(F)F)c2nc[nH]c2c1)c1ccccc1C(F)(F)F,Prostaglandin E synthase
Cc1c(Cl)cccc1NC(=O)c1cc(NC(=O)c2cc(Cl)ccc2Cl)cc2[nH]c(C3CCCC3)nc12,Prostaglandin E synthase
CCCc1nc2ccc(NC(=O)C(C)(C)C)cc2c(=O)n1Cc1ccc(-c2cccc(Cl)c2)cc1,Prostaglandin E synthase
CC1(C)Oc2cc(C#Cc3cccc(Cl)c3Cl)ccc2-c2nc(-c3c(F)cccc3Cl)[nH]c21,Prostaglandin E synthase
O=C(Cn1cnc2ccccc2c1=O)Nc1ccccc1Cl,Prostaglandin E synthase
COc1cccc(CN(Cc2cccc(C#Cc3ccccc3)c2)C(=O)NC(C)C)c1,Prostaglandin E synthase
CC1(C)Oc2cc(-c3ccc(OC(F)(F)F)cc3)ccc2-c2[nH]c(-c3c(F)cccc3Cl)nc21,Prostaglandin E synthase
O=C(CSc1nnc(-c2ccccc2)c(-c2ccccc2)n1)c1c[nH]c2ccccc12,Prostaglandin E synthase
Cn1c(Nc2c(Cl)ccc(CNC(=O)C(C)(C)C)c2Cl)nc2cc(C(=O)N[C@H]3CC[C@H](C(F)(F)F)CC3)c(N3CC4CCCC4C3)cc21,Prostaglandin E synthase
Cc1c(Cl)cccc1NC(=O)c1cc(NC(=O)c2ccccc2C(F)(F)F)cc2[nH]c(N)nc12,Prostaglandin E synthase
N#Cc1ccccc1-c1nc2ncccc2o1,Prostaglandin E synthase
CN1CCN(c2cc3c(cc2C(=O)N[C@H]2CC[C@H](C(F)(F)F)CC2)nc(Nc2c(Cl)ccc(CNC(=O)C(C)(C)C)c2Cl)n3C)CC1=O,Prostaglandin E synthase
Cn1c(Nc2c(Cl)ccc(CNC(=O)C(C)(C)C)c2Cl)nc2cc(C(=O)Nc3cccc(C(F)(F)F)n3)c(N3CC[C@@H](F)C3)cc21,Prostaglandin E synthase
Cn1c(Nc2c(Cl)ccc(CNC(=O)c3nccs3)c2Cl)nc2cc(C(=O)NCCC(F)(F)F)c(N3CCC(C(F)(F)F)CC3)cc21,Prostaglandin E synthase
CCCC(=O)c1c(C)c(CCC(=O)O)n(C)c1C,Prostaglandin E synthase
COCc1nc2c(C(=O)NCc3cccs3)cc(NC(=O)c3ccccc3C(F)(F)F)cc2[nH]1,Prostaglandin E synthase
Cc1c(Cl)cccc1NC(=O)c1cc(NC(=O)c2ccccc2C(F)(F)F)cc2[nH]c([C@@H]3CCCN3)nc12,Prostaglandin E synthase
CC(C)c1nc2cnc3cc(Br)ccc3c2[nH]1,Prostaglandin E synthase
CCCCN(c1ccccc1)S(=O)(=O)c1ccc(C(=O)O)cc1,Prostaglandin E synthase
CC(C)(C)N(NC(=O)c1c(C(F)(F)F)nn(-c2ccccc2)c1Cl)C(=O)Nc1ccc(Cl)cc1,Prostaglandin E synthase
Cc1ccc(NC(=O)c2cc(NC(=O)c3ccccc3C(F)(F)F)cc3[nH]c(N(C)C)nc23)cc1Cl,Prostaglandin E synthase
Cc1c(CC(C)(C)C(=O)O)n(Cc2ccc(Cl)cc2)c2cc(F)c(-c3ccccc3Cl)cc12,Prostaglandin E synthase
O=C(O)c1ccc(CN(Cc2ccccc2)Cc2ccccc2)cc1,Prostaglandin E synthase
Cn1c(Nc2c(Cl)ccc(CNC(=O)[C@](C)(O)C(F)(F)F)c2Cl)nc2cc(C(=O)Nc3cccc(C(F)(F)F)n3)c(N3CCC(C(F)(F)F)CC3)cc21,Prostaglandin E synthase
CC1=NN(C(=O)CC(=O)Nc2ccccc2C)C(=O)[C@H]1/N=N/c1ccc(S(=O)(=O)c2ccc(/N=C/[C@H]3C(=O)N(C(=O)CC(=O)Nc4ccccc4C)N=C3C)cc2)cc1,Prostaglandin E synthase
O=c1[nH]c2cc(Br)ccc2c2nc(-c3ccccc3Cl)n(Cc3ccccc3)c12,Prostaglandin E synthase
CC(C)C#Cc1ccc(C(=O)NS(=O)(=O)c2ccccc2S(N)(=O)=O)cc1OCCC(F)(F)F,Prostaglandin E synthase
O=C(Nc1ccc(C(F)(F)F)cc1)c1cc2nc(Nc3c(F)cccc3Cl)[nH]c2c2c1OCCO2,Prostaglandin E synthase
Cn1c(Nc2c(Cl)ccc(CNC(=O)C(C)(C)C)c2Cl)nc2cc(C(=O)Nc3ncc(Cl)s3)c(OCC(F)F)cc21,Prostaglandin E synthase
Cn1c(Nc2c(Cl)ccc(CNC(=O)C(C)(C)C(F)(F)F)c2Cl)nc2cc(C(=O)N[C@H]3CC[C@H](C(F)(F)F)CC3)c(N3CC[C@@H](F)C3)cc21,Prostaglandin E synthase
Cn1c(Nc2c(F)cccc2Cl)nc2cc(C(=O)Nc3cccc(C(F)(F)F)c3)c3c(c21)OCCO3,Prostaglandin E synthase
Brc1ccc2c(c1)ncc1nc(-c3ccccc3)[nH]c12,Prostaglandin E synthase
CC1(C)Oc2cc(C#Cc3cc(Cl)ccc3Cl)ccc2-c2[nH]c(-c3c(F)cccc3Cl)nc21,Prostaglandin E synthase
CCc1nc2c(C(=O)NC3CCCCC3)cc(NC(=O)c3ccccc3C(F)(F)F)cc2[nH]1,Prostaglandin E synthase
COCc1nc2c(C(=O)Nc3cccc(Cl)c3C)cc(NC(=O)c3cc(F)ccc3Cl)cc2[nH]1,Prostaglandin E synthase
Cn1c(Nc2c(Cl)ccc(CNC(=O)C(C)(C)C)c2Cl)nc2cc(C(=O)N[C@H]3CC[C@H](C(F)(F)F)CC3)c(N3CCOCC3)cc21,Prostaglandin E synthase
CCOCCOCc1ccc(Cl)c(C(=O)Nc2cc(C(=O)Nc3cccc(Cl)c3C)c3nc(COC)[nH]c3c2)c1,Prostaglandin E synthase
Cn1c(Nc2c(Cl)ccc(CNC(=O)C(C)(C)C)c2Cl)nc2cc(C(=O)NCC(F)(F)C(F)(F)F)c(N3CCC(F)(F)CC3)cc21,Prostaglandin E synthase
COc1ccc(/C=C/c2ccc3c(c2)[C@@H](c2ccc(OC)cc2)[C@H](c2ccc(O)cc2)O3)cc1,Prostaglandin E synthase
O=C(Nc1cc2c(c(C(=O)NCc3ccccc3C(F)(F)F)c1)OCC2)c1ccccc1C(F)(F)F,Prostaglandin E synthase
Cc1c(Cl)cccc1NC(=O)c1cc(NC(=O)c2cc(Cl)ccc2Cl)cc2[nH]c(NCCOC(C)C)nc12,Prostaglandin E synthase
CC(C)NC(=O)N(Cc1cccc(C#Cc2ccccc2)c1)Cc1cncc(C#CC2CCCC2)c1,Prostaglandin E synthase
C=CCSc1nnc2c(n1)OC(c1ccc(-c3cccc([N+](=O)[O-])c3)o1)Nc1ccccc1-2,Prostaglandin E synthase
CC1(C)Oc2cc(Cl)ccc2-c2[nH]c(-c3c(Br)cccc3Br)nc21,Prostaglandin E synthase
CC(C)(O)Cc1ccc2c(c1)c1cc(Cl)ccc1c1nc(-c3c(C#N)cccc3C#N)[nH]c21,Prostaglandin E synthase
O=C(N[C@H]1CCC[C@H](CO)C1)C1CCN(c2nc3cc(Cl)c(-c4ccc(OC(F)(F)F)cc4)cc3o2)CC1,Prostaglandin E synthase
Cn1c(Nc2c(Cl)ccc(CNC(=O)OC(C)(C)C)c2Cl)nc2cc(C(=O)Nc3ccc(F)c(Cl)c3)c(OCC(F)F)cc21,Prostaglandin E synthase
Fc1cccc(Cl)c1-c1nc2c3cccc(Br)c3c3ccccc3c2[nH]1,Prostaglandin E synthase
CCc1ccc2c(c1)c1cc(C#CC(C)(C)O)ccc1c1[nH]c(-c3c(C#N)cccc3C#N)nc21,Prostaglandin E synthase
CC1(C)Oc2cc(C#Cc3cncnc3)ccc2-c2nc(-c3c(F)cccc3Cl)[nH]c21,Prostaglandin E synthase
COc1ccc(C(=O)CSc2nnc(-c3ccc(OC)cc3)c(-c3ccc(OC)cc3)n2)cc1,Prostaglandin E synthase
N#CCCCOc1ccc2c(c1)c1cc(Cl)ccc1c1nc(-c3c(C#N)cccc3C#N)[nH]c21,Prostaglandin E synthase
CC1(C)Oc2cc(C#Cc3cc(F)ccc3C(F)(F)F)ccc2-c2[nH]c(-c3c(F)cccc3Cl)nc21,Prostaglandin E synthase
CC1(C)Oc2cc(C#Cc3ccccc3)ccc2-c2[nH]c(-c3c(C#N)cccc3C#N)nc21,Prostaglandin E synthase
CCc1nc2c(C(=O)Nc3cccc(Cl)c3C)cc(NC(=O)c3ccccc3C(F)(F)F)cc2o1,Prostaglandin E synthase
CC(C)C(=O)NCc1ccc(Cl)c(-c2nc3cc(NC(=O)C4CC4)ccc3c(=O)[nH]2)c1,Prostaglandin E synthase
CC(C)C(=O)NCc1ccc(Cl)c(-c2nc3cc(Cl)c(N4CCNC(=O)C4)cc3c(=O)[nH]2)c1,Prostaglandin E synthase
CC(C)NC(=O)N(Cc1cccc(C#Cc2ccccc2)c1)Cc1cccc(C#CC2CC2)c1,Prostaglandin E synthase
CC1(C)Oc2cc(C#Cc3ccccc3OC(F)(F)F)ccc2-c2[nH]c(-c3c(F)cccc3Cl)nc21,Prostaglandin E synthase
CC(C)(F)C(=O)NCc1ccc(Cl)c(Nc2nc3cc(C(=O)NC4CCC(C(F)(F)F)CC4)c(N4CCC(O)(C(F)(F)F)CC4)cc3n2CC(F)F)c1Cl,Prostaglandin E synthase
O=C(/C=C/c1cc(O)c2c(c1)[C@@H](C(=O)OCCc1ccccc1)[C@H](c1ccc(O)c(O)c1)O2)OCCc1ccccc1,Prostaglandin E synthase
O=C(NCc1ccccc1)N(Cc1cccc(C#Cc2ccccc2)c1)c1ccccc1,Prostaglandin E synthase
S=c1[nH]c2cc(Br)ccc2c2[nH]c(-c3ccccc3Cl)nc12,Prostaglandin E synthase
Cc1c(Cl)cccc1NC(=O)c1cc(NC(=O)c2c(Cl)cccc2Cl)cc2[nH]c(N(C)C)nc12,Prostaglandin E synthase
O=C1c2ccc(O)cc2-c2nc3nonc3nc21,Prostaglandin E synthase
O=P1(N(CCCl)CCCl)N(Cc2ccc(Cl)c(Cl)c2)CCCN1Cc1ccc(Cl)c(Cl)c1,Prostaglandin E synthase
CC(C)(O)C#Cc1ccc2c(c1)c1cc(C#CC3CC3)ccc1c1nc(-c3c(C#N)cccc3C#N)[nH]c21,Prostaglandin E synthase
CCn1c2ccccc2c2cc(NC(=O)c3ccccc3C(F)(F)F)ccc21,Prostaglandin E synthase
COc1ccccc1-c1cc2c(C)c(CC(C)(C)C(=O)O)n(Cc3ccc(Cl)cc3)c2cc1F,Prostaglandin E synthase
CCCN(CCO)c1nc2c(C(=O)Nc3cccc(Cl)c3C)cc(NC(=O)c3ccccc3C(F)(F)F)cc2[nH]1,Prostaglandin E synthase
O=C(c1ccccc1)c1cc(Cl)cc2c1OCC2C(=O)O,Prostaglandin E synthase
CC(C)NC(=O)N(Cc1ccccc1)Cc1cccc(NC(=O)c2ccccc2)c1,Prostaglandin E synthase
CS(=O)(=O)[C@H]1CCC[C@H](NC(=O)C2CCN(c3nc4cc(Cl)c(C(F)(F)F)cc4o3)CC2)C1,Prostaglandin E synthase
Cn1c(Nc2c(Cl)ccc(CNC(=O)C(C)(C)C)c2Cl)nc2cc(C(=O)Nc3ccc(Cl)c(F)c3)c(N3CCC(C(F)(F)F)CC3)cc21,Prostaglandin E synthase
CCCCCCOc1ccc(C(=O)c2c(C)c(CCC(=O)O)n(C)c2C)cc1,Prostaglandin E synthase
CC1(C)Oc2cc(C#Cc3ccc(C(F)(F)F)cc3)ccc2-c2[nH]c(-c3c(F)cccc3Cl)nc21,Prostaglandin E synthase
CCCC(=O)Nc1cc2c(cc1C(=O)c1ccccc1Cl)OCCO2,Prostaglandin E synthase
Cn1c(Nc2c(Cl)ccc(CNC(=O)C(C)(C)C)c2Cl)nc2cc(C(=O)N[C@H]3CC[C@H](C(F)(F)F)CC3)c(NCCCO)cc21,Prostaglandin E synthase
N#Cc1cccc(C#N)c1-c1nc2c3ccc(Cl)cc3c3cc(C#Cc4ccncc4)ccc3c2[nH]1,Prostaglandin E synthase
Cc1ccccc1C(=O)Nc1cc2c(=O)n(Cc3ccccc3)c(C)nc2cc1N1CCCC1,Prostaglandin E synthase
COc1ccc(CN(Cc2ccc(C#N)cc2)S(=O)(=O)c2ccc(C(=O)O)cc2)cc1,Prostaglandin E synthase
COCc1nc2c(C(=O)Nc3c(C)cccc3Cl)cc(NC(=O)c3ccccc3C(F)(F)F)cc2[nH]1,Prostaglandin E synthase
COCc1nc2c(C(=O)Nc3ccc(C)cc3C)cc(NC(=O)c3ccccc3C(F)(F)F)cc2[nH]1,Prostaglandin E synthase
O=S(=O)(c1cccc(Cl)c1)N(Cc1ccccc1)Cc1ccccc1,Prostaglandin E synthase
Cc1ccc(Sc2ccc([N+](=O)[O-])cc2/C=C/C(=O)O)cc1,Prostaglandin E synthase
CCCCCCCCCCCC(=O)c1c(C)c(CCC(=O)NN)n(C)c1C,Prostaglandin E synthase
Cc1c(Cl)cccc1NC(=O)c1cc(NC(=O)c2cc(Cl)ccc2Cl)cc2[nH]c(NCC(C)(C)O)nc12,Prostaglandin E synthase
Cn1c(Nc2c(Cl)ccc(CNC(=O)C(C)(C)C)c2Cl)nc2cc(C(=O)N[C@H]3CC[C@H](C(F)(F)F)CC3)c(N3CC(OC(F)F)C3)cc21,Prostaglandin E synthase
CC(C)(C)C(=O)NCc1ccc(F)c(Nc2nc3cc(C(=O)Nc4ccc(Br)cc4)c(OCC(F)F)cc3n2C2CC2)c1F,Prostaglandin E synthase
CCCCCCCOc1cccc(C(=O)c2c(C)c(CCC(=O)O)n(C)c2C)c1,Prostaglandin E synthase
CC(C)C(=O)NCc1ccc(Cl)c(-c2nc3cc(Cl)c(-c4ccncc4)cc3c(=O)[nH]2)c1,Prostaglandin E synthase
Cc1cccc(-c2nc3cnc4cc(Br)ccc4c3[nH]2)c1,Prostaglandin E synthase
CC(C)C(=O)NCc1ccc(Cl)c(-c2nc3cc(Br)ccc3c(=O)[nH]2)c1,Prostaglandin E synthase
COCc1nc2c(C(=O)Nc3cccc(Cl)c3C)cc(NC(=O)c3cc(OCCCC(F)(F)F)ccc3Cl)cc2[nH]1,Prostaglandin E synthase
Cc1c(Cl)cccc1NC(=O)c1cc(NC(=O)c2c(F)cccc2Cl)cc2[nH]c(NC[C@@H]3CCCO3)nc12,Prostaglandin E synthase
Cn1c(Nc2c(Cl)ccc(CNC(=O)C(C)(C)F)c2Cl)nc2cc(C(=O)Nc3ccc(OC(F)(F)F)cc3)c(N3CCC(C(F)(F)F)CC3)cc21,Prostaglandin E synthase
C=Cc1ccc(/C=C/c2ccc3c(c2)[C@@H](c2ccc(C=C)cc2)[C@H](c2ccc(O)cc2)O3)cc1,Prostaglandin E synthase
COCc1nc2c(C(=O)NCc3ccccc3Cl)cc(NC(=O)c3ccccc3C(F)(F)F)cc2n1C,Prostaglandin E synthase
Cc1c(Cl)cccc1NC(=O)c1cc(NC(=O)c2c(F)cccc2Cl)cc2[nH]c([C@H]3CCCO3)nc12,Prostaglandin E synthase
Cn1c(Nc2c(Cl)ccc(CNC(=O)C(C)(C)C)c2Cl)nc2cc(C(=O)NCCC(F)(F)F)c(N3CC4CC4C3)cc21,Prostaglandin E synthase
CCOC(=O)C1=C(C(=O)c2ccc(OC)cc2)C(c2cccc(C=O)c2)NC(=O)N1,Prostaglandin E synthase
CC(O)CN(C)c1cc2c(cc1C(=O)N[C@H]1CC[C@H](C(F)(F)F)CC1)nc(Nc1c(Cl)ccc(CNC(=O)C(C)(C)C)c1Cl)n2C,Prostaglandin E synthase
O=C(Nc1cccc2c(OC(=O)C(Cl)Cl)c(/C=C/c3ccc(S(=O)(=O)Nc4nccs4)cc3)cc(/N=N/c3ccc(S(=O)(=O)Nc4nccs4)cc3)c12)C(Cl)Cl,Prostaglandin E synthase
CC(C)C(=O)NCc1ccc(Cl)c(-c2nc3cc(F)ccc3c(=O)[nH]2)c1,Prostaglandin E synthase
Cc1c(Cl)cccc1NC(=O)c1cc(NC(=O)c2c(F)cccc2Cl)cc2[nH]c(NC(CO)C(C)C)nc12,Prostaglandin E synthase
CCCCCCCCCSc1nnc(-c2ccc(OC)cc2)c(-c2ccc(OC)cc2)n1,Prostaglandin E synthase
Cn1c(Nc2c(Cl)ccc(CNC(=O)C(C)(C)C)c2Cl)nc2cc(C(=O)Nc3ccc(OC(F)(F)F)cc3)c(N3CC4CC4C3)cc21,Prostaglandin E synthase
N#Cc1ccccc1-c1nc(-c2ccc(Br)cc2)c[nH]1,Prostaglandin E synthase
CCCCCCCCCCCC(=O)c1c(C)c(CCCC(=O)O)n(C)c1C,Prostaglandin E synthase
Cc1c(Cl)cccc1NC(=O)c1cc(NC(=O)c2ccccc2C(F)(F)F)cc2[nH]c(NCCCN(C)C)nc12,Prostaglandin E synthase
Cc1nc2cnc3cc(Br)ccc3c2[nH]1,Prostaglandin E synthase
CC(C)NC(=O)N(Cc1cccc(C#Cc2ccccc2)c1)Cc1cncc(C#Cc2ccccc2)c1,Prostaglandin E synthase
Cn1c(Nc2c(Cl)ccc(CNC(=O)C(C)(C)C)c2Cl)nc2cc(C(=O)NC3CCC(C(F)(F)F)CC3)c(N3CCC(O)(C(F)(F)F)CC3)cc21,Prostaglandin E synthase
CCOc1cc(/C=C2/C(=O)N(c3ccc(Cl)cc3)N=C2C)ccc1OCC(=O)O,Prostaglandin E synthase
Cn1c(Nc2c(Cl)ccc(CNC(=O)C(C)(C)C)c2Cl)nc2cc(C(=O)Nc3ccc(Cl)c(F)c3)c(OCC(F)F)cc21,Prostaglandin E synthase
CCCCCCCC(=O)c1c(C)c(CCC(=O)O)n(C)c1C,Prostaglandin E synthase
O=C(Nc1cccc(C(F)(F)F)c1)c1cc2nc(Nc3c(F)cccc3Cl)[nH]c2c2c1OCCO2,Prostaglandin E synthase
COc1ccc(-c2nc3c4ccc(F)cc4c4c(=O)[nH]ccc4c3[nH]2)cc1,Prostaglandin E synthase
CNC(=O)Cc1nc2c(C(=O)Nc3cccc(Cl)c3C)cc(NC(=O)c3ccccc3C(F)(F)F)cc2[nH]1,Prostaglandin E synthase
Cn1c(Nc2c(Cl)ccc(CNC(=O)C(C)(C)C)c2Cl)nc2cc(C(=O)NC(c3ccccn3)C(F)(F)F)c(N3CCC(F)(F)C3)cc21,Prostaglandin E synthase
Cn1c(Nc2c(Cl)ccc(CNC(=O)C(C)(C)C)c2Cl)nc2cc(C(=O)Nc3cc(C(C)(C)C)on3)c(N3CCC(C(F)(F)F)CC3)cc21,Prostaglandin E synthase
CC1(C)Oc2cc(C#Cc3c(Cl)cccc3Cl)ccc2-c2nc(-c3c(F)cccc3Cl)[nH]c21,Prostaglandin E synthase
CC(C)(F)[C@H]1CCC[C@H](NC(=O)C2CCN(c3nc4cc(Cl)c(C(F)(F)F)cc4o3)CC2)C1,Prostaglandin E synthase
Cn1c(Nc2c(Cl)ccc(CNC(=O)C(C)(C)C)c2Cl)nc2cc(C(=O)Nc3ccc(F)c(Cl)c3)c(N3CC[C@@H](F)C3)cc21,Prostaglandin E synthase
Cc1c(Cl)cccc1NC(=O)c1cc(NC(=O)c2ccccc2C(F)(F)F)cc2[nH]c(N3CC(O)C3)nc12,Prostaglandin E synthase
O=S(=O)(c1ccccc1)c1ccc(-c2c[nH]c(-c3c(F)cccc3Cl)n2)cc1,Prostaglandin E synthase
Cn1c(Nc2c(Cl)ccc(CNC(=O)C(C)(C)C)c2Cl)nc2cc(C(=O)Nc3ccc(C(F)(F)F)cc3)c(N3C[C@@H]4C[C@H]3CO4)cc21,Prostaglandin E synthase
CC(C)NC(=O)N(Cc1ccccc1)Cc1cccc(Br)c1,Prostaglandin E synthase
CC(C)(C)C(=O)NCc1ccc(Cl)c(C(=O)Nc2ccc(OCC(F)F)c(C(=O)Nc3ccc(Br)cc3)c2)c1,Prostaglandin E synthase
Fc1cccc(Cl)c1-c1nc(-c2ccc(C#Cc3ccc(C(F)(F)F)cc3)nc2)c(Br)[nH]1,Prostaglandin E synthase
CC(C)NC(=O)N(Cc1ccccc1)Cc1cccc(-c2ccccc2)c1,Prostaglandin E synthase
COCc1nc2c(C(=O)Nc3cccc(Cl)c3C)cc(NC(=O)c3cc(CCC4CC4)ccc3Cl)cc2[nH]1,Prostaglandin E synthase
Cc1ccc([N+](=O)[O-])cc1NC(=O)CSc1nnc(-c2ccccc2C)n1C,Prostaglandin E synthase
CC(C)N/C(=NC(=O)OC(C)(C)C)N(Cc1ccccc1)Cc1cccc(C#Cc2ccccc2)c1,Prostaglandin E synthase
Cn1c(Nc2c(Cl)ccc(CNC(=O)c3ccc(O)cc3F)c2Cl)nc2cc(C(=O)NCCC(F)(F)F)c(N3CCC(C(F)(F)F)CC3)cc21,Prostaglandin E synthase
Cn1c(Nc2c(F)cccc2Cl)nc2cc(C(=O)NCc3cc(F)cc(C(F)(F)F)c3)c3c(c21)OCCO3,Prostaglandin E synthase
Cn1c(Nc2c(Cl)ccc(CNC(=O)C(C)(C)C)c2Cl)nc2cc(C(=O)NCC(F)(F)F)c(C3CCc4ccc(Cl)cc4C3)cc21,Prostaglandin E synthase
CC(Oc1ccc2ccccc2c1I)C(=O)O,Prostaglandin E synthase
Cc1c(Cl)cccc1NC(=O)c1cc(NC(=O)c2ccccc2C(F)(F)F)cc2c1nc(NCC(C)(C)CO)n2C,Prostaglandin E synthase
CCCCCCCCCCCC(=O)c1c(C)c(CCC(=O)O)n(Cc2ccc(OC)cc2)c1C,Prostaglandin E synthase
CCCCOC(=O)/C=C/c1cc(O)c2c(c1)[C@@H](C(=O)OCCCC)[C@H](c1ccc(O)c(O)c1)O2,Prostaglandin E synthase
COCc1nc2c(C(=O)Nc3cccc4ccccc34)cc(NC(=O)c3ccccc3C(F)(F)F)cc2[nH]1,Prostaglandin E synthase
CCOC(=O)C1=C(C(=O)c2ccc(OC)cc2)C(c2cccc(OCC)c2)NC(=O)N1,Prostaglandin E synthase
COCc1nc2c(C(=O)NCC3CCCCCC3)cc(NC(=O)c3ccccc3C(F)(F)F)cc2[nH]1,Prostaglandin E synthase
Cc1ccc([N+](=O)[O-])cc1NC(=O)CSc1nnc(CNC(=O)COc2c(C)cccc2C)n1C,Prostaglandin E synthase
CC(NC(=O)c1cc2nc(Nc3c(Cl)ccc(CNC(=O)C(C)(C)C)c3Cl)n(C)c2cc1N1CCC(F)(F)C1)c1cccs1,Prostaglandin E synthase
Cc1c(Cl)cccc1NC(=O)c1cc(NC(=O)c2ccccc2C(F)(F)F)cc2[nH]c([C@H]3CCCO3)nc12,Prostaglandin E synthase
Cn1c(Nc2c(F)cccc2Cl)nc2cc(C(=O)Nc3cccc(C(F)(F)F)c3)c3ncccc3c21,Prostaglandin E synthase
CCOC(=O)C1=C(C(=O)c2ccc(OC)cc2)[C@H](c2coc3c(Br)cc(Br)cc3c2=O)NC(=O)N1,Prostaglandin E synthase
Cn1c(Nc2c(Cl)ccc(CNC(=O)C(C)(C)C)c2Cl)nc2cc(C(=O)N[C@H]3CC[C@H](C(F)(F)F)CC3)c(N3CC(O)C3)cc21,Prostaglandin E synthase
COCc1nc2c(C(=O)NCc3cccc(Cl)c3C)cc(NC(=O)c3ccccc3C(F)(F)F)cc2[nH]1,Prostaglandin E synthase
O=C1OC(O)C(c2ccc(C(=O)NCc3ccccc3)cc2)=C1Br,Prostaglandin E synthase
CC(C)C(=O)NCc1ccc(Cl)c(-c2nc3cc(Cl)c(-c4ccc(C(F)(F)F)cc4)cc3c(=O)[nH]2)c1,Prostaglandin E synthase
COCc1nc2c(C(=O)Nc3cccc(Cl)c3C)cc(NC(=O)c3ccccc3C(F)(F)F)cc2n1C,Prostaglandin E synthase
COCc1nc2c(C(=O)Nc3cccc(Br)c3C)cc(NC(=O)c3ccccc3C(F)(F)F)cc2[nH]1,Prostaglandin E synthase
CC(C)(O)Cn1c(Nc2c(Cl)ccc(CNC(=O)C(C)(C)C)c2Cl)nc2cc(C(=O)N[C@H]3CC[C@H](C(F)(F)F)CC3)c(N3CCC(C(F)(F)F)CC3)cc21,Prostaglandin E synthase
Cc1c(Cl)cccc1NC(=O)c1cc(NC(=O)c2c(Cl)cccc2Br)cc2[nH]c(N(C)C)nc12,Prostaglandin E synthase
Cn1c(Nc2c(Cl)ccc(CNC(=O)C(C)(C)C)c2Cl)nc2cc(C(=O)NCC3CCC3)c(OCC(F)F)cc21,Prostaglandin E synthase
O=C(O)c1ccc(S(=O)(=O)N2CCN(c3ccccc3)CC2)cc1,Prostaglandin E synthase
Cn1c(Nc2c(Cl)ccc(CNC(=O)C(C)(C)C(F)(F)F)c2Cl)nc2cc(C(=O)Nc3ccc(F)c(Cl)c3)c(N3CCC(C(F)(F)F)CC3)cc21,Prostaglandin E synthase
COC(=O)c1ccc(NC(=O)c2cc3nc(Nc4c(Cl)ccc(CNC(=O)C(C)(C)C)c4Cl)n(C)c3cc2OCC(F)F)s1,Prostaglandin E synthase
COc1cc(NCCC(C)=O)c([N+](=O)[O-])cc1OC,Prostaglandin E synthase
CCN(Cc1ccccc1)S(=O)(=O)c1ccc(C(=O)O)cc1,Prostaglandin E synthase
CN(c1cc2c(cc1C(=O)N[C@H]1CC[C@H](C(F)(F)F)CC1)nc(Nc1c(Cl)ccc(CNC(=O)C(C)(C)C)c1Cl)n2C)C1CCC1,Prostaglandin E synthase
CC1(C)Oc2cc(C#Cc3ccccc3C(F)(F)F)ccc2-c2nc(-c3c(Cl)cncc3Cl)[nH]c21,Prostaglandin E synthase
Cn1c(Nc2c(Cl)ccc(CNC(=O)C(C)(C)C)c2Cl)nc2cc(C(=O)NC3CCC(F)(F)CC3)c(N3CCC(C(F)(F)F)CC3)cc21,Prostaglandin E synthase
CCCCc1nc2cnc3cc(Br)ccc3c2[nH]1,Prostaglandin E synthase
Cc1nc(C(F)(F)F)c(CNC(=O)c2cc3nc(Nc4c(Cl)ccc(CNC(=O)C(C)(C)C)c4Cl)n(C)c3cc2N2CCC(C(F)(F)F)CC2)s1,Prostaglandin E synthase
CC1(C)Oc2cc(C(=O)NC3CCCCC3)ccc2-c2nc(-c3c(F)cccc3Cl)[nH]c21,Prostaglandin E synthase
CC(=O)O[C@H]1CC[C@]2(C)C3C[C@@]4(C)C(CCC4[C@@H](C)CCCC(C)C)C[C@]3(C#N)n3c(=O)n(-c4ccccc4)c(=O)n3[C@]2(C#N)C1,Prostaglandin E synthase
Cn1c(Nc2c(Cl)ccc(CNC(=O)C(C)(C)C)c2Cl)nc2cc(C(=O)Nc3ccc(OC(F)(F)F)cc3)c(N3CCC(C(F)(F)F)CC3)cc21,Prostaglandin E synthase
Cn1c(Nc2c(Cl)ccc(CNC(=O)C(C)(C)C)c2Cl)nc2cc(C(=O)Nc3ccc(OC(F)(F)F)cc3)c(N3CCC(F)(F)C3)cc21,Prostaglandin E synthase
CCCCCCCCCCCC(=O)c1c(C)c(C(=O)O)n(Cc2ccccc2)c1C,Prostaglandin E synthase
CN(C)c1nc2c(C(=O)Nc3ccc4c(c3)CCC4)cc(NC(=O)c3ccccc3C(F)(F)F)cc2[nH]1,Prostaglandin E synthase
CCCCOc1ccc(NC(=S)Nc2ccc(N(C)C)cc2)cc1,Prostaglandin E synthase
Brc1ccc2c(c1)ncc1nc(-c3ccccc3-c3ccccc3)[nH]c12,Prostaglandin E synthase
CC(C(=O)O)N1C(=O)/C(=C/C(=O)Nc2ccccc2)S/C1=Nc1ccccc1,Prostaglandin E synthase
COc1cc(/C=C/c2ccc3c(c2)[C@@H](c2cc(OC)cc(OC)c2)[C@H](c2ccc(O)cc2)O3)cc(OC)c1,Prostaglandin E synthase
Cc1cc2oc(N3CCC(C(=O)N[C@H]4CC[C@@H](CO)CC4)CC3)nc2cc1Cl,Prostaglandin E synthase
O=C(c1ccc(OCc2ccccc2)cc1)c1cc(Br)ccc1O,Prostaglandin E synthase
Cc1c(Cl)cccc1NC(=O)c1cc(NC(=O)c2ccccc2C(F)(F)F)cc2[nH]c(NC[C@H]3CCCO3)nc12,Prostaglandin E synthase
CCCc1nc2ccc(NC(=O)c3ccc(Cl)cc3)cc2c(=O)n1Cc1ccc(-c2cccc(Cl)c2)cc1,Prostaglandin E synthase
Cc1cc2oc(N3CCC(C(=O)N[C@H]4CC[C@](C)(O)CC4)CC3)nc2cc1Cl,Prostaglandin E synthase
Cn1c(Nc2c(Cl)ccc(CNC(=O)C(C)(C)C)c2Cl)nc2cc(C(=O)N[C@H]3CC[C@H](C(F)(F)F)CC3)c(N3CCN(C4CC4)CC3)cc21,Prostaglandin E synthase
CC(C)(C)c1cc(OCc2nnc3sc(-c4ccc(Cl)cc4)nn23)c(Cl)cc1OCc1nnc2sc(-c3ccc(Cl)cc3)nn12,Prostaglandin E synthase
O=C(Nc1ccnc2c(Nc3ccc(C(F)(F)F)cc3)nsc12)c1c(F)cccc1Cl,Prostaglandin E synthase
Cc1c(C(=O)O)cc(-c2ccc(OC(F)(F)F)cc2)n1Cc1cccnc1,Prostaglandin E synthase
COCCOc1cc2c(cc1C(=O)Nc1ccc(F)c(Cl)c1)nc(Nc1c(Cl)ccc(CNC(=O)C(C)(C)C)c1Cl)n2C,Prostaglandin E synthase
Cn1c(Nc2c(Cl)ccc(CNC(=O)C(C)(C)C)c2Cl)nc2cc(C(=O)Nc3ccc(F)c(Cl)c3)c(NC3CC(F)(F)C3)cc21,Prostaglandin E synthase
COCc1nc2c(C(=O)NC3CCC(F)(F)CC3)cc(NC(=O)c3ccccc3C(F)(F)F)cc2[nH]1,Prostaglandin E synthase
Clc1cccc(-c2nc3cnc4cc(Br)ccc4c3[nH]2)c1,Prostaglandin E synthase
Cc1cnc(C#Cc2ccc3c(c2)OC(C)(C)c2[nH]c(-c4c(F)cccc4Cl)nc2-3)s1,Prostaglandin E synthase
Cn1c(Nc2c(Cl)ccc(CNC(=O)C(C)(C)C)c2Cl)nc2cc(C(=O)Nc3cc(Cl)ccc3Cl)c(F)cc21,Prostaglandin E synthase
Cn1c(Nc2c(Cl)ccc(CNC(=O)C(C)(C)C)c2Cl)nc2cc(C(=O)Nc3cc(F)cc(Cl)c3)c(F)cc21,Prostaglandin E synthase
Cc1c(Cl)cccc1NC(=O)c1cc(NC(=O)c2ccccc2C(F)(F)F)cc2[nH]c(N[C@H](CO)C(C)C)nc12,Prostaglandin E synthase
Cn1c(Nc2c(Cl)ccc(CNC(=O)C(C)(C)C)c2Cl)nc2cc(C(=O)N[C@H]3CC[C@H](C(F)(F)F)CC3)c(N3CC4CCCC43)cc21,Prostaglandin E synthase
O=C(c1ccccc1)c1cc(Cl)cc2c1S(=O)(=O)CC2C(=O)O,Prostaglandin E synthase
CC(C)=CCC[C@@]1(C)[C@H](CC=C(C)C)C[C@]2(CC=C(C)C)C(=O)[C@@]1(C(=O)C(C)C)C(=O)C(CC=C(C)C)=C2O,Prostaglandin E synthase
Cn1c(Nc2c(Cl)ccc(CNC(=O)C(C)(C)C)c2Cl)nc2cc(C(=O)Nc3ccc(OC(F)(F)F)cc3)c(N3CC[C@H](F)C3)cc21,Prostaglandin E synthase
Brc1ccc2c(c1)ncc1nc(-c3ccccn3)[nH]c12,Prostaglandin E synthase
CC(=O)N1CC(c2nc3c(C(=O)Nc4cccc(Cl)c4C)cc(NC(=O)c4ccccc4C(F)(F)F)cc3[nH]2)C1,Prostaglandin E synthase
Cn1c(Nc2c(Cl)ccc(CNC(=O)C(C)(C)C(F)(F)F)c2Cl)nc2cc(C(=O)Nc3ccc(OC(F)(F)F)cc3)c(N3CCC(C(F)(F)F)CC3)cc21,Prostaglandin E synthase
CC(C)NC(=O)N(Cc1ccccc1)Cc1cccc(C#Cc2cccc(C(F)(F)F)c2)c1,Prostaglandin E synthase
Cc1c(Cl)cccc1NC(=O)c1cc(NC(=O)c2ccccc2C(F)(F)F)cc2[nH]c(C3CN(C(=O)OC(C)(C)C)C3)nc12,Prostaglandin E synthase
O=C(CSc1nc(-c2ccccc2)c(-c2ccccc2)[nH]1)c1ccccc1,Prostaglandin E synthase
COCc1nc2c(C(=O)NCC(C)(C)C)cc(NC(=O)c3ccccc3C(F)(F)F)cc2[nH]1,Prostaglandin E synthase
CCOc1ccc(-c2cc3oc(N4CCC(C(=O)N[C@H]5CCC[C@H](CO)C5)CC4)nc3cc2Cl)cc1,Prostaglandin E synthase
CSc1nc2c(C(=O)Nc3cccc(Cl)c3C)cc(NC(=O)c3ccccc3C(F)(F)F)cc2[nH]1,Prostaglandin E synthase
COc1ccc2nc3cc(Cl)ccc3c(SCC(=O)Nc3ccccc3-c3ccccc3NC(=O)CSc3c4ccc(Cl)cc4nc4ccc(OC)cc34)c2c1,Prostaglandin E synthase
CC1(C)Oc2cc(C#Cc3cc(C(F)(F)F)ccc3Cl)ccc2-c2nc(-c3c(C#N)cccc3C#N)[nH]c21,Prostaglandin E synthase
COCc1nc2c(C(=O)Nc3cccc(Cl)c3C)cc(NC(=O)c3ccccc3S(C)(=O)=O)cc2[nH]1,Prostaglandin E synthase
O=C(NCC1CC1)N(Cc1ccccc1)Cc1cccc(C#Cc2ccccc2)c1,Prostaglandin E synthase
CC1(C)Oc2cc(C(=O)Nc3cccc(C(F)(F)F)c3)ccc2-c2[nH]c(-c3c(F)cccc3Cl)nc21,Prostaglandin E synthase
CC1CCCC1NC(=O)C1CCN(c2nc3cc(Cl)ccc3o2)CC1,Prostaglandin E synthase
CC1(C)Oc2cc(C#Cc3cccc(Cl)c3)ccc2-c2nc(-c3c(F)cccc3Cl)[nH]c21,Prostaglandin E synthase
CCN1C(=O)C2Cc3c([nH]c4ccccc34)C(c3ccc(Cl)cc3)N2C1=O,Prostaglandin E synthase
COc1ccc(CN(Cc2cccc(C#Cc3ccccc3)c2)C(=O)NC(C)C)cc1,Prostaglandin E synthase
Cc1cccc(Nc2cc(Cl)nc(S[C@@H](C(=O)O)c3cccc4ccccc34)n2)c1C,Prostaglandin E synthase
Cc1nc2c(C(=O)Nc3cccc(Cl)c3C)cc(NC(=O)c3ccccc3C(F)(F)F)cc2[nH]1,Prostaglandin E synthase
Cn1c(Nc2c(Cl)ccc(CNC(=O)C(C)(C)C)c2Cl)nc2cc(C(=O)NCC(F)(F)F)c(N3CCC(C(C)(C)O)CC3)cc21,Prostaglandin E synthase
CCCCCCCCCCCC(=O)c1c(C)c(CCC(=O)NS(C)(=O)=O)n(C)c1C,Prostaglandin E synthase
Cc1c(Cl)cccc1NC(=O)c1cc(NC(=O)c2ccccc2C(F)(F)F)cc2[nH]c([C@@H]3CCCN3C)nc12,Prostaglandin E synthase
CN(C)c1nc2c(C(=O)Nc3ccc(C(C)(C)C)cc3)cc(NC(=O)c3ccccc3C(F)(F)F)cc2[nH]1,Prostaglandin E synthase
CCCCCCCCCCCC(=O)c1c(C)[nH]c(CC(=O)O)c1C,Prostaglandin E synthase
Cn1c(Nc2c(Cl)ccc(CNC(=O)C(C)(C)C)c2Cl)nc2cc(C(=O)NC(Cc3ccccc3)C(F)(F)F)c(N3CCC(F)(F)C3)cc21,Prostaglandin E synthase
COCc1nc2c(C(=O)Nc3cccc4c3CCCC4)cc(NC(=O)c3ccccc3C(F)(F)F)cc2[nH]1,Prostaglandin E synthase
Cn1c(Nc2c(Cl)ccc(CNC(=O)c3cccc(O)c3)c2Cl)nc2cc(C(=O)NCCC(F)(F)F)c(N3CCC(C(F)(F)F)CC3)cc21,Prostaglandin E synthase
Cc1c(C(=O)c2ccc(-c3ccccc3)cc2)c(C)n(C)c1CCC(=O)O,Prostaglandin E synthase
COCc1nc2c(C(=O)Nc3ccsc3)cc(NC(=O)c3ccccc3C(F)(F)F)cc2[nH]1,Prostaglandin E synthase
Brc1ccc2c(c1)ncc1nc(-c3ccccc3Br)[nH]c12,Prostaglandin E synthase
Cc1nc2c(C(=O)NC3CCCC3)cc(NC(=O)c3ccccc3C(F)(F)F)cc2[nH]1,Prostaglandin E synthase
O=C(Nc1cc(C(=O)NCc2ccccc2C(F)(F)F)c2[nH]ncc2c1)c1ccccc1C(F)(F)F,Prostaglandin E synthase
O=C(N[C@H]1CCC[C@H](CO)C1)C1CCN(c2nc3cc(Cl)c(C(F)F)cc3o2)CC1,Prostaglandin E synthase
Cc1c(Cl)cccc1NC(=O)c1cc(NC(=O)c2ccccc2C(F)(F)F)cc2[nH]c(NCC(=O)OC(C)(C)C)nc12,Prostaglandin E synthase
OC(c1ccc2c(c1)c1cc(Br)ccc1c1nc(-c3c(F)cccc3Cl)[nH]c21)(C(F)(F)F)C(F)(F)F,Prostaglandin E synthase
CCCNC(=O)c1cc(NC(=O)c2ccccc2C(F)(F)F)cc2[nH]c(COC)nc12,Prostaglandin E synthase
Cn1c(Nc2c(F)ccc(CNC(=O)C(C)(C)C)c2F)nc2cc(C(=O)Nc3ccc(F)c(Cl)c3)c(OCC(F)F)cc21,Prostaglandin E synthase
O=C(NN/C(=NS(=O)(=O)c1ccc(-n2nc(C(F)(F)F)cc2-c2cccs2)cc1)N1CCCC1)Nc1ccc(Cl)cc1,Prostaglandin E synthase
CC1(C)Oc2cc(C#Cc3ccc(C(F)(F)F)cc3Cl)ccc2-c2nc(-c3c(F)cncc3Cl)[nH]c21,Prostaglandin E synthase
CC(C)(C)c1nc2c(C(=O)NCc3ncccc3C(F)(F)F)cc(NC(=O)c3ccccc3C(F)(F)F)cc2[nH]1,Prostaglandin E synthase
Cc1ccc(N2CCn3c(SCC(=O)Nc4cc(C)ccc4C)nnc32)cc1,Prostaglandin E synthase
CCCc1nc2ccc(NC(C)=O)cc2c(=O)n1Cc1ccc(-c2cccc(Cl)c2)cc1,Prostaglandin E synthase
COc1ccc(C#Cc2cccc(CN(Cc3ccccc3)C(=O)NC(C)C)c2)cc1,Prostaglandin E synthase
Cn1c(Nc2c(Cl)ccc(CNC(=O)C(C)(C)C)c2Cl)nc2cc(C(=O)Nc3ccc(Cl)c(F)c3)c(N3CC4CC4C3)cc21,Prostaglandin E synthase
Cn1c(=O)c2[nH]c(-c3ccccc3Cl)nc2c2ccc(Br)cc21,Prostaglandin E synthase
CC(C)C(=O)NCc1ccc(Cl)c(-c2nc3cc(Cl)c(N4CCOCC4)cc3c(=O)[nH]2)c1,Prostaglandin E synthase
Cn1c(Nc2c(Cl)ccc(CNC(=O)C(C)(C)C)c2Cl)nc2cc(C(=O)NCC3CC3)c(N3CCC(F)(F)C3)cc21,Prostaglandin E synthase
Cn1c(Nc2c(Cl)ccc(CNC(=O)C(C)(C)C)c2Cl)nc2cc(C(=O)Nc3ccc(C(F)(F)F)cn3)c(OCC(F)F)cc21,Prostaglandin E synthase
CC1(C)Cc2c(c(C(=O)Nc3ccc(C(F)(F)F)cc3)cc3nc(Nc4c(F)cccc4Cl)[nH]c23)O1,Prostaglandin E synthase
Cn1c(Nc2c(Cl)ccc(CNC(=O)C(C)(C)C)c2Cl)nc2cc(C(=O)Nc3ccc(OC(F)(F)F)cc3)c(N3CC[C@@H](F)C3)cc21,Prostaglandin E synthase
CC(C)NC(=N)N(Cc1ccccc1)Cc1cccc(C#Cc2ccccc2)c1,Prostaglandin E synthase
Cn1c(Nc2c(Cl)ccc(CNC(=O)C(C)(C)F)c2Cl)nc2cc(C(=O)NCCC(F)(F)F)c(N3CCC(C(F)(F)F)CC3)cc21,Prostaglandin E synthase
Cc1ccc([N+](=O)[O-])cc1NC(=O)CSc1nnc(CC(=O)Nc2ccccc2)n1C,Prostaglandin E synthase
CC(C)(C)OC(=O)N[C@H](Cc1ccc(OCc2ccccc2)cc1)C(=O)N[C@H](CCCCNC(=O)OCc1ccccc1)C(=O)ON1C(=O)CCC1=O,Prostaglandin E synthase
COCc1nc2c(C(=O)Nc3cccc(Cl)c3C)cc(NC(=O)c3cc(F)ccc3C(F)(F)F)cc2[nH]1,Prostaglandin E synthase
Cn1c(Nc2c(Cl)ccc(CNC(=O)C(C)(C)C)c2Cl)nc2cc(C(=O)N[C@H]3CC[C@@H](C(F)(F)F)CC3)c(N3CC4CC4C3)cc21,Prostaglandin E synthase
COc1ccc(C(=O)COC(=O)[C@H](C[Se][Se]C[C@H](NC(=O)c2ccc(Br)cc2F)C(=O)OCC(=O)c2ccc(OC)cc2)NC(=O)c2ccc(Br)cc2F)cc1,Prostaglandin E synthase
COCc1nc2c(C(=O)Nc3nc4ccccc4s3)cc(NC(=O)c3ccccc3C(F)(F)F)cc2[nH]1,Prostaglandin E synthase
Cn1c(Nc2c(Cl)ccc(CNC(=O)C(C)(C)C)c2Cl)nc2cc(C(=O)NCCc3ccccc3)c(OCC(F)F)cc21,Prostaglandin E synthase
CC(C)(C)C(=O)NCc1ccc(Cl)c(Nc2nc3cc(C(=O)N[C@H]4CC[C@H](C(F)(F)F)CC4)c(N4CCOCC4)cc3n2CC(F)F)c1Cl,Prostaglandin E synthase
Cc1nc2c(C(=O)NCc3ccccc3C(F)(F)F)cc(NC(=O)c3ccccc3C(F)(F)F)cc2o1,Prostaglandin E synthase
Cc1ccc(S(=O)(=O)NCn2nnc(C(=O)O)c2C(=O)O)cc1,Prostaglandin E synthase
Cn1c(Nc2c(Cl)ccc(CNC(=O)C(C)(C)C)c2Cl)nc2cc(C(=O)Nc3nnc(C(C)(C)C)s3)c(N3CCC(C(F)(F)F)CC3)cc21,Prostaglandin E synthase
CC(C)(O)[C@H]1CCC[C@H](NC(=O)C2CCN(c3nc4cc(Cl)ccc4o3)CC2)C1,Prostaglandin E synthase
COCc1nc2c(C(=O)Nc3cccc(Cl)c3C)cc(NC(=O)c3cc(Cl)ccc3Cl)cc2[nH]1,Prostaglandin E synthase
CC(C)(C)C(=O)NCc1ccc(Cl)c(Nc2nc3cc(F)c(C(=O)N[C@H]4CC[C@H](C(F)(F)F)CC4)cc3[nH]2)c1Cl,Prostaglandin E synthase
O=C(NC1CCCC1c1ccccc1)C1CCN(c2nc3cc(Cl)ccc3o2)CC1,Prostaglandin E synthase
CCCCCCCCCCCC(=O)c1c(-c2ccccc2)c(CCC(=O)O)n(Cc2ccccc2)c1C,Prostaglandin E synthase
Cc1c(Cl)cccc1NC(=O)c1cc(NC(=O)c2c(F)cccc2Cl)cc2[nH]c(NCCOC(C)C)nc12,Prostaglandin E synthase
Cn1c(Nc2c(Cl)ccc(CNC(=O)C(C)(C)C)c2Cl)nc2cc(C(=O)Nc3ccc(Cl)cc3Cl)c(OCC(F)F)cc21,Prostaglandin E synthase
CN(CCn1nnc(C(=O)O)c1C(=O)O)S(=O)(=O)c1ccccc1,Prostaglandin E synthase
Cc1ccc(NC(=O)c2cc(NC(=O)c3cc(Cl)ccc3Cl)cc3[nH]c(C4(C)CC4)nc23)cc1Cl,Prostaglandin E synthase
Cn1ccnc1CNc1cc2c(cc1C(=O)N[C@H]1CC[C@H](C(F)(F)F)CC1)nc(Nc1c(Cl)ccc(CNC(=O)C(C)(C)C)c1Cl)n2C,Prostaglandin E synthase
CC(C)NC(=O)N(Cc1ccccc1)Cc1cccc(NS(=O)(=O)c2ccccc2)c1,Prostaglandin E synthase
CCCCCCCCCCCC(=O)c1c(C)c(CC(=O)O)n(Cc2ccccc2)c1C,Prostaglandin E synthase
Cn1c(Nc2c(Cl)ccc(CNC(=O)C(C)(C)C)c2Cl)nc2cc(C(=O)Nc3ccc(F)c(Cl)c3)c(OCCF)cc21,Prostaglandin E synthase
COc1ccc(-c2nnc(SCC(=O)Nc3ccc(Cl)cc3)nc2-c2ccc(OC)cc2)cc1,Prostaglandin E synthase
O=C(Nc1ccc(C(=O)N2CCOCC2)cc1)c1ccccc1Cl,Prostaglandin E synthase
Cn1c(Nc2c(Cl)ccc(CNC(=O)C(C)(C)C)c2Cl)nc2cc(C(=O)NC3CCN(CC(F)(F)F)CC3)c(N3CCC(C(F)(F)F)CC3)cc21,Prostaglandin E synthase
CS(=O)(=O)c1ccc(-c2ccc3c(c2)c2cc(Cl)ccc2c2nc(-c4c(C#N)cccc4C#N)[nH]c32)cc1,Prostaglandin E synthase
CC(C)(O)Cc1ccc2c(c1)c1cc(OCCCC(F)(F)F)ccc1c1nc(-c3c(C#N)cccc3C#N)[nH]c21,Prostaglandin E synthase
CCN(c1ccccc1)S(=O)(=O)c1ccc(C(=O)O)cc1,Prostaglandin E synthase
Cn1c(Nc2c(F)ccc(CNC(=O)C(C)(C)C)c2F)nc2cc(C(=O)N[C@H]3CC[C@H](C(F)(F)F)CC3)c(F)cc21,Prostaglandin E synthase
Cn1c(Nc2c(Cl)ccc(CNC(=O)C(C)(C)C)c2Cl)nc2cc(C(=O)N[C@H]3CC[C@H](C(F)(F)F)CC3)c(N3CCn4cncc4C3)cc21,Prostaglandin E synthase
COCc1nc2c(C(=O)Nc3ccc(C)cc3)cc(NC(=O)c3ccccc3C(F)(F)F)cc2[nH]1,Prostaglandin E synthase
CCCCCCCCCCCC(=O)c1c(C)c(CCC(N)=O)n(C)c1C,Prostaglandin E synthase
COCc1nc2c(C(=O)Nc3ccccc3C)cc(NC(=O)c3ccccc3C(F)(F)F)cc2[nH]1,Prostaglandin E synthase
Fc1cccc(Cl)c1-c1nc(-c2ccc(C#Cc3ccccc3)nc2)c(Br)[nH]1,Prostaglandin E synthase
CCCCCCCCCCCC(=O)c1c(C)c(CCC(=O)O)n(-c2ccccc2)c1C,Prostaglandin E synthase
CCCCCCCCCCCCCCCC(=O)c1c(C)c(CCC(=O)O)n(C)c1C,Prostaglandin E synthase
O=S(=O)(NC1CCCC1)C1CCN(c2nc3cc(Cl)ccc3o2)CC1,Prostaglandin E synthase
Cn1c(Nc2c(Cl)ccc(CNC(=O)C(C)(C)C)c2Cl)nc2cc(C(=O)NCCC(F)(F)F)c(N3CCCC(C(F)(F)F)C3)cc21,Prostaglandin E synthase
COCc1nc2c(C(=O)NC3CCCCC3)cc(NC(=O)c3ccccc3C(F)(F)F)cc2[nH]1,Prostaglandin E synthase
