smiles,targetname
CCCc1cc2c(cc1N1CCN(C3CCC3)CC1)C(C)(C)c1[nH]c3cc(C#N)ccc3c1C2=O,ALK tyrosine kinase receptor
C[C@H]1CN(C(=O)c2ccc(NC(=O)c3cc(O[C@H](C)c4c(Cl)ccc(F)c4Cl)c(N)nn3)cc2)C[C@@H](C)N1,ALK tyrosine kinase receptor
CCc1nc(C(N)=O)c(Nc2ccc(N3CCN(C)CC3)c(C(F)(F)F)c2)nc1N[C@H]1CC[C@H](O)CC1,ALK tyrosine kinase receptor
COc1ncccc1-c1c(C(N)=O)sc2cnc(Nc3cccc(N4CCN(C)CC4)c3OC(C)C)nc12,ALK tyrosine kinase receptor
CCCC1(N2CCN(c3cc4c(cn3)C(=O)c3c([nH]c5cc(C(N)=O)ccc35)C4(C)C)CC2)CCC1,ALK tyrosine kinase receptor
CC(C)NC(=O)[C@H]1CC[C@@H](n2/c(=N/C(=O)c3ccc(F)cc3)[nH]c3ccccc32)CC1,ALK tyrosine kinase receptor
CC1(C)c2cc(S(=O)(=O)CCC(=O)O)ccc2C(=O)c2c1[nH]c1cc(C#N)ccc21,ALK tyrosine kinase receptor
COc1cc(C(=O)NCCN2CCCC2)ccc1Nc1nc(Cc2c(Cl)cccc2Cl)n2ccnc2c1C(N)=O,ALK tyrosine kinase receptor
CC(C)Oc1cc2c(cc1Nc1ncc(Cl)c(Nc3ccccc3S(=O)(=O)C(C)C)n1)C(=O)N(C1CCN(C(=O)[C@@H]3CCCN3)CC1)C2,ALK tyrosine kinase receptor
CCOc1cc(N2CCN(C(C)=O)CC2)ccc1Nc1nc(Nc2ccc(N3CCN(C(C)=O)CC3)cc2)ncc1Cl,ALK tyrosine kinase receptor
CC1(C)c2ccc(N3CCC(N4CCCC4)CC3)cc2C(=O)c2c1[nH]c1cc(C#N)ccc21,ALK tyrosine kinase receptor
CCN(CC)C(=O)[C@H]1CC[C@@H](n2/c(=N/C(=O)c3ccccc3)[nH]c3ccc(CN4CCCCC4)cc32)CC1,ALK tyrosine kinase receptor
Cc1ccc(Cn2cc(-c3ccnc4[nH]c5ccc(-c6ccc(N7CCN(C)CC7)cc6)cc5c34)nn2)cc1,ALK tyrosine kinase receptor
Cc1cc(Nc2nc(Nc3ccccc3S(=O)(=O)C(C)C)c3c(C)[nH]nc3n2)c(OC(C)C)cc1C1CCN(CC(N)=O)CC1,ALK tyrosine kinase receptor
CCc1cc2c(cc1N1CCC(N3CCOCC3)CC1)C(C)(C)c1[nH]c3cc(NC(C)=O)ccc3c1C2=O,ALK tyrosine kinase receptor
COc1ccccc1-c1c(C(N)=O)sc2cnc(Nc3ccc(-c4cnn(C)c4)cc3OC(C)C)nc12,ALK tyrosine kinase receptor
CN1CCN(c2ccc(-c3ccc4[nH]c5nccc(-c6cccc(-c7ccccc7)c6)c5c4c3)cc2)CC1,ALK tyrosine kinase receptor
COc1cc(C2CCN(C)CC2)c(C)cc1Nc1nc(Nc2ccccc2S(=O)(=O)C(C)C)c2c(C)[nH]nc2n1,ALK tyrosine kinase receptor
CCc1cc2c(cc1N1CCC(N3CCOCC3)CC1)C(C)(C)c1[nH]c3cc(NC(=O)c4ccccc4)ccc3c1C2=O,ALK tyrosine kinase receptor
CC(C)c1cc(NC(=O)Nc2ccc(-c3cc(NC(=O)c4ccc(CN5CCN(C)CC5)cc4)[nH]n3)cc2)no1,ALK tyrosine kinase receptor
CN1CCN(c2ccc(-c3ccc4[nH]c5nccc(-c6ccc(Cc7ccccc7)cc6C(F)(F)F)c5c4c3)cc2)CC1,ALK tyrosine kinase receptor
COc1cc2c(cc1Nc1ncc(Cl)c(Nc3ccccc3S(=O)(=O)C(C)C)n1)CCCN(C1CCNCC1)C2,ALK tyrosine kinase receptor
CC1(C)c2cc(OC[C@H](O)CO)ccc2C(=O)c2c1[nH]c1c(C(=O)O)c(C#N)ccc21,ALK tyrosine kinase receptor
[H][C@@]12CN(C(=O)Nc3cc4c(cc3CC)C(=O)c3c([nH]c5cc(C#N)ccc35)C4(C)C)C[C@]1([H])C2CO,ALK tyrosine kinase receptor
CCc1nc(C(N)=O)c(Nc2ccc(N3CCC(N4CCN(C)CC4)CC3)c(C)c2)nc1NC1CCC(O)(C(C)C)CC1,ALK tyrosine kinase receptor
COc1ccc(N2CCN(C)CC2)cc1Nc1ncc2ccc(-c3ccccc3N(C)S(C)(=O)=O)n2n1,ALK tyrosine kinase receptor
Cc1cc(Nc2nc(Nc3ccccc3S(=O)(=O)C(C)C)c3c(C)[nH]nc3n2)c(OC(C)C)cc1C1CCN(C(=O)CN(C)C)CC1,ALK tyrosine kinase receptor
CC1(C)c2cc(N3CCN(C4CCC4)CC3)c(C3CC3)cc2C(=O)c2c1[nH]c1cc(C#N)ccc21,ALK tyrosine kinase receptor
CCNC(=O)c1cn2c(Cc3c(Cl)cccc3Cl)nc(Nc3ccc(N4CCNCC4)cc3OC)c(C(N)=O)c2n1,ALK tyrosine kinase receptor
CC1(C)c2cc(OCCN3CCNCC3)ccc2C(=O)c2c1oc1ccccc21,ALK tyrosine kinase receptor
CCc1cc2c(cc1N1CCC(NCCCO)CC1)C(C)(C)c1[nH]c3cc(C#N)ccc3c1C2=O,ALK tyrosine kinase receptor
COc1cc(N2CCN(C(C)=O)CC2)ccc1Nc1ncc(Cl)c(Nc2ccc(N3CCN(C(C)=O)CC3)cc2)n1,ALK tyrosine kinase receptor
COc1ccccc1-c1c(C(N)=O)sc2cnc(Nc3cc4c(cc3OC(C)C)N(C)C(=O)CCC4)nc12,ALK tyrosine kinase receptor
CC(C)S(=O)(=O)c1ccccc1Nc1nc(Nc2nc(C(=O)N3CCCCC3)cs2)ncc1Cl,ALK tyrosine kinase receptor
Oc1ccc(Nc2ccnc3cc(-c4cnn(C5CCNCC5)c4)ccc23)cc1,ALK tyrosine kinase receptor
CCc1ccc(C(C)(C)c2cc3ccc(C#N)cc3[nH]2)cc1-c1cnn(C2CCN(C(C)=O)CC2)c1,ALK tyrosine kinase receptor
CC1(C)c2cc(OC[C@@H](O)[C@H](O)CO)ccc2C(=O)c2c1[nH]c1cc(I)ccc21,ALK tyrosine kinase receptor
Cc1cc(Nc2ncc(Cl)c(Nc3cn(C)nc3S(=O)(=O)C3CC3)n2)c(OC(C)C)cc1C1CCNCC1,ALK tyrosine kinase receptor
COc1ccccc1-c1c(C(N)=O)sc2cnc(Nc3cc(C)c(N4CCC(N(C)C)C4)cc3OC(C)C)nc12,ALK tyrosine kinase receptor
CNC(=O)c1ccc(F)cc1[C@@H](C)Oc1nc(-c2cccnc2OC)cnc1N,ALK tyrosine kinase receptor
CN1CCN(c2ccc(-c3ccc4[nH]c5nccc(C#Cc6ccccc6)c5c4c3)cc2)CC1,ALK tyrosine kinase receptor
Cc1cc(Nc2nc(Nc3ccccc3S(=O)(=O)C(C)C)c3c(C)[nH]nc3n2)c(OC(C)C)cc1C1CCN(C[C@H](O)C(F)(F)F)CC1,ALK tyrosine kinase receptor
NC(=O)c1c(Nc2ccc(N3CCNCC3)cc2Cl)nc(Cc2c(Cl)cccc2Cl)c2nc[nH]c12,ALK tyrosine kinase receptor
CC(C)(C)c1ccccc1NC(=O)Oc1ccc2c3c(oc2c1)C(C)(C)c1cc(OC[C@H](O)CO)ccc1C3=O,ALK tyrosine kinase receptor
COc1cc(-c2ccnc3[nH]c4ccc(-c5ccc(N6CCN(C)CC6)cc5)cc4c23)c(OC)cc1Cc1ccccc1,ALK tyrosine kinase receptor
CC(C)NC(=O)[C@H]1CC[C@@H](n2/c(=N/C(=O)c3ccc(C#N)cc3)[nH]c3ccc(CN4CCC(C(C)(C)O)CC4)cc32)CC1,ALK tyrosine kinase receptor
CC1(C)c2cc(OC[C@@H](O)[C@H](O)CO)ccc2C(=O)c2c1oc1cc(OC[C@H](O)CO)ccc21,ALK tyrosine kinase receptor
c1ccc(Nc2ccnc3cc(-c4cnn(C5CCOCC5)c4)ccc23)cc1,ALK tyrosine kinase receptor
CN1CCN(c2ccc(-c3ccc4[nH]c5nccc(-c6ccc(Oc7ccccc7)cc6)c5c4c3)cc2)CC1,ALK tyrosine kinase receptor
N#Cc1ccc2c3c([nH]c2c1)C1(CCCC1)c1cc(OC[C@H](O)CO)ccc1C3=O,ALK tyrosine kinase receptor
COc1cc(N2CCN(C(C)=O)CC2)ccc1Nc1ncc(F)c(Nc2ccc(N3CCN(CCO)CC3)cc2OC)n1,ALK tyrosine kinase receptor
CCc1cc2c(cc1N1CCN(CC(O)(CCC(=O)O)CC(=O)O)CC1)C(C)(C)c1[nH]c3cc(C#N)ccc3c1C2=O,ALK tyrosine kinase receptor
CC(C)NC(=O)[C@H]1CC[C@@H](n2/c(=N/C(=O)c3ccc(F)cc3)[nH]c3ccc(CN4CCC(CN)CC4)cc32)CC1,ALK tyrosine kinase receptor
CN1CCN(c2ccc(-c3cnc4c(c3)C(Cc3cc(F)ccc3F)CCN4)cn2)CC1,ALK tyrosine kinase receptor
CC1(C)c2ccc(N3CCCC3)cc2C(=O)c2c1[nH]c1cc(C#N)ccc21,ALK tyrosine kinase receptor
Cc1cc(Nc2nc(Nc3ccccc3S(=O)(=O)C(C)C)c3c(C)[nH]nc3n2)c(OC(C)C)cc1C1CCN(C(=O)CN2CCOCC2)CC1,ALK tyrosine kinase receptor
Oc1ccc(Nc2ncnc3ccc(Br)cc23)cc1,ALK tyrosine kinase receptor
CC(C)(C)OC(=O)N1CCC2(CC1)OCCC2Oc1ccc2c(c1)C(C)(C)c1[nH]c3cc(Br)ccc3c1C2=O,ALK tyrosine kinase receptor
NC(=O)c1c(Nc2cc(F)c(N3CCNCC3)cc2F)nc(Cc2c(Cl)cccc2Cl)c2nc[nH]c12,ALK tyrosine kinase receptor
COc1cc(N2CCN(C(C)=O)CC2)ccc1Nc1ncc(F)c(Nc2ccc(N3CCN(C(=O)OC(C)(C)C)CC3)cc2OC)n1,ALK tyrosine kinase receptor
CCNC(=O)N1CCN(c2ccc(Nc3ncc(Cl)c(Nc4ccc(N5CCN(C(=O)NCC)CC5)cc4OC)n3)c(OC)c2)CC1,ALK tyrosine kinase receptor
COc1cc(C(=O)NCCCCN(C)C)ccc1Nc1nc(Cc2c(Cl)cccc2Cl)n2ccnc2c1C(N)=O,ALK tyrosine kinase receptor
COc1cc(N2CCN(C(C)=O)CC2)ccc1Nc1ncc(Cl)c(Nc2ccc(N3CCN(C(C)=O)CC3)cc2NC(C)(C)C)n1,ALK tyrosine kinase receptor
COc1cc(C2CCN(CC(N)=O)CC2)ccc1Nc1ncc2c(O)cc(-c3ccccc3N(C)S(C)(=O)=O)n2n1,ALK tyrosine kinase receptor
CC1(C)c2cc(OC3COC3)ccc2C(=O)c2c1[nH]c1cc(C#N)ccc21,ALK tyrosine kinase receptor
CC1(C)c2cc(OCCNS(C)(=O)=O)ccc2C(=O)c2c1[nH]c1cc(C#N)ccc21,ALK tyrosine kinase receptor
CCN(C)CCOc1ccc2c(c1)C(C)(C)C1Oc3cc(F)ccc3C1C2=O,ALK tyrosine kinase receptor
CCc1ccc(C(C)(C)c2cc3ccc(C#N)cc3[nH]2)cc1C1=CCN(C(C)=O)CC1,ALK tyrosine kinase receptor
COc1cc(N2CCNCC2)ccc1Nc1ncc(Cl)c(Nc2ccc(N3CCNCC3)cc2OC)n1,ALK tyrosine kinase receptor
CC(C)Oc1cc2c(cc1O[C@@H]1CCN(C3CCC3)C1)C(C)(C)c1[nH]c3cc(C#N)ccc3c1C2=O,ALK tyrosine kinase receptor
CCCC(=O)N(C)c1cc(N2CCN(C(=O)OC(C)(C)C)CC2)ccc1Nc1nc(Nc2ccc(N3CCN(C(C)=O)CC3)cc2OC)ncc1Cl,ALK tyrosine kinase receptor
CC1(C)c2cc(C(=O)O)ccc2C(=O)c2c1[nH]c1cc(C#N)ccc21,ALK tyrosine kinase receptor
CCOC(=O)COc1ccc2c(c1)C(C)(C)c1[nH]c3cc(C#N)ccc3c1C2=O,ALK tyrosine kinase receptor
CC1(C)c2cc(OCCNS(N)(=O)=O)ccc2C(=O)c2c1[nH]c1cc(C#N)ccc21,ALK tyrosine kinase receptor
CC1(C)c2cc(C(O)CO)ccc2C(=O)c2c1[nH]c1cc(C#N)ccc21,ALK tyrosine kinase receptor
CC(=O)COc1ccc2c(c1)O/C(=Cc1ccc([N+](=O)[O-])cc1)C2=O,ALK tyrosine kinase receptor
COc1cc(N2CCN(C(C)=O)CC2)ccc1Nc1ncc(Cl)c(Nc2ccc(N3CCN(C(=O)OC(C)(C)C)CC3)cc2OC)n1,ALK tyrosine kinase receptor
COc1cc(C2CCNCC2)ccc1Nc1nc(Cc2cccc(F)c2F)n2cnnc2c1C(N)=O,ALK tyrosine kinase receptor
CCN(CC)CCOc1ccc2c(n1)C(C)(C)c1c(c3ccc(C#N)cc3n1CCN(CC)CC)C2=O,ALK tyrosine kinase receptor
CCN(CC)CCOc1ccc2c(c1)C(C)(C)c1oc3cccc(F)c3c1C2=O,ALK tyrosine kinase receptor
CC1(C)c2cc(O)c(-c3nn[nH]n3)cc2C(=O)c2c1[nH]c1cc(Cl)ccc21,ALK tyrosine kinase receptor
CCCC(=O)N(C)c1cc(N2CCNCC2)ccc1Nc1nc(Nc2ccc(N3CCN(C(C)=O)CC3)cc2OC)ncc1Cl,ALK tyrosine kinase receptor
COc1cc([C@@H]2CCN(CC(N)=O)C[C@@H]2O)ccc1Nc1ncc2ccc(-c3ccccc3OC)n2n1,ALK tyrosine kinase receptor
CC(C)S(=O)(=O)c1ccccc1Nc1nc(Nc2nc3c(s2)CCN(C)CC3)ncc1Cl,ALK tyrosine kinase receptor
COc1ncccc1-c1cnc(N)c(O[C@H](C)c2cc(F)ccc2-n2nccn2)n1,ALK tyrosine kinase receptor
CN(C)CCCNC(=O)COc1ccc2c(c1)C(C)(C)c1oc3ccccc3c1C2=O,ALK tyrosine kinase receptor
COc1ccc(/C=C/c2ccnc3[nH]c4ccc(-c5ccc(N6CCN(C)CC6)cc5)cc4c23)cc1,ALK tyrosine kinase receptor
CCc1cc2c(cc1NC(=O)C1CCn3c(nnc3C(F)(F)F)C1)C(C)(C)c1[nH]c3cc(C#N)ccc3c1C2=O,ALK tyrosine kinase receptor
CN1CCN(c2ccc(-c3ccc4[nH]c5nccc(-c6ccc(-c7ccc(F)cc7)nc6)c5c4c3)cc2)CC1,ALK tyrosine kinase receptor
CCc1cc2c(cc1N1CCN(C(=O)C3CNC3)CC1)C(C)(C)c1[nH]c3cc(C#N)ccc3c1C2=O,ALK tyrosine kinase receptor
CC(C)(C)c1cc(NC(=O)Nc2ccc(-c3cc(NC(=O)c4ccc(OCCCN5CCCC5)cc4)[nH]n3)cc2)no1,ALK tyrosine kinase receptor
Cc1cc(Nc2ncc(Cl)c(Nc3ccccc3S(=O)(=O)C(C)C)n2)c(OC(C)C)cc1C1CCN(C(=O)[C@@H]2CCCN2)CC1,ALK tyrosine kinase receptor
Clc1cnc2nc1Nc1cccc(c1)CCc1cc(ccc1OCCN1CCCC1)N2,ALK tyrosine kinase receptor
CC(C)NC(=O)[C@H]1CC[C@@H](n2/c(=N/C(=O)c3cc(F)cc(C#N)c3)[nH]c3ccc(CN4CCC(C(C)(C)O)CC4)cc32)CC1,ALK tyrosine kinase receptor
Cn1cc(-c2cc3c(cc2N2CCOCC2)C(C)(C)c2[nH]c4cc(C#N)ccc4c2C3=O)cn1,ALK tyrosine kinase receptor
c1ccc(Nc2ccnc3cc(-c4ccncc4)ccc23)cc1,ALK tyrosine kinase receptor
COc1cc(C(=O)NCCN(C)C)ccc1Nc1nc(Cc2c(Cl)cccc2Cl)n2ccnc2c1C(N)=O,ALK tyrosine kinase receptor
CCc1cc2c(cc1N1CCN(CC3(O)CCCCC3)CC1)C(C)(C)c1[nH]c3cc(C#N)ccc3c1C2=O,ALK tyrosine kinase receptor
CC1(C)c2cc(OCCN3CCS(=O)(=O)CC3)ccc2C(=O)c2c1[nH]c1cc(C#N)ccc21,ALK tyrosine kinase receptor
COc1cc(C(=O)N2CCNCC2)ccc1Nc1nc(Cc2c(Cl)cccc2Cl)n2ccnc2c1C(N)=O,ALK tyrosine kinase receptor
COc1cc(N2CCN(C(C)=O)CC2)ccc1Nc1ncc(Cl)c(Nc2ccc(N3CCN(CCO)CC3)cc2OC)n1,ALK tyrosine kinase receptor
CN(C)C(=O)c1ccc2c3c(n(C)c2c1)C(C)(C)c1cc(OC[C@@H](O)[C@H](O)CO)ccc1C3=O,ALK tyrosine kinase receptor
Cc1c(Nc2nc(Cc3c(Cl)cccc3Cl)c3nc[nH]c3c2C(N)=O)ccc(N2CCNCC2)c1C,ALK tyrosine kinase receptor
Cc1[nH]nc2nc(Nc3ccc(C4CCNCC4)cc3)nc(Nc3ccccc3S(=O)(=O)C(C)C)c12,ALK tyrosine kinase receptor
CCN(CC)CCOc1ccc2c3c(oc2c1)C(C)(C)c1cc(OC)ccc1C3=O,ALK tyrosine kinase receptor
Cc1cc(-c2cc(NC(=O)c3ccc(CN4CCN(C)CC4)cc3)[nH]n2)ccc1NC(=O)Nc1cc(C(C)C)on1,ALK tyrosine kinase receptor
COc1cc2c(cc1CCC(C)(C)O)C(=O)c1c([nH]c3cc(C#N)ccc13)C2(C)C,ALK tyrosine kinase receptor
CC(C)NC(=O)[C@H]1CC[C@@H](n2/c(=N/C(=O)c3ccc(F)cc3)[nH]c3ccc(CN4CC(C(C)(C)O)C4)cc32)CC1,ALK tyrosine kinase receptor
CC(C)NC(=O)[C@H]1CC[C@@H](n2/c(=N/C(=O)c3ccc(F)cc3)[nH]c3ccc(CN4CCC(C(C)(C)O)C4)cc32)CC1,ALK tyrosine kinase receptor
COc1cc(N2CCN(C(C)=O)CC2)ccc1Nc1ncc(Cl)c(Nc2ccc(N3CCN(C(C)=O)CC3)cc2OC)n1,ALK tyrosine kinase receptor
COc1cc([C@@]2(O)CCN(CC(N)=O)C[C@@H]2O)ccc1Nc1ncc2ccc(-c3ccccc3N(C)S(C)(=O)=O)n2n1,ALK tyrosine kinase receptor
CCc1cc2c(cc1N1CCC(N3CCC3)CC1)C(C)(C)c1[nH]c3cc(C#N)ccc3c1C2=O,ALK tyrosine kinase receptor
CC1(C)c2cc(OCC3CC(O)CN3)ccc2C(=O)c2c1oc1ccccc21,ALK tyrosine kinase receptor
CC1(C)c2cc(O[C@H]3CCOC3)ccc2C(=O)c2c1[nH]c1cc(Br)ccc21,ALK tyrosine kinase receptor
Cc1cc(Nc2cc(Nc3ccccc3S(=O)(=O)C(C)C)c3c(C)n[nH]c3c2)c(OC(C)C)cc1C1CCNCC1,ALK tyrosine kinase receptor
COc1cc2c(cc1Nc1ncc(Cl)c(Nc3ccccc3S(=O)(=O)C(C)C)n1)CN(CCO)CCC2,ALK tyrosine kinase receptor
Cc1cc(Nc2ncc(Cl)c(Nc3cn(C)nc3S(=O)(=O)C(C)C)n2)c(OC2CC2)cc1[C@H]1CC[C@H](NC2CC2)CC1,ALK tyrosine kinase receptor
CC(C)S(=O)(=O)c1ccccc1Nc1nc(Nc2nc3c(s2)CCN(CCN2CCOCC2)CC3)ncc1Cl,ALK tyrosine kinase receptor
CN1CCN(c2ccc(-c3ccc4[nH]c5nccc(-c6ccc(OCc7ccccc7)cc6)c5c4c3)cc2)CC1,ALK tyrosine kinase receptor
COc1ccc(-c2cncc3nc4ccc(/C=C/c5ccccc5)cc4n23)cc1,ALK tyrosine kinase receptor
COc1cc(N2CCN(CCO)CC2)ccc1Nc1ncc(C(F)(F)F)c(Nc2ccc(N3CCN(C(C)=O)CC3)cc2OC)n1,ALK tyrosine kinase receptor
COc1ccc(Sc2ccnc3[nH]c4ccc(-c5ccc(N6CCN(C)CC6)cc5)cc4c23)cc1,ALK tyrosine kinase receptor
CN1CCN(c2ccc(-c3ccc4[nH]c5nccc(/C=C/c6ccccc6F)c5c4c3)cc2)CC1,ALK tyrosine kinase receptor
COc1cc2c(cc1Nc1ncc(Cl)c(Nc3ccccc3S(=O)(=O)C(C)C)n1)CCCN(C(C)=O)C2,ALK tyrosine kinase receptor
Cc1nc(C(C)(C)O)sc1-c1cnc(N)c(O[C@H](C)c2cc(F)ccc2-n2nccn2)c1,ALK tyrosine kinase receptor
CC1(C)c2cc(OC[C@H](O)CO)ccc2C(=O)c2c1[nH]c1cc(-c3cccs3)ccc21,ALK tyrosine kinase receptor
COc1cc(N2CCN(C)CC2)c2cc1Nc1ncc(Cl)c(n1)Nc1cccc(c1)CC2,ALK tyrosine kinase receptor
c1ccc(Nc2ccnc3cc(-c4ccccc4)ccc23)cc1,ALK tyrosine kinase receptor
CC(C)N1CCC(Cc2ccc3c(c2)C(=O)c2c([nH]c4cc(C#N)ccc24)C3(C)C)CC1,ALK tyrosine kinase receptor
CCC(O)(CC)CCNC(=O)COc1ccc2c(c1)C(C)(C)c1[nH]c3cc(Br)ccc3c1C2=O,ALK tyrosine kinase receptor
C[S+]([O-])CCOc1ccc2c(c1)C(C)(C)c1[nH]c3cc(C#N)ccc3c1C2=O,ALK tyrosine kinase receptor
CC1(C)c2ccc(OCc3cccnc3)cc2C(=O)c2c1[nH]c1cc(C#N)ccc21,ALK tyrosine kinase receptor
COc1cc([C@@H]2CCNC[C@@H]2O)ccc1Nc1ncc2ccc(-c3ccccc3OC)n2n1,ALK tyrosine kinase receptor
CC(C)S(=O)(=O)N1CCN(C(=O)COc2ccc3c(c2)C(C)(C)c2[nH]c4cc(Br)ccc4c2C3=O)CC1,ALK tyrosine kinase receptor
CC1(C)c2cc(OCC3CCN(C4COC4)CC3)ccc2C(=O)c2c1[nH]c1cc(C#N)ccc21,ALK tyrosine kinase receptor
c1ccc(Oc2ccnc3cc(-c4cnn(C5CCNCC5)c4)ccc23)cc1,ALK tyrosine kinase receptor
COc1cc(CN2CCCC2)ccc1Nc1nc(Cc2c(Cl)cccc2Cl)c2nc[nH]c2c1C(N)=O,ALK tyrosine kinase receptor
CCOc1cc2c(cc1N1CCC(N3CCOCC3)CC1)C(C)(C)c1[nH]c3cc(C#N)ccc3c1C2=O,ALK tyrosine kinase receptor
CN1CCN(c2ccc(-c3ccc4[nH]c5nccc(-c6ccc(Cc7ccccc7)cc6)c5c4c3)cc2)CC1,ALK tyrosine kinase receptor
CNCCc1cc(OC)c(Nc2ncc(Cl)c(Nc3ccccc3S(=O)(=O)C(C)C)n2)cc1C,ALK tyrosine kinase receptor
Clc1cnc2nc1Nc1cccc(c1)CCc1cccc(c1)N2,ALK tyrosine kinase receptor
CCc1cc2c(cc1N1CCN(CC3(O)CC(C)OC(C)C3)CC1)C(C)(C)c1[nH]c3cc(C#N)ccc3c1C2=O,ALK tyrosine kinase receptor
COc1cc2c(cc1Br)C(C)(C)c1[nH]c3cc(C#N)ccc3c1C2=O,ALK tyrosine kinase receptor
CN1CCC(N2CCN(c3ccc(-c4ccc5[nH]c6nccc(-c7ccc(Cc8ccccc8)cc7)c6c5c4)cc3)CC2)CC1,ALK tyrosine kinase receptor
CN1CCN(c2ccc(-c3ccc4[nH]c5nccc(Cl)c5c4c3)cc2)CC1,ALK tyrosine kinase receptor
CCn1cc(Nc2nc(Nc3cc(C)c(C4CCNCC4)cc3OC(C)C)ncc2Cl)c(S(=O)(=O)C(C)C)n1,ALK tyrosine kinase receptor
CC1(C)c2ccc(OCc3ccccc3)cc2C(=O)c2c1[nH]c1cc(Br)ccc21,ALK tyrosine kinase receptor
COc1cc2c(cc1Nc1ncc(Cl)c(Nc3ccccc3S(=O)(=O)C(C)C)n1)C(=O)N(C1CN(C(=O)[C@@H]3CCCN3C)C1)C2,ALK tyrosine kinase receptor
CN1CCN(c2ccc(-c3ccc4[nH]c5nccc(/C=C/c6ccccc6C(F)(F)F)c5c4c3)cc2)CC1,ALK tyrosine kinase receptor
COc1ccccc1C#Cc1ccnc2c1c1cc(-c3ccc(N4CCN(C)CC4)cc3)ccc1n2C,ALK tyrosine kinase receptor
N#Cc1ccc2c3c([nH]c2c1)C1(CCOCC1)c1cc(OCCN2CCS(=O)(=O)CC2)ccc1C3=O,ALK tyrosine kinase receptor
COC(=O)N1CCN(c2ccc(Nc3nc(Nc4ccc(N5CCN(C(C)=O)CC5)cc4OC)ncc3F)c(OC)c2)CC1,ALK tyrosine kinase receptor
CCc1nc(C(N)=O)c(Nc2ccc(N3CCC(N(C)C)C3)c(C(F)(F)F)c2)nc1N[C@H]1CC[C@H](O)CC1,ALK tyrosine kinase receptor
CC1(C)c2ccc(C3=CCNCC3)cc2C(=O)c2c1[nH]c1cc(C#N)ccc21,ALK tyrosine kinase receptor
CCCCOC(=O)c1csc(Nc2ncc(Cl)c(Nc3ccccc3S(=O)(=O)C(C)C)n2)n1,ALK tyrosine kinase receptor
Cc1cc(Nc2ncc(Cl)c(Nc3cn(C)nc3S(=O)(=O)C(C)C)n2)c(OC(C)C)cc1C1CCN(C)CC1,ALK tyrosine kinase receptor
COc1cc2c(cc1Nc1ncc(Cl)c(Nc3ccccc3S(=O)(=O)C(C)C)n1)CN(C1CCOCC1)CCC2,ALK tyrosine kinase receptor
COc1cc(N2CCN(C(C)=O)CC2)ccc1Nc1ncc(C(F)(F)F)c(Nc2ccc(N3CCN(CCO)CC3)cc2OC)n1,ALK tyrosine kinase receptor
CC1(C)c2cc(OCC(=O)NCCc3ccncc3)ccc2C(=O)c2c1oc1ccccc21,ALK tyrosine kinase receptor
COC(=O)N1CCN(c2ccc(Nc3ncc(Cl)c(Nc4ccc(N5CCN(C(C)=O)CC5)cc4OC)n3)c(OC)c2)CC1,ALK tyrosine kinase receptor
CN1CCC(N2CCN(c3ccc(-c4ccc5[nH]c6nccc(Nc7ccccc7[N+](=O)[O-])c6c5c4)cc3)CC2)CC1,ALK tyrosine kinase receptor
C[C@@H](Oc1cc(C(=O)Nc2ccc(C(=O)N3CCNC(C)(C)C3)cc2)nnc1N)c1c(Cl)ccc(F)c1Cl,ALK tyrosine kinase receptor
Cn1ncc2c1-c1cnc(N)c(c1)OCc1cc(F)ccc1OCCCC2,ALK tyrosine kinase receptor
Cc1cc(Nc2ncc(Cl)c(Nc3cn(C)nc3S(=O)(=O)C(C)C)n2)c(OC2CC2)cc1C1CCNCC1,ALK tyrosine kinase receptor
CCNC(=O)N1CCC(c2ccc3c(c2)C(C)(C)c2[nH]c4cc(C#N)ccc4c2C3=O)CC1,ALK tyrosine kinase receptor
Cc1cc(Nc2ncc(Cl)c(Nc3cn(C)nc3S(=O)(=O)C(C)C)n2)c(C(F)(F)F)cc1C1CCN(C)CC1,ALK tyrosine kinase receptor
O=C(O)C(F)(F)F.O=C(c1ccc(-c2cnc3c(c2)N(Cc2ccccc2)CCN3)cc1)N1CCC[C@H]1CN1CCCC1,ALK tyrosine kinase receptor
CNC(=O)CCN1CCC(c2cc(OC(C)C)c(Nc3nc(Nc4ccccc4S(=O)(=O)C(C)C)c4c(C)[nH]nc4n3)cc2C)CC1,ALK tyrosine kinase receptor
CC1(C)c2cc(OC[C@H](O)CO)c(Br)cc2C(=O)c2c1[nH]c1cc(OC(F)(F)F)ccc21,ALK tyrosine kinase receptor
CCN(CC)CCOc1ccc2c(c1)C(C)(C)c1c(c3ccccc3n1S(C)(=O)=O)C2=O,ALK tyrosine kinase receptor
Cc1cc(Nc2ncc(Cl)c(Nc3cn(C)nc3S(=O)(=O)C(C)C)n2)c(OC(C)C)cc1C1CCNC1,ALK tyrosine kinase receptor
COc1cc(C(=O)NCCN(C)C)ccc1Nc1nc(Cc2c(Cl)cccc2Cl)c2nc[nH]c2c1C(N)=O,ALK tyrosine kinase receptor
CCCCCc1cc2c(cc1N1CCN(C3COC3)CC1)C(C)(C)c1[nH]c3cc(C#N)ccc3c1C2=O,ALK tyrosine kinase receptor
CC1(C)c2cc(N3CCOCC3)c(C#CCN3CCOCC3)cc2C(=O)c2c1[nH]c1cc(C#N)ccc21,ALK tyrosine kinase receptor
Cc1cc(Nc2nc(Nc3ccccc3S(=O)(=O)C(C)C)c3c(C)[nH]nc3n2)c(OC(C)C)cc1C1CCN([C@@H]2CCS(=O)(=O)C2)CC1,ALK tyrosine kinase receptor
CC1(C)c2cc(OC[C@H](O)CO)ccc2C(=O)c2c1[nH]c1cc(-c3ccn[nH]3)ccc21,ALK tyrosine kinase receptor
c1ccc(Nc2ccnc3cc(-c4ccco4)ccc23)cc1,ALK tyrosine kinase receptor
Cc1n[nH]cc1-c1cnc(N)c(O[C@H](C)c2cc(F)ccc2-n2nccn2)c1,ALK tyrosine kinase receptor
Cc1cc(Nc2nc(Cc3c(Cl)cccc3Cl)c3nc[nH]c3c2C(N)=O)c(F)cc1N1CCNCC1,ALK tyrosine kinase receptor
COc1cc(N2CCN(C(C)=O)CC2)ccc1Nc1ncc(Cl)c(Nc2ccc(N3CCN(C(C)=O)CC3)cc2OCc2ccccc2)n1,ALK tyrosine kinase receptor
COCCCCOc1ccc2c3c(oc2c1)C(C)(C)c1cc(OC[C@@H](O)[C@H](O)CO)ccc1C3=O,ALK tyrosine kinase receptor
NC(=O)c1c(Nc2ccc(N3CCNCC3)c(Cl)c2)nc(Cc2c(Cl)cccc2Cl)c2nc[nH]c12,ALK tyrosine kinase receptor
Cn1cc(/C=C2C(=O)NN=C2c2nccs2)c2c(OCc3ccc(F)cc3)cccc21,ALK tyrosine kinase receptor
CCN(CC)CCOc1cc2c(cc1N1CCC(N3CCOCC3)CC1)C(C)(C)c1[nH]c3cc(C#N)ccc3c1C2=O,ALK tyrosine kinase receptor
CNC(C)(C)c1cc(OC)c(Nc2ncc(Cl)c(Nc3ccccc3S(=O)(=O)C(C)C)n2)cc1C,ALK tyrosine kinase receptor
CCc1nc(C(N)=O)c(Nc2ccc(N3CCN(C)CC3)c(C)c2)nc1N[C@H]1CC[C@@](C)(O)CC1,ALK tyrosine kinase receptor
CC(C)NC(=O)[C@H]1CC[C@@H](n2/c(=N/C(=O)c3ccncc3)[nH]c3ccc(CN4CCC(C(C)(C)O)CC4)cc32)CC1,ALK tyrosine kinase receptor
CCN(CC)CCOc1ccc2c(c1)C(C)(C)c1[nH]c3cc(NC(=O)Oc4ccccc4)ccc3c1C2=O,ALK tyrosine kinase receptor
CN1CCC(Oc2cc3c(cc2NS(C)(=O)=O)C(=O)c2c([nH]c4cc(C#N)ccc24)C3(C)C)CC1,ALK tyrosine kinase receptor
CCNC(=O)N1CCN(c2ccc(Nc3nc(Nc4ccc(N5CCN(C(C)=O)CC5)cc4OC)ncc3F)c(OC(F)F)c2)CC1,ALK tyrosine kinase receptor
COc1cc(N2CCN(S(C)(=O)=O)CC2)ccc1Nc1ncc(Cl)c(Nc2ccc(N3CCN(C(C)=O)CC3)cc2OC)n1,ALK tyrosine kinase receptor
Cc1cc(-c2cc(NC(=O)c3ccc(CN4CCN(C)CC4)cc3)[nH]n2)ccc1NC(=O)Nc1cccc(F)c1,ALK tyrosine kinase receptor
CC1(C)c2cc(OCC(=O)NCCOCCO)ccc2C(=O)c2c1oc1ccccc21,ALK tyrosine kinase receptor
COc1cc(N2CCN(C(C)=O)CC2)ccc1Nc1ncc(Br)c(Nc2ccc(N3CCN(C(C)=O)CC3)cc2OC)n1,ALK tyrosine kinase receptor
CC1(C)c2ccc(OCCOCCC(=O)O)cc2C(=O)c2c1[nH]c1cc(C#N)ccc21,ALK tyrosine kinase receptor
COc1cc(C2CCOCC2)c(C)cc1Nc1nc(Nc2ccccc2S(=O)(=O)C(C)C)c2c(C)[nH]nc2n1,ALK tyrosine kinase receptor
COc1cc([C@@]2(O)CCNC[C@@H]2O)ccc1Nc1ncc2ccc(-c3ccccc3OC)n2n1,ALK tyrosine kinase receptor
COc1ncc(F)cc1-c1c(C(N)=O)sc2cnc(Nc3cc(C4CCOCC4)nn3C(C)C)nc12,ALK tyrosine kinase receptor
COc1cc(N2CCN(C(C)=O)CC2)ccc1Nc1ncc(Cl)c(Nc2ccc(N3CCN(C(C)=O)CC3)cc2Nc2ccccc2)n1,ALK tyrosine kinase receptor
N#Cc1ccc2c3c([nH]c2c1)C1(CCOCC1)c1cc(N2CCN(C4CCC4)CC2)c(F)cc1C3=O,ALK tyrosine kinase receptor
C[C@H]1CN(c2cc3c(cc2Br)C(=O)c2c([nH]c4cc(C#N)ccc24)C3(C)C)C[C@@H](C)N1C1CCC1,ALK tyrosine kinase receptor
CC(C)NC(=O)[C@H]1CC[C@@H](n2/c(=N/C(=O)c3cc(F)cc(Cl)c3)[nH]c3ccc(CN4CCC(C(C)(C)O)CC4)cc32)CC1,ALK tyrosine kinase receptor
CC(C)[Si](/C=C/c1ccnc2[nH]c3ccc(-c4ccc(N5CCN(C)CC5)cc4)cc3c12)(C(C)C)C(C)C,ALK tyrosine kinase receptor
COc1ccc2cc1Nc1nc(ncc1Cl)Nc1ccc(N3CCN(C)CC3)c(c1)CC2,ALK tyrosine kinase receptor
O=C(OCc1cc(=O)oc2cc(O)c(O)cc12)c1cc2ccccc2cc1O,ALK tyrosine kinase receptor
CN1CCN(c2ccc3cc2/C=Cc2cccc(c2)Nc2nc(ncc2Cl)N3)CC1,ALK tyrosine kinase receptor
COc1cc(N2CCN(C(C)=O)CC2)ccc1Nc1ncc(C(F)(F)F)c(Nc2ccc(N3CCN(C(=O)OC(C)(C)C)CC3)cc2OC)n1,ALK tyrosine kinase receptor
COc1cc(N2CCN(C(=O)CO)CC2)ccc1Nc1ncc(Cl)c(Nc2ccc(N3CCN(C(=O)CO)CC3)cc2OC)n1,ALK tyrosine kinase receptor
CC(C)NC(=O)[C@H]1CC[C@@H](n2/c(=N/C(=O)c3ccc(F)cc3)[nH]c3ccc(Cn4cncn4)cc32)CC1,ALK tyrosine kinase receptor
Cc1nc(C2(O)CCOC2)sc1-c1cnc(N)c(O[C@H](C)c2cc(F)ccc2-n2nccn2)c1,ALK tyrosine kinase receptor
NC(=O)c1c(Nc2ccc(N3CCNCC3)cc2Br)nc(Cc2c(Cl)cccc2Cl)n2cnnc12,ALK tyrosine kinase receptor
Nc1ccc(-c2ccc3c(Nc4ccccc4)ccnc3c2)cn1,ALK tyrosine kinase receptor
C[C@@H](Oc1cc(C(=O)Nc2ccc(C(=O)N3CCCNCC3)cc2)nnc1N)c1c(Cl)ccc(F)c1Cl,ALK tyrosine kinase receptor
Cc1cc(Nc2ncc(Cl)c(Nc3ccccc3S(=O)(=O)C(F)F)n2)c(OC(C)C)cc1C1CCN(C(=O)[C@@H]2CCCN2)CC1,ALK tyrosine kinase receptor
Cc1cc(Nc2ncc(Cl)c(Nc3cn(C4CC4)nc3S(=O)(=O)C(C)C)n2)c(OC(C)C)cc1C1CCNCC1,ALK tyrosine kinase receptor
NC(=O)c1c(Nc2cc(Cl)c(N3CCNCC3)c(Cl)c2)nc(Cc2c(Cl)cccc2Cl)c2nc[nH]c12,ALK tyrosine kinase receptor
Cn1cc(/C=C2C(=O)NN=C2c2nccs2)c2c(OCc3ccc(F)cc3F)cccc21,ALK tyrosine kinase receptor
CC1(C)c2cc(N3CCN(C4CCC4)CC3)c(Br)cc2C(=O)c2c1[nH]c1cc(C#N)ccc21,ALK tyrosine kinase receptor
Oc1ccccc1-c1nc(Nc2ccc(Cl)cc2)c2ccccc2n1,ALK tyrosine kinase receptor
CC1(C)c2cc(OCCNC3(CO)CCCC3)ccc2C(=O)c2c1oc1ccccc21,ALK tyrosine kinase receptor
CN1CCN(c2ccc(-c3ccc4[nH]c5nccc(N6CCN(Cc7ccccc7)CC6)c5c4c3)cc2)CC1,ALK tyrosine kinase receptor
COc1ccccc1-c1c(C(N)=O)sc2cnc(Nc3cnc(C4CCN(C)CC4)cc3OC(C)C)nc12,ALK tyrosine kinase receptor
CC1(C)c2cc(N3CCN(C4CCC4)CC3)c(C#CC3CCC3)cc2C(=O)c2c1[nH]c1cc(C#N)ccc21,ALK tyrosine kinase receptor
COc1cc(-c2nc3cc(C)ccn3c2/N=C/c2cc(Cl)ccc2O)ccc1O,ALK tyrosine kinase receptor
Cc1cc(Nc2ncc(Cl)c(Nc3cn(C)nc3S(C)(=O)=O)n2)c(OC(C)C)cc1C1CCNCC1,ALK tyrosine kinase receptor
CC1(C)c2cc(OC3CCN(CCF)CC3)ccc2C(=O)c2c1[nH]c1cc(C#N)ccc21,ALK tyrosine kinase receptor
COc1cc(N2CCN(C)CC2)c2cc1Nc1ncc(Cl)c(n1)Nc1cc(ccc1N(C)S(C)(=O)=O)/C=C2,ALK tyrosine kinase receptor
COc1cc(CC(=O)N2CCCC2)ccc1Nc1nc(Cc2c(Cl)cccc2Cl)c2nc[nH]c2c1C(N)=O,ALK tyrosine kinase receptor
C[C@H]1CN(C2CCC2)CCN1c1ccc2c(c1)C(C)(C)c1[nH]c3cc(C#N)ccc3c1C2=O,ALK tyrosine kinase receptor
COc1cc(C(C)(C)NC=O)c(C)cc1Nc1ncc(Cl)c(Nc2ccccc2S(=O)(=O)C(C)C)n1,ALK tyrosine kinase receptor
Cc1cc(Nc2ncc(Cl)c(Nc3cn(C)nc3S(=O)(=O)C(C)C)n2)c(OC(CF)CF)cc1C1CCN(C)CC1,ALK tyrosine kinase receptor
N#Cc1ccc(Oc2ccnc3cc(-c4cnn(C5CCNCC5)c4)ccc23)cc1,ALK tyrosine kinase receptor
O=C1c2c(cc(O)c(O)c2O)CCCC1O,ALK tyrosine kinase receptor
Cc1cc(Nc2nc(Nc3ccccc3S(=O)(=O)C(C)C)c3c(C)c[nH]c3n2)c(OC(C)C)cc1C1CCN(CCO)CC1,ALK tyrosine kinase receptor
CCC(CC)Oc1cc2c(cc1N1CCN(C3CCC3)CC1)C(C)(C)c1c(c3ccc(C#N)cc3n1C)C2=O,ALK tyrosine kinase receptor
C#Cc1cc2c(cc1N1CCN(C3CCC3)CC1)C(C)(C)c1[nH]c3cc(C#N)ccc3c1C2=O,ALK tyrosine kinase receptor
O=C1c2ccc(OC[C@@H](O)[C@H](O)CO)cc2C2(CCCCC2)c2oc3ccccc3c21,ALK tyrosine kinase receptor
CC(C)N1CCC(c2ccc3c(c2)C(C)(C)c2[nH]c4cc(C#N)ccc4c2C3=O)CC1,ALK tyrosine kinase receptor
COc1cc(N2CCN(C(C)C)CC2)ccc1Nc1ncc2sc(C(N)=O)c(-c3ccccc3)c2n1,ALK tyrosine kinase receptor
COc1ncccc1-c1c(C(N)=O)sc2cnc(Nc3cc(C)c(N4CCN(C)CC4)cc3OC(C)C)nc12,ALK tyrosine kinase receptor
CC(C)CCC#Cc1cc2c(cc1N1CCN(C3COC3)CC1)C(C)(C)c1[nH]c3cc(C#N)ccc3c1C2=O,ALK tyrosine kinase receptor
CC(=O)N1CCN([C@H]2CC[C@H](c3cc(OC4CC4)c(Nc4ncc(Cl)c(Nc5cn(C)nc5S(=O)(=O)C(C)C)n4)cc3C)CC2)CC1,ALK tyrosine kinase receptor
CC1(C)c2cc(N3CCN(C(=O)C4CC4)CC3)ccc2C(=O)c2c1[nH]c1cc(C#N)ccc21,ALK tyrosine kinase receptor
COc1cc(N2CCN(C(=O)CO)CC2)ccc1Nc1ncc(C(F)(F)F)c(Nc2ccc(N3CCN(C(C)=O)CC3)cc2OC)n1,ALK tyrosine kinase receptor
COc1ccccc1-c1c(C(N)=O)sc2cnc(Nc3ccc(C4CCN(C)CC4)cc3OC(C)C)nc12,ALK tyrosine kinase receptor
CC1(C)c2cc(OC[C@@H](O)CO)ccc2C(=O)c2c1oc1cc(OCC(=O)Nc3ccccc3)ccc21,ALK tyrosine kinase receptor
CCOc1cc(Nc2nc(N[C@H]3CC[C@H](O)CC3)c(CC)nc2C(N)=O)ccc1N1CCC(N2CCN(C)CC2)CC1,ALK tyrosine kinase receptor
C#Cc1ccnc2[nH]c3ccc(-c4ccc(N5CCN(C)CC5)cc4)cc3c12,ALK tyrosine kinase receptor
CC1(C)c2cc(OCCN3CCN(S(C)(=O)=O)CC3)ccc2C(=O)c2c1oc1ccccc21,ALK tyrosine kinase receptor
Cc1cc(Nc2nc(Nc3ccccc3S(=O)(=O)C(C)C)c3c(C)[nH]nc3n2)c(OC(C)C)cc1C1CCN(C(=O)Cn2ccnc2)CC1,ALK tyrosine kinase receptor
COc1cc(C(=O)NCCN2CCN(C)CC2)ccc1Nc1nc(Cc2c(Cl)cccc2Cl)n2ccnc2c1C(N)=O,ALK tyrosine kinase receptor
CC1(C)c2cc(C(=O)N3CCN(CCO)CC3)ccc2C(=O)c2c1[nH]c1cc(C#N)ccc21,ALK tyrosine kinase receptor
Cn1cc(/C=C2C(=O)NN=C2c2nccs2)c2c(OCc3cc(F)ccc3F)cccc21,ALK tyrosine kinase receptor
CCN1CCC(c2cc(OC(C)C)c(Nc3nc(Nc4ccccc4S(=O)(=O)C(C)C)c4[nH]nnc4n3)cc2C)CC1,ALK tyrosine kinase receptor
Cn1c2c(c3ccc(C(=O)Nc4ccccc4)cc31)C(=O)c1ccc(OC[C@@H](O)[C@H](O)CO)cc1C2(C)C,ALK tyrosine kinase receptor
COc1cc(C(=O)NCCN2CCCCC2)ccc1Nc1nc(Cc2c(Cl)cccc2Cl)n2cnnc2c1C(N)=O,ALK tyrosine kinase receptor
COc1cc(N2CCN(C(C)=O)CC2)ccc1Nc1ncc(Cl)c(Nc2ccc(N3CCN(C(=O)OC(C)(C)C)CC3)cc2OC(F)F)n1,ALK tyrosine kinase receptor
CC1(C)c2cc(CC3CCN(S(N)(=O)=O)CC3)ccc2C(=O)c2c1[nH]c1cc(C#N)ccc21,ALK tyrosine kinase receptor
CCC(=O)N(C)c1cc(N2CCN(C(=O)OC(C)(C)C)CC2)ccc1Nc1nc(Nc2ccc(N3CCN(C(C)=O)CC3)cc2OC)ncc1Cl,ALK tyrosine kinase receptor
CCOC(=O)N1CCc2nc(Nc3ncc(Cl)c(Nc4ccccc4S(=O)(=O)C(C)C)n3)sc2CC1,ALK tyrosine kinase receptor
Cc1ccc(Nc2ccnc3cc(-c4cnn(C5CCNCC5)c4)ccc23)cc1,ALK tyrosine kinase receptor
CC1(C)c2cc(N3CCN(C4CCC4)CC3)c(OC3CCOCC3)cc2C(=O)c2c1[nH]c1cc(C#N)ccc21,ALK tyrosine kinase receptor
CC(C)NC(=O)[C@H]1CC[C@@H](n2/c(=N/C(=O)c3ccc(F)cc3)[nH]c3ccc(CNCC(C)(C)O)cc32)CC1,ALK tyrosine kinase receptor
CCc1cc2c(cc1N1CCC(N3CCC(O)CC3)CC1)C(C)(C)c1[nH]c3cc(C#N)ccc3c1C2=O,ALK tyrosine kinase receptor
Clc1cnc2nc1Nc1cccc(c1)CCc1cc(ccc1N1CCOCC1)N2,ALK tyrosine kinase receptor
CC1(C)c2cc(C3CCN(C(=O)C4COCCN4)CC3)ccc2C(=O)c2c1[nH]c1cc(C#N)ccc21,ALK tyrosine kinase receptor
CN1CCN(c2ccc(-c3ccc4[nH]c5nccc(/C=C/c6cccc(F)c6)c5c4c3)cc2)CC1,ALK tyrosine kinase receptor
CC1(C)c2cc(N3CCC(N4CCOCC4)CC3)c(Cl)cc2C(=O)c2c1[nH]c1cc(C#N)ccc21,ALK tyrosine kinase receptor
CC(C)N1CCN(c2ccc3c(c2)C(C)(C)c2[nH]c4cc(C#N)ccc4c2C3=O)CC1,ALK tyrosine kinase receptor
COc1cc(N2CCN(C(C)=O)CC2)ccc1Nc1ncc(Cl)c(Nc2ccc(N3CCN(S(N)(=O)=O)CC3)cc2OC)n1,ALK tyrosine kinase receptor
CC1(C)c2cc(N3CCC(N4CCCCC4)CC3)ncc2C(=O)c2c1[nH]c1cc(C#N)ccc21,ALK tyrosine kinase receptor
N#Cc1[nH]nc2c1-c1cnc(N)c(c1)OCc1cc(F)ccc1OCCC2,ALK tyrosine kinase receptor
CC1(C)c2cc(N3CCC(N)CC3)c(Br)cc2C(=O)c2c1[nH]c1cc(C#N)ccc21,ALK tyrosine kinase receptor
CC(C)(O)C#Cc1ccc2c(c1)C(=O)c1c([nH]c3cc(C#N)ccc13)C2(C)C,ALK tyrosine kinase receptor
CC1(C)c2cc(OCC(=O)N3CCN(C4COC4)CC3)ccc2C(=O)c2c1[nH]c1cc(Br)ccc21,ALK tyrosine kinase receptor
Cc1cc(Nc2nc(Nc3ccccc3S(=O)(=O)C(C)C)c3[nH]nnc3n2)c(OC(C)C)cc1C1CCN(C)CC1,ALK tyrosine kinase receptor
Cc1nn(C)c2c1-c1cnc(N)c(c1)O[C@@H](C)c1cc(F)ccc1C(=O)N(C)C2,ALK tyrosine kinase receptor
CCc1nc(C(N)=O)c(Nc2ccc(OC)c(N3CCN(C)CC3)c2)nc1N[C@H]1CC[C@H](O)CC1,ALK tyrosine kinase receptor
Cc1[nH]c(/C=C2C(=O)Nc3ccccc32)c(C)c1-c1cccc(NCCN)c1,ALK tyrosine kinase receptor
COc1cc(N2CCNCC2)ccc1Nc1nc(N2CCNCC2)n2ccnc2c1C(N)=O,ALK tyrosine kinase receptor
C=Cc1ccc2c(c1)C(C)(C)c1[nH]c3cc(C#N)ccc3c1C2=O,ALK tyrosine kinase receptor
CC1(C)c2cc(N3CCN(C4CC4)CC3)c(-c3ccccc3)cc2C(=O)c2c1[nH]c1cc(C#N)ccc21,ALK tyrosine kinase receptor
CC(C)N1CCN(c2ccc3c(c2)C(C)(C)c2[nH]c4c(F)c(C#N)ccc4c2C3=O)CC1,ALK tyrosine kinase receptor
Cc1[nH]c(/C=C2C(=O)Nc3ccccc32)c(C)c1-c1ccc(NCCN)cc1,ALK tyrosine kinase receptor
Cc1cc(Nc2ncc(C#N)c(Nc3cn(C)nc3S(=O)(=O)C(C)C)n2)c(OC2CC2)cc1C1CCN(C)CC1,ALK tyrosine kinase receptor
COc1cc(N2CCN(C(C)=O)CC2)ccc1Nc1ncc(F)c(Nc2ccc(N3CCN(C)CC3)cc2OC)n1,ALK tyrosine kinase receptor
CC1CN(Cc2c(-c3cccs3)[nH]c3ncccc23)CC(C)O1,ALK tyrosine kinase receptor
CC1(C)c2cc(OC[C@H](O)CO)ccc2C(=O)c2c1[nH]c1c(C3CC3)c(C#N)ccc21,ALK tyrosine kinase receptor
CC(=O)N1CCc2nc(Nc3ncc(Cl)c(Nc4ccccc4S(=O)(=O)C(C)C)n3)sc2CC1,ALK tyrosine kinase receptor
COc1ccc(Cc2ccc(-c3ccnc4[nH]c5ccc(-c6ccc(N7CCN(C)CC7)cc6)cc5c34)cc2)c(OC)c1,ALK tyrosine kinase receptor
CN1CCN(c2ccc(-c3ccc4[nH]c5nccc(/C=C/c6ccccc6)c5c4c3)cn2)CC1,ALK tyrosine kinase receptor
CCN(CC)CCOc1ccc2c(c1)C(C)(C)c1oc3cc(Cl)ccc3c1C2=O,ALK tyrosine kinase receptor
COc1cc(N2CCN(C(C)=O)CC2)ccc1Nc1ncc(Cl)c(Nc2ccc(N3CCN(C(C)=O)CC3)cc2Cl)n1,ALK tyrosine kinase receptor
CC1(C)c2cc(C(=O)N3CCN(S(C)(=O)=O)CC3)ccc2C(=O)c2c1[nH]c1cc(C#N)ccc21,ALK tyrosine kinase receptor
CC1(C)c2cc(C(=O)N(CCO)CCO)ccc2C(=O)c2c1[nH]c1cc(C#N)ccc21,ALK tyrosine kinase receptor
CC1(C)c2cc(OCCN3CCCC(O)C3)ccc2C(=O)c2c1oc1ccccc21,ALK tyrosine kinase receptor
COc1cc2c(cc1Nc1ncc(Cl)c(Nc3ccccc3S(=O)(=O)C(C)C)n1)C(=O)N(C1CN(C(=O)[C@@H]3CCCN3)C1)C2,ALK tyrosine kinase receptor
CCN(CC)CCOc1ccc2c(c1)C(C)(C)c1[nH]c3cc(NC(=O)Cc4ccccc4)ccc3c1C2=O,ALK tyrosine kinase receptor
CCc1cc2c(cc1N1CCC(O)(C3CC3)CC1)C(C)(C)c1[nH]c3cc(C#N)ccc3c1C2=O,ALK tyrosine kinase receptor
COc1cc(N2CCNCC2)ccc1Nc1ncc(C(F)(F)F)c(Nc2ccc(N3CCN(C(C)=O)CC3)cc2OC)n1,ALK tyrosine kinase receptor
C[C@@H](Oc1cc(-c2ccnn2C)cnc1N)c1cc(F)ccc1-n1nccn1,ALK tyrosine kinase receptor
CC1(C)c2cc(OC[C@@H](O)CO)ccc2C(=O)c2c1oc1ccccc21,ALK tyrosine kinase receptor
Cc1cc(Nc2ncc(Cl)c(Nc3cn(C)nc3S(=O)(=O)C(C)C)n2)c(OC2CC2)cc1C1CCN(C(C)C)CC1,ALK tyrosine kinase receptor
[H][C@@]12C=C[C@@]([H])(C1)[C@@H](Nc1nc(Nc3cc4c(cc3OC)CCC(NCCOC)CC4)ncc1Cl)[C@H]2C(N)=O,ALK tyrosine kinase receptor
CN1CCN(c2ccc(-c3ccc4[nH]c5nccc(/C=C/c6ccccc6Cl)c5c4c3)cc2)CC1,ALK tyrosine kinase receptor
CO[C@H]1O[C@H](COc2ccc3c(c2)C(C)(C)c2[nH]c4cc(Br)ccc4c2C3=O)[C@@H](O)[C@H](O)[C@H]1O,ALK tyrosine kinase receptor
COc1cc(N2CCN(C(=O)CO)CC2)ccc1Nc1ncc(C(F)(F)F)c(Nc2ccc(N3CCN(C(=O)CO)CC3)cc2OC)n1,ALK tyrosine kinase receptor
COc1nn(C)c2c1-c1cnc(N)c(n1)O[C@H](C)c1cc(F)ccc1C(=O)N(C)C2,ALK tyrosine kinase receptor
CCc1nc(C(N)=O)c(Nc2cccc(S(C)(=O)=O)c2)nc1N[C@H]1CC[C@H](O)CC1,ALK tyrosine kinase receptor
CCOC(=O)c1ccc(Nc2nc(Nc3ccc(Cl)cc3)c3nccnc3n2)cc1,ALK tyrosine kinase receptor
C/C(=Cc1ccccc1C(F)(F)F)c1ccnc2[nH]c3ccc(-c4ccc(N5CCN(C)CC5)cc4)cc3c12,ALK tyrosine kinase receptor
CC(C)NC(=O)[C@H]1CC[C@@H](n2/c(=N/C(=O)c3ccc(C#N)c(F)c3)[nH]c3ccc(CN4CCC(C(C)(C)O)CC4)cc32)CC1,ALK tyrosine kinase receptor
CN1CCN(c2ccc3cc2CCc2cccc(c2)Nc2nc(ncc2Cl)N3)CC1,ALK tyrosine kinase receptor
COc1cc(C(=O)NCCCN2CCOCC2)ccc1Nc1nc(Cc2c(Cl)cccc2Cl)n2ccnc2c1C(N)=O,ALK tyrosine kinase receptor
CC(C)(CO)NCCOc1ccc2c(c1)C(C)(C)c1[nH]c3cc(C#N)ccc3c1C2=O,ALK tyrosine kinase receptor
CC(C)NC(=O)[C@H]1CC[C@@H](n2/c(=N/C(=O)c3cccc(F)c3)[nH]c3ccc(CN4CCC(C(C)(C)O)CC4)cc32)CC1,ALK tyrosine kinase receptor
Fc1ccccc1Oc1ccnc2cc(-c3cnn(C4CCNCC4)c3)ccc12,ALK tyrosine kinase receptor
CC(C)S(=O)(=O)c1ccccc1Nc1nc(Nc2nc(C(=O)O)cs2)ncc1Cl,ALK tyrosine kinase receptor
CCOc1cc(N2CCN(C(C)=O)CC2)ccc1Nc1nc(Nc2ccc(N3CCN(C(C)=O)CC3)cc2OC)ncc1Cl,ALK tyrosine kinase receptor
CC(C)NC(=O)[C@H]1CC[C@@H](n2/c(=N/C(=O)c3ccccc3)[nH]c3ccc(CN4CCC(C(C)(C)O)CC4)cc32)CC1,ALK tyrosine kinase receptor
CC1(C)c2cc(OC[C@@H](O)[C@H](O)CO)ccc2C(=O)c2c1[nH]c1cc(C(=O)Nc3ccccn3)ccc21,ALK tyrosine kinase receptor
CCN(CCO)CCOc1ccc2c(c1)C(C)(C)c1oc3ccccc3c1C2=O,ALK tyrosine kinase receptor
COc1cc(C2CCN(CCO)CC2O)ccc1Nc1ncc2ccc(-c3ccccc3OC)n2n1,ALK tyrosine kinase receptor
CC1(C)c2cc(N3CCC(N4CCCC4)CC3)c(C3=CCNCC3)cc2C(=O)c2c1[nH]c1cc(C#N)ccc21,ALK tyrosine kinase receptor
CC(C)NC(=O)[C@H]1CC[C@@H](n2/c(=N/C(=O)c3ccc(F)cc3)[nH]c3ccc(CN4CCNC(=O)C4)cc32)CC1,ALK tyrosine kinase receptor
COc1cc(C2CCN(CCS(C)(=O)=O)CC2)c(C)cc1Nc1nc(Nc2ccccc2S(=O)(=O)C(C)C)c2c(C)[nH]nc2n1,ALK tyrosine kinase receptor
Cc1cc(Nc2nc(Nc3ccccc3S(=O)(=O)C(C)C)c3c(C)[nH]nc3n2)c(OC(C)C)cc1C1CCN(CCC(=O)N2CCC2)CC1,ALK tyrosine kinase receptor
COc1ccc2c(c1)C(C)(C)c1[nH]c3c(N)c(C#N)ccc3c1C2=O,ALK tyrosine kinase receptor
CC(C)NC(=O)[C@H]1CC[C@@H](n2/c(=N/C(=O)c3ccc(F)cc3)[nH]c3ccc(CN4CCC(C(N)=O)CC4)cc32)CC1,ALK tyrosine kinase receptor
CC1(C)c2cc(OC[C@H](O)CO)c(Br)cc2C(=O)c2c1[nH]c1cccc(Cl)c21,ALK tyrosine kinase receptor
COc1cc2c(cc1Nc1ncc(Cl)c(Nc3ccccc3S(=O)(=O)C(C)C)n1)CN(C1CCNCC1)CCC2,ALK tyrosine kinase receptor
C[C@H]1Oc2cc(cnc2N)-c2cc(S(C)(=O)=O)ccc2CN(C)C(=O)c2ccc(F)cc21,ALK tyrosine kinase receptor
NC(=O)c1c(Nc2ccc(N3CCNCC3)cc2F)nc(Cc2c(Cl)cccc2Cl)c2nc[nH]c12,ALK tyrosine kinase receptor
CC1(C)c2cc(OC3CCN(S(C)(=O)=O)CC3)c(Br)cc2C(=O)c2c1[nH]c1cc(C#N)ccc21,ALK tyrosine kinase receptor
CC1(C)c2cc(OC[C@H](O)CO)c(O)cc2C(=O)c2c1[nH]c1cc(Cl)ccc21,ALK tyrosine kinase receptor
COc1cc(C(=O)N2CCN(C)CC2)ccc1Nc1nc(Cc2c(Cl)cccc2Cl)c2nc[nH]c2c1C(N)=O,ALK tyrosine kinase receptor
CCNC(=O)N1CCN(c2ccc(Nc3ncc(C(F)(F)F)c(Nc4ccc(N5CCN(C(C)=O)CC5)cc4OC)n3)c(OC)c2)CC1,ALK tyrosine kinase receptor
C[C@@H](Oc1cc(-c2cn(C)nc2C#N)cnc1N)c1cc(F)ccc1-n1nccn1,ALK tyrosine kinase receptor
CC(C)OCC#Cc1cc2c(cc1N1CCN(C3COC3)CC1)C(C)(C)c1[nH]c3cc(C#N)ccc3c1C2=O,ALK tyrosine kinase receptor
COc1cc(N2CCN(C(C)=O)CC2)ccc1Nc1ncc(Cl)c(Nc2ccc(N3CCN(C(=O)CO)CC3)cc2OC(F)F)n1,ALK tyrosine kinase receptor
COc1cc(N2CCN(C(C)=O)CC2)ccc1Nc1ncc(C(F)(F)F)c(Nc2ccc(N3CCNCC3)cc2OC)n1,ALK tyrosine kinase receptor
CNC(=O)c1ccccc1Nc1nc(Nc2nc3c(s2)CCN(C2=COC2)CC3)ncc1Cl,ALK tyrosine kinase receptor
COc1cc(N2CCN(C(C)=O)CC2)ccc1Nc1nc(Nc2ccc(N3CCN(C(C)=O)CC3)cc2)ncc1F,ALK tyrosine kinase receptor
Fc1ccccc1Nc1ccnc2cc(-c3cnn(C4CCNCC4)c3)ccc12,ALK tyrosine kinase receptor
CC(C)N(CCSc1ccc2c(c1)C(C)(C)c1oc3ccccc3c1C2=O)C(C)C,ALK tyrosine kinase receptor
CCc1nc(C(N)=O)c(Nc2ccc(N3CCN(C)CC3)c(OC)c2)nc1N[C@H]1CC[C@H](O)CC1,ALK tyrosine kinase receptor
COc1cc(C(=O)c2ccccc2)c(O)cc1-c1ccnc2[nH]c3ccc(-c4ccc(N5CCN(C)CC5)cc4)cc3c12,ALK tyrosine kinase receptor
CCc1nc(C(N)=O)c(Nc2ccc(N3CCC(N4CCN(C)CC4)CC3)c(C)c2)nc1NC1CCC(O)(CC)CC1,ALK tyrosine kinase receptor
COc1cc([C@@]2(O)CCN(C(=O)OC(C)(C)C)C[C@@H]2O)ccc1Nc1ncc2ccc(-c3ccccc3OC)n2n1,ALK tyrosine kinase receptor
C[S+]([O-])c1cc(N2CCNCC2)ccc1Nc1nc(Cc2c(Cl)cccc2Cl)n2ccnc2c1C(N)=O,ALK tyrosine kinase receptor
CC1(C)OCC(CNC(=O)COc2ccc3c(c2)C(C)(C)c2[nH]c4cc(C#N)ccc4c2C3=O)O1,ALK tyrosine kinase receptor
COc1cc([C@@]2(O)CCNC[C@@H]2O)ccc1Nc1ncc2ccc(-c3ccccc3N(C)S(C)(=O)=O)n2n1,ALK tyrosine kinase receptor
CCc1cc2c(cc1N1CCC(OCCC3CCCCC3)CC1)C(C)(C)c1[nH]c3cc(C#N)ccc3c1C2=O,ALK tyrosine kinase receptor
Cn1cc(-c2ccc3c(c2)C(C)(C)c2[nH]c4cc(C#N)ccc4c2C3=O)cn1,ALK tyrosine kinase receptor
[H][C@@]12C=C[C@@]([H])(C1)[C@@H](Nc1nc(Nc3ccc4c(c3OC)CC[C@H](NCCOC)CC4)ncc1Cl)[C@H]2C(N)=O,ALK tyrosine kinase receptor
CCN1CCCc2cc(Nc3ncc(Cl)c(Nc4ccccc4S(=O)(=O)C(C)C)n3)c(OC)cc2C1,ALK tyrosine kinase receptor
COc1cc2c(cc1Nc1ncc(Cl)c(Nc3ccccc3S(=O)(=O)C(C)C)n1)CCCN(C1COC1)C2,ALK tyrosine kinase receptor
C[C@H]1Oc2cc(cnc2N)-c2c(nn(C)c2C#N)CCOc2ccc(F)cc21,ALK tyrosine kinase receptor
CC(C)S(=O)(=O)c1ccccc1Nc1nc(Nc2nc3c(s2)CN(C)CC3)ncc1Cl,ALK tyrosine kinase receptor
CCc1nc(C(N)=O)c(Nc2ccc(N3CCN(C)CC3)c(C)c2)nc1N[C@H]1CC[C@H](O)CC1,ALK tyrosine kinase receptor
CCc1cc2c(cc1N1CCN(CC3CCOCC3)CC1)C(C)(C)c1[nH]c3cc(C#N)ccc3c1C2=O,ALK tyrosine kinase receptor
CCc1cc2c(cc1N1CCC(N(C)C3COC3)CC1)C(C)(C)c1[nH]c3cc(C#N)ccc3c1C2=O,ALK tyrosine kinase receptor
COc1cc(CNC=O)c(C)cc1Nc1ncc(Cl)c(Nc2ccccc2S(=O)(=O)C(C)C)n1,ALK tyrosine kinase receptor
COc1cc(N2CCN(C(C)=O)CC2)ccc1Nc1ncc(Cl)c(Nc2ccc(N3CCN(C(=O)CO)CC3)cc2OC)n1,ALK tyrosine kinase receptor
CCc1ccc(C(C)(C)c2cc3ccc(C#N)cc3[nH]2)cc1-c1cnn(CC(=O)N(C)C)c1,ALK tyrosine kinase receptor
COc1cc(N2CCN(C(C)=O)CC2)ccc1Nc1ncc(C(F)(F)F)c(Nc2ccc(N3CCN(S(C)(=O)=O)CC3)cc2OC)n1,ALK tyrosine kinase receptor
CC1(C)c2ccc(C3=CCN(C4CC4)CC3)cc2C(=O)c2c1[nH]c1cc(C#N)ccc21,ALK tyrosine kinase receptor
N#Cc1[nH]nc2c1-c1cnc(N)c(c1)OCc1cc(F)ccc1OCC2,ALK tyrosine kinase receptor
CC1(C)c2cc(OCC(=O)NCCC#N)ccc2C(=O)c2c1[nH]c1cc(C#N)ccc21,ALK tyrosine kinase receptor
CC1(C)c2cc(OC[C@H](O)CO)ccc2C(=O)c2c1oc1ccccc21,ALK tyrosine kinase receptor
COc1ccccc1-c1c(C(N)=O)sc2cnc(Nc3ccc(NC4CCOCC4)cc3OC(C)C)nc12,ALK tyrosine kinase receptor
CC1(C)c2cc(OC[C@@H](O)[C@H](O)CO)ccc2C(=O)c2c1[nH]c1cc(Cl)c(Cl)cc21,ALK tyrosine kinase receptor
CN1CCN(c2ccc(Nc3ncc(Cl)c(Nc4ccccc4)n3)cc2)CC1,ALK tyrosine kinase receptor
COc1cc2c(cc1Nc1ncc(Cl)c(Nc3ccccc3S(=O)(=O)C(C)C)n1)CCN(CCO)CC2,ALK tyrosine kinase receptor
CC1(C)c2cc(N3CCN(C4CCCC4)CC3=O)ccc2C(=O)c2c1[nH]c1cc(C#N)ccc21,ALK tyrosine kinase receptor
COc1cc(CCN(C)C)c(C)cc1Nc1ncc(Cl)c(Nc2ccccc2S(=O)(=O)C(C)C)n1,ALK tyrosine kinase receptor
CCc1nc(C(N)=O)c(Nc2ccc(N3CCN(C)CC3)cc2)nc1NC1CCOCC1,ALK tyrosine kinase receptor
Cc1ccc(NC2=NC(=O)/C(=C3C(=O)Nc4ccccc43)S2)cc1,ALK tyrosine kinase receptor
CCN(CC)CCOc1ccc2c(c1)C(C)(C)c1[nH]c3cc(Br)ccc3c1C2=O,ALK tyrosine kinase receptor
C/C(=Cc1ccccc1)c1ccnc2[nH]c3ccc(-c4ccc(N5CCN(C)CC5)cc4)cc3c12,ALK tyrosine kinase receptor
CN1CCN(c2ccc(-c3cnc4c(c3)C(Oc3c(F)ccc(F)c3Cl)CCN4)cn2)CC1,ALK tyrosine kinase receptor
Fc1cccc(Oc2ccnc3cc(-c4cnn(C5CCNCC5)c4)ccc23)c1,ALK tyrosine kinase receptor
Cc1cc(Nc2ncc(Cl)c(Nc3cn(C)nc3S(=O)(=O)C(C)C)n2)c(OC(C)C)cc1C1CCNCC1,ALK tyrosine kinase receptor
COc1ccc(F)cc1[C@@H](C)Oc1cc(-c2cnnn2C)cnc1N,ALK tyrosine kinase receptor
COCCN1CCC(c2cc(OC(C)C)c(Nc3nc(Nc4ccccc4S(=O)(=O)C(C)C)c4c(-c5ccccc5)[nH]nc4n3)cc2C)CC1,ALK tyrosine kinase receptor
CN(C)S(=O)(=O)c1cc2c(cc1N1CCN(CCO)CC1)C(C)(C)c1[nH]c3cc(C#N)ccc3c1C2=O,ALK tyrosine kinase receptor
[H][C@@]12C=C[C@@]([H])(C1)[C@@H](Nc1nc(Nc3cc4c(cc3OC)CCC(N3CCOCC3)CC4)ncc1Cl)[C@H]2C(N)=O,ALK tyrosine kinase receptor
COc1cc2c(cc1S(=O)(=O)N1CCN(C)CC1)C(=O)c1c([nH]c3cc(Br)ccc13)C2(C)C,ALK tyrosine kinase receptor
Cc1nnsc1C1=NNC(=O)/C1=Cc1cn(C)c2cccc(OCc3ccncc3)c12,ALK tyrosine kinase receptor
COc1cc(N2CCN(C)CC2)c2cc1Nc1ncc(Cl)c(n1)Nc1cc(ccc1N(C)S(C)(=O)=O)CC2,ALK tyrosine kinase receptor
CC1(C)c2cc(N3CCOCC3)ccc2C(=O)c2c1[nH]c1cc(C#N)ccc21,ALK tyrosine kinase receptor
CC1(C)c2ccc(N3CCC[C@H]3CN3CCCC3)cc2C(=O)c2c1[nH]c1cc(C#N)ccc21,ALK tyrosine kinase receptor
CCc1cn2c(Cc3ccccc3Cl)nc(Nc3ccc(N4CCNCC4)cc3OC)c(C(N)=O)c2n1,ALK tyrosine kinase receptor
COc1cc(C(O)c2ccccc2)c(OC)cc1-c1ccnc2[nH]c3ccc(-c4ccc(N5CCN(C)CC5)cc4)cc3c12,ALK tyrosine kinase receptor
CN1CCN(c2ccc3cc2CCc2ccc(N(C)S(C)(=O)=O)c(c2)Nc2nc(ncc2Cl)N3)CC1,ALK tyrosine kinase receptor
CCN(CC)[C@H]1CC[C@H](c2cc(OC3CC3)c(Nc3ncc(Cl)c(Nc4cn(C)nc4S(=O)(=O)C(C)C)n3)cc2C)CC1,ALK tyrosine kinase receptor
COc1cc(CCN)c(C)cc1Nc1ncc(Cl)c(Nc2ccccc2S(=O)(=O)C(C)C)n1,ALK tyrosine kinase receptor
CC1(C)c2cc(OC[C@@H](O)CN3CCCCC3)ccc2C(=O)c2c1oc1ccccc21,ALK tyrosine kinase receptor
CCN(CC)CCOc1ccc2c(c1)C1(CCNCC1)c1[nH]c3ccccc3c1C2=O,ALK tyrosine kinase receptor
CN1CCN(c2ccc(-c3ccc4[nH]c5nccc(/C=C/c6ccccc6)c5c4c3)cc2)CC1,ALK tyrosine kinase receptor
[H][C@](CO)(c1ccc([C@]([H])(N=C(O)[C@]([H])(N=C(O)OC)C(c2ccccc2)c2ccccc2)C(F)(F)F)s1)N(CCC(C)(C)C)S(=O)(=O)c1ccc2[nH]ccc2c1,ALK tyrosine kinase receptor
CC1(C)O[C@H](CO)[C@@H](COc2ccc3c(c2)C(C)(C)c2[nH]c4cc(Br)ccc4c2C3=O)O1,ALK tyrosine kinase receptor
COc1c(OCCN2CCCCC2)cc(F)c2c(-c3ccc(O)c(Cl)c3)nc3[nH]nc(C)c3c12,ALK tyrosine kinase receptor
C[C@@H](Oc1cc(C(=O)Nc2ccc(C(=O)N3CCCN(C)CC3)cc2)nnc1N)c1c(Cl)ccc(F)c1Cl,ALK tyrosine kinase receptor
CN1CCN(c2ccc(-c3ccc4[nH]c5nccc(C#Cc6ccc(F)cc6)c5c4c3)cc2)CC1,ALK tyrosine kinase receptor
CC(C)S(=O)(=O)c1ccccc1Nc1nc(Nc2nc(C(=O)N3CC4CCC(C3)O4)cs2)ncc1Cl,ALK tyrosine kinase receptor
CCc1cn2c(Cc3ccccc3Cl)nc(Nc3ccc(C4CCNCC4)cc3Cl)c(C(N)=O)c2n1,ALK tyrosine kinase receptor
CC(C)S(=O)(=O)c1nn(C)cc1Nc1nc(Nc2cc(F)c(C3CCN(C)CC3)cc2OC2CC2)ncc1Cl,ALK tyrosine kinase receptor
COc1cc(N2CCN(C(C)=O)CC2)ccc1Nc1ncc(F)c(Nc2ccc(N3CCN(C(=O)CO)CC3)cc2OC)n1,ALK tyrosine kinase receptor
NC(=O)c1c(Nc2ccc(C3CCNCC3)cc2Cl)nc(Cc2c(Cl)cccc2Cl)c2nc[nH]c12,ALK tyrosine kinase receptor
CC1(C)c2cc(OC[C@@H](O)[C@H](O)CO)ccc2C(=O)c2c1[nH]c1cc(C(=O)NCc3ccccc3)ccc21,ALK tyrosine kinase receptor
O=[N+]([O-])c1ccc2ncnc(Nc3ccc(O)cc3)c2c1,ALK tyrosine kinase receptor
CC1(C)c2cc(OCC(=O)O)ccc2C(=O)c2c1[nH]c1cc(C#N)ccc21,ALK tyrosine kinase receptor
Cc1cc(Nc2ncc(Cl)c(Nc3cn(C)nc3S(=O)(=O)C(C)C)n2)c(OC2CC2)cc1C1CCS(=O)(=O)CC1,ALK tyrosine kinase receptor
CN(C)CC(=O)NCCOc1ccc2c(c1)C(C)(C)c1oc3ccccc3c1C2=O,ALK tyrosine kinase receptor
COc1ccc(N2CCNCC2)cc1Nc1nc(Cc2c(Cl)cccc2Cl)c2nc[nH]c2c1C(N)=O,ALK tyrosine kinase receptor
COc1cc(C(=O)N2CCNCC2)ccc1Nc1nc(Cc2c(Cl)cccc2Cl)c2nc[nH]c2c1C(N)=O,ALK tyrosine kinase receptor
COc1cc(C(C)(C)CN)c(C)cc1Nc1ncc(Cl)c(Nc2ccccc2S(=O)(=O)C(C)C)n1,ALK tyrosine kinase receptor
COc1cc(C(=O)N2CCN(C)CC2)ccc1Nc1nc(Cc2c(Cl)cccc2Cl)n2ccnc2c1C(N)=O,ALK tyrosine kinase receptor
COC(=O)c1csc(Nc2ncc(Cl)c(Nc3ccccc3S(=O)(=O)C(C)C)n2)n1,ALK tyrosine kinase receptor
Cc1nnsc1C1=NNC(=O)/C1=Cc1cn(C)c2cccc(OCCN(C)C)c12,ALK tyrosine kinase receptor
Cc1cc(Nc2ncc(Cl)c(Nc3cn(C)nc3S(=O)(=O)C(C)C)n2)c(OC2CC2)cc1C1COC1,ALK tyrosine kinase receptor
Fc1ccc(Nc2ccnc3cc(-c4cnn(C5CCNCC5)c4)ccc23)cc1F,ALK tyrosine kinase receptor
COc1cc(N2CCN(C(C)=O)CC2)ccc1Nc1ncc(F)c(Nc2ccc(N3CCN(S(C)(=O)=O)CC3)cc2OC)n1,ALK tyrosine kinase receptor
Cc1cc(Nc2ncc(Cl)c(Nc3cn(C)nc3S(=O)(=O)C(C)C)n2)c(OC(C)C)cc1C1CCN(C)C1,ALK tyrosine kinase receptor
Cc1n[nH]cc1-c1cnc(N)c(O[C@@H](C)c2cc(F)ccc2C#N)c1,ALK tyrosine kinase receptor
CC(C)NC(=O)[C@H]1CC[C@@H](n2/c(=N/C(=O)c3ccc(F)cc3)[nH]c3ccc(CN4CCC[C@H]4C(C)(C)O)cc32)CC1,ALK tyrosine kinase receptor
Fc1cccc(Nc2ccnc3cc(-c4cnn(C5CCNCC5)c4)ccc23)c1,ALK tyrosine kinase receptor
COc1cc(NC(=O)c2csc(Nc3ncc(Cl)c(Nc4ccccc4S(=O)(=O)C(C)C)n3)n2)cc(OC)c1OC,ALK tyrosine kinase receptor
CC1(C)c2cc(N3CCN(C4COC4)CC3)c(C#CCN3CCN(C4COC4)CC3)cc2C(=O)c2c1[nH]c1cc(C#N)ccc21,ALK tyrosine kinase receptor
CCc1cc2c(cc1C1=CCN(C(=O)C3CCOCC3)CC1)C(C)(C)c1[nH]c3cc(C#N)ccc3c1C2=O,ALK tyrosine kinase receptor
Cc1cc(Nc2ncc(F)c(Nc3cn(C)nc3S(=O)(=O)C(C)C)n2)c(OC2CC2)cc1C1CCN(C)CC1,ALK tyrosine kinase receptor
CCc1cc(NC(=O)Nc2ccc(-c3cc(NC(=O)c4ccc(CN5CCN(C)CC5)cc4)[nH]n3)cc2C)no1,ALK tyrosine kinase receptor
CC(C)Oc1cc2c(cc1Nc1ncc(Cl)c(Nc3ccccc3S(=O)(=O)C(C)C)n1)C(=O)N(C1CCN(C(=O)C3CCCN3C)CC1)C2,ALK tyrosine kinase receptor
COc1cc(Cc2ccccc2)c(O)cc1-c1ccnc2[nH]c3ccc(-c4ccc(N5CCN(C)CC5)cc4)cc3c12,ALK tyrosine kinase receptor
CCc1cc2c(cc1N1CCN(C(=O)C3COCCN3)CC1)C(C)(C)c1[nH]c3cc(C#N)ccc3c1C2=O,ALK tyrosine kinase receptor
COc1nn(C)c2c1-c1cnc(N)c(c1)O[C@H](C)c1cc(F)ccc1C(=O)N(C)C2,ALK tyrosine kinase receptor
CC1(C)c2cc(OC3CCNCC3)ccc2C(=O)c2c1[nH]c1cc(C#N)c(F)cc21,ALK tyrosine kinase receptor
CC1(C)c2ccc(OCC(=O)O)cc2C(=O)c2c1[nH]c1cc(Br)ccc21,ALK tyrosine kinase receptor
Cc1cc(Nc2ncc(Cl)c(Nc3cn(C)nc3S(=O)(=O)C(C)C)n2)c(OCC2CC2)cc1C1CCN(C)CC1,ALK tyrosine kinase receptor
CN1CCN(c2ccc(-c3ccc4[nH]c5nccc(-c6ccc(C(O)c7ccccc7)cc6)c5c4c3)cc2)CC1,ALK tyrosine kinase receptor
COc1cc(CN)c(C)cc1Nc1ncc(Cl)c(Nc2ccccc2S(=O)(=O)C(C)C)n1,ALK tyrosine kinase receptor
CCc1cc2c(cc1N1CC3CC1CN3CC1CCOCC1)C(C)(C)c1[nH]c3cc(C#N)ccc3c1C2=O,ALK tyrosine kinase receptor
COc1c(Nc2nc(Cc3c(Cl)cccc3Cl)c3nc[nH]c3c2C(N)=O)ccc(N2CCNCC2)c1F,ALK tyrosine kinase receptor
CC(C)C1(N2CCOCC2)CCN(c2cc3c(cn2)C(=O)c2c([nH]c4cc(C#N)ccc24)C3(C)C)CC1,ALK tyrosine kinase receptor
Cc1nn(C)cc1-c1cnc(N)c(O[C@H](C)c2cc(F)ccc2C(=O)N(C)C)c1,ALK tyrosine kinase receptor
Cc1cc(-c2cc(NC(=O)c3ccc(CN4CCN(C)CC4)cc3)[nH]n2)ccc1N,ALK tyrosine kinase receptor
CCN(CC)CCOc1ccc2c(c1)C(C)(C)c1oc3cc(F)ccc3c1C2=O,ALK tyrosine kinase receptor
CC1(C)c2cc(OCCN3CCNC3=O)ccc2C(=O)c2c1[nH]c1cc(C#N)ccc21,ALK tyrosine kinase receptor
COc1cc(N2CCN(C(C)=O)CC2)ccc1Nc1ncc(F)c(Nc2ccc(N3CCN(C(=O)OC(C)(C)C)CC3)cc2OC(F)F)n1,ALK tyrosine kinase receptor
CCN(CC)CCOc1ccc2c(c1)C(C)(C)c1[nH]c3cc(C#N)ccc3c1C2=O,ALK tyrosine kinase receptor
COc1cc(C(=O)NCCN2CCCCC2)ccc1Nc1nc(Cc2c(Cl)cccc2Cl)n2ccnc2c1C(N)=O,ALK tyrosine kinase receptor
CC1(C)c2cc(OC[C@@H](O)[C@H](O)CO)ccc2C(=O)c2c1oc1cc(OC(=O)NCc3ccccc3)ccc21,ALK tyrosine kinase receptor
COc1cc(N2CCN(C(C)=O)CC2)ccc1Nc1ncc(Cl)c(Nc2ccc(N3CCN(S(C)(=O)=O)CC3)cc2OC)n1,ALK tyrosine kinase receptor
c1ccc(Nc2cc3nc4ccccc4n3cn2)cc1,ALK tyrosine kinase receptor
CC1(C)c2cc(N3CCCCC3)ccc2C(=O)c2c1[nH]c1cc(C#N)ccc21,ALK tyrosine kinase receptor
Cc1nccn1-c1cnc(N)c(O[C@H](C)c2cc(F)ccc2-n2nccn2)c1,ALK tyrosine kinase receptor
CCNC(=O)N1CCN(c2ccc(Nc3ncc(C(F)(F)F)c(Nc4ccc(N5CCN(C(=O)NCC)CC5)cc4OC)n3)c(OC)c2)CC1,ALK tyrosine kinase receptor
c1ccc(Nc2ccnc3cc(-c4cnn(C5CCNCC5)c4)ccc23)cc1,ALK tyrosine kinase receptor
COc1cc(N2CCN(C(C)=O)CC2)ccc1Nc1ncc(F)c(Nc2ccc(N3CCN(C(C)=O)CC3)cc2OC(F)F)n1,ALK tyrosine kinase receptor
N#Cc1ccc(Nc2ccnc3cc(-c4cnn(C5CCNCC5)c4)ccc23)cc1,ALK tyrosine kinase receptor
COc1cc(N2CCN(C)CC2)c2cc1Nc1ncc(Cl)c(n1)Nc1cc(ccc1S(=O)(=O)C(C)C)CC2,ALK tyrosine kinase receptor
Cc1cc(Nc2ncc(Cl)c(Nc3c[nH]nc3S(=O)(=O)C(C)C)n2)c(OC(C)C)cc1C1CCNCC1,ALK tyrosine kinase receptor
CC1(C)c2cc(N3CCOCC3)c(OC3CCOC3)cc2C(=O)c2c1[nH]c1cc(C#N)ccc21,ALK tyrosine kinase receptor
CCS(=O)(=O)N1CCC(c2cc(OC(C)C)c(Nc3nc(Nc4ccccc4S(=O)(=O)C(C)C)c4c(C)[nH]nc4n3)cc2C)CC1,ALK tyrosine kinase receptor
Cc1cc(Nc2nc(Nc3ccccc3S(=O)(=O)C(C)C)c3c(C)[nH]nc3n2)c(OC(C)C)cc1C1CCN(C[C@@H](O)C(F)(F)F)CC1,ALK tyrosine kinase receptor
CC1(C)c2cc(OCCNS(=O)(=O)N3CCOCC3)ccc2C(=O)c2c1[nH]c1cc(C#N)ccc21,ALK tyrosine kinase receptor
CCN(CC)CCOc1cc2c(cc1C(C)=O)C(=O)c1c([nH]c3cc(C#N)ccc13)C2(C)C,ALK tyrosine kinase receptor
COc1cc(C(C)(C)N)c(C)cc1Nc1ncc(Cl)c(Nc2ccccc2S(=O)(=O)C(C)C)n1,ALK tyrosine kinase receptor
CC1(C)c2cc(N3CCN(C(=O)C4CNC4)CC3)ccc2C(=O)c2c1[nH]c1cc(C#N)ccc21,ALK tyrosine kinase receptor
CCCOc1ccc2c3c(oc2c1)C(C)(C)c1cc(OCCN(CC)CC)ccc1C3=O,ALK tyrosine kinase receptor
CC1(C)c2cc(OC[C@@H](O)[C@H](O)CO)ccc2C(=O)c2c1[nH]c1cc(C(=O)Nc3ccccc3)ccc21,ALK tyrosine kinase receptor
Cn1c2c(c3ccc(OC4COC4)cc31)C(=O)c1ccc(OC[C@H](O)CO)cc1C2(C)C,ALK tyrosine kinase receptor
CNC(=O)c1csc(Nc2ncc(Cl)c(Nc3ccccc3S(=O)(=O)C(C)C)n2)n1,ALK tyrosine kinase receptor
CC1(C)c2cc(C(=O)NC3CCS(=O)(=O)C3)ccc2C(=O)c2c1[nH]c1cc(C#N)ccc21,ALK tyrosine kinase receptor
COc1ccccc1C#Cc1ccnc2[nH]c3ccc(-c4ccc(N5CCN(C)CC5)cc4)cc3c12,ALK tyrosine kinase receptor
Cn1cc(-c2ccc3c(Nc4ccccc4)ccnc3c2)cn1,ALK tyrosine kinase receptor
C#Cc1cc2c(cc1OC1CCN(C3COC3)CC1)C(C)(C)c1[nH]c3cc(C#N)ccc3c1C2=O,ALK tyrosine kinase receptor
CC(C)NC(=O)[C@H]1CC[C@@H](n2/c(=N/C(=O)c3cccnc3)[nH]c3ccc(CN4CCC(C(C)(C)O)CC4)cc32)CC1,ALK tyrosine kinase receptor
COc1cc2nccc(Oc3ccc4oc(Nc5ccc(Cl)cc5)nc4c3)c2cc1OC,ALK tyrosine kinase receptor
CCN(CC)CCOc1ccc2c(n1)C(C)(C)c1oc3cc(C#N)ccc3c1C2=O,ALK tyrosine kinase receptor
Cc1cc(-c2ccc(N)cc2)c(/C=C2C(=O)Nc3ccccc32)[nH]1,ALK tyrosine kinase receptor
CN1CCN(c2ccc(-c3ccc4[nH]c5nccc(Nc6ccccc6[N+](=O)[O-])c5c4c3)cc2)CC1,ALK tyrosine kinase receptor
COc1cc2c(cc1Nc1ncc(Cl)c(Nc3ccccc3S(=O)(=O)C(C)C)n1)CCCN(C(=O)CO)C2,ALK tyrosine kinase receptor
CC1(C)c2cc(OCC(=O)NCCN3CCNCC3)ccc2C(=O)c2c1oc1ccccc21,ALK tyrosine kinase receptor
CC(C)NC(=O)[C@H]1CC[C@@H](n2/c(=N/C(=O)c3ccc(F)cc3)[nH]c3ccc(CN4CCCCC4)cc32)CC1,ALK tyrosine kinase receptor
CN1CCN(c2ccc(-c3ccc4[nH]c5nccc(-c6ccc(N7CCN(C)CC7)cc6)c5c4c3)cc2)CC1,ALK tyrosine kinase receptor
CCc1cc2c(cc1N1CCN(CC3(CO)COC3)CC1)C(C)(C)c1[nH]c3cc(C#N)ccc3c1C2=O,ALK tyrosine kinase receptor
CCc1nc(C(N)=O)c(Nc2cccc(S(C)(=O)=O)c2)nc1N[C@H]1CC[C@](C)(O)CC1,ALK tyrosine kinase receptor
COc1cc(N2CCNCC2)ccc1Nc1nc(Cc2ccccc2Cl)n2ccnc2c1C(N)=O,ALK tyrosine kinase receptor
COc1cc(-c2ccnc3[nH]c4ccc(-c5ccc(N6CCN(C)CC6)cc5)cc4c23)c(OC)cc1C(=O)c1ccccc1,ALK tyrosine kinase receptor
CC(C)S(=O)(=O)c1nn(C)cc1Nc1nc(Nc2cc(C#N)c(C3CCN(C)CC3)cc2OC2CC2)ncc1Cl,ALK tyrosine kinase receptor
CCN(CC)CCOc1ccc2c(c1)C(C)(C)c1sc3ccccc3c1C2=O,ALK tyrosine kinase receptor
O=C1CNc2ncc(-c3ccc(C(=O)N4CCC[C@H]4CN4CCCC4)cc3)cc2N1Cc1c(Cl)cccc1Cl,ALK tyrosine kinase receptor
Cn1cc(/C=C2C(=O)NN=C2c2cccnc2)c2c(OCc3ccccc3)cccc21,ALK tyrosine kinase receptor
COc1cc(N2CCN(C(=O)OC(C)(C)C)CC2)ccc1Nc1ncc(C(F)(F)F)c(Nc2ccc(N3CCN(C(C)=O)CC3)cc2OC)n1,ALK tyrosine kinase receptor
Fc1ccc(Oc2ccnc3cc(-c4cnn(C5CCNCC5)c4)ccc23)cc1,ALK tyrosine kinase receptor
CC1(C)c2[nH]c3cc(C#N)ccc3c2C(=O)c2cccc(OC[C@@H](O)CO)c21,ALK tyrosine kinase receptor
CN1CCN(c2ccc(-c3ccc4[nH]c5nccc(-c6ccc(-c7cccc8ccccc78)cc6)c5c4c3)cc2)CC1,ALK tyrosine kinase receptor
Cc1cc(Nc2nc(Nc3ccccc3S(=O)(=O)C(C)C)c3c(C)[nH]nc3n2)c(OC(C)C)cc1C1CCN(C(=O)C2CCNCC2)CC1,ALK tyrosine kinase receptor
