smiles,targetname
CN(CCOc1cc2c(cc1F)CC(N1CC(C)(O)C1)C2Cc1ccccc1)S(=O)(=O)c1cn(C)cn1,Glycine transporter 1
CCC(=O)NC1CCc2ccc(OCCNS(=O)(=O)c3ccn(C)c3)cc2C1Cc1ccccc1,Glycine transporter 1
O=C(C1CCS(=O)(=O)CC1)N1CCN(c2cc(C(F)(F)F)on2)CC1c1cccc(F)c1F,Glycine transporter 1
NCCS(=O)(=O)NCCOc1ccc2c(c1)C(C1(c3ccc(Cl)cc3)CCC1)NCC2,Glycine transporter 1
CCOC(=O)NC1CCc2ccc(OCCNC(=O)OC(C)(C)C)cc2C1Cc1ccc(Cl)c(Cl)c1,Glycine transporter 1
COc1ccc(Sc2ccc(OC)cc2N2CCN(CC(=O)O)C(C)C2)cc1,Glycine transporter 1
CCOC(=O)NC1CCc2ccc(OCCNS(=O)(=O)c3ccc(Cl)s3)cc2C1Cc1cccc(Cl)c1,Glycine transporter 1
CCCS(=O)(=O)NCCc1ccc2c(c1)C(Cc1cccc(Cl)c1)C(N)CC2,Glycine transporter 1
O=C(C1CCS(=O)(=O)CC1)N1CCN(c2ccc3ccccc3c2)CC1c1ccccc1,Glycine transporter 1
Cn1cc(S(=O)(=O)NCCOc2cccc(C(CN)Cc3cc(F)cc(F)c3)c2)cn1,Glycine transporter 1
CCOC(=O)NC1CCc2ccc(OCCNS(=O)(=O)c3cnn(CC)c3)cc2C1Cc1cccc(Cl)c1,Glycine transporter 1
CC(=O)Nc1ncc(S(=O)(=O)NCCOc2ccc3c(c2)C(C2(c4ccc(Cl)cc4)CCC2)NCC3)s1,Glycine transporter 1
O=C(C1CCS(=O)(=O)CC1)N1CCN(c2cc(C(F)(F)F)on2)CC1c1ccccc1F,Glycine transporter 1
Cn1cnc(S(=O)(=O)NCCOc2ccc3c(c2)C(Cc2cccc(F)c2)C(N2CCC2)CC3)c1,Glycine transporter 1
O=C(C1CCS(=O)(=O)CC1)N1CCN(c2ccccn2)CC1c1cccc(F)c1F,Glycine transporter 1
O=C(C1CCS(=O)(=O)CC1)N1CCN(c2ccc(F)cn2)CC1c1cccc(F)c1,Glycine transporter 1
Cn1cnc(S(=O)(=O)NCCOc2cccc(C(CN)Cc3ccccc3)c2)c1,Glycine transporter 1
CCCS(=O)(=O)N(C)CCCc1ccc2c(c1)C(Cc1ccccc1Cl)C(N)CC2,Glycine transporter 1
CCOC(=O)NC1CCc2ccc(OCCNS(=O)(=O)c3cccnc3)cc2C1Cc1ccc(Cl)c(Cl)c1,Glycine transporter 1
CCCS(=O)(=O)NCCOc1ccc2c(c1)C(Cc1ccccc1Cl)C(N)CC2,Glycine transporter 1
Cc1ncc(S(=O)(=O)NCCOc2ccc3c(c2)C(Cc2cccc(Cl)c2)C(N)CC3)[nH]1,Glycine transporter 1
Cn1cnc(S(=O)(=O)NCc2cccc(C(Cc3ccccc3)C(N)=O)c2)c1,Glycine transporter 1
CCCS(=O)(=O)N1CCN(C2(CNC(=O)c3c(N)cccc3Cl)CCN(C)CC2)CC1,Glycine transporter 1
O=C(C1CCS(=O)(=O)CC1)N1CCN(c2ncc(C(F)(F)F)cn2)C[C@@H]1c1cccc(F)c1F,Glycine transporter 1
Cn1cc(S(=O)(=O)NCc2ccc3c(c2)C(C(C)(C)c2ccc(Cl)cc2)NCC3)cn1,Glycine transporter 1
CCOC(=O)NC1CCc2ccc(OCCNS(=O)(=O)c3cccs3)cc2C1Cc1ccc(Cl)cc1Cl,Glycine transporter 1
O=C(C1CCS(=O)(=O)CC1)N1CCN(c2ccc(C(F)(F)F)cn2)C[C@H]1c1ccc(F)cc1,Glycine transporter 1
Cc1nnc(-c2ccccc2-c2ccccc2)n1-c1ccccc1F,Glycine transporter 1
Cn1cc(S(=O)(=O)NCCOc2ccc3c(c2)C(Cc2cccc(Cl)c2)C(N)CC3)cn1,Glycine transporter 1
CC1CN(c2ccccc2Sc2ccc(F)cc2)C(C)CN1CC(=O)O,Glycine transporter 1
Cn1cnc(S(=O)(=O)NCCOc2cccc(C3(Cc4ccccc4)CN(CC(F)F)C3)c2)c1,Glycine transporter 1
O=C(C1CCS(=O)(=O)CC1)N1CCN(c2ccc(F)cn2)CC1c1cccc(F)c1F,Glycine transporter 1
CC(=O)Nc1ccc(Sc2ccccc2OCCN(C)CC(=O)O)cc1,Glycine transporter 1
CC1CC2(CCN1C1CCCCC1(O)c1cccc(F)c1)C(=O)NCC2c1ccc(F)cc1,Glycine transporter 1
CCCS(=O)(=O)N1CC(COc2ccc3c(c2)C(Cc2cccc(Cl)c2)C(N)CC3)C1,Glycine transporter 1
CCCS(=O)(=O)N(CCOc1ccc2c(c1)C(Cc1ccccc1)C(NC(=O)OCC)CC2)C1CC1,Glycine transporter 1
CS(=O)(=O)NCCOc1cc2c(cc1F)CCNC2C1(c2ccc(Cl)cc2)CCC1,Glycine transporter 1
NC1CCc2ccc(OCCNS(=O)(=O)CCC(F)(F)F)cc2C1Cc1ccccc1,Glycine transporter 1
Cc1ccc(N2CCN(C(=O)C3CCS(=O)(=O)CC3)C(c3ccccc3F)C2)nc1,Glycine transporter 1
CCCS(=O)(=O)NCCCc1ccc2c(c1)C(Cc1cccc(F)c1)C(N)CC2,Glycine transporter 1
CCCS(=O)(=O)N(C)CCCc1ccc2c(c1)C(Cc1ccc(Cl)cc1)C(N)CC2,Glycine transporter 1
CC1CN(C2Cc3ccc(OCCNS(=O)(=O)c4cn(C)cn4)cc3C2Cc2ccccc2)C1,Glycine transporter 1
Cn1cc(S(=O)(=O)NCc2ccc3c(c2)C(C2(c4ccc(Cl)cc4)CCC2)NCC3)cn1,Glycine transporter 1
CC(C)C1(N2CCC3(CC2)C(=O)NCC3c2ccccc2)CCCCC1,Glycine transporter 1
CN(C)CC(Cc1cccc(C(F)(F)F)c1)c1cccc(OCCNS(=O)(=O)c2cnn(C)c2)c1,Glycine transporter 1
CNC1CCc2ccc(OCCNS(=O)(=O)CC3CC3)cc2C1Cc1cc(F)cc(Cl)c1,Glycine transporter 1
CC(=O)NC1CCc2ccc(CNS(=O)(=O)c3cn(C)cn3)cc2C1Cc1ccc(F)cc1,Glycine transporter 1
NC1CCc2ccc(OCCNC(=O)CC3CC3)cc2C1Cc1ccc(Cl)c(Cl)c1,Glycine transporter 1
O=C(C1CCS(=O)(=O)CC1)N1CCN(c2nc3ccc(C(F)(F)F)cc3[nH]2)CC1c1ccccc1,Glycine transporter 1
CCCS(=O)(=O)NCc1ccc2c(c1)C(Cc1ccccc1)C(N1CCC1)CC2,Glycine transporter 1
[H][C@]12CN(S(=O)(=O)c3cn(C)cn3)C[C@@]1([H])[C@]2(CNC(=O)c1cc(Cl)cc(Cl)c1)CC1CC1,Glycine transporter 1
O=S(=O)(NCCOc1ccc2c(c1)C(C1(c3ccc(Cl)cc3)CCC1)NCC2)c1c[nH]cn1,Glycine transporter 1
CCCS(=O)(=O)N(C)CCCc1ccc2c(c1)C(Cc1ccc(F)cc1)C(N)CC2,Glycine transporter 1
COc1cc2c(c(Cl)c1Cl)C(=O)C(CCN(C)[C@H](C)C(=O)O)(c1ccccc1)C2=O,Glycine transporter 1
CCc1nnc(-c2ccc(-c3ccccc3)cc2)n1C(C)c1ccncc1,Glycine transporter 1
Cn1cnc(S(=O)(=O)NCCOc2cccc(C3(Cc4ccccc4)CN(CC(F)(F)F)C3)c2)c1,Glycine transporter 1
CCCC1CNC(=O)C12CCN(C1(c3ccc(C)s3)CCCCC1)CC2,Glycine transporter 1
O=C(O)[C@@H]1CCCN1CCOc1ccc(Cl)cc1Sc1cccc(F)c1,Glycine transporter 1
Cn1cnc(S(=O)(=O)NCc2ccc3c(c2)[C@H](Cc2ccccc2)[C@H](CN2CCC2)CC3)c1,Glycine transporter 1
Cn1cnc(S(=O)(=O)NCCOc2cccc(C(CN)Cc3cccc(Cl)c3)c2)c1,Glycine transporter 1
CS(=O)(=O)c1ccc(OCC2CC2)c(C(=O)N2CCN(c3ccc(C(F)(F)F)cc3)CC2)c1,Glycine transporter 1
CCCS(=O)(=O)N1CCC(C(=O)N2CCOCC2)([C@@H](C)NC(=O)c2ccc(Cl)cc2Cl)CC1,Glycine transporter 1
COc1cc(C(F)(F)F)cc(SC)c1C(=O)NC1(c2cccnc2)CCCN(C)C1,Glycine transporter 1
Cc1cc(C(F)(F)F)ccc1C(=O)NC1(c2ccccc2)CCCN(C)C1,Glycine transporter 1
CCOC(=O)NC1CCc2ccc(OCCN(C)S(=O)(=O)CC3CC3)cc2C1Cc1cccc(Cl)c1,Glycine transporter 1
CC(C)NCCCS(=O)(=O)NCCOc1ccc2c(c1)C(C1(c3ccc(Cl)cc3)CCC1)NCC2,Glycine transporter 1
COc1cc(C(F)(F)F)cc(C(F)(F)F)c1C(=O)NC1(c2ccccc2)CCCN(Cc2ccccc2)C1,Glycine transporter 1
CCCS(=O)(=O)Nc1cccnc1Oc1ccc2c(c1)C(C1(c3ccc(Cl)cc3)CCC1)NCC2,Glycine transporter 1
COc1cc(C(F)(F)F)cc(SC)c1C(=O)NC1(c2ccncn2)CCCN(C)C1,Glycine transporter 1
[C-]#[N+]c1cc2c(cc1OCCNS(=O)(=O)c1cn(C)cn1)C(Cc1ccccc1)C(N1CC3CC3C1)CC2,Glycine transporter 1
CCCS(=O)(=O)NCCOc1ccc2c(c1)C(C1(c3ccc(Cl)cc3OC)CCC1)NCC2,Glycine transporter 1
Cn1cnc(S(=O)(=O)NCCOc2cccc(C3(Cc4ccccc4)CCN(CC(C)(C)C)C3)c2)c1,Glycine transporter 1
CN(CCC(Oc1ccc(C(F)(F)F)cc1)c1ccccc1)CC(=O)[O-].[Li+],Glycine transporter 1
CC(C)C(COc1ccccc1Sc1cccc(F)c1)N(C)CC(=O)O,Glycine transporter 1
Nc1ccc(S(=O)(=O)NCCOc2ccc3c(c2)C(C2(c4ccc(Cl)cc4)CCC2)NCC3)cn1,Glycine transporter 1
CN1CCCC(NC(=O)c2ccc(C(F)(F)F)cc2C#N)(c2ccccc2)C1,Glycine transporter 1
CN(CC[C@H](Oc1ccc(C(C)(C)C)cc1)c1ccccc1)CC(=O)[O-].[Li+],Glycine transporter 1
COc1cc2c(c(Cl)c1Cl)C(=O)C(CCN(C)[C@@H](CO)C(=O)O)(c1ccccc1)C2=O,Glycine transporter 1
NC1CCc2ccc(CCCNS(=O)(=O)CC3CC3)cc2C1Cc1ccccc1,Glycine transporter 1
O=S(=O)(NCCOc1ccc2c(c1)C(C1(c3ccc(Cl)cc3)CCC1)NCC2)c1ccccc1,Glycine transporter 1
CCCS(=O)(=O)NCCCc1ccc2c(c1)C(Cc1cccc(F)c1)C(NC(C)=O)CC2,Glycine transporter 1
O=C1NCC(c2ccc(F)cc2)C12CCN(C1(C3CC3)CCCCC1)CC2,Glycine transporter 1
O=C(OCc1ccccc1)N1CCC(S(=O)(=O)NCCOc2ccc3c(c2)C(C2(c4ccc(Cl)cc4)CCC2)NCC3)C1,Glycine transporter 1
CCOCCS(=O)(=O)NCCOc1ccc2c(c1)C(Cc1ccc(Cl)c(Cl)c1)C(N)CC2,Glycine transporter 1
CNCCCS(=O)(=O)NCCOc1ccc2c(c1)C(C1(c3ccc(Cl)cc3)CCC1)NCC2,Glycine transporter 1
CCOC(=O)NC1CCc2ccc(OCCNS(=O)(=O)CCC(F)(F)F)cc2C1Cc1ccc(Cl)c(Cl)c1,Glycine transporter 1
O=C(C1CCS(=O)(=O)CC1)N1CCN(c2nnc(C(F)(F)F)o2)CC1c1ccccc1F,Glycine transporter 1
O=C(C1CCS(=O)(=O)CC1)N1CCN(c2ncc(C(F)(F)F)cn2)C[C@H]1c1cccc(F)c1F,Glycine transporter 1
O=C(C1CCS(=O)(=O)CC1)N1CCN(c2ccc(C(F)(F)F)cn2)CC1c1cccc(F)c1F,Glycine transporter 1
O=S(=O)(NCCOc1ccc2c(c1)C(C1(c3ccc(Cl)cc3)CCC1)NCC2)C1CCNC1,Glycine transporter 1
Cn1cc(S(=O)(=O)N2CC(CNC(=O)c3ccc(Cl)cc3Cl)(c3ncccc3F)C2)cn1,Glycine transporter 1
Cn1cc(S(=O)(=O)NCc2cccc(C(Cc3ccccc3)CN3CCC3)c2)cn1,Glycine transporter 1
O=C(C1CCS(=O)(=O)CC1)N1CCN(c2ccc(Cl)cc2)CC1c1cccs1,Glycine transporter 1
Cn1cc(S(=O)(=O)NCCOc2cccc(C(CN)Cc3cccc(C(F)(F)F)c3)c2)cn1,Glycine transporter 1
CCCS(=O)(=O)NCCCc1ccc2c(c1)C(Cc1ccc(Cl)c(Cl)c1)C(N)CC2,Glycine transporter 1
COc1ccc(Sc2ccc(Cl)cc2N2CCN(CC(=O)O)C(C)C2)cc1,Glycine transporter 1
CN(CCCc1ccc2c(c1)C(Cc1cccc(F)c1)C(N)CC2)S(=O)(=O)CC1CC1,Glycine transporter 1
Cc1cnc(N2CCN(C(=O)C3CCS(=O)(=O)CC3)C(c3ccccc3F)C2)cn1,Glycine transporter 1
CCCS(=O)(=O)N(C)CCOc1ccc2c(c1)C(Cc1ccc(Cl)cc1)C(NC(=O)OCC)CC2,Glycine transporter 1
COCCN(CC(=O)Nc1cc(F)cc(F)c1)C(=O)c1ccc(-c2ccccn2)cc1,Glycine transporter 1
O=C(C1CCS(=O)(=O)CC1)N1CCN(c2ncccn2)CC1c1ccccc1F,Glycine transporter 1
CCCS(=O)(=O)N1CCN(C2(CNC(=O)c3c(N)cccc3Cl)CCC2)CC1,Glycine transporter 1
O=S(=O)(NCCOc1ccc2c(c1)C(C1(c3ccc(Cl)cc3)CCC1)NCC2)C1CC1,Glycine transporter 1
COc1cc2c(c(Cl)c1Cl)C(=O)C(CCN1CCC[C@H]1C(=O)O)(c1ccccc1)C2=O,Glycine transporter 1
O=S(=O)(CC1CC1)NCCOc1ccc2c(c1)C(Cc1cccc(F)c1)C(N1CCCC1)CC2,Glycine transporter 1
Cc1ccc(N2CCN(C(=O)C3CCS(=O)(=O)CC3)C(c3ccccc3F)C2)cn1,Glycine transporter 1
COc1ccc(Sc2ccc(C)cc2N2CCN(CC(=O)O)C(C)C2)cc1,Glycine transporter 1
CCC1CCC(C)N(C[C@@H](O)CNS(=O)(=O)c2cccc3ccccc23)C1,Glycine transporter 1
O=S(=O)(NC[C@H](O)CN1CCCC1C1CC1)c1cccc2ccccc12,Glycine transporter 1
CCS(=O)(=O)N1CCC(c2ccccn2)([C@H](C)NC(=O)c2ccc(Cl)cc2Cl)CC1,Glycine transporter 1
O=C(C1CCS(=O)(=O)CC1)N1CCN(c2noc(C(F)(F)F)n2)CC1c1ccccc1F,Glycine transporter 1
CS(=O)(=O)NCCOc1ccc2c(c1)C(C1(c3ccc(Cl)cc3)CCC1)NCC2,Glycine transporter 1
Cn1cnc(S(=O)(=O)NCCOc2cccc(C3(Cc4ccccc4)CNC3)c2)c1,Glycine transporter 1
O=C(C1CCS(=O)(=O)CC1)N1CCN(c2cnc(C(F)(F)F)cn2)CC1c1ccc(F)cc1F,Glycine transporter 1
CN1CCCC(NC(=O)c2ccc(C(F)(F)F)cc2F)(c2ccccc2)C1,Glycine transporter 1
CCCS(=O)(=O)NCCCc1ccc2c(c1)C(Cc1ccccc1)C(NC(C)C)CC2,Glycine transporter 1
O=C(C1CCS(=O)(=O)CC1)N1CCN(c2cnc(C(F)(F)F)nc2)CC1c1ccc(F)cc1,Glycine transporter 1
[H][C@@]1([C@@H](NC(=O)c2cccc(C(F)(F)F)c2Cl)c2ccccc2)CCCCN1C,Glycine transporter 1
CCCS(=O)(=O)N(C)Cc1cccc(C(CN)C2(c3ccc(Cl)cc3)CCC2)c1,Glycine transporter 1
COc1cc(C(F)(F)F)cc(SC)c1C(=O)NC1(c2ccc(F)cc2)CCCN(C)C1,Glycine transporter 1
CC1CN(c2ccccc2Sc2ccc(-c3ccccc3)cc2)C(C)CN1CC(=O)O,Glycine transporter 1
NC1CCc2ccc(O)cc2C1Cc1ccc(Cl)c(Cl)c1,Glycine transporter 1
CCCC1CNC(=O)C12CCN(C1(c3cccs3)CCCCC1)CC2,Glycine transporter 1
Cc1cnc(N2CCN(C(=O)C3CCS(=O)(=O)CC3)C(c3ccc(Cl)s3)C2)cn1,Glycine transporter 1
CCCS(=O)(=O)N(C)Cc1cccc(C(CNC(=O)OC(C)(C)C)C2(c3ccc(Cl)cc3)CCC2)c1,Glycine transporter 1
NC1CCc2ccc(OCCNS(=O)(=O)CC3CC3)cc2C1Cc1ccc(Cl)cc1,Glycine transporter 1
Cc1nc(S(=O)(=O)N2CCC(CNC(=O)c3ccc(Cl)cc3Cl)(c3ncccc3F)CC2)cn1C,Glycine transporter 1
O=C(C1CCS(=O)(=O)CC1)N1CCN(c2ncc(C(F)(F)F)cn2)C[C@H]1c1ccccc1F,Glycine transporter 1
O=C(C1CCS(=O)(=O)CC1)N1CCN(c2ncc(C3CC3)cn2)CC1c1ccc(F)cc1,Glycine transporter 1
Cn1ncc(S(=O)(=O)N2CC(CNC(=O)c3ccc(Cl)cc3Cl)(CC3CC3)C2)n1,Glycine transporter 1
CC(C)C1CCCN1C[C@@H](O)CNS(=O)(=O)c1cccc2ccccc12,Glycine transporter 1
COc1cc(C(F)(F)F)cc(C(F)(F)F)c1C(=O)NC1(c2ccccc2)CCCN(C(C)C)C1,Glycine transporter 1
O=C(O)[C@@H]1CCCN1CCOc1ccc(-c2ccc(Cl)cc2)cc1Sc1cccc(F)c1,Glycine transporter 1
CN(CCOc1ccccc1Sc1ccc(F)cc1)CC(=O)O,Glycine transporter 1
CCS(=O)(=O)[C@H]1CC[C@](CNC(=O)c2ccc(Cl)cc2Cl)(CC2CC2)CC1,Glycine transporter 1
Cc1nnc(-c2ccc(C3CCCCC3)cc2)n1-c1ccccc1F,Glycine transporter 1
O=C(C1CCS(=O)(=O)CC1)N1CCN(c2cnc(C(F)(F)F)nc2)CC1c1ccc(Cl)s1,Glycine transporter 1
CCOC(=O)NC1CCc2ccc(OCCNS(=O)(=O)c3ccc(C)s3)cc2C1Cc1cccc(Cl)c1,Glycine transporter 1
CCCS(=O)(=O)NCC#Cc1ccc2c(c1)C(Cc1ccccc1)C(NC(C)=O)CC2,Glycine transporter 1
CCCS(=O)(=O)NCCCc1ccc2c(c1)C(Cc1ccccc1)C(N1CCCC1)CC2,Glycine transporter 1
CCCS(=O)(=O)N(C)CCOc1ccc2c(c1)C(Cc1ccc(Cl)c(Cl)c1)C(N)CC2,Glycine transporter 1
CCS(=O)(=O)NCCOc1ccc2c(c1)[C@H](Cc1ccccc1)[C@H](CNC)CC2,Glycine transporter 1
COc1cc(C(F)(F)F)cc(SC)c1C(=O)NC1(c2cnccn2)CCCN(C)C1,Glycine transporter 1
C[Si](C)(C)CCS(=O)(=O)NCCOc1ccc2c(c1)C(Cc1ccc(Cl)c(Cl)c1)C(N)CC2,Glycine transporter 1
O=C(C1CCS(=O)(=O)CC1)N1CCN(c2ncc(C(F)(F)F)cn2)CC1c1cccc(F)c1F,Glycine transporter 1
CS(=O)(=O)[C@H]1CC[C@](CNC(=O)c2ccc(Cl)cc2Cl)(CC2CC2)CC1,Glycine transporter 1
Cn1cnc(S(=O)(=O)NCCOc2ccc3c(c2)C(Cc2ccccc2Cl)C(N)CC3)c1,Glycine transporter 1
CCCS(=O)(=O)NCCOc1ccc2c(c1)C(C1(c3cccc(Cl)c3)CCC1)NCC2,Glycine transporter 1
O=S(=O)(NCCOc1ccc2c(c1)C(C1(c3ccc(Cl)cc3)CCC1)NCC2)c1cccc(Cl)c1,Glycine transporter 1
O=C(C1CCS(=O)(=O)CC1)N1CCN(c2ccccn2)CC1c1ccc(F)c(F)c1,Glycine transporter 1
O=S(=O)(Nc1cccnc1Oc1ccc2c(c1)C(C1(c3ccc(Cl)cc3)CCC1)NCC2)c1cccs1,Glycine transporter 1
O=C1NCN(c2ccccc2)C12CCN(C1CCCCC1(O)c1ccc(F)cc1)CC2,Glycine transporter 1
O=C1NCC(c2ccc(F)cc2)C12CCN(C1CCCCC1(O)c1ccccc1F)CC2,Glycine transporter 1
CCCS(=O)(=O)NCCc1ccc2c(c1)C(Cc1cccc(Cl)c1)C(NC)CC2,Glycine transporter 1
CC1CC(C)N(C[C@@H](O)CNS(=O)(=O)c2cc(Cl)sc2Cl)C1,Glycine transporter 1
Cc1cc(S(=O)(=O)[C@H]2CC[C@@](CNC(=O)c3ccc(Cl)cc3Cl)(CC3CC3)CC2)no1,Glycine transporter 1
CN(Cc1cccc(C(CN)C2(c3ccc(Cl)cc3)CCC2)c1)S(=O)(=O)c1cn(C)cn1,Glycine transporter 1
COCCN1CC(Cc2ccccc2)(c2cccc(OCCNS(=O)(=O)c3cn(C)cn3)c2)C1,Glycine transporter 1
Cn1cnc(S(=O)(=O)N2CC([C@H](NC(=O)c3ccc(Cl)cc3Cl)c3ccccn3)C2)c1,Glycine transporter 1
COc1cc(C(F)(F)F)cc(C(F)(F)F)c1C(=O)NC1(c2ccccc2)CCCN(C)C1,Glycine transporter 1
NC1CCc2ccc(OCCNS(=O)(=O)c3cccs3)cc2C1Cc1cccc(Cl)c1,Glycine transporter 1
O=C(C1CCS(=O)(=O)CC1)N1CCN(c2cccnc2)CC1c1cccs1,Glycine transporter 1
CC(C)(C)OC(=O)NC1CCc2ccc(C#N)cc2C1Cc1ccc(Cl)c(Cl)c1,Glycine transporter 1
[H][C@]12CN(S(=O)(=O)c3cn(C)cn3)C[C@@]1([H])[C@]2(CNC(=O)c1ccc(Cl)cc1Cl)CC1CC1,Glycine transporter 1
CN(CCOc1ccc2c(c1)C(Cc1ccc(Cl)c(Cl)c1)C(N1CCCC1)CC2)S(=O)(=O)c1cnn(C)c1,Glycine transporter 1
O=C(C1CCS(=O)(=O)CC1)N1CCN(c2ccc(C(F)(F)F)cn2)CC1c1ccc(F)c(F)c1,Glycine transporter 1
CN1CC(Cc2ccccc2)(c2ccc(F)c(OCCN(C)S(=O)(=O)c3cn(C)cn3)c2)C1,Glycine transporter 1
NC1CCc2ccc(CNS(=O)(=O)C3CCC3)cc2C1Cc1ccc(F)cc1,Glycine transporter 1
O=C(C1CCS(=O)(=O)CC1)N1CCN(c2cnc(C(F)(F)F)cn2)CC1c1ccc(F)c(F)c1,Glycine transporter 1
CCCS(=O)(=O)NCCCc1ccc2c(c1)C(Cc1ccccc1)C(N)CC2,Glycine transporter 1
Cn1cnc(S(=O)(=O)NCCOc2ccc(F)c(C(CN)Cc3ccccc3)c2)c1,Glycine transporter 1
Cn1cc(S(=O)(=O)NCCOc2cccc(C(CN)Cc3cccc(Cl)c3)c2)cn1,Glycine transporter 1
CC(C)(Cc1ccccc1)N1CCC2(CC1)C(=O)NCN2c1ccccc1,Glycine transporter 1
CCCS(=O)(=O)NCCOc1ccc2c(c1)C(C1(c3ccc(Cl)cc3)CCC1)NCC2(C)C,Glycine transporter 1
O=C(C1CCS(=O)(=O)CC1)N1CCN(c2nc3c(Cl)cc(Cl)cc3[nH]2)CC1c1ccccc1,Glycine transporter 1
CN(CCCC1(c2ccccc2)C(=O)c2ccccc2C1=O)CC(=O)O,Glycine transporter 1
O=C(C1CCS(=O)(=O)CC1)N1CCN(c2ccccn2)CC1c1cccc(F)c1,Glycine transporter 1
CN1CCC(Cc2ccccc2)(c2cccc(CNS(=O)(=O)c3cnn(C)c3)c2)C1,Glycine transporter 1
Cn1cc(S(=O)(=O)NCCOc2cccc(C(CN)Cc3ccc(Cl)cc3)c2)cn1,Glycine transporter 1
O=C(C1CCS(=O)(=O)CC1)N1CCN(c2ccccn2)CC1c1ccc(F)cc1F,Glycine transporter 1
CCc1nnc(-c2ccc(-c3ccccc3)cc2)n1Cc1ccncc1,Glycine transporter 1
N#Cc1ccccc1S(=O)(=O)NCCOc1ccc2c(c1)C(C1(c3ccc(Cl)cc3)CCC1)NCC2,Glycine transporter 1
Cn1ncnc1S(=O)(=O)N1CCC(CNC(=O)c2ccc(Cl)cc2Cl)(CC2CC2)CC1,Glycine transporter 1
O=C(CN(C(=O)c1ccc(-c2ccccn2)cc1)C1CCCC1)Nc1cc(F)cc(F)c1,Glycine transporter 1
CC(C)N1CCC(Cc2ccccc2)(c2cccc(OCCNS(=O)(=O)c3cn(C)cn3)c2)C1,Glycine transporter 1
O=C(NCC1(c2ncccc2F)CCN(S(=O)(=O)c2cccnc2)CC1)c1ccc(Cl)cc1Cl,Glycine transporter 1
F.O=C1NCC(c2ccccc2)C12CCN(C1(c3ccc(C(F)(F)F)cc3)CCCCC1)CC2,Glycine transporter 1
CC(C)[C@]1(O)CCCC[C@H]1N1CCC2(CC1)C(=O)NCN2c1ccccc1,Glycine transporter 1
CCn1cc(S(=O)(=O)N2CCC(CNC(=O)c3ccc(Cl)cc3Cl)(CC3CC3)CC2)nn1,Glycine transporter 1
O=S(=O)(CCC(F)(F)F)NCCOc1ccc2c(c1)C(C1(c3ccc(Cl)cc3)CCC1)NCC2,Glycine transporter 1
Cn1cnc(S(=O)(=O)NCc2cccc(C(CN)Cc3ccccc3)c2)c1,Glycine transporter 1
NC1CCc2ccc(OCCNS(=O)(=O)c3ccccc3)cc2C1Cc1ccccc1,Glycine transporter 1
CCCS(=O)(=O)N1CCC(CNC(=O)c2ccc(Cl)cc2Cl)(C2CCCCN2C)CC1,Glycine transporter 1
Cn1cnc(S(=O)(=O)NCc2cccc(C(Cc3ccccc3)CN3CCOCC3)c2)c1,Glycine transporter 1
CN(CC[C@@H](Oc1ccc(C(C)(C)C)cc1)c1ccccc1)CC(=O)[O-].[Li+],Glycine transporter 1
CCCS(=O)(=O)N(CCOc1ccc2c(c1)C(Cc1cccc(Cl)c1)C(NC(=O)OCC)CC2)C1CC1,Glycine transporter 1
Cn1cnc(S(=O)(=O)NCCOc2cccc(C(Cc3ccccc3)CN3CCCC3)c2)c1,Glycine transporter 1
O=S(=O)(NCCOc1ccc2c(c1)C(C1(c3ccc(Cl)cc3)CCC1)NCC2)c1cn[nH]c1,Glycine transporter 1
N#Cc1ccc2c(c1)C(Cc1ccc(Cl)cc1)C(N)CC2,Glycine transporter 1
CCOC(=O)NC1CCc2ccc(OCCNS(=O)(=O)c3cnn(C)c3)cc2C1Cc1ccc(Cl)c(Cl)c1,Glycine transporter 1
Cc1ccc(S(=O)(=O)[C@H]2CC[C@@](CNC(=O)c3ccc(Cl)cc3Cl)(CC3CC3)CC2)nn1,Glycine transporter 1
CNC1CCc2ccc(OCCNS(=O)(=O)CC3CC3)cc2C1Cc1ccccc1,Glycine transporter 1
CC(C)(C)[C@]1(O)CCCC[C@H]1N1CCC2(CC1)C(=O)NCN2c1ccccc1,Glycine transporter 1
O=C(C1CCS(=O)(=O)CC1)N1CCN(c2ncc(C(F)(F)F)cn2)CC1c1ccccc1F,Glycine transporter 1
CCCS(=O)(=O)NCCCc1ccc2c(c1)C(Cc1ccc(F)cc1)C(NC(C)=O)CC2,Glycine transporter 1
Cn1cnc(S(=O)(=O)NCCOc2ccc3c(c2)C(Cc2ccc(Cl)c(Cl)c2)C(NC(=O)C(F)(F)F)CC3)c1,Glycine transporter 1
CN1CCCC(NC(=O)c2ccc(C(F)(F)F)cc2)(c2ccccc2)C1,Glycine transporter 1
CCCS(=O)(=O)N1CC(COc2ccc3c(c2)C(Cc2cccc(Cl)c2)C(NC(=O)OCC)CC3)C1,Glycine transporter 1
Cn1ccc(S(=O)(=O)NCc2ccc3c(c2)C(Cc2ccccc2)C(N2CCC2)CC3)c1,Glycine transporter 1
O=S(=O)(NCc1ccc2c(c1)C(Cc1ccccc1)C(N1CCC1)CC2)c1ccccn1,Glycine transporter 1
O=C1NCC(c2ccccc2)C12CCN(C1(c3ccc(C(F)(F)F)cc3)CCCCC1)CC2,Glycine transporter 1
CN1CCCC(NC(=O)c2ccc(C(F)(F)F)cc2Br)(c2ccccc2)C1,Glycine transporter 1
O=C(C1CCS(=O)(=O)CC1)N1CCN(c2cnc(C(F)(F)F)cn2)C[C@H]1c1ccc(F)cc1,Glycine transporter 1
CCCS(=O)(=O)N(C)CCCc1ccc2c(c1)C(Cc1cccc(F)c1)C(N)CC2,Glycine transporter 1
CCN(CC)CCCS(=O)(=O)NCCOc1ccc2c(c1)C(C1(c3ccc(Cl)cc3)CCC1)NCC2,Glycine transporter 1
CN(CCOc1ccc2c(c1)C(Cc1ccc(Cl)c(Cl)c1)C(N1CCCC1)CC2)S(=O)(=O)C1CCC1,Glycine transporter 1
CN(CCC(Oc1ccc(Cl)c(Cl)c1)c1ccccc1)CC(=O)[O-].[Li+],Glycine transporter 1
COc1cc(C(F)(F)F)cc(SC)c1C(=O)NC1(c2ccc(F)cn2)CCCN(C)C1,Glycine transporter 1
NC1CCc2ccc(CCCNS(=O)(=O)CC3CC3)cc2C1Cc1ccc(Cl)cc1,Glycine transporter 1
O=S(=O)(Nc1ccccc1Oc1ccc2c(c1)C(C1(c3ccc(Cl)cc3)CCC1)NCC2)c1cccnc1,Glycine transporter 1
NC1CCc2ccc(OCCNS(=O)(=O)c3ccc(Cl)s3)cc2C1Cc1cccc(Cl)c1,Glycine transporter 1
Cn1cnc(S(=O)(=O)NCCOc2cccc(C(CN)Cc3cc(F)cc(F)c3)c2)c1,Glycine transporter 1
O=C(NC[C@]1(CC2CC2)CC[C@H](S(=O)(=O)CC2CCC2)CC1)c1ccc(Cl)cc1Cl,Glycine transporter 1
CN(CCOc1ccc2c(c1)C(Cc1ccccc1)C(N1CCC1)CC2)S(=O)(=O)c1cnn(C)c1,Glycine transporter 1
Cl.O=C1NCC(c2ccc(F)cc2)C12CCN(C1(c3ccsc3)CCCCC1)CC2,Glycine transporter 1
CCCS(=O)(=O)N1CCC(CNC(=O)c2ccccc2Cl)(c2cccc(N3CCOCC3)n2)CC1,Glycine transporter 1
COc1cccc(CC2c3cc(OCCNS(=O)(=O)c4cn(C)cn4)ccc3CCC2N2CCCC2)c1,Glycine transporter 1
O=C(NCC1(c2ncccc2F)CCN(S(=O)(=O)CC2CC2)CC1)c1ccc(Cl)cc1Cl,Glycine transporter 1
CCS(=O)(=O)N1CCN(c2ccc3c(c2)C(C2(c4ccc(Cl)cc4)CCC2)NCC3)CC1,Glycine transporter 1
O=C(C1CCS(=O)(=O)CC1)N1CCN(c2ncc(C(F)(F)F)cn2)C[C@@H]1c1ccc(Cl)s1,Glycine transporter 1
CC1CN(C2Cc3cc(F)c(OCCNS(=O)(=O)c4cn(C)cn4)cc3C2Cc2ccccc2)C1,Glycine transporter 1
O=C(C1CCS(=O)(=O)CC1)N1CCN(c2ncccn2)CC1c1cccc(F)c1F,Glycine transporter 1
O=C1NCC(c2ccccc2)C12CCN(C1CCCCC1(O)c1cccc(F)c1)CC2,Glycine transporter 1
CN1CCCC(NC(=O)c2ccc(C(F)(F)F)cc2C(F)(F)F)(c2ccccc2)C1,Glycine transporter 1
Cn1cnc(S(=O)(=O)NCCOc2cc3c(cc2F)CC(N2CCC2)C3Cc2ccccc2)c1,Glycine transporter 1
CCCN(C[C@@H](O)CNS(=O)(=O)c1cccc2ccccc12)C(C)(C)C,Glycine transporter 1
CCCS(=O)(=O)NCc1ccc2c(c1)C(C1(c3ccc(Cl)cc3)CCC1)NCC2,Glycine transporter 1
CNC1CCc2ccc(CNS(=O)(=O)c3cccc(C)c3)cc2C1Cc1ccccc1,Glycine transporter 1
CS(=O)(=O)c1ccc(N2CCN(C(=O)c3cc(S(C)(=O)=O)ccc3-c3ccccc3)CC2)c(F)c1,Glycine transporter 1
O=C(C1CCS(=O)(=O)CC1)N1CCN(c2nnc(C(F)(F)F)s2)C[C@@H]1c1ccc(C(F)(F)F)s1,Glycine transporter 1
CCCS(=O)(=O)NCc1ccc2c(c1)C(Cc1ccc(F)cc1)C(N)CC2,Glycine transporter 1
N#Cc1ccc(C2(N3CCC4(CC3)C(=O)NCC4c3ccccc3)CCCCC2)cc1,Glycine transporter 1
CCC(=O)NCCOc1ccc2c(c1)C(Cc1ccccc1)C(N)CC2,Glycine transporter 1
O=C(C1CCS(=O)(=O)CC1)N1CCN(c2ncccn2)CC1c1ccc(F)cc1F,Glycine transporter 1
[H][C@]12CN(S(=O)(=O)c3cn(C)cn3)C[C@@]1([H])[C@]2(CNC(=O)c1cccc(C(F)(F)F)c1)CC1CC1,Glycine transporter 1
Cn1cnc(S(=O)(=O)NCCOc2ccc3c(c2)C(Cc2ccc(Cl)cc2)C(N)CC3)c1,Glycine transporter 1
NC1CCc2ccc(OCCNS(=O)(=O)CC3CC3)cc2C1Cc1ccc(F)c(F)c1,Glycine transporter 1
NC1CCc2ccc(OCCNS(=O)(=O)C3CC3)cc2C1Cc1ccccc1Cl,Glycine transporter 1
NC1CCc2ccc(CNS(=O)(=O)C3CCC3)cc2C1Cc1ccc(F)c(F)c1,Glycine transporter 1
O=C1NCC(c2ccccc2)C12CCN(C1(C3CCCCC3)CCCCC1)CC2,Glycine transporter 1
O=S(=O)(NC[C@H](O)CN1CCCC1C1CCCCC1)c1cccc2ccccc12,Glycine transporter 1
O=C(O)[C@@H]1CCCN1CCOc1ccc(-c2ccsc2)cc1Sc1cccc(F)c1,Glycine transporter 1
CC(=O)NCCOc1ccc2c(c1)C(C1(c3ccc(Cl)cc3)CCC1)NCC2,Glycine transporter 1
NC[C@@H]1CCc2ccc(OCCNS(=O)(=O)CC3CC3)cc2[C@@H]1Cc1ccccc1,Glycine transporter 1
CC1CN(c2ccccc2Sc2ccc(O)cc2)C(C)CN1CC(=O)O,Glycine transporter 1
CC(C)(C)C1CCCN1C[C@@H](O)CNS(=O)(=O)c1cccc2ccccc12,Glycine transporter 1
CCCS(=O)(=O)NCCOc1ccc2c(c1)C(C(O)(c1ccc(Cl)cc1)c1ccc(Cl)cc1)NCC2,Glycine transporter 1
NC1CCc2ccc(CCCNS(=O)(=O)CC3CC3)cc2C1Cc1ccc(F)cc1,Glycine transporter 1
O=C(C1CCS(=O)(=O)CC1)N1CCN(c2nnc(C(F)(F)F)s2)C[C@@H]1c1ccc(Cl)s1,Glycine transporter 1
Cl.O=C1NCC(c2ccc(F)cc2)C12CCN(C1(c3cccs3)CCCCC1)CC2,Glycine transporter 1
COCCNS(=O)(=O)CCCOc1ccc2c(c1)C(C1(c3ccc(Cl)cc3)CCC1)NCC2,Glycine transporter 1
CCOC(=O)NC1CCc2ccc(OCCNS(=O)(=O)c3cn(C)cn3)cc2C1Cc1ccc(Cl)c(Cl)c1,Glycine transporter 1
CN1CCC(Cc2ccccc2)(c2cccc(OCCN(C)S(=O)(=O)c3cn(C)cn3)c2)C1,Glycine transporter 1
CCOC(=O)NC1CCc2ccc(OCCNS(=O)(=O)c3cnc(C)s3)cc2C1Cc1cccc(Cl)c1,Glycine transporter 1
O=S(=O)(CCCOc1ccc2c(c1)C(C1(c3ccc(Cl)cc3)CCC1)NCC2)N1CCOCC1,Glycine transporter 1
Cc1ccc(C2CN(c3ccc(C(F)(F)F)nn3)CCN2C(=O)C2CCS(=O)(=O)CC2)s1,Glycine transporter 1
Cc1ccc(S(=O)(=O)NCCOc2ccc3c(c2)C(Cc2cccc(Cl)c2)C(N)CC3)s1,Glycine transporter 1
O=S(=O)(CC1CC1)NCCOc1ccc2c(c1)[C@H](Cc1ccccc1)[C@H](CN1CCC1)CC2,Glycine transporter 1
CCCN(C[C@@H](O)CNS(=O)(=O)c1cccc2ccccc12)C(C)CC,Glycine transporter 1
O=C(C1CCS(=O)(=O)CC1)N1CCN(c2ncc(C3CC3)cn2)CC1c1ccccc1F,Glycine transporter 1
Cn1cnc(S(=O)(=O)NCc2ccc3c(c2)C(C(C)(C)c2ccc(Cl)cc2)NCC3)c1,Glycine transporter 1
CCOC(=O)N1CC(Cc2ccccc2)(c2cccc(OCCNS(=O)(=O)CC3CC3)c2)C1,Glycine transporter 1
COc1cc2c(c(Cl)c1Cl)C(=O)C(CCN(C)C(C)(C)C(=O)O)(c1ccc(F)cc1)C2=O,Glycine transporter 1
O=C(C1CCS(=O)(=O)CC1)N1CCN(c2cnc(C3CC3)cn2)CC1c1ccccc1F,Glycine transporter 1
O=C(C1CCS(=O)(=O)CC1)N1CCN(c2cc(C(F)(F)F)on2)CC1c1cccc(F)c1,Glycine transporter 1
Cc1nc(S(=O)(=O)NCCOc2ccc3c(c2)C(Cc2cccc(Cl)c2)C(N)CC3)cn1C,Glycine transporter 1
O=C(C1CCS(=O)(=O)CC1)N1CCN(c2ccc(C(F)(F)F)cn2)C[C@@H]1c1ccc(F)cc1,Glycine transporter 1
CC1CCCN1C[C@H](O)CNS(=O)(=O)c1cccc2ccccc12,Glycine transporter 1
CC(C)S(=O)(=O)NCCOc1ccc2c(c1)C(Cc1ccc(Cl)c(Cl)c1)C(N)CC2,Glycine transporter 1
CCCS(=O)(=O)NCCOc1ccc2c(c1)C(C1(c3ccc(Cl)cc3)CCC1)N(C(=N)N)CC2,Glycine transporter 1
O=S(=O)(NCCOc1ccc2c(c1)C(C1(c3ccc(Cl)cc3)CC1)NCC2)c1cccnc1,Glycine transporter 1
COc1cc(C(F)(F)F)cc(SC)c1C(=O)NC1(c2ccc(C)cc2)CCCN(C)C1,Glycine transporter 1
NCCCNS(=O)(=O)CCCOc1ccc2c(c1)C(C1(c3ccc(Cl)cc3)CCC1)NCC2,Glycine transporter 1
CCCS(=O)(=O)N1CCN(C2(CNC(=O)c3ccc(Cl)cc3Cl)CCOCC2)CC1,Glycine transporter 1
CCCS(=O)(=O)N1CCC(CNC(=O)c2ccc(Cl)cc2Cl)(c2ccncc2)CC1,Glycine transporter 1
O=C1NCC(c2ccccc2)C12CCN(C1(c3ccccc3)CCOCC1)CC2,Glycine transporter 1
CCCCS(=O)(=O)NCCOc1ccc2c(c1)C(C1(c3ccc(Cl)cc3)CCC1)NCC2,Glycine transporter 1
CCCS(=O)(=O)NCCCc1ccc2c(c1)C(Cc1ccc(F)cc1)C(N)CC2,Glycine transporter 1
CCOC(=O)NC1CCc2ccc(OCCNS(=O)(=O)c3cnn(C(F)F)c3)cc2C1Cc1cccc(Cl)c1,Glycine transporter 1
O=C(C1CCS(=O)(=O)CC1)N1CCN(c2nnc(C(F)(F)F)o2)CC1c1ccc(F)s1,Glycine transporter 1
COc1ccc(C2(O)CCCCC2N2CCC3(CC2)C(=O)NCC3c2ccc(F)cc2)cc1,Glycine transporter 1
CCCNCCCS(=O)(=O)NCCOc1ccc2c(c1)C(C1(c3ccc(Cl)cc3)CCC1)NCC2,Glycine transporter 1
Cn1cc(S(=O)(=O)NCc2ccc3c(c2)C(Cc2ccccc2)C(N)CC3)c(C(F)(F)F)n1,Glycine transporter 1
CC(C)(C)OC(=O)NCCNS(=O)(=O)CCCOc1ccc2c(c1)C(C1(c3ccc(Cl)cc3)CCC1)NCC2,Glycine transporter 1
Cc1cnc(C2CN(c3cnc(C(F)(F)F)cn3)CCN2C(=O)C2CCS(=O)(=O)CC2)s1,Glycine transporter 1
O=C(O)[C@@H]1CCCN1CCOc1cc(Cl)ccc1Sc1cccc(F)c1,Glycine transporter 1
Cc1ccc(C2(O)CCCCC2N2CCC3(CC2)C(=O)NCC3c2ccc(F)cc2)cc1,Glycine transporter 1
CS(=O)(=O)c1ccc(-c2ccccc2)c(C(=O)N2CCN(c3ccc(C(F)(F)F)cc3)CC2)c1,Glycine transporter 1
Cn1cnc(S(=O)(=O)NCCOc2ccc3c(c2)C(Cc2cccc(Cl)c2)C(N)CC3)c1,Glycine transporter 1
Cn1cc(S(=O)(=O)NCCOc2ccc3c(c2)C(Cc2ccc(Cl)cc2)C(N)CC3)cn1,Glycine transporter 1
O=C(C1CCS(=O)(=O)CC1)N1CCN(c2cnc(C3CC3)nc2)CC1c1ccc(Cl)s1,Glycine transporter 1
CN(C)CCNS(=O)(=O)CCCOc1ccc2c(c1)C(C1(c3ccc(Cl)cc3)CCC1)NCC2,Glycine transporter 1
O=C(C1CCS(=O)(=O)CC1)N1CCN(c2noc(C(F)(F)F)n2)CC1c1ccc(F)cc1,Glycine transporter 1
O=C(C1CCS(=O)(=O)CC1)N1CCN(c2noc(C(F)F)n2)CC1c1ccc(Cl)s1,Glycine transporter 1
O=C(C1CCS(=O)(=O)CC1)N1CCN(c2cccc3ccccc23)CC1c1cccs1,Glycine transporter 1
Cc1cc(CS(=O)(=O)NCCOc2ccc3c(c2)C(Cc2ccc(Cl)c(Cl)c2)C(N)CC3)no1,Glycine transporter 1
O=C(C1CCS(=O)(=O)CC1)N1CCN(c2ccc(Cl)cc2)CC1c1ccccc1,Glycine transporter 1
CCOC(=O)NC1CCc2ccc(OCCNS(=O)(=O)c3cn(C)cn3)cc2C1Cc1cccc(Cl)c1,Glycine transporter 1
CS(=O)(=O)c1ccc(N2CCCCC2)c(C(=O)N2CCN(c3ccc(C#N)cc3F)CC2)c1,Glycine transporter 1
CCNC1CCc2ccc(CCCNS(=O)(=O)CC3CC3)cc2C1Cc1cccc(F)c1,Glycine transporter 1
O=S(=O)(NCCOc1ccc2c(c1)C(C1(c3ccc(Cl)cc3)CCC1)NCC2)c1cccnc1,Glycine transporter 1
O=C(C1CCS(=O)(=O)CC1)N1CCN(c2cnc(C3CC3)nc2)CC1c1ccccc1F,Glycine transporter 1
Cc1ccc(Sc2ccccc2OCCN(C)CC(=O)O)cc1,Glycine transporter 1
Cn1cc(S(=O)(=O)NCc2cccc(C(Cc3ccccc3)C(N)=O)c2)cn1,Glycine transporter 1
CNC[C@@H]1CCc2ccc(OCCNS(=O)(=O)CC3CC3)cc2[C@@H]1Cc1ccccc1,Glycine transporter 1
CC(C)(C)c1ccc(C2(O)CCCCC2N2CCC3(CC2)C(=O)NCC3c2ccc(F)cc2)cc1,Glycine transporter 1
CC1CCCN1C[C@@H](O)CNS(=O)(=O)c1cccc2ccccc12,Glycine transporter 1
CCOC(=O)NC1CCc2ccc(OCCNS(=O)(=O)c3cn(C)cn3)cc2C1Cc1ccccc1Cl,Glycine transporter 1
CN(CCOc1ccc2c(c1)C(Cc1ccccc1)C(N1CCCC1)CC2)S(=O)(=O)c1cnn(C)c1,Glycine transporter 1
CNC1CCc2ccc(CNS(=O)(=O)c3ccn(C)c3)cc2C1Cc1ccccc1,Glycine transporter 1
Cn1cnc(S(=O)(=O)NCCOc2ccc3c(c2)C(Cc2ccccc2)C(N2CC(C)(C)C2)C3)c1,Glycine transporter 1
O=C(C1CCS(=O)(=O)CC1)N1CCN(c2cnc(C3CC3)nc2)CC1c1cccc(F)c1,Glycine transporter 1
O=S(=O)(NCCOc1ccc2c(c1)C(C1(c3cccc(F)c3)CCC1)NCC2)c1cccs1,Glycine transporter 1
CCS(=O)(=O)NCCOc1ccc2c(c1)[C@H](Cc1ccccc1)[C@H](CN1CCC1)CC2,Glycine transporter 1
O=S(=O)(CC1CC1)NCCOc1ccc2c(c1)C(Cc1ccc(Cl)c(Cl)c1)C(N1CCC1)CC2,Glycine transporter 1
CCNC1CCc2ccc(CNS(=O)(=O)c3cnn(C)c3)cc2C1Cc1cccc(F)c1,Glycine transporter 1
Cn1cc(S(=O)(=O)NCc2cccc(C3(Cc4ccccc4)CCNC3)c2)cn1,Glycine transporter 1
CCCS(=O)(=O)N1CCN(C2(CNC(=O)c3ccc(Cl)cc3Cl)CCc3ccccc32)CC1,Glycine transporter 1
CCCS(=O)(=O)N1CCC(CNC(=O)c2ccccc2)(c2cccc(N3CCOCC3)n2)CC1,Glycine transporter 1
CCCS(=O)(=O)Oc1ccc2c(c1)C(C1(c3cccc(F)c3)CCC1)NCC2,Glycine transporter 1
O=C1NCC(c2ccc(Cl)c(Cl)c2)C12CCN(C1CCCCC1c1ccc(F)cc1)CC2,Glycine transporter 1
O=S(=O)(CC1CC1)NCCOc1ccc2c(c1)[C@H](Cc1ccccc1)C(N1CCC1)CC2,Glycine transporter 1
COCC(C)N(CC(=O)Nc1cc(F)cc(F)c1)C(=O)c1ccc(-c2ccccn2)cc1,Glycine transporter 1
Cn1cc(S(=O)(=O)NCc2ccc3c(c2)C(Cc2ccccc2)C(N2CCOCC2)CC3)cn1,Glycine transporter 1
O=C(C1CCS(=O)(=O)CC1)N1CCN(c2cnc(C(F)(F)F)nc2)CC1c1ccccc1F,Glycine transporter 1
Cc1cnc(N2CCN(C(=O)C3CCS(=O)(=O)CC3)C(c3ccc(F)s3)C2)nc1,Glycine transporter 1
CN1CCCC(NC(=O)c2ccc(Cl)cc2Cl)(c2ccccc2)C1,Glycine transporter 1
O=C1c2ccccc2C(=O)N1CCS(=O)(=O)NCCOc1ccc2c(c1)C(C1(c3ccc(Cl)cc3)CCC1)NCC2,Glycine transporter 1
COc1cc(C(F)(F)F)cc(SC)c1C(=O)NC1(c2ccccc2)CCCN(C)C1,Glycine transporter 1
O=S(=O)(Nc1ccc(Oc2ccc3c(c2)C(C2(c4ccc(Cl)cc4)CCC2)NCC3)nc1)c1cccs1,Glycine transporter 1
CS(=O)(=O)c1ccc(N2CCCCC2)c(C(=O)N2CCN(c3ccc(C(F)(F)F)cc3)CC2)c1,Glycine transporter 1
CCCS(=O)(=O)N1CCN(C2(CNC(=O)c3c(N)cccc3Cl)CCCCCC2)CC1,Glycine transporter 1
CSc1cc(C(F)(F)F)ccc1C(=O)NC1(c2ccccc2)CCCN(C)C1,Glycine transporter 1
N#CC1(NC2CCc3ccc(CNS(=O)(=O)CC4CC4)cc3C2Cc2ccccc2)COC1,Glycine transporter 1
O=C(C1CCS(=O)(=O)CC1)N1CCN(c2cc(C(F)(F)F)on2)CC1c1ccc(F)c(F)c1,Glycine transporter 1
CN(CCCc1ccc2c(c1)C(Cc1ccc(Cl)cc1)C(N)CC2)S(=O)(=O)CC1CC1,Glycine transporter 1
Cn1ccc(S(=O)(=O)NCc2ccc3c(c2)C(Cc2ccccc2)C(N)CC3)n1,Glycine transporter 1
O=C(C1CCS(=O)(=O)CC1)N1CCN(c2ccc(C3CC3)nc2)CC1c1cccc(F)c1,Glycine transporter 1
Cc1cnc(N2CCN(C(=O)C3CCS(=O)(=O)CC3)C(c3cccc(F)c3)C2)cn1,Glycine transporter 1
CC(C)NC1CCc2ccc(OCCNS(=O)(=O)c3cn(C)cn3)cc2C1Cc1cccc(C#N)c1,Glycine transporter 1
CCOC(=O)NC1CCc2ccc(OS(=O)(=O)C(F)(F)F)cc2C1Cc1ccc(Cl)c(Cl)c1,Glycine transporter 1
NC1CCc2ccc(OCCNS(=O)(=O)CC3CC3)cc2C1Cc1ccccc1Cl,Glycine transporter 1
O=C(C1CCS(=O)(=O)CC1)N1CCN(c2cc(C(F)(F)F)on2)C[C@@H]1c1ccc(F)cc1,Glycine transporter 1
O=C(C1CCS(=O)(=O)CC1)N1CCN(c2ncc(C(F)(F)F)cn2)C[C@@H]1c1cccc(F)c1,Glycine transporter 1
CC1CC(C)N(C[C@@H](O)CNS(=O)(=O)c2cccc(Cl)c2Cl)C1,Glycine transporter 1
Cn1cnc(S(=O)(=O)NCc2ccc3c(c2)C(Cc2ccccc2)C(N2CCCC2)CC3)c1,Glycine transporter 1
CCc1nnc(-c2ccc(-c3ccccc3)cc2)n1-c1cccc2nc[nH]c12,Glycine transporter 1
Cn1ccc(S(=O)(=O)NCc2ccc3c(c2)C(Cc2ccccc2)C(N)CC3)c1,Glycine transporter 1
O=C(O)[C@@H]1CCCN1CCOc1cc(-c2ccccc2)ccc1Sc1cccc(F)c1,Glycine transporter 1
Cn1cc(S(=O)(=O)[C@H]2CC[C@@](CNC(=O)c3ccc(Cl)cc3Cl)(CC3CC3)CC2)nn1,Glycine transporter 1
[H][C@]12CC(CNC(=O)c3c(F)cccc3F)(N3CCN(S(=O)(=O)CCC)CC3)C[C@@]1([H])C2,Glycine transporter 1
O=C(C1CCS(=O)(=O)CC1)N1CCN(c2nnc(C(F)(F)F)s2)C[C@H]1c1ccc(Cl)s1,Glycine transporter 1
CCc1nnc(-c2ccc(-c3ccccc3)cc2)n1-c1cccc2[nH]ncc12,Glycine transporter 1
O=C(C1CCS(=O)(=O)CC1)N1CCN(c2ncc(C(F)(F)F)cn2)CC1c1ccc(F)c(F)c1,Glycine transporter 1
CCOC(=O)NC1CCc2ccc(OCCNS(=O)(=O)CC)cc2C1Cc1cccc(Cl)c1,Glycine transporter 1
COc1ccccc1OC(CCN(C)CC(=O)[O-])c1ccccc1.[Li+],Glycine transporter 1
CCCS(=O)(=O)NCCCc1ccc2c(c1)C(Cc1cccc(F)c1)C(NCC)CC2,Glycine transporter 1
O=C1NCC(c2ccc(F)cc2)C12CCN(C1CCCCC1(O)c1ccccc1OC(F)(F)F)CC2,Glycine transporter 1
NC1CCc2ccc(CNS(=O)(=O)CCCF)cc2C1Cc1ccc(Cl)c(Cl)c1,Glycine transporter 1
N#Cc1cccc(C2(N3CCC4(CC3)C(=O)NCC4c3ccc(F)cc3)CCCCC2)c1,Glycine transporter 1
Cn1cc(S(=O)(=O)N2CC(CNC(=O)c3ccc(Cl)cc3Cl)(c3ncccc3F)C2)nn1,Glycine transporter 1
O=C1NCC(c2ccc(F)cc2)C12CCN(C1CCCCC1(O)c1cccc(F)c1)CC2,Glycine transporter 1
CC1CN(c2ccccc2Sc2ccccc2)C(C)CN1CC(=O)O,Glycine transporter 1
O=S(=O)(NCCOc1ccc2c(c1)C(C1(c3ccc(Cl)cc3)CCC1)NCC2)c1ccc(CCF)cc1,Glycine transporter 1
CCCS(=O)(=O)Nc1ccc(Oc2ccc3c(c2)C(C2(c4ccc(Cl)cc4)CCC2)NCC3)nc1,Glycine transporter 1
NC1CCc2ccc(CCCNS(=O)(=O)CC3CC3)cc2C1Cc1cccc(Cl)c1,Glycine transporter 1
O=C(C1CCS(=O)(=O)CC1)N1CCN(c2ncc(C(F)(F)F)cn2)C[C@H]1c1ccc(F)c(F)c1,Glycine transporter 1
NCC(Cc1ccccc1)c1ccc2c(c1)CN(S(=O)(=O)CC1CC1)CC2,Glycine transporter 1
CN(CCCC(=O)[O-])CCC(Oc1ccc(C(F)(F)F)cc1)c1ccccc1.[Li+],Glycine transporter 1
COc1ccc(Sc2ccc(Cl)cc2N2CC(C)N(CC(=O)O)CC2C)cc1,Glycine transporter 1
NC1CCc2ccc(OCCNS(=O)(=O)c3ccccc3)cc2C1Cc1ccc(Cl)c(Cl)c1,Glycine transporter 1
O=C(C1CCS(=O)(=O)CC1)N1CCN(c2cnc(C3CC3)nc2)CC1c1ccc(F)cc1,Glycine transporter 1
CCCS(=O)(=O)NCCOc1ccc2c(c1)C(Cc1ccc(F)c(Cl)c1)C(N)CC2,Glycine transporter 1
CN(C)CC(Cc1ccccc1)c1cc(OCCNS(=O)(=O)c2cnn(C)c2)ccc1F,Glycine transporter 1
[H][C@@]1([C@@H](NC(=O)c2cccc(C(F)(F)F)c2[125I])c2ccccc2)CCCCN1C,Glycine transporter 1
CNC1CCc2ccc(CNS(=O)(=O)c3ccn(C)n3)cc2C1Cc1ccccc1,Glycine transporter 1
Cn1cnc(S(=O)(=O)NCCOc2ccc3c(c2)[C@H](Cc2ccccc2)[C@H](CN2CCC2)CC3)c1,Glycine transporter 1
CN(CCOc1ccccc1Sc1cccc(Cl)c1)CC(=O)O,Glycine transporter 1
NC1CCc2ccc(OCCNS(=O)(=O)c3cccnc3)cc2C1Cc1ccc(Cl)c(Cl)c1,Glycine transporter 1
CCCS(=O)(=O)NCc1ccc2c(c1)C(Cc1ccc(Cl)c(Cl)c1)C(NC(=O)OC(C)(C)C)CC2,Glycine transporter 1
NCCNS(=O)(=O)CCCOc1ccc2c(c1)C(C1(c3ccc(Cl)cc3)CCC1)NCC2,Glycine transporter 1
CCOC(=O)NC1CCc2ccc(OCCNS(=O)(=O)c3cccs3)cc2C1Cc1ccc(Cl)c(Cl)c1,Glycine transporter 1
O=S(=O)(NCCOc1ccc2c(c1)C(C1(c3ccc(Cl)cc3)CCC1)NCC2)C1CCCNC1,Glycine transporter 1
CN(CCCc1ccc2c(c1)C(Cc1ccc(F)cc1)C(N)CC2)S(=O)(=O)CC1CC1,Glycine transporter 1
Cn1cc(S(=O)(=O)NCCOc2cc(C(CN)Cc3ccccc3)ccc2F)cn1,Glycine transporter 1
CCS(=O)(=O)NCc1ccc2c(c1)C(Cc1ccccc1)C(NC1(C#N)COC1)CC2,Glycine transporter 1
Cn1cc(S(=O)(=O)NCc2ccc3c(c2)C(Cc2cccc(F)c2)C(N)CC3)cn1,Glycine transporter 1
COc1ccc(N2CCN(C(=O)C3CCS(=O)(=O)CC3)C(c3cccs3)C2)cc1C(F)(F)F,Glycine transporter 1
O=C(C1CCS(=O)(=O)CC1)N1CCN(c2nc(C(F)(F)F)co2)CC1c1ccc(F)cc1,Glycine transporter 1
N#Cc1cccc(CC2c3cc(OCCNS(=O)(=O)CC4CC4)ccc3CCC2N2CCCC2)c1,Glycine transporter 1
CCOC(=O)N1CC(Cc2ccccc2)(c2cccc(OCCNS(=O)(=O)c3cn(C)cn3)c2)C1,Glycine transporter 1
CN(CC[C@H](Oc1ccc(-c2ccccc2)cc1)c1ccccc1)CC(=O)[O-].[Li+],Glycine transporter 1
CCc1nnc(-c2ccc(-c3ccccc3)cc2)n1-c1cccc2cn[nH]c12,Glycine transporter 1
Cc1oncc1S(=O)(=O)NCCOc1ccc2c(c1)C(C1(c3ccc(Cl)cc3)CCC1)NCC2,Glycine transporter 1
Cn1cc(S(=O)(=O)NCCOc2ccc3c(c2)C(C2(c4ccc(Cl)cc4)CCC2)NCC3)cn1,Glycine transporter 1
CCNC1CCc2ccc(OCCNS(=O)(=O)CC3CC3)cc2C1Cc1cccc(Cl)c1,Glycine transporter 1
COc1ccc(C(CCN(C)CC(=O)[O-])Oc2ccc(C(F)(F)F)cc2)cc1.[Li+],Glycine transporter 1
CCC(C)N(CC(=O)Nc1cc(F)cc(F)c1)C(=O)c1ccc(-c2ccccn2)cc1,Glycine transporter 1
CC(=O)NC1CCc2ccc(CCCNS(=O)(=O)CC3CC3)cc2C1Cc1cccc(F)c1,Glycine transporter 1
CN(CCOc1ccccc1Sc1ccccc1)CC(=O)O,Glycine transporter 1
COc1cc(C(F)(F)F)cc(SC)c1C(=O)N[C@]1(c2ccccc2)CCCN(C)C1,Glycine transporter 1
Cc1ccccc1C1(O)CCCCC1N1CCC2(CC1)C(=O)NCC2c1ccc(F)cc1,Glycine transporter 1
Nc1ccc(S(=O)(=O)NCCOc2ccc3c(c2)C(C2(c4ccc(Cl)cc4)CCC2)NCC3)cc1,Glycine transporter 1
Cn1cnc(S(=O)(=O)NCc2ccc3c(c2)C(Cc2ccccc2)C(N2CCC2)CC3)c1,Glycine transporter 1
Nc1ncc(S(=O)(=O)NCCOc2ccc3c(c2)C(C2(c4ccc(Cl)cc4)CCC2)NCC3)s1,Glycine transporter 1
CCOC(=O)NC1CCc2ccc(OCCNC(=O)OC(C)(C)C)cc2C1Cc1cccc(Cl)c1,Glycine transporter 1
CNC1CCc2ccc(OCCNS(=O)(=O)c3cn(C)cn3)cc2C1Cc1ccccc1Cl,Glycine transporter 1
Cn1cc(S(=O)(=O)N2CC(c3ccc(F)cc3)C(c3cccc(C(F)(F)F)c3)=N2)nn1,Glycine transporter 1
CS(=O)(=O)c1ccc(N2CCOCC2)c(C(=O)N2CCN(c3ccc(C(F)(F)F)cc3)CC2)c1,Glycine transporter 1
COc1cc(C(F)(F)F)cc(C(F)(F)F)c1C(=O)NC1(c2ccccc2)CCCN(CC2CC2)C1,Glycine transporter 1
Cn1cnc(S(=O)(=O)NCCOc2ccc3c(c2)C(Cc2ccccc2)C(N2CCC(F)C2)CC3)c1,Glycine transporter 1
Cn1cnc(S(=O)(=O)NCCOc2ccc3c(c2)C(Cc2cccc(F)c2)C(N2CCCC2)CC3)c1,Glycine transporter 1
O=S(=O)(Nc1ccccc1Oc1ccc2c(c1)C(C1(c3ccc(Cl)cc3)CCC1)NCC2)c1cccs1,Glycine transporter 1
CCCS(=O)(=O)NCCOc1ccc2c(c1)C(C1(c3ccc(F)cc3)CCC1)N(N)CC2,Glycine transporter 1
CCCS(=O)(=O)N1CCC(CNC(=O)c2cc(F)cc(F)c2Cl)(C2CCCCN2C)CC1,Glycine transporter 1
O=C(C1CCS(=O)(=O)CC1)N1CCN(c2ccc3ccccc3c2)CC1c1cccs1,Glycine transporter 1
COc1cc(C(F)(F)F)cc(C(F)(F)F)c1C(=O)NC1(c2ccccc2)CCCN(S(C)(=O)=O)C1,Glycine transporter 1
Nc1n[nH]c(S(=O)(=O)NCCOc2ccc3c(c2)C(C2(c4ccc(Cl)cc4)CCC2)NCC3)n1,Glycine transporter 1
CCCS(=O)(=O)NCCCc1ccc2c(c1)C(Cc1ccc(Cl)c(Cl)c1)C(NC(C)C)CC2,Glycine transporter 1
CCCS(=O)(=O)NCCOc1ccc2c(c1)C(Cc1ccccc1)C(N)CC2,Glycine transporter 1
Cn1cc(S(=O)(=O)NCCOc2ccc3c(c2)C(C2(c4ccc(Cl)cc4)CC2)NCC3)cn1,Glycine transporter 1
CNC1CCc2ccc(OCCNS(=O)(=O)CC3CC3)cc2C1Cc1cc(F)cc(F)c1,Glycine transporter 1
O=C1NCN(c2ccccc2)C12CCN([C@@H]1CCCC[C@@]1(O)C1CCCCC1)CC2,Glycine transporter 1
O=S(=O)(NCc1ccc2c(c1)C(C1(c3ccc(Cl)cc3)CCC1)NCC2)c1cccnc1,Glycine transporter 1
CC(C)(C)OC(=O)NC1CCc2ccc(OC(F)F)cc2C1Cc1ccc(Cl)cc1,Glycine transporter 1
CCCS(=O)(=O)CCc1ccc2c(c1)C(Cc1ccccc1)C(N)CC2,Glycine transporter 1
COc1cc(C(F)(F)F)cc(C(F)(F)F)c1C(=O)NC1(c2ccccc2)CCCN(C2CCCC2)C1,Glycine transporter 1
CNC1CCc2ccc(OCCNS(=O)(=O)c3ccn(C)c3)cc2C1Cc1cc(F)cc(F)c1,Glycine transporter 1
Cn1cnc(S(=O)(=O)NCCOc2ccc3c(c2)C(Cc2ccccc2)C(N2CCC2)C3)c1,Glycine transporter 1
CCCS(=O)(=O)NCCOc1ccc2c(c1)C(C1(c3ccc(F)cc3)CCC1)N(C(=O)C(F)(F)F)CC2,Glycine transporter 1
Cn1cnc(S(=O)(=O)NCc2ccc3c(c2)C(Cc2ccccc2)C(N2CCOCC2)CC3)c1,Glycine transporter 1
[H][C@]12CN(S(=O)(=O)c3cn(C)cn3)C[C@@]1([H])[C@]2(CNC(=O)c1ccc(Cl)c(Cl)c1)CC1CC1,Glycine transporter 1
Cc1ccc(N2CCN(C(=O)C3CCS(=O)(=O)CC3)C(c3ccc(F)cc3)C2)cn1,Glycine transporter 1
CN(CCC(Oc1ccc(C(F)(F)F)cc1)c1ccc(F)cc1)CC(=O)[O-].[Li+],Glycine transporter 1
Cn1cnc(S(=O)(=O)N2CC(c3ccc(Cl)cc3)C(c3ccccc3)=N2)c1,Glycine transporter 1
Cn1cnc(S(=O)(=O)NCCOc2cccc(C3(Cc4ccccc4)CCN(C(=O)C(F)F)C3)c2)c1,Glycine transporter 1
CCCS(=O)(=O)NCCOc1ccc2c(c1)C(Cc1ccc(Cl)c(Cl)c1)C(N)CC2,Glycine transporter 1
N#Cc1ccc2c(c1)C(C1(c3ccc(Cl)cc3)CCC1)NCC2,Glycine transporter 1
Cn1cc(S(=O)(=O)NCCOc2ccc3c(c2)C(Cc2ccc(Cl)cc2Cl)C(N)CC3)cn1,Glycine transporter 1
Cn1cnc(S(=O)(=O)NCc2ccc3c(c2)C(C2(c4ccc(Cl)cc4)CCC2)NCC3)c1,Glycine transporter 1
O=C(C1CCS(=O)(=O)CC1)N1CCN(c2ncc(C(F)(F)F)cn2)C[C@@H]1c1ccccc1F,Glycine transporter 1
CCCS(=O)(=O)N(C)Cc1ccc2c(c1)C(Cc1ccccc1)C(N)CC2,Glycine transporter 1
CCS(=O)(=O)NCCOc1ccc2c(c1)C(C1(c3ccc(Cl)cc3)CCC1)NCC2,Glycine transporter 1
Cn1cc(S(=O)(=O)NCc2cccc(C(Cc3ccccc3)CN3CCOCC3)c2)cn1,Glycine transporter 1
Cn1cc(S(=O)(=O)NCCOc2ccc3c(c2)C(Cc2cccc(Cl)c2)C(N2CCC2)CC3)cn1,Glycine transporter 1
Cc1ccc(N2CCN(C(=O)C3CCS(=O)(=O)CC3)C(c3cccc(F)c3)C2)nc1,Glycine transporter 1
CN(CCCc1ccc2c(c1)C(Cc1ccccc1Cl)C(N)CC2)S(=O)(=O)CC1CC1,Glycine transporter 1
O=C(C1CCS(=O)(=O)CC1)N1CCN(c2cc(C(F)(F)F)on2)CC1c1ccc(F)cc1,Glycine transporter 1
CCCCS(=O)(=O)NCCOc1ccc2c(c1)C(Cc1ccc(Cl)c(Cl)c1)C(N)CC2,Glycine transporter 1
CCCS(=O)(=O)NCCOc1ccc2c(c1)C(C1(c3ccc(F)cc3)CCC1)NCC2,Glycine transporter 1
CCCCCS(=O)(=O)NCCOc1ccc2c(c1)C(Cc1ccc(Cl)c(Cl)c1)C(N)CC2,Glycine transporter 1
Nc1ncc(S(=O)(=O)NCCOc2ccc3c(c2)C(C2(c4ccc(Cl)cc4)CCC2)NCC3)cn1,Glycine transporter 1
O=S(=O)(CCO)NCCOc1ccc2c(c1)C(C1(c3ccc(Cl)cc3)CCC1)NCC2,Glycine transporter 1
O=C(C1CCS(=O)(=O)CC1)N1CCN(c2ncc(C(F)(F)F)cn2)C[C@H]1c1ccc(F)cc1,Glycine transporter 1
CCCS(=O)(=O)N(C)CCOc1ccc2c(c1)C(Cc1ccc(Cl)cc1)C(N)CC2,Glycine transporter 1
CN(CCC(Oc1cccc(C(F)(F)F)c1)c1ccccc1)CC(=O)[O-].[Li+],Glycine transporter 1
Cn1cnc(S(=O)(=O)NCc2ccc3c(c2)C(Cc2cccc(F)c2)C(N2CCC2)CC3)c1,Glycine transporter 1
Cn1cc(S(=O)(=O)NCCOc2cccc(C(Cc3ccccc3)CN3CCCC3)c2)cn1,Glycine transporter 1
COc1cc(C(F)(F)F)ccc1C(=O)NC1(c2ccccc2)CCCN(C)C1,Glycine transporter 1
Cn1cnc(S(=O)(=O)NCCOc2cccc(C3(Cc4ccccc4)CNC(=O)C3)c2)c1,Glycine transporter 1
Cn1cnc(S(=O)(=O)N2CC(c3cccc(Cl)c3)C(c3ccccc3)=N2)c1,Glycine transporter 1
CCCS(=O)(=O)N1CCC(CNC(=O)c2ccccc2)(C2CCCCN2C)CC1,Glycine transporter 1
Cn1cnc(S(=O)(=O)NCCOc2ccc3c(c2)C(Cc2ccccc2)C(N2CCCC2)CC3)c1,Glycine transporter 1
Cn1cnc(S(=O)(=O)NCCOc2ccc3c(c2)C(Cc2ccc(Cl)c(Cl)c2)C(NC=O)CC3)c1,Glycine transporter 1
CN(CCOc1ccc2c(c1)C(Cc1ccccc1)C(N1CCCC1)CC2)S(=O)(=O)CC1CC1,Glycine transporter 1
O=S(=O)(CC1CC1)NCCOc1ccc2c(c1)C(Cc1cccc(Cl)c1)C(N1CCC1)CC2,Glycine transporter 1
CCN1CCCC(NC(=O)c2c(OC)cc(C(F)(F)F)cc2C(F)(F)F)(c2ccccc2)C1,Glycine transporter 1
O=S(=O)(NCCOc1ccc2c(c1)C(C1(c3ccc(Cl)cc3)CCC1)NCC2)c1ncn[nH]1,Glycine transporter 1
O=S(=O)(NCc1ccc2c(c1)C(Cc1ccccc1)C(N1CCOCC1)CC2)C1CCC1,Glycine transporter 1
COc1ccc(N2CCN(C(=O)C3CCS(=O)(=O)CC3)C(c3ccccc3)C2)cc1C(F)(F)F,Glycine transporter 1
COc1ccc(C2(NC(=O)c3c(OC)cc(C(F)(F)F)cc3SC)CCCN(C)C2)cc1,Glycine transporter 1
CCCS(=O)(=O)NCc1ccc2c(c1)C(Cc1ccccc1)C(NC)CC2,Glycine transporter 1
Cn1ccc(S(=O)(=O)NCCOc2ccc3c(c2)C(Cc2ccccc2)C(N2CCC2)CC3)c1,Glycine transporter 1
CCCS(=O)(=O)N(C)CCOc1ccc2c(c1)C(Cc1cccc(Cl)c1)C(N)CC2,Glycine transporter 1
Cc1ccc(C2CN(c3nnc(C(F)(F)F)s3)CCN2C(=O)C2CCS(=O)(=O)CC2)s1,Glycine transporter 1
NC1CCc2ccc(OCCNS(=O)(=O)C3CC3)cc2C1Cc1ccccc1,Glycine transporter 1
O=C(C1CCS(=O)(=O)CC1)N1CCN(c2cnc(C(F)(F)F)cn2)CC1c1ccc(F)s1,Glycine transporter 1
NC1CCc2ccc(CNS(=O)(=O)C3CCC3)cc2C1Cc1cccc(F)c1,Glycine transporter 1
COc1ccc(-c2ccc(OCCN3CCC[C@H]3C(=O)O)c(Sc3cccc(F)c3)c2)cc1,Glycine transporter 1
O=C(C1CCS(=O)(=O)CC1)N1CCN(c2ccccn2)CC1c1ccccc1F,Glycine transporter 1
O=C(O)[C@H]1CCCN1CCOc1ccccc1Sc1cccc(Cl)c1,Glycine transporter 1
CN(C)S(=O)(=O)NCCOc1ccc2c(c1)C(C1(c3ccc(Cl)cc3)CCC1)NCC2,Glycine transporter 1
CCCS(=O)(=O)NCCOc1ccc2c(c1)C(CC1CCCCC1)C(NC)CC2,Glycine transporter 1
CC(=O)Nc1ccc(Sc2ccccc2N2CC(C)N(CC(=O)O)CC2C)cc1,Glycine transporter 1
COc1cc(C(F)(F)F)cc(SC)c1C(=O)NC1(c2cccc(F)c2)CCCN(C)C1,Glycine transporter 1
O=C(NCCOc1ccc2c(c1)C(C1(c3ccc(Cl)cc3)CCC1)NCC2)c1ccccc1,Glycine transporter 1
O=C(C1CCS(=O)(=O)CC1)N1CCN(c2cccc(C(F)(F)F)c2)CC1c1cccs1,Glycine transporter 1
CCOC(=O)NC1CCc2ccc(OCCNS(=O)(=O)c3cccs3)cc2C1Cc1cccc(Cl)c1,Glycine transporter 1
CCCS(=O)(=O)NCCOc1ccc2c(c1)C(Cc1cccc(F)c1)C(N)CC2,Glycine transporter 1
CCCS(=O)(=O)NCCNc1ccc2c(c1)C(C1(c3ccc(Cl)cc3)CCC1)NCC2,Glycine transporter 1
