smiles,targetname
Cc1c(NC(=O)N2CC(OC(C(F)(F)F)C(F)(F)F)C2)cc(F)cc1-c1ncnc2[nH]c(C3=CCN(C(=O)N(C)C)CC3)cc12,Tyrosine-protein kinase BTK
CS(=O)(=O)N1CC=C(c2cc3c(-c4cccc(N5CCOc6cc(C7CC7)cc(F)c6C5=O)c4CO)ccnc3[nH]2)CC1,Tyrosine-protein kinase BTK
Cc1c(NC(=O)c2ccc(C(C)(C)C)cc2)cccc1-c1nc(Nc2ccc(C(=O)NCCO)cc2)c2ncn(C)c2n1,Tyrosine-protein kinase BTK
Cc1c(NC(=O)c2ccc(C(C)(C)C)cc2)cccc1-c1ccc(C(N)=O)c2[nH]c3cc(C(=O)N4CCN(C)CC4)ccc3c12,Tyrosine-protein kinase BTK
C=CC(=O)NC[C@@H]1CCNc2c(C(N)=O)c(-c3ccc(Oc4ccccc4)cc3)nn21,Tyrosine-protein kinase BTK
C=CC(=O)Nc1cc(Nc2cc(-c3cccc(NC(=O)c4ccc(C(F)(F)F)cc4)c3C)cn(C)c2=O)ccc1C(=O)N1CCOCC1,Tyrosine-protein kinase BTK
COCCN1CCN(c2ccc(Nc3cc(-c4ccnc(N5CCn6c(cc7c6CC(C)(C)C7)C5=O)c4CO)cn(C)c3=O)nc2)CC1,Tyrosine-protein kinase BTK
Cc1c(NC(=O)C2CCCCC2)cccc1-c1nc(Nc2ccc(C(=O)N3CCOCC3)cc2)c2nc[nH]c2n1,Tyrosine-protein kinase BTK
NC(=O)c1c(-c2ccc(Oc3ccccc3)cc2)nn2c1[nH]c(=O)c1cc(N)ccc12,Tyrosine-protein kinase BTK
O=C(N1CC=C(c2cc3c(-c4cccc(-n5ccc6cc(C7CC7)cc(F)c6c5=O)c4CO)ccnc3[nH]2)CC1)N1CCOCC1,Tyrosine-protein kinase BTK
Cc1c(-c2nc(N)nc3[nH]c(-c4ccc(C(=O)N5CCOCC5)cc4)cc23)cccc1N1CCOc2cc(C3CC3)ccc2C1=O,Tyrosine-protein kinase BTK
CN1CCN(C)C(c2ccc(Nc3nc(-c4ccc(Cl)c(NC(=O)c5cc6c(s5)CCCC6)c4)cn(C)c3=O)cc2)C1=O,Tyrosine-protein kinase BTK
Nc1nccn2c([C@@H]3CC[C@H]4CCC(=O)N4C3)nc(-c3ccc(C(=O)Nc4cc(C(F)F)ccn4)cc3)c12,Tyrosine-protein kinase BTK
C#CC(=O)N1CCCC(n2nc(-c3ccc(Oc4ccccc4)cc3)c3c(N)ncnc32)C1,Tyrosine-protein kinase BTK
Nc1nccn2c([C@@H]3CC[C@H]4CN(CCO)CC(=O)N4C3)nc(-c3ccc(C(=O)Nc4cc(C(F)(F)F)ccn4)cc3)c12,Tyrosine-protein kinase BTK
Cc1cc(Nc2cc(-c3ccc(F)c(N4Cc5cc(C(C)(C)C)sc5C4=O)c3)n[nH]c2=O)nn1C,Tyrosine-protein kinase BTK
CC(C)(C)OC(=O)N1CC=C(c2cnc(N)c3c(-c4ccc(Oc5ccccc5)cc4)csc23)CC1,Tyrosine-protein kinase BTK
Cc1c(-c2ncnc3[nH]c(-c4ccc(CN5CCN(C)CC5)cc4)cc23)cccc1N1CCOc2cc(C3CC3)ccc2C1=O,Tyrosine-protein kinase BTK
CCN1CCN(Cc2ccc(-c3cc4c(-c5cccc(N6CCOc7cc(C8CC8)cc(F)c7C6=O)c5CO)ccnc4[nH]3)nc2)CC1,Tyrosine-protein kinase BTK
CN1CCN(C)C(c2ccc(Nc3nc(-c4cccc(NC(=O)c5cc6c(s5)CCCC6)c4)cn(C)c3=O)cc2)C1=O,Tyrosine-protein kinase BTK
CNC(=O)Cn1cc(-c2cnc(N)c3c(-c4ccc(C(=O)Nc5ccccc5)cc4)csc23)cn1,Tyrosine-protein kinase BTK
Nc1n[nH]c2c(-c3cccc(C(F)(F)F)c3)ncc(-c3ccc(Oc4ccccc4)cc3)c12,Tyrosine-protein kinase BTK
C=CC(=O)N1CCC(Nc2ncnc(N(C)C)c2C(=O)c2ccc(OCC)cc2)CC1,Tyrosine-protein kinase BTK
CC(C)(N)/C=C(C#N)C(=O)N1CCC[C@H]1Cn1nc(-c2ccc(Oc3cccc(F)c3)cc2F)c2c(N)ncnc21,Tyrosine-protein kinase BTK
Cc1c(-c2ncnc3[nH]c(-c4ccc(N5CCOCC5)cc4)cc23)cccc1N1CCOc2cc(C3CC3)ccc2C1=O,Tyrosine-protein kinase BTK
Nc1ncc(Cl)n2c([C@@H]3CC[C@H]4CCC(=O)N4C3)nc(-c3ccc(C(=O)Nc4cc(C5CC5)ccn4)cc3OC3CC3)c12,Tyrosine-protein kinase BTK
C=CC(=O)n1cc(-c2cnc(N)c3c(-c4ccc(Oc5ccccc5)cc4)csc23)cn1,Tyrosine-protein kinase BTK
C=CC(=O)Nc1cc(Nc2cc(-c3cccc(NC(=O)c4ccc(C(C)(C)C)cc4)c3C)cn(C)c2=O)ccc1C(=O)N1CCN(C(=O)OC(C)(C)C)CC1,Tyrosine-protein kinase BTK
CN1CCc2cc(Nc3nc(-c4cc(F)cc(N5CCn6c(cc7c6CCCC7)C5=O)c4CO)cn(C)c3=O)ccc2C1,Tyrosine-protein kinase BTK
CN1CCC(c2ccc(Nc3nc(-c4cc(F)cc(N5CCc6c(sc7c6CC(C)(C)C7)C5=O)c4CO)cn(C)c3=O)cc2)CC1,Tyrosine-protein kinase BTK
NC(=O)c1c(-c2ccc(Oc3ccccc3)cc2)nn2c1[nH]c1ccc([N+](=O)[O-])cc12,Tyrosine-protein kinase BTK
[H][C@]12CC[C@@]3(O1)[C@@H](P(=O)(O)O)N(Cc1ccccc1)C(=O)[C@]3([H])C2,Tyrosine-protein kinase BTK
Nc1nccn2c([C@@H]3CC[C@H]4C[C@H](O)C(=O)N4C3)nc(-c3ccc(C(=O)Nc4cc(C(F)(F)F)ccn4)cc3)c12,Tyrosine-protein kinase BTK
Cc1c(NC(=O)c2ccc(C(C)(C)CO)cc2)cc(F)cc1-c1ncnc2[nH]c(C3=CCN(C(=O)N(C)C)CC3)cc12,Tyrosine-protein kinase BTK
Nc1ncnc2c1c(-c1ccc(C(=O)Nc3cc(C(F)(F)F)ccn3)cc1)nn2[C@H]1CCCc2nn(CCO)cc21,Tyrosine-protein kinase BTK
Cc1c(NS(=O)(=O)c2ccc(C(C)(C)C)cc2)cccc1-c1nc(Nc2ccc(C(=O)N3CCOCC3)cc2)c2nc[nH]c2n1,Tyrosine-protein kinase BTK
Cc1c(-c2ncnc3[nH]c(-c4ccc(CN5CCC(C)(O)CC5)cc4)cc23)cccc1N1CCc2cc(C3CC3)ccc2C1=O,Tyrosine-protein kinase BTK
CN(C)C(=O)N1CC=C(c2cc3c(-c4cccc(NC(=O)c5ccc(C6CC6)cc5)c4CO)ncnc3[nH]2)CC1,Tyrosine-protein kinase BTK
Cc1c(-c2cc(Nc3cc(CN4CC(F)(F)C4)n(C)n3)c(=O)[nH]n2)cccc1N1Cc2cc(C(C)(C)C)sc2C1=O,Tyrosine-protein kinase BTK
Cc1c(-c2cc(Nc3cc4n(n3)CCN(C)C4)c(=O)[nH]n2)cccc1N1Cc2cc(C(C)(C)C)sc2C1=O,Tyrosine-protein kinase BTK
Nc1nccn2c([C@@H]3CC[C@H]4CCC(=O)N4C3)nc(-c3ccc(C(=O)Nc4cc(C(F)(F)F)ccn4)cc3OC3CC3)c12,Tyrosine-protein kinase BTK
CC(C)(O)c1ccc2c(c1)[nH]c1c(C(N)=O)ccc(-c3cccc(-n4cnc5ccccc5c4=O)c3F)c12,Tyrosine-protein kinase BTK
C=CC(=O)N1CCC(Nc2ncnc(NC)c2C(=O)c2ccc(Oc3ccccc3)cc2)CC1,Tyrosine-protein kinase BTK
O=C(CNc1ccccc1S(=O)(=O)N1CCCCC1)N[C@@H]1CCCN(c2ncnc3[nH]ccc23)C1,Tyrosine-protein kinase BTK
COCCCn1cc(-c2cnc(N)c3c(-c4ccc(Oc5ccccc5)cc4)csc23)cn1,Tyrosine-protein kinase BTK
Cn1cc(-c2cccc(N3CCc4cc(C(C)(C)C)ccc4C3=O)c2CO)cc(Nc2ccncn2)c1=O,Tyrosine-protein kinase BTK
Nc1nccn2c([C@H]3CC[C@@H]4C[C@@H](O)C(=O)N4C3)nc(-c3ccc(C(=O)Nc4cc(C(F)(F)F)ccn4)cc3)c12,Tyrosine-protein kinase BTK
CC(=O)c1cc(-c2cc3c(-c4cccc(-n5ccc6cc(C7CC7)cc(F)c6c5=O)c4CO)ncnc3[nH]2)cs1,Tyrosine-protein kinase BTK
Cc1c(NC(=O)c2ccc3c(c2)OCC3(C)C)cc(F)cc1-c1ncnc2[nH]c(C3=CCN(C(=O)N(C)C)CC3)cc12,Tyrosine-protein kinase BTK
C=CC(=O)Nc1cc(C2CCNc3c(C(N)=O)c(-c4ccc(Oc5ccccc5)cc4)nn32)ccc1Cl,Tyrosine-protein kinase BTK
C=CC(=O)Nc1cccc(Nc2ncc(NC(=O)c3cc(NC(=O)c4ccc(Cl)c(C(F)(F)F)c4)ccc3C)cn2)c1,Tyrosine-protein kinase BTK
Cc1c(NC(=O)c2ccc(C3CC3)cc2)cccc1-c1cn(C)c(=O)c(Nc2ccc(C(=O)N3CCOCC3)cc2)n1,Tyrosine-protein kinase BTK
Nc1nccn2c([C@@H]3CC[C@H]4CCC(=O)N4C3)nc(-c3ccc(C(=O)Nc4cc(C(F)(F)F)ccn4)cc3O)c12,Tyrosine-protein kinase BTK
Cc1c(-c2ncnc3[nH]c(-c4ccc(C(=O)N5CCC(O)CC5)cc4)cc23)cccc1N1CCOc2cc(C3CC3)ccc2C1=O,Tyrosine-protein kinase BTK
CNC(=O)N1CC=C(c2cc3c(-c4cccc(-n5ccc6cc(C7CC7)cc(F)c6c5=O)c4CO)ncnc3[nH]2)CC1,Tyrosine-protein kinase BTK
CCN1CCN(c2ccc(Nc3cc(-c4cc(F)cc(N5CCc6c(sc7c6CC(C)(C)C7)C5=O)c4CO)cn(C)c3=O)nc2)CC1,Tyrosine-protein kinase BTK
N#C/C(=CC1CC1)C(=O)N1CCC[C@@H](n2nc(-c3ccc(Oc4cccc(F)c4)cc3)c3c(N)ncnc32)C1,Tyrosine-protein kinase BTK
COc1ccc(-c2nn3c(c2C(N)=O)NCCC3c2ccccc2N)cc1,Tyrosine-protein kinase BTK
NC(=O)c1c(-c2ccc(Oc3ccccc3)cc2)nn2c1NCCc1cc(N)ccc1-2,Tyrosine-protein kinase BTK
CCN1CCN(c2ccc(Nc3cc(-c4cccc(-n5ncc6cc(C(C)(C)C)cc(F)c6c5=O)c4CO)cn(C)c3=O)nc2)CC1,Tyrosine-protein kinase BTK
CN1CCC(n2cc(-c3cc4c(-c5cccc(N6CCOc7cc(C8CC8)ccc7C6=O)c5CO)ccnc4[nH]3)cn2)CC1,Tyrosine-protein kinase BTK
Nc1ncc(F)n2c([C@@H]3CC[C@H]4CCC(=O)N4C3)nc(-c3ccc(C(=O)Nc4cc(C(F)(F)F)ccn4)cc3)c12,Tyrosine-protein kinase BTK
CNC(=O)CN1C=C(c2cnc(N)c3c(-c4ccc(Oc5ccccc5)cc4)csc23)CCC1,Tyrosine-protein kinase BTK
C#CCn1cc(-c2cnc(N)c3c(-c4ccc(Oc5ccccc5)cc4)csc23)cn1,Tyrosine-protein kinase BTK
CC(=O)Nc1ccc(-c2ccc(C(N)=O)c3[nH]c4cc(C(=O)N5CCN(C)CC5)ccc4c23)cc1,Tyrosine-protein kinase BTK
Cc1c(NC(=O)c2ccc(C(C)(C)C)cc2)cc(F)cc1-c1ncnc2[nH]c(C3=CC[S+]([O-])CC3)cc12,Tyrosine-protein kinase BTK
Cc1c(-c2ncnc3[nH]c(-c4ccccc4)cc23)cccc1N1CCc2cc(C3CC3)ccc2C1=O,Tyrosine-protein kinase BTK
C=CC(=O)Nc1cc(Nc2cc(-c3cccc(NC(=O)c4ccc(C(C)(C)C)cc4)c3C)cn(C)c2=O)ccc1C(=O)N1CCC(OC)CC1,Tyrosine-protein kinase BTK
Cc1cc(C(=O)Nc2cc(C(F)(F)F)ccn2)ccc1-c1nc([C@@H]2CC[C@H]3CCC(=O)N3C2)n2ccnc(N)c12,Tyrosine-protein kinase BTK
C=CC(=O)N1CC[C@H]2Nc3c(C(N)=O)c(-c4ccc(Oc5ccccc5)cc4)nn3C[C@H]2C1,Tyrosine-protein kinase BTK
CC(C)(C)/C=C(C#N)C(=O)N1CCCC(n2nc(-c3ccc(Oc4ccccc4)cc3)c3c(N)ncnc32)C1,Tyrosine-protein kinase BTK
CC(C)(C)c1cc(F)c2c(=O)n(Cc3cc(CO)c(-c4cc[nH]c(=O)c4)cc3F)ncc2c1,Tyrosine-protein kinase BTK
CN(C)C/C=C/C(=O)N1CCc2[nH]c3c(C(N)=O)c(-c4ccc(Oc5ccccc5)cc4)nn3c2CC1,Tyrosine-protein kinase BTK
CN1CC(=O)N2C[C@H](c3nc(-c4ccc(C(=O)Nc5cc(C(F)(F)F)ccn5)cc4)c4c(N)nccn34)CC[C@H]2C1,Tyrosine-protein kinase BTK
C=CC(=O)Nc1cccc(-n2c(=O)n(C)c3cnc(Nc4ccc(Oc5ccnc(C(=O)NC)c5)cc4)nc32)c1,Tyrosine-protein kinase BTK
C=CC(=O)Nc1ccccc1[C@@H]1CCNc2c(C(N)=O)c(-c3ccc(OCc4ccccc4)cc3)nn21,Tyrosine-protein kinase BTK
C=CC(=O)Nc1ccccc1C1CCNc2c(C(N)=O)c(-c3ccc(OC)cc3)nn21,Tyrosine-protein kinase BTK
CCN1CCN(Cc2ccc(-c3cc4c(-c5cccc(N6CCOc7cc(C8CC8)ccc7C6=O)c5CO)ccnc4[nH]3)nc2)CC1,Tyrosine-protein kinase BTK
C[C@H](Cn1nc(-c2ccc(Oc3ccccc3)cc2F)c2c(N)ncnc21)NC(=O)/C(C#N)=C/C(C)(C)N(C)C,Tyrosine-protein kinase BTK
CC(C)(C)c1cc(F)c2c(=O)n(Cc3ccc(-c4cc[nH]c(=O)c4)c(CO)c3)ncc2c1,Tyrosine-protein kinase BTK
Cc1c(NC(=O)c2cc3c(s2)CCCC3)cccc1-c1cn(C)c(=O)c(Nc2ccc(-c3ncc[nH]3)cc2)n1,Tyrosine-protein kinase BTK
C=CC(=O)Nc1ccc2c(c1)CCCc1c(C(N)=O)c(-c3ccc(Oc4ccccc4)cc3)nn1-2,Tyrosine-protein kinase BTK
CCOc1cc(C(=O)Nc2cc(C3CC3)ccn2)c(F)cc1-c1nc([C@@H]2CC[C@H]3CCC(=O)N3C2)n2ccnc(N)c12,Tyrosine-protein kinase BTK
Nc1cccc(Nc2ncc(NC(=O)c3cc(NC(=O)c4cccc(C(F)(F)F)c4)ccc3F)cn2)c1,Tyrosine-protein kinase BTK
CCOC(C)(C)/C=C(C#N)C(=O)N1CCC[C@H]1Cn1nc(-c2ccc(Oc3ccccc3)cc2F)c2c(N)ncnc21,Tyrosine-protein kinase BTK
Cc1c(NC(=O)c2ccc(C(C)(C)C)cc2)cc(F)cc1-c1ncnc2[nH]c(C3=CCOCC3)cc12,Tyrosine-protein kinase BTK
C=CC(=O)N1C[C@H]2CNc3c(C(N)=O)c(-c4ccc(Oc5ccccc5)cc4)nn3[C@H]2C1,Tyrosine-protein kinase BTK
C=CC(=O)NCCNc1cccc(Nc2cc(-c3ccnc(N4CCn5c(cc6c5CC(C)(C)C6)C4=O)c3CO)cn(C)c2=O)n1,Tyrosine-protein kinase BTK
C=CC(=O)Nc1ccccc1C1CCNc2c(C(N)=O)c(-c3ccc(OC(F)(F)F)cc3)nn21,Tyrosine-protein kinase BTK
C=CC(=O)Nc1ccccc1C1CCNc2c(C(N)=O)c(-c3ccc(F)cc3)nn21,Tyrosine-protein kinase BTK
Cc1c(-c2cc(Nc3ccc(C(=O)N4CCOCC4)cn3)c(=O)n(C)c2)cccc1N1CNc2cc(C(C)(C)O)ccc2C1=O,Tyrosine-protein kinase BTK
Nc1nccn2c([C@@H]3CC[C@H]4CCC(=O)N4C3)nc(-c3ccc(C(=O)Nc4cc(C5CC5)ccn4)cc3F)c12,Tyrosine-protein kinase BTK
C=CC(=O)Nc1cccc(Nc2nc(Nc3ccc(NC(=O)CN(CCOC)CCOC)c(OC)c3)ncc2Cl)c1,Tyrosine-protein kinase BTK
CN(C)CC#CC(=O)N1CCC([C@@H]2CCNc3c(C(N)=O)c(-c4ccc(Oc5ccccc5)cc4)nn32)CC1,Tyrosine-protein kinase BTK
Cc1c(NC(=O)C(C)(C)C)cccc1-c1nc(Nc2ccc(C(=O)N3CCOCC3)cc2)c2nc[nH]c2n1,Tyrosine-protein kinase BTK
Cc1c(-c2ncnc3[nH]c(C4=CCCNC4)cc23)cccc1N1CCOc2cc(C3CC3)ccc2C1=O,Tyrosine-protein kinase BTK
CCN1CCN(c2ccc(Nc3cc(-c4cccc(-n5ccc6cc(C7CC7)ccc6c5=O)c4CO)cn(C)c3=O)nc2)CC1,Tyrosine-protein kinase BTK
COc1cc(-c2nn(CC3CCCN(C(=O)/C(C#N)=C/C4CC4)C3)c3ncnc(N)c23)ccc1Oc1ccc(Cl)c(Cl)c1,Tyrosine-protein kinase BTK
COc1cc(C(=O)Nc2cc(C(F)(F)F)ccn2)c(F)cc1-c1nc([C@@H]2CC[C@H]3CCC(=O)N3C2)n2c(Cl)cnc(N)c12,Tyrosine-protein kinase BTK
CN1CCN(C(=O)c2ccc3c(c2)[nH]c2c(C(N)=O)ccc(-c4ccc(F)cc4F)c23)CC1,Tyrosine-protein kinase BTK
C=CC(=O)Nc1cc(Nc2cc(-c3cccc(NC(=O)c4cccc(C(F)(F)F)c4)c3C)cn(C)c2=O)ccc1C(=O)N1CCOCC1,Tyrosine-protein kinase BTK
CN1CCN(C(=O)c2ccc3[nH]c4c(C(N)=O)ccc(-c5ccccc5F)c4c3c2)CC1,Tyrosine-protein kinase BTK
C=CC(=O)Nc1cccc(Nc2ncc(NC(=O)c3cc(NC(=O)c4cccc(F)c4)ccc3C)cn2)c1,Tyrosine-protein kinase BTK
NC(=O)c1c(-c2ccc(F)c(Cl)c2)nn2c1NCCC2c1ccccc1NC(=O)/C=C/CN1CCCCC1,Tyrosine-protein kinase BTK
Cc1c(-c2cc(Nc3cc4n(n3)CCN(C)C4)c(=O)n(C)n2)cccc1N1Cc2c(sc3ccccc23)C1=O,Tyrosine-protein kinase BTK
C=CC(=O)N1CC2(CNc3c(C(N)=O)c(-c4ccc(Oc5ccccc5)cc4)nn3C2)C1,Tyrosine-protein kinase BTK
CC(C)(C)c1cc(F)c2c(=O)n(-c3cccc(-n4cc(C(N)=O)c(Nc5ccc(S(C)(=O)=O)cn5)n4)c3CO)ncc2c1,Tyrosine-protein kinase BTK
C=CC(=O)N1CCC(C2CCNc3c(C(N)=O)c(-c4ccc(Oc5ccccc5)cc4)nn32)CC1,Tyrosine-protein kinase BTK
CN1CCN(C(=O)c2ccc3c(c2)[nH]c2c(C(N)=O)ccc(-c4ccc(Cl)c(Cl)c4)c23)CC1,Tyrosine-protein kinase BTK
C=CC(=O)Nc1ccc(C2CCNc3c(C(N)=O)c(-c4ccc(Oc5ccccc5)cc4)nn32)cc1,Tyrosine-protein kinase BTK
NCC1CCNc2c(C(N)=O)c(-c3ccc(Oc4ccccc4)cc3)nn21,Tyrosine-protein kinase BTK
Nc1nccn2c([C@@H]3CC[C@H]4CCC(=O)N4C3)nc(-c3ccc(C(=O)Nc4cc(C(F)(F)F)ccn4)cc3OC3CCCCC3)c12,Tyrosine-protein kinase BTK
COCCNC(C)(C)/C=C(C#N)C(=O)N1CCC[C@H]1Cn1nc(-c2ccc(Oc3ccccc3)cc2F)c2c(N)ncnc21,Tyrosine-protein kinase BTK
C=CC(=O)Nc1ccccc1C1CCNc2c(C(N)=O)c(-c3ccc(C(F)(F)F)cc3)nn21,Tyrosine-protein kinase BTK
N#Cc1ccnc(NC(=O)c2ccc(-c3nc([C@@H]4CC[C@H]5CCC(=O)N5C4)n4ccnc(N)c34)cc2F)c1,Tyrosine-protein kinase BTK
Nc1ncnc2c1c(-c1ccc(C(=O)Nc3cc(C(F)(F)F)ccn3)cc1)nn2[C@@H]1CCCc2nn(CCO)cc21,Tyrosine-protein kinase BTK
Cc1c(-c2cc(Nc3cc4n(n3)CCN(C)C4)c(=O)[nH]n2)cccc1N1Cc2ccc(C(C)(C)C)cc2C1=O,Tyrosine-protein kinase BTK
Nc1nccn2c([C@@H]3CC[C@H]4CCC(=O)N4C3)nc(-c3ccc(C(=O)Nc4cc5ccccc5cn4)cc3)c12,Tyrosine-protein kinase BTK
Cn1nnc([C@H]2CCC[C@@H](c3nc(-c4ccc(C(=O)Nc5cc(C(F)(F)F)ccn5)cc4)c4c(N)nccn34)C2)n1,Tyrosine-protein kinase BTK
C=CC(=O)N1CC([C@H]2CCNc3c(C(N)=O)c(-c4ccc(Oc5ccccc5)cc4)nn32)C1,Tyrosine-protein kinase BTK
Cn1cc(-c2cccc(N3CCc4c(cc5n4CCCC5)C3=O)c2CO)cc(Nc2ccncn2)c1=O,Tyrosine-protein kinase BTK
Cc1ccc(NC(=O)c2cccc(Cl)c2)cc1C(=O)Nc1cnc(Nc2cccc(N)c2)nc1,Tyrosine-protein kinase BTK
Cn1cc2c(n1)CCC[C@H]2n1nc(-c2ccc(C(=O)Nc3cc(C(F)(F)F)ccn3)cc2)c2c(N)ncnc21,Tyrosine-protein kinase BTK
CC(C)(C)c1ccc2c(=O)n(-c3cccc(-n4cc(C(N)=O)c(Nc5ccc(F)cn5)n4)c3CO)ncc2c1,Tyrosine-protein kinase BTK
Nc1nccn2c1c(-c1ccc(C(=O)Nc3cc(C(F)(F)F)ccn3)cc1)nc2[C@]12CCC[C@](C(=O)O)(CC1)CC2,Tyrosine-protein kinase BTK
Cn1cc2c(n1)CCC[C@@H]2n1nc(-c2ccc(C(=O)Nc3cc(C(F)(F)F)ccn3)cc2)c2c(N)ncnc21,Tyrosine-protein kinase BTK
Cc1c(NC(=O)c2ccc(C(C)(C)C)cc2)cc(F)cc1-c1ncnc2[nH]c(C3=CCC(O)CC3)cc12,Tyrosine-protein kinase BTK
C=CC(=O)Nc1cccc(Nc2nc(Nc3ccc(N(CCOC)CCOC)cc3)ncc2Cl)c1,Tyrosine-protein kinase BTK
C=C[C@H]1OC(=O)N2C[C@H](c3nc(-c4ccc(C(=O)Nc5cc(C(F)(F)F)ccn5)cc4)c4c(N)nccn34)CC[C@@H]12,Tyrosine-protein kinase BTK
CCNC(=O)Nc1cc(-c2cccc(N3CCc4cc(N(C)C)ccc4C3=O)c2CO)cn(C)c1=O,Tyrosine-protein kinase BTK
C=CC(=O)NCC1CCNc2c(C(N)=O)c(-c3ccc(OCc4ccccc4)c(OC)c3)nn21,Tyrosine-protein kinase BTK
C=CC(=O)Nc1cccc(Nc2nc(Nc3ccc(NC(=O)CN(CCOC)CCOC)cc3)ncc2Cl)c1,Tyrosine-protein kinase BTK
C=CC(=O)Nc1cc(Nc2cc(-c3cccc(NC(=O)c4cccc(OC)c4)c3C)cn(C)c2=O)ccc1C(=O)N1CCOCC1,Tyrosine-protein kinase BTK
CN1CCN(c2ccc(Nc3cc(-c4cccc(N5CCc6cc(C(C)(C)C#N)cc(F)c6C5=O)c4CO)cn(C)c3=O)nc2)CC1,Tyrosine-protein kinase BTK
Nc1nccn2c([C@@H]3CC[C@H]4CCC(=O)N4C3)nc(-c3ccc(C(=O)Nc4cc(OC5CC5)ccn4)cc3)c12,Tyrosine-protein kinase BTK
Cc1c(NC(=O)c2ccc([Si](C)(C)C)cc2)cccc1-c1cn(C)c(=O)c(Nc2ccc(C(=O)N3CCOCC3)cc2)n1,Tyrosine-protein kinase BTK
Cc1ccc(NC(=O)c2ccc(Cl)c(C(F)(F)F)c2)cc1C(=O)Nc1cnc(Nc2cccc(N)c2)nc1,Tyrosine-protein kinase BTK
CN1CCC(c2ccc(-c3cc4c(-c5cccc(-n6ccc7cc(C8CC8)ccc7c6=O)c5CO)ncnc4[nH]3)cc2)CC1,Tyrosine-protein kinase BTK
CC(C)(O)c1ccc2c(c1)[nH]c1c(C(N)=O)ccc(-c3cccc(-n4cnc5ccccc5c4=O)c3)c12,Tyrosine-protein kinase BTK
Cn1cc(-c2cccc(-n3ncc4cc(C(C)(C)C)cc(F)c4c3=O)c2CO)cc1C(N)=O,Tyrosine-protein kinase BTK
CCNC(C)(C)/C=C(C#N)C(=O)N1CCC[C@@H]1Cn1nc(-c2ccc(Oc3ccccc3)cc2F)c2c(N)ncnc21,Tyrosine-protein kinase BTK
CN1CCN(C)C(c2ccc(Nc3nc(-c4ccc(F)c(NC(=O)c5cc6c(s5)CCCC6)c4)cn(C)c3=O)cc2)C1=O,Tyrosine-protein kinase BTK
CCn1cc2c(n1)CCC[C@H]2n1nc(-c2ccc(C(=O)Nc3cc(C(F)(F)F)ccn3)cc2)c2c(N)ncnc21,Tyrosine-protein kinase BTK
CC1(O)CN(C(=O)c2ccc(-c3cc4c(-c5cccc(N6CCOc7cc(C8CC8)cc(F)c7C6=O)c5CO)ccnc4[nH]3)nc2)C1,Tyrosine-protein kinase BTK
O=c1c2c(F)cc(C3CC3)cc2ccn1-c1cccc(-c2ccnc3[nH]ccc23)c1CO,Tyrosine-protein kinase BTK
Cn1cc(-c2cccc(N3CCn4c(cc5c4CCCC5)C3=O)c2CO)cc(Nc2ccncn2)c1=O,Tyrosine-protein kinase BTK
Nc1ncc(C2=CCNCC2)c2scc(-c3ccc(Oc4ccccc4)cc3)c12,Tyrosine-protein kinase BTK
C=CC(=O)N1CCC(C2CCNc3c(C(N)=O)c(-c4ccc(Oc5ccc(F)cc5F)cc4)nn32)CC1,Tyrosine-protein kinase BTK
CC(C)(C)c1cc(F)c2c(=O)n(-c3cccc(-n4cc(C(N)=O)c5ccccc54)c3CO)ncc2c1,Tyrosine-protein kinase BTK
CN(C)c1ccc2c(c1)CCN(c1cc(F)cc(-c3cc(Nc4ccc(N5CCOCC5)cn4)c(=O)n(C)c3)c1CO)C2=O,Tyrosine-protein kinase BTK
Cc1c(-c2ccc(Oc3ccccc3)cc2)c2c(N)ncnc2n1C[C@H]1CCCN1C(=O)/C(C#N)=C/C1CC1,Tyrosine-protein kinase BTK
CC#CC(=O)N1CC2(CC(n3nc(-c4ccc(Oc5ccccc5)cc4)c4c(N)ncnc43)C2)C1,Tyrosine-protein kinase BTK
CCN1CC(C(=O)N2CC=C(c3cc4c(-c5cccc(N6CCOc7cc(C8CC8)cc(F)c7C6=O)c5CO)ccnc4[nH]3)CC2)C1,Tyrosine-protein kinase BTK
NC(=O)c1c(-c2ccc(Oc3ccccc3)cc2)nn2c1NCCC2c1ccc(N)cc1,Tyrosine-protein kinase BTK
CC(C)/C=C(C#N)C(=O)N1CC(Cn2nc(-c3ccc(Oc4ccccc4)cc3F)c3c(N)ncnc32)C1,Tyrosine-protein kinase BTK
CC#CC(=O)N1CCC(C2CCNc3c(C(N)=O)c(-c4ccc(Oc5ccc(F)cc5)cc4)nn32)CC1,Tyrosine-protein kinase BTK
Nc1n[nH]c2nc(-c3cccs3)nc(-c3ccc(Oc4ccccc4)cc3)c12,Tyrosine-protein kinase BTK
C=CC(=O)N1CCc2[nH]c3c(C(N)=O)c(-c4ccc(Oc5ccccc5)cc4)nn3c2CC1,Tyrosine-protein kinase BTK
C[C@@H]1CC(=O)N2C[C@H](c3nc(-c4ccc(C(=O)Nc5cc(C(F)(F)F)ccn5)cc4)c4c(N)nccn34)CC[C@H]12,Tyrosine-protein kinase BTK
CC(C)(N)/C=C(C#N)C(=O)N1CCC[C@@H]1Cn1nc(-c2ccc(Oc3ccccc3)cc2F)c2c(N)ncnc21,Tyrosine-protein kinase BTK
O=C(N1CC=C(c2cc3c(-c4cccc(N5CCOc6cc(C7CC7)cc(F)c6C5=O)c4CO)ccnc3[nH]2)CC1)N1CCC1,Tyrosine-protein kinase BTK
CN1CCN(c2ccc(Nc3cc(-c4cc(F)cc(N5CCn6c(cc7c6CCCC7)C5=O)c4CO)cn(C)c3=O)nc2)CC1,Tyrosine-protein kinase BTK
Nc1cccc(-c2cc3c(-c4cccc(-n5ccc6cc(C7CC7)cc(F)c6c5=O)c4CO)ccnc3[nH]2)c1,Tyrosine-protein kinase BTK
Cc1c(NC(=O)c2ccc(C(C)(C)C)cc2)cccc1-c1nc(Nc2ccc(C(=O)N3CCN(C)CC3)cc2)c2ncn(C)c2n1,Tyrosine-protein kinase BTK
O=c1c2c(F)cc(C3CC3)cc2ccn1-c1cccc(-c2ncnc3[nH]c(-c4cc[nH]n4)cc23)c1CO,Tyrosine-protein kinase BTK
CC(C)N1CC(n2cnc(-c3cc4c(-c5cccc(N6CCOc7cc(C8CC8)ccc7C6=O)c5CO)ccnc4[nH]3)c2)C1,Tyrosine-protein kinase BTK
Cc1c(-c2ncnc3[nH]c(-c4cccc(CN5CCNCC5)c4)cc23)cccc1N1CCOc2cc(C3CC3)ccc2C1=O,Tyrosine-protein kinase BTK
C=CC(=O)Nc1cc(Nc2cc(-c3cccc(NC(=O)c4ccc(N5CCCC5)cc4)c3C)cn(C)c2=O)ccc1C(=O)N1CCOCC1,Tyrosine-protein kinase BTK
Cc1c(-c2ncnc3[nH]c(-c4cccc(CN5CCOCC5)c4)cc23)cccc1N1CCOc2cc(C3CC3)ccc2C1=O,Tyrosine-protein kinase BTK
CNc1nccn2c([C@@H]3CC[C@H]4CCC(=O)N4C3)nc(-c3ccc(C(=O)Nc4cc(C(F)(F)F)ccn4)cc3)c12,Tyrosine-protein kinase BTK
CN1CCC(c2ccc(Nc3cc(-c4cc(F)cc(N5CCc6c(sc7c6CC(C)(C)C7)C5=O)c4CO)cn(C)c3=O)nc2)CC1,Tyrosine-protein kinase BTK
C=CC(=O)N1CCCc2[nH]c3c(C(N)=O)c(-c4ccc(Oc5ccccc5)cc4)nn3c2C1,Tyrosine-protein kinase BTK
Cc1c(NC(=O)c2cc3c(s2)CCCC3)cccc1-c1cn(C)c(=O)c(Nc2ccn3ccnc3c2)n1,Tyrosine-protein kinase BTK
Cn1ncc2c1CCC[C@]2(O)c1nc(-c2ccc(C(=O)Nc3cc(C(F)(F)F)ccn3)cc2)c2c(N)nccn12,Tyrosine-protein kinase BTK
C=CC(=O)N1CC(C2CCNc3c(C(N)=O)c(-c4ccc(Oc5ccccc5)c(Cl)c4)nn32)C1,Tyrosine-protein kinase BTK
NC(=O)c1c(-c2ccc(Oc3ccccc3)cc2)nn2c(C3CCNCC3)cc(=O)[nH]c12,Tyrosine-protein kinase BTK
CC(=O)N1CCN(c2ccc(Nc3cc(-c4ccnc(N5CCn6c(cc7c6CC(C)(C)C7)C5=O)c4CO)cn(C)c3=O)nc2)CC1,Tyrosine-protein kinase BTK
COc1ccc(-c2ccc(C(N)=O)c3[nH]c4cc(C(=O)N5CCN(C)CC5)ccc4c23)cc1,Tyrosine-protein kinase BTK
Cc1c(-c2ncnc3[nH]c(-c4ccc(C5CCN(CCO)CC5)cc4)cc23)cccc1-n1ccc2cc(C3CC3)ccc2c1=O,Tyrosine-protein kinase BTK
C[C@H]1CC(=O)N2C[C@H](c3nc(-c4ccc(C(=O)Nc5cc(C(F)(F)F)ccn5)cc4)c4c(N)nccn34)CC[C@@H]12,Tyrosine-protein kinase BTK
Cc1c(NC(=O)c2ccc(C(C)(C)C)cc2)cccc1-c1cc(Nc2ccc(C(=O)N3CCOCC3)c(NC(=O)CCl)c2)c(=O)n(C)c1,Tyrosine-protein kinase BTK
CN(C)C(=O)N1CC=C(c2cc3c(-c4cccc(NC(=O)c5ccc(C(C)(C)O)cc5F)c4CO)ncnc3[nH]2)CC1,Tyrosine-protein kinase BTK
C=CC(=O)N[C@H]1CCCN(c2cccc(Nc3cc(-c4cc(F)cc(-n5ncc6c7c(sc6c5=O)CCCC7)c4CO)cn(C)c3=O)n2)C1,Tyrosine-protein kinase BTK
C=CC(=O)Nc1ccccc1C1CCNc2c(C(N)=O)c(-c3ccc(F)c(Br)c3)nn21,Tyrosine-protein kinase BTK
COc1cc(C(=O)Nc2ccc(C)cn2)ccc1-c1nc([C@@H]2CC[C@H]3CCC(=O)N3C2)n2c(Cl)cnc(N)c12,Tyrosine-protein kinase BTK
[C-]#[N+]/C(=CC(C)(C)N)C(=O)N1CCC[C@@H]1Cn1nc(-c2ccc(Oc3cccc(F)c3)cc2F)c2c(N)ncnc21,Tyrosine-protein kinase BTK
NC(=O)c1c(-c2ccc(OC3CCCC3)cc2)nn2c1NCCC2c1ccccc1N,Tyrosine-protein kinase BTK
O=C1c2c(F)cc(C3CC3)cc2OCCN1c1cc(F)cc(-c2ccnc3[nH]c(-c4ccc(CN5CCN(CC(F)(F)F)CC5)cn4)cc23)c1CO,Tyrosine-protein kinase BTK
[H]/C(=C(/C#N)C(=O)N1CCC[C@]([H])(n2nc(-c3ccc(Oc4ccccc4)cc3F)c3c(N)ncnc32)C1)C(C)(C)N1CCN=C(O)C1,Tyrosine-protein kinase BTK
CC(C)(C)c1cc(F)c2c(=O)n(-c3cccc(-n4cc(C(N)=O)c(Nc5ccc(Cl)cn5)n4)c3CO)ncc2c1,Tyrosine-protein kinase BTK
CCCCc1cnc(N)c2c(-c3ccc(Oc4ccccc4)cc3)csc12,Tyrosine-protein kinase BTK
C=CC(=O)Nc1cccc(Nc2nc(Nc3ccc(NS(=O)(=O)c4ccc(C)cc4)cc3)ncc2Cl)c1,Tyrosine-protein kinase BTK
Cc1c(NC(=O)c2ccc(C(C)(C)C)cc2)cccc1-c1cn(C)c(=O)c(Nc2ccc(C(=O)NCCCNC(=S)Nc3ccc(-c4c5ccc(=O)cc-5oc5cc(O)ccc45)c(C(=O)O)c3)cc2)n1,Tyrosine-protein kinase BTK
NCC1CCNc2c(C(N)=O)c(-c3ccc(OCc4ccccc4)cc3)nn21,Tyrosine-protein kinase BTK
CN(C)c1ccc2c(=O)n(-c3cccc(-c4cc(Nc5ccc(C(=O)N6CCOCC6)cn5)c(=O)n(C)c4)c3CO)ccc2c1,Tyrosine-protein kinase BTK
C=CC(=O)Nc1ccccc1C1CCNc2c(C(N)=O)c(-c3ccc(Cl)c(F)c3)nn21,Tyrosine-protein kinase BTK
CN1CCN(C)[C@@H](c2ccc(Nc3nc(-c4ccc(F)c(N5Cc6cc(C(C)(C)C)sc6C5=O)c4)cn(C)c3=O)cc2)C1=O,Tyrosine-protein kinase BTK
CN1CCN(C(=O)c2ccc3c(c2)[nH]c2c(C(N)=O)ccc(-c4ccc(Oc5ccccc5)cc4)c23)CC1,Tyrosine-protein kinase BTK
NC(=O)c1c(-c2ccc(Oc3ccccc3)cc2)nn2c1NCC21CNC1,Tyrosine-protein kinase BTK
Cn1cc(-c2cccc(N3CCc4c(sc5c4CCCC5)C3=O)c2CO)cc(Nc2ccncn2)c1=O,Tyrosine-protein kinase BTK
CN(C)C(=O)N1CC=C(c2cc3c(-c4ccc(F)c(NC(=O)c5ccc(C(C)(C)CO)cc5)c4)ncnc3[nH]2)CC1,Tyrosine-protein kinase BTK
CN1CC(N2CC=C(c3cc4c(-c5cccc(N6CCOc7cc(C8CC8)cc(F)c7C6=O)c5CO)ccnc4[nH]3)CC2)C1,Tyrosine-protein kinase BTK
CC(=O)Nc1nccn2c([C@@H]3CC[C@H]4CCC(=O)N4C3)nc(-c3ccc(C(=O)Nc4cc(C(F)(F)F)ccn4)cc3O)c12,Tyrosine-protein kinase BTK
CC(=O)Nc1ccc(-c2ccc(C(N)=O)c3[nH]c4ccc(C(=O)N5CCN(C)CC5)cc4c23)cc1,Tyrosine-protein kinase BTK
Cc1c(NC(=O)c2ccc(N3CCCCC3)cc2)cc(F)cc1-c1ncnc2[nH]c(C3=CCN(C(=O)N(C)C)CC3)cc12,Tyrosine-protein kinase BTK
CC(C)/C=C(C#N)C(=O)N1CCC1Cn1nc(-c2ccc(Oc3ccccc3)cc2F)c2c(N)ncnc21,Tyrosine-protein kinase BTK
CN1CCN(C(=O)c2ccc3c(c2)[nH]c2c(C(N)=O)ccc(-c4c(F)cccc4F)c23)CC1,Tyrosine-protein kinase BTK
CN(C)C(=O)c1ccc(-c2cc3c(-c4cccc(-n5ccc6cc(C7CC7)cc(F)c6c5=O)c4CO)ccnc3[nH]2)cc1,Tyrosine-protein kinase BTK
CC(=O)N1CCN(C(C)(C)/C=C(C#N)C(=O)N2CCC[C@@H](n3nc(-c4ccc(Oc5ccccc5)cc4F)c4c(N)ncnc43)C2)CC1,Tyrosine-protein kinase BTK
C=CC(=O)N1CC[C@H]2[C@@H](CNc3c(C(N)=O)c(-c4ccc(Oc5ccccc5)cc4)nn32)C1,Tyrosine-protein kinase BTK
C=CC(=O)Nc1cc(Cl)ccc1C1CCNc2c(C(N)=O)c(-c3ccc(OCC4CC4)cc3)nn21,Tyrosine-protein kinase BTK
Nc1ncc(F)n2c([C@@H]3CC[C@H]4CCC(=O)N4C3)nc(-c3ccc(C(=O)Nc4cc(C(F)(F)F)ccn4)cc3O)c12,Tyrosine-protein kinase BTK
CC(F)(F)Oc1cc(C(=O)Nc2cc(C(F)(F)F)ccn2)ccc1-c1nc([C@@H]2CC[C@H]3CCC(=O)N3C2)n2c(Cl)cnc(N)c12,Tyrosine-protein kinase BTK
O=C(c1ccc(-c2cc3c(-c4cccc(-n5ccc6cc(C7CC7)cc(F)c6c5=O)c4CO)ncnc3[nH]2)cc1)N1CCOCC1,Tyrosine-protein kinase BTK
O=C(CN1CC=C(c2cc3c(-c4cccc(N5CCOc6cc(C7CC7)cc(F)c6C5=O)c4CO)ccnc3[nH]2)CC1)N1CCC1,Tyrosine-protein kinase BTK
CC#CC(=O)N1CC2(CC(n3nc(-c4ccc(Oc5ccccc5)cn4)c4c(N)ncnc43)C2)C1,Tyrosine-protein kinase BTK
CC(=O)Oc1cc(C(=O)Nc2cc(C(F)(F)F)ccn2)ccc1-c1nc([C@@H]2CC[C@H]3CCC(=O)N3C2)n2ccnc(N)c12,Tyrosine-protein kinase BTK
CN1CCN(c2ccc(Nc3cc(-c4cc(F)cc(N5CCc6c(sc7c6CCCC7)C5=O)c4CO)cn(C)c3=O)nc2)CC1,Tyrosine-protein kinase BTK
Nc1nccn2c([C@H]3CN4C(=O)OC[C@H]4CO3)nc(-c3ccc(C(=O)Nc4cc(C(F)(F)F)ccn4)cc3)c12,Tyrosine-protein kinase BTK
C=CC(=O)Nc1cc(Nc2cc(-c3cccc(NC(=O)c4ccc(C)cc4)c3C)cn(C)c2=O)ccc1C(=O)N1CCOCC1,Tyrosine-protein kinase BTK
CC(C)(C)c1cc(F)c2c(=O)n(Cc3c(F)cc(-c4cc[nH]c(=O)c4)cc3F)ncc2c1,Tyrosine-protein kinase BTK
C=CC(=O)Nc1ccccc1C1CCNc2c(C(N)=O)c(-c3ccc(F)c(Cl)c3)nn21,Tyrosine-protein kinase BTK
Cc1c(NC(=O)N2CC(OC(C)(C)C)C2)cc(F)cc1-c1ncnc2[nH]c(C3=CCN(C(=O)N(C)C)CC3)cc12,Tyrosine-protein kinase BTK
CC(C)/C=C(C#N)C(=O)N1CCCC1Cn1nc(-c2ccc(Oc3cccc(F)c3)cc2F)c2c(N)ncnc21,Tyrosine-protein kinase BTK
CN(C)C(=O)c1cc2c(-c3cccc(-n4ccc5cc(C6CC6)cc(F)c5c4=O)c3CO)ncnc2[nH]1,Tyrosine-protein kinase BTK
Nc1nccn2c([C@@H]3CC[C@H]4CCC(=O)N4C3)nc(-c3ccc(C(=O)Nc4cc(C(F)(F)F)ccn4)c(Cl)c3)c12,Tyrosine-protein kinase BTK
Cn1cc(-c2cc(F)cc(N3CCc4c(sc5c4CCCC5)C3=O)c2CO)cc(Nc2ccc(C3CCN(C4COC4)CC3)cn2)c1=O,Tyrosine-protein kinase BTK
Nc1n[nH]c2cc(-c3ccc(C(=O)O)c(F)c3)nc(-c3ccc(Oc4ccccc4)cc3)c12,Tyrosine-protein kinase BTK
Cc1c(NC(=O)c2ccc(C(C)(C)C)cc2)cccc1-c1nc(Nc2ccc(C(=O)N3CCNCC3)cc2)c2ncn(C)c2n1,Tyrosine-protein kinase BTK
Cc1c(-c2cn(C)c(=O)c(Nc3ccc(C(=O)N4CCOCC4)cc3)n2)cccc1N1Cc2cc(C(C)(C)C)ccc2C1=O,Tyrosine-protein kinase BTK
Nc1n[nH]c2c(-c3cccc(OC(F)(F)F)c3)ncc(-c3ccc(Oc4ccccc4)cc3)c12,Tyrosine-protein kinase BTK
Cc1c(NC(=O)c2ccc(C(C)(C)O)cc2)cccc1-c1cn(C)c(=O)c(Nc2ccc(C(=O)N3CCOCC3)cc2)n1,Tyrosine-protein kinase BTK
C#CCCOc1cc(C(=O)Nc2cc(C(F)(F)F)ccn2)ccc1-c1nc([C@@H]2CC[C@H]3CCC(=O)N3C2)n2ccnc(N)c12,Tyrosine-protein kinase BTK
Cn1ccc(Nc2nn(-c3cccc(-n4ncc5cc(C(C)(C)C)cc(F)c5c4=O)c3CO)cc2C(N)=O)n1,Tyrosine-protein kinase BTK
N#C/C(=CC1CCCN1)C(=O)N1CCC[C@H]1Cn1nc(-c2ccc(Oc3ccccc3)cc2F)c2c(N)ncnc21,Tyrosine-protein kinase BTK
COc1ccccc1-c1ccc(C(N)=O)c2[nH]c3cc(C(=O)N4CCN(C)CC4)ccc3c12,Tyrosine-protein kinase BTK
Cn1cc(-c2cccc(N3CCn4c(cc5c4CCCC5)C3=O)c2CO)cc(Nc2ccc(N3CCNCC3)cn2)c1=O,Tyrosine-protein kinase BTK
Nc1nccn2c([C@@H]3CC[C@@H]4CC(O)C(=O)N4C3)nc(-c3ccc(C(=O)Nc4cc(C(F)(F)F)ccn4)cc3)c12,Tyrosine-protein kinase BTK
CC(C)(C)c1cc(F)c2c(=O)n(-c3cccc(-n4cc(C(N)=O)c(Nc5ccccn5)n4)c3CO)ncc2c1,Tyrosine-protein kinase BTK
NC(=O)c1nc(N2CCC[C@@H](NC(=O)Cc3ccccc3)C2)sc1Nc1ccccn1,Tyrosine-protein kinase BTK
CN(C)CCN(C)c1ccc(Nc2cc(-c3cc(F)cc(N4CCc5c(sc6c5CCCC6)C4=O)c3CO)cn(C)c2=O)nc1,Tyrosine-protein kinase BTK
Nc1n[nH]c2cc(-c3ccc(C(=O)O)cc3)nc(-c3ccc(Oc4ccccc4)cc3)c12,Tyrosine-protein kinase BTK
CN1CC[C@H]2CC[C@@H](c3nc(-c4ccc(C(=O)Nc5cc(C(F)(F)F)ccn5)cc4)c4c(N)nccn34)CN2C1=O,Tyrosine-protein kinase BTK
Cc1c(NC(=O)c2ccc(C3(C(F)(F)F)CC3)cc2)cc(F)cc1-c1ncnc2[nH]c(C3=CCN(C(=O)N(C)C)CC3)cc12,Tyrosine-protein kinase BTK
CC(C)(C)c1ccc(C(=O)Nc2cccc(-c3ncnc4[nH]c(C5=CCOCC5)cc34)c2CO)cc1,Tyrosine-protein kinase BTK
CN1CCN(Cc2ccc(-c3cc4c(-c5cccc(-n6ccc7cc(C8CC8)ccc7c6=O)c5CO)ncnc4[nH]3)cc2)CC1,Tyrosine-protein kinase BTK
CCC(=O)Nc1cccc(C2CCNc3c(C(N)=O)c(-c4ccc(Oc5ccccc5)cc4)nn32)c1,Tyrosine-protein kinase BTK
CN1CCN(C(=O)c2ccc3c(c2)[nH]c2c(C(N)=O)ccc(-c4cccc(Cl)c4Cl)c23)CC1,Tyrosine-protein kinase BTK
C=CC(=O)Nc1ccccc1C1CCNc2c(C(N)=O)c(-c3ccc(OCCOC)cc3)nn21,Tyrosine-protein kinase BTK
CC(O)C(=O)N1CC=C(c2cc3c(-c4cccc(N5CCOc6cc(C7CC7)cc(F)c6C5=O)c4CO)ccnc3[nH]2)CC1,Tyrosine-protein kinase BTK
C=CC(=O)Nc1cccc(-n2c(=O)n(CC3CC3)c3cnc(Nc4ccc(OC)nc4)nc32)c1,Tyrosine-protein kinase BTK
NC(=O)c1c(-c2ccc(Oc3ccccc3)cc2)nn2c1NCCC21CCNCC1,Tyrosine-protein kinase BTK
Nc1nccn2c([C@H]3CC[C@@H]4CCC(=O)N4C3)nc(-c3ccc(C(=O)Nc4ccccn4)cc3)c12,Tyrosine-protein kinase BTK
CC#CC(=O)N1CC(C2CCNc3c(C(N)=O)c(-c4ccc(Oc5ccccc5)cc4)nn32)C1,Tyrosine-protein kinase BTK
NC(=O)c1c(-c2ccc(Oc3ccccc3)cc2)nn2c(-c3cccc(N)c3)c[nH]c12,Tyrosine-protein kinase BTK
CN1CCN(c2ccc(Nc3cc(-c4cccc(N5CCn6c(cc7c6CCCC7)C5=O)c4CO)cn(C)c3=O)nc2)CC1,Tyrosine-protein kinase BTK
CN1CCN(c2ccc(C(=O)Nc3cc(-c4cccc(-n5ccc6cc(C7CC7)cc(F)c6c5=O)c4CO)cn(C)c3=O)cc2)CC1,Tyrosine-protein kinase BTK
Cc1c(NC(=O)c2cc3c(s2)CCCC3)cccc1-c1cn(C)c(=O)c(Nc2ccccc2)n1,Tyrosine-protein kinase BTK
N#C/C(=CC1CC1)C(=O)N1CCC[C@@H](n2nc(-c3ccc(Oc4c(F)cccc4F)cc3)c3c(N)ncnc32)C1,Tyrosine-protein kinase BTK
Cc1cnc(NC(=O)c2ccc(-c3nc([C@@H]4CC[C@H]5CCC(=O)N5C4)n4c(Cl)cnc(N)c34)c(Cl)c2)s1,Tyrosine-protein kinase BTK
Cc1c(NC(=O)c2ccc(C(C)(C)C)nc2)cccc1-c1cn(C)c(=O)c(Nc2ccc(C(=O)N3CCOCC3)cc2)n1,Tyrosine-protein kinase BTK
CN1CCn2nc(Nc3cc(-c4cccc(N5Cc6cc(C(C)(C)C)sc6C5=O)c4CO)n[nH]c3=O)cc2C1,Tyrosine-protein kinase BTK
NC(=O)c1c(-c2ccc(Oc3ccccc3)cc2)nn2c1NCC[C@H]2c1cccc(N)c1,Tyrosine-protein kinase BTK
C=CC(=O)Nc1ccccc1C1CCNc2c(C(N)=O)c(-c3ccc(C)cc3)nn21,Tyrosine-protein kinase BTK
C=CC(=O)N1CC(C2CCNc3c(C(N)=O)c(-c4ccc(OCc5ccccc5)cc4)nn32)C1,Tyrosine-protein kinase BTK
Cc1c(-c2ncnc3[nH]c(-c4ccc(C(=O)N5CCOCC5)cc4)cc23)cccc1N1CCc2cc(C3CC3)ccc2C1=O,Tyrosine-protein kinase BTK
CN1CCN(c2ccc(-c3cc4c(-c5cccc(N6CCOc7cc(C8CC8)ccc7C6=O)c5CO)ncnc4[nH]3)cc2)CC1,Tyrosine-protein kinase BTK
CC(C)/C=C(C#N)C(=O)N1CCC[C@H]1Cn1nc(-c2ccc(Oc3ccccc3)cc2F)c2c(N)ncnc21,Tyrosine-protein kinase BTK
Cc1c(NC(=O)c2ccc(C(C)(C)C)s2)cccc1-c1cn(C)c(=O)c(Nc2ccc(C(=O)N3CCOCC3)cc2)n1,Tyrosine-protein kinase BTK
CN(C)CCOc1ccc(Nc2cc(-c3cc(F)cc(N4CCc5c(sc6c5CC(C)(C)C6)C4=O)c3CO)cn(C)c2=O)nc1,Tyrosine-protein kinase BTK
NC(=O)c1c(-c2ccc(OCc3ccccc3)cc2)nn2c1NCCC2c1ccccc1N,Tyrosine-protein kinase BTK
NC(=O)c1c(-c2ccc(Oc3ccccc3)cc2)nn2c1[nH]c(=O)c1ccc(N)cc12,Tyrosine-protein kinase BTK
Cc1cc(C(F)(F)F)cc(NC(=O)c2ccc(-c3nc([C@@H]4CC[C@H]5CCC(=O)N5C4)n4ccnc(N)c34)cc2)n1,Tyrosine-protein kinase BTK
Nc1nccn2c([C@@H]3CC[C@H]4CCC(=O)N4C3)nc(-c3ccc(C(=O)Nc4cc(C(F)(F)F)ccn4)c(F)c3)c12,Tyrosine-protein kinase BTK
C=CC(=O)Nc1cccc(-c2ccnc3c(C(N)=O)c(-c4ccc(Oc5ccccc5)cc4)nn23)c1,Tyrosine-protein kinase BTK
Nc1nccn2c([C@@H]3CC[C@H]4CCC(=O)N4C3)nc(-c3ccc(C(=O)Nc4cc(C(F)(F)F)ccn4)cc3Cl)c12,Tyrosine-protein kinase BTK
COc1cc(C(=O)Nc2cc(C(F)(F)F)ccn2)ccc1-c1nc([C@H]2CC[C@@H]3CC(C)(C)C(=O)N3C2)n2ccnc(N)c12,Tyrosine-protein kinase BTK
CC(C)[C@H]1CC[C@@H](c2nc(-c3ccc(C(=O)Nc4cc(C(F)(F)F)ccn4)cc3)c3c(N)nccn23)C[C@H]1C(=O)O,Tyrosine-protein kinase BTK
C=CC(=O)N1CCc2c([nH]c3c(C(N)=O)c(-c4ccc(Oc5ccccc5)cc4)nn23)C1,Tyrosine-protein kinase BTK
Cc1c(-c2ncnc3[nH]c(-c4ccc(C(=O)N5CC(O)C5)cc4)cc23)cccc1N1CCOc2cc(C3CC3)ccc2C1=O,Tyrosine-protein kinase BTK
CCNC(C)(C)/C=C(C#N)C(=O)N1CCC[C@H]1Cn1nc(-c2ccc(Oc3ccccc3)cc2F)c2c(N)ncnc21,Tyrosine-protein kinase BTK
CCOc1cc(C(=O)Nc2cc(C(F)(F)F)ccn2)ccc1-c1nc([C@@H]2CC[C@H]3CC(C)(C)C(=O)N3C2)n2ccnc(N)c12,Tyrosine-protein kinase BTK
N#C/C(=CC1CC1)C(=O)N1CCC[C@@H]1Cn1nc(-c2ccc(Oc3c(F)cccc3F)cc2)c2c(N)ncnc21,Tyrosine-protein kinase BTK
CN1CCN(Cc2ccc(-c3cc4c(-c5cccc(N6CCOc7cc(C8CC8)cc(F)c7C6=O)c5CO)ccnc4[nH]3)nc2)CC1=O,Tyrosine-protein kinase BTK
CCn1ncc2c1CCC[C@@H]2n1nc(-c2ccc(C(=O)Nc3cc(C(F)(F)F)ccn3)cc2)c2c(N)ncnc21,Tyrosine-protein kinase BTK
CCOc1cc(C(=O)Nc2cc(C(F)(F)F)ccn2)c(F)cc1-c1nc([C@@H]2CC[C@H]3CCC(=O)N3C2)n2ccnc(N)c12,Tyrosine-protein kinase BTK
C=CC(=O)Nc1cccc(-n2c(=O)n(CCOC)c3cnc(Nc4ccc(OC)nc4)nc32)c1,Tyrosine-protein kinase BTK
C=CC(=O)Nc1ccccc1C1CCNc2c(C(N)=O)c(-c3ccc(OC)c(OC)c3)nn21,Tyrosine-protein kinase BTK
N#CN1CCC([C@@H]2CCNc3c(C(N)=O)c(-c4ccc(Oc5ccccc5)cc4)nn32)CC1,Tyrosine-protein kinase BTK
Cc1c(NC(=O)C2CCC(C(C)(C)C)CC2)cccc1-c1nc(Nc2ccc(C(=O)N3CCOCC3)cc2)c2nc[nH]c2n1,Tyrosine-protein kinase BTK
CNC(=O)Nc1cc(-c2cccc(-n3cnc4cc(C(C)(C)C)ccc4c3=O)c2C)cn(C)c1=O,Tyrosine-protein kinase BTK
CN1CCN(Cc2ccc(-c3cc4c(-c5cccc(N6CCOc7cc(C8CC8)cnc7C6=O)c5CO)ccnc4[nH]3)nc2)CC1,Tyrosine-protein kinase BTK
CN1CCC(n2cc(-c3cc4c(-c5cccc(-n6ncc7cc(C8CC8)ccc7c6=O)c5CO)ncnc4[nH]3)cn2)CC1,Tyrosine-protein kinase BTK
CN(C)c1cc(F)c2c(=O)n(-c3cccc(-c4cc(Nc5ccc(C(=O)N6CCOCC6)cn5)c(=O)n(C)c4)c3CO)ccc2c1,Tyrosine-protein kinase BTK
[H]/C(=C(/C#N)C(=O)N1CCC[C@]([H])(n2nc(-c3ccc(Oc4ccccc4)cc3F)c3c(N)ncnc32)C1)C(C)(C)N1CC2(COC2)C1,Tyrosine-protein kinase BTK
C=CC(=O)Nc1ccccc1[C@@H]1CCNc2c(C(N)=O)c(-c3ccc(C)c(OC)c3)nn21,Tyrosine-protein kinase BTK
N#C/C(=CC1CC1)C(=O)N1CCC[C@@H](n2nc(-c3ccc(Oc4cccc(F)c4F)cc3)c3c(N)ncnc32)C1,Tyrosine-protein kinase BTK
Cc1ccc(NC(=O)C2CC2)cc1C(=O)Nc1cnc(Nc2cccc(N)c2)nc1,Tyrosine-protein kinase BTK
N#C/C(=CC1(N)CC1)C(=O)N1CCC[C@H]1Cn1nc(-c2ccc(Oc3ccccc3)cc2F)c2c(N)ncnc21,Tyrosine-protein kinase BTK
Cc1ccc(NC(=O)c2ccc(C(F)(F)F)cc2)cc1C(=O)Nc1cnc(Nc2cccc(N)c2)nc1,Tyrosine-protein kinase BTK
C=CC(=O)N1CCN(c2ncnc(NC)c2C(=O)c2ccc(Oc3ccccc3)cc2)CC1,Tyrosine-protein kinase BTK
Cc1c(NC(=O)c2ccc(C(C)(C)C)cc2)cccc1-c1cc(Nc2ccc(C(=O)N3CCOCC3)cc2)c2nccn2n1,Tyrosine-protein kinase BTK
C[C@H]1CN(C2COC2)[C@H](C)CN1c1ccc(Nc2cc(-c3ccnc(N4CCn5c(cc6c5CC(C)(C)C6)C4=O)c3CO)cn(C)c2=O)nc1,Tyrosine-protein kinase BTK
COc1ccc2cc(-c3cnc(N)c4c(-c5ccc(Oc6ccccc6)cc5)csc34)ccc2c1,Tyrosine-protein kinase BTK
Nc1nccn2c([C@@H]3CCC[C@H](c4nnc[nH]4)C3)nc(-c3ccc(C(=O)Nc4cc(C(F)(F)F)ccn4)cc3)c12,Tyrosine-protein kinase BTK
Nc1nccn2c([C@@H]3CC[C@H]4CCC(=O)N4C3)nc(-c3ccc(C(=O)Nc4cc(C(F)(F)F)n(C5CCCC5)n4)cc3)c12,Tyrosine-protein kinase BTK
CS(=O)(=O)N1CCN(Cc2ccc(-c3cc4c(-c5cccc(N6CCOc7cc(C8CC8)ccc7C6=O)c5CO)ccnc4[nH]3)nc2)CC1,Tyrosine-protein kinase BTK
Cc1c(-c2cc(Nc3cc4n(n3)CCN(C)C4)c(=O)[nH]n2)cccc1N1CCn2c(cc3ccccc32)C1=O,Tyrosine-protein kinase BTK
[C-]#[N+]/C(=CC(C)(C)N1CCNCC1)C(=O)N1CCC[C@@H](n2nc(-c3ccc(Oc4ccccc4)cc3F)c3c(N)ncnc32)C1,Tyrosine-protein kinase BTK
CN(C)CCC(=O)N1CCc2[nH]c3c(C(N)=O)c(-c4ccc(Oc5ccccc5)cc4)nn3c2C1,Tyrosine-protein kinase BTK
CNC(=O)c1ccc(-c2ccc(C(N)=O)c3[nH]c4cc(C(=O)N5CCN(C)CC5)ccc4c23)cc1,Tyrosine-protein kinase BTK
Nc1ncc(F)n2c([C@@H]3CC[C@H]4CCC(=O)N4C3)nc(-c3ccc(C(=O)Nc4cc(C5CC5)ccn4)cc3F)c12,Tyrosine-protein kinase BTK
Cc1c(-c2cc(Nc3cc(C)n(C)n3)c(=O)[nH]n2)cccc1N1Cc2cc(C(C)(C)C)sc2C1=O,Tyrosine-protein kinase BTK
Nc1nccn2c([C@@H]3CCC[C@H](c4n[nH]c(=O)o4)C3)nc(-c3ccc(C(=O)Nc4cc(C(F)(F)F)ccn4)cc3)c12,Tyrosine-protein kinase BTK
NC(=O)c1nc(N2CCC[C@@H](NC(=O)N3Cc4ccccc4C3)C2)sc1Nc1ccccn1,Tyrosine-protein kinase BTK
Cn1cc(-c2cccc(-n3ncc4cc(C(C)(C)C)cc(CO)c4c3=O)c2CO)cc1C(N)=O,Tyrosine-protein kinase BTK
Cc1cc(Nc2cc(-c3ccc(F)c(N4Cc5cc(C(C)(C)C)sc5C4=O)n3)n[nH]c2=O)nn1C,Tyrosine-protein kinase BTK
Nc1nccn2c([C@@H]3CCC[C@H](c4nn[nH]n4)C3)nc(-c3ccc(C(=O)Nc4cc(C(F)(F)F)ccn4)cc3)c12,Tyrosine-protein kinase BTK
Cc1c(NC(=O)c2ccc(C(C)(C)C)cc2)cccc1-c1cc(Nc2ccc(C(=O)N3CCOCC3)cc2)c(=O)n(C)c1,Tyrosine-protein kinase BTK
C=CC(=O)Nc1ccccc1C1CCNc2c(C(N)=O)c(-c3ccc(C(F)(F)F)c(Cl)c3)nn21,Tyrosine-protein kinase BTK
Nc1nccn2c([C@@H]3CC[C@H]4CCC(=O)N4C3)nc(-c3ccc(C(=O)Nc4cc(C(F)(F)F)ccn4)cc3)c12,Tyrosine-protein kinase BTK
CC(C)(/C=C(C#N)C(=O)N1CCC[C@H]1Cn1nc(-c2ccc(Oc3ccccc3)cc2F)c2c(N)ncnc21)N1CCOCC1,Tyrosine-protein kinase BTK
COc1cc(C(=O)Nc2cc(C(F)(F)F)ccn2)c(Cl)cc1-c1nc([C@@H]2CC[C@H]3CCC(=O)N3C2)n2c(Cl)cnc(N)c12,Tyrosine-protein kinase BTK
CN1CCC(c2ccc(Nc3nc(-c4cc(F)cc(N5CCc6c(sc7c6CCCC7)C5=O)c4CO)cn(C)c3=O)cc2)CC1,Tyrosine-protein kinase BTK
Nc1ncc(C2CC2)c2scc(-c3ccc(Oc4ccccc4)cc3)c12,Tyrosine-protein kinase BTK
CN(C)C(=O)N1CC=C(c2cc3c(-c4cccc(-n5ccc6cc(C7CC7)cc(F)c6c5=O)c4CO)ccnc3[nH]2)CC1,Tyrosine-protein kinase BTK
Cn1cc(-c2cc(F)cc(N3CCn4c(cc5c4CC(C)(C)C5)C3=O)c2CO)cc(Nc2ccc3c(n2)CCN(C2COC2)C3)c1=O,Tyrosine-protein kinase BTK
NC(=O)c1c(-c2ccc(Oc3ccccc3)cc2)nn2c3c([nH]c12)CCNC3,Tyrosine-protein kinase BTK
COCCOc1ccc(Nc2ncc(F)c(Nc3cccc(NC(=O)C4CO4)c3)n2)cc1,Tyrosine-protein kinase BTK
Cc1ccc(NC(=O)Nc2cccc(C(F)(F)F)c2)cc1C(=O)Nc1cnc(Nc2cccc(N)c2)nc1,Tyrosine-protein kinase BTK
NC(=O)c1c(-c2ccc(Oc3ccccc3)cc2)nn2c1NC(=O)Cc1cc([N+](=O)[O-])ccc1-2,Tyrosine-protein kinase BTK
Cc1c(NC(=O)c2cc3c(s2)CCCC3)cccc1-c1cc(Nc2ccncn2)c(=O)n(C)c1,Tyrosine-protein kinase BTK
CC(=O)c1ccc(-c2cc3c(-c4cccc(-n5ccc6cc(C7CC7)cc(F)c6c5=O)c4CO)ncnc3[nH]2)cc1,Tyrosine-protein kinase BTK
CC(F)(F)c1ccnc(NC(=O)c2ccc(-c3nc([C@@H]4CC[C@H]5CCC(=O)N5C4)n4ccnc(N)c34)c(F)c2)c1,Tyrosine-protein kinase BTK
CN1CCC(Oc2ccc(-c3cc4c(-c5cccc(N6CCOc7cc(C8CC8)ccc7C6=O)c5CO)ncnc4[nH]3)cc2)CC1,Tyrosine-protein kinase BTK
O=c1c2c(F)cc(C3CC3)cc2ccn1-c1cccc(-c2ncnc3[nH]c(-c4ccc(CN5CCOCC5)cc4)cc23)c1CO,Tyrosine-protein kinase BTK
Cn1nc(NC(=O)c2cc(Cl)c(-c3nc([C@@H]4CC[C@H]5CCC(=O)N5C4)n4c(Cl)cnc(N)c34)cc2F)cc1C(F)(F)F,Tyrosine-protein kinase BTK
Cc1c(-c2ncnc3[nH]c(-c4ccc(C(=O)N5CCC(O)CC5)cc4)cc23)cccc1-n1ncc2cc(C3CC3)ccc2c1=O,Tyrosine-protein kinase BTK
[H]/C(=C(/C#N)C(=O)N1CCC[C@]([H])(n2nc(-c3ccc(Oc4ccccc4)cc3F)c3c(N)ncnc32)C1)C(C)(C)N1CCN(CC)CC1,Tyrosine-protein kinase BTK
O=C(NCc1cccc(Cl)c1)C1CCCC(Nc2ncnc3[nH]cnc23)C1,Tyrosine-protein kinase BTK
Cn1nc(NC(=O)c2ccc(-c3nc([C@@H]4CC[C@H]5CCC(=O)N5C4)n4c(Cl)cnc(N)c34)c(OC3CC3)c2)cc1C(F)(F)F,Tyrosine-protein kinase BTK
C=CC(=O)N1CCC(c2cn3nc(-c4ccc(Oc5ccccc5)cc4)c(C(N)=O)c3[nH]2)C1,Tyrosine-protein kinase BTK
C=CC(=O)N(C)CC1CCNc2c(C(N)=O)c(-c3ccc(Oc4ccccc4)cc3)nn21,Tyrosine-protein kinase BTK
Nc1ncc(-c2cnn(CC(=O)N3CCCCC3)c2)c2scc(-c3ccc(Oc4ccccc4)cc3)c12,Tyrosine-protein kinase BTK
CC(=O)N1CC=C(c2cc3c(-c4cccc(-n5ccc6cc(C7CC7)cc(F)c6c5=O)c4CO)ccnc3[nH]2)CC1,Tyrosine-protein kinase BTK
CN1CCN(C(C)(C)/C=C(C#N)C(=O)N2CCC[C@@H](n3nc(-c4ccc(Oc5ccccc5)cc4F)c4c(N)ncnc43)C2)CC1=O,Tyrosine-protein kinase BTK
Cn1cc(-c2cccc(N3CCn4c(cc5c4CCCC5)C3=O)c2CO)cc(Nc2ccc(N3CCN(C4COC4)CC3)cn2)c1=O,Tyrosine-protein kinase BTK
C=CC(=O)Nc1ccc2[nH]c3c(C(N)=O)c(-c4ccc(Oc5ccccc5)cc4)nn3c2c1,Tyrosine-protein kinase BTK
Cc1c(-c2ncnc3[nH]c(C4CCN(CCCO)CC4)cc23)cccc1N1CCOc2cc(C3CC3)ccc2C1=O,Tyrosine-protein kinase BTK
C=CC(=O)N1CCC[C@@H](Nc2ncnc(N3CCCCC3)c2C(=O)c2ccc(Oc3ccccc3)cc2)C1,Tyrosine-protein kinase BTK
Cc1ccc(NC(=O)/C=C/c2ccccc2)cc1C(=O)Nc1cnc(Nc2cccc(N)c2)nc1,Tyrosine-protein kinase BTK
COc1cc(C(=O)Nc2cc(C(F)(F)F)ccn2)ccc1-c1nc([C@@H]2CC[C@H]3CCC(=O)N3C2)n2ccnc(N)c12,Tyrosine-protein kinase BTK
COc1cc(C(=O)Nc2ncc(C)s2)ccc1-c1nc([C@@H]2CC[C@H]3CCC(=O)N3C2)n2c(Cl)cnc(N)c12,Tyrosine-protein kinase BTK
C=CC(=O)Nc1cc(Nc2cc(-c3cccc(NC(=O)c4ccc(N5CCOCC5)cc4)c3C)cn(C)c2=O)ccc1C(=O)N1CCOCC1,Tyrosine-protein kinase BTK
C[C@H]1OC(=O)N2C[C@H](c3nc(-c4ccc(C(=O)Nc5cc(C(F)(F)F)ccn5)cc4F)c4c(N)nccn34)CC[C@@H]12,Tyrosine-protein kinase BTK
CN(C)C(=O)N1CCN(Cc2ccc(-c3cc4c(-c5cccc(N6CCOc7cc(C8CC8)ccc7C6=O)c5CO)ccnc4[nH]3)nc2)CC1,Tyrosine-protein kinase BTK
Nc1nccn2c([C@@H]3CC[C@@H]4CCC(=O)N4C3)nc(-c3ccc(C(=O)Nc4cc(C(F)(F)F)ccn4)cc3)c12,Tyrosine-protein kinase BTK
Cc1ccc(-c2nc(Nc3ccc(C(=O)N4CCOCC4)cc3)c3nc[nH]c3n2)cc1NC(=O)c1ccc(C(C)(C)C)cc1,Tyrosine-protein kinase BTK
Cc1c(NC(=O)c2cc3c(s2)CCCC3)cccc1-c1cn(C)c(=O)c(Nc2ccc([C@H]3C(=O)N(C)CCN3C)cc2)n1,Tyrosine-protein kinase BTK
CN1CCn2nc(Nc3cc(-c4cccc(N5Cc6cc(C(C)(C)C)sc6C5=O)c4CO)nn(C)c3=O)cc2C1,Tyrosine-protein kinase BTK
Cn1cc(-c2cccc(N3Cc4cc(C(C)(C)C)ccc4C3=O)c2CO)cc(Nc2ccncn2)c1=O,Tyrosine-protein kinase BTK
COc1cccc(NC(=O)c2ccc(-c3nc([C@@H]4CC[C@H]5CCC(=O)N5C4)n4ccnc(N)c34)cc2)n1,Tyrosine-protein kinase BTK
Nc1nccn2c1c(-c1ccc(C(=O)Nc3cc(C(F)(F)F)ccn3)cc1)nc2[C@H]1CC[C@H](C(=O)O)CC1,Tyrosine-protein kinase BTK
Cc1c(-c2ncnc3[nH]c(-c4ccc(C(=O)N5CCCC(O)C5)cc4)cc23)cccc1N1CCOc2cc(C3CC3)ccc2C1=O,Tyrosine-protein kinase BTK
CN1CCN(c2ccc(Nc3cc(-c4cccc(-n5ccc6nc(C7CC7)ccc6c5=O)c4CO)cn(C)c3=O)nc2)CC1,Tyrosine-protein kinase BTK
CN1CCn2nc(Nc3cc(-c4ccc(F)c(NC(=O)c5cc6ccccc6s5)c4F)n[nH]c3=O)cc2C1,Tyrosine-protein kinase BTK
Nc1ncc(-c2ccccc2)c2scc(-c3ccc(Oc4ccccc4)cc3)c12,Tyrosine-protein kinase BTK
O=C1c2c(F)cc(C3CC3)cc2OCCN1c1cc(F)cc(-c2ccnc3[nH]c(CN4CCN(C5COC5)CC4)cc23)c1CO,Tyrosine-protein kinase BTK
C[C@H]1CN(C2COC2)CCN1c1cnc(Nc2cc(-c3ccnc(N4CCn5c(cc6c5CC(C)(C)C6)C4=O)c3CO)cn(C)c2=O)cn1,Tyrosine-protein kinase BTK
CC(C)(C)c1cc(F)c2c(=O)n(-c3cccc(-n4cc(C(N)=O)c(Nc5cnccn5)n4)c3CO)ncc2c1,Tyrosine-protein kinase BTK
Cc1c(NC(=O)c2cc3c(s2)CCCC3)cccc1-c1cn(C)c(=O)c(Nc2ccc(N3CC[C@@H](N(C)C)C3)cc2)n1,Tyrosine-protein kinase BTK
CC[C@H]1CN(C2COC2)CCN1c1ccc(Nc2cc(-c3ccnc(N4CCn5c(cc6c5CC(C)(C)C6)C4=O)c3CO)cn(C)c2=O)nc1,Tyrosine-protein kinase BTK
CC1C=C(c2ccnc(N3CCc4c(sc5c4CCCC5)C3=O)c2CO)C=C(Nc2ccc(N3CCN(C4COC4)CC3)cc2)C1=O,Tyrosine-protein kinase BTK
CC(C)(C)c1ccc(C(=O)Nc2cccc(-c3ncnc4[nH]c(C5=CCN(C(=O)CF)CC5)cc34)c2CO)cc1,Tyrosine-protein kinase BTK
Cc1c(NC(=O)c2ccc(C(C)(C)C)cc2)cccc1-c1ncnc2[nH]c(C3=CCOCC3)cc12,Tyrosine-protein kinase BTK
C=CC(=O)N1CCc2[nH]c3c(C(N)=O)c(-c4ccc(OCC5CC5)cc4)nn3c2C1,Tyrosine-protein kinase BTK
O=C(N1CC=C(c2cc3c(-c4cccc(N5CCOc6cc(C7CC7)cc(F)c6C5=O)c4CO)ccnc3[nH]2)CC1)N1CCOCC1,Tyrosine-protein kinase BTK
C[C@H]1CN(C)CCN1c1ccc(Nc2cc(-c3cc(F)cc(N4CCn5c(cc6c5CCCC6)C4=O)c3CO)cn(C)c2=O)nc1,Tyrosine-protein kinase BTK
C=CC(=O)N1CC2(CC(n3nc(-c4ccc(Oc5ccccc5)cn4)c4c(N)ncnc43)C2)C1,Tyrosine-protein kinase BTK
Cc1c(-c2cc(Nc3ccc(N4CCN(C)CC4)cn3)c(=O)n(C)c2)cccc1N1C(=O)c2ccc(C(C)(C)C)cc2C1=O,Tyrosine-protein kinase BTK
Nc1nccn2c([C@@H]3CC[C@H]4CCC(=O)N4C3)nc(-c3ccc(C(=O)Nc4cc(C(F)(F)F)ccn4)cc3C(=O)O)c12,Tyrosine-protein kinase BTK
CN(C)S(=O)(=O)n1cc(-c2cnc(N)c3c(-c4ccc(Oc5ccccc5)cc4)csc23)cn1,Tyrosine-protein kinase BTK
CC(C)(C)c1cc(F)c2c(=O)n(-c3cccc(-n4cc(C(N)=O)cn4)c3CO)ncc2c1,Tyrosine-protein kinase BTK
O=C1c2ccc(C3CC3)cc2OCCN1c1cccc(-c2ccnc3[nH]c(-c4cnn(C5COC5)c4)cc23)c1CO,Tyrosine-protein kinase BTK
COP(=O)(O)c1cc(C(=O)O)[nH]n1,Tyrosine-protein kinase BTK
CC1(C)OC(=O)N2C[C@H](c3nc(-c4ccc(C(=O)Nc5cc(C(F)(F)F)ccn5)cc4)c4c(N)nccn34)CC[C@H]21,Tyrosine-protein kinase BTK
CC(C)(C)c1cc(F)c2c(=O)n(Cc3ccc(-c4cc[nH]c(=O)c4)cc3F)ncc2c1,Tyrosine-protein kinase BTK
CN1CC=C(c2ccc(-c3cc4c(-c5cccc(N6CCOc7cc(C8CC8)ccc7C6=O)c5CO)ccnc4[nH]3)cc2)CC1,Tyrosine-protein kinase BTK
Nc1nccn2c([C@@H]3CC[C@H]4CCC(=O)N4C3)nc(-c3cc(F)c(C(=O)Nc4cc(C(F)(F)F)ccn4)cc3Cl)c12,Tyrosine-protein kinase BTK
COCCOc1ccc(Nc2ncc(F)c(Nc3cccc(NC(=O)C(O)CO)c3)n2)cc1,Tyrosine-protein kinase BTK
Cn1cc(-c2ccnc(N3CCn4c(cc5c4CC(C)(C)C5)C3=O)c2CO)cc(Nc2ccc(N3CCN(CCC(F)(F)F)CC3)cn2)c1=O,Tyrosine-protein kinase BTK
NC(=O)[C@H]1CCC[C@@H](c2nc(-c3ccc(C(=O)Nc4cc(C(F)(F)F)ccn4)cc3)c3c(N)nccn23)C1,Tyrosine-protein kinase BTK
Cc1c(N)cccc1-c1ccc(C(N)=O)c2[nH]c3cc(C(=O)N4CCN(C)CC4)ccc3c12,Tyrosine-protein kinase BTK
Nc1nccn2c([C@@H]3CC[C@H]4CCC(=O)N4C3)nc(-c3ccc(C(=O)Nc4nc(C(F)(F)F)c[nH]4)cc3)c12,Tyrosine-protein kinase BTK
CCOc1cc(C(=O)Nc2ncc(C)s2)ccc1-c1nc([C@@H]2CC[C@H]3CCC(=O)N3C2)n2c(F)cnc(N)c12,Tyrosine-protein kinase BTK
C=CC(=O)Nc1ccccc1C1CCNc2c(C(N)=O)c(-c3cc(F)c(F)c(Cl)c3)nn21,Tyrosine-protein kinase BTK
Cc1c(-c2ncnc3[nH]c(-c4ccc(C(=O)N5CCNCC5)cc4)cc23)cccc1N1CCOc2cc(C3CC3)ccc2C1=O,Tyrosine-protein kinase BTK
COc1ccc(-c2cc3c(-c4cccc(-n5ccc6cc(C7CC7)cc(F)c6c5=O)c4CO)ncnc3[nH]2)cc1,Tyrosine-protein kinase BTK
CN(C)C(=O)N1CCC(c2cc3c(-c4cccc(-n5ccc6cc(C7CC7)cc(F)c6c5=O)c4CO)ncnc3[nH]2)CC1,Tyrosine-protein kinase BTK
CN(C)C/C=C/C(=O)N1CCc2[nH]c3c(C(N)=O)c(-c4ccc(Oc5ccccc5)cc4)nn3c2C1,Tyrosine-protein kinase BTK
C=CC(=O)N1CCC2(CC1)CNc1c(C(N)=O)c(-c3ccc(Oc4ccccc4)cc3)nn12,Tyrosine-protein kinase BTK
C=CS(=O)(=O)Nc1cccc(Nc2ncc(NC(=O)c3cc(NC(=O)c4cccc(C(F)(F)F)c4)ccc3C)cn2)c1,Tyrosine-protein kinase BTK
C=CC(=O)Nc1cccc(Nc2nc(Nc3ccc(OCC(=O)N(CCOC)CCOC)cc3)ncc2F)c1,Tyrosine-protein kinase BTK
Nc1nccn2c(C34C5C6C3C3C4C5C63C(=O)O)nc(-c3ccc(C(=O)Nc4cc(C(F)(F)F)ccn4)cc3F)c12,Tyrosine-protein kinase BTK
Nc1nccn2c([C@@H]3CC[C@@H]4COC(=O)N4C3)nc(-c3ccc(C(=O)Nc4cc(C(F)(F)F)ccn4)cc3)c12,Tyrosine-protein kinase BTK
Nc1nccn2c([C@H]3CC[C@H]4CC(O)C(=O)N4C3)nc(-c3ccc(C(=O)Nc4cc(C(F)(F)F)ccn4)cc3)c12,Tyrosine-protein kinase BTK
CC1(O)CCN(Cc2ccc(-c3cc4c(-c5cccc(N6CCOc7cc(C8CC8)ccc7C6=O)c5CO)ncnc4[nH]3)cc2)CC1,Tyrosine-protein kinase BTK
Cn1nnnc1[C@H]1CCC[C@@H](c2nc(-c3ccc(C(=O)Nc4cc(C(F)(F)F)ccn4)cc3)c3c(N)nccn23)C1,Tyrosine-protein kinase BTK
Nc1nccn2c([C@@H]3CC[C@H]4CN(C(=O)c5ccccc5)CC(=O)N4C3)nc(-c3ccc(C(=O)Nc4cc(C(F)(F)F)ccn4)cc3)c12,Tyrosine-protein kinase BTK
Cn1cc(-c2cccc(-n3ccc4cc(C5CC5)cc(F)c4c3=O)c2CO)cc(Nc2ccc(C3CCN(C4COC4)CC3)cn2)c1=O,Tyrosine-protein kinase BTK
CN1CCN(C)C(c2ccc(Nc3nc(-c4ccc(F)c(NC(=O)c5cc6c(s5)CCCC6)c4F)cn(C)c3=O)cc2)C1=O,Tyrosine-protein kinase BTK
O=C1c2c(F)cc(C3CC3)cc2OCCN1c1cc(F)cc(-c2ccnc3[nH]c(C4=CCN(C5COC5)CC4)cc23)c1CO,Tyrosine-protein kinase BTK
COc1cc(C(=O)Nc2cc(C(F)(F)F)ccn2)c(F)cc1-c1nc([C@@H]2CC[C@H]3CCC(=O)N3C2)n2ccnc(N)c12,Tyrosine-protein kinase BTK
N#C/C(=CC1CC1)C(=O)N1CCC[C@@H](n2nc(-c3ccc(Oc4cc(F)cc(F)c4)cc3)c3c(N)ncnc32)C1,Tyrosine-protein kinase BTK
C=CC(=O)Nc1ccccc1[C@H]1CCNc2c(C(N)=O)c(-c3ccc(C)c(OC)c3)nn21,Tyrosine-protein kinase BTK
Cc1c(NC(=O)c2ccc(C(C)(C)C)cc2)cc(F)cc1-c1ncnc2[nH]c(C3=CCN(S(C)(=O)=O)CC3)cc12,Tyrosine-protein kinase BTK
C=CC(=O)NCC1CNc2c(C(N)=O)c(-c3ccc(Oc4ccccc4)cc3)nn2C1,Tyrosine-protein kinase BTK
Cn1ccc(-c2cc3c(-c4cccc(-n5ccc6cc(C7CC7)cc(F)c6c5=O)c4CO)ncnc3[nH]2)n1,Tyrosine-protein kinase BTK
Cc1ccc(-c2cn(C)c(=O)c(Nc3ccc(C4C(=O)N(C)CCN4C)cc3)n2)c(C)c1NC(=O)c1cc2c(s1)CCCC2,Tyrosine-protein kinase BTK
CC(F)(F)c1ccnc(NC(=O)c2ccc(-c3nc([C@@H]4CC[C@H]5CCC(=O)N5C4)n4ccnc(N)c34)cc2F)c1,Tyrosine-protein kinase BTK
CC(C)(/C=C(C#N)C(=O)N1CCC[C@H]1Cn1nc(-c2ccc(Oc3ccccc3)cc2F)c2c(N)ncnc21)NC1CC1,Tyrosine-protein kinase BTK
C=CC(=O)N1CCCC(c2c(Cl)c(-c3ccc(Oc4ccc(Cl)c(Cl)c4)c(OC)c3)c3c(N)ncnn23)C1,Tyrosine-protein kinase BTK
Cc1cccc(CC(=O)N[C@@H]2CCCN(c3nc(C(N)=O)c(Nc4ccccn4)s3)C2)c1,Tyrosine-protein kinase BTK
N#C/C(=CC1CC1)C(=O)N1CCC[C@@H]1Cn1nc(-c2ccc(Oc3ccccc3)cc2F)c2c(N)ncnc21,Tyrosine-protein kinase BTK
N#C/C(=CC1CC1)C(=O)N1CCC[C@H]1Cn1nc(-c2ccc(Oc3ccccc3)cc2F)c2c(N)ncnc21,Tyrosine-protein kinase BTK
CC(C)N1CC(Oc2ccc(-c3cc4c(-c5cccc(N6CCOc7cc(C8CC8)ccc7C6=O)c5CO)ccnc4[nH]3)cn2)C1,Tyrosine-protein kinase BTK
CC(C)(C)c1cc(F)c2c(=O)n(-c3cccc(-n4cc(C(N)=O)c(Nc5ccc(C(F)(F)F)cn5)n4)c3CO)ncc2c1,Tyrosine-protein kinase BTK
NC(=O)c1c(-c2ccc(Oc3ccccc3)cc2)nn2c(-c3cccc(N)c3)ccnc12,Tyrosine-protein kinase BTK
Cc1c(-c2cc(Nc3cc4n(n3)CCN(C)C4)c(=O)[nH]n2)ccc(F)c1NC(=O)c1cc2cccnc2s1,Tyrosine-protein kinase BTK
CC(C)(C)c1ccc(C(=O)NC2CCCC(Nc3ncnc4[nH]cnc34)C2)cc1,Tyrosine-protein kinase BTK
[C-]#[N+]/C(=CC(C)(C)N1CCN(C)CC1)C(=O)N1CCC[C@@H](n2nc(-c3ccc(Oc4ccccc4)cc3F)c3c(N)ncnc32)C1,Tyrosine-protein kinase BTK
COCC(C)(C)c1ccc(C(=O)Nc2cc(F)cc(-c3ncnc4[nH]c(C5=CCN(C(=O)N(C)C)CC5)cc34)c2C)cc1,Tyrosine-protein kinase BTK
C=CC(=O)Nc1cc(Nc2cc(-c3cccc(NC(=O)c4ccc(N(C)C)cc4)c3C)cn(C)c2=O)ccc1C(=O)N1CCCC(O)C1,Tyrosine-protein kinase BTK
C/C=C/C(=O)N1CC2(CC(n3nc(-c4ccc(Oc5ccccc5)cn4)c4c(N)ncnc43)C2)C1,Tyrosine-protein kinase BTK
C=CC(=O)Nc1cccc(-c2nc(Cl)ncc2Br)c1,Tyrosine-protein kinase BTK
Cc1c(-c2ccnc3[nH]c(-c4ccc(CN5CCN(C)CC5)cc4)cc23)cccc1N1CCOc2cc(C3CC3)ccc2C1=O,Tyrosine-protein kinase BTK
Cn1cc(-c2cc(-c3ccc(Cn4ncc5cc(C(C)(C)C)cc(F)c5c4=O)c(F)c3)cc(=O)[nH]2)cn1,Tyrosine-protein kinase BTK
C=CC(=O)Nc1ccc2c(c1)CC(=O)Nc1c(C(N)=O)c(-c3ccc(Oc4ccccc4)cc3)nn1-2,Tyrosine-protein kinase BTK
O=c1c2c(F)cc(C3CC3)cc2ccn1-c1cccc(-c2ccnc3[nH]c(C4=CCN(C5COC5)CC4)cc23)c1CO,Tyrosine-protein kinase BTK
Nc1nccn2c([C@@H]3CC[C@H]4CCC(=O)N4C3)nc(-c3ccc(C(=O)Nc4cc(C(F)(F)F)ccn4)nc3)c12,Tyrosine-protein kinase BTK
Cn1cc(-c2cccc(N3CCOc4cc(C(C)(C)C)ccc4C3=O)c2CO)cc(Nc2ccncn2)c1=O,Tyrosine-protein kinase BTK
Cc1cc(Nc2nn(-c3cccc(-n4ncc5cc(C(C)(C)C)ccc5c4=O)c3CO)cc2C(N)=O)nn1C,Tyrosine-protein kinase BTK
CCOc1cc(C(=O)Nc2cc(C(F)(F)F)ccn2)ccc1-c1nc([C@@H]2CC[C@H]3CCC(=O)N3C2)n2c(F)cnc(N)c12,Tyrosine-protein kinase BTK
CCN1CCN(Cc2ccc(-c3cc4c(-c5cccc(N6CCOc7cc(C8CC8)ccc7C6=O)c5CO)ccnc4[nH]3)cc2)CC1,Tyrosine-protein kinase BTK
Nc1n[nH]c2cc(-c3ccc(-c4nnn[nH]4)cc3)nc(-c3ccc(Oc4ccccc4)cc3)c12,Tyrosine-protein kinase BTK
COc1cc(C(=O)Nc2cc(C(F)(F)F)ccn2)cc(F)c1-c1nc([C@@H]2CC[C@H]3CCC(=O)N3C2)n2c(F)cnc(N)c12,Tyrosine-protein kinase BTK
C=CC(=O)Nc1cccc(Nc2nc(Nc3ccc(OCCCP(=O)(OCC)OCC)cc3)ncc2Cl)c1,Tyrosine-protein kinase BTK
NC(=O)c1c(-c2ccc(Oc3ccccc3)cc2)nn2c1NCCC21CNC1,Tyrosine-protein kinase BTK
N#C/C(=CC1CC1)C(=O)N1CCC[C@@H]1Cn1nc(-c2ccc(Oc3c(F)cccc3F)cc2F)c2c(N)ncnc21,Tyrosine-protein kinase BTK
N#C/C(=CC1CC1)C(=O)N1CCCC1Cn1nc(-c2ccc(Oc3ccccc3)cc2)c2c(N)ncnc21,Tyrosine-protein kinase BTK
Cc1c(NC(=O)c2ccc(C(C)(C)C)cc2)cccc1-c1nc(Nc2ccc(C(=O)O)cc2)c2ncn(C)c2n1,Tyrosine-protein kinase BTK
CC(C)(N)/C=C(C#N)C(=O)N1CCC[C@H]1Cn1nc(-c2ccc(Oc3ccccc3)cc2F)c2c(N)ncnc21,Tyrosine-protein kinase BTK
[H][C@@]12C[C@H](c3nc(-c4ccc(C(=O)Nc5cc(C(F)(F)F)ccn5)cc4)c4c(N)nccn34)C[C@]1([H])[C@H]2C(=O)O,Tyrosine-protein kinase BTK
CCOc1ccc(-c2ccc3c(C(N)=O)cn(-c4cccc(-n5ncc6cc(C(C)(C)C)cc(F)c6c5=O)c4CO)c3n2)cn1,Tyrosine-protein kinase BTK
C=CC(=O)Nc1ccc(NC(=O)c2ccc(C(C)(C)C)cc2)c(C)c1-c1cc(Nc2ccc(C(=O)N3CCOCC3)cc2)c(=O)n(C)c1,Tyrosine-protein kinase BTK
N#C/C(=CC1CC1)C(=O)NCCn1nc(-c2ccc(Oc3ccccc3)cc2)c2c(N)ncnc21,Tyrosine-protein kinase BTK
Nc1nccn2c([C@H]3CC[C@@H]4CCOC(=O)N4C3)nc(-c3ccc(C(=O)Nc4cc(C(F)(F)F)ccn4)cc3)c12,Tyrosine-protein kinase BTK
C=CC(=O)Nc1cc(Nc2cc(-c3cccc(NC(=O)c4ccc(OC)c(OC)c4)c3C)cn(C)c2=O)ccc1C(=O)N1CCOCC1,Tyrosine-protein kinase BTK
Cc1cc(Nc2cc(-c3cc(F)cc(N4CCn5c(cc6c5CC(C)(C)C6)C4=O)c3CO)cn(C)c2=O)[nH]n1,Tyrosine-protein kinase BTK
Cc1c(NC(=O)c2ccccc2)cccc1-c1nc(Nc2ccc(C(=O)N3CCOCC3)cc2)c2nc[nH]c2n1,Tyrosine-protein kinase BTK
CC(C)(C)OC(=O)NC1CCN(c2cc(-c3ccc(Oc4ccccc4)cc3)c3c(N)n[nH]c3n2)C1,Tyrosine-protein kinase BTK
C=CC(=O)N1CC(C2CCNc3c(C(N)=O)c(-c4ccc(Oc5ccc(Cl)c(Cl)c5)cc4)nn32)C1,Tyrosine-protein kinase BTK
Cc1c(NC(=O)c2cc3c(s2)CCCC3)cccc1-c1cn(C)c(=O)c(Nc2ccc3[nH]ccc3c2)n1,Tyrosine-protein kinase BTK
Cc1cc(-c2nc([C@@H]3CC[C@H]4CCC(=O)N4C3)n3ccnc(N)c23)ccc1C(=O)Nc1cc(C(F)(F)F)ccn1,Tyrosine-protein kinase BTK
Cc1c(NC(=O)c2cnc(C(C)(C)C)cn2)cccc1-c1cn(C)c(=O)c(Nc2ccc(C(=O)N3CCOCC3)cc2)n1,Tyrosine-protein kinase BTK
N#C/C(=CC1CC1)C(=O)N1CCC[C@H](n2nc(-c3ccc(Oc4cc(F)cc(F)c4)cc3)c3c(N)ncnc32)C1,Tyrosine-protein kinase BTK
Cn1cc(-c2cc(F)cc(N3CCn4c(cc5c4CC(C)(C)C5)C3=O)c2CO)cc(Nc2ccc(N3CCN(CCF)CC3)cn2)c1=O,Tyrosine-protein kinase BTK
[H]/C(=C(/C#N)C(=O)N1CCC[C@]([H])(n2nc(-c3ccc(Oc4ccccc4)cc3F)c3c(N)ncnc32)C1)C(C)(C)CO,Tyrosine-protein kinase BTK
Cn1cc(-c2ccnc(N3CCn4c(cc5c4CC(C)(C)C5)C3=O)c2CO)cc(Nc2ccnc(N3CCC(C(=O)NCC#N)C3)n2)c1=O,Tyrosine-protein kinase BTK
NC(=O)c1c(-c2ccc(Oc3ccccc3)cc2)nn2c1[nH]c1ccc(N)cc12,Tyrosine-protein kinase BTK
Nc1nccn2c([C@@H]3CC[C@H]4CCOC(=O)N4C3)nc(-c3ccc(C(=O)Nc4cc(C(F)(F)F)ccn4)cc3)c12,Tyrosine-protein kinase BTK
Cc1c(NC(=O)c2ccc(C(C)(C)C)cc2)cccc1-c1nc(Nc2ccc(C(=O)N(C)C)cc2)c2ncn(C)c2n1,Tyrosine-protein kinase BTK
Cc1c(-c2ncnc3[nH]c(-c4ccc(CN5CCNC(=O)C5)cc4)cc23)cccc1N1CCc2cc(C3CC3)ccc2C1=O,Tyrosine-protein kinase BTK
COC(=O)c1ccnc(NC(=O)c2ccc(-c3nc([C@@H]4CC[C@H]5CCC(=O)N5C4)n4ccnc(N)c34)cc2)c1,Tyrosine-protein kinase BTK
CCN1CCN(Cc2ccc(-c3cc4c(-c5cccc(N6CCOc7cc(C8CC8)ccc7C6=O)c5CO)ncnc4[nH]3)cc2)CC1,Tyrosine-protein kinase BTK
Nc1ncc(Cl)n2c([C@@H]3CC[C@H]4CCC(=O)N4C3)nc(-c3ccc(C(=O)Nc4cc(C(F)(F)F)ccn4)cc3)c12,Tyrosine-protein kinase BTK
Cc1c(NC(=O)c2ccc(C(C)(C)C)cc2)cc(F)cc1-c1ncnc2[nH]c(C3=CCC4(CC3)OCCO4)cc12,Tyrosine-protein kinase BTK
CN(C)C(=O)N1CC=C(c2cc3c(-c4cccc(N5CCOc6cc(C(C)(C)O)ccc6C5=O)c4CO)ccnc3[nH]2)CC1,Tyrosine-protein kinase BTK
C=CC(=O)N1CCc2[nH]c3c(C(N)=O)c(-c4ccc(OCc5ccccc5)cc4)nn3c2C1,Tyrosine-protein kinase BTK
O=C(Nc1cccc([C@H]2CCCN(c3ncnc4[nH]ccc34)C2)c1)Nc1c(Cl)cccc1Cl,Tyrosine-protein kinase BTK
C=CC(=O)N1CCC(C2(C)CCNc3c(C(N)=O)c(-c4ccc(Oc5ccccc5)cc4)nn32)CC1,Tyrosine-protein kinase BTK
CCn1cc(Nc2nc(-c3cccc(N4CCc5c(sc6c5CC(C)(C)C6)C4=O)c3CO)cn(C)c2=O)cn1,Tyrosine-protein kinase BTK
Nc1n[nH]c2cc(-c3ccc(C(=O)NCC(=O)O)cc3)nc(-c3ccc(Oc4ccccc4)cc3)c12,Tyrosine-protein kinase BTK
Cc1c(-c2cc(Nc3cc4n(n3)CCN(C)C4)c(=O)[nH]n2)ccc(F)c1NC(=O)c1cc2ncccc2s1,Tyrosine-protein kinase BTK
C[C@]1(C(=O)O)CC[C@@H](c2nc(-c3ccc(C(=O)Nc4cc(C(F)(F)F)ccn4)cc3)c3c(N)nccn23)C1,Tyrosine-protein kinase BTK
NCC1CCNc2c(C(N)=O)c(-c3ccc(OCC4CC4)cc3)nn21,Tyrosine-protein kinase BTK
C[C@H]1OC(=O)N2C[C@H](c3nc(-c4ccc(C(=O)Nc5cc(C6CC6)ccn5)cc4)c4c(N)nccn34)CC[C@@H]12,Tyrosine-protein kinase BTK
CNCC1CCNc2c(C(N)=O)c(-c3ccc(Oc4ccccc4)cc3)nn21,Tyrosine-protein kinase BTK
Nc1nccn2c([C@@H]3CC[C@H]4CCC(=O)N4C3)nc(-c3ccc(C(=O)Nc4cc(C(F)(F)F)no4)cc3)c12,Tyrosine-protein kinase BTK
CC(C)Oc1ccc(-c2nc(-c3ccc(C(=O)O)cc3)cc3[nH]nc(N)c23)cc1,Tyrosine-protein kinase BTK
CN(C)C(=O)c1ccc(-c2cc3c(-c4cccc(-n5ccc6cc(C7CC7)cc(F)c6c5=O)c4CO)ncnc3[nH]2)cc1,Tyrosine-protein kinase BTK
Nc1ncnc2c1c(-c1ccc(C(=O)Nc3cc(C(F)(F)F)ccn3)cc1)nn2[C@@H]1CCCc2[nH]ncc21,Tyrosine-protein kinase BTK
C=CC(=O)Nc1cc(Nc2cc(-c3cccc(NC(=O)c4ccc(OC)cc4)c3C)cn(C)c2=O)ccc1C(=O)N1CCOCC1,Tyrosine-protein kinase BTK
Nc1nccn2c([C@@H]3CCn4c(nnc4C(F)(F)F)C3)nc(-c3ccc(C(=O)Nc4cc(C(F)(F)F)ccn4)cc3)c12,Tyrosine-protein kinase BTK
Cn1cnc2c(Nc3ccc(C(=O)N4CCOCC4)cc3)nc(-c3cccc(NC(=O)c4ccc(C(C)(C)C)cc4)c3)cc21,Tyrosine-protein kinase BTK
Cc1c(-c2cc(Nc3ccncn3)c(=O)n(C)c2)cccc1N1CCc2c(sc3c2CCCC3)C1=O,Tyrosine-protein kinase BTK
Cc1c(NC(=O)c2ccc(C(C)(C)C)cc2)cccc1-c1ncnc2[nH]c(C3=CCC(N(C)C)CC3)cc12,Tyrosine-protein kinase BTK
CN(C1COC1)C(C)(C)/C=C(C#N)C(=O)N1CCC[C@@H](n2nc(-c3ccc(Oc4ccccc4)cc3F)c3c(N)ncnc32)C1,Tyrosine-protein kinase BTK
CN(C)C/C=C/C(=O)N1CC2(CC(n3nc(-c4ccc(Oc5ccccc5)cc4)c4c(N)ncnc43)C2)C1,Tyrosine-protein kinase BTK
C=CC(=O)Nc1cc(Nc2cc(-c3cccc(NC(=O)c4ccc(C(C)(C)C)cc4)c3C)cn(C)c2=O)ccc1C,Tyrosine-protein kinase BTK
