smiles,targetname
CC(C(=O)Nc1ccc(C2CCNC2)cc1)c1cccc(C(=O)c2ccccc2)c1,Trace amine-associated receptor 1
CNCCc1ccc(Br)cc1,Trace amine-associated receptor 1
NC1=N[C@@H](CCc2ccc(Nc3ccc(C(F)(F)F)cn3)cc2)CO1,Trace amine-associated receptor 1
NC1=N[C@@H](CCc2ccccc2Cl)CO1,Trace amine-associated receptor 1
COc1ccc(C2COC(N)=N2)cc1Cl,Trace amine-associated receptor 1
O=C(Nc1ccc(C2CNCCO2)cc1)Nc1ccccc1Cl,Trace amine-associated receptor 1
COc1cccc(NC(=O)c2ccc(N3CCCCC3)c([N+](=O)[O-])c2)c1,Trace amine-associated receptor 1
O=C(Nc1n[nH]c2cc(C3CNCCO3)ccc12)c1ccc(F)cc1,Trace amine-associated receptor 1
CCC(C[C@H]1COC(N)=N1)c1ccc(C(F)(F)F)cc1,Trace amine-associated receptor 1
NC1=NC(c2ccc(Cl)cc2Cl)CO1,Trace amine-associated receptor 1
O=C(Nc1ccc(C2CCNC2)cc1)NC1CCCCC1,Trace amine-associated receptor 1
O=C(Nc1ccc(Cl)nc1)Nc1ccc([C@H]2CNCCO2)cc1Cl,Trace amine-associated receptor 1
Cn1nc(-c2ccccc2)cc1C(=O)Nc1ccc([C@@H]2CNCCO2)cc1,Trace amine-associated receptor 1
Cc1cc(F)ccc1[C@H]1COC(N)=N1,Trace amine-associated receptor 1
O=C(Nc1ccc(C2CNCCO2)cc1)c1ccc(OCc2ccccc2)cc1,Trace amine-associated receptor 1
Fc1ccc(-c2nc3cc([C@H]4CNCCO4)ccc3[nH]2)cc1,Trace amine-associated receptor 1
Fc1ccc(-c2cn(-c3ccc([C@H]4CNCCO4)cc3)nn2)cc1,Trace amine-associated receptor 1
Cc1cc(C(=O)Nc2ccc([C@H]3CNCCO3)c(Cl)c2)cc(C(N)=O)n1,Trace amine-associated receptor 1
NC1=N[C@@H](CCc2ccc(Nc3nccc(C(F)(F)F)n3)cc2)CO1,Trace amine-associated receptor 1
N#Cc1cccc(NC(=O)Nc2ccc([C@@H]3CNCCO3)cc2Cl)c1,Trace amine-associated receptor 1
O=C(Nc1ccc(CCC2CCCNC2)cc1)Nc1ccc(Cl)cn1,Trace amine-associated receptor 1
O=C(Nc1ccc(C2CCNC2)cc1)Nc1ccc(Cl)c(Cl)c1,Trace amine-associated receptor 1
NCCc1cc(I)c(Oc2cc(I)c(O)c(I)c2)c(I)c1,Trace amine-associated receptor 1
COc1ccc(C(=O)Nc2ccc(C3CNCCO3)cc2)cc1,Trace amine-associated receptor 1
COc1ccc(C(CN)c2ccccc2)c2ccccc12.Cl,Trace amine-associated receptor 1
CC(C)(C)N(Cc1c[nH]cn1)c1cccc(Cl)c1,Trace amine-associated receptor 1
O=C(Nc1ccc(C2CNCCO2)cc1)c1ccc(C(F)(F)F)cn1,Trace amine-associated receptor 1
COc1cccc(NC(=O)c2cccc([N+](=O)[O-])c2)c1,Trace amine-associated receptor 1
O=C(Nc1ccc(C2CCCNC2)cc1Cl)c1ccc(Cl)nc1,Trace amine-associated receptor 1
C[C@@H]1OC(N)=N[C@H]1CCc1ccc(Nc2ncc(Cl)cn2)cc1,Trace amine-associated receptor 1
COc1cccc(C(=O)N[C@H](C(=O)N2CCC[C@H]2C(=O)NCCc2ccccc2Cl)C2CCCCC2)c1,Trace amine-associated receptor 1
O=C(Nc1ccc([C@H]2CNCCO2)c(F)c1)c1cnc(C(F)(F)F)cn1,Trace amine-associated receptor 1
CCN(Cc1cnc[nH]1)c1cccc(Br)c1,Trace amine-associated receptor 1
CCC(C(=O)Nc1ccc(C2CCNC2)cc1)c1ccccc1,Trace amine-associated receptor 1
NC1=N[C@@H](c2cc(F)cc(Cl)c2)CO1,Trace amine-associated receptor 1
NC1=N[C@@H](COc2cccc(Cl)c2)CO1,Trace amine-associated receptor 1
Fc1ccc(-c2ncn(-c3ccc([C@@H]4CNCCO4)cc3)n2)cc1,Trace amine-associated receptor 1
NC1=N[C@@H](CCc2ccc(Nc3ccncn3)cc2)CO1,Trace amine-associated receptor 1
FC(F)(F)c1cnc2[nH]c3ccc([C@@H]4CNCCO4)cc3c2c1,Trace amine-associated receptor 1
Cc1c(F)cccc1C1COC(N)=N1,Trace amine-associated receptor 1
COc1cccc(N(Cc2cnc[nH]2)C(C)C)c1,Trace amine-associated receptor 1
CC1(c2cc(F)c(F)cc2F)COC(N)=N1,Trace amine-associated receptor 1
NC1=NC(c2ccc(Cl)cc2C2CC2)CO1,Trace amine-associated receptor 1
Clc1cnc2[nH]c3ccc([C@H]4CNCCO4)cc3c2c1,Trace amine-associated receptor 1
COc1cc(N(Cc2cnc[nH]2)C(C)C)ccc1Cl,Trace amine-associated receptor 1
COc1cccc(NC(=O)c2ccc(F)c(S(N)(=O)=O)c2)c1,Trace amine-associated receptor 1
Clc1cc(-c2cc(-c3ccc([C@H]4CNCCO4)cc3)n[nH]2)ccn1,Trace amine-associated receptor 1
COc1ccc(C(=O)Nc2ccc(C3CCNC3)cc2)nc1,Trace amine-associated receptor 1
O=C(Nc1ccc([C@@H]2CCCNC2)cc1)c1cnc(C(F)(F)F)cn1,Trace amine-associated receptor 1
CC(C)N(Cc1cnc[nH]1)c1cc(Cl)cc(Cl)c1,Trace amine-associated receptor 1
CCNCCc1ccc(OCc2ccccc2)cc1,Trace amine-associated receptor 1
NC1=N[C@@H](CC2(c3ccccc3)CC2)CO1,Trace amine-associated receptor 1
O=C(Nc1ccc([C@@H]2CNCCO2)cc1)c1cc(Cl)nc(Cl)c1,Trace amine-associated receptor 1
NC1=N[C@@H](CCc2ccc(Cl)cc2)CO1,Trace amine-associated receptor 1
COc1cccc(CC(=O)Nc2ccc(C3CCNC3)cc2)c1,Trace amine-associated receptor 1
O=C(Nc1ccc(C2CCNC2)cc1)OC1CCC(F)(F)CC1,Trace amine-associated receptor 1
Clc1cccc(N(Cc2cnc[nH]2)Cc2ccccc2Cl)c1,Trace amine-associated receptor 1
COc1cccc(NC(=O)c2ccc(F)c(C(F)(F)F)c2)c1,Trace amine-associated receptor 1
O=C(Nc1ccc([C@@H]2CCCNC2)cc1)c1cccc(C(F)(F)F)c1,Trace amine-associated receptor 1
CCCc1ccc(C(=O)Nc2ccc(C3CCCNC3)cc2)cc1,Trace amine-associated receptor 1
CC(C)[C@H](NC(=O)c1ccc(Cl)c(Cl)c1)C(=O)N1CCC[C@H]1C(=O)NCCc1ccccc1Cl,Trace amine-associated receptor 1
NC1=NC(c2cc(F)ccc2F)CO1,Trace amine-associated receptor 1
O=C(Nc1ccc(Cl)cc1)Nc1ccc(C2CNCCO2)cc1,Trace amine-associated receptor 1
CC(C)N(Cc1cnc[nH]1)c1cccc(COc2ccccc2)c1,Trace amine-associated receptor 1
N#Cc1ccc(OC(F)F)c(NC(=O)Nc2ccc([C@@H]3CNCCO3)cc2F)c1,Trace amine-associated receptor 1
O=C(Nc1ccc(C2CCCNC2)cc1)c1ccc(Cl)cc1F,Trace amine-associated receptor 1
O=C(Nc1ccc([C@H]2CNCCO2)cc1)c1cnn(-c2ccc(OC(F)F)cc2)n1,Trace amine-associated receptor 1
Cn1nc(-c2ccccc2)cc1C(=O)Nc1ccc([C@H]2CNCCO2)cc1F,Trace amine-associated receptor 1
O=C(Nc1ccc(C2CCNC2)cn1)c1ccc(Cl)cc1,Trace amine-associated receptor 1
CC(C)(CC[C@H]1COC(N)=N1)c1ccc(F)cc1,Trace amine-associated receptor 1
O=C(Nc1ccc(COC2CCNC2)cc1)c1ccc(Cl)cc1,Trace amine-associated receptor 1
O=C(Cc1ccc(Cl)cc1)Nc1ccc(C2CCNC2)cc1,Trace amine-associated receptor 1
O=C(Nc1ccc([C@H]2CNCCO2)cc1)c1ccn(-c2cncc(C(F)(F)F)n2)n1,Trace amine-associated receptor 1
NCCc1ccc([N+](=O)[O-])cc1,Trace amine-associated receptor 1
O=C(Nc1ccc(Cl)nc1)Nc1ccc([C@H]2CNCCO2)cc1Br,Trace amine-associated receptor 1
C[C@H](OC[C@H]1COC(N)=N1)c1ccc(F)cc1,Trace amine-associated receptor 1
O=C(Nc1ccc([C@H]2CNCCO2)cc1)c1ccc(OCC(F)(F)F)nc1,Trace amine-associated receptor 1
NC1=N[C@@H](CCc2c(F)cccc2Cl)CO1,Trace amine-associated receptor 1
O=C(Nc1ccc([C@@H]2CNCCO2)cc1)c1ccn(-c2ccc(F)cc2)n1,Trace amine-associated receptor 1
CCCCNCCc1ccc(OCc2ccccc2)cc1,Trace amine-associated receptor 1
CC(C)N(Cc1ncc[nH]1)c1ccccc1,Trace amine-associated receptor 1
Cc1nc(C(=O)Nc2ccc(C3CNCCO3)cc2)cs1,Trace amine-associated receptor 1
NCCc1c(F)cccc1Cl,Trace amine-associated receptor 1
O=C(Nc1ccc(C2CNCCO2)cc1)c1ccc(Cl)cc1F,Trace amine-associated receptor 1
COc1cccc(C(=O)N[C@H](C(=O)N2CCC[C@H]2C(=O)NCCc2ccccc2Cl)C(C)C)c1,Trace amine-associated receptor 1
NC1=N[C@@H](CCc2ccc(Nc3nccnc3Cl)cc2)CO1,Trace amine-associated receptor 1
NC1=NC(c2ccccc2Br)CO1,Trace amine-associated receptor 1
COc1ccc(C#N)cc1NC(=O)Nc1ccc([C@@H]2CNCCO2)cc1Cl,Trace amine-associated receptor 1
NC1=N[C@@H](c2ccc(F)c(Cl)c2)CO1,Trace amine-associated receptor 1
NC1=N[C@@H](c2cc(Cl)ccc2Cl)CO1,Trace amine-associated receptor 1
O=C(Nc1ccc(C2CCNC2)cc1)Oc1ccc(Cl)cc1,Trace amine-associated receptor 1
CC(C)N(Cc1cnc[nH]1)c1ccc(F)c(Cl)c1,Trace amine-associated receptor 1
O=C(Nc1ccc([C@@H]2CNCCO2)cc1)c1ccc(Cl)cc1F,Trace amine-associated receptor 1
NC1=N[C@@H](CCc2ccc(NC(c3ccc(Cl)cn3)C(F)(F)F)cc2)CO1,Trace amine-associated receptor 1
NC1=N[C@@H](CCOc2ccccc2Cl)CO1,Trace amine-associated receptor 1
O=C(Nc1ccc(C2CNCCO2)cc1)c1ccc(OCC2CC2)cc1,Trace amine-associated receptor 1
CN(Cc1cnc[nH]1)c1cccc(Cl)c1,Trace amine-associated receptor 1
O=C(Nc1ccc(C2CCNC2)cc1)c1ccccc1,Trace amine-associated receptor 1
CC(C)Oc1cccc(NC(=O)c2ccc(N3CCCC3)c(C(F)(F)F)c2)c1,Trace amine-associated receptor 1
Fc1cc(F)c2nc(-c3ccc([C@H]4CNCCO4)cc3)[nH]c2c1,Trace amine-associated receptor 1
CC(C)(C)c1ccc(CCN)cc1,Trace amine-associated receptor 1
CCc1cnc(C(=O)Nc2ccc([C@@H]3CCCNC3)cc2)cn1,Trace amine-associated receptor 1
O=C(Nc1ccc([C@@H]2CCCNC2)cc1)c1ccc(Cl)cc1,Trace amine-associated receptor 1
O=C(Nc1ccc([C@@H]2CNCCO2)cc1)c1ccn(-c2ccc(C(F)(F)F)cn2)n1,Trace amine-associated receptor 1
CCc1cccc(NC(=O)c2ccc(N3CCCC3)c(C(F)(F)F)c2)c1,Trace amine-associated receptor 1
CCOc1ccc(C#N)cc1NC(=O)Nc1ccc([C@@H]2CNCCO2)cc1F,Trace amine-associated receptor 1
NC1=N[C@@H](CCOc2ccc(F)c(Cl)c2)CO1,Trace amine-associated receptor 1
NC1=N[C@@H](CCc2ccc(Nc3ncc(F)cn3)cc2)CO1,Trace amine-associated receptor 1
CN(C)CCCOc1ccc(Oc2ccccc2)cc1.Cl,Trace amine-associated receptor 1
COc1cccc(NC(=O)c2ccc(Br)c([N+](=O)[O-])c2)c1,Trace amine-associated receptor 1
CC(C)c1cccc(NCc2cnc[nH]2)c1,Trace amine-associated receptor 1
NC1=N[C@H](Cc2ccccc2)CO1,Trace amine-associated receptor 1
CN(Cc1ncc[nH]1)c1ccccc1,Trace amine-associated receptor 1
NC1=NC(c2ccc3ccccc3c2)CO1,Trace amine-associated receptor 1
CCCCCCCCN1C(=O)[C@@H](CC(=O)NCCc2ccccc2OC)C[C@@]2(C(=O)OC)C1=C[C@H](C1CCCC1)O[C@@H]2C,Trace amine-associated receptor 1
Fc1ccc(-n2cc(-c3ccc([C@@H]4CNCCO4)cc3)cn2)cc1,Trace amine-associated receptor 1
COc1ccc(-c2cc(C(=O)Nc3ccc([C@H]4CNCCO4)cc3)[nH]n2)cc1,Trace amine-associated receptor 1
CNCCc1ccccc1Br,Trace amine-associated receptor 1
COc1ccc(C2COC(N)=N2)c(C(F)(F)F)c1,Trace amine-associated receptor 1
O=C(Nc1ccc([C@H]2CNCCO2)cc1)c1ccn(-c2cncc(Cl)n2)n1,Trace amine-associated receptor 1
Cc1cccc(C(=O)Nc2ccc(C3CNCCO3)cc2)c1,Trace amine-associated receptor 1
Fc1ccc(NCc2cnc[nH]2)cc1Cl,Trace amine-associated receptor 1
CN(Cc1cnc[nH]1)c1cccc(OC(F)F)c1,Trace amine-associated receptor 1
NC1=NC(c2cccc(F)c2)CO1,Trace amine-associated receptor 1
COc1cccc(NC(=O)c2ccc(NC(C)C)c([N+](=O)[O-])c2)c1,Trace amine-associated receptor 1
c1ccc2[nH]c(-c3ccc(C4CNCCO4)cc3)nc2c1,Trace amine-associated receptor 1
CCN(Cc1cnc[nH]1)c1ccc(Cl)c(Cl)c1,Trace amine-associated receptor 1
O=C(Nc1ccc(C2CNCCO2)cc1)c1ccn(-c2ccccc2)n1,Trace amine-associated receptor 1
NC1=N[C@@H](c2ccc(F)c(F)c2)CO1,Trace amine-associated receptor 1
NC1=NC(c2ccccc2C(F)(F)F)CO1,Trace amine-associated receptor 1
CCN(C[C@H]1COC(N)=N1)c1ccccc1,Trace amine-associated receptor 1
O=C(Nc1ccc(C2CCNC2)cc1)c1ccc(Cl)cn1,Trace amine-associated receptor 1
O=C(Nc1ccc([C@H]2CNCCO2)cc1Cl)c1ccn(-c2ccc(F)cc2)n1,Trace amine-associated receptor 1
COc1cccc(C[C@H](C)N)c1,Trace amine-associated receptor 1
O=C(Nc1ccc(C2CCCNC2)cn1)c1ccc(Cl)cc1,Trace amine-associated receptor 1
CNCCc1ccc(Oc2ccc(O)cc2)c(I)c1,Trace amine-associated receptor 1
CC[C@@H](C[C@H]1COC(N)=N1)Oc1cc(F)c(F)cc1F,Trace amine-associated receptor 1
CCC(CC)c1cnc(Nc2ccc(CC[C@H]3COC(N)=N3)cc2)nc1,Trace amine-associated receptor 1
COc1cccc(NC(=O)c2ccc(N3CCC3)c([N+](=O)[O-])c2)c1,Trace amine-associated receptor 1
CC(C)[C@H](NC(=O)c1ccccc1)C(=O)N1CCC[C@H]1C(=O)NCCc1ccccc1Cl,Trace amine-associated receptor 1
N#Cc1cccc(-c2cc(-c3ccc(C4CNCCO4)cc3)n[nH]2)c1,Trace amine-associated receptor 1
O=C(Nc1ccc(C2CCNC2)cc1)OCCc1ccc(C(F)(F)F)cc1,Trace amine-associated receptor 1
N#Cc1cc(NC(=O)Nc2ccc([C@@H]3CNCCO3)cc2F)ccc1F,Trace amine-associated receptor 1
Clc1cccc(-c2cc(-c3ccc(C4CNCCO4)cc3)n[nH]2)c1,Trace amine-associated receptor 1
O=C(Nc1ccc(C2CCNC2)cc1)OCCc1cccc(Cl)c1,Trace amine-associated receptor 1
CC(C)c1cccc(OCC[C@H]2COC(N)=N2)c1,Trace amine-associated receptor 1
Cc1ccc([C@H]2COC(N)=N2)cc1Cl,Trace amine-associated receptor 1
C[C@]1(c2ccc(C(F)(F)F)cc2)COC(N)=N1,Trace amine-associated receptor 1
NC1=N[C@@H](CCOc2ccc(-c3ccc(F)cc3)cc2)CO1,Trace amine-associated receptor 1
Cn1nc(-c2ccc(F)cc2)cc1C(=O)Nc1ccc([C@@H]2CNCCO2)cc1,Trace amine-associated receptor 1
N#Cc1cccc(NC(=O)Nc2ccc([C@H]3CNCCO3)cc2Cl)c1,Trace amine-associated receptor 1
C[C@@H](CC[C@H]1COC(N)=N1)c1ccc(F)cc1,Trace amine-associated receptor 1
O=C(Nc1ccc([C@H]2CNCCO2)cc1)c1ccn(-c2ccnc(C(F)(F)F)n2)n1,Trace amine-associated receptor 1
CC(C)N(Cc1c[nH]cn1)c1ccccn1,Trace amine-associated receptor 1
NC1=N[C@@H](CCOc2cccc(OCc3ccccc3)c2)CO1,Trace amine-associated receptor 1
C[C@@H](C(=O)Nc1ccc(C2CCNC2)cc1)c1ccccc1,Trace amine-associated receptor 1
NC1=N[C@@H](CCC2(c3cc(F)cc(F)c3)CC2)CO1,Trace amine-associated receptor 1
CC[C@@H](C[C@H]1COC(N)=N1)Oc1ccc(Cl)c(F)c1,Trace amine-associated receptor 1
CCCc1cnc(Nc2ccc(CC[C@H]3COC(N)=N3)cc2)nc1,Trace amine-associated receptor 1
O=C(Nc1ccc([C@H]2CNCCO2)cc1)c1ccc(Cl)cc1,Trace amine-associated receptor 1
CCc1ccc(CCN)cc1,Trace amine-associated receptor 1
O=C(Nc1ccc([C@H]2CNCCO2)cc1)c1cc(Cl)nc(Cl)c1,Trace amine-associated receptor 1
CCN(C[C@@H]1COC(N)=N1)c1ccccc1,Trace amine-associated receptor 1
Cc1cnc(C(=O)Nc2ccc([C@@H]3CCCNC3)cc2)cn1,Trace amine-associated receptor 1
COc1cccc(NC(=O)c2ccc(F)c(Cl)c2)c1,Trace amine-associated receptor 1
c1ccc(N(Cc2c[nH]cn2)c2ccccc2)cc1,Trace amine-associated receptor 1
Cc1c(-c2ccccc2)n[nH]c1C(=O)Nc1ccc([C@H]2CNCCO2)cc1,Trace amine-associated receptor 1
NC1=N[C@@H](CCOc2cccc(OC(F)(F)F)c2)CO1,Trace amine-associated receptor 1
Cn1c(C2CCCN2)nc2ccccc21,Trace amine-associated receptor 1
N#Cc1ccc(OC(F)F)c(NC(=O)Nc2ccc([C@H]3CNCCO3)cc2F)c1,Trace amine-associated receptor 1
C[C@]1(CCc2ccccc2)COC(N)=N1,Trace amine-associated receptor 1
O=C(Nc1ccc(C2CCNC2)cc1)c1ccc(Cl)cc1F,Trace amine-associated receptor 1
C[C@]1(c2cc(F)ccc2F)COC(N)=N1,Trace amine-associated receptor 1
C[S+]([O-])c1cnc(Nc2ccc(CC[C@H]3COC(N)=N3)cc2)nc1,Trace amine-associated receptor 1
NC1=N[C@@H](CCc2ccc(Nc3ccc(Cl)cn3)cc2)CO1,Trace amine-associated receptor 1
NCCc1ccc(OCCCc2ccccc2)cc1,Trace amine-associated receptor 1
O=C(Nc1ccc(C2CNCCO2)cc1)c1ccc(Cl)c(Cl)c1,Trace amine-associated receptor 1
COC(=O)[C@]12C[C@H](CC(=O)NCCc3ccccc3OC)C(=O)N(Cc3ccccc3)C1=C[C@H](C(C)(C)C)O[C@@H]2C,Trace amine-associated receptor 1
CN(C)CCCCCNC(=O)c1ccc(Oc2ccccc2)cc1.Cl,Trace amine-associated receptor 1
O=C(Nc1ccc([C@H]2CNCCO2)cc1)c1cnn(-c2ccc(OC(F)(F)F)cc2)n1,Trace amine-associated receptor 1
CCOc1ccc(C(=O)Nc2ccc([C@H]3CNCCO3)cc2)cc1,Trace amine-associated receptor 1
FC(F)(F)c1cnc2[nH]c3ccc([C@H]4CNCCO4)cc3c2c1,Trace amine-associated receptor 1
CC1(c2cc(Cl)ccc2Cl)COC(N)=N1,Trace amine-associated receptor 1
NC1=N[C@@H](COc2ccccc2F)CO1,Trace amine-associated receptor 1
Cc1cc(C(=O)Nc2ccc([C@H]3CNCCO3)c(F)c2)cc(C#N)n1,Trace amine-associated receptor 1
O=C(Nc1ccc([C@@H]2CCCNC2)cc1)c1cc(Cl)nc(Cl)c1,Trace amine-associated receptor 1
N#Cc1ccc(N(c2ccc(CC[C@H]3COC(N)=N3)cc2)c2ccc(C#N)cn2)nc1,Trace amine-associated receptor 1
O=C(Nc1ccc([C@@H]2CNCCO2)cc1)Nc1ccc(C(F)(F)F)cc1,Trace amine-associated receptor 1
CCN(C[C@H]1COC(N)=N1)c1cccc(Cl)c1,Trace amine-associated receptor 1
C[C@]1(c2cccc(C(F)(F)F)c2)COC(N)=N1,Trace amine-associated receptor 1
Fc1ccc(-c2cc(-c3ccc([C@@H]4CNCCO4)cc3)n[nH]2)c(F)c1,Trace amine-associated receptor 1
COc1cc(C(=O)Nc2ccc([C@H]3CCCNC3)cc2)ccc1Cl,Trace amine-associated receptor 1
CC(C)Oc1ncc2c(n1)[nH]c1ccc([C@H]3CNCCO3)cc12,Trace amine-associated receptor 1
COc1cc(C(=O)Nc2ccc([C@@H]3CCCNC3)cc2)ccc1Cl,Trace amine-associated receptor 1
O=C(Nc1ccc([C@@H]2CNCCO2)cc1)c1ccc(C(F)(F)F)nc1,Trace amine-associated receptor 1
NC1=N[C@@H](CCC2(c3ccc(F)cc3F)CC2)CO1,Trace amine-associated receptor 1
CCOc1cccc(-n2cc(C(=O)Nc3ccc([C@H]4CNCCO4)cc3)nn2)c1,Trace amine-associated receptor 1
COc1cccc(OCC[C@H]2COC(N)=N2)c1,Trace amine-associated receptor 1
CC(C)N(Cc1c[nH]cn1)c1cccc(F)c1,Trace amine-associated receptor 1
CN1CCN(c2ccc(NC(=O)Nc3ccc(-c4cnco4)cc3)cc2)CC1,Trace amine-associated receptor 1
CCN1CCC(c2ccc(NC(=O)c3ccc(Cl)cc3)cc2)C1,Trace amine-associated receptor 1
NCCc1ccc(Oc2ccc(O)cc2)cc1,Trace amine-associated receptor 1
O=C(NCCc1ccccc1Cl)[C@@H]1CCCN1C(=O)[C@@H](NS(=O)(=O)c1ccc(F)cc1F)c1ccccc1,Trace amine-associated receptor 1
O=C(Cc1ccc(C(F)(F)F)cc1)Nc1ccc(C2CCNC2)cc1,Trace amine-associated receptor 1
CC[C@@H](C[C@H]1COC(N)=N1)Oc1ccc2ccccc2c1,Trace amine-associated receptor 1
Cl.NCCCOc1ccc(Oc2ccccc2)cc1,Trace amine-associated receptor 1
CC[C@@H](C[C@H]1COC(N)=N1)Oc1ccc(F)cc1F,Trace amine-associated receptor 1
CCC(C[C@H]1COC(N)=N1)c1cccc(Cl)c1F,Trace amine-associated receptor 1
N#Cc1cc(NC(=O)Nc2ccc([C@H]3CNCCO3)cc2F)ccc1F,Trace amine-associated receptor 1
O=C(Nc1ccc([C@H]2CNCCO2)cc1)c1ccnn1-c1ccccc1,Trace amine-associated receptor 1
O=C(N[C@H](C(=O)N1CCC[C@H]1C(=O)NCCc1ccccc1Cl)c1ccccc1)c1cccs1,Trace amine-associated receptor 1
NC1=N[C@@H](COc2cc(Cl)cc(Cl)c2)CO1,Trace amine-associated receptor 1
O=C(Nc1ccc([C@H]2CCCNC2)cc1)c1ccc(Cl)c(Cl)c1,Trace amine-associated receptor 1
COc1cccc(NC(=O)c2ccc(N3CCCC3)c(C(F)(F)F)c2)c1,Trace amine-associated receptor 1
Cc1cc(C(=O)Nc2ccc([C@H]3CNCCO3)c(Cl)c2)cc(C#N)n1,Trace amine-associated receptor 1
O=C(Nc1ccc(C2CCNC2)cc1)c1ncccc1F,Trace amine-associated receptor 1
NC1=N[C@@H](c2ccc(Br)c(F)c2)CO1,Trace amine-associated receptor 1
O=C(Nc1ccc(C2CCCNC2)cc1)c1ccc(Cl)cn1,Trace amine-associated receptor 1
NC1=N[C@@H](c2ccc(Cl)c(Cl)c2)CO1,Trace amine-associated receptor 1
CCOc1cccc(-n2ncc(C(=O)Nc3ccc([C@H]4CNCCO4)cc3)n2)c1,Trace amine-associated receptor 1
O=C(Nc1ccc(C2CCNC2)cc1)c1ccc(Br)cn1,Trace amine-associated receptor 1
N=C(N)N/N=C/c1cccc(OCc2ccccc2)c1,Trace amine-associated receptor 1
NC1=N[C@@H](c2cccc(F)c2F)CO1,Trace amine-associated receptor 1
CN(Cc1cnc[nH]1)c1cccc(OCc2ccccc2)c1,Trace amine-associated receptor 1
CC(C)[C@H](NC(=O)C1CC1)C(=O)N1CCC[C@H]1C(=O)NCCc1ccccc1Cl,Trace amine-associated receptor 1
CC(C)N(Cc1ncc[nH]1)c1cccc(Cl)c1,Trace amine-associated receptor 1
N#Cc1ccc(C(=O)Nc2ccc([C@@H]3CNCCO3)cc2Cl)nc1,Trace amine-associated receptor 1
c1ccc(NCc2ncc[nH]2)cc1,Trace amine-associated receptor 1
O=C(Nc1ccc(C2CCNC2)nc1)c1ccc(Cl)cc1,Trace amine-associated receptor 1
CN(C)CCc1ccc(Br)cc1,Trace amine-associated receptor 1
C[C@@H](C[C@H]1COC(N)=N1)Oc1ccc(F)c(Cl)c1,Trace amine-associated receptor 1
Cc1ccc(F)c(CC2COC(N)=N2)c1,Trace amine-associated receptor 1
NC1=N[C@@H](c2ccc(Br)c(Cl)c2)CO1,Trace amine-associated receptor 1
CC(CCc1ccccc1)[C@H]1COC(N)=N1,Trace amine-associated receptor 1
N#Cc1cc(F)cc(NC(=O)Nc2ccc([C@H]3CNCCO3)cc2F)c1,Trace amine-associated receptor 1
Cc1cc(C(=O)Nc2ccc(C3CNCCO3)cc2)cc(Cl)n1,Trace amine-associated receptor 1
Clc1ccc(CNCc2ccc(Cn3cncn3)cc2)c(Cl)c1,Trace amine-associated receptor 1
O=C(Nc1ccc(C2CNCCO2)cc1)c1cc(Cl)nc(Cl)c1,Trace amine-associated receptor 1
CC(C)N(Cc1cnc[nH]1)c1cccc(-c2ccccc2)c1,Trace amine-associated receptor 1
O=C(Nc1ccc(C(F)(F)F)nc1)Nc1ccc([C@@H]2CNCCO2)cc1Cl,Trace amine-associated receptor 1
O=C(Nc1ccc([C@H]2CNCCO2)c(F)c1)c1cnn(-c2cncc(C(F)(F)F)n2)c1,Trace amine-associated receptor 1
O=C(Nc1ccc(C2CCNC2)cc1)OC1Cc2ccccc2C1,Trace amine-associated receptor 1
CC(C)[C@H](NC(=O)C1CCCC1)C(=O)N1CCC[C@H]1C(=O)NCCc1ccccc1Cl,Trace amine-associated receptor 1
O=C(Nc1ccc([C@H]2CNCCO2)cc1)c1ccc(Cl)nc1,Trace amine-associated receptor 1
O=C(Nc1ccc(C2CCCNC2)cc1)Nc1ccc(Cl)nc1,Trace amine-associated receptor 1
CC(C)N(Cc1cnc[nH]1)c1ccc(Cl)cc1,Trace amine-associated receptor 1
CC[C@@H](C[C@H]1COC(N)=N1)Oc1cccc(Cl)c1,Trace amine-associated receptor 1
O=C(Nc1ccc([C@@H]2CNCCO2)c(F)c1)c1cnn(-c2ccc(OC(F)F)cc2)c1,Trace amine-associated receptor 1
Cc1ccccc1C1COC(N)=N1,Trace amine-associated receptor 1
N#Cc1ccc(-n2cc(C(=O)Nc3ccc([C@H]4CNCCO4)cc3F)cn2)cc1,Trace amine-associated receptor 1
O=C(Nc1ccc(OC2CCNC2)cc1)c1ccc(Cl)cc1,Trace amine-associated receptor 1
Cc1ccc(C(=O)Nc2ccc(C3CCCNC3)cc2)cc1,Trace amine-associated receptor 1
O=C(Nc1ccc(CCC2CCCNC2)cc1)c1ccc(Cl)cn1,Trace amine-associated receptor 1
CCC(C[C@H]1COC(N)=N1)c1cccc(Cl)c1,Trace amine-associated receptor 1
C[Si](C)(CC[C@H]1COC(N)=N1)c1cccc(Cl)c1,Trace amine-associated receptor 1
COc1ccc([C@H]2COC(N)=N2)c(C(F)(F)F)c1,Trace amine-associated receptor 1
O=C(Nc1ccc(C2CNCCO2)cc1)c1ccc(Cl)nc1,Trace amine-associated receptor 1
O=C(Nc1cnc(C(F)(F)F)nc1)Nc1ccc([C@@H]2CNCCO2)cc1Br,Trace amine-associated receptor 1
O=C(N[C@H](C(=O)N1CCC[C@H]1C(=O)NCCc1ccccc1Cl)C1CCCCC1)c1cccs1,Trace amine-associated receptor 1
NCCc1ccc(Oc2ccccc2)c(I)c1,Trace amine-associated receptor 1
CCN(Cc1cnc[nH]1)c1ccc(F)c(OC)c1,Trace amine-associated receptor 1
N#Cc1cnc(Nc2ccc(CC[C@H]3COC(N)=N3)cc2)cn1,Trace amine-associated receptor 1
Cc1cccc(CC[C@H]2COC(N)=N2)c1,Trace amine-associated receptor 1
CC(C1CC1)N(Cc1cnc[nH]1)c1cccc(Cl)c1,Trace amine-associated receptor 1
Cc1ccc(-n2ncc(C(=O)Nc3ccc([C@H]4CNCCO4)cc3)n2)cc1,Trace amine-associated receptor 1
O=C(Nc1ccc([C@@H]2CNCCO2)cc1)c1cccc(Cl)c1,Trace amine-associated receptor 1
Cc1cccc(C(=O)Nc2ccc([C@@H]3CCCNC3)cc2)c1,Trace amine-associated receptor 1
CC(C[C@H]1COC(N)=N1)c1ccc(C(F)(F)F)cc1,Trace amine-associated receptor 1
O=C(NCc1ccc([C@@H]2CNCCO2)cc1)c1ccc(C(F)(F)F)nc1,Trace amine-associated receptor 1
COc1c(F)ccc(N(Cc2cnc[nH]2)C(C)C)c1F,Trace amine-associated receptor 1
O=C(Nc1ccc(C2CCNC2)cc1)c1cn(-c2ccc(OC(F)F)cc2)nn1,Trace amine-associated receptor 1
O=C(Nc1ccc(C(F)(F)F)nc1)Nc1ccc([C@@H]2CNCCO2)cc1F,Trace amine-associated receptor 1
CCN(Cc1cnc[nH]1)c1ccc(Cl)c(F)c1,Trace amine-associated receptor 1
O=C(Nc1ccc([C@@H]2CNCCO2)cc1Cl)c1cnn(-c2ccc(F)cc2)c1,Trace amine-associated receptor 1
Cc1cccc(-n2ncc(C(=O)Nc3ccc([C@H]4CNCCO4)cc3)n2)c1,Trace amine-associated receptor 1
NC1=N[C@H](c2ccc(Br)cc2Cl)CO1,Trace amine-associated receptor 1
O=C(Nc1ccc([C@@H]2CCCNC2)cc1)OC1Cc2ccccc2C1,Trace amine-associated receptor 1
COc1cccc(NC(=O)c2ccc(Cl)c(Cl)c2)c1,Trace amine-associated receptor 1
O=C(Nc1ccc(C2CNCCO2)cc1)c1ccc(N2CCCC2)nc1,Trace amine-associated receptor 1
CCC(C[C@H]1COC(N)=N1)c1cc(F)cc(F)c1,Trace amine-associated receptor 1
CC[C@@H](C[C@H]1COC(N)=N1)Oc1ccc(Cl)cc1,Trace amine-associated receptor 1
CC(C)N(Cc1cnc[nH]1)c1ccc(OC(F)(F)F)c(Cl)c1,Trace amine-associated receptor 1
NC1=N[C@@H](CCc2cccc(Cl)c2Cl)CO1,Trace amine-associated receptor 1
CC(C)N(Cc1cnc[nH]1)c1ccc(OCc2ccccc2)c(Cl)c1,Trace amine-associated receptor 1
O=C(Nc1ccc(CCC2CCCN2)cc1)c1ccc(F)cn1,Trace amine-associated receptor 1
NC1=N[C@@H](c2ccc(F)cc2C(F)(F)F)CO1,Trace amine-associated receptor 1
COc1cccc(-c2cc(C(=O)Nc3ccc([C@H]4CNCCO4)cc3)n(C)n2)c1,Trace amine-associated receptor 1
C[C@]1(c2cc(F)c(F)c(F)c2)COC(N)=N1,Trace amine-associated receptor 1
CNCCc1ccccc1F,Trace amine-associated receptor 1
O=C(Nc1ccc([C@H]2CCCNC2)cc1)c1ccc(Cl)cc1,Trace amine-associated receptor 1
Cc1cc(C2(C)COC(N)=N2)c(F)cc1Cl,Trace amine-associated receptor 1
NC1=NC(c2ccc(Cl)c(Cl)c2)CO1,Trace amine-associated receptor 1
N#Cc1cccc(CNC(=O)Nc2ccc([C@H]3CNCCO3)cc2F)c1,Trace amine-associated receptor 1
COc1ccc(C#N)cc1NC(=O)Nc1ccc([C@H]2CNCCO2)cc1F,Trace amine-associated receptor 1
Cc1cc(CC[C@H]2COC(N)=N2)ccc1F,Trace amine-associated receptor 1
NC1=N[C@@H](Cc2cccc3ccccc23)CO1,Trace amine-associated receptor 1
Cc1cc([C@@]2(C)COC(N)=N2)c(F)cc1Cl,Trace amine-associated receptor 1
CC(C)N(Cc1cnc[nH]1)c1cccc(Cc2ccccc2)c1,Trace amine-associated receptor 1
CC(CC(F)(F)F)OC(=O)Nc1ccc(C2CCNC2)cc1,Trace amine-associated receptor 1
NC1=N[C@@H](CCc2ccc(Cl)c(C(F)(F)F)c2)CO1,Trace amine-associated receptor 1
NC1=N[C@@H](CCOc2ccc(Cl)c(Cl)c2)CO1,Trace amine-associated receptor 1
COc1cccc(NC(=O)c2ccc(NCc3ccccc3)c([N+](=O)[O-])c2)c1,Trace amine-associated receptor 1
CC1(CCc2ccccc2)COC(N)=N1,Trace amine-associated receptor 1
O=C(Nc1ccc([C@H]2CNCCO2)cc1)c1ccc(Cl)cc1F,Trace amine-associated receptor 1
NC1=N[C@@H](CCc2ccc(Nc3ncc(Br)cn3)cc2)CO1,Trace amine-associated receptor 1
FC(F)(F)c1cccc(C(F)(F)F)c1Cc1ncc[nH]1,Trace amine-associated receptor 1
CCCCc1oc2ccccc2c1C(=O)c1ccc(OCCN(CC)CC)cc1,Trace amine-associated receptor 1
C[Si](C)(CC[C@H]1COC(N)=N1)c1ccc(Cl)cc1,Trace amine-associated receptor 1
CCOc1ccc(C(=O)Nc2ccc(C3CCCNC3)cc2)nc1,Trace amine-associated receptor 1
O=C(N[C@H](C(=O)N1CCC[C@H]1C(=O)NCCc1ccccc1Cl)c1ccccc1)c1ccco1,Trace amine-associated receptor 1
COc1cccc(C(=O)N[C@H](C(=O)N2CCC[C@H]2C(=O)NCCc2ccccc2Cl)c2ccccc2)c1,Trace amine-associated receptor 1
NC1=N[C@H](c2ccc(-c3ccccc3)cc2)CO1,Trace amine-associated receptor 1
Cc1ccc(C)c(CCN)c1,Trace amine-associated receptor 1
CCCCc1oc2ccccc2c1C(=O)c1ccc(OCCN)c(I)c1,Trace amine-associated receptor 1
NC1=N[C@@H](COc2ccc(F)cc2F)CO1,Trace amine-associated receptor 1
CCc1ccc(C(=O)Nc2ccc(C3CNCCO3)cc2)cc1,Trace amine-associated receptor 1
CC(C)N(Cc1cnc[nH]1)c1cccc(OCc2ccccc2)c1,Trace amine-associated receptor 1
CC[C@@H](C[C@H]1COC(N)=N1)Oc1ccc2ncccc2c1,Trace amine-associated receptor 1
NC1=N[C@@H](CCc2ccc(Nc3cnc(Cl)nc3)cc2)CO1,Trace amine-associated receptor 1
CC(C)N(Cc1cnc[nH]1)c1cc(F)cc(Cl)c1,Trace amine-associated receptor 1
O=C(Nc1ccc(C2CNCCO2)cc1)c1csc(-c2cnccn2)n1,Trace amine-associated receptor 1
Cc1cc(CCN)ccc1Oc1ccc(O)cc1,Trace amine-associated receptor 1
Fc1ccc(-c2cc(-c3ccc([C@H]4CNCCO4)cc3F)n[nH]2)cc1,Trace amine-associated receptor 1
CCC(C[C@H]1COC(N)=N1)c1ccc(F)c(Cl)c1,Trace amine-associated receptor 1
N#Cc1cccc(NC(=O)Nc2ccc(C3CNCCO3)cc2C#N)c1,Trace amine-associated receptor 1
O=C(Nc1ccc([C@H]2CNCCO2)cc1)c1ccn(-c2ccc(C(F)(F)F)cn2)n1,Trace amine-associated receptor 1
COc1cccc(NC(=O)c2ccc(N3CCCC3)c([N+](=O)[O-])c2)c1,Trace amine-associated receptor 1
Clc1cccc(N(Cc2cnc[nH]2)CC2CC2)c1,Trace amine-associated receptor 1
CN(C)CCc1ccc(OCc2ccccc2)cc1,Trace amine-associated receptor 1
Cl.NCC(c1ccccc1)c1ccc(Oc2ccccc2)cc1,Trace amine-associated receptor 1
CO[C@H]1CC[C@H](C(=O)Nc2ccc(C3CNCCO3)cc2)CC1,Trace amine-associated receptor 1
O=C(Nc1ccc(C2CNCCO2)cc1)c1ccnc(C(F)(F)F)c1,Trace amine-associated receptor 1
NC1=N[C@@H](CCc2ccc(Nc3cccc4ccccc34)cc2)CO1,Trace amine-associated receptor 1
CCOc1ccc(C(=O)Nc2ccc([C@@H]3CNCCO3)c(Cl)c2)cn1,Trace amine-associated receptor 1
CCC(C[C@H]1COC(N)=N1)c1ccc(Cl)c(Cl)c1,Trace amine-associated receptor 1
NC1=N[C@@H](CCc2ccc(Nc3cccc4cccc(Cl)c34)cc2)CO1,Trace amine-associated receptor 1
C[C@]1(CCc2ccc(Cl)cc2Cl)COC(N)=N1,Trace amine-associated receptor 1
N#Cc1cccc(-c2cc(C(=O)Nc3ccc([C@H]4CCCNC4)cc3)[nH]n2)c1,Trace amine-associated receptor 1
NC1=N[C@@H](CCc2cc(C(F)(F)F)ccc2C(F)(F)F)CO1,Trace amine-associated receptor 1
Cc1cc(C2(C)COC(N)=N2)ccc1Cl,Trace amine-associated receptor 1
O=C(Nc1ccc([C@H]2CNCCO2)cc1F)c1cnn(-c2ccc(F)cc2)c1,Trace amine-associated receptor 1
NC1=N[C@@H](CCc2ccc(Nc3ncccc3F)cc2)CO1,Trace amine-associated receptor 1
NC1=N[C@@H](CCOc2ccc(F)c(F)c2)CO1,Trace amine-associated receptor 1
COc1cccc(NC(=O)c2ccc(F)c(S(=O)(=O)N3CCCCC3)c2)c1,Trace amine-associated receptor 1
CC(C)N(Cc1cnc[nH]1)c1cccc(Oc2cccc(Cl)c2)c1,Trace amine-associated receptor 1
C[C@]1(c2ccc(C(F)(F)F)cc2F)COC(N)=N1,Trace amine-associated receptor 1
O=C(Nc1ccc(C2CNCCO2)cc1)c1cncc(Cl)c1,Trace amine-associated receptor 1
O=C(Nc1ccc([C@@H]2CCCNC2)cc1)c1ccc(OCC(F)(F)F)nc1,Trace amine-associated receptor 1
COc1cc(C(=O)Nc2ccc([C@H]3CNCCO3)cc2F)cc(C(N)=O)n1,Trace amine-associated receptor 1
c1ccc(Cc2ncc[nH]2)cc1,Trace amine-associated receptor 1
NC1=N[C@@H](CCc2cc(F)cc(C(F)(F)F)c2)CO1,Trace amine-associated receptor 1
O=C(Nc1ccc(C2CCNC2)cc1)OCCc1ccc(F)cc1,Trace amine-associated receptor 1
Cc1ccc(Nc2ccc(CC[C@H]3COC(N)=N3)cc2)cc1,Trace amine-associated receptor 1
CCCCc1oc2ccccc2c1C(=O)c1ccc(OCCN)cc1,Trace amine-associated receptor 1
CC(C)N(Cc1cnc[nH]1)c1ccc(Br)cc1,Trace amine-associated receptor 1
NC1=N[C@@H](CCOc2ccc(Oc3ccccc3)cc2)CO1,Trace amine-associated receptor 1
CN(C)CCc1ccc(F)cc1,Trace amine-associated receptor 1
C[C@@H](CNCCO)c1ccccc1,Trace amine-associated receptor 1
NC1=N[C@@H](CCc2ccc(Nc3cc(Cl)ncn3)cc2)CO1,Trace amine-associated receptor 1
CC(C)N(Cc1cnc[nH]1)c1ccc(F)c(Oc2ccccc2)c1,Trace amine-associated receptor 1
CC(C)N(Cc1cnc[nH]1)c1ccc2ccccc2c1,Trace amine-associated receptor 1
O=C(Nc1ccc([C@H]2CNCCO2)cc1)c1cnn(-c2ccc(Cl)cc2)n1,Trace amine-associated receptor 1
c1ccc(N(Cc2c[nH]cn2)C2CC2)cc1,Trace amine-associated receptor 1
O=C(Cc1ccccc1)Nc1ccc(C2CCNC2)cc1,Trace amine-associated receptor 1
COc1ccc(Nc2ccc(CC[C@H]3COC(N)=N3)cc2)nc1,Trace amine-associated receptor 1
COc1cccc(NC(=O)c2ccc(F)c(Br)c2)c1,Trace amine-associated receptor 1
CCN(Cc1cnc[nH]1)c1ccccc1,Trace amine-associated receptor 1
CC(C)N(Cc1cnc[nH]1)c1cccc(Oc2ccc(Cl)cc2)c1,Trace amine-associated receptor 1
Cc1cc(F)ccc1C1COC(N)=N1,Trace amine-associated receptor 1
Cc1cccc(-n2cc(C(=O)Nc3ccc([C@H]4CNCCO4)cc3)nn2)c1,Trace amine-associated receptor 1
O=C(Nc1ccc([C@H]2CNCCO2)cc1F)c1cnn(-c2ccc3c(c2)OC(F)(F)O3)c1,Trace amine-associated receptor 1
O=C(Nc1ccc([C@H]2CNCCO2)cc1)c1cc(-c2ccc(F)cc2)[nH]n1,Trace amine-associated receptor 1
CCOc1cc(C(=O)Nc2ccc(C3CNCCO3)cc2)ccn1,Trace amine-associated receptor 1
O=C(Nc1ccc([C@H]2CNCCO2)cc1F)c1cnn(-c2ccc(OC(F)F)cc2)c1,Trace amine-associated receptor 1
NCCc1ccc(Cc2ccc(N)cc2)cc1,Trace amine-associated receptor 1
CN(C)CCNC(=O)c1ccc(Oc2ccccc2)cc1.Cl,Trace amine-associated receptor 1
NC1=N[C@@H](COc2ccc(Cl)cc2)CO1,Trace amine-associated receptor 1
CCCc1ccc(C(=O)Nc2ccc(C3CCNC3)cc2)cc1,Trace amine-associated receptor 1
COc1cc(CCN)c(OC)cc1C,Trace amine-associated receptor 1
Cl.NCCCCNC(=O)c1ccc(Oc2ccccc2)cc1,Trace amine-associated receptor 1
O=C(Nc1ccc([C@@H]2CNC[C@H]2O)cc1)c1ccc(Cl)cc1,Trace amine-associated receptor 1
O=C(Nc1cc(-c2ccc([C@H]3CNCCO3)cc2)n[nH]1)c1ccc(F)cc1,Trace amine-associated receptor 1
NC1=N[C@H](c2ccc(F)cc2F)CO1,Trace amine-associated receptor 1
C[C@H](N)Cc1ccc(O)cc1,Trace amine-associated receptor 1
CCOc1ccc(C(=O)Nc2ccc(C3CCCNC3)cc2)cc1,Trace amine-associated receptor 1
NC1=N[C@@H](CNc2cccc(Cl)c2)CO1,Trace amine-associated receptor 1
C[C@@H](C[C@H]1COC(N)=N1)Oc1ccc(Cl)cc1,Trace amine-associated receptor 1
c1ccc2c(c1)CCCN2Cc1c[nH]cn1,Trace amine-associated receptor 1
NCCc1ccc(C(F)(F)F)cc1,Trace amine-associated receptor 1
COc1cccc(C(C)C(=O)Nc2ccc(C3CCNC3)cc2)c1,Trace amine-associated receptor 1
CC(C)N(Cc1c[nH]cn1)c1ccccc1Cl,Trace amine-associated receptor 1
NC1=N[C@@H](CCc2ccc(NC(c3ccc(Cl)cc3)C(F)(F)F)cc2)CO1,Trace amine-associated receptor 1
CCN(Cc1cnc[nH]1)c1cc(F)cc(F)c1,Trace amine-associated receptor 1
COc1cccc(C)c1NC1=NCCO1,Trace amine-associated receptor 1
O=C(Nc1cnc(C(F)(F)F)nc1)Nc1ccc([C@H]2CNCCO2)cc1Cl,Trace amine-associated receptor 1
c1ccc(Nc2ccc(NCc3cnc[nH]3)cc2)cc1,Trace amine-associated receptor 1
Cc1cc(Nc2ccc(CC[C@H]3COC(N)=N3)cc2)ncn1,Trace amine-associated receptor 1
O=C(Nc1cnc(C(F)(F)F)nc1)Nc1ccc([C@@H]2CNCCO2)cc1Cl,Trace amine-associated receptor 1
O=C(Nc1ccc(CCC2CCCN2)cc1)c1ccc(C(F)(F)F)cc1,Trace amine-associated receptor 1
Cc1cc(CC[C@H]2COC(N)=N2)ccn1,Trace amine-associated receptor 1
O=C(Nc1ccc([C@H]2CNCCO2)cc1)c1ccn(-c2ccc(Cl)cn2)n1,Trace amine-associated receptor 1
O=C(Nc1ccc([C@H]2CNCCO2)cc1)c1cn(-c2ccc(Br)cn2)nn1,Trace amine-associated receptor 1
CC1(c2c(F)ccc(F)c2F)COC(N)=N1,Trace amine-associated receptor 1
O=C(Nc1ccc(CCC2CCCNC2)cc1)c1ncc(F)cc1F,Trace amine-associated receptor 1
CN(C)CCc1ccccc1Cl,Trace amine-associated receptor 1
COc1cccc(NC(=O)c2ccc(N3CCN(C)CC3)c([N+](=O)[O-])c2)c1,Trace amine-associated receptor 1
Cc1cccc(CCN)c1,Trace amine-associated receptor 1
Cc1ccc(Cl)cc1C1COC(N)=N1,Trace amine-associated receptor 1
Cn1cc(-c2nc(C(=O)Nc3ccc(C4CNCCO4)cc3)cs2)cn1,Trace amine-associated receptor 1
Fc1ccc2c(CCNCc3cnn(-c4ccccc4)c3)c[nH]c2c1,Trace amine-associated receptor 1
Cc1cc(C(=O)Nc2ccc([C@H]3CNCCO3)cc2F)cc(C#N)n1,Trace amine-associated receptor 1
N#Cc1ccc(C(=O)Nc2ccc([C@H]3CNCCO3)cc2Cl)nc1,Trace amine-associated receptor 1
C=CCn1cc(CN[C@H](C)Cn2ccc3ccccc32)c(C)n1,Trace amine-associated receptor 1
CN(Cc1cnc[nH]1)c1ccc(F)c(F)c1,Trace amine-associated receptor 1
COc1cc(C(=O)Nc2ccc([C@H]3CNCCO3)cc2Cl)cc(C#N)n1,Trace amine-associated receptor 1
NC1=N[C@@H](CCc2ccc(C(F)(F)F)cc2)CO1,Trace amine-associated receptor 1
Cc1ccc(C2COC(N)=N2)cc1Cl,Trace amine-associated receptor 1
O=C(Nc1ccc([C@@H]2CCCNC2)cc1)c1ccc(C(F)(F)F)nc1,Trace amine-associated receptor 1
Fc1ccc([C@@H]2COC(c3ccc([C@H]4CNCCO4)cc3)=N2)cc1,Trace amine-associated receptor 1
CCN(Cc1cnc[nH]1)c1ccc(F)c(Cl)c1,Trace amine-associated receptor 1
CC(C)n1c(C2CCCN2)nc2ccccc21,Trace amine-associated receptor 1
O=C(N[C@@H](Cc1cccnc1)C(=O)N1CCC[C@H]1C(=O)NCCc1ccccc1Cl)c1ccccc1.O=C(O)C(F)(F)F,Trace amine-associated receptor 1
O=C(Nc1ccc([C@H]2CNCCO2)cc1Cl)c1cnn(-c2ccc(F)cc2)c1,Trace amine-associated receptor 1
O=C(Nc1ccc(C2CCCNC2)cc1)c1ccc(OCC(F)(F)F)cn1,Trace amine-associated receptor 1
CC(C(=O)Nc1ccc(C2CCCNC2)cc1)c1ccc(Cl)cc1,Trace amine-associated receptor 1
NC(Cc1ccccc1)c1csc(Nc2ccc(C(=O)NCCO)cc2)n1,Trace amine-associated receptor 1
COc1cccc(COc2ccc(CCN)cc2)c1,Trace amine-associated receptor 1
NCCc1ccc(OCc2ccccc2)c(I)c1,Trace amine-associated receptor 1
CN(C(=O)Nc1ccc(C2CCNC2)cc1)c1ccccc1,Trace amine-associated receptor 1
C[C@@H](C[C@H]1COC(N)=N1)Oc1ccc(Br)cc1,Trace amine-associated receptor 1
N#Cc1ccc(-n2cc(C(=O)Nc3ccc([C@H]4CNCCO4)cc3Cl)cn2)cc1,Trace amine-associated receptor 1
CC(C[C@H]1COC(N)=N1)c1ccccc1F,Trace amine-associated receptor 1
CC(C)N(Cc1cnc[nH]1)c1cc(F)cc(F)c1,Trace amine-associated receptor 1
FC(F)(F)c1ccc2c(n1)[nH]c1ccc([C@H]3CNCCO3)cc12,Trace amine-associated receptor 1
NCCOc1ccc(Cc2ccc(N)cc2)cc1,Trace amine-associated receptor 1
CCOC(=O)N[C@H](C(=O)N1CCC[C@H]1C(=O)NCCc1ccccc1Cl)c1ccccc1,Trace amine-associated receptor 1
CSc1cnc(C(=O)Nc2ccc([C@@H]3CCCNC3)cc2)cn1,Trace amine-associated receptor 1
CC(CC[C@H]1COC(N)=N1)c1ccccc1,Trace amine-associated receptor 1
C[C@]1(c2cc(F)cc(Cl)c2)COC(N)=N1,Trace amine-associated receptor 1
CCN(Cc1cnc[nH]1)c1cccc(Oc2ccccc2)c1,Trace amine-associated receptor 1
Cl.c1ccc(Oc2ccc3c(c2)C(c2ccccc2)CNCC3)cc1,Trace amine-associated receptor 1
O=C(Nc1ccc([C@@H]2CCCNC2)cc1)c1cnc(Cl)cn1,Trace amine-associated receptor 1
CCC(C[C@H]1COC(N)=N1)c1ccccc1F,Trace amine-associated receptor 1
NC1=N[C@@H](c2cccc(Cl)c2Cl)CO1,Trace amine-associated receptor 1
O=C(Nc1cccc(Cl)c1)c1ccc(N2CCCC2)c(C(F)(F)F)c1,Trace amine-associated receptor 1
O=C(N[C@@H](Cc1cccnc1)C(=O)N1CCC[C@H]1C(=O)NCCc1ccccc1Cl)c1ccc(Cl)cc1Cl.O=C(O)C(F)(F)F,Trace amine-associated receptor 1
C[C@]1(c2ccc(Cl)c(Cl)c2)COC(N)=N1,Trace amine-associated receptor 1
O=C(Nc1ccc(C2CNCCO2)cc1)c1ccccc1,Trace amine-associated receptor 1
C[C@H](CN)c1ccccc1,Trace amine-associated receptor 1
COc1cc(CCN)c(OC)cc1Cl,Trace amine-associated receptor 1
Cc1nn(-c2ccccc2)nc1C(=O)Nc1ccc([C@H]2CNCCO2)cc1,Trace amine-associated receptor 1
NC1=N[C@@H](CCc2ccc(N[C@@H](c3ccc(Cl)cc3)C(F)(F)F)cc2)CO1,Trace amine-associated receptor 1
O=C(Nc1ccc(C2CNCCO2)cc1)c1ccc(C(F)(F)F)nc1,Trace amine-associated receptor 1
CCOc1ccc(C#N)cc1NC(=O)Nc1ccc([C@H]2CNCCO2)cc1F,Trace amine-associated receptor 1
COc1cccc(C[C@@H](C)N)c1,Trace amine-associated receptor 1
O=C(NCc1ccc([C@@H]2CNCCO2)cc1)c1ccc(Cl)cc1,Trace amine-associated receptor 1
CCCCCCCCN1C(=O)[C@@H](CC(=O)NCCc2ccccc2OC)C[C@@]2(C(=O)OC)C1=C[C@H](C(C)(C)C)O[C@@H]2C,Trace amine-associated receptor 1
O=C(Nc1ccc(C2CCCNC2)cc1)c1ccc(Cl)c(Cl)c1,Trace amine-associated receptor 1
CNCc1nc2ccccc2n1C(F)F,Trace amine-associated receptor 1
NC1=N[C@@H](c2ccc(Cl)cc2C(F)(F)F)CO1,Trace amine-associated receptor 1
NCCc1ccc(OCc2c(F)c(F)c(F)c(F)c2F)cc1,Trace amine-associated receptor 1
COc1cc(OC)c(OC)cc1CCN,Trace amine-associated receptor 1
CC[C@@H](C[C@H]1COC(N)=N1)Oc1ccc(Cl)cc1F,Trace amine-associated receptor 1
CCOC(=O)[C@]12CCC=C1N(CCC1=CCCCC1)C(=O)[C@H](CC(=O)NCCc1ccccc1OC)C2,Trace amine-associated receptor 1
Cc1cc(CC[C@H]2COC(N)=N2)ccc1Nc1ncc(Cl)cn1,Trace amine-associated receptor 1
O=C(NCc1ccccc1)Nc1ccc(C2CCNC2)cc1,Trace amine-associated receptor 1
COc1cccc(NC(=O)c2ccc(N)c([N+](=O)[O-])c2)c1,Trace amine-associated receptor 1
CC(C)N(Cc1cnc[nH]1)c1ccc(Br)c(Cl)c1,Trace amine-associated receptor 1
O=C(Nc1ccc(CCC2CCCCN2)cc1)c1ccc(C(F)(F)F)cc1,Trace amine-associated receptor 1
CC(C)N(Cc1cnc[nH]1)c1cccc(OC(F)(F)C(F)F)c1,Trace amine-associated receptor 1
O=C(Nc1ccc(C2CCNC2)cc1)c1ccc(Cl)cc1Cl,Trace amine-associated receptor 1
NCCc1ccc(Oc2ccc(O)c(I)c2)c(I)c1,Trace amine-associated receptor 1
NC1=NC(c2cccc(Br)c2)CO1,Trace amine-associated receptor 1
C#CC(CN)c1ccc(Oc2ccccc2)cc1.Cl,Trace amine-associated receptor 1
NC1=N[C@@H](CCc2ccc(Nc3cc(C(F)(F)F)ccn3)cc2)CO1,Trace amine-associated receptor 1
O=C(Nc1ccc(C2CCNC2)cc1)c1nccc2ccccc12,Trace amine-associated receptor 1
CC[C@]1(c2ccc(Cl)cc2)COC(N)=N1,Trace amine-associated receptor 1
CC1(c2cc(F)c(F)c(F)c2)COC(N)=N1,Trace amine-associated receptor 1
NC1=NC(c2ccc(OC(F)(F)F)cc2)CO1,Trace amine-associated receptor 1
NC1=N[C@@H](CCOc2ccc(Cl)c(F)c2)CO1,Trace amine-associated receptor 1
Fc1ccc2nc(-c3ccc([C@H]4CNCCO4)cc3)[nH]c2c1,Trace amine-associated receptor 1
NC1=N[C@@H](CCOc2cccc(C(=O)OCc3ccccc3)c2)CO1,Trace amine-associated receptor 1
COc1cc(C(=O)Nc2ccc([C@@H]3CNCCO3)cc2F)cc(Cl)n1,Trace amine-associated receptor 1
NC1=N[C@@H](CCCCc2ccccc2)CO1,Trace amine-associated receptor 1
COc1cccc(/C=N/NC(=N)N)c1,Trace amine-associated receptor 1
NC1=N[C@@H](CCCc2ccccc2)CO1,Trace amine-associated receptor 1
NC1=N[C@@H](CCOc2ccc(C(F)(F)F)cc2)CO1,Trace amine-associated receptor 1
CC(C)N(Cc1cnc[nH]1)c1ccccc1,Trace amine-associated receptor 1
N#Cc1ccc(F)c(-c2cc(C(=O)Nc3ccc([C@H]4CNCCO4)cc3)n[nH]2)c1,Trace amine-associated receptor 1
O=C(Nc1ccc([C@@H]2CNCCO2)cc1)c1ccc(Cl)cc1,Trace amine-associated receptor 1
CCC(CC[C@H]1COC(N)=N1)c1cccc(C(F)(F)F)c1,Trace amine-associated receptor 1
CCC(C[C@H]1COC(N)=N1)c1cc(F)cc(Cl)c1,Trace amine-associated receptor 1
O=C(NCc1ccc([C@H]2CNCCO2)cc1)c1ccc(Cl)nc1,Trace amine-associated receptor 1
COc1ccccc1-c1cc(C(=O)Nc2ccc([C@H]3CNCCO3)cc2)[nH]n1,Trace amine-associated receptor 1
O=C(Nc1ccc(CCC2CCNC2)cc1)c1ncc(F)cc1F,Trace amine-associated receptor 1
CO[C@H](C(=O)Nc1ccc(C2CCNC2)cc1)c1ccccc1,Trace amine-associated receptor 1
O=C(Nc1ccc([C@@H]2CCCNC2)cc1)c1cnc(OCC(F)(F)F)cn1,Trace amine-associated receptor 1
O=C(Nc1ccc(CCC2CCNC2)cc1)c1ncccc1F,Trace amine-associated receptor 1
FC(F)(F)c1cccc(C(F)(F)F)c1CC1=NCCN1,Trace amine-associated receptor 1
NC1=N[C@@H](CCOc2cccc(C(F)(F)F)c2)CO1,Trace amine-associated receptor 1
