smiles,targetname
CC(C)Oc1ccc(Nc2ncc(C(=O)NC(CO)CO)c(=O)n2Cc2ccc(Cl)cc2)cc1F,P2X purinoceptor 3
CC(C)Oc1ccc(Nc2nc(=O)n(CC(CO)CO)c(=O)n2Cc2ccc(Cl)cc2)cc1F,P2X purinoceptor 3
CC(C)Oc1ccccc1C1C(C(=O)C(C)C)C(=O)C(=O)N1c1ccc(-c2ccon2)cc1,P2X purinoceptor 3
COc1cc(C(C)C)c(Cn2cnc3c(NC4CCCC4)nc(N)nc32)cc1I,P2X purinoceptor 3
CCc1nc2ccc(Nc3ncc(NC(=O)C4CCOCC4)c(=O)n3Cc3ccc(Cl)cc3)cc2s1,P2X purinoceptor 3
CC(C)Oc1ccc(Nc2nc(OCCO)nc(=O)n2Cc2ccc(Cl)cc2)cc1F,P2X purinoceptor 3
COC(=O)C(C)(C)Cn1c(=O)[nH]/c(=Nc2ccc3oc(C)cc3c2)n(Cc2ccc(Cl)cc2)c1=O,P2X purinoceptor 3
CNC(=O)COc1ccccc1C1c2c(n[nH]c2C(C)(C)C)C(=O)N1c1ccc(-c2ccon2)cc1,P2X purinoceptor 3
C/C(=C1C(=O)C(=O)N(c2ccc(-c3nc(C)no3)cc2)C1c1ccccc1OC(C)C)C(C)C,P2X purinoceptor 3
CCCn1c(=O)nc(Nc2ccc(OC(C)C)c(F)c2)n(Cc2ccccc2)c1=O,P2X purinoceptor 3
COc1cc(C(C)C)c(Oc2cnc(NC(=O)CC(C)C)nc2N)cc1I,P2X purinoceptor 3
CC(C)Oc1ccc(Nc2[nH]c(=O)n(C)c(=O)c2Cc2ccc(Cl)cc2)cc1F,P2X purinoceptor 3
COC(=O)c1ccc(Nc2nc(=O)n(C(C)C)c(=O)n2Cc2ccc(Cl)cc2)cc1,P2X purinoceptor 3
COC(=O)C(C)(C)Cn1c(=O)cc(Nc2ccc(OC(C)C)c(Cl)c2)n(Cc2ccc(Cl)cc2)c1=O,P2X purinoceptor 3
CCOC(=O)C1(Cn2c(=O)[nH]/c(=Nc3ccc(OC(C)C)c(Cl)c3)n(Cc3ccc(Cl)cc3)c2=O)CC1,P2X purinoceptor 3
CCOc1ccc(/N=c2[nH]c(=O)n(C[C@H](C)C(=O)O)c(=O)n2Cc2ccc(Cl)cc2)cc1Cl,P2X purinoceptor 3
CC(C)C(=O)C1C(=O)C(=O)N(c2ccc(-c3ccsc3)cc2)C1c1ccccc1OC(F)F,P2X purinoceptor 3
CC(C)C(=O)C1C(=O)C(=O)N(c2ccc(-c3cccs3)cc2)C1c1cccnc1OCCO,P2X purinoceptor 3
COCCOc1ncccc1[C@@H]1C(C(=O)C(C)C)C(=O)C(=O)N1c1ccc(-c2ccc(C)s2)cc1,P2X purinoceptor 3
Cc1cc(/N=c2[nH]c(=O)n(CC(C)(C)C(=O)O)c(=O)n2Cc2ccc(Cl)cc2)ccc1OC(C)C,P2X purinoceptor 3
CC(C)n1c(=O)nc(Nc2cccc(OC(F)(F)F)c2)n(Cc2ccc(F)cc2)c1=O,P2X purinoceptor 3
CN(C)c1ccccc1C1c2c(n[nH]c2C(C)(C)C)C(=O)N1c1ccc(-c2ccon2)cc1,P2X purinoceptor 3
COc1ccc(-c2n[nH]c3c2C(C2CCCCC2)N(Cc2cc(C)on2)C3=O)cc1,P2X purinoceptor 3
Cc1ccc(-c2cc(C(=O)NC(C)c3cnccn3)cc(-c3scnc3C)c2)cc1,P2X purinoceptor 3
COc1ccccc1C1c2c(n[nH]c2C(C)(C)C)C(=O)N1c1ccc(-c2ccsc2)nc1,P2X purinoceptor 3
COc1ccccc1C1C(C(=O)C(C)(C)C)C(=O)C(=O)N1c1ccc(-c2ccoc2)nc1,P2X purinoceptor 3
CC(=O)OC(C)(C)C(=O)Nc1cnc(Nc2ccc(OC(C)C)c(F)c2)n(Cc2ccc(Cl)cc2)c1=O,P2X purinoceptor 3
Cc1cc(-c2ccc(N3C(=O)C(=O)C(C(=O)CC(C)C)C3c3ccccc3OC(F)F)cc2)on1,P2X purinoceptor 3
COCc1ccccc1C1C(C(=O)C(C)C)C(=O)C(=O)N1c1ccc(-c2cccs2)cc1,P2X purinoceptor 3
Cc1nc(-c2ccc(N3C(=O)C(=O)C(C(=O)C(C)C)C3c3ccccc3CCC(=O)NC(C)C)cc2)no1,P2X purinoceptor 3
COCCOc1cc(F)ccc1C1C(C(=O)CC(C)C)C(=O)C(=O)N1c1ccc(-c2ccsc2)cc1,P2X purinoceptor 3
CC(C)CC(=O)C1C(=O)C(=O)N(c2ccc(-c3ccsc3)cc2)C1c1ccccc1C(F)(F)F,P2X purinoceptor 3
Cc1ccc(N2CCc3ncnc(NC(CCO)c4ccccc4)c3C2)nc1,P2X purinoceptor 3
COC(=O)C[C@@H](C)n1c(=O)[nH]/c(=Nc2ccc(OC(C)C)c(Cl)c2)n(Cc2ccc(Cl)cc2)c1=O,P2X purinoceptor 3
Cc1ccc(-c2cc(C(=O)NCc3cnc(C)cn3)cc(N3C(=O)OC[C@@H]3C(C)C)c2)cc1,P2X purinoceptor 3
CNC(=O)COc1ccccc1C1c2c(n[nH]c2C(C)C)C(=O)N1c1ccc(-c2ccsc2)cc1,P2X purinoceptor 3
CCn1c(=O)cc(Nc2ccc(Oc3ccnc(C(=O)O)c3)cc2)n(Cc2ccc(Cl)cc2)c1=O,P2X purinoceptor 3
CC(C)Cc1ccc(Nc2nc(=O)n(CCO)c(=O)n2Cc2ccc(Cl)cc2)cc1,P2X purinoceptor 3
Cc1ccc(Cn2c(=O)n(CC(C)(C)C(=O)O)c(=O)[nH]/c2=Nc2ccc(OC(C)C)c(F)c2)cc1,P2X purinoceptor 3
CN(C)C(=O)c1ccccc1C1C(C(=O)CC(C)(C)C)C(=O)C(=O)N1c1ccc(-c2ccsc2)cc1,P2X purinoceptor 3
CSc1ccc(N2C(=O)C(=O)C(C(=O)C(C)C)C2c2ccccc2OC(C)C)cc1,P2X purinoceptor 3
CC(C)Oc1ccc(Nc2nc(=O)n(CCO)c(=O)n2Cc2ccc(Cl)c(F)c2)cc1F,P2X purinoceptor 3
CCCc1nc(-c2ccc(F)cc2)oc1C(=O)N(C)CCN1CCN(c2ncccn2)CC1,P2X purinoceptor 3
COCCOc1cc(F)ccc1C1C(C(=O)C(C)C)C(=O)C(=O)N1c1ccc(-c2ccsc2)cc1,P2X purinoceptor 3
Cc1ccc(N2CCc3ncnc(N[C@H](C)c4ccc(F)cc4)c3C2)nc1,P2X purinoceptor 3
CC(C)N1Cc2c(NC(c3ccccc3)c3ccccc3)nc(N3CCN(S(C)(=O)=O)CC3)nc2C1=O,P2X purinoceptor 3
COc1ccccc1C1C(C(=O)C(C)(C)CO)C(=O)C(=O)N1c1ccc(SC)cc1,P2X purinoceptor 3
Cc1nc2ccc(/N=c3[nH]c(=O)n(CC(C)(C)C(=O)O)c(=O)n3Cc3ccc(Cl)cc3)cc2o1,P2X purinoceptor 3
CC(C)(C)C(=O)C1C(=O)C(=O)N(c2ccc(-c3ccco3)cc2)C1c1ccccc1OCCO,P2X purinoceptor 3
CC(C)Oc1ccc(Nc2nc(=O)n(CC(C)(C)C(=O)O)c(=O)n2Cc2ccc(Cl)cc2)cc1F,P2X purinoceptor 3
CC(C)C(=O)C1C(=O)C(=O)N(c2ccc(-c3ccsc3)cc2)C1c1ccccc1OCC(CO)CO,P2X purinoceptor 3
CNC(=O)c1cc(Oc2cnc(N)nc2N)c(C(C)C)cc1OC,P2X purinoceptor 3
CCCC(=O)Nc1ncc(Oc2cc(I)c(OC)cc2C(C)C)c(NC(=O)CCC)n1,P2X purinoceptor 3
COc1ccccc1C1C(C(=O)C(C)C)C(=O)C(=O)N1c1ccc(-c2ccsc2)c(C)c1,P2X purinoceptor 3
CCOc1ccc(Nc2nc(=O)n(CCO)c(=O)n2Cc2ccc(Cl)cc2)cc1F,P2X purinoceptor 3
CCn1c(=O)cc(Nc2ccc(Oc3cncc(C(=O)OC)c3)cc2)n(Cc2ccc(Cl)cc2)c1=O,P2X purinoceptor 3
COc1cc(C(C)C)c(Oc2cnc(N)nc2NC(=O)C2CCOCC2)cc1I,P2X purinoceptor 3
CC(C)Oc1ccc(/N=c2[nH]c(OCC(C)(C)C(=O)O)nc(=O)n2Cc2ccc(Cl)cc2)cc1Cl,P2X purinoceptor 3
Cc1ccc(Oc2ccc(Nc3ncc(N)c(=O)n3Cc3ccc(Cl)cc3)cc2)cn1,P2X purinoceptor 3
CCCn1c(=O)nc(Nc2ccc(OC(C)C)c(F)c2)n(Cc2ccc(Cl)cc2)c1=O,P2X purinoceptor 3
CC(C)Oc1ccc(Nc2ncc(N(S(C)(=O)=O)S(C)(=O)=O)c(=O)n2Cc2ccc(Cl)cc2)cc1F,P2X purinoceptor 3
CCCCn1ncc2c(-c3ccc(C)cn3)cc(C(=O)N[C@@H](C)CO)cc21,P2X purinoceptor 3
COCCOc1ncccc1C1C(C(=O)C(C)(C)C)C(=O)C(=O)N1c1ccc(-c2ccsc2)cc1,P2X purinoceptor 3
COCc1ccccc1C1C(C(=O)C(C)C)C(=O)C(=O)N1c1ccc(-c2cscn2)cc1,P2X purinoceptor 3
CCOc1ncccc1C1C(C(=O)CC(C)C)C(=O)C(=O)N1c1ccc(-c2ccsc2)cc1,P2X purinoceptor 3
Cc1ccc2nc(C(C)C)c(Oc3cnc(N)nc3N)cc2c1,P2X purinoceptor 3
CC(C)c1cc(O)c(I)cc1Oc1cnc(N)nc1N,P2X purinoceptor 3
COc1ccccc1C1c2c(n[nH]c2C(C)(C)C)C(=O)N1c1ccc(OC(C)C)cc1,P2X purinoceptor 3
COCCOc1ccccc1C1C(C(=O)CC(C)C)C(=O)C(=O)N1c1ccc(-c2ccoc2)cc1,P2X purinoceptor 3
CC(C)Oc1ccc(Nc2nc(=O)n(CC(CO)CO)c(=O)n2Cc2ccc(Cl)cc2)cc1,P2X purinoceptor 3
Cc1nc(-c2ccc(N3C(=O)C(=O)C(C(=O)C4CCCC4)C3c3ccccc3OC(C)C)cc2)no1,P2X purinoceptor 3
COc1ccccc1C1c2c(C(F)(F)F)n[nH]c2C(=O)N1c1ccc(-c2ccon2)cc1,P2X purinoceptor 3
COc1cc(C(C)C)c(Oc2cnc(NC(=O)N3CCC(O)CC3)nc2N)cc1I,P2X purinoceptor 3
Cc1ccc(-c2cc(C(=O)NC(C)CO)cc(-c3scnc3C)c2)cc1,P2X purinoceptor 3
COc1cc(C(C)C)c(Oc2cnc(NC(=O)N3CCC(C)CC3)nc2N)cc1I,P2X purinoceptor 3
COCc1ccccc1C1C(C(=O)C(C)C)C(=O)C(=O)N1c1ccc(C2CCCC2)cc1,P2X purinoceptor 3
CC(C)n1c(=O)nc(Nc2ccc(C#N)cc2)n(Cc2ccc(Cl)cc2)c1=O,P2X purinoceptor 3
CC(C)C(=O)C1C(=O)C(=O)N(c2ccc(-c3ccsc3)cc2)C1c1ccccc1OCCN(C)C,P2X purinoceptor 3
COCc1ccccc1C1C(C(=O)C(C)C)C(=O)C(=O)N1c1ccc(-c2ccc(C)s2)cc1,P2X purinoceptor 3
CSc1ccc(Cn2c(Nc3ccc4nc(C)sc4c3)ncc(NC(=O)C3CCOCC3)c2=O)cc1,P2X purinoceptor 3
CCOC(=O)C(C)(C)C(=O)C1C(=O)C(=O)N(c2ccc(-c3csc(C)c3)cc2)C1c1ccccc1OC,P2X purinoceptor 3
Cc1ccc(-c2cc(C(=O)NC(C)c3ccco3)cc(-c3nccs3)c2)cc1,P2X purinoceptor 3
O=c1nc(Nc2ccc(OC(F)F)cc2)n(Cc2ccc(Cl)cc2)c(=O)n1CCO,P2X purinoceptor 3
CCOC(=O)Nc1ncc(Oc2cc(I)c(OC)cc2C(C)C)c(NC(=O)OCC)n1,P2X purinoceptor 3
Cc1ccc(-c2ccc(N3C(=O)C(=O)C(C(=O)CC(C)C)C3c3ccccc3C(=O)N3CCOCC3)cc2)o1,P2X purinoceptor 3
CCOC(=O)/C=C/c1cn(Cc2ccc(Cl)cc2)c(Nc2ccc(OC(C)C)c(Cl)c2)nc1=O,P2X purinoceptor 3
CC(C)CC(=O)C1C(=O)C(=O)N(c2ccc(-c3ccsc3)cc2)C1c1ccccc1C(=O)N(C)C,P2X purinoceptor 3
CCCn1ccc2cc(/N=c3[nH]c(=O)n(CC(C)(C)C(=O)O)c(=O)n3Cc3ccc(Cl)cc3)ccc21,P2X purinoceptor 3
COCC(=O)Nc1cnc(Nc2ccc(OC(C)C)c(F)c2)n(Cc2ccc(Cl)cc2)c1=O,P2X purinoceptor 3
CC(C)Oc1ccc(/N=c2[nH]c(=O)n(Cc3ccccc3C(=O)O)c(=O)n2Cc2ccc(Cl)cc2)cc1F,P2X purinoceptor 3
COc1ccccc1C1C(C(=O)C(C)(C)C)C(=O)C(=O)N1c1ccc(C(C)C)cc1,P2X purinoceptor 3
COc1ccccc1C1C(C(=O)CC(C)C)C(=O)C(=O)N1c1ccc(-c2csc(C)c2)cc1,P2X purinoceptor 3
COc1ccc2sc(N3C(=O)C(=O)C(C(=O)C(C)(C)C)C3c3ccccc3OC)nc2c1,P2X purinoceptor 3
CC(C)n1c(=O)nc(Nc2ccc3[nH]c(=O)oc3c2)n(Cc2ccc(Cl)cc2)c1=O,P2X purinoceptor 3
CC(C)Oc1ccc(/N=c2[nH]c(=O)n(CC(=O)O)c(=O)n2Cc2ccc(Cl)cc2)cc1Cl,P2X purinoceptor 3
CC(C)Oc1ccc(Nc2ncc(C(=O)NCCO)c(=O)n2Cc2ccc(Cl)cc2)cc1F,P2X purinoceptor 3
COc1ccc(C(=O)C2C(=O)C(=O)N(c3ccc(-c4ccco4)cc3)C2C2CCCCC2)cc1,P2X purinoceptor 3
COc1ccccc1C1C(C(=O)CC(C)C)C(=O)C(=O)N1c1ccc(-c2ccc(C)s2)cc1,P2X purinoceptor 3
COc1cc(C(C)C)c(Oc2cnc(NC(=O)N3CCCCC3)nc2N)cc1I,P2X purinoceptor 3
COc1ccccc1C1c2c(n[nH]c2C(C)(C)C)C(=O)N1c1ccc(-c2ccccc2)cc1,P2X purinoceptor 3
COc1ccccc1C1C(C(=O)C(C)(C)C)C(=O)C(=O)N1c1ccc(-c2cccs2)cc1,P2X purinoceptor 3
Cc1ccc(N2CCc3ncnc(NC(C)c4cccc(C(F)(F)F)c4)c3C2)nc1,P2X purinoceptor 3
CSc1ccc(N2C(=O)c3n[nH]c(C(C)(C)C)c3C2c2cccnc2OCCO)cc1,P2X purinoceptor 3
CCOc1ncccc1C1C(C(=O)C(C)C)C(=O)C(=O)N1c1ccc(-c2ccsc2)cc1,P2X purinoceptor 3
COc1ccccc1C1C(C(=O)C(C)C)C(=O)C(=O)N1c1ccc2sccc2c1,P2X purinoceptor 3
CCCc1nc(-c2ccc(F)cc2)oc1CNC(C)CN1CCN(c2ncccn2)CC1,P2X purinoceptor 3
CCc1cnc(Nc2ccc(OC(C)C)c(F)c2)c(Oc2ccc(C)cc2)n1,P2X purinoceptor 3
Cc1cc(=O)n(Cc2ccc(Cl)cc2)c(Nc2ccc3nc(C)sc3c2)n1,P2X purinoceptor 3
CC(C)(C)c1[nH]nc2c1C(c1cccnc1OCCO)N(c1ccc(-c3cccs3)cc1)C2=O,P2X purinoceptor 3
CSc1ccc(N2C(=O)C(=O)C(C(=O)C(C)(C)C)C2c2cccnc2OCCO)cc1,P2X purinoceptor 3
CC(C)Oc1ccc(Nc2nc(=O)n(CCO)c(=O)n2Cc2ccc(F)cc2F)cc1F,P2X purinoceptor 3
COCC(C)NC(=O)c1cc(-c2ccc(C)cc2)cc(-c2cscn2)c1,P2X purinoceptor 3
COc1cc(C(C)C)c(Oc2cnc(NC(=O)c3ccccn3)nc2N)cc1I,P2X purinoceptor 3
COC[C@H](C)NC(=O)c1cc(-c2ccc(C)cc2)cc(-c2scnc2C)c1,P2X purinoceptor 3
COc1ccccc1C1C(C(=O)C(C)(C)C)C(=O)C(=O)N1c1ccc(-c2ccsc2)cc1,P2X purinoceptor 3
CC(C)c1[nH]nc2c1C(c1ccccc1OCC(N)=O)N(c1ccc(-c3ccsc3)cc1)C2=O,P2X purinoceptor 3
CC(C)Oc1ccc(Nc2ncc(NC(=O)N3CCOCC3)c(=O)n2Cc2ccc(Cl)cc2)cc1F,P2X purinoceptor 3
CCn1c(=O)cc(Nc2ccc(Oc3cncc(C(=O)O)c3)cc2)n(Cc2ccc(Cl)cc2)c1=O,P2X purinoceptor 3
COc1ncccc1C1C(C(=O)C(C)(C)C)C(=O)C(=O)N1c1ccc(-c2ccoc2)cc1,P2X purinoceptor 3
O=c1nc(Nc2ccc(C(F)(F)F)c(F)c2)n(Cc2ccc(Cl)cc2)c(=O)n1CCO,P2X purinoceptor 3
COc1cc(C(C)C)c(Oc2cnc(N)nc2N)cc1C(C)=O,P2X purinoceptor 3
Cc1cc2cc(/N=c3[nH]c(=O)n(CCCC(=O)O)c(=O)n3Cc3ccc(Cl)cc3)ccc2o1,P2X purinoceptor 3
CC(C)N1Cc2c(NC(c3ccccc3)c3ccccc3)nc(N3CCOCC3)nc2C1=O,P2X purinoceptor 3
COc1cc(C(C)C)c(Oc2cnc(N)nc2NC(=O)C2CCN(C)CC2)cc1I,P2X purinoceptor 3
COCCOc1ncccc1C1c2c(n[nH]c2C(C)(C)C)C(=O)N1c1ccc(-c2ccco2)cc1,P2X purinoceptor 3
CCOc1ccc(/N=c2[nH]c(=O)n(C[C@@H](C)C(=O)OC)c(=O)n2Cc2ccc(Cl)cc2)cc1C,P2X purinoceptor 3
COCCOCC(=O)Nc1ncc(Oc2cc(I)c(OC)cc2C(C)C)c(N)n1,P2X purinoceptor 3
Cc1nc2ccc(Nc3ncc(Br)c(=O)n3Cc3ccc(Cl)cc3)cc2s1,P2X purinoceptor 3
CC(C)c1[nH]nc2c1C(c1ccccc1NS(C)(=O)=O)N(c1ccc(-c3ccsc3)cc1)C2=O,P2X purinoceptor 3
Cc1ccc(Oc2ccc(Nc3ncc(NC(=O)C4CCOCC4)c(=O)n3Cc3ccc(Cl)cc3)cc2)cn1,P2X purinoceptor 3
Cc1nc(-c2ccc(N3C(=O)C(=O)C(C(=O)C(C)C)C3c3ccccc3N3CCOCC3)cc2)no1,P2X purinoceptor 3
COCCOCc1ncccc1C1C(C(=O)C(C)(C)C)C(=O)C(=O)N1c1ccc(-c2ccsc2)cc1,P2X purinoceptor 3
CCOC(=O)CCn1c(=O)nc(Nc2ccc(OC(C)C)c(F)c2)n(Cc2ccc(Cl)cc2)c1=O,P2X purinoceptor 3
COCCOc1ncccc1C1C(C(=O)C(C)C)C(=O)C(=O)N1c1ccc(-c2ccsc2)cc1,P2X purinoceptor 3
CC(C)Oc1ccc(Nc2nc(=O)n(CCCC(=O)O)c(=O)n2Cc2ccc(Cl)cc2)cc1F,P2X purinoceptor 3
CC(C)C(=O)C1C(=O)C(=O)N(c2ccc(-c3ccon3)cc2)C1c1cccnc1OCCO,P2X purinoceptor 3
Cc1ccc(Oc2ccc(Nc3ncc(NC(=O)C(C)(C)O)c(=O)n3Cc3ccc(Cl)cc3)cc2)cn1,P2X purinoceptor 3
CC(C)c1[nH]nc2c1C(c1ccccc1CN(C)C)N(c1ccc(-c3ccsc3)cc1)C2=O,P2X purinoceptor 3
COCc1ccccc1[C@@H]1C(C(=O)C(C)C)C(=O)C(=O)N1c1ccc(-c2ccsc2)cc1,P2X purinoceptor 3
CC(C)Oc1ccc(Nc2nc(=O)n(CCN3CCOCC3)c(=O)n2Cc2ccc(Cl)cc2)cc1F,P2X purinoceptor 3
O=c1nc(Nc2ccc(Oc3ccccc3)cc2)n(Cc2ccc(Cl)cc2)c(=O)n1CCO,P2X purinoceptor 3
Cc1nc(-c2ccc(N3C(=O)C(=O)C(C(=O)CC(C)C)C3c3ccccc3OC(C)C)cc2)no1,P2X purinoceptor 3
COC(=O)c1ccc(Cn2c(=O)[nH]/c(=Nc3ccc(OC(C)C)c(F)c3)n(Cc3ccc(Cl)cc3)c2=O)cc1,P2X purinoceptor 3
CC(C)c1[nH]nc2c1C(c1ccccc1OCC(=O)NN)N(c1ccc(-c3ccsc3)cc1)C2=O,P2X purinoceptor 3
Cc1ccc(Cn2c(=O)n(CCCC(=O)O)c(=O)[nH]/c2=Nc2ccc(OC(C)C)c(Cl)c2)cc1,P2X purinoceptor 3
COCCOc1ccccc1[C@@H]1C(C(=O)C(C)C)C(=O)C(=O)N1c1ccc(-c2ccsc2)cc1,P2X purinoceptor 3
COCCOc1cc(F)ccc1C1C(C(=O)CC(C)C)C(=O)C(=O)N1c1ccc(-c2ccoc2)cc1,P2X purinoceptor 3
CSc1ccc(N2C(=O)C(=O)C(C(=O)C(C)C)C2c2ccccc2OCC2CC2)cc1,P2X purinoceptor 3
COC(=O)C(C)(C)Cn1c(=O)[nH]/c(=Nc2ccc(OC(C)C)c(Cl)c2)n(CC2CCCC2)c1=O,P2X purinoceptor 3
CC(C)Oc1ccc(Nc2nc(=O)n(CC(F)(F)C(=O)O)c(=O)n2Cc2ccc(Cl)cc2)cc1F,P2X purinoceptor 3
CC(C)n1c(=O)nc(Nc2ccc(C(=O)NC3CC3)cc2)n(Cc2ccc(Cl)cc2)c1=O,P2X purinoceptor 3
Cc1ccc(Cn2c(=O)n(CCCC(=O)O)c(=O)[nH]/c2=Nc2ccc3oc(C)cc3c2)cc1,P2X purinoceptor 3
CNC(=O)c1cnc(-c2cc(C(=O)NC(C)COC)cc(-c3ccc(C)cc3)c2)s1,P2X purinoceptor 3
CCOc1ccc(Nc2nc(=O)n(C[C@H](C)C(=O)OC)c(=O)n2Cc2ccc(Cl)cc2)cc1C,P2X purinoceptor 3
Nc1nc(Cl)nc2c1ncn2CCCCOP(=O)(O)OP(=O)(O)O,P2X purinoceptor 3
CN(C)C(=O)COc1ccccc1C1c2c(n[nH]c2C(C)(C)C)C(=O)N1c1ccc(-c2ccsc2)cc1,P2X purinoceptor 3
CC(C)Oc1ccc(Nc2nc(=O)n(C(C)C)c(=O)n2Cc2ccc(Cl)cc2)cc1,P2X purinoceptor 3
COc1ncccc1C1c2c(n[nH]c2C(C)(C)C)C(=O)N1c1ccc(-c2cccs2)nc1,P2X purinoceptor 3
CCn1c(=O)cc(Nc2ccc(Oc3ccnc(C(=O)OC)c3)cc2)n(Cc2ccc(Cl)cc2)c1=O,P2X purinoceptor 3
CC(C)Oc1ccc(Nc2nc(=O)n(CCCO)c(=O)n2Cc2ccc(Cl)cc2)cc1Cl,P2X purinoceptor 3
COc1ccccc1C1C(C(=O)CC(C)C)C(=O)C(=O)N1c1ccc(SC)cc1,P2X purinoceptor 3
COCOc1ccccc1C1C(C(=O)C(C)C)C(=O)C(=O)N1c1ccc(-c2ccc(C)s2)cc1,P2X purinoceptor 3
O=c1nc(Nc2cccc(-c3ccon3)c2)n(Cc2ccc(Cl)cc2)c(=O)n1CCO,P2X purinoceptor 3
Cc1nc2ccc(Nc3cc(=O)n(CCCC(=O)O)c(=O)n3Cc3ccc(Cl)cc3)cc2s1,P2X purinoceptor 3
CCOC(=O)c1cn(Cc2ccccc2)c(Nc2ccc(OC(C)C)c(Cl)c2)cc1=O,P2X purinoceptor 3
COC(=O)C[C@H](C)n1c(=O)[nH]/c(=Nc2ccc(OC(C)C)c(C)c2)n(Cc2ccc(Cl)cc2)c1=O,P2X purinoceptor 3
N#CCOc1ccc(Nc2nc(=O)n(CCO)c(=O)n2Cc2ccc(Cl)cc2)cc1,P2X purinoceptor 3
COCCOc1ccccc1C1C(C(=O)C(C)(C)C)C(=O)C(=O)N1c1ccc(-c2ccoc2)cc1,P2X purinoceptor 3
COc1ccccc1C1c2c(C(C)(C)C(=O)O)n[nH]c2C(=O)N1c1ccc(-c2ccsc2)cc1,P2X purinoceptor 3
CC(C)c1cc(OCC(F)(F)F)c(I)cc1Oc1cnc(N)nc1N,P2X purinoceptor 3
Cc1cc(-c2ccc(N3C(=O)C(=O)C(C(=O)C(C)C)C3c3ccccc3N3CCCC3=O)cc2)cs1,P2X purinoceptor 3
CC(C)Oc1ccc(Nc2ncc(N3CCOCC3)c(=O)n2Cc2ccc(Cl)cc2)cc1F,P2X purinoceptor 3
CC(C)c1[nH]nc2c1C(c1ccccc1OC(CO)CO)N(c1ccc(-c3ccsc3)cc1)C2=O,P2X purinoceptor 3
CCOC(=O)C1(Cn2c(=O)[nH]/c(=Nc3ccc(OC(C)C)c(F)c3)n(Cc3ccc(Cl)cc3)c2=O)CC1,P2X purinoceptor 3
Cc1ccc(-c2ccc(N3C(=O)C(=O)C(C(=O)CC(C)C)C3c3cccnc3C(N)=O)cc2)s1,P2X purinoceptor 3
CC(C)c1cc(O)c(I)cc1Cc1cnc(N)nc1N,P2X purinoceptor 3
CC(C)(C)C(=O)C1C(=O)C(=O)N(c2ccc(-c3ccsc3)cc2)C1c1cccnc1OCCO,P2X purinoceptor 3
CC(C)Oc1ccc(Nc2ncc(C(N)=O)c(=O)n2Cc2ccc(Cl)cc2)cc1F,P2X purinoceptor 3
CC(C)(C)C(=O)C1C(=O)C(=O)N(c2ccc(-c3ccsc3)cc2)C1c1ccccc1OCC#N,P2X purinoceptor 3
Cc1ccc(N2CCc3ncnc(NC(C)c4cccc(F)c4)c3C2)nc1,P2X purinoceptor 3
COc1ccc(C(=O)C2C(=O)C(=O)N(c3ccc(-c4noc(C)n4)cc3)C2c2ccccc2OC)cc1,P2X purinoceptor 3
COc1ccccc1C1c2c(n[nH]c2C(C)(C)C)C(=O)N1c1ccc(-c2ccoc2)nc1,P2X purinoceptor 3
CC(=O)c1cc(Oc2cnc(N)nc2N)c(C(C)C)cc1O,P2X purinoceptor 3
COCC(C)NC(=O)c1cc(-c2ccc(C)cc2)cc(-c2nc3ccccc3s2)c1,P2X purinoceptor 3
COCCOc1ncccc1C1C(C(=O)C(C)(C)C)C(=O)C(=O)N1c1ccc(SC)cc1,P2X purinoceptor 3
Cc1ncccc1C1c2c(n[nH]c2C(C)(C)C)C(=O)N1c1ccc(-c2ccsc2)cc1,P2X purinoceptor 3
CC(C)Oc1ccccc1C1C(C(=O)C2CCCC2)C(=O)C(=O)N1c1ccc(-c2ccon2)cc1,P2X purinoceptor 3
COc1cc(C(C)C)c(Oc2cnc(NC(C)=O)nc2N)cc1I,P2X purinoceptor 3
COC[C@@H](C)NC(=O)c1cc(-c2ccc(C)cc2)cc(-c2scnc2C)c1,P2X purinoceptor 3
CC(C)Oc1ccc(Nc2nc(=O)n(C(C)C)c(=O)n2Cc2ccc(Cl)cn2)cc1Cl,P2X purinoceptor 3
COc1ccc(F)cc1C1c2c(n[nH]c2C(C)(C)C)C(=O)N1c1ccc(-c2ccon2)cc1,P2X purinoceptor 3
CC(C)Oc1ccc(Nc2nc(=O)n(CCO)c(=O)[nH]2)cc1F,P2X purinoceptor 3
CC(C)CC(=O)C1C(=O)C(=O)N(c2ccc(C3=NCCS3)cc2)C1c1ccccc1OC(C)C,P2X purinoceptor 3
CC(C)Oc1ccc(Nc2nc(=O)[nH]c(=O)n2Cc2ccc(Cl)cc2)cc1F,P2X purinoceptor 3
Cc1cc(/N=c2[nH]c(=O)n([C@H](C)CC(=O)O)c(=O)n2Cc2ccc(Cl)cc2)ccc1OC(C)C,P2X purinoceptor 3
CCCc1ncoc1-c1cc(C(=O)NCc2cnc(C)cn2)cc(-c2ccc(C)cn2)c1,P2X purinoceptor 3
CC(C)(C)C(=O)C1C(=O)C(=O)N(c2ccc(-c3ccon3)cc2)C1c1ccccc1S(C)(=O)=O,P2X purinoceptor 3
Cc1nc(-c2ccc(N3C(=O)C(=O)C(C(=O)C(C)C)C3c3cccnc3N3CCOCC3)cc2)no1,P2X purinoceptor 3
Cc1ccc(-c2ccc(N3C(=O)C(=O)C(C(=O)CC(C)C)C3c3ccccc3OC(F)F)cc2)o1,P2X purinoceptor 3
COCOc1ccccc1C1C(C(=O)CC(C)C)C(=O)C(=O)N1c1ccc(-c2ccc(C)s2)cc1,P2X purinoceptor 3
Cc1nc2ccc(Nc3nc(=O)c(C(=O)NC4CCOCC4)cn3Cc3ccc(Cl)cc3)cc2s1,P2X purinoceptor 3
CC(C)(C)c1[nH]nc2c1C(c1ccccc1OCCNS(C)(=O)=O)N(c1ccc(-c3ccsc3)cc1)C2=O,P2X purinoceptor 3
Cc1nc(-c2ccc(N3C(=O)C(=O)C(C(=O)CC(C)C)C3c3ccccc3OC(F)(F)F)cc2)no1,P2X purinoceptor 3
CC(C)(Cn1c(=O)[nH]/c(=Nc2ccc(O)c(Cl)c2)n(Cc2ccc(Cl)cc2)c1=O)C(=O)O,P2X purinoceptor 3
COc1ncccc1C1c2c(n[nH]c2C(C)(C)C)C(=O)N1c1ccc(-c2ccoc2)cn1,P2X purinoceptor 3
Cc1ccc(-c2ccc(N3C(=O)C(=O)C(C(=O)CC(C)C)C3c3cccnc3C(=O)NCCN(C)C)cc2)s1,P2X purinoceptor 3
COc1cc(C(C)C)c(Oc2cnc(N)nc2NC(=O)c2cnc[nH]2)cc1I,P2X purinoceptor 3
COc1cc(C(C)C)c(Oc2cnc(NC(=O)CNCC(C)C)nc2N)cc1I,P2X purinoceptor 3
COc1ccc(S(=O)(=O)C2C(=O)C(=O)N(c3ccc(-c4noc(C)n4)cc3)C2C2CCCCC2)cc1,P2X purinoceptor 3
COc1ccc(-c2n[nH]c3c2C(c2ccccc2OC)N(CCc2ccco2)C3=O)cc1,P2X purinoceptor 3
CC(C)c1[nH]nc2c1C(c1ccccc1C(=O)N(C)C)N(c1ccc(-c3ccsc3)cc1)C2=O,P2X purinoceptor 3
CC(C)Oc1ccccc1C1C(C(=O)C(C)C)C(=O)C(=O)N1c1ccc(-c2ccsc2)cc1,P2X purinoceptor 3
CC(C)(C)c1[nH]nc2c1C(c1cccc[n+]1[O-])N(c1ccc(-c3cccs3)cc1)C2=O,P2X purinoceptor 3
COCC(C)NC(=O)c1cc(-c2ccc(C)cc2)cc(-c2cncs2)c1,P2X purinoceptor 3
CC(C)(CN1C(=O)N(Cc2ccc(Cl)cc2)C(Nc2cccc(C(F)(F)F)n2)=CC1O)C(=O)O,P2X purinoceptor 3
CCC[C@@H]1COC(=O)N1c1cc(C(=O)NC(C)c2cnccn2)cc(-c2ccc(C)cn2)c1,P2X purinoceptor 3
COCCOc1ncccc1C1c2c(n[nH]c2C(C)(C)C)C(=O)N1c1ccc(SC)cc1,P2X purinoceptor 3
CN/C(=C1C(=O)C(=O)N(c2ccc(-c3ccsc3)cc2)C1c1ccc[nH]c1=O)C(C)C,P2X purinoceptor 3
COC(=O)[C@@H](C)Cn1c(=O)[nH]/c(=Nc2ccc3oc(C)cc3c2)n(Cc2ccc(Cl)cc2)c1=O,P2X purinoceptor 3
COc1cc(C(C)C)c(Oc2cnc(NC(=O)CC(C)C)nc2NC(=O)CC(C)C)cc1I,P2X purinoceptor 3
COc1ccccc1[C@@H]1C(C(=O)C(C)C)C(=O)C(=O)N1c1ccc(-c2ccsc2)cc1,P2X purinoceptor 3
CC(C)C(=O)C1C(=O)C(=O)N(c2ccc(-c3ccon3)cc2)C1c1ccccc1OC(F)(F)F,P2X purinoceptor 3
COCCOCc1ncccc1C1c2c(n[nH]c2C(C)(C)C)C(=O)N1c1ccc(-c2ccsc2)cc1,P2X purinoceptor 3
CC(C)Oc1ccc(Nc2ncc(NC(=O)OC(C)(C)C)c(=O)n2Cc2ccc(Cl)cc2)cc1F,P2X purinoceptor 3
COCCOc1ncccc1C1c2c(n[nH]c2C(C)C)C(=O)N1c1ccc(-c2nc(C)no2)cc1,P2X purinoceptor 3
Cc1nn(-c2ccccc2)c2sc(C(=O)NC(C)CN3CCN(c4ncccn4)CC3)cc12,P2X purinoceptor 3
COc1cc(C(C)C)c(Oc2cnc(NC(=O)CN(C)C3CCCCC3)nc2N)cc1I,P2X purinoceptor 3
Cc1ccc(-c2cc(C(=O)N[C@@H](C)CO)cc(N3C(=O)OC[C@@H]3C(C)C)c2)cc1,P2X purinoceptor 3
CCN(C)C(=O)c1ccccc1C1C(C(=O)C(C)C)C(=O)C(=O)N1c1ccc(-c2csc(C)c2)cc1,P2X purinoceptor 3
COc1ccccc1C1C(C(=O)C2CC2)C(=O)C(=O)N1c1ccc(-c2ccsc2)cc1,P2X purinoceptor 3
CC(C)COc1ccc(Nc2nc(=O)n(CCO)c(=O)n2Cc2ccc(Cl)cc2)cc1F,P2X purinoceptor 3
COc1ccccc1C1C(C(=O)C(C)C)C(=O)C(=O)N1c1ccc(SC)cc1,P2X purinoceptor 3
COc1ccccc1C1C(C(=O)C(C)(C)C)C(=O)C(=O)N1c1ccc(-c2csc(C)c2)cc1,P2X purinoceptor 3
CC(C)N1Cc2c(NC(c3ccccc3)c3ccccc3)nc(N3CCNCC3)nc2C1=O,P2X purinoceptor 3
CCCc1nc(-c2ccc(F)cc2)oc1COC(C)CN1CCN(c2ncccn2)CC1,P2X purinoceptor 3
CC(C)c1[nH]nc2c1C(c1ccccc1OCC(C)(C)O)N(c1ccc(-c3ccsc3)cc1)C2=O,P2X purinoceptor 3
CC(C)(Cn1c(=O)[nH]/c(=Nc2cccc(OC(F)F)c2)n(Cc2ccc(Cl)cc2)c1=O)C(=O)O,P2X purinoceptor 3
COc1cc(C(C)C)c(Oc2cnc(NC(=O)CNC3CCCCC3)nc2N)cc1I,P2X purinoceptor 3
COc1ccccc1C1C(C(=O)C(C)C)C(=O)C(=O)N1c1ccc(-c2ccsc2)cc1,P2X purinoceptor 3
COC(=O)c1cccc(Oc2ccc(Nc3ncc(NC(=O)C4CCOCC4)c(=O)n3Cc3ccc(Cl)cc3)cc2)c1,P2X purinoceptor 3
COc1ccc(Nc2nc(=O)n(CCO)c(=O)n2Cc2ccc(Cl)cc2)cc1F,P2X purinoceptor 3
COCCOc1ccccc1C1C(C(=O)C(C)(C)C)C(=O)C(=O)N1c1ccc(SC)cc1,P2X purinoceptor 3
COCc1ccccc1C1C(C(=O)CC(C)C)C(=O)C(=O)N1c1ccc(-c2csc(C)c2)cc1,P2X purinoceptor 3
C#CCOc1cc(C(C)C)c(Oc2cnc(N)nc2N)cc1I,P2X purinoceptor 3
Cc1nc(-c2ccc(N3C(=O)C(=O)C(C(=O)C(C)C)C3c3ccccc3OCC#N)cc2)no1,P2X purinoceptor 3
CC(C)(C)c1[nH]nc2c1C(c1ccccc1OCCO)N(c1ccc(-c3ccon3)cc1)C2=O,P2X purinoceptor 3
CC(C)C(=O)C1C(=O)C(=O)N(c2ccc(-c3ccsc3)cc2)C1c1ccccc1C#N,P2X purinoceptor 3
COC(=O)C(C)(C)Cn1c(=O)[nH]/c(=Nc2cccc(C(F)(F)F)c2)n(Cc2ccc(Cl)cc2)c1=O,P2X purinoceptor 3
COC(=O)[C@@H](C)Cn1c(=O)[nH]/c(=Nc2ccc(OC(C)C)c(Cl)c2)n(Cc2ccc(Cl)cc2)c1=O,P2X purinoceptor 3
CC(C)CC(=O)C1C(=O)C(=O)N(c2ccc(-c3ccoc3)cc2)C1c1ccccc1C(=O)N(C)C,P2X purinoceptor 3
COc1cc(C(C)C)c(Oc2cnc(N)nc2N)cc1C(=O)N(C)C,P2X purinoceptor 3
COCCOc1ncccc1C1c2c(n[nH]c2C(C)(C)C)C(=O)N1c1ccc(-c2ccon2)cc1,P2X purinoceptor 3
C#Cc1cc(Oc2cnc(N)nc2NC(=O)c2cccn2C)c(C(C)C)cc1OC,P2X purinoceptor 3
Cc1nc(-c2ccc(N3C(=O)c4n[nH]c(C(C)C)c4C3c3cccnc3OCCO)cc2)no1,P2X purinoceptor 3
CC(C)(C)c1[nH]nc2c1C(c1cccnc1OCCO)N(c1ccc(-c3ccon3)cc1)C2=O,P2X purinoceptor 3
CCNC(=O)c1ccc(C(=O)C2C(=O)C(=O)N(c3ccc(-c4ccon4)cc3)C2C(CC)CC)cc1,P2X purinoceptor 3
CN(C)CCOc1ccccc1C1C(C(=O)C(C)(C)C)C(=O)C(=O)N1c1ccc(-c2ccsc2)cc1,P2X purinoceptor 3
CC(C)(C)C(=O)C1C(=O)C(=O)N(c2ccc(-c3ccon3)cc2)C1c1ccccc1OC(F)F,P2X purinoceptor 3
Cc1ccc(-c2ccc(N3C(=O)C(=O)C(C(=O)C(C)C)C3c3ccccc3OC(F)(F)F)cc2)o1,P2X purinoceptor 3
COc1cc(C(C)C)c(Oc2cnc(NC(=O)CNC3CCN(C)CC3)nc2N)cc1I,P2X purinoceptor 3
COc1ncccc1C1c2c(n[nH]c2C(C)(C)C)C(=O)N1c1ccc(-c2ccoc2)cc1,P2X purinoceptor 3
CSc1ccccc1C1C(C(=O)C(C)C)C(=O)C(=O)N1c1ccc(-c2csc(C)c2)cc1,P2X purinoceptor 3
COc1ccccc1C1c2c(n[nH]c2C(C)(C)C)C(=O)N1c1ccc(-c2csc(C)c2)cc1,P2X purinoceptor 3
CC(C)Oc1ccc(Nc2nc(=O)n(CCO)c(=O)n2Cc2ccc(Cl)cc2)cc1Cl,P2X purinoceptor 3
COCc1ccccc1C1C(C(=O)CC(C)C)C(=O)C(=O)N1c1ccc(-c2ccsc2)cc1,P2X purinoceptor 3
COCCOc1ccccc1C1C(C(=O)CC(C)C)C(=O)C(=O)N1c1ccc(-c2ccon2)cc1,P2X purinoceptor 3
Cc1ccc(-c2ccc(N3C(=O)C(=O)C(C(=O)CC(C)C)C3c3cccnc3C(=O)NN(C)C)cc2)s1,P2X purinoceptor 3
Cc1ccc(-c2cc(C(=O)NCc3cnc(C)cn3)cc3c2ncn3CC(C)C)nc1,P2X purinoceptor 3
CC(C)Oc1ccc(Nc2nc(=O)n(CC(C)(CO)CO)c(=O)n2Cc2ccc(Cl)cc2)cc1F,P2X purinoceptor 3
CC(C)Oc1ccc(Nc2ncc(C(=O)NC3CCOCC3)c(=O)n2Cc2ccc(Cl)cc2)cc1F,P2X purinoceptor 3
COc1cc(C(C)C)c(Oc2cnc(NC(=O)CNC3CCC3)nc2N)cc1I,P2X purinoceptor 3
COCCOc1ncccc1C1c2c(n[nH]c2C(C)C)C(=O)N1c1ccc(-c2ccsc2)cc1,P2X purinoceptor 3
COCCOc1ccccc1C1c2c(n[nH]c2C(C)(C)CO)C(=O)N1c1ccc(-c2ccsc2)cc1,P2X purinoceptor 3
CC(C)(Cn1c(=O)[nH]/c(=Nc2ccc3[nH]ccc3c2)n(Cc2ccc(Cl)cc2)c1=O)C(=O)O,P2X purinoceptor 3
COCCC(=O)Nc1cnc(Nc2ccc(OC(C)C)c(F)c2)n(Cc2ccc(Cl)cc2)c1=O,P2X purinoceptor 3
COCCOc1ccccc1C1C(C(=O)C(C)(C)C)C(=O)C(=O)N1c1ccc(-c2cc[nH]c2)cc1,P2X purinoceptor 3
CNC(=O)COc1ncccc1C1c2c(n[nH]c2C(C)C)C(=O)N1c1ccc(-c2ccsc2)cc1,P2X purinoceptor 3
COC(=O)C(C)(C)Cn1c(=O)[nH]/c(=Nc2ccc(OC)c(C)c2)n(Cc2ccc(Cl)cc2)c1=O,P2X purinoceptor 3
COc1ccc(N2C(=O)c3n[nH]c(C(C)(C)C)c3C2c2ccccc2OC)cc1,P2X purinoceptor 3
CC[C@@H](Nc1ncnc2c1CN(c1ccc(C)cn1)CC2)c1ccccc1,P2X purinoceptor 3
CCNC(=O)NCCn1c(=O)nc(Nc2ccc(OC(C)C)c(F)c2)n(Cc2ccc(Cl)cc2)c1=O,P2X purinoceptor 3
CC(C)Oc1ccc(Nc2ncc(Cc3ccccc3)c(=O)n2Cc2ccc(Cl)cc2)cc1Cl,P2X purinoceptor 3
Nc1nc(I)nc2c1ncn2CCCCOP(=O)(O)OP(=O)(O)OP(=O)(O)O,P2X purinoceptor 3
Cc1nc(-c2ccc(N3C(=O)C(=O)C(C(=O)CC(C)C)C3c3ccccc3OCCO)cc2)no1,P2X purinoceptor 3
COCOc1ccccc1C1C(C(=O)C(C)C)C(=O)C(=O)N1c1ccc(-c2cccs2)cc1,P2X purinoceptor 3
COCCOc1ccccc1C1C(C(=O)C(C)C)C(=O)C(=O)N1c1ccc(-c2ccc(C)s2)cc1,P2X purinoceptor 3
CC(C)Oc1ccc(Nc2nc(=O)c(N3CCOCC3)cn2Cc2ccc(Cl)cc2)cc1F,P2X purinoceptor 3
COCc1ncccc1C1C(C(=O)CC(C)C)C(=O)C(=O)N1c1ccc(-c2ccsc2)cc1,P2X purinoceptor 3
COc1ccc2nc(N3C(=O)c4n[nH]c(C(C)(C)CO)c4C3c3ccccc3OC)sc2c1,P2X purinoceptor 3
Cc1nc2ccc(Nc3ncc(NC(=O)C(C)(C)O)c(=O)n3Cc3ccc(Cl)cc3)cc2s1,P2X purinoceptor 3
COc1ccccc1C1C(C(=O)C(C)C)C(=O)C(=O)N1c1ccc(-c2cscn2)cc1,P2X purinoceptor 3
COC(=O)C(C)(C)Cn1c(=O)[nH]/c(=Nc2ccc(C)c(C)c2)n(Cc2ccc(Cl)cc2)c1=O,P2X purinoceptor 3
CC(=O)N1CCN(c2nc(NCCc3ccccc3)c3c(n2)C(=O)N(C(C)C)C3)CC1,P2X purinoceptor 3
COc1ccccc1C1c2c(n[nH]c2C(C)C)C(=O)N1c1ccc(-c2ccsc2)cc1,P2X purinoceptor 3
COC(=O)C(C)(C)Cn1c(=O)[nH]/c(=Nc2ccc(OC(C)C)c(Cl)c2)n(CC2CCCCCC2)c1=O,P2X purinoceptor 3
CCOc1ccc(Nc2nc(=O)n(CCCO)c(=O)n2Cc2ccc(Cl)cc2)cc1,P2X purinoceptor 3
Cc1nc(-c2ccc(N3C(=O)C(=O)C(C(=O)C(C)C)C3c3ccccc3OC(C)C)cc2)no1,P2X purinoceptor 3
COc1ccccc1C1c2c(n[nH]c2C(C)C)CN1c1ccc(-c2ccsc2)cc1,P2X purinoceptor 3
CC(C)C(=O)C1C(=O)C(=O)N(c2ccc(-c3ccon3)cc2)C1c1ccccc1OCCO,P2X purinoceptor 3
COc1cc(C(C)C)c(Oc2cnc(NC(=O)N3CCC(N(C)C)CC3)nc2N)cc1I,P2X purinoceptor 3
CCOCOc1ccccc1C1C(C(=O)C(C)C)C(=O)C(=O)N1c1ccc(-c2nc(C)no2)cc1,P2X purinoceptor 3
CC(=O)N1CCN(C[C@@H](C)NC(=O)c2cc(-c3ccc(C)cc3)cc(-c3cncs3)c2)CC1,P2X purinoceptor 3
CC(C)c1[nH]nc2c1C(c1ccccc1OCCN(C)C)N(c1ccc(-c3ccsc3)cc1)C2=O,P2X purinoceptor 3
Cc1ccc(-c2cc(C(=O)N[C@H](C)CO)cc(-c3nccs3)c2)cc1,P2X purinoceptor 3
COCC(C)NC(=O)c1cc(-c2ccc(C)cc2)cc(N2C(=O)CCC2C)c1,P2X purinoceptor 3
COc1ccccc1C1C(C(=O)C(C)C)C(=O)C(=O)N1c1ccc(-c2ccoc2)cc1,P2X purinoceptor 3
COCc1ccccc1C1C(C(=O)CC(C)C)C(=O)C(=O)N1c1ccc(-c2ccco2)cc1,P2X purinoceptor 3
CC(C)Oc1ccc(/N=c2[nH]c(=O)n(CC(C)(C)C(=O)O)c(=O)n2Cc2ccc(Cl)cc2)cc1Cl,P2X purinoceptor 3
COCc1ccccc1C1C(C(=O)CC(C)C)C(=O)C(=O)N1c1ccc(-c2noc(C)n2)cc1,P2X purinoceptor 3
COc1ccccc1C1c2c(n[nH]c2C(C)(C)CO)C(=O)N1c1ccc(-c2nccs2)cc1,P2X purinoceptor 3
CC(C)Oc1ccc(Nc2nc(=O)c(NC(=O)C3CCOCC3)cn2Cc2ccc(Cl)cc2)cc1F,P2X purinoceptor 3
COCCOc1ncccc1C1C(C(=O)CC(C)(C)C)C(=O)C(=O)N1c1ccc(-c2ccsc2)cc1,P2X purinoceptor 3
COc1ncccc1C1c2c(n[nH]c2C(C)(C)C)C(=O)N1c1ccc(-c2noc(C)n2)cc1,P2X purinoceptor 3
COc1ccccc1C1C(C(=O)c2cccnc2)C(=O)C(=O)N1c1ccc(-c2ccsc2)cc1,P2X purinoceptor 3
COC(=O)C(C)(C)Cn1c(=O)[nH]/c(=Nc2cccc(OC(F)(F)F)c2)n(Cc2ccc(Cl)cc2)c1=O,P2X purinoceptor 3
CCCc1ccc(N2C(=O)C(=O)C(C(=O)C(C)(C)C)C2c2ccccc2OC)cc1,P2X purinoceptor 3
CC(CN1CCN(c2ncccn2)CC1)N1Cc2c(c(-c3ccccc3)nn2-c2ccc(F)cc2)C1=O,P2X purinoceptor 3
CCn1nc(-c2ccccc2)c2cc(C(=O)NC(C)CN3CCN(c4ncccn4)CC3)sc21,P2X purinoceptor 3
COC(=O)C(C)(C)Cn1c(=O)[nH]/c(=Nc2ccc(OC(C)C)nc2)n(Cc2ccc(Cl)cc2)c1=O,P2X purinoceptor 3
CC(C)(C)C(=O)C1C(=O)C(=O)N(c2ccc(-c3ccsc3)cc2)C1c1ccccc1OCC(=O)O,P2X purinoceptor 3
CCn1c(=O)nc(Nc2cccc(C(F)(F)F)c2)n(Cc2ccc(F)cc2)c1=O,P2X purinoceptor 3
COc1ccc(C(=O)Nc2cnc(Nc3ccc(OC(C)C)c(F)c3)n(Cc3ccc(Cl)cc3)c2=O)cn1,P2X purinoceptor 3
O=c1nc(Nc2ccc(-c3ccon3)cc2)n(Cc2ccc(Cl)cc2)c(=O)n1CCO,P2X purinoceptor 3
Cc1nc2ccc(Nc3nc(=O)c(C(=O)NCCC#N)cn3Cc3ccc(Cl)cc3)cc2s1,P2X purinoceptor 3
Cc1ccc(-c2cc(C(=O)N[C@H](C)CN3CCN(S(C)(=O)=O)CC3)cc(-c3cncs3)c2)c(F)c1,P2X purinoceptor 3
CC(C)(Cn1c(=O)[nH]/c(=Nc2cccc(C(F)(F)F)c2)n(Cc2ccc(Cl)cc2)c1=O)C(=O)O,P2X purinoceptor 3
Cc1cc(Nc2ncc(NC(=O)C3CCOCC3)c(=O)n2Cc2ccc(Cl)cc2)ccc1OC(C)C,P2X purinoceptor 3
CC(C)Oc1ccc(Nc2nc(=O)n(CCN)c(=O)n2Cc2ccc(Cl)cc2)cc1F,P2X purinoceptor 3
CC(C)(C)c1[nH]nc2c1C(c1ccccc1OCCO)N(c1ccc(-c3cccs3)cc1)C2=O,P2X purinoceptor 3
Cc1ccc(Cn2c(=O)n(CC(=O)N[C@H](C)C(=O)O)c(=O)[nH]/c2=Nc2ccc(OC(C)C)c(F)c2)cc1,P2X purinoceptor 3
CC(C)Oc1ccc(/N=c2[nH]c(=O)n(CCC(C)(C)C(=O)OCc3ccccc3)c(=O)n2Cc2ccc(Cl)cc2)cc1Cl,P2X purinoceptor 3
COCCOc1ccccc1[C@@H]1C(C(=O)C(C)C)C(=O)C(=O)N1c1ccc(-c2ccoc2)cc1,P2X purinoceptor 3
CCOC(=O)c1cn(Cc2ccc(Cl)cc2)c(Nc2ccc(OC(C)C)c(F)c2)nc1=O,P2X purinoceptor 3
CC(C)Oc1ccc(Nc2cc(=O)n(CC(C)(C)C(=O)O)c(=O)n2Cc2ccc(Cl)cc2)cc1F,P2X purinoceptor 3
Cc1ccc(-c2ccc(N3C(=O)C(=O)C(C(=O)CC(C)C)C3c3cccnc3C(=O)N3CCCC3)cc2)s1,P2X purinoceptor 3
Cc1ccc(N2CCc3ncnc(N[C@H](C)c4ccccc4)c3C2)nc1,P2X purinoceptor 3
COC(=O)C(C)(C)Cn1c(=O)[nH]/c(=Nc2ccc(Cl)c(Cl)c2)n(Cc2ccc(Cl)cc2)c1=O,P2X purinoceptor 3
COC(=O)C(C)(C)Cn1c(=O)[nH]/c(=Nc2cccc(OC(F)F)c2)n(Cc2ccc(Cl)cc2)c1=O,P2X purinoceptor 3
COCCOc1ccccc1[C@@H]1C(C(=O)C(C)C)C(=O)C(=O)N1c1ccc(-c2ccc(C)s2)cc1,P2X purinoceptor 3
COC(=O)C(C)(C)Cn1c(=O)[nH]/c(=Nc2ccc(OC(C)C)c(C)c2)n(Cc2ccc(Cl)cc2)c1=O,P2X purinoceptor 3
COCc1ccccc1C1C(C(=O)C(C)(C)C)C(=O)C(=O)N1c1ccc(-c2cc(C)no2)cc1,P2X purinoceptor 3
COCOc1ccccc1C1C(C(=O)CC(C)C)C(=O)C(=O)N1c1ccc(-c2csc(C)c2)cc1,P2X purinoceptor 3
CC(Nc1nc(=O)n(C(C)C)c(=O)n1Cc1ccc(F)cc1)c1ccc(Cl)cc1,P2X purinoceptor 3
COC(=O)C(C)(C)Cn1c(=O)[nH]/c(=Nc2ccc3nc(C)oc3c2)n(Cc2ccc(Cl)cc2)c1=O,P2X purinoceptor 3
Cc1cc(-c2ccc(N3C(=O)C(=O)C(C(=O)C(C)C)C3c3ccccc3OCCO)cc2)cs1,P2X purinoceptor 3
COCCCOc1ncccc1C1C(C(=O)C(C)C)C(=O)C(=O)N1c1ccc(-c2csc(C)c2)cc1,P2X purinoceptor 3
COc1ccccc1C1C(C(=O)CC(C)C)C(=O)C(=O)N1c1ccc(-c2ccc(C)o2)cc1,P2X purinoceptor 3
CC(C)Oc1ccc(Nc2nc(=O)n(Cc3ccccc3)c(=O)n2Cc2ccc(Cl)cc2)cc1F,P2X purinoceptor 3
C=Cc1cc(Oc2cnc(N)nc2N)c(C(C)C)cc1OC,P2X purinoceptor 3
CC(=O)Nc1cnc(Nc2ccc(Oc3ccc(C)nc3)cc2)n(Cc2ccc(Cl)cc2)c1=O,P2X purinoceptor 3
COCCCOc1ccccc1C1C(C(=O)C(C)C)C(=O)C(=O)N1c1ccc(SC)cc1,P2X purinoceptor 3
CCCc1ccc(N2C(=O)c3n[nH]c(C(C)(C)C)c3C2c2ccccc2OC)cc1,P2X purinoceptor 3
COCc1ccccc1C1C(C(=O)CC(C)C)C(=O)C(=O)N1c1ccc(-c2csc(C)n2)cc1,P2X purinoceptor 3
Cc1ccc(N2CCc3ncnc(NC(C)c4ccccn4)c3C2)nc1,P2X purinoceptor 3
FC(F)(F)c1ccc([C@H](Nc2ncnc3c2CN(c2ccc(Cl)cn2)CC3)C2CC2)cn1,P2X purinoceptor 3
Cc1ccc(N2CCc3ncnc(NC(C)c4cccnc4)c3C2)nc1,P2X purinoceptor 3
CCCCC(CCCC)C1C(C(=O)c2ccc(CO)cc2)C(=O)C(=O)N1c1ccc(-c2ccon2)cc1,P2X purinoceptor 3
CC(=O)N1CCN(c2nc(NCCc3ccc(Cl)cc3)c3c(n2)C(=O)N(C(C)C)C3)CC1,P2X purinoceptor 3
Cc1cccc2cc(Oc3cnc(N)nc3N)c(C(C)C)nc12,P2X purinoceptor 3
CC(C)(Cn1c(=O)[nH]/c(=Nc2cccc(OC(F)(F)F)c2)n(Cc2ccc(Cl)cc2)c1=O)C(=O)O,P2X purinoceptor 3
Cc1ccc(-c2ccc(N3C(=O)C(=O)C(C(=O)C(C)C)C3c3ccccc3CCC(=O)NC(C)C)cc2)o1,P2X purinoceptor 3
CC(C)CC(=O)C1C(=O)C(=O)N(c2ccc(-c3ccsc3)cc2)C1c1ccccc1OCC(CO)CO,P2X purinoceptor 3
CCOC(=O)CCCn1c(=O)[nH]/c(=Nc2ccc(OC(C)C)c(Cl)c2)n(Cc2ccc(C)cc2)c1=O,P2X purinoceptor 3
CC(C)c1[nH]nc2c1C(c1cccnc1OCC(N)=O)N(c1ccc(-c3ccsc3)cc1)C2=O,P2X purinoceptor 3
CC(C)Oc1ccc(Nc2ncc(C(=O)NNC=O)c(=O)n2Cc2ccc(Cl)cc2)cc1F,P2X purinoceptor 3
CC(C)(C)c1[nH]nc2c1C(c1ccccc1OCCO)N(c1ccc(-c3ccco3)cc1)C2=O,P2X purinoceptor 3
CC(C)Oc1ccc(Nc2ncc(N)c(=O)n2Cc2ccc(Cl)cc2)cc1F,P2X purinoceptor 3
COCCOc1cccc(C2C(C(=O)C(C)C)C(=O)C(=O)N2c2ccc(-c3ccsc3)cc2)c1,P2X purinoceptor 3
COc1ccccc1C1c2c(n[nH]c2C(C)(C)C)C(=O)N1c1ccc(C(C)(C)O)cc1,P2X purinoceptor 3
CC(C)NC(=O)c1c(O)[nH]/c(=Nc2ccc(OC(C)C)cc2)n(Cc2ccc(Cl)cc2)c1=O,P2X purinoceptor 3
CC(=O)N1CCN(c2nc(NCc3ccc(C(F)(F)F)cc3)c3c(n2)C(=O)N(C(C)C)C3)CC1,P2X purinoceptor 3
CC(C)Oc1ccc(Nc2ncc(NC(=O)C(C)(C)C#N)c(=O)n2Cc2ccc(Cl)cc2)cc1F,P2X purinoceptor 3
CSc1ccc(N2C(=O)C(=O)C(C(=O)C(C)C)C2c2ccccc2OCCCO)cc1,P2X purinoceptor 3
COc1cc(C(C)C)c(Oc2cnc(NC(=O)c3ccnnc3)nc2N)cc1I,P2X purinoceptor 3
COCCNc1nc(NC(c2ccccc2)c2ccccc2)c2c(n1)C(=O)N(C(C)C)C2,P2X purinoceptor 3
CCOc1ccccc1C1c2c(n[nH]c2C(C)(C)C)C(=O)N1c1ccc(-c2ccon2)cc1,P2X purinoceptor 3
CC(C)Oc1ccc(/N=c2[nH]c(=O)n(CC(C)(C)C(=O)O)c(=O)n2CC2CCCCC2)cc1Cl,P2X purinoceptor 3
CCNC(=O)c1ncccc1C1C(C(=O)CC(C)C)C(=O)C(=O)N1c1ccc(-c2ccc(C)s2)cc1,P2X purinoceptor 3
CC(C)Oc1ccc(NC2SC(Oc3ccccc3)=N/C2=Cc2ccc(Cl)cc2)cc1F,P2X purinoceptor 3
COc1ccc(CC(=O)C2C(=O)C(=O)N(c3ccc(-c4noc(C)n4)cc3)C2C2CCCCC2)cc1,P2X purinoceptor 3
COCOc1ccccc1C1C(C(=O)CC(C)C)C(=O)C(=O)N1c1ccc(-c2noc(C)n2)cc1,P2X purinoceptor 3
CC(C)Oc1ccc(Nc2nc(=O)n(Cc3ccccn3)c(=O)n2Cc2ccc(Cl)cc2)cc1F,P2X purinoceptor 3
Cc1ccc(N2CCc3ncnc(NC(C)c4ccc(F)cc4F)c3C2)nc1,P2X purinoceptor 3
COc1ccccc1C1c2c(n[nH]c2C(C)(C)C)C(=O)N1c1ccc(SC(F)(F)F)cc1,P2X purinoceptor 3
CSc1ccc(N2C(=O)c3n[nH]c(C(C)(C)C)c3C2c2ccccc2OCCO)cc1,P2X purinoceptor 3
CC(C)(C)c1[nH]nc2c1C(c1cccnc1OCCO)N(c1ccc(-c3ccco3)cc1)C2=O,P2X purinoceptor 3
COC(=O)n1nc(C(C)(C)C)c2c1C(=O)N(c1ccc(Br)cc1)C2c1ccccc1OC,P2X purinoceptor 3
Cc1cc(-c2ccc(N3C(=O)C(=O)C(C(=O)CC(C)C)C3c3ccccc3C(=O)N(C)C)cc2)cs1,P2X purinoceptor 3
CC(C)Cc1ccc(Nc2nc(=O)n(CCCO)c(=O)n2Cc2ccc(Cl)cc2)cc1,P2X purinoceptor 3
CC(C)Oc1ccc(/N=c2[nH]c(=O)n(CC(=O)NC(CO)CO)c(=O)n2Cc2ccc(Cl)cc2)cc1F,P2X purinoceptor 3
CNC(=O)COc1ncccc1C1C(C(=O)C(C)C)C(=O)C(=O)N1c1ccc(-c2ccsc2)cc1,P2X purinoceptor 3
CC(C)Oc1ccc(Nc2cc(=O)n(C[C@H](C)C(=O)O)c(=O)n2Cc2ccc(Cl)cc2)cc1Cl,P2X purinoceptor 3
CCOC(=O)CCCn1c(=O)[nH]/c(=Nc2ccc(OC(C)C)c(C)c2)n(Cc2ccc(Cl)cc2)c1=O,P2X purinoceptor 3
COc1cc(C(C)C)c(Oc2cnc(NC(=O)CN3CCN(CCO)CC3)nc2N)cc1I,P2X purinoceptor 3
Cc1ccc(Cn2c(=O)n(CCCC(=O)O)c(=O)[nH]/c2=Nc2ccc(OC(C)C)c(C)c2)cc1,P2X purinoceptor 3
COc1cc(C(C)C)c(Oc2cnc(NC(=O)c3cnc[nH]3)nc2N)cc1I,P2X purinoceptor 3
Cc1nc2ccc(Nc3nc(C)c(Br)c(=O)n3Cc3ccc(Cl)cc3)cc2s1,P2X purinoceptor 3
COc1ncccc1C1C(C(=O)CC(C)C)C(=O)C(=O)N1c1ccc(-c2csc(C)c2)cc1,P2X purinoceptor 3
CNC(=O)COc1ccccc1C1C(C(=O)C(C)C)C(=O)C(=O)N1c1ccc(-c2ccsc2)cc1,P2X purinoceptor 3
COCOc1ccccc1C1C(C(=O)C(C)C)C(=O)C(=O)N1c1ccc(-c2ccsc2)cc1,P2X purinoceptor 3
COCc1ccccc1C1C(C(=O)CC(C)C)C(=O)C(=O)N1c1ccc(-c2ccc(C)o2)cc1,P2X purinoceptor 3
C#Cc1cc(Oc2cnc(NC(=O)CC(C)(C)C)nc2N)c(C(C)C)cc1OC,P2X purinoceptor 3
COCc1ccccc1C1C(C(=O)CC(C)C)C(=O)C(=O)N1c1ccc(-c2cscn2)cc1,P2X purinoceptor 3
CC(C)Oc1ccc(Nc2nccc(=O)n2Cc2ccc(Cl)cc2)cc1F,P2X purinoceptor 3
COCCOc1ccccc1C1C(C(=O)CC(C)C)C(=O)C(=O)N1c1ccc(-c2csc(C)c2)cc1,P2X purinoceptor 3
CCOC(=O)c1c(O)[nH]/c(=Nc2ccc(OC(C)C)cc2)n(Cc2ccc(Cl)cc2)c1=O,P2X purinoceptor 3
COCCCOc1ccccc1C1C(C(=O)CC(C)C)C(=O)C(=O)N1c1ccc(-c2noc(C)n2)cc1,P2X purinoceptor 3
CC(C)CC(=O)C1C(=O)C(=O)N(c2ccc(-c3ccsc3)cc2)C1c1ccccc1OCCCO,P2X purinoceptor 3
COCCOc1ccccc1C1C(S(=O)(=O)C(C)C)C(=O)C(=O)N1c1ccc(-c2ccsc2)cc1,P2X purinoceptor 3
C#Cc1cc(Oc2cnc(NC(C)=O)nc2N)c(C(C)C)cc1OC,P2X purinoceptor 3
CCCC(CCC)C1C(C(=O)c2ccc(CO)cc2)C(=O)C(=O)N1c1ccc(-c2ccon2)cc1,P2X purinoceptor 3
CC(C)Oc1ccc(Nc2nc(=O)n(C(C)C)c(=O)n2Cc2ccc(Cl)nc2)cc1Cl,P2X purinoceptor 3
COc1cc(Cn2cnc3nc(N)nc(Cl)c32)c(C(C)C)cc1OC,P2X purinoceptor 3
CC(C)Oc1ccc(/N=c2[nH]c(=O)n([C@@H](C)CC(=O)O)c(=O)n2Cc2ccc(Cl)cc2)cc1Cl,P2X purinoceptor 3
COc1ccccc1C1c2c(n[nH]c2C(C)(C)CO)C(=O)N1c1ccc(N(C)C)cc1,P2X purinoceptor 3
COc1cccc(C2C(C(=O)C(C)C)C(=O)C(=O)N2c2ccc(-c3ccsc3)cc2)c1,P2X purinoceptor 3
CC(C)Oc1ccc(Nc2nc(OCC(CO)CO)nc(=O)n2Cc2ccc(Cl)cc2)cc1F,P2X purinoceptor 3
CSc1cccc(Nc2nc(=O)n(C(C)C)c(=O)n2Cc2ccc(F)cc2)c1,P2X purinoceptor 3
CC(=O)N1CCC(NC(=O)c2cn(Cc3ccc(Cl)cc3)c(Nc3ccc4nc(C)sc4c3)nc2=O)CC1,P2X purinoceptor 3
CC(C)Oc1ccc(Nc2ncc(C#N)c(=O)n2Cc2ccc(Cl)cc2)cc1F,P2X purinoceptor 3
Cc1ccc(-c2ccc(N3C(=O)C(=O)C(C(=O)C(C)C)C3c3cccnc3OCCCO)cc2)s1,P2X purinoceptor 3
COc1cc(Cn2cnc3c(Cl)nc(N)nc32)c(C(C)C)cc1OC,P2X purinoceptor 3
CCOCOc1ccccc1C1C(C(=O)C(C)C)C(=O)C(=O)N1c1ccc(-c2noc(C)n2)cc1,P2X purinoceptor 3
COC(=O)COc1ccccc1C1C(C(=O)C(C)(C)C)C(=O)C(=O)N1c1ccc(-c2cccs2)cc1,P2X purinoceptor 3
Cc1cc(-c2ccc(N3C(=O)C(=O)C(C(=O)C(C)C)C3c3ccccc3C(=O)N3CCOCC3)cc2)cs1,P2X purinoceptor 3
Cc1ccc(-c2ccc(N3C(=O)C(=O)C(C(=O)C(C)C)C3c3ccccc3CCC(N)=O)cc2)o1,P2X purinoceptor 3
COCCOc1ccccc1C1C(C(=O)C(C)C)C(=O)C(=O)N1c1ccc(-c2ccon2)cc1,P2X purinoceptor 3
CC(C)Oc1ccc(Nc2ncc(NC(=O)C(C)(C)O)c(=O)n2Cc2ccc(Cl)cc2)cc1F,P2X purinoceptor 3
COCc1ccccc1C1C(C(=O)CC(C)C)C(=O)C(=O)N1c1ccc(-c2coc(C)n2)cc1,P2X purinoceptor 3
CC(C)(C)c1[nH]nc2c1C(c1ccccc1OCC(N)=O)N(c1ccc(-c3ccon3)cc1)C2=O,P2X purinoceptor 3
CC(C)Oc1ccc(Nc2ncc(NC(=O)NC3CCOCC3)c(=O)n2Cc2ccc(Cl)cc2)cc1F,P2X purinoceptor 3
COc1ncccc1C1C(C(=O)C(C)(C)C)C(=O)C(=O)N1c1ccc(-c2ccsc2)cc1,P2X purinoceptor 3
Cc1cc(-c2ccc(N3C(=O)C(=O)C(C(=O)CC(C)C)C3c3ccccc3OCCO)cc2)cs1,P2X purinoceptor 3
O=c1nc(Nc2ccc(F)c(F)c2)n(Cc2ccc(Cl)cc2)c(=O)n1CCO,P2X purinoceptor 3
Cc1ccc(Cn2c(=O)n(CC(=O)NC(CO)CO)c(=O)[nH]/c2=Nc2ccc(OC(C)C)c(F)c2)cc1,P2X purinoceptor 3
CNc1nc(N)nc2c1ncn2Cc1cc(OC)c(OC)cc1C(C)C,P2X purinoceptor 3
Cc1ccc(-c2ccc(N3C(=O)C(=O)C(C(=O)C(C)C)C3c3ccccc3C(=O)N(C)C)cc2)o1,P2X purinoceptor 3
CCOC(=O)CCC1CN(Cc2ccc(Cl)cc2)C(Nc2ccc(OC(C)C)c(Cl)c2)=NC1=O,P2X purinoceptor 3
CNC(=O)C(C)(C)c1n[nH]c2c1C(c1ccccc1OC)N(c1ccc(-c3ccsc3)cc1)C2=O,P2X purinoceptor 3
Cc1ccc(/N=c2[nH]c(=O)n(CC(C)(C)C(=O)O)c(=O)n2Cc2ccc(Cl)cc2)cc1C,P2X purinoceptor 3
COc1ccccc1C1c2c(n[nH]c2C(C)(C)CO)C(=O)N1c1ccc(-c2cccs2)cc1,P2X purinoceptor 3
CC(CN1CCN(c2ncccn2)CC1)NC(=O)c1cc2c(-c3ccccc3F)nn(C)c2s1,P2X purinoceptor 3
COCOc1ccccc1C1C(C(=O)CC(C)C)C(=O)C(=O)N1c1ccc(-c2ccoc2)cc1,P2X purinoceptor 3
CC(C)(CO)c1[nH]nc2c1C(c1ccccn1)N(c1ccc(-c3ccsc3)cc1)C2=O,P2X purinoceptor 3
CC(C)c1cccc(Nc2nc(=O)n(CCO)c(=O)n2Cc2ccc(Cl)cc2)c1,P2X purinoceptor 3
CC(C)Oc1ccc(/N=c2[nH]c(=O)n(Cc3ccc(C(=O)O)cc3)c(=O)n2Cc2ccc(Cl)cc2)cc1F,P2X purinoceptor 3
COc1cc(C(C)C)c(Cn2cnc3c(N)nc(N)nc32)cc1I,P2X purinoceptor 3
CC(C)c1[nH]nc2c1C(c1ccccc1CO)N(c1ccc(-c3ccsc3)cc1)C2=O,P2X purinoceptor 3
COCCOc1ccccc1C1C(C(=O)CC(C)C)C(=O)C(=O)N1c1ccc(-c2ccc(C)s2)cc1,P2X purinoceptor 3
COCc1ccccc1C1C(C(=O)C(C)C)C(=O)C(=O)N1c1ccc(SC)cc1,P2X purinoceptor 3
Cc1noc(-c2ccc(N3C(=O)c4n[nH]c(C(C)(C)C)c4C3c3ccccc3OCCO)cc2)n1,P2X purinoceptor 3
CC(C)Oc1ccc(Nc2nc(=O)n(C(C)C)c(=O)n2Cc2ccc(Cl)s2)cc1F,P2X purinoceptor 3
CC(C)c1[nH]nc2c1C(c1ccccc1C(=O)O)N(c1ccc(-c3ccsc3)cc1)C2=O,P2X purinoceptor 3
COc1ccccc1C1c2c(n[nH]c2C(C)(C)C)C(=O)N1c1ccc(OC(F)(F)F)cc1,P2X purinoceptor 3
CSc1ccc(N2C(=O)C(=O)C(C(=O)CC(C)C)C2c2ccccc2OC(C)C)cc1,P2X purinoceptor 3
COCCOc1ncccc1C1C(C(=O)C(C)C)C(=O)C(=O)N1c1ccc(-c2cccs2)cc1,P2X purinoceptor 3
Cc1nc2ccc(Nc3cc(=O)n(CCO)c(=O)n3Cc3ccc(Cl)cc3)cc2s1,P2X purinoceptor 3
Nc1nc(N)c2ncn(CCCCOP(=O)(O)O)c2n1,P2X purinoceptor 3
COC(=O)C(C)(C)Cn1c(=O)[nH]/c(=Nc2ccc(CN(C)C)c(Cl)c2)n(Cc2ccc(Cl)cc2)c1=O,P2X purinoceptor 3
Cc1ccc(-c2cc(C(=O)N[C@@H](C)CO)cc(N3C(=O)CCC3C)c2)nc1,P2X purinoceptor 3
COc1ccccc1C1c2c(C(C)(C)C(=O)O)n[nH]c2C(=O)N1c1ccc(-c2cccs2)cc1,P2X purinoceptor 3
Cc1ccc(-c2ccc(N3C(=O)C(=O)C(C(=O)CC(C)C)C3c3ccccc3OCCO)cc2)s1,P2X purinoceptor 3
C=Cc1c(C)nc(Nc2ccc3nc(C)sc3c2)n(Cc2ccc(Cl)cc2)c1=O,P2X purinoceptor 3
Cc1cc(-c2ccc(N3C(=O)C(=O)C(C(=O)C(C)C)C3c3ccccc3OCC3OCCO3)cc2)cs1,P2X purinoceptor 3
CCCN(CCC)CC(=O)Nc1ncc(Oc2cc(I)c(OC)cc2C(C)C)c(N)n1,P2X purinoceptor 3
CC(C)n1c(=O)nc(Nc2cccc(C(F)(F)F)c2)n(Cc2ccc(Cl)cn2)c1=O,P2X purinoceptor 3
CC(C)Oc1ccc(Nc2nc(=O)n(C(C)C)c(=O)n2Cc2ccc(Cl)cc2)cc1Cl,P2X purinoceptor 3
COc1ncccc1C1c2c(n[nH]c2C(C)(C)C)C(=O)N1c1ccc(Br)cc1,P2X purinoceptor 3
COc1ccccc1C1c2c(n[nH]c2C2(CO)CCCCC2)C(=O)N1c1ccc(-c2ccon2)cc1,P2X purinoceptor 3
COc1ccccc1C1c2c(n[nH]c2C(C)(C)C)C(=O)N1c1ccc(-c2ccsc2)cc1,P2X purinoceptor 3
Cc1nc(-c2ccc(N3C(=O)C(=O)C(S(=O)(=O)c4ccccc4)C3C3CCCCC3)cc2)no1,P2X purinoceptor 3
COCCOc1ccccc1C1c2c(n[nH]c2C(C)(C)C)C(=O)N1c1ccc(-c2ccco2)cc1,P2X purinoceptor 3
COCc1ccccc1C1C(C(=O)C(C)C)C(=O)C(=O)N1c1ccc(-c2ccsc2)cc1,P2X purinoceptor 3
Cc1nc(-c2ccc(N3C(=O)C(=O)C(C(=O)C(C)C)C3c3ccccc3CCC(N)=O)cc2)no1,P2X purinoceptor 3
COc1ccc(C2C(C(=O)C(C)C)C(=O)C(=O)N2c2ccc(-c3ccsc3)cc2)cc1,P2X purinoceptor 3
CC(C)Oc1ccc(Nc2nc(=O)n(CCOC3CCCCO3)c(=O)n2Cc2ccc(Cl)cc2)cc1Cl,P2X purinoceptor 3
CC(C)Oc1ccc(Nc2ncc(NC(=O)C3COC(C)(C)OC3)c(=O)n2Cc2ccc(Cl)cc2)cc1F,P2X purinoceptor 3
COc1cc(C(C)C)c(Oc2cnc(NC(=O)CN3CCN(C)CC3)nc2N)cc1I,P2X purinoceptor 3
COC(=O)c1cccc(Cn2c(=O)[nH]/c(=Nc3ccc(OC(C)C)c(F)c3)n(Cc3ccc(Cl)cc3)c2=O)c1,P2X purinoceptor 3
CC(C)(C)C(=O)C1C(=O)C(=O)N(c2ccc(-c3ccoc3)cc2)C1c1ccccc1OCCO,P2X purinoceptor 3
COc1ccccc1C1c2c(C(C)(C)COC(C)=O)n[nH]c2C(=O)N1c1ccc(SC)cc1,P2X purinoceptor 3
COC(=O)COc1ccccc1C1c2c(n[nH]c2C(C)(C)C)C(=O)N1c1ccc(-c2cccs2)cc1,P2X purinoceptor 3
CC(=O)Nc1ccccc1C1c2c(n[nH]c2C(C)C)C(=O)N1c1ccc(-c2ccsc2)cc1,P2X purinoceptor 3
CC(C)n1c(=O)nc(Nc2ccc(Oc3ccccc3)c(Cl)c2)n(Cc2ccc(Cl)cc2)c1=O,P2X purinoceptor 3
COc1ncccc1C1C(C(=O)CC(C)(C)C)C(=O)C(=O)N1c1ccc(-c2ccsc2)cc1,P2X purinoceptor 3
CC(C)Oc1ccc(Nc2nc(=O)n(CCNC(=O)N(C)C)c(=O)n2Cc2ccc(Cl)cc2)cc1F,P2X purinoceptor 3
COCCOc1ccccc1C1C(C(=O)CC(C)C)C(=O)C(=O)N1c1ccc(-c2coc(C)n2)cc1,P2X purinoceptor 3
C[C@H](CN1CCN(S(C)(=O)=O)CC1)NC(=O)c1cc(-c2nccs2)cc(-c2ccc(F)cc2Cl)c1,P2X purinoceptor 3
O=C(Nc1cnc(Nc2ccc(Oc3cncc(F)c3)cc2)n(Cc2ccc(Cl)cc2)c1=O)C1CCOCC1,P2X purinoceptor 3
Cc1nc(-c2ccc(N3C(=O)C(=O)C(C(=O)CC(C)C)C3c3ccccc3OCC#N)cc2)no1,P2X purinoceptor 3
COc1ccccc1C1c2c(C(C)(C)C(=O)O)n[nH]c2C(=O)N1c1ccc(-c2ccon2)cc1,P2X purinoceptor 3
CC(C)c1[nH]nc2c1C(c1ccccc1C(=O)NCCO)N(c1ccc(-c3ccsc3)cc1)C2=O,P2X purinoceptor 3
COCCOc1ccccc1C1C(C(=O)C(C)(C)C)C(=O)C(=O)N1c1ccc(-c2noc(C)n2)cc1,P2X purinoceptor 3
COCCOc1ncccc1C1c2c(n[nH]c2C(C)(C)C)C(=O)N1c1ccc(-c2ccoc2)cc1,P2X purinoceptor 3
CC(C)c1nc2ccccc2cc1Oc1cnc(N)nc1N,P2X purinoceptor 3
CC(C)c1[nH]nc2c1C(c1ccccc1OCC(=O)O)N(c1ccc(-c3ccsc3)cc1)C2=O,P2X purinoceptor 3
COCCOc1ccccc1C1C(C(=O)CC(C)C)C(=O)C(=O)N1c1ccc(SC)cc1,P2X purinoceptor 3
CCCn1ccc2cc(/N=c3[nH]c(=O)n(CC(C)(C)C(=O)OC)c(=O)n3Cc3ccc(Cl)cc3)ccc21,P2X purinoceptor 3
CC(C)Oc1ccc(Nc2nc(=O)n(CCOC3CCCCO3)c(=O)n2Cc2ccc(Cl)cc2)cc1F,P2X purinoceptor 3
COc1cc(F)ccc1C1C(C(=O)CC(C)C)C(=O)C(=O)N1c1ccc(-c2ccsc2)cc1,P2X purinoceptor 3
