smiles,targetname
CC(C)[C@H](NC(=O)[C@@H]1CSSC(C)(C)[C@H](NC(=O)[C@@H](N)CC(=O)O)C(=O)N[C@@H](Cc2ccccc2)C(=O)N[C@@H](Cc2c[nH]c3ccccc23)C(=O)N[C@@H](CCCCN)C(=O)N[C@@H](Cc2ccc(O)cc2)C(=O)N1)C(=O)O,Urotensin II receptor
CN(C)CC[C@H](NC(=O)c1ccc(-c2ccccc2)cc1)c1ccc(Cl)cc1,Urotensin II receptor
COc1ccc([C@@H](CCCNC(=O)c2c(C)n[nH]c2C)N2C(=O)c3cccc(N4CCN([C@H](C)c5ccccc5)CC4)c3C2=O)cc1OC,Urotensin II receptor
CCCCNc1ccnc2[nH]c3ccccc3c12,Urotensin II receptor
CC(C)[C@H](NC(=O)[C@@H]1NC(=O)[C@H](Cc2ccc(O)cc2)NC(=O)[C@H](CCCCN)NC(=O)[C@H](Cc2c[nH]c3ccccc23)NC(=O)[C@H](Cc2ccccc2)NC(=O)[C@H](NC(=O)[C@@H](N)CC(=O)O)C(C)(C)SSC1(C)C)C(=O)O,Urotensin II receptor
Cc1ccc(C(=O)OC(CCN(C)C)c2ccc(Cl)cc2)cc1,Urotensin II receptor
CC(C)CCNc1nccc2[nH]c3ccccc3c12,Urotensin II receptor
CC(C)[C@H](NC(=O)[C@H](CS)NC(=O)[C@H](Cc1ccc(O)cc1)NC(=O)[C@H](CCCCN)NC(=O)[C@H](Cc1c[nH]c2ccccc12)NC(=O)[C@H](Cc1ccccc1)NC(=O)[C@H](CS)NC(=O)[C@H](CC(=O)O)NC(=O)[C@H]1CCCN1C(=O)[C@@H](NC(=O)[C@H](C)N)[C@@H](C)O)C(=O)O,Urotensin II receptor
O=C(NCCN1CCC(O)(Cc2ccccc2)CC1)Nc1ccnc2sccc12,Urotensin II receptor
COc1ccc([C@@H](CCCNS(=O)(=O)c2cccs2)N2C(=O)c3cccc(N4CCNCC4)c3C2=O)cc1OC,Urotensin II receptor
COc1cc(Br)c(S(=O)(=O)Nc2ccc(C(F)(F)F)c(OC[C@H]3CCCN3C)c2)cc1OC,Urotensin II receptor
CC(C)C[C@H](NC(=O)c1ccccc1)C(=O)N[C@H]1CCN(Cc2ccc(OCCCN(C)C)cc2)C1,Urotensin II receptor
CC(C)[C@H](NC(=O)[C@@H]1CSSC[C@H](NC(=O)[C@@H](N)CC(=O)O)C(=O)N[C@@H](CC2CCCCC2)C(=O)N[C@@H](Cc2c[nH]c3ccccc23)C(=O)N[C@@H](CCCCN)C(=O)N[C@@H](Cc2ccc(O)cc2)C(=O)N1)C(=O)O,Urotensin II receptor
CC(C)[C@H](NC(=O)[C@@H]1CSSC[C@@H](NC(=O)[C@@H](N)CC(=O)O)C(=O)N[C@@H](Cc2ccccc2)C(=O)N[C@@H](Cc2c[nH]c3ccccc23)C(=O)N[C@@H](CCCCN)C(=O)N[C@@H](Cc2ccc(O)cc2)C(=O)N1)C(=O)O,Urotensin II receptor
CCN(CC)CCC1C(c2ccccc2)=NN(C)C1c1ccc(Cl)cc1,Urotensin II receptor
CCN1CCN(c2cccc3c2C(=O)N([C@H](CCCNS(=O)(=O)c2cccs2)c2ccc(OC)c(OC)c2)C3=O)CC1,Urotensin II receptor
NCCC[C@@H]1N[C@H](c2ccc(-c3ccccc3)cc2)c2[nH]c(C(=O)O)cc2N(CCc2ccc(O)cc2)C1=O,Urotensin II receptor
CC(C)N1C(=O)c2ccccc2CC1(CCN(C)C)c1ccc(Cl)cc1.Cl,Urotensin II receptor
O=C(NCCN1CCC(O)(Cc2ccccc2)CC1)Nc1cc(Cl)nc2ccsc12,Urotensin II receptor
O=C(N[C@H]1CCN(CCc2ccc(OC3CCNCC3)c(Cl)c2)C1)c1ccc(Cl)c(Cl)c1,Urotensin II receptor
Cl.NCCCN1N=C(CCc2nc3ccccc3s2)c2ccccc2N(Cc2ccc(-c3ccccc3)cc2)C1=O,Urotensin II receptor
CN(C)CCCOc1ccc(CN2CC[C@H](NC(=O)c3ccc(C(F)(F)F)cc3)C2)cc1,Urotensin II receptor
c1ccc(CNc2nccc3[nH]c4ccccc4c23)cc1,Urotensin II receptor
CNCCC1(c2ccc(Cl)cc2)Cc2ccccc2C(=O)O1.Cl,Urotensin II receptor
CC(C)C[C@H](NC(=O)c1cc2ccccc2o1)C(=O)N[C@H]1CCN(Cc2ccc(OCCCN(C)C)cc2)C1,Urotensin II receptor
COc1ccc(CC(=O)NC(CCN(C)C)c2ccc3ccccc3c2)cc1,Urotensin II receptor
NCCC[C@@H]1N=C(c2ccc3ccccc3c2)c2[nH]c(C(=O)O)cc2N(CCc2ccc(O)cc2)C1=O,Urotensin II receptor
Cc1cccc(Cl)c1C(=O)NC(CCN(C)C)c1ccc(Cl)cc1,Urotensin II receptor
CC(=O)N[C@H]1CSSC[C@@H](C(N)=O)NC(=O)[C@H](Cc2ccc3ccccc3c2)NC(=O)[C@H](CCCCN)NC(=O)[C@H](Cc2c[nH]c3ccccc23)NC(=O)[C@H](Cc2ccccc2)NC1=O,Urotensin II receptor
CC(C)[C@H](NC(=O)[C@@H]1CSSC(C)(C)[C@@H](NC(=O)[C@@H](N)CC(=O)O)C(=O)N[C@@H](Cc2ccccc2)C(=O)N[C@@H](Cc2c[nH]c3ccccc23)C(=O)N[C@@H](CCCN)C(=O)N[C@@H](Cc2ccc(O)cc2)C(=O)N1)C(=O)O,Urotensin II receptor
Cc1cccc(N(C)CC(=O)N2CCC[C@H](c3ccccc3)[C@@H]2CN2CCCC2)c1,Urotensin II receptor
CCN1CCN(c2cccc3c2CN([C@H](CCCNC(=O)c2c(C)n[nH]c2C)c2ccc(OC)c(OC)c2)C3=O)CC1,Urotensin II receptor
CN(C)C(=O)C1(c2ccc(Cl)cc2)CCN(CCN2C(=O)COc3ccccc32)CC1,Urotensin II receptor
CC(C)[C@H](NC(=O)[C@@H]1CSSC(C)(C)[C@H](NC(=O)[C@@H](N)CC(=O)O)C(=O)N[C@@H](Cc2ccccc2)C(=O)N[C@@H](Cc2c[nH]c3ccccc23)C(=O)N[C@@H](CCCCN)C(=O)N[C@@H](Cc2ccc3ccccc3c2)C(=O)N1)C(=O)O,Urotensin II receptor
CS(=O)(=O)N(CC(=O)N1CCC[C@H](c2ccccc2)[C@@H]1CN1CCCC1)c1ccc(Cl)c(Cl)c1,Urotensin II receptor
Cl.NCCCCN1N=C(CCc2nc3ccccc3s2)c2ccccc2N(Cc2ccc(-c3ccccc3)cc2)C1=O,Urotensin II receptor
COc1ccc([C@@H](CCCN(C)S(=O)(=O)c2cccs2)N2Cc3c(cccc3N3CCN(C(C)C)CC3)C2=O)cc1OC,Urotensin II receptor
CC(C)[C@H](NC(=O)[C@@H]1CSSC(C)(C)[C@@H](NC(=O)[C@@H](N)CC(=O)O)C(=O)N[C@@H](Cc2ccccc2)C(=O)N[C@H](Cc2c[nH]c3ccccc23)C(=O)N[C@@H](CCCN)C(=O)N[C@@H](Cc2ccc(O)cc2)C(=O)N1)C(=O)O,Urotensin II receptor
Cc1cc(NC(=O)NCCN2CCC(O)(Cc3ccccc3)CC2)c2sccc2n1,Urotensin II receptor
O=C(NC(CCN1CCCCC1)c1ccc(Cl)cc1)c1ccc(-c2ccccc2)cc1.O=C(O)C(=O)O,Urotensin II receptor
CC(=O)N[C@@H](CC(C)C)C(=O)N[C@H]1CCN(Cc2ccc(OCCCN(C)C)cc2)C1,Urotensin II receptor
CN(C)CCC1(c2ccc(Cl)cc2)Cc2ccccc2CO1.Cl,Urotensin II receptor
CC(C)[C@H](NC(=O)[C@@H]1CSSC[C@H](NC(=O)[C@@H](N)CC(=O)O)C(=O)N[C@@H](Cc2ccccc2)C(=O)N[C@@H](Cc2c[nH]c3ccccc23)C(=O)N[C@@H](CCCCN)C(=O)N[C@@H](Cc2ccc(O)cc2)C(=O)N1)C(=O)O,Urotensin II receptor
CC(C)[C@H](NC(=O)[C@@H]1CSSC[C@H](NC(=O)[C@@H](N)CC(=O)O)C(=O)N[C@@H](Cc2cccs2)C(=O)N[C@@H](Cc2c[nH]c3ccccc23)C(=O)N[C@@H](CCCCN)C(=O)N[C@@H](Cc2ccccc2)C(=O)N1)C(=O)O,Urotensin II receptor
CC(C)[C@H](NC(=O)[C@@H]1CSSC(C)(C)[C@H](NC(=O)[C@@H](N)CC(=O)O)C(=O)N[C@@H](Cc2ccccc2)C(=O)N[C@@H](Cc2c[nH]c3ccccc23)C(=O)N[C@@H](CCCCN)C(=O)N[C@@H](Cc2ccc(C#N)cc2)C(=O)N1)C(=O)O,Urotensin II receptor
CC(C)[C@H](NC(=O)[C@H](CS)NC(=O)[C@H](Cc1ccc(O)cc1)NC(=O)[C@H](CCCCN)NC(=O)[C@H](Cc1c[nH]c2ccccc12)NC(=O)[C@H](Cc1ccccc1)NC(=O)[C@H](CS)NC(=O)[C@H](CC(=O)O)NC(=O)[C@H](C)NC(=O)[C@@H](NC(=O)[C@@H](N)CCC(=O)O)[C@@H](C)O)C(=O)O,Urotensin II receptor
Cl.NCCCCN1N=C(CCc2ccc(O)cc2)c2ccccc2N(Cc2ccc(-c3ccccc3)cc2)C1=O,Urotensin II receptor
c1ccc(CCNc2nccc3[nH]c4ccccc4c23)cc1,Urotensin II receptor
O=C(NC1CCN(S(=O)(=O)c2ccc(OC3CCNCC3)c(Br)c2)CC1)c1ccc(Cl)c(Cl)c1,Urotensin II receptor
COc1ccc(C(CN)N2C(=O)c3cccc(N4CCN([C@@H](C)c5ccccc5)CC4)c3C2=O)cc1OC,Urotensin II receptor
NCCCC[C@@H]1N=C(c2cccc3ccccc23)c2[nH]c(C(=O)O)cc2N(CCc2ccc(O)cc2)C1=O,Urotensin II receptor
O=C(N[C@@H]1CCN(S(=O)(=O)c2ccc(OC3CCNCC3)c(Br)c2)C1)c1ccc(Cl)c(Cl)c1,Urotensin II receptor
O=C(N[C@H]1CCN(CCc2ccc(OC3CCNCC3)c([N+](=O)[O-])c2)C1)c1ccc(Cl)c(Cl)c1,Urotensin II receptor
CCCNc1nccc2[nH]c3ccccc3c12,Urotensin II receptor
CN(C)CCC(OC(=O)Nc1ccc2ccccc2c1)c1ccc(Cl)cc1,Urotensin II receptor
CN1CC[C@H](Oc2cc(NCc3cc4c(cc3Br)OCO4)ccc2C(F)(F)F)C1,Urotensin II receptor
COc1ccc(/C=C/C(=O)NC(CCN(C)C)c2ccc3ccccc3c2)cc1,Urotensin II receptor
O=C(Cc1csc2ccc(Br)cc12)N1CCC[C@H](c2ccccc2)[C@@H]1CN1CCCC1,Urotensin II receptor
CN[C@@H](CC(=O)O)C(=O)N[C@H]1CSSC[C@@H](C(=O)N[C@H](C(=O)O)C(C)C)NC(=O)[C@H](Cc2ccc(O)cc2)NC(=O)[C@H](CCCCN)NC(=O)[C@H](Cc2c[nH]c3ccccc23)NC(=O)[C@H](Cc2ccccc2)NC1=O,Urotensin II receptor
NC(=O)CCNc1nccc2[nH]c3ccccc3c12,Urotensin II receptor
CNCCCCN1N=C(CCc2nc3ccccc3s2)c2ccccc2N(Cc2ccc(-c3ccccc3)cc2)C1=O.Cl,Urotensin II receptor
CC(C)[C@H](NC(=O)[C@@H]1CSSC[C@H](N)C(=O)N[C@@H](Cc2ccccc2)C(=O)N[C@@H](Cc2c[nH]c3ccccc23)C(=O)N[C@@H](CCCCN)C(=O)N[C@@H](Cc2ccc(O)cc2)C(=O)N1)C(=O)O,Urotensin II receptor
Cc1ccccc1NC(=O)OC(CCN(C)C)c1ccc(Cl)cc1,Urotensin II receptor
O=C(NC1CCCCN(S(=O)(=O)c2ccc(OC3CCNCC3)c(Br)c2)C1)c1ccc(Cl)c(Cl)c1,Urotensin II receptor
[H][C@@]12C(=O)N[C@@H](CCCCN)C(=O)N[C@@H](Cc3ccc(O)cc3)C(=O)N[C@H](C(=O)N[C@H](C(=O)O)C(C)C)CSSC[C@H](NC(=O)[C@H](C)N)C(=O)N[C@@H](Cc3ccccc3)C(=O)N1CCc1ccccc12,Urotensin II receptor
CN(C)CCCOc1ccc(CN2CCN(C(=O)c3ccc(Cl)c(Cl)c3)CC2)cc1,Urotensin II receptor
CC(C)[C@H](NC(=O)[C@@H]1CSSC[C@H](NC(=O)[C@H](C)N)C(=O)N[C@@H](Cc2ccccc2)C(=O)N[C@@H](CC2CCCCC2)C(=O)N[C@@H](CCCCN)C(=O)N[C@@H](Cc2ccc(O)cc2)C(=O)N1)C(=O)O,Urotensin II receptor
CN(C)CCC(NC(=O)Cc1ccccc1)c1ccc2ccccc2c1,Urotensin II receptor
CCCC(C)Nc1nccc2[nH]c3ccccc3c12,Urotensin II receptor
O=C(Cc1csc2ccc(Cl)cc12)N1CCCC1CN1CCCC1,Urotensin II receptor
COc1ccc2c(c1)CC(CCN(C)C)(c1ccc(Cl)cc1)OC2=O.O=C(O)C(=O)O,Urotensin II receptor
COc1ccc(-c2ccc(C(=O)NC(CCN(C)C)c3ccc4ccccc4c3)cc2)cc1.Cl,Urotensin II receptor
COc1ccc(CC(=O)NC(CCN(C)C)c2ccc(Cl)cc2)cc1,Urotensin II receptor
COc1ccc([C@@H](CCCCNC(=O)OC(C)(C)C)N2C(=O)c3cccc(N4CCN([C@H](C)c5ccccc5)CC4)c3C2=O)cc1OC,Urotensin II receptor
CC(C)C[C@@H](NC(=O)c1cc2ccccc2o1)C(=O)N[C@H]1CCN(Cc2ccc(OCCCN(C)C)cc2)C1,Urotensin II receptor
O=C(N[C@H]1CCN(CCc2ccc(OC3CCNCC3)c(F)c2)C1)c1ccc(Cl)c(Cl)c1,Urotensin II receptor
CC(C)[C@H](NC(=O)[C@@H]1CSSC(C)(C)[C@H](NC(=O)[C@@H](N)CC(=O)O)C(=O)N[C@@H](Cc2ccccc2)C(=O)N[C@@H](Cc2c[nH]c3ccccc23)C(=O)N[C@@H](CCCCN)C(=O)N[C@@H](Cc2ccc(Cl)cc2)C(=O)N1)C(=O)O,Urotensin II receptor
O=C(NC1CCN(Cc2ccc(OC3CCNCC3)c(Br)c2)CC1)c1cc2ccc(-c3ccccc3)cc2s1,Urotensin II receptor
CC(C)[C@H](NC(=O)[C@H](CS)NC(=O)[C@H](CCCCN)NC(=O)[C@H](Cc1c[nH]c2ccccc12)NC(=O)[C@H](Cc1ccccc1)NC(=O)[C@H](CS)NC(=O)[C@H](CC(=O)O)NC(=O)[C@H]1CCCN1C(=O)[C@@H](NC(=O)[C@@H](N)CCC(=O)O)[C@@H](C)O)C(=O)O,Urotensin II receptor
CCC(C)CNc1nccc2[nH]c3ccccc3c12,Urotensin II receptor
COc1cccc(NC(=O)NC(CCN(C)C)c2ccc(Cl)cc2)c1,Urotensin II receptor
[H][C@@]12CCCN1C(=O)[C@H](Cc1ccc(O)cc1)NC(=O)[C@H](CCCCN)NC(=O)[C@H](Cc1c[nH]c3ccccc13)NC(=O)[C@H](CO)NC(=O)CNC2=O,Urotensin II receptor
CN(C)CCC(NC(=O)c1cccc(-c2ccc3ccccc3c2)c1)c1ccc(Cl)cc1.Cl,Urotensin II receptor
CC(C)[C@H](NC(=O)[C@@H]1CSSC[C@H](NC(=O)[C@@H](N)CC(=O)O)C(=O)N[C@@H](Cc2ccccc2)C(=O)NN(Cc2ccc(-c3ccccc3)cc2)S(=O)(=O)N[C@@H](CCCCN)C(=O)N[C@@H](Cc2ccc(O)cc2)C(=O)N1)C(=O)O,Urotensin II receptor
CC(C)[C@H](NC(=O)[C@@H]1CSSC[C@H](NC(=O)C(C)(C)N)C(=O)N[C@@H](Cc2ccccc2)C(=O)N[C@@H](Cc2c[nH]c3ccccc23)C(=O)N[C@@H](CCCCN)C(=O)N[C@@H](Cc2ccc(O)cc2)C(=O)N1)C(=O)O,Urotensin II receptor
COc1cc(Br)c(CNc2ccc(Cl)c(O[C@H]3CCN(C)C3)c2)cc1OC,Urotensin II receptor
NCCCC[C@H](NC(=O)[C@H](Cc1c[nH]c2ccccc12)NC(=O)[C@H](Cc1ccccc1)NC(=O)[C@@H](N)CS)C(=O)N[C@@H](Cc1ccc(O)cc1)C(=O)N[C@@H](CS)C(N)=O,Urotensin II receptor
CC(C)[C@H](NC(=O)[C@@H]1CSSC[C@H](NC(=O)[C@@H](N)CC(=O)O)C(=O)N[C@@H](Cc2ccccc2)C(=O)N[C@@H](Cc2c[nH]c3ccccc23)C(=O)N[C@@H](CCCCN)C(=O)N[C@@H](Cc2ccc(O)c([N+](=O)[O-])c2)C(=O)N1)C(=O)O,Urotensin II receptor
COc1ccccc1COC(CCN(C)C)c1ccc(Cl)cc1,Urotensin II receptor
O=C(N[C@H]1CCN(S(=O)(=O)c2ccc(OC3CCNCC3)c(Br)c2)C1)c1ccc(Cl)c(Cl)c1,Urotensin II receptor
NCCC[C@@H]1N=C(c2cccc3ccccc23)c2[nH]c(C(=O)O)cc2N(CCc2ccc(O)cc2)C1=O,Urotensin II receptor
CN(C)CCCOc1ccc(CN2CC[C@H](NC(=O)c3ccco3)C2)cc1,Urotensin II receptor
CC(C)[C@H](NC(=O)[C@@H]1CSSC[C@H](NC(=O)[C@@H](N)CC(=O)O)C(=O)N[C@@H](Cc2ccccc2)C(=O)N[C@@H](Cc2c[nH]c3ccccc23)C(=O)NN(CCCCN(C)C)S(=O)(=O)N[C@@H](Cc2ccc(O)cc2)C(=O)N1)C(=O)O,Urotensin II receptor
CC(C)[C@H](NC(=O)[C@@H]1CSSC[C@H](NC(=O)[C@@H](N)CC(=O)O)C(=O)N[C@@H](CC2CCCCC2)C(=O)N[C@@H](Cc2c[nH]c3ccccc23)C(=O)N[C@@H](CCCCN)C(=O)N[C@@H](Cc2ccc(O)c(I)c2)C(=O)N1)C(=O)O,Urotensin II receptor
Cc1ccc(C(CCN(C)C)NC(=O)c2ccc(-c3ccc(Cl)cc3)cc2)cc1.Cl,Urotensin II receptor
CN(C)CCC(NC(=O)Nc1ccc(C(C)(C)C)cc1)c1ccc(Cl)cc1,Urotensin II receptor
O=C(Cc1csc2ccc(Cl)cc12)N1CCC[C@@H](c2ccccc2)[C@H]1CN1CCCC1,Urotensin II receptor
c1ccc(Nc2nccc3[nH]c4ccccc4c23)cc1,Urotensin II receptor
Cc1cc(NC(=O)NCCN2CCC(O)(Cc3ccccc3)CC2)c2ccccc2n1,Urotensin II receptor
CN(C)CCC(NC(=O)CCc1ccc(C(F)(F)F)cc1)c1ccc2ccccc2c1,Urotensin II receptor
COc1ccc([C@@H](CCCN(C)S(=O)(=O)c2cccs2)N2Cc3c(cccc3N3CCNCC3)C2=O)cc1OC,Urotensin II receptor
CC(C)[C@H](NC(=O)[C@@H]1CSSC[C@H](NC(=O)[C@H](C)NC(=O)[C@H](C)N)C(=O)N[C@@H](Cc2ccccc2)C(=O)N[C@@H](Cc2c[nH]c3ccccc23)C(=O)N[C@@H](CCCCN)C(=O)N[C@@H](Cc2ccc(O)cc2)C(=O)N1)C(=O)O,Urotensin II receptor
O=C(Cc1ccc2ccccc2c1)N1CCC[C@H](c2ccccc2)[C@@H]1CN1CCCC1,Urotensin II receptor
CN(C)CCC(OC(=O)c1ccc(-c2ccccc2)cc1)c1ccc(Cl)cc1,Urotensin II receptor
CCCCN(CCCC)c1nccc2[nH]c3ccccc3c12,Urotensin II receptor
CN(C)CCC(NC(=O)CCc1ccc(C(F)(F)F)cc1)c1ccc(Cl)cc1,Urotensin II receptor
COc1ccc(-c2cccc(C(=O)NC(CCN(C)C)c3ccc4ccccc4c3)c2)cc1.Cl,Urotensin II receptor
O=C(Cc1ccsc1)N1CCC[C@H](c2ccccc2)[C@@H]1CN1CCCC1,Urotensin II receptor
CN(C)CCC(NC(=O)c1cccc(-c2ccccc2)c1)c1ccc2ccccc2c1.Cl,Urotensin II receptor
CC(C)C[C@H](NC(=O)c1ccc(Br)cc1)C(=O)N[C@H]1CCN(Cc2ccc(OCCCN(C)C)cc2)C1,Urotensin II receptor
Cc1cc2c(cc1C)C(=O)OC(CCN(C)C)(c1ccc(Cl)cc1)C2,Urotensin II receptor
COc1ccc(C(CCNC(=O)OC(C)(C)C)N2C(=O)c3cccc(N4CCN([C@@H](C)c5ccccc5)CC4)c3C2=O)cc1OC,Urotensin II receptor
CC(C)[C@H](NC(=O)[C@@H]1CSSC(C)(C)[C@H](NC(=O)[C@@H](N)CC(=O)O)C(=O)N[C@@H](Cc2ccccc2)C(=O)N[C@@H](Cc2c[nH]c3ccccc23)C(=O)N[C@@H](CCCCN)C(=O)N[C@@H](Cc2cccc3ccccc23)C(=O)N1)C(=O)O,Urotensin II receptor
CC(=O)N[C@H]1CSSC[C@@H](C(N)=O)NC(=O)[C@H](C)NC(=O)[C@H](CCCCN)NC(=O)[C@H](Cc2c[nH]c3ccccc23)NC(=O)[C@H](Cc2ccccc2)NC1=O,Urotensin II receptor
CCN(CC(=O)N1CCC[C@H](c2ccccc2)[C@@H]1CN1CCCC1)c1ccc(Cl)c(Cl)c1,Urotensin II receptor
CN1CCC(Oc2ccc(CN3CCC(NC(=O)c4ccc(Cl)c(Cl)c4)C3)cc2Br)C1,Urotensin II receptor
CC(C)[C@H](NC(=O)[C@@H]1CSSC(C)(C)[C@H](NC(=O)[C@@H](N)CC(=O)O)C(=O)N[C@@H](Cc2ccccc2)C(=O)N[C@@H](Cc2c[nH]c3ccccc23)C(=O)N[C@@H](CCCCN)C(=O)N[C@@H](Cc2ccc([N+](=O)[O-])cc2)C(=O)N1)C(=O)O,Urotensin II receptor
CC(C)(C)OC(=O)N1CCN(CCNC(=O)c2cc(Cl)ccc2C2CCN(CCN3C(=O)COc4ccccc43)CC2)CC1,Urotensin II receptor
O=C(N[C@H]1CCN(CCc2ccc(OC3CCNCC3)cc2)C1)c1ccc(Cl)c(Cl)c1,Urotensin II receptor
CN(C)CCC(NC(=O)c1ccc(-c2ccc(Cl)cc2)cc1)c1ccc(Cl)cc1.Cl,Urotensin II receptor
CCN1CCN(c2cccc3c2CN([C@H](CCCNS(=O)(=O)c2c[nH]cn2)c2ccc(OC)c(OC)c2)C3=O)CC1,Urotensin II receptor
O=C(N[C@H]1CCN(Cc2ccc(OCCN3CCOCC3)c(Br)c2)C1)c1ccc(Cl)c(Cl)c1,Urotensin II receptor
CN(C)CCCOc1ccc(CN2CC[C@H](NC(=O)[C@H](Cc3ccccc3)NC(=O)c3ccc(Cl)c(Cl)c3)C2)cc1,Urotensin II receptor
CN(C)CCC(NC(=O)c1ccc(-c2ccc(Cl)cc2)cc1)c1ccc2ccccc2c1.Cl,Urotensin II receptor
O=C(Cc1csc2ccccc12)N1CCC[C@H](c2ccccc2)[C@@H]1CN1CCCC1,Urotensin II receptor
CN(C)CCCOc1ccc(CN2CC[C@H](NC(=O)c3ccc(-c4ccccc4)cc3)C2)cc1,Urotensin II receptor
O=C(NCCN1CCC(O)(Cc2ccccc2)CC1)Nc1cc(-c2ccccc2)nc2ccsc12,Urotensin II receptor
COc1ccc([C@@H](CCCN(C)S(=O)(=O)c2cccs2)N2Cc3c(cccc3N3CCN(C4CC4)CC3)C2=O)cc1OC,Urotensin II receptor
C[C@H](NC(=O)[C@H](CS)NC(=O)[C@H](Cc1ccc(O)cc1)NC(=O)[C@H](CCCCN)NC(=O)[C@H](Cc1c[nH]c2ccccc12)NC(=O)[C@H](Cc1ccccc1)NC(=O)[C@H](CS)NC(=O)[C@H](CC(=O)O)NC(=O)[C@H]1CCCN1C(=O)[C@@H](NC(=O)[C@@H](N)CCC(=O)O)[C@@H](C)O)C(=O)O,Urotensin II receptor
CCN(CC)CCC1C(c2ccccc2)=Nc2ccccc2SC1c1ccc(Cl)cc1,Urotensin II receptor
CC(C)[C@H](NC(=O)[C@H](CS)NC(=O)[C@H](Cc1ccc(O)cc1)NC(=O)[C@@H](CCCCN)NC(=O)[C@H](Cc1c[nH]c2ccccc12)NC(=O)[C@H](Cc1ccccc1)NC(=O)[C@H](CS)NC(=O)[C@H](CC(=O)O)NC(=O)[C@H]1CCCN1C(=O)[C@@H](NC(=O)[C@@H](N)CCC(=O)O)[C@@H](C)O)C(=O)O,Urotensin II receptor
COc1ccc(-c2ccc(C(=O)NC(CCN(C)C)c3ccc(C)cc3)cc2)cc1.Cl,Urotensin II receptor
CN(C)CCC(OC(=O)c1cccc2ccccc12)c1ccc(Cl)cc1,Urotensin II receptor
COc1cccc(C(=O)OC(CCN(C)C)c2ccc(Cl)cc2)c1C,Urotensin II receptor
CN(C)CCC(OC(=O)c1ccc2ccccc2c1)c1ccc(Cl)cc1,Urotensin II receptor
[H][C@@]12CCCN1C(=O)[C@H](Cc1ccc(O)cc1)NC(=O)[C@H](CCCCN)NC(=O)[C@H](Cc1c[nH]c3ccccc13)NC(=O)[C@H](Cc1ccc(O)cc1)NC(=O)CNC2=O,Urotensin II receptor
COc1ccc(CC(=O)NC(CCN(C)C)c2ccc(C)cc2)cc1,Urotensin II receptor
CCN(CC)CCC1=C(c2ccccc2)NC(=O)N(C)C1c1ccc(Cl)cc1,Urotensin II receptor
Cc1ccc(C(CCN(C)C)NC(=O)/C=C/c2ccccc2)cc1,Urotensin II receptor
CN(C)CCCOc1ccc(CN2CC[C@H](NC(=O)[C@H](CCC(=O)O)NC(=O)c3ccc(Cl)c(Cl)c3)C2)cc1,Urotensin II receptor
C[C@@H](O)[C@H](NC(=O)[C@@H](N)CCC(=O)O)C(=O)N1CCC[C@@H]1C(=O)N[C@@H](CC(=O)O)C(=O)N[C@@H](CS)C(=O)N[C@@H](Cc1ccccc1)C(=O)N[C@@H](Cc1c[nH]c2ccccc12)C(=O)N[C@@H](CCCCN)C(=O)N[C@@H](Cc1ccc(O)cc1)C(=O)N[C@@H](CS)C(=O)O,Urotensin II receptor
COc1ccc([C@@H](CCCN(C)S(=O)(=O)c2cccs2)N2Cc3c(cccc3N3CCN(C)CC3)C2=O)cc1OC,Urotensin II receptor
CN(C)CCCOc1ccc(CN2CC[C@H](NC(=O)c3ccccc3)C2)cc1,Urotensin II receptor
Cc1cc2c(cc1C)CC(CCN(C)C)(c1ccc3ccccc3c1)OC2.Cl,Urotensin II receptor
CC(C)[C@H](NC(=O)[C@@H]1CSSC(C)(C)[C@@H](NC(=O)[C@H](C)N)C(=O)N[C@@H](Cc2ccccc2)C(=O)N[C@@H](Cc2c[nH]c3ccccc23)C(=O)N[C@@H](CCCCN)C(=O)N[C@@H](Cc2ccc(O)cc2)C(=O)N1)C(=O)O,Urotensin II receptor
CN(C)CCC(NC(=O)CCc1ccccc1)c1ccc2ccccc2c1,Urotensin II receptor
[H][C@@]12CCCN1C(=O)[C@H](Cc1ccc(O)cc1)NC(=O)[C@H](CCCCN)NC(=O)[C@H](Cc1c[nH]c3ccccc13)NC(=O)[C@H](Cc1ccccc1)NC(=O)CNC2=O,Urotensin II receptor
C[C@H]1CCCN(C(=O)Cc2csc3ccc(Cl)cc23)[C@H]1CN1CCCC1,Urotensin II receptor
COc1ccc([C@@H](CCCNS(=O)(=O)c2cccs2)N2C(=O)c3cccc(N4CCN(C)CC4)c3C2=O)cc1OC,Urotensin II receptor
Cl.NCCCCN1N=C(/C=C/c2ccc(O)cc2)c2ccccc2N(Cc2ccc(-c3ccccc3)cc2)C1=O,Urotensin II receptor
COc1cc(Br)c(S(=O)(=O)Cc2ccc(Cl)c(O[C@H]3CCN(C)C3)c2)cc1OC,Urotensin II receptor
Cc1ccc(C)c(C(=O)OC(CCN(C)C)c2ccc(Cl)cc2)c1,Urotensin II receptor
COc1ccc(CNc2ccc(C(F)(F)F)c(O[C@H]3CCN(C)C3)c2)cc1,Urotensin II receptor
CC(=O)N[C@H]1CSSC[C@@H](C(N)=O)NC(=O)[C@H](Cc2ccc(O)cc2)NC(=O)[C@@H](CCCCN)NC(=O)[C@H](Cc2c[nH]c3ccccc23)NC(=O)[C@H](Cc2ccccc2)NC1=O,Urotensin II receptor
Cn1cnc2c(NC(=O)NCCN3CCC(O)(Cc4ccccc4)CC3)ccnc21,Urotensin II receptor
Cc1ccc(C(=O)NC(CCN(C)C)c2ccc(Cl)cc2)c(C)c1,Urotensin II receptor
[H][C@@]12CCCN1C(=O)[C@H](Cc1ccccc1)NC(=O)[C@@H](NC(=O)[C@H](CC(=O)O)NC(=O)[C@@H]1CCCN1C(=O)[C@@H](NC(=O)[C@@H](N)CCC(=O)O)[C@@H](C)O)CSSC[C@@H](C(=O)N[C@H](C(=O)O)C(C)C)NC(=O)[C@H](Cc1ccc(O)cc1)NC(=O)[C@H](CCCCN)NC2=O,Urotensin II receptor
CC(C)[C@H](NC(=O)[C@@H]1CSSC(C)(C)[C@@H](NC(=O)[C@@H](N)Cc2ccccc2)C(=O)N[C@@H](Cc2ccccc2)C(=O)N[C@@H](Cc2c[nH]c3ccccc23)C(=O)N[C@@H](CCCCN)C(=O)N[C@@H](Cc2ccc(O)cc2)C(=O)N1)C(=O)O,Urotensin II receptor
[H][C@@]12Cc3c([nH]c4ccccc34)CN1C(=O)[C@H](Cc1ccccc1)NC(=O)[C@@H](NC(=O)[C@H](C)N)CSSC[C@@H](C(=O)N[C@H](C(=O)O)C(C)C)NC(=O)[C@H](Cc1ccc(O)cc1)NC(=O)[C@H](CCCCN)NC2=O,Urotensin II receptor
CCCCNc1nccc2c1c1ccccc1n2Cc1ccccc1,Urotensin II receptor
CO[C@@H](C(=O)N[C@@H](CCN(C)C)c1ccc2ccccc2c1)c1ccccc1.Cl,Urotensin II receptor
CC(=O)N[C@@H](CO)C(=O)N[C@@H](Cc1ccccc1)C(=O)N[C@@H](Cc1c[nH]c2ccccc12)C(=O)N[C@@H](CCCCN)C(=O)N[C@@H](Cc1ccc(O)cc1)C(=O)N[C@@H](CO)C(N)=O,Urotensin II receptor
Cc1cc2nccc(NC(=O)NCCN3CCC(O)(Cc4ccccc4)CC3)c2s1,Urotensin II receptor
COc1cccc(C2(CCN(C)C)Cc3cc(C)c(C)cc3C(=O)O2)c1.Cl,Urotensin II receptor
CC(C)[C@H](NC(=O)[C@@H]1CSSC[C@H](NC(=O)[C@@H](N)CC(=O)O)C(=O)N[C@@H](Cc2ccccc2)C(=O)NN(Cc2ccc3ccccc3c2)S(=O)(=O)N[C@@H](CCCCN)C(=O)N[C@@H](Cc2ccc(O)cc2)C(=O)N1)C(=O)O,Urotensin II receptor
COc1ccc(/C=C/C2=NN(CCCCN)C(=O)N(Cc3ccc(-c4ccccc4)cc3)c3ccccc32)cc1.Cl,Urotensin II receptor
CN(C)CCC(NC(=O)c1ccc(-c2ccc3ccccc3c2)cc1)c1ccc2ccccc2c1.Cl,Urotensin II receptor
CN(C)CCCOc1ccccc1CN1CC[C@H](NC(=O)c2ccc(Cl)c(Cl)c2)C1,Urotensin II receptor
Cc1ccc(C(CCN(C)C)NC(=O)Cc2ccc(C(F)(F)F)cc2)cc1,Urotensin II receptor
COc1ccc([C@H](CCCNS(=O)(=O)c2cccs2)N2C(=O)c3cccc(N4CCN([C@H](C)c5ccccc5)CC4)c3C2=O)cc1OC,Urotensin II receptor
CN(C)CCC(NC(=O)c1ccc2c(c1)OCO2)c1ccc(Cl)cc1,Urotensin II receptor
CN(C)CC[C@H](NC(=O)c1ccc(-c2ccc(Cl)cc2)cc1)c1ccc2ccccc2c1.Cl,Urotensin II receptor
O=C(N[C@H]1CCN(CCc2ccc(OC3CCNCC3)c(Br)c2)C1)c1ccc(Cl)c(Cl)c1,Urotensin II receptor
CC(C)C[C@H](NC(=O)c1cc2ccccc2o1)C(=O)N[C@@H]1CCN(Cc2ccc(OCCCN(C)C)cc2)C1,Urotensin II receptor
CN(C)CCC1(c2ccc(Cl)c(Cl)c2)Cc2ccccc2C(=O)O1.Cl,Urotensin II receptor
CN(C)CCC1(c2ccc(Oc3ccccc3)cc2)Cc2ccccc2C(=O)O1,Urotensin II receptor
CN(C)CCC(NC(=O)Cc1ccccc1)c1ccc(Cl)cc1,Urotensin II receptor
Cc1ccc(C(CCN(C)C)NC(=O)CCc2ccc(C(F)(F)F)cc2)cc1,Urotensin II receptor
CN(C)CC[C@@H](NC(=O)c1ccc(-c2ccccc2)cc1)c1ccc(Cl)cc1,Urotensin II receptor
COc1ccc([C@@H](C)N2C(=O)c3cccc(N4CCN([C@H](C)c5ccccc5)CC4)c3C2=O)cc1OC,Urotensin II receptor
CN1CCC(Oc2ccc(CN3CCC(NC(=O)c4ccc(Cl)c(Cl)c4)C3)cc2)C1,Urotensin II receptor
NCCCC[C@@H]1N=C(c2ccc(-c3ccccc3)cc2)c2[nH]c(C(=O)O)cc2N(CCc2ccc(O)cc2)C1=O,Urotensin II receptor
COc1cc(Br)c(CNc2ccc(Cl)c(OCCN(C)C)c2)cc1OC,Urotensin II receptor
CN(C)CCCOc1ccc(CN2CC[C@H](NC(=O)c3cccs3)C2)cc1,Urotensin II receptor
CC(C)[C@H](NC(=O)[C@H](CS)NC(=O)[C@H](Cc1ccc(O)cc1)NC(=O)[C@H](C)NC(=O)[C@H](Cc1c[nH]c2ccccc12)NC(=O)[C@H](Cc1ccccc1)NC(=O)[C@H](CS)NC(=O)[C@H](CC(=O)O)NC(=O)[C@H]1CCCN1C(=O)[C@@H](NC(=O)[C@@H](N)CCC(=O)O)[C@@H](C)O)C(=O)O,Urotensin II receptor
CN(C)CCC(NC(=O)c1ccc(-c2ccc3ccccc3c2)cc1)c1ccc(Cl)cc1.Cl,Urotensin II receptor
CC(=O)N[C@H]1CSSC[C@@H](C(N)=O)NC(=O)[C@H](Cc2ccc(O)cc2)NC(=O)[C@H](CCCCN)NC(=O)[C@H](Cc2c[nH]c3ccccc23)NC(=O)[C@@H](Cc2ccccc2)NC1=O,Urotensin II receptor
Cc1ccc(C(=O)N[C@H]2CCN(Cc3ccc(OCCCN(C)C)cc3)C2)cc1C,Urotensin II receptor
CN(C)CC[C@@H](NC(=O)c1ccc(-c2ccc(Cl)cc2)cc1)c1ccc2ccccc2c1.Cl,Urotensin II receptor
CCCCCNc1nccc2[nH]c3ccccc3c12,Urotensin II receptor
CC(C)C[C@H](NC(=O)c1cc2ccccc2s1)C(=O)N[C@H]1CCN(Cc2ccc(OC3CCNCC3)c(Br)c2)C1,Urotensin II receptor
CC(C)[C@H](NC(=O)[C@H](CS)NC(=O)[C@H](Cc1ccc(O)cc1)NC(=O)[C@H](CCCCN)NC(=O)[C@H](Cc1c[nH]c2ccccc12)NC(=O)[C@H](Cc1ccccc1)NC(=O)[C@H](CS)NC(=O)[C@H](CC(=O)O)NC(=O)[C@H]1CCCN1C(=O)[C@@H](N)[C@@H](C)O)C(=O)O,Urotensin II receptor
COc1cc(Br)c(S(=O)(=O)Nc2ccc(C(F)(F)F)c(F)c2)cc1OC,Urotensin II receptor
Cl.NCCCN1N=C(/C=C/c2ccc(O)cc2)c2ccccc2N(Cc2ccc3ccccc3c2)C1=O,Urotensin II receptor
O=C(NC(CCN1CCCCC1)c1ccc(Cl)cc1)c1ccccc1.O=C(O)C(=O)O,Urotensin II receptor
O=C(Cc1csc2ccc(Cl)cc12)N1CCCCC1CN1CCCCC1,Urotensin II receptor
O=C(NCC1CCN(C(=O)c2ccccc2)CC1)c1cc(Cl)ccc1C1CCN(CCN2C(=O)COc3ccccc32)CC1,Urotensin II receptor
CN1CC[C@H](Oc2cc(NCc3cccs3)ccc2C(F)(F)F)C1,Urotensin II receptor
COc1ccc(CCC(=O)NC(CCN(C)C)c2ccc(C)cc2)cc1,Urotensin II receptor
[H][C@]12CCCC[C@H](c3ccc(OC)c(OC)c3)N1C(=O)c1cccc(N3CCN(CC)CC3)c12,Urotensin II receptor
Cl.NCCCCN1N=C(/C=C/c2ccc(O)cc2)c2ccccc2N(Cc2ccc3ccccc3c2)C1=O,Urotensin II receptor
CCc1ccccc1C(=O)N[C@@H](CCN(C)C)c1ccc(Cl)cc1,Urotensin II receptor
COc1cc(OC)cc(C2(CCN(C)C)Cc3cc(C)c(C)cc3C(=O)O2)c1.Cl,Urotensin II receptor
[H][C@@]12Cc3c([nH]c4ccccc34)CN(C1=O)[C@@H](CCCCN)C(=O)N[C@@H](Cc1ccc(O)cc1)C(=O)N[C@H](C(=O)N[C@H](C(=O)O)C(C)C)CSSC[C@H](NC(=O)[C@H](C)N)C(=O)N[C@@H](Cc1ccccc1)C(=O)N2,Urotensin II receptor
CC(C)[C@H](NC(=O)[C@@H]1CSSC(C)(C)[C@H](NC(=O)[C@@H](N)CC(=O)O)C(=O)N[C@@H](Cc2ccccc2)C(=O)N[C@H](Cc2c[nH]c3ccccc23)C(=O)N[C@@H](CCCN)C(=O)N[C@@H](Cc2ccc3ccccc3c2)C(=O)N1)C(=O)O,Urotensin II receptor
CC(C)[C@H](NC(=O)[C@@H]1CSSC[C@H](NC(=O)[C@@H](N)CC(=O)O)C(=O)N[C@@H](Cc2ccccc2)C(=O)NN(Cc2cccc3ccccc23)S(=O)(=O)N[C@@H](CCCCN)C(=O)N[C@@H](Cc2ccc(O)cc2)C(=O)N1)C(=O)O,Urotensin II receptor
CC(C)[C@H](NC(=O)[C@H](CS)NC(=O)[C@H](Cc1ccc(O)cc1)NC(=O)[C@H](CCCCN)NC(=O)[C@H](Cc1c[nH]c2ccccc12)NC(=O)[C@H](Cc1ccccc1)NC(=O)[C@H](CS)NC(=O)[C@H](CC(=O)O)NC(=O)[C@H]1CCCN1)C(=O)O,Urotensin II receptor
COc1ccc(C(=O)NC(CCN(C)C)c2ccc(Cl)cc2)cc1,Urotensin II receptor
COc1cc(Br)c(S(=O)(=O)Nc2ccc(C(F)(F)F)c(O[C@@H]3CCCN(C)C3)c2)cc1OC,Urotensin II receptor
CC(C)[C@H](NC(=O)[C@@H]1CSSC[C@H](NC(=O)[C@H](C)N)C(=O)N[C@@H](Cc2ccccc2)C(=O)N[C@H](Cc2cccc3ccccc23)C(=O)N[C@@H](CCCCN)C(=O)N[C@@H](Cc2ccc(O)cc2)C(=O)N1)C(=O)O,Urotensin II receptor
CC(C)[C@H](NC(=O)[C@@H]1CCSSC[C@H](NC(=O)[C@@H](N)CC(=O)O)C(=O)N[C@@H](Cc2ccccc2)C(=O)N[C@@H](Cc2c[nH]c3ccccc23)C(=O)N[C@@H](CCCCN)C(=O)N[C@@H](Cc2ccc(O)cc2)C(=O)N1)C(=O)O,Urotensin II receptor
COc1cc(CCN2CC[C@H](NC(=O)c3ccc(Cl)c(Cl)c3)C2)ccc1OC1CCNCC1,Urotensin II receptor
O=C(NCC1CCN(C(=O)OCc2ccccc2)CC1)c1cc(Cl)ccc1C1CCN(CCN2C(=O)COc3ccccc32)CC1,Urotensin II receptor
CN(C)CCC(NC(=O)c1ccccc1)c1ccc(Cl)cc1,Urotensin II receptor
O=C1COc2ccccc2N1CCN1CCC(C(=O)NCc2ccccc2)(c2ccccc2)CC1,Urotensin II receptor
O=C(NC1CCN(Cc2ccc(OC3CCNCC3)c(Br)c2)CC1)c1cccs1,Urotensin II receptor
COc1cccc2c1CC(CCN(C)C)(c1ccc(Cl)cc1)N(C)C2=O.Cl,Urotensin II receptor
CN(C)CCC(OC(=O)NCc1ccccc1)c1ccc(Cl)cc1,Urotensin II receptor
CC(C)[C@H](NC(=O)[C@@H]1CSSC[C@H](NC(=O)[C@H](C)N)C(=O)N[C@@H](Cc2ccccc2)C(=O)N[C@@H](C(C)(C)C)C(=O)N[C@@H](CCCCN)C(=O)N[C@@H](Cc2ccc(O)cc2)C(=O)N1)C(=O)O,Urotensin II receptor
CN(C)CCC1(c2ccc(Cl)cc2)Cc2cc(-c3ccccc3)ccc2C(=O)O1.O=C(O)C(=O)O,Urotensin II receptor
CN(C)CCC(NC(=O)C#Cc1ccccc1)c1ccc(Cl)cc1,Urotensin II receptor
CN(C)CCC(NC(=O)Nc1ccc2ccccc2c1)c1ccc(Cl)cc1,Urotensin II receptor
CN(C)CCC(OC(=O)Nc1ccc(Oc2ccccc2)cc1)c1ccc(Cl)cc1,Urotensin II receptor
CC(C)[C@H](NC(=O)[C@@H]1CSSC[C@@H](NC(=O)[C@@H](N)CC(=O)O)C(=O)N[C@@H](Cc2ccccc2)C(=O)N[C@@H](Cc2c[nH]c3ccccc23)C(=O)N[C@@H](CCCN)C(=O)N[C@@H](Cc2ccc(O)cc2)C(=O)N1)C(=O)O,Urotensin II receptor
O=C(NCCN1CCC(O)(Cc2ccccc2Br)CC1)Nc1ccnc2ccsc12,Urotensin II receptor
CC(C)[C@H](NC(=O)c1ccc(Cl)c(Cl)c1)C(=O)N[C@H]1CCN(Cc2ccc(OCCCN(C)C)cc2)C1,Urotensin II receptor
COc1ccc(-c2ccc(C(=O)NC(CCN(C)C)c3ccc(Cl)cc3)cc2)cc1.Cl,Urotensin II receptor
CN(C)CCC(NC(=O)CCc1ccccc1)c1ccc(Cl)cc1,Urotensin II receptor
c1ccc2c(c1)[nH]c1ccnc(NCCN3CCOCC3)c12,Urotensin II receptor
CN1CC[C@H](Oc2cc(NCc3ccccc3Br)ccc2C(F)(F)F)C1,Urotensin II receptor
COCCN(C)c1nccc2[nH]c3ccccc3c12,Urotensin II receptor
[H][C@@](N)(C(=O)N[C@@H](C)C(=O)N[C@@H](CC(=O)O)C(=O)N[C@H]1CSSC[C@@H](C(=O)N[C@H](C(=O)O)C(C)C)NC(=O)[C@H](Cc2ccc(O)cc2)NC(=O)[C@H](CCCCN)NC(=O)[C@H](Cc2c[nH]c3ccccc23)NC(=O)[C@H](Cc2ccccc2)NC1=O)[C@@H](C)O,Urotensin II receptor
COc1ccc(CN2C(=O)c3cccc(N4CCN(Cc5ccccc5)CC4)c3C2=O)cc1OC,Urotensin II receptor
CO[C@@H](C(=O)N[C@@H](CCN(C)C)c1ccc(Cl)cc1)c1ccccc1,Urotensin II receptor
CN(C)CCC(NC(=O)NCc1ccccc1)c1ccc(Cl)cc1,Urotensin II receptor
CN1CC[C@H](Oc2cc(NCc3c(Br)ccc4c3OCO4)ccc2C(F)(F)F)C1,Urotensin II receptor
CCC(c1ccc(OC)c(OC)c1)N1C(=O)c2cccc(N3CCN([C@H](C)c4ccccc4)CC3)c2C1=O,Urotensin II receptor
CN(C)CCC(NC(=O)c1ccc(-c2ccccc2)cc1)c1ccc(Cl)cc1,Urotensin II receptor
CNCCCN1N=C(CCc2nc3ccccc3s2)c2ccccc2N(Cc2ccc(-c3ccccc3)cc2)C1=O.Cl,Urotensin II receptor
O=C(NCCN1CCC(O)(Cc2ccccc2)CC1)Nc1ccnc2ccoc12,Urotensin II receptor
c1ccc2c(c1)[nH]c1nccc(NCC3CCCCC3)c12,Urotensin II receptor
[H][C@@]12CCCN1C(=O)[C@H](Cc1ccccc1)NC(=O)[C@H](CCCCN)NC(=O)[C@H](Cc1c[nH]c3ccccc13)NC(=O)[C@H](CO)NC(=O)CNC2=O,Urotensin II receptor
CC(C)[C@H](NC(=O)[C@H](CS)NC(=O)[C@@H](Cc1ccc(O)cc1)NC(=O)[C@H](CCCCN)NC(=O)[C@H](Cc1c[nH]c2ccccc12)NC(=O)[C@H](Cc1ccccc1)NC(=O)[C@H](CS)NC(=O)[C@H](CC(=O)O)NC(=O)[C@H]1CCCN1C(=O)[C@@H](NC(=O)[C@@H](N)CCC(=O)O)[C@@H](C)O)C(=O)O,Urotensin II receptor
CC(C)[C@H](NC(=O)[C@H](CS)NC(=O)[C@H](C)NC(=O)[C@H](CCCCN)NC(=O)[C@H](Cc1c[nH]c2ccccc12)NC(=O)[C@H](Cc1ccccc1)NC(=O)[C@H](CS)NC(=O)[C@H](CC(=O)O)NC(=O)[C@H]1CCCN1C(=O)[C@@H](NC(=O)[C@@H](N)CCC(=O)O)[C@@H](C)O)C(=O)O,Urotensin II receptor
[H][C@@]12CCCN1C(=O)[C@H](Cc1ccccc1)NC(=O)[C@H](CCCCN)NC(=O)[C@H](Cc1c[nH]c3ccccc13)NC(=O)[C@H](Cc1ccccc1)NC(=O)CNC2=O,Urotensin II receptor
COc1cccc(NC(=O)OC(CCN(C)C)c2ccc(Cl)cc2)c1,Urotensin II receptor
CC(C)[C@H](NC(=O)[C@@H]1CSSC[C@H](NC(=O)[C@H](C)N)C(=O)N[C@@H](Cc2ccccc2)C(=O)N[C@H](c2ccccc2)C(=O)N[C@@H](CCCCN)C(=O)N[C@@H](Cc2ccc(O)cc2)C(=O)N1)C(=O)O,Urotensin II receptor
COc1ccc(NC(=O)OC(CCN(C)C)c2ccc(Cl)cc2)cc1,Urotensin II receptor
CN(C)C(=O)C1(c2ccccc2)CCN(CCN2C(=O)COc3ccccc32)CC1,Urotensin II receptor
O=C(NCCN1CCC(O)(Cc2ccccc2)CC1)Nc1ccnc2cc(-c3ccccc3)sc12,Urotensin II receptor
O=C(CNc1ccc(Cl)c(Cl)c1)N1CCC[C@H](c2ccccc2)[C@@H]1CN1CCCC1,Urotensin II receptor
CC(C)(C)OC(=O)N1CCC(CCNC(=O)c2cc(Cl)ccc2C2CCN(CCN3C(=O)COc4ccccc43)CC2)CC1,Urotensin II receptor
CC(=O)N[C@H]1CSSC[C@@H](C(N)=O)NC(=O)[C@H](Cc2ccc(O)cc2)NC(=O)[C@H](CCCCN)NC(=O)[C@H](Cc2c[nH]c3ccccc23)NC(=O)[C@H](Cc2ccccc2)NC1=O,Urotensin II receptor
O=C(Cc1c[nH]c2ccc(Br)cc12)N1CCC[C@H](c2ccccc2)[C@@H]1CN1CCCC1,Urotensin II receptor
CCN1CCN(c2cccc3c2CN([C@H](CCCNCc2cccs2)c2ccc(OC)c(OC)c2)C3=O)CC1,Urotensin II receptor
O=C(NC1CCN(Cc2ccc(OC3CCNCC3)c(Br)c2)CC1)c1ccccn1,Urotensin II receptor
CCN1CCN(c2cccc3c2CN([C@H](CCCNC(=O)c2cccs2)c2ccc(OC)c(OC)c2)C3=O)CC1,Urotensin II receptor
CO[C@@H](C(=O)N[C@H](CCN(C)C)c1ccc2ccccc2c1)c1ccccc1.Cl,Urotensin II receptor
[H][C@]12Cc3c([nH]c4ccccc34)CN1C(=O)[C@H](Cc1ccccc1)NC(=O)[C@@H](NC(=O)[C@H](C)N)CSSC[C@@H](C(=O)N[C@H](C(=O)O)C(C)C)NC(=O)[C@H](Cc1ccc(O)cc1)NC(=O)[C@H](CCCCN)NC2=O,Urotensin II receptor
C[C@H](N)C(=O)N[C@@H](CC(N)=O)C(=O)N[C@H]1CSSC[C@@H](C(=O)N[C@@H](C)C(=O)O)NC(=O)[C@H](Cc2ccc(O)cc2)NC(=O)[C@H](CCCCN)NC(=O)[C@H](Cc2c[nH]c3ccccc23)NC(=O)[C@H](Cc2ccccc2)NC1=O,Urotensin II receptor
CC(C)[C@H](NC(=O)[C@H](CS)NC(=O)[C@H](Cc1ccc(O)cc1)NC(=O)[C@H](CCCCN)NC(=O)[C@H](Cc1c[nH]c2ccccc12)NC(=O)[C@H](CS)NC(=O)[C@H](CC(=O)O)NC(=O)[C@H]1CCCN1C(=O)[C@@H](NC(=O)[C@@H](N)CCC(=O)O)[C@@H](C)O)C(=O)O,Urotensin II receptor
CN(C)CCOc1cc(NCc2ccccc2Br)ccc1Cl,Urotensin II receptor
COc1cc(Br)c(S(=O)(=O)Nc2ccc(C(F)(F)F)c(O[C@@H]3CCN(C)C3)c2)cc1OC,Urotensin II receptor
CC(C)[C@H](NC(=O)[C@@H]1CSSC(C)(C)[C@H](NC(=O)[C@@H](N)CC(=O)O)C(=O)N[C@@H](Cc2ccccc2)C(=O)N[C@@H](Cc2c[nH]c3ccccc23)C(=O)N[C@@H](CCCCN)C(=O)N[C@@H](Cc2ccc(Cl)c(Cl)c2)C(=O)N1)C(=O)O,Urotensin II receptor
COc1cccc(-c2ccc3cc(C(=O)NC4CCN(Cc5ccc(OC6CCNCC6)c(Br)c5)CC4)sc3c2)c1,Urotensin II receptor
CC(C)[C@H](NC(=O)[C@H](CS)NC(=O)[C@H](Cc1ccc(O)cc1)NC(=O)[C@H](CCCCN)NC(=O)[C@H](Cc1c[nH]c2ccccc12)NC(=O)[C@H](Cc1ccccc1)NC(=O)[C@H](CS)NC(=O)[C@H](CC(=O)O)NC(=O)[C@H]1CCCN1C(=O)[C@H](C)NC(=O)[C@@H](N)CCC(=O)O)C(=O)O,Urotensin II receptor
CC(=O)N[C@@H](Cc1ccccc1)C(=O)N[C@@H](Cc1c[nH]c2ccccc12)C(=O)N[C@@H](CCCCN)C(=O)N[C@@H](Cc1ccc(O)cc1)C(N)=O,Urotensin II receptor
CC(C)[C@H](NC(=O)[C@@H]1CSSC(C)(C)[C@@H](NC(=O)[C@@H](N)Cc2ccc3ccccc3c2)C(=O)N[C@@H](Cc2ccccc2)C(=O)N[C@H](Cc2c[nH]c3ccccc23)C(=O)N[C@@H](CCCN)C(=O)N[C@@H](Cc2ccc(O)cc2)C(=O)N1)C(=O)O,Urotensin II receptor
COc1ccc(CN2C(=O)c3cccc(N4CCN(Cc5c(F)cccc5F)CC4)c3C2=O)cc1OC,Urotensin II receptor
CN(CC(=O)N1CCC[C@H](c2ccccc2)[C@@H]1CN1CCCC1)c1ccc2ccccc2c1,Urotensin II receptor
CN(C)CCC(NC(=O)Cc1ccc(C(F)(F)F)cc1)c1ccc2ccccc2c1,Urotensin II receptor
CC(C)[C@H](NC(=O)c1cc2ccccc2s1)C(=O)N[C@H]1CCN(Cc2ccc(OCCCN(C)C)cc2)C1,Urotensin II receptor
CNCCCCN1N=C(CCc2nc3ccccc3s2)c2ccccc2N(Cc2cccc3ccccc23)C1=O.Cl,Urotensin II receptor
[H][C@@]12CCCN1C(=O)[C@H](Cc1c[nH]c3ccccc13)NC(=O)[C@H](CCCCN)NC(=O)[C@H](Cc1c[nH]c3ccccc13)NC(=O)[C@H](CO)NC(=O)CNC2=O,Urotensin II receptor
CC(C)[C@H](NC(=O)[C@@H]1CSSC[C@H](NC(=O)[C@@H](N)CC(=O)O)C(=O)N[C@@H](Cc2ccccc2)C(=O)N[C@@H](Cc2c[nH]c3ccccc23)C(=O)N[C@@H](CCCCN)C(=O)N[C@@H](Cc2ccc(N)cc2)C(=O)N1)C(=O)O,Urotensin II receptor
CC(C)C[C@H](NC(=O)c1ccc(Cl)c(Cl)c1)C(=O)N[C@H]1CCN(Cc2ccc(OCCCN(C)C)cc2)C1,Urotensin II receptor
[H][C@@]12CCCN1C(=O)[C@H](Cc1ccccc1)NC(=O)[C@H](CCCCN)NC(=O)[C@H](Cc1c[nH]c3ccccc13)NC(=O)[C@H](Cc1ccc(O)cc1)NC(=O)CNC2=O,Urotensin II receptor
O=C(Cc1csc2ccc(Cl)cc12)N1CCC[C@H](C2CCCCC2)[C@@H]1CN1CCCC1,Urotensin II receptor
CN(C)CCC(OC(=O)c1cn(C)c2ccccc12)c1ccc(Cl)cc1,Urotensin II receptor
CN(C)CCC(NC(=O)Cc1ccc(C(F)(F)F)cc1)c1ccc(Cl)cc1,Urotensin II receptor
CC(C)[C@H](NC(=O)[C@@H]1CSSC(C)(C)[C@@H](NC(=O)[C@@H](N)CCCCN)C(=O)N[C@@H](Cc2ccccc2)C(=O)N[C@@H](Cc2c[nH]c3ccccc23)C(=O)N[C@@H](CCCCN)C(=O)N[C@@H](Cc2ccc(O)cc2)C(=O)N1)C(=O)O,Urotensin II receptor
CC(C)[C@H](NC(=O)[C@@H]1CSSC[C@H](NC(=O)[C@H](CC(=O)O)NC(=O)[C@H](C)N)C(=O)N[C@@H](C)C(=O)N[C@@H](Cc2c[nH]c3ccccc23)C(=O)N[C@@H](CCCCN)C(=O)N[C@@H](Cc2ccc(O)cc2)C(=O)N1)C(=O)O,Urotensin II receptor
COc1ccc(C(C)N2C(=O)c3cccc(N4CCN([C@H](C)c5ccccc5)CC4)c3C2=O)cc1OC,Urotensin II receptor
[H][C@@]12Cc3c([nH]c4ccccc34)CN1C(=O)[C@H](Cc1ccccc1)NC(=O)[C@@H](NC(=O)[C@H](C)N)CSSC[C@@H](C(=O)N[C@H](C(=O)O)C(C)C)NC(=O)[C@H](Cc1ccc(O)cc1)NC(=O)[C@H](CCCN)NC2=O,Urotensin II receptor
CC(C)[C@H](NC(=O)[C@@H]1CSSC[C@H](NC(=O)[C@H](C)N)C(=O)N[C@@H](Cc2ccccc2)C(=O)N[C@@H](Cc2c[nH]c3ccccc23)C(=O)N[C@@H](CCCCN)C(=O)N[C@@H](Cc2ccc(O)cc2)C(=O)N1)C(=O)O,Urotensin II receptor
CC(C)[C@H](NC(=O)[C@@H]1CSSC[C@H](NC(=O)[C@@H](N)CC(=O)O)C(=O)N[C@H](CC2CCCCC2)C(=O)N[C@@H](Cc2c[nH]c3ccccc23)C(=O)N[C@@H](CCCCN)C(=O)N[C@@H](Cc2ccc(O)cc2)C(=O)N1)C(=O)O,Urotensin II receptor
CC(=O)N(CC(=O)N1CCC[C@H](c2ccccc2)[C@@H]1CN1CCCC1)c1ccc(Cl)c(Cl)c1,Urotensin II receptor
CN(C)CCC1(c2ccc(Cl)cc2)Cc2ccc3ccccc3c2C(=O)O1.O=C(O)C(=O)O,Urotensin II receptor
CN(C)CCC1(c2ccc(Cl)cc2)Cc2ccccc2C(=O)N1C.Cl,Urotensin II receptor
COc1cc(Br)c(S(=O)(=O)Nc2ccc(C(F)(F)F)c(OCCN(C)C)c2)cc1OC,Urotensin II receptor
O=C(NC1CCN(Cc2ccc(OC3CCNCC3)c(Br)c2)CC1)c1cc2cc(Br)ccc2s1,Urotensin II receptor
CN(C)CCC(NC(=O)Nc1ccc(C(F)(F)F)cc1)c1ccc(Cl)cc1,Urotensin II receptor
Cc1cc2c(cc1C)CC(CCN(C)C)(c1ccc(Cl)cc1)OC2.Cl,Urotensin II receptor
CN(C)CCC(NC(=O)c1cccc(-c2ccc(Cl)cc2)c1)c1ccc(Cl)cc1.Cl,Urotensin II receptor
CN(C)CCCOc1ccc(CN2CC[C@H](NC(=O)c3ccc4c(c3)OCO4)C2)cc1,Urotensin II receptor
O=C(NC1CCN(Cc2ccc(OC3CCNCC3)c(Br)c2)CC1)c1cc2ccc(-c3ccc(F)cc3)cc2s1,Urotensin II receptor
O=C(N[C@H]1CCN(Cc2ccc(OC3CCN(Cc4ccccc4)CC3)c(Br)c2)C1)c1ccc(Cl)c(Cl)c1,Urotensin II receptor
[H][C@@](NC(=O)CN)(C(=O)N[C@@H](C)C(=O)N[C@@H](CC(=O)O)C(=O)N[C@H]1CSSC[C@@H](C(=O)N[C@H](C(=O)O)C(C)C)NC(=O)[C@H](Cc2ccc(O)cc2)NC(=O)[C@H](CCCCN)NC(=O)[C@H](Cc2c[nH]c3ccccc23)NC(=O)[C@H](Cc2ccccc2)NC1=O)[C@@H](C)O,Urotensin II receptor
O=C(NC1CCN(Cc2ccc(OC3CCNCC3)c(Br)c2)CC1)c1cc2cc(C(F)(F)F)ccc2s1,Urotensin II receptor
CO[C@@H](C(=O)N[C@@H](CCN(C)C)c1ccc(Cl)cc1)c1ccccc1.Cl,Urotensin II receptor
CC(C)C[C@H](NC(=O)c1cccs1)C(=O)N[C@H]1CCN(Cc2ccc(OCCCN(C)C)cc2)C1,Urotensin II receptor
COc1ccc(NC(=O)NC(CCN(C)C)c2ccc(Cl)cc2)cc1,Urotensin II receptor
CN(C)CCC1(c2ccc(-c3ccccc3)cc2)Cc2ccccc2C(=O)O1.Cl,Urotensin II receptor
CC(C)[C@H](NC(=O)[C@@H]1CSSC(C)(C)[C@@H](NC(=O)[C@@H](N)CCCCN)C(=O)N[C@@H](Cc2ccccc2)C(=O)N[C@H](Cc2c[nH]c3ccccc23)C(=O)N[C@@H](CCCN)C(=O)N[C@@H](Cc2ccc(O)cc2)C(=O)N1)C(=O)O,Urotensin II receptor
COc1ccc(/C=C/C2=NN(CCCN)C(=O)N(Cc3ccc(-c4ccccc4)cc3)c3ccccc32)cc1.Cl,Urotensin II receptor
CCOCCNc1nccc2[nH]c3ccccc3c12,Urotensin II receptor
Cc1cccc(CC2(O)CCN(CCNC(=O)Nc3ccnc4ccsc34)CC2)c1,Urotensin II receptor
c1ccc2c(c1)[nH]c1ccnc(NC3CC3)c12,Urotensin II receptor
NCCC[C@@H]1N=C(c2ccc(-c3ccccc3)cc2)c2[nH]c(C(=O)O)cc2N(CCc2ccc(O)cc2)C1=O,Urotensin II receptor
O=C(N[C@H]1CCN(Cc2ccc(OCCN3CCCC3)c(Br)c2)C1)c1ccc(Cl)c(Cl)c1,Urotensin II receptor
COc1cc(Br)c(S(=O)(=O)Nc2ccc(C(F)(F)F)c(OCCN3CCOCC3)c2)cc1OC,Urotensin II receptor
O=C(NCCN1CCC(O)(Cc2ccccc2)CC1)Nc1ccnc2ccsc12,Urotensin II receptor
CC(C)[C@H](NC(=O)[C@@H]1CSSC(C)(C)[C@@H](NC(=O)[C@@H](N)Cc2ccccc2)C(=O)N[C@@H](Cc2ccccc2)C(=O)N[C@H](Cc2c[nH]c3ccccc23)C(=O)N[C@@H](CCCN)C(=O)N[C@@H](Cc2ccc(O)cc2)C(=O)N1)C(=O)O,Urotensin II receptor
COc1ccc(CCC2=NN(CCCN)C(=O)N(Cc3ccc(-c4ccccc4)cc3)c3ccccc32)cc1.Cl,Urotensin II receptor
COc1ccc([C@@H](CCCNS(=O)(=O)c2cnoc2C)N2C(=O)c3cccc(N4CCN([C@H](C)c5ccccc5)CC4)c3C2=O)cc1OC,Urotensin II receptor
COc1cc2c(cc1OC)C(CCc1cc(F)ccc1F)N(CCNC(=O)Nc1cc(C)nc3ccccc13)CC2,Urotensin II receptor
Cc1ccccc1C(=O)OC(CCN(C)C)c1ccc(Cl)cc1,Urotensin II receptor
NCCCC[C@@H]1N[C@H](c2ccc(-c3ccccc3)cc2)c2[nH]c(C(=O)O)cc2N(CCc2ccc(O)cc2)C1=O,Urotensin II receptor
CC(C)C[C@H](NC(=O)Cc1ccc2c(c1)OCO2)C(=O)N[C@H]1CCN(Cc2ccc(OCCCN(C)C)cc2)C1,Urotensin II receptor
CN(C)CCC1(c2cccc(Br)c2)Cc2ccccc2C(=O)O1.Cl,Urotensin II receptor
CC(C)C[C@H](NC(=O)c1ccc2ccccc2n1)C(=O)N[C@H]1CCN(Cc2ccc(OCCCN(C)C)cc2)C1,Urotensin II receptor
[H][C@]1(c2ccc(OC)c(OC)c2)CCC[C@]2([H])c3c(cccc3N3CCN(CC)CC3)C(=O)N12,Urotensin II receptor
CN(C)CCC1(c2ccc(Cl)cc2)Cc2ccccc2C(=O)O1,Urotensin II receptor
CN(C)CCCC(NC(=O)c1ccccc1)c1ccc(Cl)cc1.O=C(O)C(=O)O,Urotensin II receptor
COc1ccc([C@@H](CCCNS(=O)(=O)c2ccc(Cl)s2)N2C(=O)c3cccc(N4CCN([C@H](C)c5ccccc5)CC4)c3C2=O)cc1OC,Urotensin II receptor
Cc1ccc(N(C)CC(=O)N2CCC[C@H](c3ccccc3)[C@@H]2CN2CCCC2)cc1C,Urotensin II receptor
COc1ccc(CCC2=NN(CCCN)C(=O)N(Cc3ccc4ccccc4c3)c3ccccc32)cc1.Cl,Urotensin II receptor
CN(C)CCCOc1ccc(CN2CC[C@H](NC(=O)c3ccc(Br)cc3)C2)cc1,Urotensin II receptor
CN(CC(=O)N1CCC[C@H](c2ccccc2)[C@@H]1CN1CCCC1)c1ccccc1Cl,Urotensin II receptor
COc1cc(OC)c(OC)cc1CNc1ccc(C(F)(F)F)c(O[C@H]2CCN(C)C2)c1,Urotensin II receptor
COc1ccc(CN2C(=O)c3cccc(N4CCN([C@H](C)c5ccccc5)CC4)c3C2=O)cc1OC,Urotensin II receptor
CN(C)CCC(NC(=O)c1cccc(-c2ccc(Cl)cc2)c1)c1ccc2ccccc2c1.Cl,Urotensin II receptor
Cc1ccc(C(CCN(C)C)NC(=O)CCc2ccccc2)cc1,Urotensin II receptor
Cc1cc(Br)ccc1C(=O)OC(CCN(C)C)c1ccc(Cl)cc1,Urotensin II receptor
CC(C)[C@H](NC(=O)[C@@H]1CSSC(C)(C)[C@H](NC(=O)[C@@H](N)CC(=O)O)C(=O)N[C@@H](Cc2ccccc2)C(=O)N[C@@H](Cc2c[nH]c3ccccc23)C(=O)N[C@@H](CCCCN)C(=O)N[C@@H](Cc2nc3ccccc3s2)C(=O)N1)C(=O)O,Urotensin II receptor
O=C(NCC1CCN(S(=O)(=O)Cc2ccccc2)CC1)c1cc(Cl)ccc1C1CCN(CCN2C(=O)COc3ccccc32)CC1,Urotensin II receptor
Cc1ccc(S(=O)(=O)NC(CCN(C)C)c2ccc(Cl)cc2)cc1,Urotensin II receptor
O=C(NC1CCN(Cc2ccc(OC3CCNCC3)c(Br)c2)CC1)c1cc2cc(-c3ccccc3)ccc2s1,Urotensin II receptor
COc1cc(Br)c(S(=O)(=O)Nc2ccc(Cl)c(O[C@@H]3CCN(C)C3)c2)cc1OC,Urotensin II receptor
COCCNc1nccc2[nH]c3ccccc3c12,Urotensin II receptor
Cl.NCCCN1N=C(CCc2nc3ccccc3s2)c2ccccc2N(Cc2ccc3ccccc3c2)C1=O,Urotensin II receptor
CN(C)CCNc1nccc2[nH]c3ccccc3c12,Urotensin II receptor
CN(C)CCC(OC(=O)c1ccc(C(F)(F)F)cc1)c1ccc(Cl)cc1,Urotensin II receptor
COc1cc(Br)c(S(=O)(=O)Nc2ccc(C(F)(F)F)c(O[C@H]3CCCN(C)C3)c2)cc1OC,Urotensin II receptor
c1ccc2c(c1)[nH]c1nccc(NCC3CC3)c12,Urotensin II receptor
CN(C)CC[C@@H](NC(=O)c1ccc(-c2ccccc2)cc1)c1ccc(Cl)cc1.Cl,Urotensin II receptor
CCCCCCNc1nccc2[nH]c3ccccc3c12,Urotensin II receptor
Cc1csc2c(NC(=O)NCCN3CCC(O)(Cc4ccccc4)CC3)ccnc12,Urotensin II receptor
[H][C@]12Cc3ccccc3CN1C(=O)[C@H](Cc1ccccc1)NC(=O)[C@@H](NC(=O)[C@H](C)N)CSSC[C@@H](C(=O)N[C@H](C(=O)O)C(C)C)NC(=O)[C@H](Cc1ccc(O)cc1)NC(=O)[C@H](CCCCN)NC2=O,Urotensin II receptor
CN(C)CCC(OC(=O)c1cc2ccccc2n1C)c1ccc(Cl)cc1,Urotensin II receptor
Cc1ccc(C(CCN(C)C)NC(=O)Cc2ccccc2)cc1,Urotensin II receptor
CN(C)CCC1(c2ccc(Br)cc2)Cc2ccccc2C(=O)O1.Cl,Urotensin II receptor
CC(C)[C@H](NC(=O)[C@@H]1CSSC(C)(C)[C@H](NC(=O)[C@@H](N)CC(=O)O)C(=O)N[C@@H](Cc2ccccc2)C(=O)N[C@H](Cc2c[nH]c3ccccc23)C(=O)N[C@@H](CCCN)C(=O)N[C@@H](Cc2ccc(C#N)cc2)C(=O)N1)C(=O)O,Urotensin II receptor
CN(C)CCC(NC(=O)c1ccc(C(F)(F)F)cc1)c1ccc(Cl)cc1,Urotensin II receptor
Cc1cc(CN2CC[C@H](NC(=O)c3ccc(Cl)c(Cl)c3)C2)ccc1OC1CCN(C)C1,Urotensin II receptor
CN(C)CCCOc1ccc(CN2CC[C@@H](NC(=O)c3ccc(Br)cc3)C2)cc1,Urotensin II receptor
CC(C)[C@H](NC(=O)[C@@H]1CSSC(C)(C)[C@@H](NC(=O)[C@@H](N)Cc2ccc([N+](=O)[O-])cc2)C(=O)N[C@@H](Cc2ccccc2)C(=O)N[C@H](Cc2c[nH]c3ccccc23)C(=O)N[C@@H](CCCN)C(=O)N[C@@H](Cc2ccc(O)cc2)C(=O)N1)C(=O)O,Urotensin II receptor
CC(C)[C@H](NC(=O)[C@H](CS)NC(=O)[C@H](Cc1ccc(O)cc1)NC(=O)[C@H](CCCCN)NC(=O)[C@H](Cc1c[nH]c2ccccc12)NC(=O)[C@H](Cc1ccccc1)NC(=O)[C@H](CS)NC(=O)[C@H](C)NC(=O)[C@H]1CCCN1C(=O)[C@@H](NC(=O)[C@@H](N)CCC(=O)O)[C@@H](C)O)C(=O)O,Urotensin II receptor
COc1ccc(C(CCCNC(=O)OC(C)(C)C)N2C(=O)c3cccc(N4CCN([C@H](C)c5ccccc5)CC4)c3C2=O)cc1OC,Urotensin II receptor
O=C(Cc1cccc2ccccc12)N1CCC[C@H](c2ccccc2)[C@@H]1CN1CCCC1,Urotensin II receptor
CCN1CCN(c2cccc3c2CN([C@H](CCCNc2cncc(OC)n2)c2ccc(OC)c(OC)c2)C3=O)CC1,Urotensin II receptor
CN(C)CCCC(NC(=O)c1ccc(-c2ccccc2)cc1)c1ccc(Cl)cc1.O=C(O)C(=O)O,Urotensin II receptor
CC(C)(C)CC(=O)N1CCC(CNC(=O)c2cc(Cl)ccc2C2CCN(CCN3C(=O)COc4ccccc43)CC2)CC1,Urotensin II receptor
CC(C)[C@H](NC(=O)[C@H](CS)NC(=O)[C@H](Cc1ccc(O)cc1)NC(=O)[C@H](CCCCN)NC(=O)[C@H](Cc1c[nH]c2ccccc12)NC(=O)[C@H](Cc1ccccc1)NC(=O)[C@@H](N)CS)C(=O)O,Urotensin II receptor
CN(C)CCCOc1ccc(CN2CC[C@H](NC(=O)c3ccc(Cl)c(Cl)c3)C2)cc1,Urotensin II receptor
CN(C)CCCOc1ccc(CN2CC[C@H](NC(=O)c3cc4ccccc4o3)C2)cc1,Urotensin II receptor
CC(C)[C@H](NC(=O)[C@@H]1CSSC[C@H](NC(=O)[C@H](C)N)C(=O)N[C@@H](Cc2ccccc2)C(=O)N[C@@H](Cc2ccc(-c3ccccc3)cc2)C(=O)N[C@@H](CCCCN)C(=O)N[C@@H](Cc2ccc(O)cc2)C(=O)N1)C(=O)O,Urotensin II receptor
COc1ccc([C@@H](CCCNC(=O)c2cnoc2C)N2C(=O)c3cccc(N4CCN([C@H](C)c5ccccc5)CC4)c3C2=O)cc1OC,Urotensin II receptor
NCCCC[C@@H]1N[C@@H](c2ccc3ccccc3c2)c2[nH]c(C(=O)O)cc2N(CCc2ccc(O)cc2)C1=O,Urotensin II receptor
CCCCNc1ccnc2[nH]c3c(OC)cccc3c12,Urotensin II receptor
CN(C)CCCOc1ccc(CN2CC[C@H](NC(=O)[C@H](CCCN)NC(=O)c3ccc(Cl)c(Cl)c3)C2)cc1,Urotensin II receptor
COc1ccc([C@H](C)N2C(=O)c3cccc(N4CCN([C@H](C)c5ccccc5)CC4)c3C2=O)cc1OC,Urotensin II receptor
CN(C)CCOc1cc(NCc2ccccc2C(F)(F)F)ccc1Cl,Urotensin II receptor
CCc1ccccc1C(=O)OC(CCN(C)C)c1ccc(Cl)cc1,Urotensin II receptor
O=C(NCCN1CCNCC1)c1cc(Cl)ccc1C1CCN(CCN2C(=O)COc3ccccc32)CC1,Urotensin II receptor
[H][C@@](NC(=O)CNC(=O)[C@H](C)N)(C(=O)N[C@@H](C)C(=O)N[C@@H](CC(=O)O)C(=O)N[C@H]1CSSC[C@@H](C(=O)N[C@H](C(=O)O)C(C)C)NC(=O)[C@H](Cc2ccc3ccccc3c2)NC(=O)[C@H](CCCCN)NC(=O)[C@H](Cc2c[nH]c3ccccc23)NC(=O)[C@H](Cc2ccccc2)NC1=O)[C@@H](C)O,Urotensin II receptor
CN(C)CCCOc1ccc(CN2CC[C@H](NC(=O)c3ccc4ccccc4c3)C2)cc1,Urotensin II receptor
CC(C)[C@H](NC(=O)[C@@H]1CSSC[C@H](NC(=O)[C@H](C)N)C(=O)N[C@@H](Cc2ccccc2)C(=O)N[C@@H](Cc2cccc3ccccc23)C(=O)N[C@@H](CCCCN)C(=O)N[C@@H](Cc2ccc(O)cc2)C(=O)N1)C(=O)O,Urotensin II receptor
N#Cc1ccc2cc(C(=O)NC3CCN(Cc4ccc(OC5CCNCC5)c(Br)c4)CC3)sc2c1,Urotensin II receptor
Cc1ccccc1NC(=O)NC(CCN(C)C)c1ccc(Cl)cc1,Urotensin II receptor
Cn1ccc2nccc(NC(=O)NCCN3CCC(O)(Cc4ccccc4)CC3)c21,Urotensin II receptor
CN(C)CCC(NC(=O)c1ccc(-c2ccccc2)cc1)c1ccc(Cl)cc1.Cl,Urotensin II receptor
Cc1cc(C(=O)N[C@H]2CCN(Cc3ccc(OCCCN(C)C)cc3)C2)ccc1Cl,Urotensin II receptor
CCCO[C@H]1CCCN(C(=O)Cc2csc3ccc(Cl)cc23)[C@H]1CN1CCCC1,Urotensin II receptor
CN(C)CCC(OC(=O)Nc1ccc(C(F)(F)F)cc1)c1ccc(Cl)cc1,Urotensin II receptor
CC(C)[C@H](NC(=O)[C@@H]1CSSC[C@H](NC(=O)[C@H](CC(=O)O)NC(=O)[C@@H]2CCCN2C(=O)[C@@H](NC(=O)[C@@H](N)CCC(=O)O)[C@@H](C)O)C(=O)N[C@@H](Cc2ccccc2)C(=O)N[C@@H](Cc2c[nH]c3ccccc23)C(=O)N[C@@H](CCCCN)C(=O)N[C@@H](Cc2ccc(O)cc2)C(=O)N1)C(=O)O,Urotensin II receptor
CC(C)[C@H](NC(=O)[C@@H]1CSSC(C)(C)[C@@H](NC(=O)[C@@H](N)Cc2cccc3ccccc23)C(=O)N[C@@H](Cc2ccccc2)C(=O)N[C@@H](Cc2c[nH]c3ccccc23)C(=O)N[C@@H](CCCCN)C(=O)N[C@@H](Cc2ccc(O)cc2)C(=O)N1)C(=O)O,Urotensin II receptor
Cc1ccc2scc(CC(=O)N3CCC[C@H](c4ccccc4)[C@@H]3CN3CCCC3)c2c1,Urotensin II receptor
COc1ccc(CCC2=NN(CCCCN)C(=O)N(Cc3ccc(-c4ccccc4)cc3)c3ccccc32)cc1.Cl,Urotensin II receptor
O=C(NC1CCN(Cc2ccc(OC3CCNCC3)c(Br)c2)CC1)c1ccno1,Urotensin II receptor
c1csc(CNc2nccc3[nH]c4ccccc4c23)c1,Urotensin II receptor
NCCC[C@@H]1N[C@H](c2cccc3ccccc23)c2[nH]c(C(=O)O)cc2N(CCc2ccc(O)cc2)C1=O,Urotensin II receptor
C=CCN(CC=C)c1ccc2c(c1)CC(CCN(C)C)(c1ccc(Cl)cc1)OC2=O.Cl,Urotensin II receptor
COc1ccc([C@@H](CCCNS(=O)(=O)c2cccs2)N2Cc3c(cccc3N3CCN(C(C)C)CC3)C2=O)cc1OC,Urotensin II receptor
CN(C)CCC(OC(=O)Nc1ccc(-c2ccccc2)cc1)c1ccc(Cl)cc1,Urotensin II receptor
[H][C@@]12CCCN1C(=O)[C@H](Cc1c[nH]c3ccccc13)NC(=O)[C@H](CCCCN)NC(=O)[C@H](Cc1c[nH]c3ccccc13)NC(=O)[C@H](Cc1ccccc1)NC(=O)CNC2=O,Urotensin II receptor
CC(C)C[C@H](NC(=O)c1cc2ccccc2s1)C(=O)N[C@@H]1CCN(Cc2ccc(OCCCN(C)C)cc2)C1,Urotensin II receptor
O=C(Cc1csc2ccc(Cl)cc12)N1CCOCC1CN1CCCC1,Urotensin II receptor
CC(C)[C@H](NC(=O)[C@@H]1CSSC[C@@H](NC(=O)[C@@H](N)CC(=O)O)C(=O)N[C@@H](Cc2ccccc2)C(=O)N[C@H](Cc2c[nH]c3ccccc23)C(=O)N[C@@H](CCCCN)C(=O)N[C@@H](Cc2ccc(O)cc2)C(=O)N1)C(=O)O,Urotensin II receptor
[H][C@@]12Cc3ccccc3CN1C(=O)[C@H](Cc1ccccc1)NC(=O)[C@@H](NC(=O)[C@H](C)N)CSSC[C@@H](C(=O)N[C@H](C(=O)O)C(C)C)NC(=O)[C@H](Cc1ccc(O)cc1)NC(=O)[C@H](CCCCN)NC2=O,Urotensin II receptor
O=C(NCCN1CCC(O)(Cc2cccc(Br)c2)CC1)Nc1ccnc2ccsc12,Urotensin II receptor
O=C(NC1CCN(Cc2ccc(OC3CCNCC3)c(Br)c2)CC1)c1ccco1,Urotensin II receptor
NCCC[C@@H]1N[C@@H](c2cccc3ccccc23)c2[nH]c(C(=O)O)cc2N(CCc2ccc(O)cc2)C1=O,Urotensin II receptor
Cc1ccc(-c2ccc3cc(C(=O)NC4CCN(Cc5ccc(OC6CCNCC6)c(Br)c5)CC4)sc3c2)cc1,Urotensin II receptor
Cc1ccc2sc(C(=O)NC3CCN(Cc4ccc(OC5CCNCC5)c(Br)c4)CC3)cc2c1,Urotensin II receptor
Cl.NCCCCN1N=C(CCc2nc3ccccc3s2)c2ccccc2N(Cc2cccc3ccccc23)C1=O,Urotensin II receptor
CN(C)CCC(NC(=O)c1cccc(-c2ccccc2)c1)c1ccc(Cl)cc1.Cl,Urotensin II receptor
CC(C)[C@H](NC(=O)[C@@H]1CSSC[C@H](NC(=O)[C@H](CC(=O)O)NC(=O)[C@H](C)N)C(=O)N[C@@H](Cc2ccccc2)C(=O)N[C@@H](Cc2c[nH]c3ccccc23)C(=O)N[C@@H](CCCCN)C(=O)N[C@@H](Cc2ccc(O)cc2)C(=O)N1)C(=O)O,Urotensin II receptor
CC(C)C[C@@H]1NC(=O)[C@@H](NC(=O)[C@@H](N)CC(=O)O)CSSC[C@@H](C(=O)N[C@H](C(=O)O)C(C)C)NC(=O)[C@H](Cc2ccc(O)cc2)NC(=O)[C@H](CCCCN)NC(=O)[C@H](Cc2c[nH]c3ccccc23)NC1=O,Urotensin II receptor
O=C(Cc1csc2ccc(Cl)cc12)N1CCCCCC1CN1CCCC1,Urotensin II receptor
COc1ccc(/C=C/C2=NN(CCCCN)C(=O)N(Cc3ccc4ccccc4c3)c3ccccc32)cc1.Cl,Urotensin II receptor
COc1ccc(C(=O)N[C@H]2CCN(Cc3ccc(OCCCN(C)C)cc3)C2)cc1OC,Urotensin II receptor
CC(C)C[C@H](NC(=O)Oc1ccccc1)C(=O)N[C@H]1CCN(Cc2ccc(OCCCN(C)C)cc2)C1,Urotensin II receptor
CC(C)C[C@H](NC(=O)c1cc2ccccc2s1)C(=O)N[C@H]1CCN(Cc2ccc(OCCCN(C)C)cc2)C1,Urotensin II receptor
CN(C)CCCOc1cccc(CN2CC[C@H](NC(=O)c3ccc(Cl)c(Cl)c3)C2)c1,Urotensin II receptor
COc1cc(Br)c(CNc2ccc(Cl)c(O[C@@H]3CCN(C)C3)c2)cc1OC,Urotensin II receptor
O=C(Cc1csc2ccc(Cl)cc12)N1CC[C@H](c2ccccc2)C[C@@H]1CN1CCCC1,Urotensin II receptor
CC(C)[C@H](NC(=O)[C@@H]1CSSC(C)(C)[C@H](NC(=O)[C@@H](N)CC(=O)O)C(=O)N[C@@H](Cc2ccccc2)C(=O)N[C@H](Cc2c[nH]c3ccccc23)C(=O)N[C@@H](CCCN)C(=O)N[C@@H](Cc2ccc(O)cc2)C(=O)N1)C(=O)O,Urotensin II receptor
CC(C)[C@H](NC(=O)[C@H](CS)NC(=O)[C@H](Cc1ccc(O)cc1)NC(=O)[C@H](Cc1c[nH]c2ccccc12)NC(=O)[C@H](Cc1ccccc1)NC(=O)[C@H](CS)NC(=O)[C@H](CC(=O)O)NC(=O)[C@H]1CCCN1C(=O)[C@@H](NC(=O)[C@@H](N)CCC(=O)O)[C@@H](C)O)C(=O)O,Urotensin II receptor
CN(C)CCC(NC(=O)/C=C/c1ccccc1)c1ccc(Cl)cc1,Urotensin II receptor
CC(C)[C@H](NC(=O)[C@@H]1CSSC[C@H](NC(=O)[C@@H](N)CC(=O)O)C(=O)N[C@@H](Cc2ccc(C(C)(C)C)cc2)C(=O)N[C@@H](Cc2c[nH]c3ccccc23)C(=O)N[C@@H](CCCCN)C(=O)N[C@@H](Cc2ccccc2)C(=O)N1)C(=O)O,Urotensin II receptor
O=C(Cc1csc2ccc(Cl)cc12)N1CCCCC1CN1CCCC1,Urotensin II receptor
CN(C)CCC(NC(=O)Nc1ccc(-c2ccccc2)cc1)c1ccc(Cl)cc1,Urotensin II receptor
CC(=O)N[C@H]1CSSC[C@@H](C(N)=O)NC(=O)[C@H](Cc2ccc(O)cc2)NC(=O)[C@H](CCCCN)NC(=O)[C@@H](Cc2c[nH]c3ccccc23)NC(=O)[C@H](Cc2ccccc2)NC1=O,Urotensin II receptor
c1ccc2c(c1)[nH]c1ccnc(NCC3CCCCC3)c12,Urotensin II receptor
CN(C)CCC(OC(=O)Nc1ccc(C(C)(C)C)cc1)c1ccc(Cl)cc1,Urotensin II receptor
CN(CC(=O)N1CCC[C@H](c2ccccc2)[C@@H]1CN1CCCC1)c1cccc(C(F)(F)F)c1,Urotensin II receptor
COc1ccc(C(CCCNS(=O)(=O)c2cccs2)N2C(=O)c3cccc(N4CCN([C@H](C)c5ccccc5)CC4)c3C2=O)cc1OC,Urotensin II receptor
COc1ccc(/C=C/C(=O)NC(CCN(C)C)c2ccc(Cl)cc2)cc1,Urotensin II receptor
C=CCN(CC=C)c1ccc(C2(CCN(C)C)Cc3ccccc3C(=O)O2)cc1.Cl,Urotensin II receptor
CC(C)[C@H](NC(=O)[C@@H]1CSSC(C)(C)[C@H](NC(=O)[C@@H](N)CC(=O)O)C(=O)N[C@@H](Cc2ccccc2)C(=O)N[C@H](Cc2c[nH]c3ccccc23)C(=O)N[C@@H](CCCN)C(=O)N[C@@H](Cc2nc3ccccc3s2)C(=O)N1)C(=O)O,Urotensin II receptor
CC(C)[C@H](NC(=O)[C@@H]1CSSC[C@H](NC(=O)[C@H](CC(N)=O)NC(=O)[C@H](C)N)C(=O)N[C@@H](Cc2ccccc2)C(=O)N[C@@H](C)C(=O)N[C@@H](CCCCN)C(=O)N[C@@H](Cc2ccc(O)cc2)C(=O)N1)C(=O)O,Urotensin II receptor
Cc1ccccc1CC1(O)CCN(CCNC(=O)Nc2ccnc3ccsc23)CC1,Urotensin II receptor
O=C(Cc1csc2ccc(Cl)cc12)N1CCCCC1CN1CCOCC1,Urotensin II receptor
Cc1cc(C)c(C(=O)OC(CCN(C)C)c2ccc(Cl)cc2)cc1C,Urotensin II receptor
CC(=O)N[C@H]1CSSC[C@@H](C(N)=O)NC(=O)[C@@H](Cc2ccc(O)cc2)NC(=O)[C@H](CCCCN)NC(=O)[C@H](Cc2c[nH]c3ccccc23)NC(=O)[C@H](Cc2ccccc2)NC1=O,Urotensin II receptor
CC(C)(C)OC(=O)N1CCC(CNC(=O)c2cc(Cl)ccc2C2CCN(CCN3C(=O)COc4ccccc43)CC2)CC1,Urotensin II receptor
c1ccc2c(c1)[nH]c1ccnc(NCC3CC3)c12,Urotensin II receptor
Cc1ccc(C(CCN(C)C)NC(=O)c2cccc(-c3ccccc3)c2)cc1.Cl,Urotensin II receptor
CC(C)[C@H](NC(=O)[C@@H]1CSSC[C@H](NC(=O)[C@H](C)N)C(=O)N[C@@H](Cc2ccccc2)C(=O)N[C@@H](C(c2ccccc2)c2ccccc2)C(=O)N[C@@H](CCCCN)C(=O)N[C@@H](Cc2ccc(O)cc2)C(=O)N1)C(=O)O,Urotensin II receptor
CN(C)CCOc1cc(NCc2ccccc2)ccc1Cl,Urotensin II receptor
COc1cc(Br)c(OCc2ccc(Cl)c(O[C@@H]3CCN(C)C3)c2)cc1OC,Urotensin II receptor
COCCNc1ccnc2[nH]c3ccccc3c12,Urotensin II receptor
CC(C)[C@H](NC(=O)[C@H](CS)NC(=O)[C@H](Cc1ccc(O)cc1)NC(=O)[C@H](CCCCN)NC(=O)[C@H](Cc1c[nH]c2ccccc12)NC(=O)[C@H](C)NC(=O)[C@H](CS)NC(=O)[C@H](CC(=O)O)NC(=O)[C@H]1CCCN1C(=O)[C@@H](NC(=O)[C@@H](N)CCC(=O)O)[C@@H](C)O)C(=O)O,Urotensin II receptor
NCCCC[C@@H]1N[C@@H](c2ccc(-c3ccccc3)cc2)c2[nH]c(C(=O)O)cc2N(CCc2ccc(O)cc2)C1=O,Urotensin II receptor
NCCCC[C@@H]1NC(=O)[C@H](Cc2c[nH]c3ccccc23)NC(=O)[C@H](Cc2ccccc2)NC(=O)[C@@H](N)CSSC[C@@H](C(=O)O)NC(=O)[C@H](Cc2ccc(O)cc2)NC1=O,Urotensin II receptor
COc1ccc(C(CNS(=O)(=O)c2cccs2)N2C(=O)c3cccc(N4CCN([C@@H](C)c5ccccc5)CC4)c3C2=O)cc1OC,Urotensin II receptor
[H][C@]12C(=O)N[C@@H](CCCCN)C(=O)N[C@@H](Cc3ccc(O)cc3)C(=O)N[C@H](C(=O)N[C@H](C(=O)O)C(C)C)CSSC(C)(C)[C@@H](NC(=O)[C@H](C)N)C(=O)N[C@@H](Cc3ccccc3)C(=O)N1CCc1ccccc12,Urotensin II receptor
O=C(NC1CCN(Cc2ccc(OC3CCNCC3)c(Br)c2)CC1)c1cnccn1,Urotensin II receptor
CC(C)C[C@H](NC(=O)c1cc2ccccc2s1)C(=O)N[C@H]1CCN(S(=O)(=O)c2ccc(OC3CCNCC3)c(Br)c2)C1,Urotensin II receptor
c1ccc2c(c1)[nH]c1ccnc(NCC3CCCO3)c12,Urotensin II receptor
CC(C)[C@H](NC(=O)[C@@H]1CSSC[C@@H](NC(=O)[C@@H](N)CC(=O)O)C(=O)N[C@@H](Cc2ccccc2)C(=O)N[C@H](Cc2c[nH]c3ccccc23)C(=O)N[C@@H](CCCN)C(=O)N[C@@H](Cc2ccc(O)cc2)C(=O)N1)C(=O)O,Urotensin II receptor
COc1ccc([C@@H](CCCNS(=O)(=O)c2c(C)n[nH]c2C)N2C(=O)c3cccc(N4CCN([C@H](C)c5ccccc5)CC4)c3C2=O)cc1OC,Urotensin II receptor
Cc1ccc(C(CCN(C)C)NC(=O)c2cccc(-c3ccc4ccccc4c3)c2)cc1.Cl,Urotensin II receptor
CC(C)[C@H](NC(=O)[C@@H]1CSSC[C@H](NC(=O)[C@H](C)N)C(=O)N[C@@H](Cc2ccccc2)C(=O)N[C@@H](Cc2ccc(I)cc2)C(=O)N[C@@H](CCCCN)C(=O)N[C@@H](Cc2ccc(O)cc2)C(=O)N1)C(=O)O,Urotensin II receptor
CN(C)CCCOc1ccc(CN2CC[C@H](NC(=O)c3ccncc3)C2)cc1,Urotensin II receptor
CC(=O)N[C@H]1CCN(Cc2ccc(OCCCN(C)C)cc2)C1,Urotensin II receptor
O=C(Cc1csc2ccc(Cl)cc12)N1C[C@H](c2ccccc2)CC[C@H]1CN1CCCC1,Urotensin II receptor
CC(C)[C@H](NC(=O)[C@@H]1CSSC(C)(C)[C@H](NC(=O)[C@@H](N)CC(=O)O)C(=O)N[C@@H](Cc2ccccc2)C(=O)N[C@H](Cc2c[nH]c3ccccc23)C(=O)N[C@@H](CCCN)C(=O)N[C@@H](Cc2ccc(Cl)cc2)C(=O)N1)C(=O)O,Urotensin II receptor
CC(C)[C@H](NC(=O)[C@@H]1CSSC(C)(C)[C@@H](NC(=O)[C@@H](N)Cc2cccc3ccccc23)C(=O)N[C@@H](Cc2ccccc2)C(=O)N[C@H](Cc2c[nH]c3ccccc23)C(=O)N[C@@H](CCCN)C(=O)N[C@@H](Cc2ccc(O)cc2)C(=O)N1)C(=O)O,Urotensin II receptor
CC(C)[C@H](NC(=O)[C@@H]1CSSC[C@H](NC(=O)[C@H](CC(N)=O)NC(=O)[C@H](C)N)C(=O)N[C@@H](Cc2ccccc2)C(=O)N[C@@H](Cc2c[nH]c3ccccc23)C(=O)N[C@@H](CCCCN)C(=O)N[C@@H](C)C(=O)N1)C(=O)O,Urotensin II receptor
CN(C)CCC(NS(=O)(=O)c1ccc(-c2ccccc2)cc1)c1ccc(Cl)cc1,Urotensin II receptor
CC(C)[C@H](NC(=O)[C@@H]1CSSC(C)(C)[C@@H](NC(=O)[C@@H](N)Cc2ccc([N+](=O)[O-])cc2)C(=O)N[C@@H](Cc2ccccc2)C(=O)N[C@@H](Cc2c[nH]c3ccccc23)C(=O)N[C@@H](CCCCN)C(=O)N[C@@H](Cc2ccc(O)cc2)C(=O)N1)C(=O)O,Urotensin II receptor
CC(C)[C@H](NC(=O)[C@@H]1CSSC[C@H](NC(=O)[C@@H](N)CC(=O)O)C(=O)N[C@@H](Cc2ccccc2)C(=O)N[C@@H](Cc2c[nH]c3ccccc23)C(=O)N[C@@H](CCCCN)C(=O)N[C@@H](Cc2ccc(C(=O)O)cc2)C(=O)N1)C(=O)O,Urotensin II receptor
CN(C)CCC(NC(=O)/C=C/c1ccc(C(F)(F)F)cc1)c1ccc(Cl)cc1,Urotensin II receptor
CN(C)CCC(NC(=O)Nc1ccc(Oc2ccccc2)cc1)c1ccc(Cl)cc1,Urotensin II receptor
CC(C)[C@H](NC(=O)[C@@H]1CSSC[C@H](NC(=O)[C@@H](N)CC(=O)O)C(=O)N[C@@H](Cc2ccccc2)C(=O)NN(Cc2ccccc2)S(=O)(=O)N[C@@H](CCCCN)C(=O)N[C@@H](Cc2ccc(O)cc2)C(=O)N1)C(=O)O,Urotensin II receptor
COc1ccc(-c2cccc(C(=O)NC(CCN(C)C)c3ccc(C)cc3)c2)cc1.Cl,Urotensin II receptor
CN(C)CCC(NC(=O)/C=C/c1ccc(C(F)(F)F)cc1)c1ccc2ccccc2c1,Urotensin II receptor
CC(=O)N[C@@H](Cc1c[nH]c2ccccc12)C(=O)N[C@@H](CCCCN)C(=O)N[C@@H](Cc1ccc(O)cc1)C(N)=O,Urotensin II receptor
COc1ccc(CCC(=O)NC(CCN(C)C)c2ccc(Cl)cc2)cc1,Urotensin II receptor
Cc1ccc2scc(CCC(=O)N3CCC[C@H](c4ccccc4)[C@@H]3CN3CCCC3)c2c1,Urotensin II receptor
CC(C)[C@H](NC(=O)[C@H](CS)NC(=O)[C@H](Cc1ccc(O)cc1)NC(=O)[C@H](CCCCN)NC(=O)[C@H](Cc1c[nH]c2ccccc12)NC(=O)[C@H](Cc1ccccc1)NC(=O)[C@H](CS)NC(=O)[C@H](CC(=O)O)NC(=O)[C@H]1CCCN1C(=O)[C@@H](NC(=O)[C@@H](N)CCC(=O)O)[C@@H](C)O)C(=O)O,Urotensin II receptor
CC(=O)N[C@H]1CSSC[C@@H](C(N)=O)NC(=O)[C@H](Cc2ccc(O)cc2)NC(=O)[C@H](CCCCN)NC(=O)[C@H](Cc2ccc3ccccc3c2)NC(=O)[C@H](Cc2ccccc2)NC1=O,Urotensin II receptor
Cl.NCCCN1N=C(/C=C/c2ccc(O)cc2)c2ccccc2N(Cc2ccc(-c3ccccc3)cc2)C1=O,Urotensin II receptor
COc1ccc2sc(C(=O)NC3CCN(Cc4ccc(OC5CCNCC5)c(Br)c4)CC3)cc2c1,Urotensin II receptor
CN(C)CCC(NS(=O)(=O)c1ccc2ccccc2c1)c1ccc(Cl)cc1,Urotensin II receptor
COc1ccc(C(=O)OC(CCN(C)C)c2ccc(Cl)cc2)cc1,Urotensin II receptor
Cl.NCCCN1N=C(CCc2ccc(O)cc2)c2ccccc2N(Cc2ccc(-c3ccccc3)cc2)C1=O,Urotensin II receptor
CN(C)CC[C@H](NC(=O)c1ccc(-c2ccccc2)cc1)c1ccc(Cl)cc1.Cl,Urotensin II receptor
COc1ccc(C(CCCN)N2C(=O)c3cccc(N4CCN([C@H](C)c5ccccc5)CC4)c3C2=O)cc1OC,Urotensin II receptor
CN(C)CCC1(c2ccc(Cl)cc2)Cc2ccccc2C(=O)O1.Cl,Urotensin II receptor
C#Cc1ccc(C2(CCN(C)C)Cc3ccccc3C(=O)O2)cc1.Cl,Urotensin II receptor
CC(C)[C@H](NC(=O)[C@@H]1CSSC[C@H](NC(=O)[C@@H](N)CC(=O)O)C(=O)N[C@@H](Cc2ccccc2)C(=O)N[C@@H](Cc2c[nH]c3ccccc23)C(=O)N[C@@H](CCCCN)C(=O)N[C@@H](Cc2ccc(C(C)(C)C)cc2)C(=O)N1)C(=O)O,Urotensin II receptor
c1ccc2c(c1)[nH]c1ccnc(NC3CCCCC3)c12,Urotensin II receptor
CC(C)[C@H](NC(=O)[C@@H]1CSSC(C)(C)[C@@H](NC(=O)[C@@H]2Cc3ccccc3CN2)C(=O)N[C@@H](Cc2ccccc2)C(=O)N[C@H](Cc2c[nH]c3ccccc23)C(=O)N[C@@H](CCCN)C(=O)N[C@@H](Cc2ccc(O)cc2)C(=O)N1)C(=O)O,Urotensin II receptor
Cc1cc(NC(=O)NCCN2CCC(O)(Cc3ccccc3)CC2)c2cnn(C)c2n1,Urotensin II receptor
COc1ccc(-c2ccc3cc(C(=O)NC4CCN(Cc5ccc(OC6CCNCC6)c(Br)c5)CC4)sc3c2)cc1,Urotensin II receptor
COc1cccc(N(C)CC(=O)N2CCC[C@H](c3ccccc3)[C@@H]2CN2CCCC2)c1,Urotensin II receptor
Cl.NCCCN1N=C(CCc2nc3ccccc3s2)c2ccccc2N(Cc2cccc3ccccc23)C1=O,Urotensin II receptor
CN(C)CCCOc1ccc(CN(C)CCCNC(=O)c2ccc(Cl)c(Cl)c2)cc1,Urotensin II receptor
CC(C)[C@H](NC(=O)[C@@H]1CSSC(C)(C)[C@H](NC(=O)[C@@H](N)CC(=O)O)C(=O)N[C@@H](Cc2ccccc2)C(=O)N[C@H](Cc2c[nH]c3ccccc23)C(=O)N[C@@H](CCCN)C(=O)N[C@@H](Cc2cccc3ccccc23)C(=O)N1)C(=O)O,Urotensin II receptor
CCc1cc(NC(=O)NCCN2CCC(O)(Cc3ccccc3)CC2)c2sccc2n1,Urotensin II receptor
[H][C@]12C(=O)N[C@@H](CCCCN)C(=O)N[C@@H](Cc3ccc(O)cc3)C(=O)N[C@H](C(=O)N[C@H](C(=O)O)C(C)C)CSSC[C@H](NC(=O)[C@H](C)N)C(=O)N[C@@H](Cc3ccccc3)C(=O)N1CCc1ccccc12,Urotensin II receptor
CN(C)CC[C@H](NC(=O)c1ccc2ccccc2c1)c1ccc(Cl)cc1,Urotensin II receptor
CN1CCC(Oc2ccc(CN3CC[C@H](NC(=O)c4ccc(Cl)c(Cl)c4)C3)cc2Cl)C1,Urotensin II receptor
CC(C)[C@H](NC(=O)[C@H](CS)NC(=O)[C@H](Cc1ccc(O)cc1)NC(=O)[C@H](CCCCN)NC(=O)[C@H](Cc1c[nH]c2ccccc12)NC(=O)[C@H](Cc1ccccc1)NC(=O)[C@H](C)NC(=O)[C@H](CC(=O)O)NC(=O)[C@H]1CCCN1C(=O)[C@@H](NC(=O)[C@@H](N)CCC(=O)O)[C@@H](C)O)C(=O)O,Urotensin II receptor
CCN(CC)CC1CCCCN1C(=O)Cc1csc2ccc(Cl)cc12,Urotensin II receptor
CCNc1nccc2[nH]c3ccccc3c12,Urotensin II receptor
CC(C)[C@H](NC(=O)[C@@H]1CSSC[C@H](NC(=O)[C@@H](N)CC(=O)O)C(=O)N[C@@H](Cc2csc3ccccc23)C(=O)N[C@@H](Cc2c[nH]c3ccccc23)C(=O)N[C@@H](CCCCN)C(=O)N[C@@H](Cc2ccccc2)C(=O)N1)C(=O)O,Urotensin II receptor
