smiles,targetname
COc1ccc2ccc3c(c2c1)C(c1ccccc1)CC(=O)O3,NAD-dependent deacetylase sirtuin 2
COc1ccccc1NC1CCc2c(sc3ncn(Cc4cccc5ccccc45)c(=O)c23)C1,NAD-dependent deacetylase sirtuin 2
O=C(NCc1ccc(Cl)cc1)c1cccc(S(=O)(=O)Nc2ccc(Cl)cc2)c1,NAD-dependent deacetylase sirtuin 2
OCc1cccc(/C=N/c2cc(/N=C/c3cccc(CO)c3O)cc(C(F)(F)F)c2)c1O,NAD-dependent deacetylase sirtuin 2
O=C1CC(c2ccccc2)c2c(ccc3cc(Cc4ccccc4)ccc23)O1,NAD-dependent deacetylase sirtuin 2
Cc1ccc2c3c(ccc2c1)OC(=O)CC3c1cccc(Br)c1,NAD-dependent deacetylase sirtuin 2
O=C(Nc1ccc(Br)cc1)c1cccc(S(=O)(=O)N(Cc2ccccc2)c2ccc(Br)cc2)c1,NAD-dependent deacetylase sirtuin 2
COc1ccccc1CCNC1CCc2c(sc3ncn(Cc4ccc(OC)c5ccccc45)c(=O)c23)C1,NAD-dependent deacetylase sirtuin 2
CC(C)(NC(=O)/C=C/c1ccccc1)C(=O)NCCc1c[nH]c2ccccc12,NAD-dependent deacetylase sirtuin 2
CN(c1ccc(Cl)cn1)S(=O)(=O)c1cccc(C(=O)Nc2ccc(Cl)cc2)c1,NAD-dependent deacetylase sirtuin 2
O=C(Nc1cccc(NC(=O)c2ccccc2Br)c1)c1ccccc1Br,NAD-dependent deacetylase sirtuin 2
Cc1cc(C)nc(SCC(=O)Nc2cccc(C(=O)c3ccccc3)c2)n1,NAD-dependent deacetylase sirtuin 2
CC(=O)c1ccc(NC(=O)c2cccc(S(=O)(=O)Cc3ccc(Cl)cc3)c2)cc1,NAD-dependent deacetylase sirtuin 2
Cc1ccc(-c2noc(CCCBr)n2)cc1,NAD-dependent deacetylase sirtuin 2
CN(c1ccc(C#N)cc1)S(=O)(=O)c1cccc(C(=O)Nc2ccc(S(C)=O)cc2)c1,NAD-dependent deacetylase sirtuin 2
Cc1cc(C)nc(SCC(=O)Nc2ccc(C(=O)c3ccccc3)cc2)n1,NAD-dependent deacetylase sirtuin 2
O=c1c2c3c(sc2ncn1Cc1cccc(-c2ccccc2)c1)CC(NCc1ccccc1Cl)CC3,NAD-dependent deacetylase sirtuin 2
CCCCCC1CC(=O)c2cc(F)cc(F)c2O1,NAD-dependent deacetylase sirtuin 2
Cc1cc(C)nc(SCC(=O)Nc2ccc(COc3ccccc3)cc2)n1,NAD-dependent deacetylase sirtuin 2
O=c1c2c3c(sc2ncn1Cc1cccc(-c2ccccc2)c1)CC(NCCC1CCCCC1)CC3,NAD-dependent deacetylase sirtuin 2
COc1ccc(C(=O)Nc2ccc(Cl)cc2)cc1S(=O)(=O)N(C)c1ccc(Cl)cc1,NAD-dependent deacetylase sirtuin 2
CN(C)c1ccc(NC(=O)c2cccc(S(=O)(=O)N(C)c3ccc(Cl)cc3)c2)cc1,NAD-dependent deacetylase sirtuin 2
O=c1c2c3c(sc2ncn1Cc1cccc2ccccc12)CC(NCc1ccncc1)CC3,NAD-dependent deacetylase sirtuin 2
CN(c1ccc(Br)cc1)S(=O)(=O)c1cccc(C(=O)Nc2ccc(F)cn2)c1,NAD-dependent deacetylase sirtuin 2
[N-]=[N+]=NCC(=O)c1ccccc1,NAD-dependent deacetylase sirtuin 2
O=c1c2c3c(sc2ncn1Cc1cccc2cccnc12)CC(NCC1CCCCC1)CC3,NAD-dependent deacetylase sirtuin 2
NC(=O)c1nc(-c2ccc(Br)cc2)no1,NAD-dependent deacetylase sirtuin 2
CC(=O)NCCNC1CCc2c(sc3ncn(Cc4cccc5ccccc45)c(=O)c23)C1,NAD-dependent deacetylase sirtuin 2
COc1ccc(CNC2CCc3c(sc4ncn(Cc5ccccc5)c(=O)c34)C2)cc1,NAD-dependent deacetylase sirtuin 2
COc1cccc(C(=O)Nc2cccc(NC(=O)c3ccccc3Br)c2)c1,NAD-dependent deacetylase sirtuin 2
O=C(Nc1cccc(NC(=O)c2cccc(Br)c2)c1)c1cc(Cl)cc(Cl)c1,NAD-dependent deacetylase sirtuin 2
CC(=O)Nc1cccc(C2CC(=O)Oc3ccc4cc(C)ccc4c32)c1,NAD-dependent deacetylase sirtuin 2
O=C(O)CCCC1CC(=O)c2cc(Cl)cc(Br)c2O1,NAD-dependent deacetylase sirtuin 2
Cc1ncc(NC(=O)c2cccc(S(=O)(=O)N3CCCCCC3)c2)o1,NAD-dependent deacetylase sirtuin 2
Cc1ccc2c3c(ccc2c1)OC(=O)C[C@@H]3c1ccccc1,NAD-dependent deacetylase sirtuin 2
COc1ccccc1Cn1cnc2sc3c(c2c1=O)CCC(NCCc1ccncc1)C3,NAD-dependent deacetylase sirtuin 2
CCCCCC1CC(=O)c2cc(Br)ccc2O1,NAD-dependent deacetylase sirtuin 2
C[C@H](NC(=O)/C=C/c1ccccc1)C(=O)NCCc1ccccc1,NAD-dependent deacetylase sirtuin 2
Cc1cc(C)nc(SCC(=O)Nc2cccc(Nc3ccccc3)c2)n1,NAD-dependent deacetylase sirtuin 2
O=c1c2c3c(sc2ncn1Cc1cccc2ccccc12)CC(NCc1ccccn1)CC3,NAD-dependent deacetylase sirtuin 2
O=C(Nc1ccnnc1)c1cccc(-c2ccc3ccccc3c2)c1,NAD-dependent deacetylase sirtuin 2
O=C(NCc1cccc(Cl)c1)c1cccc(S(=O)(=O)N2CCCCCC2)c1,NAD-dependent deacetylase sirtuin 2
O=c1c2c3c(sc2ncn1Cc1ccccc1)CC(NCCc1ccncc1)CC3,NAD-dependent deacetylase sirtuin 2
COc1ccccc1NC1CCc2c(sc3ncn(Cc4c(OC)ccc5ccccc45)c(=O)c23)C1,NAD-dependent deacetylase sirtuin 2
N#Cc1ccc(NC(=O)c2cccc(S(=O)(=O)Nc3ccc(C#N)cc3)c2)cc1,NAD-dependent deacetylase sirtuin 2
Cc1cc(C)nc(SCC(=O)Nc2ccc(Nc3ccccc3)cc2)n1,NAD-dependent deacetylase sirtuin 2
COc1ccc2ccccc2c1Cn1cnc2sc3c(c2c1=O)CCC(NCc1c(C)noc1C)C3,NAD-dependent deacetylase sirtuin 2
O=C1CC(c2ccccc2)c2c(cc(Br)c3cc(Br)ccc23)O1,NAD-dependent deacetylase sirtuin 2
O=C(Nc1cnccn1)c1cccc(-c2ccc3ccccc3c2)c1,NAD-dependent deacetylase sirtuin 2
O=c1c2c3c(sc2ncn1Cc1ccccc1)CC(NCc1cccnc1)CC3,NAD-dependent deacetylase sirtuin 2
CCCCCC1CC(=O)c2cc([N+](=O)[O-])ccc2O1,NAD-dependent deacetylase sirtuin 2
O=c1c2c3c(sc2ncn1Cc1cccc(-c2ccccc2)c1)CC(NCc1ccc(Cl)cc1)CC3,NAD-dependent deacetylase sirtuin 2
O=c1c2c3c(sc2ncn1Cc1cccc2cccnc12)CC(NCc1ccco1)CC3,NAD-dependent deacetylase sirtuin 2
O=c1c2c3c(sc2ncn1Cc1cccc2ccccc12)CC(NCc1ccco1)CC3,NAD-dependent deacetylase sirtuin 2
[N-]=[N+]=N/C=C/c1ccccc1,NAD-dependent deacetylase sirtuin 2
CN(c1ccc(Cl)cc1)S(=O)(=O)c1cccc(C(=O)Nc2nnc(C(F)(F)F)o2)c1,NAD-dependent deacetylase sirtuin 2
O=C1CC(c2ccc(F)cc2)c2c(ccc3cc(Br)ccc23)O1,NAD-dependent deacetylase sirtuin 2
CC(=O)NCCNC1CCc2c(sc3ncn(Cc4cccc(-c5ccccc5)c4)c(=O)c23)C1,NAD-dependent deacetylase sirtuin 2
O=c1c2c3c(sc2ncn1Cc1cccc(-c2ccccc2)c1)CC(NCc1cccc(F)c1)CC3,NAD-dependent deacetylase sirtuin 2
O=C(Nc1ccc(Cl)cn1)c1cccc(S(=O)(=O)Nc2ccc(Cl)cn2)c1,NAD-dependent deacetylase sirtuin 2
CC(=O)c1ccc2c3c(ccc2c1)OC(=O)CC3c1ccccc1,NAD-dependent deacetylase sirtuin 2
COc1cccc(Cn2cnc3sc4c(c3c2=O)CCC(NCc2cccnc2)C4)c1,NAD-dependent deacetylase sirtuin 2
O=c1c2c3c(sc2ncn1Cc1cccc2ccccc12)CC(NC1CCCc2ccccc21)CC3,NAD-dependent deacetylase sirtuin 2
COc1ccc(Cn2cnc3sc4c(c3c2=O)CCC(NCc2cccc(F)c2)C4)c2ccccc12,NAD-dependent deacetylase sirtuin 2
O=C1CC(CCc2ccc3[nH]c(=O)ccc3c2)Oc2c(Br)cc(Cl)cc21,NAD-dependent deacetylase sirtuin 2
Cc1csc(NC(=O)c2cccc(S(=O)(=O)Nc3ccc(Cl)cc3)c2)n1,NAD-dependent deacetylase sirtuin 2
CCCCC(CC)COCCCNC(=O)CCC(C)(c1ccc(O)cc1)c1ccc(O)cc1,NAD-dependent deacetylase sirtuin 2
O=c1c2c3c(sc2ncn1Cc1cccc2cccnc12)CC(Nc1ccc2c(c1)OCO2)CC3,NAD-dependent deacetylase sirtuin 2
[N-]=[N+]=NCCc1c[nH]c2ccccc12,NAD-dependent deacetylase sirtuin 2
NC(=O)c1cncc(OCc2cccc(NC(=O)c3ccc(Cl)cc3)c2)c1,NAD-dependent deacetylase sirtuin 2
COc1ccccc1CCN=[N+]=[N-],NAD-dependent deacetylase sirtuin 2
O=C(NCc1ccccn1)c1cccc(S(=O)(=O)Nc2ccc(Cl)cc2)c1,NAD-dependent deacetylase sirtuin 2
O=c1c2c3c(sc2ncn1Cc1cccc2cccnc12)CC(NCc1ccccc1)CC3,NAD-dependent deacetylase sirtuin 2
O=C(Nc1ncc(Cl)s1)c1cccc(S(=O)(=O)Nc2ccc(Cl)cc2)c1,NAD-dependent deacetylase sirtuin 2
Clc1ccc(-c2noc(CCCN3CCCCC3)n2)cc1,NAD-dependent deacetylase sirtuin 2
O=C(Nc1nc[nH]n1)c1cccc(-c2ccc3ccccc3c2)c1,NAD-dependent deacetylase sirtuin 2
[N-]=[N+]=NCCc1cccc2ccccc12,NAD-dependent deacetylase sirtuin 2
Cc1cc(C)nc(SCC(=O)Nc2ccc(NCc3ccco3)cc2)n1,NAD-dependent deacetylase sirtuin 2
[N-]=[N+]=NCCc1ccccc1C(F)(F)F,NAD-dependent deacetylase sirtuin 2
Cc1ccc(NC(=O)c2cccc(S(=O)(=O)N(C)c3ccc(Cl)cc3)c2)nc1,NAD-dependent deacetylase sirtuin 2
O=C(Nc1ccncc1)c1cccc(-c2ccc3ccccc3c2)c1,NAD-dependent deacetylase sirtuin 2
COc1ccc(CNCCc2sc3ncn(Cc4c(OC)ccc5ccccc45)c(=O)c3c2C)cc1,NAD-dependent deacetylase sirtuin 2
CN(c1ccc(Cl)cc1)S(=O)(=O)c1cc(C(=O)Nc2ccc(Cl)cc2)ccc1O,NAD-dependent deacetylase sirtuin 2
C#Cc1ccc(Nc2ccccc2C(N)=O)cc1,NAD-dependent deacetylase sirtuin 2
O=C(/C=C/c1ccc(O)cc1)NCCc1c[nH]c2ccccc12,NAD-dependent deacetylase sirtuin 2
Cc1cc(C)nc(SCC(=O)Nc2cccc(NCc3ccccc3)c2)n1,NAD-dependent deacetylase sirtuin 2
O=c1c2c3c(sc2ncn1Cc1cccc2cccnc12)CC(NC1CCOCC1)CC3,NAD-dependent deacetylase sirtuin 2
O=c1c2c3c(sc2ncn1Cc1ccc2ccccc2c1)CC(NCC1CCOC1)CC3,NAD-dependent deacetylase sirtuin 2
Oc1ccccc1CNc1ccc(NCc2ccccc2O)cc1,NAD-dependent deacetylase sirtuin 2
Oc1cccc(/C=N/c2ccc(/N=C/c3cccc(O)c3)c3ccccc23)c1,NAD-dependent deacetylase sirtuin 2
O=C1CC(Cc2ccccc2)c2c(ccc3cc(Br)ccc23)O1,NAD-dependent deacetylase sirtuin 2
[N-]=[N+]=Nc1ccccc1,NAD-dependent deacetylase sirtuin 2
CC(C)(NC(=O)/C=C/c1cccc([N+](=O)[O-])c1)C(=O)NCCc1c[nH]c2ccccc12,NAD-dependent deacetylase sirtuin 2
O=c1c2c3c(sc2ncn1Cc1cccc(-c2ccccc2)c1)CC(Nc1ccc2c(c1)OCO2)CC3,NAD-dependent deacetylase sirtuin 2
COc1ccc2ccccc2c1Cn1cnc2sc3c(c2c1=O)CCC(Nc1ccc(F)cc1)C3,NAD-dependent deacetylase sirtuin 2
CCCCCC1C=Cc2cc(Cl)cc(Br)c2O1,NAD-dependent deacetylase sirtuin 2
O=C(NCc1ccc(Cl)cc1)c1cccc(S(=O)(=O)NCc2ccc(Cl)cc2)c1,NAD-dependent deacetylase sirtuin 2
N#Cc1ccc(C(=O)Nc2cccc(COc3cncc(C(N)=O)c3)c2)cc1,NAD-dependent deacetylase sirtuin 2
O=C(Nc1ccccn1)c1cccc(-c2ccc3ccccc3c2)c1,NAD-dependent deacetylase sirtuin 2
O=c1c2c3c(sc2ncn1Cc1cccc2ccccc12)CC(NCCN1CCCC1)CC3,NAD-dependent deacetylase sirtuin 2
O=C(NCc1ccccn1)c1cccc(S(=O)(=O)N2CCCCCC2)c1,NAD-dependent deacetylase sirtuin 2
O=C(Nc1cccc(NC(=O)c2cc(C(F)(F)F)cc(C(F)(F)F)c2)c1)c1cccc(Br)c1,NAD-dependent deacetylase sirtuin 2
COc1ccccc1CCNC1CCc2c(sc3ncn(Cc4c(OC)ccc5ccccc45)c(=O)c23)C1,NAD-dependent deacetylase sirtuin 2
O=c1c2c3c(sc2ncn1Cc1cccc(-c2ccccc2)c1)CC(NC1CCCC1)CC3,NAD-dependent deacetylase sirtuin 2
C=CCN(c1ccc(Br)cc1)S(=O)(=O)c1cccc(C(=O)Nc2ccc(Br)cc2)c1,NAD-dependent deacetylase sirtuin 2
CCN(CC)Cc1nc(-c2ccc([N+](=O)[O-])cc2)no1,NAD-dependent deacetylase sirtuin 2
CN(c1ccc(S(C)=O)cc1)S(=O)(=O)c1cccc(C(=O)Nc2ccc(Cl)cc2)c1,NAD-dependent deacetylase sirtuin 2
O=C(Nc1ncc(Br)s1)c1cccc(S(=O)(=O)N2CCCCCC2)c1,NAD-dependent deacetylase sirtuin 2
O=C1CC(c2ccccc2)c2c(ccc3cc(Br)ccc23)N1,NAD-dependent deacetylase sirtuin 2
CN(c1ccc(C#N)cc1)S(=O)(=O)c1cccc(C(=O)Nc2ccc(Cl)cn2)c1,NAD-dependent deacetylase sirtuin 2
O=C(Nc1ccc(Cl)nn1)c1cccc(S(=O)(=O)N2CCCCCC2)c1,NAD-dependent deacetylase sirtuin 2
COc1ccccc1Cn1cnc2sc3c(c2c1=O)CCC(NCCc1cccnc1)C3,NAD-dependent deacetylase sirtuin 2
COc1ccc(Cn2cnc3sc4c(c3c2=O)CCC(NCC2CCOC2)C4)c2ccccc12,NAD-dependent deacetylase sirtuin 2
COC(=O)CCC1CC(=O)c2cc(Cl)cc(Br)c2O1,NAD-dependent deacetylase sirtuin 2
Cc1noc(NC(=O)c2cccc(S(=O)(=O)N(C)c3ccc(Cl)cc3)c2)c1Br,NAD-dependent deacetylase sirtuin 2
O=C(Nc1ccccc1Br)c1cccc(-c2ccc3ccccc3c2)c1,NAD-dependent deacetylase sirtuin 2
COc1ccc(NC2CCc3c(sc4ncn(Cc5ccc(OC)c6ccccc56)c(=O)c34)C2)cc1,NAD-dependent deacetylase sirtuin 2
COc1cccc(Cn2cnc3sc4c(c3c2=O)CCC(NCC2CCCCC2)C4)c1,NAD-dependent deacetylase sirtuin 2
CCCCCCCC1CC(=O)c2cc(Cl)cc(Br)c2O1,NAD-dependent deacetylase sirtuin 2
O=c1c2c3c(sc2ncn1Cc1cccc2ccccc12)CC(NC1CCCC1)CC3,NAD-dependent deacetylase sirtuin 2
Fc1ccc(-c2noc(CCCBr)n2)cc1,NAD-dependent deacetylase sirtuin 2
[N-]=[N+]=Nc1ccccc1-c1ccccc1,NAD-dependent deacetylase sirtuin 2
COc1cccc(NC2CCc3c(sc4ncn(Cc5cccc(-c6ccccc6)c5)c(=O)c34)C2)c1,NAD-dependent deacetylase sirtuin 2
COc1cccc(Cn2cnc3sc4c(c3c2=O)CCC(NC2CCc3ccccc32)C4)c1,NAD-dependent deacetylase sirtuin 2
CN(c1ccc(F)cc1)S(=O)(=O)c1cccc(C(=O)Nc2ccc(C#N)cn2)c1,NAD-dependent deacetylase sirtuin 2
CC(=O)c1ccc(N(C)S(=O)(=O)c2cccc(C(=O)Nc3ccc(Cl)nn3)c2)cc1,NAD-dependent deacetylase sirtuin 2
O=C(Nc1ccc(Br)cc1)c1cccc(S(=O)(=O)Cc2ccc(Cl)cc2)c1,NAD-dependent deacetylase sirtuin 2
Cc1cc(C)nc(SCC(=O)Nc2cccc(CNc3ccccc3)c2)n1,NAD-dependent deacetylase sirtuin 2
O=C(Nc1ccc(Cl)cn1)c1cccc(S(=O)(=O)Cc2ccc(Cl)cc2)c1,NAD-dependent deacetylase sirtuin 2
C(=N/c1ccc(/N=C/c2ccccc2)c2ccccc12)c1ccccc1,NAD-dependent deacetylase sirtuin 2
[N-]=[N+]=NCCc1ccccc1[N+](=O)[O-],NAD-dependent deacetylase sirtuin 2
COc1cccc(Cn2cnc3sc4c(c3c2=O)CCC(NCc2c(C)nn(C)c2C)C4)c1,NAD-dependent deacetylase sirtuin 2
COc1ccc(N(C)S(=O)(=O)c2cccc(C(=O)Nc3ccc(Cl)cn3)c2)cc1,NAD-dependent deacetylase sirtuin 2
CCN(c1ccc(Br)cc1)S(=O)(=O)c1cccc(C(=O)Nc2ccc(Br)cc2)c1,NAD-dependent deacetylase sirtuin 2
O=c1c2c3c(sc2ncn1Cc1ccccc1)CC(NCc1ccncc1)CC3,NAD-dependent deacetylase sirtuin 2
COc1ccccc1C(=O)Nc1cccc(NC(=O)c2cccc(Br)c2)c1,NAD-dependent deacetylase sirtuin 2
O=c1c2c3c(sc2ncn1Cc1cccc2cccnc12)CC(NC1CCc2ccccc21)CC3,NAD-dependent deacetylase sirtuin 2
O=c1c2c3c(sc2ncn1Cc1ccc2ccccc2c1)CC(NCCN1CCOCC1)CC3,NAD-dependent deacetylase sirtuin 2
Cc1cccc(CCN=[N+]=[N-])c1,NAD-dependent deacetylase sirtuin 2
COc1ccc(CNC2CCc3c(sc4ncn(Cc5ccccc5)c(=O)c34)C2)cn1,NAD-dependent deacetylase sirtuin 2
COc1cccc(CNC2CCc3c(sc4ncn(Cc5ccccc5)c(=O)c34)C2)c1,NAD-dependent deacetylase sirtuin 2
CN(c1ccc(Br)cc1)S(=O)(=O)c1cccc(C(=O)Nc2ccc(Cl)nn2)c1,NAD-dependent deacetylase sirtuin 2
O=C(NCc1cccc(Br)c1)c1cccc(S(=O)(=O)N2CCCCCC2)c1,NAD-dependent deacetylase sirtuin 2
COc1cc(C2CC(=O)Oc3ccc4cc(Br)ccc4c32)ccc1C,NAD-dependent deacetylase sirtuin 2
COc1ccc(NC2CCc3c(sc4ncn(Cc5cccc(-c6ccccc6)c5)c(=O)c34)C2)cc1,NAD-dependent deacetylase sirtuin 2
COc1ccc(C(=O)Nc2cccc(COc3cncc(C(N)=O)c3)c2)cc1,NAD-dependent deacetylase sirtuin 2
CN(c1ccc(S(C)(=O)=O)cc1)S(=O)(=O)c1cccc(C(=O)Nc2ccc(S(C)=O)cc2)c1,NAD-dependent deacetylase sirtuin 2
COc1ccc2ccccc2c1Cn1cnc2sc3c(c2c1=O)CCC(NC1CCOCC1)C3,NAD-dependent deacetylase sirtuin 2
COc1ccc(C(=O)Nc2cccc(NC(=O)c3cccc(Br)c3)c2)cc1,NAD-dependent deacetylase sirtuin 2
COC1=C(Cn2cnc3sc4c(c3c2=O)CCC(NCc2cccc(OC)c2)C4)C2C=CC=CC2C=C1,NAD-dependent deacetylase sirtuin 2
COc1cccc(/C=C/C(=O)NC(C)(C)C(=O)NCCc2c[nH]c3ccccc23)c1,NAD-dependent deacetylase sirtuin 2
Oc1ccc(/C=N/c2ccc(/N=C/c3ccc(O)cc3)cc2)cc1,NAD-dependent deacetylase sirtuin 2
O=C1CC(c2ccccc2)c2c(ccc3cc(-c4ccc5ccccc5c4)ccc23)O1,NAD-dependent deacetylase sirtuin 2
COc1ccccc1NC1CCc2c(sc3ncn(Cc4cccc(-c5ccccc5)c4)c(=O)c23)C1,NAD-dependent deacetylase sirtuin 2
[N-]=[N+]=Nc1cccc2ccccc12,NAD-dependent deacetylase sirtuin 2
BrCCCc1nc(-c2ccccc2Br)no1,NAD-dependent deacetylase sirtuin 2
COc1ccc(C(=O)Nc2cccc(Br)c2)cc1S(=O)(=O)N1CCCCCC1,NAD-dependent deacetylase sirtuin 2
COc1ccc(C(=O)Nc2ccc(C#N)cc2)cc1S(=O)(=O)N(C)c1ccc(C#N)cc1,NAD-dependent deacetylase sirtuin 2
CCCCCC1CC(=O)c2ccc(F)cc2O1,NAD-dependent deacetylase sirtuin 2
COc1cccc(CNC2CCc3c(sc4ncn(Cc5cccc6cccnc56)c(=O)c34)C2)c1,NAD-dependent deacetylase sirtuin 2
CS(=O)c1cccc(NC(=O)c2cccc(S(=O)(=O)N3CCCCCC3)c2)c1,NAD-dependent deacetylase sirtuin 2
O=c1c2c3c(sc2ncn1Cc1ccc2ccccc2c1)CC(NCc1ccccc1Cl)CC3,NAD-dependent deacetylase sirtuin 2
Cc1cc(C)nc(SCC(=O)Nc2cccc(Oc3ccccc3)c2)n1,NAD-dependent deacetylase sirtuin 2
COc1ccccc1CNC1CCc2c(sc3ncn(Cc4c(OC)ccc5ccccc45)c(=O)c23)C1,NAD-dependent deacetylase sirtuin 2
O=C(O)CCC1CC(=O)c2cc(Cl)cc(Br)c2O1,NAD-dependent deacetylase sirtuin 2
O=c1c2c3c(sc2ncn1Cc1cccc2cccnc12)CC(NC1CCCc2ccccc21)CC3,NAD-dependent deacetylase sirtuin 2
O=C1CC(CCc2c[nH]c3ccccc23)Oc2c(Br)cc(Cl)cc21,NAD-dependent deacetylase sirtuin 2
COc1ccc(CNC2CCc3c(sc4ncn(Cc5cccc6cccnc56)c(=O)c34)C2)cc1,NAD-dependent deacetylase sirtuin 2
O=C1CC(CCc2cccnc2)Oc2c(Br)cc(Cl)cc21,NAD-dependent deacetylase sirtuin 2
COc1ccc2ccccc2c1Cn1cnc2sc(CCNC3CCOCC3)c(C)c2c1=O,NAD-dependent deacetylase sirtuin 2
O=C1CC(CCc2ccncc2)Oc2c(Br)cc(Cl)cc21,NAD-dependent deacetylase sirtuin 2
CCCCCC1CCc2cc(Cl)cc(Br)c2O1,NAD-dependent deacetylase sirtuin 2
O=C1CC(c2ccccc2)c2c(ccc3cc(O)ccc23)O1,NAD-dependent deacetylase sirtuin 2
[N-]=[N+]=NCC(=O)Nc1ccc(F)cc1,NAD-dependent deacetylase sirtuin 2
O=C1CC(c2ccc(Cl)c(Cl)c2)c2c(ccc3cc(Br)ccc23)O1,NAD-dependent deacetylase sirtuin 2
CN(C(=O)c1cccc(S(=O)(=O)N(C)c2ccc(Cl)cc2)c1)c1ccc(Br)cc1,NAD-dependent deacetylase sirtuin 2
O=C(Nc1ccc(Cl)nn1)c1cccc(S(=O)(=O)Nc2ccc(Cl)cc2)c1,NAD-dependent deacetylase sirtuin 2
COc1ccc2ccccc2c1Cn1cnc2sc3c(c2c1=O)CCC(NCc1c(C)nn(C)c1C)C3,NAD-dependent deacetylase sirtuin 2
O=C(/C=C/c1ccccc1)NCC(=O)NCCc1c[nH]c2ccc(OCc3ccccc3)cc12,NAD-dependent deacetylase sirtuin 2
COc1cccc(Cn2cnc3sc4c(c3c2=O)CCC(NCc2ccc(OC)nc2)C4)c1,NAD-dependent deacetylase sirtuin 2
Cc1noc(C)c1CNC1CCc2c(sc3ncn(Cc4cccc5ccccc45)c(=O)c23)C1,NAD-dependent deacetylase sirtuin 2
COCCNC1CCc2c(sc3ncn(Cc4ccc(OC)c5ccccc45)c(=O)c23)C1,NAD-dependent deacetylase sirtuin 2
O=c1c2c3c(sc2ncn1Cc1ccccc1)CC(NCc1ccccc1Cl)CC3,NAD-dependent deacetylase sirtuin 2
CN(c1ccc(Cl)cc1)S(=O)(=O)c1cccc(C(=O)Nc2ccc(Br)cn2)c1,NAD-dependent deacetylase sirtuin 2
COc1cccc(Cn2cnc3sc4c(c3c2=O)CCC(NCc2ccncc2)C4)c1,NAD-dependent deacetylase sirtuin 2
[N-]=[N+]=Nc1ccc(I)cc1,NAD-dependent deacetylase sirtuin 2
Clc1ccc(-c2noc(CNC3CCCCC3)n2)cc1,NAD-dependent deacetylase sirtuin 2
Cc1cc(C)nc(SCC(=O)Nc2cccc(COc3ccc(NS(=O)(=O)c4ccccc4)cc3)c2)n1,NAD-dependent deacetylase sirtuin 2
COc1ccc(Cn2cnc3sc4c(c3c2=O)CCC(NCCNC(C)=O)C4)c2ccccc12,NAD-dependent deacetylase sirtuin 2
C#Cc1cccc(Nc2ccccc2C(N)=O)c1,NAD-dependent deacetylase sirtuin 2
COc1ccc(Cn2cnc3sc4c(c3c2=O)CCC(NCc2cccc(Cl)c2)C4)c2ccccc12,NAD-dependent deacetylase sirtuin 2
O=c1c2c3c(sc2ncn1Cc1ccc2ccccc2c1)CC(NCc1ccncc1)CC3,NAD-dependent deacetylase sirtuin 2
COc1ccc2ccccc2c1Cn1cnc2sc3c(c2c1=O)CCC(NCc1ccccc1F)C3,NAD-dependent deacetylase sirtuin 2
O=c1c2c3c(sc2ncn1Cc1cccc(-c2ccccc2)c1)CC(NCC1CCOC1)CC3,NAD-dependent deacetylase sirtuin 2
O=C1NC(=S)NC(=O)C1=Cc1ccc(Sc2ccccc2)o1,NAD-dependent deacetylase sirtuin 2
O=c1c2c3c(sc2ncn1Cc1ccc2ccccc2c1)CC(NCc1ccco1)CC3,NAD-dependent deacetylase sirtuin 2
O=C(Nc1ccc(Cl)cn1)c1cccc(S(=O)(=O)Nc2ccc(Cl)cc2)c1,NAD-dependent deacetylase sirtuin 2
O=C(/C=C/c1ccccc1)NCC(=O)NCCc1c[nH]c2ccccc12,NAD-dependent deacetylase sirtuin 2
CN(c1ccc(C#N)cc1)S(=O)(=O)c1cccc(C(=O)Nc2ccc(C#N)cn2)c1,NAD-dependent deacetylase sirtuin 2
COc1ccc2ccccc2c1Cn1cnc2sc3c(c2c1=O)CCC(NCc1ccccn1)C3,NAD-dependent deacetylase sirtuin 2
COc1ccc2ccccc2c1Cn1cnc2sc3c(c2c1=O)CCC(NCC1CCOC1)C3,NAD-dependent deacetylase sirtuin 2
O=c1c2c3c(sc2ncn1Cc1cccc2cccnc12)CC(NCc1cccnc1)CC3,NAD-dependent deacetylase sirtuin 2
COc1ccc2ccccc2c1Cn1cnc2sc3c(c2c1=O)CCC(NCc1ccccc1)C3,NAD-dependent deacetylase sirtuin 2
O=C(Nc1cccc(C(F)(F)F)c1)c1cccc(S(=O)(=O)N2CCCCCC2)c1,NAD-dependent deacetylase sirtuin 2
O=c1c2c3c(sc2ncn1Cc1cccc2ccccc12)CC(NCC1CCOC1)CC3,NAD-dependent deacetylase sirtuin 2
COc1ccc(/C=N/c2ccc(/N=C/c3ccc(OC)cc3)c3ccccc23)cc1,NAD-dependent deacetylase sirtuin 2
COc1ccccc1CNC1CCc2c(sc3ncn(Cc4ccccc4)c(=O)c23)C1,NAD-dependent deacetylase sirtuin 2
CCc1ccc2c3c(ccc2c1)OC(=O)CC3c1ccccc1,NAD-dependent deacetylase sirtuin 2
O=C1CC(CCCCO)Oc2c(Br)cc(Cl)cc21,NAD-dependent deacetylase sirtuin 2
COc1ccc2ccccc2c1Cn1cnc2sc3c(c2c1=O)CCC(NCc1cccc(F)c1)C3,NAD-dependent deacetylase sirtuin 2
[N-]=[N+]=NCc1cccc2ccccc12,NAD-dependent deacetylase sirtuin 2
COc1ccc(CNC2CCc3c(sc4ncn(Cc5c(OC)ccc6ccccc56)c(=O)c34)C2)cn1,NAD-dependent deacetylase sirtuin 2
Oc1ccc(/C=N/c2ccc(/N=C/c3ccc(O)c(O)c3)cc2)cc1O,NAD-dependent deacetylase sirtuin 2
COC(=O)c1ccc(NC(=O)c2cccc(S(=O)(=O)N(C)c3ccc(Cl)cc3)c2)nc1,NAD-dependent deacetylase sirtuin 2
C[C@H](NC(=O)/C=C/c1ccccc1)C(=O)NCCc1c[nH]c2ccc(OCc3ccccc3)cc12,NAD-dependent deacetylase sirtuin 2
OCCN1CCN(CCCc2nc(-c3ccccc3)no2)CC1,NAD-dependent deacetylase sirtuin 2
COc1ccc(C(=O)Nc2cccc(NC(=O)c3ccccc3Br)c2)cc1,NAD-dependent deacetylase sirtuin 2
O=C(NCc1nccs1)c1cccc(S(=O)(=O)Nc2ccc(Cl)cc2)c1,NAD-dependent deacetylase sirtuin 2
O=C(NCc1cccnc1)c1cccc(S(=O)(=O)N2CCCCCC2)c1,NAD-dependent deacetylase sirtuin 2
[N-]=[N+]=Nc1ccc([N+](=O)[O-])cc1,NAD-dependent deacetylase sirtuin 2
O=C1CC(CCc2ccc3ncccc3c2)Oc2c(Br)cc(Cl)cc21,NAD-dependent deacetylase sirtuin 2
Cc1ccc2c3c(ccc2c1)OC(=O)CC3c1ccc(-c2ccccc2)cc1,NAD-dependent deacetylase sirtuin 2
O=c1c2c3c(sc2ncn1Cc1ccc2ccccc2c1)CC(NCc1cccc(F)c1)CC3,NAD-dependent deacetylase sirtuin 2
Cc1ccc2c3c(ccc2c1)OC(=O)CC3c1ccc(Cl)cc1,NAD-dependent deacetylase sirtuin 2
Cc1cc(C)nc(SCC(=O)Nc2cccc(COc3ccc4[nH]ncc4c3)c2)n1,NAD-dependent deacetylase sirtuin 2
O=c1c2c3c(sc2ncn1Cc1cccc2cccnc12)CC(NCc1ccccn1)CC3,NAD-dependent deacetylase sirtuin 2
COc1cccc(NC2CCc3c(sc4ncn(Cc5cccc6cccnc56)c(=O)c34)C2)c1,NAD-dependent deacetylase sirtuin 2
CN(c1ccc(Br)cc1)S(=O)(=O)c1cccc(C(=O)Nc2ccc(Cl)cn2)c1,NAD-dependent deacetylase sirtuin 2
Cc1ccccc1C(=O)Nc1cccc(NC(=O)c2ccccc2Br)c1,NAD-dependent deacetylase sirtuin 2
COC(=O)CCCC1CC(=O)c2cc(Cl)cc(Br)c2O1,NAD-dependent deacetylase sirtuin 2
COc1ccc(CNC2CCc3c(sc4ncn(Cc5cccc(OC)c5)c(=O)c34)C2)cc1,NAD-dependent deacetylase sirtuin 2
O=C1CC(CCCCCO)Oc2c(Br)cc(Cl)cc21,NAD-dependent deacetylase sirtuin 2
CC1(C)CCC(C)(C)c2cc(-c3csc(C4CCN(Cc5ccc(N(CCC#N)CCC#N)cc5)CC4)n3)ccc21,NAD-dependent deacetylase sirtuin 2
O=c1c2c3c(sc2ncn1Cc1cccc(-c2ccccc2)c1)CC(NC1CCOCC1)CC3,NAD-dependent deacetylase sirtuin 2
O=C1c2cccc3c(SCCO)ccc(c23)C(=O)N1CCc1ccccn1,NAD-dependent deacetylase sirtuin 2
N#Cc1ccc(CS(=O)(=O)c2cccc(C(=O)Nc3ccc(C#N)cn3)c2)cc1,NAD-dependent deacetylase sirtuin 2
O=C(Nc1cc(Cl)ccn1)c1cccc(S(=O)(=O)N2CCCCCC2)c1,NAD-dependent deacetylase sirtuin 2
COc1ccc(C(=O)Nc2ccc(S(C)(=O)=O)cc2)cc1S(=O)(=O)N(C)c1ccc(C(C)=O)cc1,NAD-dependent deacetylase sirtuin 2
COc1ccc2ccccc2c1Cn1cnc2sc(CCN(C)C)c(C)c2c1=O,NAD-dependent deacetylase sirtuin 2
CN(c1ccc(S(C)=O)cc1)S(=O)(=O)c1cccc(C(=O)Nc2ccc(F)cc2)c1,NAD-dependent deacetylase sirtuin 2
COc1ccc2ccccc2c1Cn1cnc2sc3c(c2c1=O)CCC(NC1CCCC1)C3,NAD-dependent deacetylase sirtuin 2
CC(=O)Nc1c(CCc2ccccc2)oc2c(Br)cc(Cl)cc2c1=O,NAD-dependent deacetylase sirtuin 2
CC(=O)Nc1cccc(-c2ccc3c4c(ccc3c2)OC(=O)CC4c2ccccc2)c1,NAD-dependent deacetylase sirtuin 2
O=C1CC(CCCN2CCCCC2)Oc2c(Br)cc(Cl)cc21,NAD-dependent deacetylase sirtuin 2
O=C(Nc1ccccc1[N+](=O)[O-])c1cccc(-c2ccc3ccccc3c2)c1,NAD-dependent deacetylase sirtuin 2
O=C(NCCc1c[nH]c2ccc(OCc3ccccc3)cc12)[C@@H]1CCCN1C(=O)CCc1ccccc1,NAD-dependent deacetylase sirtuin 2
COCCNC1CCc2c(sc3ncn(Cc4cccc(-c5ccccc5)c4)c(=O)c23)C1,NAD-dependent deacetylase sirtuin 2
O=c1c2c3c(sc2ncn1Cc1cccc2ccccc12)CC(NCc1ccccc1)CC3,NAD-dependent deacetylase sirtuin 2
CN(c1ccc(C#N)cc1)S(=O)(=O)c1cccc(C(=O)Nc2ccc(Cl)nn2)c1,NAD-dependent deacetylase sirtuin 2
COc1ccc(Cn2cnc3sc4c(c3c2=O)CCC(NCc2cccs2)C4)c2ccccc12,NAD-dependent deacetylase sirtuin 2
COc1cccc(CNC2CCc3c(sc4ncn(Cc5cccc6ccccc56)c(=O)c34)C2)c1,NAD-dependent deacetylase sirtuin 2
COc1ccc(Cn2cnc3sc4c(c3c2=O)CCC(Nc2ccc3c(c2)OCO3)C4)c2ccccc12,NAD-dependent deacetylase sirtuin 2
COc1ccccc1Cn1cnc2sc3c(c2c1=O)CCC(NCc1ccccn1)C3,NAD-dependent deacetylase sirtuin 2
[N-]=[N+]=Nc1ccc(O)cc1,NAD-dependent deacetylase sirtuin 2
O=c1c2c3c(sc2ncn1Cc1cccc2ccccc12)CC(NC1CCOCC1)CC3,NAD-dependent deacetylase sirtuin 2
COc1ccccc1Cn1cnc2sc3c(c2c1=O)CCC(NCc1c(C)nn(C)c1C)C3,NAD-dependent deacetylase sirtuin 2
CS(=O)(=O)c1cccc(NC(=O)c2cccc(S(=O)(=O)N3CCCCCC3)c2)c1,NAD-dependent deacetylase sirtuin 2
O=C1CC(c2ccccc2)c2c(ccc3cc(-c4cccc(O)c4)ccc23)O1,NAD-dependent deacetylase sirtuin 2
CCCCCC1CC(=O)c2cc(N=[N+]=[N-])ccc2O1,NAD-dependent deacetylase sirtuin 2
COc1ccc(Cn2cnc3sc4c(c3c2=O)CCC(NCc2ccccc2F)C4)c2ccccc12,NAD-dependent deacetylase sirtuin 2
[N-]=[N+]=NCC12CC3CC(CC(C3)C1)C2,NAD-dependent deacetylase sirtuin 2
Cc1noc(CCCC2CC(=O)c3cc(Cl)cc(Br)c3O2)n1,NAD-dependent deacetylase sirtuin 2
O=C1NC(=S)NC(=O)C1=Cc1ccc(-c2ccc(C(=O)OCc3cccc(Cl)c3)cc2)o1,NAD-dependent deacetylase sirtuin 2
CN(c1ccc(F)cc1)S(=O)(=O)c1cccc(C(=O)Nc2ccc(Cl)nn2)c1,NAD-dependent deacetylase sirtuin 2
O=c1c2c3c(sc2ncn1Cc1cccc2ccccc12)CC(NCCc1cccnc1)CC3,NAD-dependent deacetylase sirtuin 2
Cc1ccc(N=[N+]=[N-])cc1C,NAD-dependent deacetylase sirtuin 2
O=c1cc(-c2ccccc2)oc2c(Br)cc(Cl)cc12,NAD-dependent deacetylase sirtuin 2
CC(=O)Nc1ccc(NC(=O)c2cccc(S(=O)(=O)N(C)c3ccc(Cl)cc3)c2)cc1,NAD-dependent deacetylase sirtuin 2
O=c1c2c3c(sc2ncn1Cc1ccc2ccccc2c1)CC(NCCc1cccnc1)CC3,NAD-dependent deacetylase sirtuin 2
Cc1cc(C)nc(SCC(=O)Nc2cccc(COc3cccc4ccccc34)c2)n1,NAD-dependent deacetylase sirtuin 2
O=c1c2c3c(sc2ncn1Cc1cccc2cccnc12)CC(NC1CCCC1)CC3,NAD-dependent deacetylase sirtuin 2
CN(c1ccc(S(C)=O)cc1)S(=O)(=O)c1cccc(C(=O)Nc2ccc(C#N)cc2)c1,NAD-dependent deacetylase sirtuin 2
Cc1cccc(C)c1NC(=O)CN=[N+]=[N-],NAD-dependent deacetylase sirtuin 2
O=C(Nc1ccc(Cl)cc1)c1cccc(S(=O)(=O)Nc2ccc(Cl)cn2)c1,NAD-dependent deacetylase sirtuin 2
O=C(Nc1nnc(C(F)(F)F)o1)c1cccc(S(=O)(=O)Nc2ccc(Cl)cc2)c1,NAD-dependent deacetylase sirtuin 2
O=C(Nc1cc(Br)ccn1)c1cccc(S(=O)(=O)N2CCCCCC2)c1,NAD-dependent deacetylase sirtuin 2
O=C(CCc1ccccc1)NCCc1c[nH]c2ccccc12,NAD-dependent deacetylase sirtuin 2
CN(c1ccc(F)cc1)S(=O)(=O)c1cccc(C(=O)Nc2ccc(S(C)=O)cc2)c1,NAD-dependent deacetylase sirtuin 2
OCC1CCN(Cc2nc(-c3ccc(Cl)cc3)no2)CC1,NAD-dependent deacetylase sirtuin 2
COc1cccc(CNC2CCc3c(sc4ncn(Cc5cccc(OC)c5)c(=O)c34)C2)c1,NAD-dependent deacetylase sirtuin 2
O=C(Nc1ccc(Cl)nn1)c1cccc(S(=O)(=O)Cc2ccc(Cl)cc2)c1,NAD-dependent deacetylase sirtuin 2
O=c1c2c3c(sc2ncn1Cc1cccc2cccnc12)CC(NCc1cccc(F)c1)CC3,NAD-dependent deacetylase sirtuin 2
COc1ccc(Cn2cnc3sc4c(c3c2=O)CCC(NC2CCOCC2)C4)c2ccccc12,NAD-dependent deacetylase sirtuin 2
O=c1c2c3c(sc2ncn1Cc1ccccc1)CC(NCc1ccccc1)CC3,NAD-dependent deacetylase sirtuin 2
COc1cccc(Cn2cnc3sc4c(c3c2=O)CCC(NCc2ccco2)C4)c1,NAD-dependent deacetylase sirtuin 2
Cc1cc(C)nc(SCC(=O)Nc2ccc(Oc3ccccc3)cc2)n1,NAD-dependent deacetylase sirtuin 2
CN(c1ccc(Cl)cc1)S(=O)(=O)c1cccc(C(=O)Nc2ccc(C(N)=O)cn2)c1,NAD-dependent deacetylase sirtuin 2
COc1ccc2ccccc2c1Cn1cnc2sc3c(c2c1=O)CCC(NCc1ccccc1Cl)C3,NAD-dependent deacetylase sirtuin 2
CC(=O)Nc1cccc(OCc2cccc(NC(=O)CSc3nc(C)cc(C)n3)c2)c1,NAD-dependent deacetylase sirtuin 2
O=c1c2c3c(sc2ncn1Cc1ccc2ccccc2c1)CC(NC1CCc2ccccc21)CC3,NAD-dependent deacetylase sirtuin 2
Cc1cc(C)nc(SCC(=O)Nc2ccc(NCc3cccs3)cc2)n1,NAD-dependent deacetylase sirtuin 2
[N-]=[N+]=NCc1ccccc1,NAD-dependent deacetylase sirtuin 2
COc1ccccc1Cn1cnc2sc3c(c2c1=O)CCC(NC1CCc2ccccc21)C3,NAD-dependent deacetylase sirtuin 2
Cc1ccc(C2CC(=O)Oc3ccc4cc(Br)ccc4c32)cc1F,NAD-dependent deacetylase sirtuin 2
CN(c1ccc(C#N)cc1)S(=O)(=O)c1cccc(C(=O)Nc2ccc(C#N)cc2)c1,NAD-dependent deacetylase sirtuin 2
[N-]=[N+]=NCCc1ccccn1,NAD-dependent deacetylase sirtuin 2
Cc1ccc2c3c(ccc2c1)OC(=O)CC3c1cccc(C(N)=O)c1,NAD-dependent deacetylase sirtuin 2
COc1ccc(NC(=O)c2cccc(S(=O)(=O)Nc3ccc(Cl)cc3)c2)nc1,NAD-dependent deacetylase sirtuin 2
COc1cccc(C2CC(=O)Oc3ccc4cc(Br)ccc4c32)c1,NAD-dependent deacetylase sirtuin 2
O=c1c2c3c(sc2ncn1Cc1cccc2cccnc12)CC(NCc1cccs1)CC3,NAD-dependent deacetylase sirtuin 2
O=c1c2c3c(sc2ncn1Cc1ccc2ccccc2c1)CC(NCc1cncnc1)CC3,NAD-dependent deacetylase sirtuin 2
CC(C)(NC(=O)/C=C/c1ccc(F)cc1)C(=O)NCCc1c[nH]c2ccccc12,NAD-dependent deacetylase sirtuin 2
Cc1cc(C)nc(SCC(=O)Nc2ccc(NCc3ccccc3)cc2)n1,NAD-dependent deacetylase sirtuin 2
CC(=O)c1ccc(N(C)S(=O)(=O)c2cccc(C(=O)Nc3ccc(S(C)(=O)=O)cc3)c2)cc1,NAD-dependent deacetylase sirtuin 2
COc1ccc2ccccc2c1Cn1cnc2sc3c(c2c1=O)CCC(NCc1cccs1)C3,NAD-dependent deacetylase sirtuin 2
O=c1c2c3c(sc2ncn1Cc1cccc2cccnc12)CC(Nc1ccc(F)cc1)CC3,NAD-dependent deacetylase sirtuin 2
Cc1cc(C)nc(SCC(=O)Nc2ccc(OCc3ccccc3)cc2)n1,NAD-dependent deacetylase sirtuin 2
COc1ccc2ccccc2c1Cn1cnc2sc3c(c2c1=O)CCC(NCC1CCCCC1)C3,NAD-dependent deacetylase sirtuin 2
COc1ccc(CNC2CCc3c(sc4ncn(Cc5ccccc5OC)c(=O)c34)C2)cc1,NAD-dependent deacetylase sirtuin 2
O=c1c2c3c(sc2ncn1Cc1ccc2ccccc2c1)CC(NCc1cccc(Cl)c1)CC3,NAD-dependent deacetylase sirtuin 2
CCOc1ccc(C=C2C(=O)NC(=S)NC2=O)cc1CCc1ccccc1,NAD-dependent deacetylase sirtuin 2
O=[N+]([O-])c1ccc(-c2noc(CN3CCCC3)n2)cc1,NAD-dependent deacetylase sirtuin 2
COc1ccc(N(C)S(=O)(=O)c2cccc(C(=O)Nc3ccc(Cl)nn3)c2)cc1,NAD-dependent deacetylase sirtuin 2
COc1cccc(Cn2cnc3sc4c(c3c2=O)CCC(NCc2ccccc2Cl)C4)c1,NAD-dependent deacetylase sirtuin 2
Cc1nn(C)c(C)c1CNC1CCc2c(sc3ncn(Cc4cccc5ccccc45)c(=O)c23)C1,NAD-dependent deacetylase sirtuin 2
[N-]=[N+]=NCCc1ccsc1,NAD-dependent deacetylase sirtuin 2
COc1ccc2ccccc2c1Cn1cnc2sc(CCN)c(C)c2c1=O,NAD-dependent deacetylase sirtuin 2
COc1ccccc1CCNC1CCc2c(sc3ncn(Cc4ccc5ccccc5c4)c(=O)c23)C1,NAD-dependent deacetylase sirtuin 2
COc1ccc(CNC2CCc3c(sc4ncn(Cc5cccc6ccccc56)c(=O)c34)C2)cc1,NAD-dependent deacetylase sirtuin 2
COCCNC1CCc2c(sc3ncn(Cc4c(OC)ccc5ccccc45)c(=O)c23)C1,NAD-dependent deacetylase sirtuin 2
c1ccc(CNc2ccc(NCc3ccccc3)cc2)cc1,NAD-dependent deacetylase sirtuin 2
Cc1noc(C)c1CNC1CCc2c(sc3ncn(Cc4ccc5ccccc5c4)c(=O)c23)C1,NAD-dependent deacetylase sirtuin 2
O=c1c2c3c(sc2ncn1Cc1cccc(-c2ccccc2)c1)CC(NCCN1CCOCC1)CC3,NAD-dependent deacetylase sirtuin 2
O=c1c2c3c(sc2ncn1Cc1ccc2ccccc2c1)CC(NCc1cccs1)CC3,NAD-dependent deacetylase sirtuin 2
O=c1c2c3c(sc2ncn1Cc1cccc2cccnc12)CC(NCCN1CCCC1)CC3,NAD-dependent deacetylase sirtuin 2
Cc1ccccc1CCN=[N+]=[N-],NAD-dependent deacetylase sirtuin 2
[N-]=[N+]=Nc1ccc(F)cc1,NAD-dependent deacetylase sirtuin 2
CN(c1ccc(Cl)cc1)S(=O)(=O)c1cccc(C(=O)Nc2ccc(C(F)(F)F)cn2)c1,NAD-dependent deacetylase sirtuin 2
COc1ccccc1Cn1cnc2sc3c(c2c1=O)CCC(NCc1cncnc1)C3,NAD-dependent deacetylase sirtuin 2
O=C(Nc1cccc(Br)c1)c1cccc(-c2ccc3ccccc3c2)c1,NAD-dependent deacetylase sirtuin 2
N#Cc1ccc(CNC2CCc3c(sc4ncn(Cc5ccc6ccccc6c5)c(=O)c34)C2)cc1,NAD-dependent deacetylase sirtuin 2
O=c1c2c3c(sc2ncn1Cc1cccc(-c2ccccc2)c1)CC(NCc1cccs1)CC3,NAD-dependent deacetylase sirtuin 2
CC(C)C1CC(=O)c2cc(Cl)cc(Br)c2O1,NAD-dependent deacetylase sirtuin 2
O=c1c2c3c(sc2ncn1Cc1cccc2cccnc12)CC(NCc1ccc(Cl)cc1)CC3,NAD-dependent deacetylase sirtuin 2
CN(c1ccc(Cl)cc1)S(=O)(=O)c1cccc(C(=O)Nc2ccc(O)cn2)c1,NAD-dependent deacetylase sirtuin 2
COC(=O)c1nc(-c2ccc(Br)cc2)no1,NAD-dependent deacetylase sirtuin 2
COc1ccc(CNC2CCc3c(sc4ncn(Cc5ccccc5OC)c(=O)c34)C2)cn1,NAD-dependent deacetylase sirtuin 2
COc1ccccc1/C=C/C(=O)NC(C)(C)C(=O)NCCc1c[nH]c2ccccc12,NAD-dependent deacetylase sirtuin 2
COc1cccc(NC2CCc3c(sc4ncn(Cc5ccc(OC)c6ccccc56)c(=O)c34)C2)c1,NAD-dependent deacetylase sirtuin 2
O=C1CC(CCCO)Oc2c(Br)cc(Cl)cc21,NAD-dependent deacetylase sirtuin 2
C[C@H](NC(=O)/C=C/c1ccccc1)C(=O)NCCc1c[nH]c2ccccc12,NAD-dependent deacetylase sirtuin 2
COc1ccc2ccccc2c1Cn1cnc2sc(CCNCC3CCOC3)c(C)c2c1=O,NAD-dependent deacetylase sirtuin 2
O=c1c2c3c(sc2ncn1Cc1ccc2ccccc2c1)CC(NCCc1ccncc1)CC3,NAD-dependent deacetylase sirtuin 2
CN1CCN(Cc2nc(-c3ccc(Cl)cc3)no2)CC1,NAD-dependent deacetylase sirtuin 2
CC(C)NC(=O)CCCC1CC(=O)c2cc(Cl)cc(Br)c2O1,NAD-dependent deacetylase sirtuin 2
O=c1c2c3c(sc2ncn1Cc1cccc(-c2ccccc2)c1)CC(NCc1ccccc1F)CC3,NAD-dependent deacetylase sirtuin 2
COc1ccc(C(=O)Nc2ccc(C#N)cc2)cc1S(=O)(=O)N(C)c1ccc(C(C)=O)cc1,NAD-dependent deacetylase sirtuin 2
COc1cccc(NC2CCc3c(sc4ncn(Cc5ccc6ccccc6c5)c(=O)c34)C2)c1,NAD-dependent deacetylase sirtuin 2
CC(C)Oc1ccc(C=C2C(=O)NC(=S)NC2=O)cc1,NAD-dependent deacetylase sirtuin 2
O=C(NCc1nccs1)c1cccc(S(=O)(=O)N2CCCCCC2)c1,NAD-dependent deacetylase sirtuin 2
Cc1ccc(N=[N+]=[N-])cc1,NAD-dependent deacetylase sirtuin 2
COc1ccccc1Cn1cnc2sc3c(c2c1=O)CCC(NCc1ccccc1)C3,NAD-dependent deacetylase sirtuin 2
O=c1c2c3c(sc2ncn1Cc1cccc2cccnc12)CC(NCc1ccccc1Cl)CC3,NAD-dependent deacetylase sirtuin 2
CN(c1ccc(Cl)cn1)S(=O)(=O)c1cccc(C(=O)Nc2ccc(S(C)=O)cc2)c1,NAD-dependent deacetylase sirtuin 2
CC(=O)c1ccc(N(C)S(=O)(=O)c2cccc(C(=O)Nc3ccc(C#N)cn3)c2)cc1,NAD-dependent deacetylase sirtuin 2
O=C(O)/C=C/C(=O)Nc1cccc(NC(=O)c2ccccc2O)c1,NAD-dependent deacetylase sirtuin 2
O=c1c2c3c(sc2ncn1Cc1ccccc1)CC(NC1CCc2ccccc21)CC3,NAD-dependent deacetylase sirtuin 2
CC(=O)c1ccc(NC(=O)c2cccc(S(=O)(=O)N(C)c3ccc(C#N)cc3)c2)cc1,NAD-dependent deacetylase sirtuin 2
Oc1ccccc1/C=N/c1ccc(OCCCCOc2ccc(/N=C/c3ccccc3O)cc2)cc1,NAD-dependent deacetylase sirtuin 2
O=C(Nc1ncccn1)c1cccc(-c2ccc3ccccc3c2)c1,NAD-dependent deacetylase sirtuin 2
Cc1cccc(C2CC(=O)Oc3ccc4cc(C)ccc4c32)c1,NAD-dependent deacetylase sirtuin 2
O=C(Nc1nccs1)c1cccc(-c2ccc3ccccc3c2)c1,NAD-dependent deacetylase sirtuin 2
Oc1ccc(CNc2ccc(NCc3ccc(O)cc3)cc2)cc1,NAD-dependent deacetylase sirtuin 2
CC(=O)OCCCc1nc(-c2ccc(Cl)cc2)no1,NAD-dependent deacetylase sirtuin 2
Cc1ccc(NC2CCc3c(sc4ncn(Cc5cccc(-c6ccccc6)c5)c(=O)c34)C2)cc1,NAD-dependent deacetylase sirtuin 2
O=C(Nc1ncc(Cl)s1)c1cccc(S(=O)(=O)Nc2ccc(Br)cc2)c1,NAD-dependent deacetylase sirtuin 2
Cc1cc(C)nc(SCC(=O)Nc2cccc(Cc3ccccc3)c2)n1,NAD-dependent deacetylase sirtuin 2
Cc1ccc2c3c(ccc2c1)OC(=O)CC3c1cccc(C#N)c1,NAD-dependent deacetylase sirtuin 2
Cc1cc(NC(=O)c2cccc(S(=O)(=O)N(C)c3ccc(Cl)cc3)c2)on1,NAD-dependent deacetylase sirtuin 2
COc1ccc(/C=N/c2ccc(/N=C/c3ccc(OC)cc3)cc2)cc1,NAD-dependent deacetylase sirtuin 2
Cc1noc(NC(=O)c2cccc(S(=O)(=O)N(C)c3ccc(Cl)cc3)c2)c1C,NAD-dependent deacetylase sirtuin 2
[N-]=[N+]=Nc1ccc(N)cc1,NAD-dependent deacetylase sirtuin 2
[N-]=[N+]=NCCCCCc1ccccc1,NAD-dependent deacetylase sirtuin 2
Oc1ccc(/C=N/c2ccc(Cc3ccc(/N=C/c4ccc(O)c(O)c4)cc3)cc2)cc1O,NAD-dependent deacetylase sirtuin 2
COc1cccc(Cn2cnc3sc4c(c3c2=O)CCC(NCc2ccccc2)C4)c1,NAD-dependent deacetylase sirtuin 2
COc1cccc(CCN=[N+]=[N-])c1,NAD-dependent deacetylase sirtuin 2
COc1ccccc1CNC1CCc2c(sc3ncn(Cc4cccc5ccccc45)c(=O)c23)C1,NAD-dependent deacetylase sirtuin 2
O=c1c2c3c(sc2ncn1Cc1cccc(-c2ccccc2)c1)CC(NCCN1CCCC1)CC3,NAD-dependent deacetylase sirtuin 2
O=c1c2c3c(sc2ncn1Cc1ccccc1)CC(NCC1CCCO1)CC3,NAD-dependent deacetylase sirtuin 2
Cc1noc(NC(=O)c2cccc(S(=O)(=O)N3CCCCCC3)c2)c1C,NAD-dependent deacetylase sirtuin 2
Cc1cc(C)nc(SCC(=O)Nc2ccc(NCc3ccncc3)cc2)n1,NAD-dependent deacetylase sirtuin 2
[N-]=[N+]=NCCc1cccc(Cl)c1,NAD-dependent deacetylase sirtuin 2
[N-]=[N+]=NCCc1cccc(F)c1,NAD-dependent deacetylase sirtuin 2
O=C1CC(c2cccnc2)c2c(ccc3ccccc23)N1,NAD-dependent deacetylase sirtuin 2
COc1ccccc1CNC1CCc2c(sc3ncn(Cc4cccc5cccnc45)c(=O)c23)C1,NAD-dependent deacetylase sirtuin 2
O=C(Nc1ncc(Br)s1)c1cccc(S(=O)(=O)Nc2ccc(Cl)cc2)c1,NAD-dependent deacetylase sirtuin 2
COCCNC1CCc2c(sc3ncn(Cc4cccc5ccccc45)c(=O)c23)C1,NAD-dependent deacetylase sirtuin 2
Cc1cc(C)nc(SCC(=O)Nc2ccc(C(O)c3ccccc3)cc2)n1,NAD-dependent deacetylase sirtuin 2
O=c1c2c3c(sc2ncn1Cc1cccc(-c2ccccc2)c1)CC(NCc1cccc(Cl)c1)CC3,NAD-dependent deacetylase sirtuin 2
Oc1cccc(/C=N/c2ccc(/N=C/c3cccc(O)c3)cc2)c1,NAD-dependent deacetylase sirtuin 2
O=C1NC(=S)NC(=O)C1=Cc1ccc(OCc2cccc3ccccc23)cc1,NAD-dependent deacetylase sirtuin 2
Cc1ccc(S(=O)(=O)n2cc(CCC3CC(=O)c4cc(Cl)cc(Br)c4O3)c3ccccc32)cc1,NAD-dependent deacetylase sirtuin 2
CN(CCO)c1ccc(C(=O)c2ccc(N(C)CCO)cc2)cc1,NAD-dependent deacetylase sirtuin 2
CC(=O)c1ccc(-c2ccc(C=C3C(=O)NC(=S)NC3=O)o2)cc1,NAD-dependent deacetylase sirtuin 2
Cc1cc(C)nc(SCC(=O)Nc2ccc(Cc3ccccc3)cc2)n1,NAD-dependent deacetylase sirtuin 2
COc1cccc(Cn2cnc3sc4c(c3c2=O)CCC(NCc2ccccn2)C4)c1,NAD-dependent deacetylase sirtuin 2
CC(C)(NC(=O)CCc1ccc(O)cc1)C(=O)NCCc1c[nH]c2ccccc12,NAD-dependent deacetylase sirtuin 2
Cc1ccc(NC2CCc3c(sc4ncn(Cc5cccc6cccnc56)c(=O)c34)C2)cc1,NAD-dependent deacetylase sirtuin 2
O=C(Nc1nccs1)c1cccc(S(=O)(=O)Nc2ccc(Br)cc2)c1,NAD-dependent deacetylase sirtuin 2
O=C(Nc1cccc(Br)c1)c1ccc(O)c(S(=O)(=O)N2CCCCCC2)c1,NAD-dependent deacetylase sirtuin 2
CS(=O)(=O)c1ccc(NC(=O)c2cccc(S(=O)(=O)Cc3ccc(Cl)cc3)c2)cc1,NAD-dependent deacetylase sirtuin 2
COc1ccc2ccccc2c1Cn1cnc2sc3c(c2c1=O)CCC(NC1CCc2ccccc21)C3,NAD-dependent deacetylase sirtuin 2
O=c1c2c3c(sc2ncn1Cc1cccc2ccccc12)CC(Nc1ccc2c(c1)OCO2)CC3,NAD-dependent deacetylase sirtuin 2
COc1ccc(C(=O)Nc2ccc(S(C)=O)cc2)cc1S(=O)(=O)N(C)c1ccc(C#N)cc1,NAD-dependent deacetylase sirtuin 2
COc1ccc2ccccc2c1Cn1cnc2sc3c(c2c1=O)CCC(Nc1cccc(C)c1)C3,NAD-dependent deacetylase sirtuin 2
O=c1c2c3c(sc2ncn1Cc1ccc2ccccc2c1)CC(NCCC1CCCCC1)CC3,NAD-dependent deacetylase sirtuin 2
O=c1c2c3c(sc2ncn1Cc1cccc2ccccc12)CC(NCc1cccs1)CC3,NAD-dependent deacetylase sirtuin 2
Oc1cccc(CNc2ccc(NCc3cccc(O)c3)cc2)c1,NAD-dependent deacetylase sirtuin 2
COc1ccc(NC(=O)c2cccc(S(=O)(=O)N(C)c3ccc(Cl)cc3)c2)nn1,NAD-dependent deacetylase sirtuin 2
COc1ccccc1CCNC1CCc2c(sc3ncn(Cc4cccc5ccccc45)c(=O)c23)C1,NAD-dependent deacetylase sirtuin 2
COc1cccc(/C=N/c2ccc(/N=C/c3cccc(OC)c3)c3ccccc23)c1,NAD-dependent deacetylase sirtuin 2
O=c1c2c3c(sc2ncn1Cc1ccc2ccccc2c1)CC(NCc1ccccc1F)CC3,NAD-dependent deacetylase sirtuin 2
COc1cccc(C(=O)Nc2cccc(-c3ccc4ccccc4c3)c2)c1,NAD-dependent deacetylase sirtuin 2
COc1ccc(Cn2cnc3sc4c(c3c2=O)CCC(NCc2ccccc2Cl)C4)c2ccccc12,NAD-dependent deacetylase sirtuin 2
O=c1c2c3c(sc2ncn1Cc1ccccc1)CC(NCc1ccco1)CC3,NAD-dependent deacetylase sirtuin 2
Cc1ccc([C@H]2CC(=O)Oc3ccc4cc(C)ccc4c32)cc1,NAD-dependent deacetylase sirtuin 2
COc1ccc2ccccc2c1Cn1cnc2sc3c(c2c1=O)CCC(NCc1ccco1)C3,NAD-dependent deacetylase sirtuin 2
COc1ccc2ccccc2c1Cn1cnc2sc3c(c2c1=O)CCC(NC1CCCc2ccccc21)C3,NAD-dependent deacetylase sirtuin 2
Cc1ccc(C2CC(=O)Oc3ccc4cc(Br)ccc4c32)cc1,NAD-dependent deacetylase sirtuin 2
O=c1c2c3c(sc2ncn1Cc1cccc2ccccc12)CC(NCCC1CCCCC1)CC3,NAD-dependent deacetylase sirtuin 2
N#Cc1ccc(NC(=O)c2cccc(S(=O)(=O)Nc3ccc(Cl)cn3)c2)cc1,NAD-dependent deacetylase sirtuin 2
O=c1c2c3c(sc2ncn1Cc1ccccc1)CC(NCc1ccccn1)CC3,NAD-dependent deacetylase sirtuin 2
[N-]=[N+]=NCCC1CCCC1,NAD-dependent deacetylase sirtuin 2
O=c1c2c3c(sc2ncn1Cc1cccc(-c2ccccc2)c1)CC(NC1CCc2ccccc21)CC3,NAD-dependent deacetylase sirtuin 2
CN(c1ccc(Cl)cc1)S(=O)(=O)c1cccc(C(=O)Nc2ccc(S(=O)(=O)C(F)(F)F)cc2)c1,NAD-dependent deacetylase sirtuin 2
Cc1cc(C)nc(SCC(=O)Nc2cccc(OCc3ccccc3)c2)n1,NAD-dependent deacetylase sirtuin 2
CN(c1ccc(Cl)cc1)S(=O)(=O)c1cccc(C(=O)NCc2ccccn2)c1,NAD-dependent deacetylase sirtuin 2
Cc1cc(C)nc(S(=O)(=O)CC(=O)Nc2ccc(Oc3ccccc3)cc2)n1,NAD-dependent deacetylase sirtuin 2
COc1cccc(Cn2cnc3sc4c(c3c2=O)CCC(NCCc2ccncc2)C4)c1,NAD-dependent deacetylase sirtuin 2
[N-]=[N+]=NCCc1ccccc1F,NAD-dependent deacetylase sirtuin 2
Cc1noc(CCC2CC(=O)c3cc(Cl)cc(Br)c3O2)n1,NAD-dependent deacetylase sirtuin 2
O=c1c2c3c(sc2ncn1Cc1cccc2cccnc12)CC(NCc1cccc(Cl)c1)CC3,NAD-dependent deacetylase sirtuin 2
Cc1ccc2c3c(ccc2c1)OC(=O)CC3c1ccccc1,NAD-dependent deacetylase sirtuin 2
CN(c1ccc(Cl)cc1)S(=O)(=O)c1cccc(C(=O)Nc2ccc(S(N)(=O)=O)cc2)c1,NAD-dependent deacetylase sirtuin 2
Oc1ccc(/C=N/c2ccc(/N=C/c3ccc(O)cc3)c3ccccc23)cc1,NAD-dependent deacetylase sirtuin 2
Cc1ccc(C2CC(=O)Oc3ccc4cc(C)ccc4c32)cc1,NAD-dependent deacetylase sirtuin 2
CC(=O)Nc1ccc(NC(=O)c2cccc(S(=O)(=O)N(C)c3ccc(C#N)cc3)c2)cc1,NAD-dependent deacetylase sirtuin 2
O=C1CC(CCCN2CCOCC2)Oc2c(Br)cc(Cl)cc21,NAD-dependent deacetylase sirtuin 2
COc1ccc(CNC2CCc3c(sc4ncn(Cc5cccc6cccnc56)c(=O)c34)C2)cn1,NAD-dependent deacetylase sirtuin 2
COc1ccc(NC(=O)c2cccc(S(=O)(=O)N(C)c3ccc(Cl)cc3)c2)nc1,NAD-dependent deacetylase sirtuin 2
[N-]=[N+]=NCc1cccc(-c2ccccc2)c1,NAD-dependent deacetylase sirtuin 2
COc1cccc(NC(=O)c2cccc(-c3ccc4ccccc4c3)c2)c1,NAD-dependent deacetylase sirtuin 2
O=C(O)CCCCOc1ccc2oc3ccccc3c(=O)c2c1,NAD-dependent deacetylase sirtuin 2
Cc1cc(C)nc(SCC(=O)Nc2cccc(C(O)c3ccccc3)c2)n1,NAD-dependent deacetylase sirtuin 2
[N-]=[N+]=NCCN1CCOCC1,NAD-dependent deacetylase sirtuin 2
Cc1cccc(NC2CCc3c(sc4ncn(Cc5cccc6ccccc56)c(=O)c34)C2)c1,NAD-dependent deacetylase sirtuin 2
[N-]=[N+]=NCc1ccc(-c2ccccc2)cc1,NAD-dependent deacetylase sirtuin 2
O=C1CC(c2ccccc2)c2c(ccc3cc(-c4cccnc4)ccc23)O1,NAD-dependent deacetylase sirtuin 2
Cc1cc(C)nc(SCC(=O)Nc2cccc(COc3ccc(NS(=O)(=O)C4CC4)cc3)c2)n1,NAD-dependent deacetylase sirtuin 2
O=C(Nc1ncc(Cl)s1)c1cccc(S(=O)(=O)N2CCCCCC2)c1,NAD-dependent deacetylase sirtuin 2
COc1ccccc1CNC1CCc2c(sc3ncn(Cc4ccccc4OC)c(=O)c23)C1,NAD-dependent deacetylase sirtuin 2
O=c1c2c3c(sc2ncn1Cc1ccc2ccccc2c1)CC(NCC1CCCCC1)CC3,NAD-dependent deacetylase sirtuin 2
CN(c1ccc(S(C)(=O)=O)cc1)S(=O)(=O)c1cccc(C(=O)Nc2ccc(C#N)cn2)c1,NAD-dependent deacetylase sirtuin 2
COc1ccc2ccccc2c1Cn1cnc2sc(CCNCc3ccncc3)c(C)c2c1=O,NAD-dependent deacetylase sirtuin 2
CCCCCC1CC(O)c2cc(Cl)cc(Br)c2O1,NAD-dependent deacetylase sirtuin 2
CN(c1ccc(C#N)cc1)S(=O)(=O)c1cccc(C(=O)Nc2ccc(Cl)cc2)c1,NAD-dependent deacetylase sirtuin 2
Cc1cc(C)nc(SCC(=O)Nc2cccc(COc3ccc4ccccc4c3)c2)n1,NAD-dependent deacetylase sirtuin 2
O=C(NCCc1c[nH]c2ccccc12)[C@@H]1CCCN1C(=O)/C=C/c1ccccc1,NAD-dependent deacetylase sirtuin 2
Cc1ccc2c3c(ccc2c1)OC(=O)CC3c1ccc(C)c(F)c1,NAD-dependent deacetylase sirtuin 2
N#Cc1ccc(CNC2CCc3c(sc4ncn(Cc5cccc(-c6ccccc6)c5)c(=O)c34)C2)cc1,NAD-dependent deacetylase sirtuin 2
O=c1c2c3c(sc2ncn1Cc1ccc2ccccc2c1)CC(NCCN1CCCC1)CC3,NAD-dependent deacetylase sirtuin 2
O=c1c2c3c(sc2ncn1Cc1cccc2cccnc12)CC(NCCN1CCOCC1)CC3,NAD-dependent deacetylase sirtuin 2
Cc1cccc(NC2CCc3c(sc4ncn(Cc5cccc(-c6ccccc6)c5)c(=O)c34)C2)c1,NAD-dependent deacetylase sirtuin 2
COc1ccc(CNC2CCc3c(sc4ncn(Cc5ccc6ccccc6c5)c(=O)c34)C2)cn1,NAD-dependent deacetylase sirtuin 2
COc1cccc(CNC2CCc3c(sc4ncn(Cc5ccc6ccccc6c5)c(=O)c34)C2)c1,NAD-dependent deacetylase sirtuin 2
Cc1ccc(C2CC(=O)Oc3ccc4cc(Br)ccc4c32)cc1Cl,NAD-dependent deacetylase sirtuin 2
COc1ccccc1CCNC1CCc2c(sc3ncn(Cc4cccc(-c5ccccc5)c4)c(=O)c23)C1,NAD-dependent deacetylase sirtuin 2
CN(c1ccc(Cl)cc1)S(=O)(=O)c1cccc(C(=O)Nc2ccc(N)nc2)c1,NAD-dependent deacetylase sirtuin 2
NC(=O)c1cncc(OCc2cccc(NC(=O)c3ccc([N+](=O)[O-])cc3)c2)c1,NAD-dependent deacetylase sirtuin 2
COc1ccc2[nH]cc(CCNC(=O)CNC(=O)/C=C/c3ccccc3)c2c1,NAD-dependent deacetylase sirtuin 2
COC(=O)c1ccc(-c2ccc(C=C3C(=O)NC(=S)NC3=O)o2)cc1,NAD-dependent deacetylase sirtuin 2
CC(=O)NCCNC1CCc2c(sc3ncn(Cc4cccc5cccnc45)c(=O)c23)C1,NAD-dependent deacetylase sirtuin 2
Cc1cc(C)nc(SCC(=O)Nc2ccc(CNc3ccccc3)cc2)n1,NAD-dependent deacetylase sirtuin 2
O=C1CC(c2ccc(Cl)cc2)c2c(ccc3cc(Br)ccc23)O1,NAD-dependent deacetylase sirtuin 2
O=c1c2c3c(sc2ncn1Cc1ccc2ccccc2c1)CC(NCc1ccccn1)CC3,NAD-dependent deacetylase sirtuin 2
N#Cc1ccc2c3c(ccc2c1)OC(=O)CC3c1ccccc1,NAD-dependent deacetylase sirtuin 2
[N-]=[N+]=NCSc1ccccc1,NAD-dependent deacetylase sirtuin 2
COc1ccc(C[S+]([O-])c2cccc(C(=O)Nc3ccc(C#N)cc3)c2)cc1,NAD-dependent deacetylase sirtuin 2
O=C(Nc1nccs1)c1cccc(S(=O)(=O)Nc2ccc(Cl)cc2)c1,NAD-dependent deacetylase sirtuin 2
[N-]=[N+]=NCCc1ccccc1,NAD-dependent deacetylase sirtuin 2
O=c1c2c3c(sc2ncn1Cc1cccc2ccccc12)CC(NCCc1ccncc1)CC3,NAD-dependent deacetylase sirtuin 2
Cc1ccc(NC2CCc3c(sc4ncn(Cc5ccc6ccccc6c5)c(=O)c34)C2)cc1,NAD-dependent deacetylase sirtuin 2
COc1ccc(N=[N+]=[N-])cc1,NAD-dependent deacetylase sirtuin 2
O=C1NC(=S)NC(=O)C1=Cc1cn(-c2ccccc2)nc1-c1ccc(Cl)cc1,NAD-dependent deacetylase sirtuin 2
O=C(Nc1cccc(-c2ccc3ccccc3c2)c1)c1cccc(Br)c1,NAD-dependent deacetylase sirtuin 2
CC(O)c1ccc(N(C)S(=O)(=O)c2cccc(C(=O)Nc3ccc(Cl)cn3)c2)cc1,NAD-dependent deacetylase sirtuin 2
O=C(Nc1cccnn1)c1cccc(-c2ccc3ccccc3c2)c1,NAD-dependent deacetylase sirtuin 2
COc1ccc(N(C)S(=O)(=O)c2cccc(C(=O)Nc3ccc(S(C)(=O)=O)cc3)c2)cc1,NAD-dependent deacetylase sirtuin 2
Cc1cccc(C(=O)Nc2cccc(NC(=O)c3ccccc3Br)c2)c1,NAD-dependent deacetylase sirtuin 2
O=C1CC(c2ccccc2)c2c(ccc3cc(I)ccc23)O1,NAD-dependent deacetylase sirtuin 2
O=C1CC(CCc2ccccn2)Oc2c(Br)cc(Cl)cc21,NAD-dependent deacetylase sirtuin 2
CN(c1ccc(Cl)cc1)S(=O)(=O)c1cccc(C(=O)Nc2ncc(C#N)cn2)c1,NAD-dependent deacetylase sirtuin 2
BrCCCc1nc(-c2cccc(Br)c2)no1,NAD-dependent deacetylase sirtuin 2
CC(=O)NCCNC1CCc2c(sc3ncn(Cc4ccc5ccccc5c4)c(=O)c23)C1,NAD-dependent deacetylase sirtuin 2
[N-]=[N+]=NCCc1ccc2ccccc2c1,NAD-dependent deacetylase sirtuin 2
NC(=O)c1ccc2c3c(ccc2c1)OC(=O)CC3c1ccccc1,NAD-dependent deacetylase sirtuin 2
O=c1c2c3c(sc2ncn1Cc1cccc2cccnc12)CC(NCc1ccncc1)CC3,NAD-dependent deacetylase sirtuin 2
Cc1nn(C)c(C)c1CNC1CCc2c(sc3ncn(Cc4ccccc4)c(=O)c23)C1,NAD-dependent deacetylase sirtuin 2
O=c1c2c3c(sc2ncn1Cc1cccc2ccccc12)CC(NCc1ccccc1F)CC3,NAD-dependent deacetylase sirtuin 2
O=c1c2c3c(sc2ncn1Cc1cccc2ccccc12)CC(NCc1cccc(F)c1)CC3,NAD-dependent deacetylase sirtuin 2
