smiles,targetname
[H][C@@]12[C@@H](NC(=O)OC(C)(C)C)CO[C@]1([H])OC[C@@H]2OC(=O)N[C@@H](Cc1ccccc1)[C@H](O)CN(CC(C)C)S(=O)(=O)c1ccc(OC)cc1,Protease
CC(C)CN(C[C@@H](O)[C@H](Cc1ccccc1)NC(=O)[C@@H]1CN(c2ccc(F)cc2)C(=O)O1)S(=O)(=O)c1ccc2ncsc2c1,Protease
COC(=O)N[C@H](C(=O)NN(CC[C@@](O)(Cc1ccccc1)C(=O)N[C@H]1c2ccccc2C[C@H]1O)Cc1ccc(-c2c(C)noc2C)cc1)C(C)(C)C,Protease
COc1ccc(S(=O)(=O)N(CC(C)C)C[C@@H](O)[C@H](Cc2cccc(-c3cc(C)cc(C)c3)c2)NC(=O)OC(C)(C)C)cc1,Protease
[H][C@@]12CN(Cc3ccccc3)C(=O)[C@@]([H])(O1)[C@@H](C(=O)N1CCN(CCO)CC1)O2,Protease
COC(=O)N[C@H](C(=O)NN(CC[C@@]1(Cc2ccccc2)C(=O)N([C@H]2c3ccccc3C[C@H]2O)C[C@H]1O)Cc1ccc(-c2ccccn2)cc1)C(C)(C)C,Protease
O=C1OC(COc2cccc3ccccc23)(c2ccccc2)CC(O)=C1Sc1ccccc1,Protease
[H][C@@]12O[C@@H](C(=O)N[C@@H](C)CO)[C@@]([H])(O1)C(=O)N(Cc1ccccc1)[C@@H]2Cc1ccccc1,Protease
[H][C@]1([C@@H](C)[C@@]2([H])CC[C@@]3(C)C4=C(CC[C@@]32C)[C@](CCC(=O)OC)(COC(C)=O)[C@]([H])(C(C)(C)O)CC4)CC=C(C)C(=O)O1,Protease
[H][C@@]12CC(C)(C)CC[C@]1(C(=O)OCc1ccccc1)CC[C@]1(C)C2=CC[C@@]2([H])[C@@]1(C)CC[C@@]1([H])C(C)(C)[C@@H](O)[C@H](OC(=O)CCC(=O)O)C[C@@]12C,Protease
CC(=O)NC(C(=O)N[C@@H](Cc1ccccc1)CC(O)[C@H](Cc1ccccc1)NC(=O)[C@@H]1CN(c2ccc(F)c(F)c2)C(=O)O1)C(C)C,Protease
Cc1cccc(C)c1OCC(=O)N[C@@H](Cc1ccccc1)C[C@H](O)[C@H](Cc1ccccc1)NC(=O)[C@@H]1CN(c2ccccc2)C(=O)O1,Protease
[H][C@@]12[C@@H](OCCOC)CO[C@]1([H])OC[C@@H]2OC(=O)N[C@@H](Cc1ccccc1)[C@H](O)CN(CC(C)C)S(=O)(=O)c1ccc(N)cc1,Protease
CCOC(=O)N[C@H](Cc1ccccc1)[C@@H](O)CN1C[C@H](C)Cc2ccccc2S1(=O)=O,Protease
COC(=O)N[C@H](C(=O)Nc1ccccc1CC[C@@H]1CN[C@H](COC(=O)NCc2ccccc2F)CO1)C(c1ccccc1)c1ccccc1,Protease
CC[C@H](C)[C@H](N)C(=O)N[C@@H](C)C(=O)N[C@@H](CCC(=O)O)C(=O)NC12NC(=O)C3(O)C4C5CC(C6C5C3C61)C42,Protease
[H][C@@]1([C@H](O)[C@@H](O)[C@H](Cc2ccccc2)NC(=O)[C@@H](NC(=O)[C@H](Cc2c[nH]c3ccccc23)NC(C)=O)C(C)C)CCCCN1C(=O)[C@@H](NC(=O)[C@H](Cc1c[nH]c2ccccc12)NC(C)=O)C(C)C,Protease
CCC(=O)N[C@H](C(=O)N[C@H](C(=O)N[C@@H](Cc1ccccc1)[C@H](O)C(=O)N1CSC(C)(C)[C@H]1C(=O)NCC1CC1)C(C)(C)C)c1ccccc1,Protease
[H][C@@]12CC(C)(C)CC[C@]1(C(=O)OCc1ccccc1)CC[C@]1(C)C2=CC[C@@]2([H])[C@@]1(C)CC[C@@]1([H])C(C)(C)[C@@H](OC(=O)CCCCC)[C@H](OC(=O)CCCCC)C[C@@]12C,Protease
Cc1cccc(Cl)c1CNC(=O)[C@H]1N(C(=O)[C@@H](O)[C@H](Cc2ccccc2)NC(=O)c2cccc(O)c2C)CSC1(C)C,Protease
COc1cccc(C[C@H](NC(=O)c2cccc(N)c2Cl)[C@H](O)C(=O)N2CSC(C)(C)[C@H]2C(=O)NCc2c(C)cccc2C)c1,Protease
CC(C)[C@H](NC(=O)[C@@H](O)Cc1ccccc1)C(=O)N[C@@H](Cc1ccccc1)[C@@H](O)[C@H](O)[C@H](Cc1ccccc1)NC(=O)[C@@H](NC(=O)[C@@H](O)Cc1ccccc1)C(C)C,Protease
CCCC(=O)N[C@H](C(=O)N[C@H](C(=O)N[C@@H](Cc1ccccc1)[C@H](O)C(=O)N1CSC(C)(C)[C@H]1C(=O)NCC(C)(C)C)C(C)(C)C)c1ccccc1,Protease
[H][C@@](NC(=O)[C@H](Cc1cnc[nH]1)NC(=O)[C@H](C)NC(=O)[C@H](CO)NC(=O)[C@H](CCCNC(=N)N)NC(=O)[C@@H](NC(C)=O)C(C)C)(C(=O)O)[C@@H](C)CC,Protease
CCCCCCCCCCNC(=O)CN1C(=O)[C@@H](CC(C)C)N=C(C)c2ccc(C(=O)OC(C)(C)C)cc21,Protease
O=C1Nc2ccccc2/C1=C/c1ccc2cc[nH]c2c1,Protease
Nc1cccc(CN2C(=O)NC(Cc3ccccc3)C(O)C2CCc2ccccc2)c1,Protease
N[C@H](C(=O)Nc1cncc(F)c1CC[C@@H]1CN[C@H](COC(=O)NCC(F)(F)F)CO1)C(c1ccccc1)c1ccccc1,Protease
COC(=O)c1cccc(-c2ccc(C[C@H](NC(=O)O[C@H]3CCOC3)[C@H](O)CN(CC(C)C)S(=O)(=O)c3ccc(OC)cc3)cc2)c1,Protease
[H][C@@]12[C@H](C(=C)C)CC[C@]1(C=O)CC[C@]1(C)[C@@]2([H])CC[C@]2([H])[C@@]3(C)CCC(=O)C(C)(C)[C@]3([H])CC[C@@]12C,Protease
CCCCCN(C[C@@H](O)[C@H](Cc1ccccc1)NC(=O)O[C@H](C)CCC(C)=O)S(=O)(=O)c1ccc(OC)cc1,Protease
CCCC(C)C(=O)N[C@H](C(=O)N[C@H](C(=O)N[C@@H](Cc1ccccc1)[C@H](O)C(=O)N1CSC(C)(C)[C@H]1C(=O)NCC(C)C)C(C)(C)C)c1ccccc1,Protease
C=C(C)CNC(=O)[C@H]1N(C(=O)[C@@H](O)[C@H](Cc2ccccc2)NC(=O)c2cccc(O)c2C)CSC1(C)C,Protease
Cc1c(O)cccc1C(=O)N[C@@H](Cc1ccccc1)[C@H](O)C(=O)N1CSC(C)(C)[C@H]1C(=O)NCc1c(F)cccc1Cl,Protease
COc1ccc(N(CC(=O)N[C@@H](Cc2ccccc2)[C@@H](O)CN(CC(C)C)S(=O)(=O)c2ccc(OC)cc2)CC(=O)N(C)C)cc1,Protease
CC(C)CN(C[C@@H](O)[C@H](Cc1ccccc1)NC(=O)[C@@H]1CN(c2ccc(F)c(F)c2)C(=O)O1)S(=O)(=O)c1ccc(CO)cc1,Protease
[H][C@@]12CCO[C@]1([H])OC[C@@H]2OC(=O)N[C@@H](Cc1ccc(C(=O)OC)cc1)[C@H](O)CN(CC(C)C)S(=O)(=O)c1ccc(OC)cc1,Protease
CNC(=O)[C@H](Cc1ccccc1)NC(=O)[C@@](O)(CCCN(Cc1ccc(Br)cc1)NC(=O)[C@@H](NC(=O)OC)C(C)(C)C)Cc1ccccc1,Protease
CC[C@@H](C)[C@H](NC(=O)[C@H](CSCCOCCOCCSC[C@H](NC(=O)CCCCC1CCCCC1)C(=O)N[C@@H](Cc1ccccc1)C(=O)O)NC(=O)CCCCC1CCCCC1)C(=O)N[C@@H](Cc1ccccc1)C(N)=O,Protease
[H][C@]1([C@H](C)[C@@H](C/C=C(/C)C(=O)O)OC(C)=O)CC[C@@]2(C)C3=C(CC[C@@]21C)[C@](CCC(=O)OC)(COC(C)=O)[C@]([H])(C(C)(C)O)CC3,Protease
O=C(CC1(O)C2C3CC4C5C3C1C5C(O)(CC(=O)N[C@@H](Cc1ccccc1)C(=O)O)C42)N[C@@H](Cc1ccccc1)C(=O)O,Protease
COC(=O)N[C@H](C(=O)N[C@@H](C)CCC[C@@H](CO)N(CCC(C)C)S(=O)(=O)c1ccc(N)cc1)C(c1ccccc1)c1ccccc1,Protease
CC(C)CNC(=O)[C@H]1N(C(=O)[C@@H](O)[C@H](Cc2ccccc2)NC(=O)[C@@H](NC(=O)[C@@H](N)c2ccccc2)C(C)(C)C)CSC1(C)C,Protease
COc1ccc(NC(C)=O)cc1C(=O)NNC(=O)[C@@H](NC(=O)CCCOc1ccc2ccc(OCCCC(=O)N[C@H](C(=O)NNC(=O)c3cc(NC(C)=O)ccc3OC)C(C)C)cc2c1)C(C)C,Protease
COc1ccc(S(=O)(=O)N(CC(C)C)C[C@@H](O)[C@H](Cc2ccc(-c3ccsc3)cc2)NC(=O)O[C@H]2CCOC2)cc1,Protease
CC(C)(C)S(=O)(=O)C[C@@H](Cc1cccc2ccccc12)C(=O)N[C@@H](CCC(=O)O)C(=O)N[C@@H](Cc1ccccc1)[C@@H](O)[C@H](O)[C@H](Cc1ccccc1)NC(=O)[C@H](CCC(=O)O)NC(=O)[C@H](Cc1cccc2ccccc12)CS(=O)(=O)C(C)(C)C,Protease
O=C(N[C@@H](Cc1ccccc1)[C@@H](O)CN(Cc1ccc(-c2ccccn2)cc1)NC(=O)[C@@H]1CN(c2ccccc2)C(=O)O1)[C@@H]1CN(c2ccccc2)C(=O)O1,Protease
[H][C@@]1([C@H](O)[C@@H](O)[C@H](Cc2ccccc2)NC(=O)COc2c(C)cccc2C)CCCN1C(=O)[C@@H](NC(=O)[C@H](Cc1c[nH]c2ccccc12)NC(C)=O)C(C)C,Protease
CC(C)(C)CNC(=O)[C@H]1N(C(=O)[C@@H](O)[C@H](Cc2ccccc2)NC(=O)[C@@H](NC(=O)[C@@H](NC(=O)[C@@H](N)CN)c2ccccc2)C(C)(C)C)CSC1(C)C,Protease
[H][C@@](NC(=O)CNC(=O)[C@]1([H])CCCN1C(=O)[C@@H](NC(=O)[C@H](C)NC(=O)[C@H](Cc1ccc(O)cc1)NC(C)=O)[C@H](C)O)(C(=O)O)[C@H](C)O,Protease
[H][C@@]12CCO[C@]1([H])OC[C@]2([H])OC(=O)N[C@@H](Cc1ccccc1)[C@H](O)CN(CCCCC=C)S(=O)(=O)c1ccc(OC)cc1OCCCC=C,Protease
[H][C@]12OCC[C@@H](OC(=O)N[C@@H](Cc3ccccc3)[C@H](O)CN(CC(C)C)S(=O)(=O)c3ccc(OC)cc3)[C@@]1([H])CCO2,Protease
CC1=N[C@H](CC(C)C)C(=O)N(Cc2ccc(C(C)(C)C)cc2)c2cc(C(=O)OC(C)(C)C)ccc21,Protease
[H][C@@]12[C@@H](NC)CO[C@]1([H])OC[C@@H]2OC(=O)N[C@@H](Cc1ccccc1)[C@H](O)CN(CC(C)C)S(=O)(=O)c1ccc(OC)cc1,Protease
CC(C)[C@H](NC(=O)CCS(=O)(=O)C(C)(C)C)C(=O)N[C@@H](Cc1ccccc1)[C@@H](O)[C@H](O)[C@H](Cc1ccccc1)NC(=O)[C@@H](NC(=O)CCS(=O)(=O)C(C)(C)C)C(C)C,Protease
CC1=NCC(=O)N(Cc2ccc(C3CCCCC3)cc2)c2cc(C(=O)O)ccc21,Protease
NC(=O)c1cccc(CN2C(=O)N(Cc3cccc(C(N)=O)c3)C(Cc3ccc(F)c(F)c3)C(O)C2CCc2ccc(F)c(F)c2)c1,Protease
Cc1cccc(C)c1N(CC(=O)N[C@@H](Cc1ccccc1)[C@H](O)CN(CC(C)C)S(=O)(=O)c1ccc([N+](=O)[O-])cc1)CC(=O)N(C)C,Protease
Cc1cccc(C)c1CNC(=O)[C@@H]1CCCCN1C(=O)[C@@H](O)C[C@@H](Cc1ccccc1)C(=O)N[C@H]1c2ccccc2OC[C@H]1O,Protease
[H][C@]12CC(C)(C)CC[C@]1(C(=O)N[C@H](C(=O)OC)C(C)C)CC[C@]1(C)C2=CC[C@@]2([H])[C@@]1(C)CC[C@@]1([H])C(C)(C)C(=O)CC[C@@]12C,Protease
[H][C@]12OC[C@@H](O[N+](=O)[O-])[C@@]1([H])OC[C@@H]2OC(=O)N[C@@H](Cc1ccccc1)[C@H](O)CN(CC(C)C)S(=O)(=O)c1ccc(OC)cc1,Protease
CC(C)[C@@H](c1cn([C@@H](Cc2ccccc2)c2cn([C@@H](Cc3ccccc3)c3cn([C@H](c4cn([C@H](C)c5ccccc5)nn4)C(C)C)nn3)nn2)nn1)n1cc(CCc2ccccc2)nn1,Protease
Cc1cccc(C)c1CNC(=O)[C@@H]1CCN1C(=O)[C@@H](O)C[C@@H](Cc1ccccc1)C(=O)N[C@H]1c2ccccc2OC[C@H]1O,Protease
CC1=N[C@H](CC(C)C)C(=O)N(CC(=O)NCCc2ccccc2)c2cc(C(=O)OC(C)(C)C)ccc21,Protease
[H][C@@]12CC(C)(C)CC[C@]1(C(=O)O)CC[C@]1(C)C2=CC[C@@]2([H])[C@@]1(C)CC[C@@]1([H])C(C)(C)[C@@H](OC(=O)CC(C)(C)CC(=O)O)CC[C@@]12C,Protease
CC(C)(C)NC(=O)[C@@H]1CN(Cc2cccnc2)CCN1C[C@H](O)[C@@H](F)[C@@H](Cc1ccccc1)C(=O)N[C@H]1c2ccccc2C[C@H]1O,Protease
CC1=N[C@@H](C)C(=O)Nc2cc(C(=O)OC(C)(C)C)ccc21,Protease
[H][C@@]12CCO[C@]1([H])OC[C@]2([H])OC(=O)N[C@@H](Cc1ccccc1)[C@H](O)CN1CCCC/C=CCCCOc2cc(OC)ccc2S1(=O)=O,Protease
[H][C@@](NC(=O)[C@H](OCc1ccccc1)[C@H](O)[C@@H](O)[C@@H](OCc1ccccc1)C(=O)N[C@H]1c2ccccc2C[C@H]1O)(C(=O)NC)[C@@H](C)COC,Protease
COC(=O)N[C@H](C(=O)N[C@@H](CCC[C@@H](CO)N(CCC(C)C)S(=O)(=O)c1ccc(N)cc1)C(C)C)C(c1ccccc1)c1ccccc1,Protease
[H][C@@]12[C@@H](OC)CO[C@]1([H])OC[C@@H]2OC(=O)N[C@@H](Cc1ccccc1)[C@H](O)CN(CC(C)C)S(=O)(=O)c1ccc(OC)cc1,Protease
[H][C@@]12CC(C)(C)CC[C@]1(C(=O)O)CC[C@]1(C)C2=CC[C@@]2([H])[C@@]1(C)CC[C@@]1([H])C(C)(C)[C@@H](OC(=O)CCC(=O)O)[C@H](OC(=O)CCC(=O)O)C[C@@]12C,Protease
Cc1c(O)cccc1N(CC(=O)N[C@@H](Cc1ccccc1)[C@@H](O)CN(CC(C)C)S(=O)(=O)c1ccc(CO)cc1)CC(=O)N1CCOCC1,Protease
COc1cccc(C[C@H](NC(=O)c2cccc(N)c2Cl)[C@H](O)C(=O)N2CSC(C)(C)[C@H]2C(=O)NCc2ccccc2C)c1,Protease
[H][C@@]12CCO[C@]1([H])OC[C@]2([H])OC(=O)N[C@@H](Cc1ccccc1)[C@H](O)CN1C[C@H](C)CC/C=C/CCCOc2cc(OC)ccc2S1(=O)=O,Protease
[H][C@]12OC([C@H](CC(=O)N[C@@H](C)C(=O)N[C@H](C(=O)O)C(C)C)NCc3ccccc3)[C@H](O)[C@@]1([H])OC(C)(C)O2,Protease
CC1=NCC(=O)N(Cc2ccc(C3CCCCC3)cc2)c2cc(C(=O)OC(C)(C)C)ccc21,Protease
N#Cc1cc(CN2C(=O)N(Cc3ccccc3)C(CCc3ccccc3)C(O)C2Cc2ccccc2)ccc1F,Protease
[H][C@@]1([C@H](CCC=C(C)C)C(=O)O)CC[C@]2(C)C3=CC[C@@]4([H])[C@@](C)(CO)[C@@H](O)CC[C@]4(C)[C@@]3([H])CC[C@]21C,Protease
O=C(CC1(O)C2C3CC4C5C3C1C5C(O)(CC(=O)N[C@H](C(=O)O)c1ccccc1)C42)N[C@H](C(=O)O)c1ccccc1,Protease
C=CCNC(=O)[C@@H](NC(=O)[C@@](O)(CCCN(Cc1ccc(Br)cc1)NC(=O)[C@@H](NC(=O)OC)C(C)(C)C)Cc1ccc(C=C)cc1)C(C)C,Protease
Cc1c(O)cccc1N(CC(=O)N[C@@H](Cc1ccccc1)[C@H](O)CN(CC(C)C)S(=O)(=O)c1ccc([N+](=O)[O-])cc1)CC(=O)N1CCOCC1,Protease
CC1=N[C@H](CC(C)C)C(=O)Nc2cc(C(=O)OC(C)(C)C)ccc21,Protease
COC(=O)N[C@H](C(=O)Nc1ccccc1CC[C@@H]1CN[C@H](COC(=O)NCc2ccc(F)cc2)CO1)C(c1ccccc1)c1ccccc1,Protease
COc1ccc(S(=O)(=O)N(CC(C)C)C[C@@H](O)[C@H](Cc2ccccc2)NC(=O)[C@@H]2CN(c3ccccc3C(F)(F)F)C(=O)O2)cc1,Protease
CC(C)(C)S(=O)(=O)C[C@@H](Cc1cccc2ccccc12)C(=O)N[C@H](C(=O)N[C@@H](Cc1ccccc1)[C@@H](O)[C@H](O)[C@H](Cc1ccccc1)NC(=O)[C@@H](NC(=O)[C@H](Cc1cccc2ccccc12)CS(=O)(=O)C(C)(C)C)C1CCCCC1)C1CCCCC1,Protease
C[C@@H]1Cc2cc(C(F)(F)F)ccc2S(=O)(=O)N(C[C@H](O)[C@@H](Cc2ccccc2)NC(=O)OC(C)(C)C)C1,Protease
[H][C@@]12CC[C@]3(C)[C@]([H])(C(=O)C[C@]4([H])[C@@]5([H])C[C@@](C)(C(=O)O)CC[C@]5(C)CC[C@]43C)[C@@]1(C)C=C(O)C(=O)C2(C)C,Protease
[H][C@@]1([C@H](CCC=C(C)C)C(=O)O)CC[C@]2(C)C3=CC[C@@]4([H])[C@@](C)(COC(C)=O)C(=O)CC[C@]4(C)[C@@]3([H])CC[C@]21C,Protease
CC(C)CN(C[C@@H](O)[C@H](Cc1ccccc1)NC(=O)[C@@H]1CN(c2cccc(S(C)(=O)=O)c2)C(=O)O1)S(=O)(=O)c1ccc2ncsc2c1,Protease
COC(=O)N[C@H](C(=O)NN(CCC[C@@](O)(Cc1ccccc1)C(=O)N[C@H]1c2ccccc2C[C@H]1O)Cc1ccc(I)cc1)C(C)(C)C,Protease
Cc1c(O)cccc1N(CC(=O)N[C@@H](Cc1ccccc1)[C@H](O)CN(CC(C)C)S(=O)(=O)c1ccc(CO)cc1)CC(=O)N1CCOCC1,Protease
CC(C)[C@H](NC(=O)[C@H](Cc1ccccc1)NC(=O)OC(C)(C)C)C(=O)NCC(=O)OCc1ccccc1,Protease
C=CCNC(=O)[C@@H](NC(=O)[C@](O)(CCCN(Cc1ccc(Br)cc1)NC(=O)[C@@H](NC(=O)OC)C(C)(C)C)Cc1ccc(C=C)cc1)C(C)C,Protease
COC(=O)N[C@H](C(=O)NN(CCC[C@@](O)(Cc1ccccc1)C(=O)N[C@H]1c2ccccc2C[C@H]1O)Cc1ccc(OCc2cnc(Cl)s2)cc1)C(C)(C)C,Protease
[H][C@]12CC(C)(C)CC[C@]1(C(=O)N[C@H](C(=O)OC)C(C)C)CC[C@]1(C)C2=CC[C@@]2([H])[C@@]1(C)CC[C@@]1([H])C(C)(C)[C@@H](O)CC[C@@]12C,Protease
COc1ccc(S(=O)(=O)N(CC(C)C)C[C@@H](O)[C@H](Cc2ccccc2)NC(=O)c2cc(C(=O)N(C)C3CCCCC3)cc(N(C)C(=O)OC(C)(C)C)c2)cc1,Protease
CC(=O)NC(C(=O)N[C@@H](Cc1ccccc1)CC(O)[C@H](Cc1ccccc1)NC(=O)[C@@H]1CN(c2cccc(C(F)(F)F)c2)C(=O)O1)C(C)C,Protease
CCCNC(=O)c1cc(NC)cc(C(=O)N[C@@H](Cc2ccccc2)[C@H](O)CN(CC(C)C)S(=O)(=O)c2ccc(OC)cc2)c1,Protease
CC(C)(C)OC(=O)N[C@@H](Cc1ccccc1)[C@@H](O)CC(C/C=C/c1ccccc1)C(=O)N[C@H](C(=O)NC[C@H]1OC(O)[C@H](O)[C@H]1O)C1CCCCC1,Protease
C[C@H]1Cc2ccc(C(F)(F)F)cc2S(=O)(=O)N(C[C@@H](O)[C@H](Cc2ccccc2)NC(=O)OC(C)(C)C)C1,Protease
[H][C@@]1(O[C@@H]2[C@@H](C(=O)O)O[C@@]([H])(O[C@H]3CC[C@@]4(C)[C@@]([H])(CC[C@@]5(C)[C@]6(C)C[C@@H](O)[C@@]7(COC(C)=O)[C@@H](O)[C@H](OC(=O)/C(C)=CC)C(C)(C)C[C@@]7([H])C6=CC[C@@]54[H])[C@@]3(C)CO)[C@H](O[C@]3([H])O[C@H](CO)[C@@H](O)[C@H](O)[C@H]3O)[C@H]2O)O[C@H](CO)[C@@H](O)[C@H](O)[C@H]1O,Protease
CNC(=O)[C@@H](NC(=O)[C@@](O)(CCN(Cc1cccnc1)NC(=O)[C@@H](NC(=O)OC)C(C)(C)C)Cc1ccccc1)C(C)(C)C,Protease
[H][C@]12OC(=O)[C@@H](C)[C@]1([H])CC[C@](C)(O)[C@@]1([H])C2=C(C)[C@]2([H])[C@]34[C@@]5([H])OC(=O)[C@@H](C)[C@]5([H])CC[C@]5(C)O[C@@]3(C)[C@@H](O)[C@@]([H])([C@@]54[H])[C@]12[H],Protease
CCCCCC(=O)N[C@@H](CSCCOCCOCCSC[C@H](NC(=O)CCCCC)C(=O)N[C@@H](CC(C)C)C(=O)N[C@@H](Cc1ccccc1)C(N)=O)C(=O)N[C@@H](Cc1ccccc1)C(=O)O,Protease
CC(=O)N[C@H](C(=O)N[C@H](C(=O)N[C@@H](Cc1ccccc1)[C@H](O)C(=O)N1CSC(C)(C)[C@H]1C(=O)NCC(C)(C)C)C(C)(C)C)c1ccccc1,Protease
CC(C)(C)CNC(=O)[C@H]1N(C(=O)[C@@H](O)[C@H](Cc2ccccc2)NC(=O)[C@@H](NC(=O)[C@@H](NC(=O)C2CC2)c2ccccc2)C(C)(C)C)CSC1(C)C,Protease
COc1ccc(S(=O)(=O)N(CC(C)C)C[C@@H](O)[C@H](Cc2ccc(-c3cccc(O)c3)cc2)NC(=O)O[C@H]2CCOC2)cc1,Protease
CC(=O)NNC(=O)NNC(=O)[C@@H](NC(=O)CCCOc1ccc2ccc(OCCCC(=O)N[C@H](C(=O)NNC(=O)NNC(C)=O)C(C)C)cc2c1)C(C)C,Protease
CCC[C@@H](CCC[C@@H](CO)N(CCC(C)C)S(=O)(=O)c1ccc(N)cc1)NC(=O)[C@@H](NC(=O)OC)C(c1ccccc1)c1ccccc1,Protease
CC(C)(C)S(=O)(=O)C[C@@H](Cc1cccc2ccccc12)C(=O)N[C@@H](CC(N)=O)C(=O)N[C@@H](Cc1ccccc1)[C@@H](O)[C@H](O)[C@H](Cc1ccccc1)NC(=O)[C@H](CC(N)=O)NC(=O)[C@H](Cc1cccc2ccccc12)CS(=O)(=O)C(C)(C)C,Protease
CC(C)[C@H](NC(=O)CCS(=O)(=O)c1ccncc1)C(=O)N[C@@H](Cc1ccccc1)[C@@H](O)[C@H](O)[C@H](Cc1ccccc1)NC(=O)[C@@H](NC(=O)CCS(=O)(=O)c1ccncc1)C(C)C,Protease
CC(C)CN(C[C@@H](O)[C@H](Cc1ccccc1)NC(=O)[C@@H]1CN(c2ccccc2O)C(=O)O1)S(=O)(=O)c1ccc2c(c1)OCO2,Protease
COC(=O)N[C@H](C(=O)NN(Cc1ccc(Br)cc1)C(=O)CC[C@@](O)(Cc1ccccc1)C(=O)N[C@H]1c2ccccc2C[C@H]1O)C(C)(C)C,Protease
[H][C@@]12CC(C)(C)CC[C@]1(C(=O)O)CC[C@]1(C)C2=CC[C@@]2([H])[C@@]1(C)CC[C@@]1([H])C(C)(C)[C@@H](O)[C@H](OC(=O)CCCC(=O)O)C[C@@]12C,Protease
COC(=O)N[C@H](C(=O)NN(CCC[C@@](O)(Cc1ccccc1)C(=O)N[C@H]1c2ccccc2C[C@H]1O)Cc1ccc(N2CCOCC2)cc1)C(C)(C)C,Protease
CC(C)CC(=O)N[C@H](C(=O)N[C@H](C(=O)N[C@@H](Cc1ccccc1)[C@H](O)C(=O)N1CSC(C)(C)[C@H]1C(=O)NCC1CC1)C(C)(C)C)c1ccccc1,Protease
COc1ccc(N(CC(=O)N[C@@H](Cc2ccccc2)[C@@H](O)CN(CC(C)C)S(=O)(=O)c2ccc(N)cc2)CC(=O)N2CCOCC2)cc1,Protease
CCCNC(=O)[C@H]1N(C(=O)[C@@H](O)[C@H](Cc2ccccc2)NC(=O)c2cccc(O)c2C)CSC1(C)C,Protease
Cc1cccc(C)c1CNC(=O)[C@H]1N(C(=O)[C@@H](O)C[C@@H](Cc2ccccc2)C(=O)N[C@H]2c3ccccc3OC[C@H]2O)COC1(C)C,Protease
[H][C@@]12CC(C)(C)CC[C@]1(C(=O)O)CC[C@]1(C)C2=CC[C@@]2([H])[C@@]1(C)CC[C@@]1([H])C(C)(C)[C@@H](OC(=O)c3ccccc3C(=O)O)[C@H](OC(=O)c3ccccc3C(=O)O)C[C@@]12C,Protease
NC(=O)c1cccc(CN2C(=O)N(Cc3cccc(C(N)=O)c3)C(Cc3ccc(F)cc3)C(O)C2CCc2ccc(F)cc2)c1,Protease
CC(C)CNC(=O)[C@H]1N(C(=O)[C@@H](O)[C@H](Cc2ccccc2)NC(=O)[C@@H](NC(=O)[C@@H](NC(=O)C(C)C)c2ccccc2)C(C)(C)C)CSC1(C)C,Protease
[H][C@@]12[C@@H](C)[C@H](C)CC[C@]1(C(=O)O)CC[C@]1(C)[C@]2([H])CC[C@]2([H])[C@@]3(C)C=C(O)C(=O)C(C)(C)[C@]3([H])CC[C@]21C,Protease
COc1ccc(S(=O)(=O)N(CC(C)C)C[C@@H](O)[C@H](Cc2ccccc2)NC(=O)c2cccc(C(=O)N(C)Cc3oc(C)nc3C)c2)cc1,Protease
[H][C@@]12CCO[C@]1([H])OC[C@@H]2OC(=O)N[C@@H](Cc1ccc(CCP(=O)(OCC)OCC)cc1)[C@H](O)CN(CC(C)C)S(=O)(=O)c1ccc(OC)cc1,Protease
CC(=O)N[C@H](CS(=O)(=O)c1ccc(Cl)cc1)C(=O)N[C@@H](Cc1ccccc1)[C@H](O)C(=O)N1CSC(C)(C)[C@H]1C(=O)NCc1ccccc1C,Protease
[H][C@@]12O[C@@H](C(=O)N3CCCCC3)[C@@]([H])(O1)C(=O)N(Cc1ccccc1)[C@@H]2Cc1ccccc1,Protease
COc1ccc(N(CC(=O)N[C@@H](Cc2ccccc2)[C@H](O)CN(CC(C)C)S(=O)(=O)c2ccc(N)cc2)CC(=O)N(C)C)cc1,Protease
CNC(=O)[C@H](NC(=O)[C@@H](Cc1ccccc1)C[S+](=N)([O-])C[C@H](Cc1ccccc1)C(=O)N[C@@H](C(=O)NC)C(C)C)C(C)C,Protease
CC1=N[C@H](CC(C)C)C(=O)N(CC(=O)N2CCN(C(=O)OCC3c4ccccc4-c4ccccc43)CC2)c2cc(C(=O)OC(C)(C)C)ccc21,Protease
CC(C)[C@H](NC(=O)N(C)Cc1ccccn1)C(=O)N[C@@H](Cc1ccccc1)[C@H](O)[C@@H](O)[C@H](CC1CCCCC1)NC(=O)[C@@H](NC(=O)N(C)Cc1ccccn1)C(C)C,Protease
CC1=N[C@@H](CC(C)C)C(=O)N(Cc2ccc(C3CCCCC3)cc2)c2cc(C(=O)O)ccc21,Protease
CNC(=O)[C@@H](NC(=O)[C@H](OCc1ccccc1)[C@H](O)[C@@H](O)[C@@H](OCc1ccccc1)C(=O)N[C@H]1c2ccccc2C[C@H]1O)C(C)C,Protease
CNC(=O)[C@@H](NC(=O)[C@@](O)(CCCN(Cc1ccc(-c2ccccn2)cc1)NC(=O)[C@@H](NC(=O)OC)C(C)(C)C)Cc1ccccc1)C(C)(C)C,Protease
Cc1cc(N)cc(C)c1OCC(=O)N[C@@H](Cc1ccccc1)[C@H](O)C(=O)N1CSC(C)(C)[C@H]1C(=O)N[C@H]1CCc2ccccc21,Protease
CCCCCN(C[C@@H](O)[C@H](Cc1ccccc1)NC(=O)O[C@H](C)CC(=O)OC)S(=O)(=O)c1ccc(OC)cc1,Protease
COc1ccc(S(=O)(=O)N(CC(C)C)C[C@@H](O)[C@H](Cc2ccccc2)NC(=O)[C@@H]2CCC[C@]3(CCCO3)C2)cc1,Protease
COc1ccc(CSC[C@@H](NC(C)=O)C(=O)N[C@@H](Cc2ccccc2)[C@H](O)C(=O)N2CSC(C)(C)[C@H]2C(=O)NCc2ccccc2C)cc1,Protease
[H][C@]12CN([C@@H](CCCC)C(=O)OC)C(=O)[C@]([H])(O1)[C@H](C(=O)N1CCCCC1)O2,Protease
COc1ccc(N(CC(=O)N[C@@H](Cc2ccccc2)[C@H](O)CN(CC(C)C)S(=O)(=O)c2ccc([N+](=O)[O-])cc2)CC(=O)N2CCOCC2)cc1,Protease
[H][C@@]12CCO[C@]1([H])OC[C@@H]2OC(=O)N[C@@H](Cc1cccc(-c2cccc(OC)c2)c1)[C@H](O)CN(CC(C)C)S(=O)(=O)c1ccc(OC)cc1,Protease
CC(=O)N[C@H](C(=O)N[C@H](C(=O)N[C@@H](Cc1ccccc1)[C@H](O)C(=O)N1CSC(C)(C)[C@H]1C(=O)NC(C)C(C)C)C(C)(C)C)c1ccccc1,Protease
[H][C@@]12CCO[C@]1([H])OC[C@]2([H])OC(=O)N[C@@H](Cc1ccccc1)[C@H](O)CN(CCCCC=C)S(=O)(=O)c1ccc(OC)cc1OCC=C,Protease
CCCCCCC(=O)N[C@@H](CSCCOCCOCCSC[C@H](NC(=O)CCCCCC)C(=O)N[C@@H](CC(C)C)C(=O)N[C@@H](Cc1ccccc1)C(N)=O)C(=O)N[C@@H](Cc1ccccc1)C(=O)O,Protease
CCCCCCNC(=O)CN1C(=O)[C@@H](CC(C)C)N=C(C)c2ccc(C(=O)O)cc21,Protease
CC(C)CNC(=O)[C@H]1N(C(=O)[C@@H](O)[C@H](Cc2ccccc2)NC(=O)[C@@H](NC(=O)[C@@H](NC(=O)c2ccccc2)c2ccccc2)C(C)(C)C)CSC1(C)C,Protease
CC(C)CN(C[C@@H](O)[C@H](Cc1ccccc1)NC(=O)[C@@H]1CN(c2cccc(C(F)(F)F)c2)C(=O)O1)S(=O)(=O)c1ccc2ncsc2c1,Protease
[H][C@@]12C[C@H](OC(=O)N[C@@H](Cc3ccccc3)[C@H](O)CN(CC(C)C)S(=O)(=O)c3ccc(OC)cc3)C[C@]1([H])[C@@H](OC(=O)N(C)C)CO2,Protease
O=C(N[C@@H](Cc1ccccc1)C(O)C[C@H](Cc1ccccc1)NC(=O)[C@@H]1CN(c2cccc(C(F)(F)F)c2)C(=O)O1)OCc1ccccn1,Protease
O=C(Cc1ccc2c(c1)OCO2)N[C@H](CC[C@H](Cc1ccccc1)NC(=O)[C@@H]1CN(c2ccccc2)C(=O)O1)Cc1ccccc1,Protease
CC(C)(C)NC(=O)[C@@H]1CN(Cc2cccnc2)CCN1C[C@@H](O)[C@H](F)[C@@H](Cc1ccccc1)C(=O)N[C@H]1c2ccccc2C[C@H]1O,Protease
COC[C@H]1C[C@H](O)CN1C(=O)c1cccc(C(=O)N[C@@H](Cc2ccccc2)[C@H](O)CN(CC(C)C)S(=O)(=O)c2ccc(OC)cc2)c1,Protease
CNc1cccc(CN2C(=O)N(Cc3cccc(NC)c3)C(Cc3ccccc3)C(O)C2CCc2ccccc2)c1,Protease
N=C(N)NCCC[C@H](NC(=O)C(N)CCNC(=O)[C@H](CC1CCCCC1)NC(=O)[C@@H](N)CCc1ccccc1)C(=O)N[C@@H](CCc1ccccc1)C(=O)N[C@@H](CC1CCCCC1)C(=O)O,Protease
CC(=O)NC(C(=O)N[C@@H](Cc1ccccc1)CC(O)[C@H](Cc1ccccc1)NC(=O)[C@@H]1CN(c2cccc(C(C)=O)c2)C(=O)O1)C(C)C,Protease
Cc1c(O)cccc1N(CC(=O)N[C@@H](Cc1ccccc1)[C@H](O)CN(CC(C)C)S(=O)(=O)c1ccc(CO)cc1)CC(=O)N(C)C,Protease
N[C@H](C(=O)Nc1cccc(F)c1CC[C@@H]1CN[C@H](COC(=O)NCC(F)(F)F)CO1)[C@@H](c1ccc(F)cc1)c1cc(F)cc(F)c1,Protease
[H][C@]12CC(C)(C)CC[C@]1(C(=O)O)CC[C@]1(C)C2=CC[C@@]2([H])[C@@]1(C)CC[C@@]1([H])C(C)(C)C(=O)CC[C@@]12C,Protease
CC[C@H](C)CN(C[C@@H](O)[C@H](Cc1ccccc1)NC(=O)OCCN1CCOC1=O)S(=O)(=O)c1ccc2ncsc2c1,Protease
COC(=O)N[C@H](C(=O)NN(CC[C@@](O)(Cc1ccccc1)C(=O)N[C@H]1c2ccccc2C[C@H]1O)Cc1ccc(-c2cc(F)cc(F)c2)cc1)C(C)(C)C,Protease
CCC(=O)N[C@H](C(=O)N[C@H](C(=O)N[C@@H](Cc1ccccc1)[C@H](O)C(=O)N1CSC(C)(C)[C@H]1C(=O)NCC(C)C)C(C)(C)C)c1ccccc1,Protease
[H][C@]12OC[C@@H](O)[C@@]1([H])OC[C@@H]2OC(=O)N[C@@H](Cc1ccccc1)[C@H](O)CN(CC(C)C)S(=O)(=O)c1ccc(OC)cc1,Protease
CCCCCN(C[C@@H](O)[C@H](Cc1ccccc1)NC(=O)O[C@H](C)CC(=O)OC)S(=O)(=O)c1ccc2ncsc2c1,Protease
Cc1n[nH]c2ccc(CN3C(=O)N(Cc4ccc5[nH]nc(C)c5c4)C(Cc4ccccc4)C(O)C3CCc3ccccc3)cc12,Protease
CC1=N[C@@H](Cc2ccccc2)C(=O)Nc2cc(C(=O)OC(C)(C)C)ccc21,Protease
[H][C@@]12CCO[C@]1([H])OC[C@@H]2OC(=O)N[C@@H](Cc1cccc(-c2cc(C)cc(C)c2)c1)[C@H](O)CN(CC(C)C)S(=O)(=O)c1ccc(OC)cc1,Protease
COC(=O)N[C@H](C(=O)NN(CC[C@]1(Cc2ccccc2)C(=O)N([C@H]2c3ccccc3C[C@H]2O)C[C@H]1O)Cc1ccc(Br)cc1)C(C)(C)C,Protease
CC(C)[C@H](N)C(=O)N[C@]1(Cc2ccccc2)CC[N+]2(CCC[C@H]2C(=O)NC(=O)[C@@H](NC(C)(C)C)C(C)C)C1[O-],Protease
[H][C@@]1(O[C@@H]2[C@@H](C(=O)O)O[C@@]([H])(O[C@H]3CC[C@@]4(C)[C@@]([H])(CC[C@@]5(C)[C@]6(C)C[C@@H](O)[C@@]7(COC(=O)/C(C)=CC)[C@@H](O)[C@H](O)C(C)(C)C[C@@]7([H])C6=CC[C@@]54[H])[C@@]3(C)CO)[C@H](O[C@]3([H])O[C@H](CO)[C@@H](O)[C@H](O)[C@H]3O)[C@H]2O)O[C@H](CO)[C@@H](O)[C@H](O)[C@H]1O,Protease
O=C(N[C@@H]1c2ccccc2C[C@@H]1O)[C@@H](Cc1ccccc1)C[S+]([O-])C[C@H](Cc1ccccc1)C(=O)N[C@@H]1c2ccccc2C[C@@H]1O,Protease
CCCN(CCC)C(=O)c1cccc(C(=O)N[C@@H](Cc2ccccc2)[C@H](O)CN2C[C@H]3CCCC[C@H]3C[C@H]2C(=O)NC(C)(C)C)c1,Protease
N/C(=N/O)c1cc(CN2C(=O)NC(CCc3ccccc3)C(O)C2Cc2ccccc2)ccc1F,Protease
CCN[C@H](C(=O)N[C@H](C(=O)N[C@@H](Cc1ccccc1)[C@H](O)C(=O)N1CSC(C)(C)[C@H]1C(=O)NCC(C)(C)C)C(C)(C)C)c1ccccc1,Protease
COc1ccc(NC(C)=O)cc1C(=O)NNC(=O)[C@H](CCCCNC(=O)CCCOc1ccc2ccc(OCCCC(=O)NCCCC[C@H](NC(=O)OC(C)(C)C)C(=O)NNC(=O)c3cc(NC(C)=O)ccc3OC)cc2c1)NC(=O)OC(C)(C)C,Protease
[H][C@@]12CN([C@@H](CCCC)C(=O)OC)C(=O)[C@@]([H])(O1)[C@@H](C(=O)N1CCCCC1)O2,Protease
O=C(N[C@@H](Cc1ccccc1)[C@@H](O)C[C@H](Cc1ccccc1)NC(=O)[C@H]1CN(c2ccccc2)C(=O)O1)O[C@@H]1CCOC1,Protease
COc1ccc(S(=O)(=O)N(CC(C)C)C[C@@H](O)[C@H](Cc2ccccc2)NC(=O)[C@@H]2CN(c3cccc(OC(F)(F)F)c3)C(=O)O2)cc1,Protease
CCCCCN(C[C@@H](O)[C@H](Cc1ccccc1)NC(=O)O[C@H](C)CCC(C)=O)S(=O)(=O)c1ccc2ncsc2c1,Protease
CC(=O)c1ccc(N2C[C@@H](C(=O)N[C@@H](Cc3ccccc3)[C@@H](O)C[C@H](Cc3ccccc3)NC(=O)COc3c(C)cccc3C)OC2=O)cc1,Protease
CC(=O)Nc1cccc(N2C[C@@H](C(=O)N[C@@H](Cc3ccccc3)[C@H](O)CN(CC(C)C)S(=O)(=O)c3ccc4c(c3)OCO4)OC2=O)c1,Protease
CCCCCN(C[C@@H](O)[C@H](Cc1ccccc1)NC(=O)OCCNC(=O)C(F)(F)F)S(=O)(=O)c1ccc2ncsc2c1,Protease
CC(C)C(=O)N[C@H](C(=O)N[C@H](C(=O)N[C@@H](Cc1ccccc1)[C@H](O)C(=O)N1CSC(C)(C)[C@H]1C(=O)NCC1CC1)C(C)(C)C)c1ccccc1,Protease
CC[C@H](C)CN(C[C@@H](O)[C@H](Cc1ccccc1)NC(=O)O[C@H](C)CC(=O)OC)S(=O)(=O)c1ccc2ncsc2c1,Protease
N[C@H](C(=O)Nc1cncc(F)c1CC[C@@H]1CN[C@H](COC(=O)NCC(F)(F)F)CO1)[C@@H](c1ccc(Cl)cc1)c1cc(F)cc(F)c1,Protease
[H][C@@]12CCCC[C@]1([H])CN(C[C@@H](O)[C@H](Cc1cc(-c3ccccc3)cs1)NC(=O)c1cccc(O)c1C)[C@H](C(=O)NC(C)(C)C)C2,Protease
CC(C)CN(C[C@@H](O)[C@H](Cc1ccccc1)NC(=O)[C@@H]1CN(c2ccc(F)cc2F)C(=O)O1)S(=O)(=O)c1ccc(N)cc1,Protease
COC(=O)N[C@H](C(=O)NN(CC[C@@](O)(Cc1ccccc1)C(=O)N[C@H]1c2ccccc2C[C@H]1O)Cc1ccc(-c2ccncc2)cc1)C(C)(C)C,Protease
[H][C@@]12OCC[C@]1([H])[C@@]1([H])[C@@H](OC(=O)N[C@@H](Cc3ccccc3)[C@H](O)CN(CC(C)C)S(=O)(=O)c3ccc(OC)cc3)CCC[C@@]1([H])O2,Protease
CCCNC(=O)c1cc(N)cc(C(=O)N[C@@H](Cc2ccccc2)[C@H](O)CN(CC(C)C)S(=O)(=O)c2ccc(OC)cc2)c1,Protease
[H][C@@]12c3c(O)cc(O)cc3O[C@@](c3cc(O)c(O)c(O)c3)(Oc3cc(O)c4c(c31)O[C@H](c1ccc(O)c(O)c1)[C@H](O)C4)[C@@H]2O,Protease
CCCC(=O)NC(C(=O)N[C@H](C(=O)N[C@@H](Cc1ccccc1)[C@H](O)C(=O)N1CSC(C)(C)[C@H]1C(=O)NCC(C)(C)C)C(C)(C)C)c1cc(F)c(F)c(F)c1,Protease
CCCCC[C@H](NC(=O)[C@@H](NC(=O)[C@H](Cc1cccc2ccccc12)CS(=O)(=O)C(C)(C)C)C(C)C)[C@@H](O)[C@H](O)[C@@H](CCCCC)NC(=O)[C@H](NC(=O)[C@H](Cc1cccc2ccccc12)CS(=O)(=O)C(C)(C)C)C(C)C,Protease
CC(C)CNC(=O)[C@H]1N(C(=O)[C@@H](O)[C@H](Cc2ccccc2)NC(=O)[C@@H](NC(=O)[C@@H](NC(=O)CC(C)C)c2ccccc2)C(C)(C)C)CSC1(C)C,Protease
O=C1OC(COc2cccc3ccccc23)(c2ccccc2)CC(O)=C1SCc1ccccc1,Protease
Cl.O=S(=O)(c1ccccc1)N(Cc1ccc(Br)cc1)[C@H]1CNC[C@@H]1N(Cc1ccc(Br)cc1)S(=O)(=O)c1ccccc1,Protease
CC1=N[C@H](CC(C)C)C(=O)N(CC(=O)OC(C)(C)C)c2cc(C(=O)OC(C)(C)C)ccc21,Protease
Cc1nsc(C)c1CNC(=O)[C@H]1N(C(=O)[C@@H](O)C[C@@H](Cc2ccccc2)C(=O)N[C@H]2c3ccccc3OC[C@H]2O)COC12CCCC2,Protease
COCCNC(=O)[C@@H](NC(=O)[C@@](O)(CCN(Cc1ccc(Br)cc1)NC(=O)[C@@H](NC(=O)OC)C(C)(C)C)Cc1ccccc1)C(C)C,Protease
CNC(=O)[C@@H](NC(=O)[C@@](O)(CCCN(Cc1ccc(C#Cc2ccccn2)cc1)NC(=O)[C@@H](NC(=O)OC)C(C)(C)C)Cc1ccccc1)C(C)(C)C,Protease
CC1=N[C@H](CC(C)C)C(=O)N(CC(=O)NCCc2ccccc2)c2cc(C(=O)O)ccc21,Protease
O=C(O)CCCC(=O)O.[H][C@@]12CC[C@]3(C)[C@]([H])(CC[C@]4([H])[C@@]5([H])[C@H](C(=C)C)CC[C@]5(C(=O)O)CC[C@]43C)[C@@]1(C)CC[C@H](O)C2(C)C,Protease
CC(C)(C)S(=O)(=O)C[C@@H](Cc1cccc2ccccc12)C(=O)N[C@H](C(=O)N[C@@H](Cc1ccccc1)[C@@H](O)[C@H](O)[C@H](Cc1ccccc1)NC(=O)[C@@H](NC(=O)[C@H](Cc1cccc2ccccc12)CS(=O)(=O)C(C)(C)C)C1CCCC1)C1CCCC1,Protease
[H][C@]1([C@@]2(C)CCCC(C)(C)O2)CC[C@]2(C)[C@]1([H])[C@H](O)C[C@]1([H])[C@@]3(C)C[C@](O)(C(=O)OC)C(C)(C)[C@]3([H])C(=O)C[C@]12C,Protease
CCCCCCC(=O)N[C@@H](CSCCOCCOCCSC[C@H](NC(=O)CCCCCC)C(=O)N[C@H](C(=O)N[C@@H](Cc1ccccc1)C(N)=O)[C@H](C)CC)C(=O)N[C@@H](Cc1ccccc1)C(=O)O,Protease
COC(=O)Nc1cccc(N2C[C@@H](C(=O)N[C@@H](Cc3ccccc3)[C@H](O)CN(CC(C)C)S(=O)(=O)c3ccc(OC)cc3)OC2=O)c1,Protease
[H][C@@]12CC(C)(C)CC[C@]1(C(=O)OCc1ccccc1)CC[C@]1(C)C2=CC[C@@]2([H])[C@@]1(C)CC[C@@]1([H])C(C)(C)[C@@H](O)[C@H](OC(=O)CCC)C[C@@]12C,Protease
[H][C@@]12CCCC[C@]1([H])CN(C[C@@H](O)[C@H](Cc1cccs1)NC(=O)[C@H](CC(N)=O)NC(=O)c1ccc3ccccc3n1)[C@H](C(=O)NC(C)(C)C)C2,Protease
COc1ccc(NC(C)=O)cc1C(=O)NNC(=O)[C@H](CCCCNC(=O)CCCOc1ccc2cc(NC(=O)CN3CCNCC3)c(OCCCC(=O)NCCCC[C@H](NC(=O)OC(C)(C)C)C(=O)NNC(=O)c3cc(NC(C)=O)ccc3OC)cc2c1)NC(=O)OC(C)(C)C,Protease
[H][C@]12OC(=O)[C@@H](C)[C@]1([H])CC[C@](C)(O)[C@@]1([H])C2=C(C)[C@@]2([H])[C@]1([H])[C@@]1([H])C[C@]3(C)O[C@@]4(C)CC[C@@]5([H])[C@H](C)C(=O)O[C@]5([H])[C@]32[C@]41[H],Protease
O=C1N(Cc2ccc3[nH]ncc3c2)C(CCc2ccccc2)C(O)C(Cc2ccccc2)N1Cc1ccc2[nH]ncc2c1,Protease
C=CCNC(=O)[C@@H](NC(=O)[C@](O)(CCCN(Cc1ccc(Br)cc1)NC(=O)[C@@H](NC(=O)OC)C(C)(C)C)Cc1ccc(C=C)cc1)C(C)(C)C,Protease
CCC(C)CC(=O)N[C@H](C(=O)N[C@H](C(=O)N[C@@H](Cc1ccccc1)[C@H](O)C(=O)N1CSC(C)(C)[C@H]1C(=O)NCC(C)C)C(C)(C)C)c1ccccc1,Protease
COc1ccc(S(=O)(=O)N(CC(C)C)C[C@@H](O)[C@H](Cc2ccccc2)NC(=O)c2cc(OC)cc(C(=O)N(C)C3CCCCC3)c2)cc1,Protease
COC(=O)N[C@H](C(=O)Nc1ccccc1CC[C@@H]1CN[C@H](COC(=O)NCC(F)(F)F)CO1)C(c1ccccc1)c1ccccc1,Protease
[H][C@@]12CCO[C@]1([H])O[C@@]1([H])CS(=O)(=O)C[C@@H](OC(=O)N[C@@H](Cc3ccccc3)[C@H](O)CN(CC(C)C)S(=O)(=O)c3ccc(OC)cc3)[C@@]21[H],Protease
[H][C@]1(OC(=O)N[C@@H](Cc2ccccc2)[C@H](O)CN(CC(C)C)S(=O)(=O)c2ccc(OC)cc2)CC[C@@]2([H])OCO[C@@]12[H],Protease
Cc1cc(N)cc(C)c1OCC(=O)N[C@@H](Cc1ccccc1)[C@H](O)C(=O)N1CSC(C)(C)[C@H]1C(=O)NC1CCCC1,Protease
COc1ccc(S(=O)(=O)N(CC(C)C)[C@@H](O)[C@H](Cc2ccccc2)n2cc(COC(=O)N[C@H]3Cc4ccccc4[C@H]3O)nn2)cc1,Protease
CC(C)[C@@H](C(=O)N[C@@H](Cc1ccccc1)C[C@H](O)[C@H](Cc1ccccc1)NC(=O)[C@@H]1CN(c2ccccc2)C(=O)O1)N1CCCNC1=O,Protease
CC(C)(C)NC(=O)[C@@H]1CN(Cc2cccnc2)CCN1C[C@@H](O)[C@@H](F)[C@@H](Cc1ccccc1)C(=O)N[C@H]1c2ccccc2C[C@H]1O,Protease
C=CCNC(=O)[C@@H](NC(=O)[C@@](O)(CCCN(Cc1ccc(Br)cc1)NC(=O)[C@@H](NC(=O)OC)C(C)(C)C)Cc1ccc(C=C)cc1)C(C)(C)C,Protease
Cl.NC(=O)c1ccc(S(=O)(=O)N(Cc2ccccc2)[C@H]2CNC[C@@H]2N(Cc2ccccc2)S(=O)(=O)c2ccc(C(N)=O)cc2)cc1,Protease
CC(C)C(C)NC(=O)[C@H]1N(C(=O)[C@@H](O)[C@H](Cc2ccccc2)NC(=O)[C@@H](NC(=O)[C@@H](N)c2ccccc2)C(C)(C)C)CSC1(C)C,Protease
[H][C@@]12CCC[C@H](OC(=O)N[C@@H](Cc3ccccc3)[C@H](O)CN(CC(C)C)S(=O)(=O)c3ccc(OC)cc3)[C@]1([H])CCC2,Protease
COc1ccc(S(=O)(=O)N(CC(C)C)C[C@@H](O)[C@H](Cc2cccc(-c3ccc4c(c3)OCO4)c2)NC(=O)OC(C)(C)C)cc1,Protease
Cc1ccc(CS(=O)(=O)C[C@@H](NS(C)(=O)=O)C(=O)N[C@@H](Cc2ccccc2)[C@H](O)C(=O)N2CSC(C)(C)[C@H]2C(=O)NCc2ccccc2C)cc1,Protease
CC(=O)N[C@H](C(=O)N[C@@H](Cc1ccccc1)C[C@H](O)[C@H](Cc1ccccc1)NC(=O)[C@@H]1CN(c2ccc(F)c(F)c2)C(=O)O1)C(C)C,Protease
COc1ccc(S(=O)(=O)N(CC(C)C)C[C@@H](O)[C@H](Cc2ccc(-c3ccc(OC(F)(F)F)cc3)cc2)NC(=O)O[C@H]2CCOC2)cc1,Protease
[H][C@]12CN([C@@H](CC(C)C)C(=O)O)C(=O)[C@]([H])(O1)[C@H](C(=O)N1CCCCC1)O2,Protease
CCCN(CCC)C(=O)c1cccc(C(=O)N[C@@H](Cc2ccccc2)[C@H](O)CN(CC(C)C)S(=O)(=O)c2ccc(OC)cc2)c1,Protease
CC[C@H](C)CN(C[C@@H](O)[C@H](Cc1ccccc1)NC(=O)OC[C@@H](C)C(=O)OC)S(=O)(=O)c1ccc2ncsc2c1,Protease
[H][C@]1([C@@]2(C)CCCC(C)(C)O2)CC[C@]2(C)[C@]1([H])[C@H](O)C[C@]1([H])[C@@]3(C)C=C(O)C(=O)C(C)(C)[C@]3([H])CC[C@]12C,Protease
C=CCN([C@H]1CNC[C@@H]1N(CC=C)S(=O)(=O)c1ccccc1)S(=O)(=O)c1ccccc1.Cl,Protease
O=C1N(Cc2cccc(O)c2)C(Cc2ccccc2)C(O)C(C(F)Cc2ccccc2)N1Cc1cccc(O)c1,Protease
Cc1ccccc1S(=O)(=O)N(Cc1ccccc1)[C@H]1CNC[C@@H]1N(Cc1ccccc1)S(=O)(=O)c1ccccc1C.Cl,Protease
[H][C@]12CCC[C@@H](OC(=O)N[C@@H](Cc3ccccc3)[C@H](O)CN(CC(C)C)S(=O)(=O)c3ccc(OC)cc3)[C@@]1([H])[C@]1([H])CCO[C@]1([H])O2,Protease
COc1ccc(NC(C)=O)cc1C(=O)NNC(=O)[C@H](CCCCNC(=O)CCCOc1ccc2cc(CCCN)c(OCCCC(=O)NCCCC[C@H](NC(=O)OC(C)(C)C)C(=O)NNC(=O)c3cc(NC(C)=O)ccc3OC)cc2c1)NC(=O)OC(C)(C)C,Protease
[H][C@@]12CCCC[C@]1([H])CN(C[C@@H](O)[C@H](Cc1cc3ccccc3s1)NC(=O)c1cccc(O)c1C)[C@H](C(=O)NC(C)(C)C)C2,Protease
COc1ccc(S(=O)(=O)N(CC(C)C)[C@@H](O)[C@H](Cc2ccccc2)n2cc(CNC(=O)c3ccc(CNC(=O)OC(C)(C)C)cc3)nn2)cc1,Protease
[H][C@]1(C(=O)NCC(C)(C)C)N(C(=O)[C@@H](O)[C@H](Cc2ccccc2)NC(=O)[C@@H](NC(=O)C(C)(C)c2ccccc2)C(C)(C)C)CSC1(C)C,Protease
[H][C@@]12/C=C/C[C@H](CO)C[C@H](C)/C=C/[C@@H](OC(C)=O)[C@]13C(=O)N[C@@H](Cc1ccc(O)cc1)[C@]3([H])[C@H](C)C(=C)[C@H]2O,Protease
O=C1OC(CSc2ccccc2)(c2ccccc2)CC(O)=C1SCc1ccccc1,Protease
[H][C@@]12CCO[C@]1([H])OC[C@]2([H])OC(=O)N[C@@H](Cc1ccccc1)[C@H](O)CN(CCCCC=C)S(=O)(=O)c1ccc(OC)cc1OCCCCC=C,Protease
CC(=O)c1cccc(N2C[C@@H](C(=O)N[C@@H](Cc3ccccc3)[C@@H](O)C[C@H](Cc3ccccc3)NC(=O)COc3c(C)cccc3C)OC2=O)c1,Protease
COc1ccc(S(=O)(=O)N(CC(C)C)C[C@@H](O)[C@H](Cc2ccccc2)NC(=O)[C@@H]2CN(c3cccc(S(C)(=O)=O)c3)C(=O)O2)cc1,Protease
CNC(=O)[C@@H](NC(=O)[C@@](O)(CCN(Cc1ccccn1)NC(=O)[C@@H](NC(=O)OC)C(C)(C)C)Cc1ccccc1)C(C)(C)C,Protease
CC(C)CN(C[C@@H](O)[C@H](Cc1ccccc1)NC(=O)[C@@H]1CN(c2ccc(F)cc2F)C(=O)O1)S(=O)(=O)c1ccc2ncsc2c1,Protease
CCCCCN(C[C@@H](O)[C@H](Cc1ccccc1)NC(=O)O[C@@H]1CCOC1=O)S(=O)(=O)c1ccc2ncsc2c1,Protease
CC(C)[C@H](NC(=O)N(C)Cc1ccccn1)C(=O)N[C@@H](CC1CCCCC1)[C@H](O)[C@@H](O)[C@H](CC1CCCCC1)NC(=O)[C@@H](NC(=O)N(C)Cc1ccccn1)C(C)C,Protease
CC(C)[C@H](NC(=O)[C@H](Cc1ccccc1)NC(=O)[C@@H](O)[C@@H](O)[C@@H](O)C(O)O)C(=O)N[C@@H](Cc1ccccc1)[C@@H](O)[C@H](O)[C@H](Cc1ccccc1)NC(=O)[C@@H](NC(=O)[C@H](Cc1ccccc1)NC(=O)[C@@H](O)[C@@H](O)[C@@H](O)C(O)O)C(C)C,Protease
O=C1NC(CCc2ccccc2)C(O)C(Cc2ccccc2)N1Cc1ccc2[nH]ncc2c1,Protease
COC(=O)N[C@H](C(=O)NN(CCC[C@](O)(Cc1ccccc1)C(=O)N[C@H]1c2ccccc2C[C@H]1O)Cc1ccc(Br)cc1)C(C)(C)C,Protease
CCCCCCNC(=O)CN1C(=O)[C@@H](CC(C)C)N=C(C)c2ccc(C(=O)OC(C)(C)C)cc21,Protease
CCCN(C)C(=O)c1cc(OC)cc(C(=O)N[C@@H](Cc2ccccc2)[C@H](O)CN(CC(C)C)S(=O)(=O)c2ccc(OC)cc2)c1,Protease
COC(=O)N[C@H](C(=O)NN(CCC[C@@](O)(Cc1ccccc1)C(=O)N[C@H]1c2ccccc2C[C@H]1O)Cc1ccc(-c2ccsc2)cc1)C(C)(C)C,Protease
COc1ccc(CS(=O)(=O)C[C@@H](NS(C)(=O)=O)C(=O)N[C@@H](Cc2ccccc2)[C@H](O)C(=O)N2CSC(C)(C)[C@H]2C(=O)NCc2ccccc2C)cc1,Protease
CC(C)CN(C[C@@H](O)[C@H](Cc1ccccc1)NC(=O)[C@@H]1CN(c2cccc([N+](=O)[O-])c2)C(=O)O1)S(=O)(=O)c1ccc2c(c1)OCO2,Protease
COC(=O)N[C@H](C(=O)N[C@H](C(=O)N[C@@H](Cc1ccccc1)[C@H](O)C(=O)N1CSC(C)(C)[C@H]1C(=O)NCC(C)(C)O)C(C)(C)C)c1ccccc1,Protease
COC(=O)N[C@H](C(=O)Nc1ccccc1CC[C@@H]1CN[C@H](COC(=O)N[C@@H]2CCc3ccccc32)CO1)C(c1ccccc1)c1ccccc1,Protease
CC(C)CN(C[C@@H](O)[C@H](Cc1ccccc1)NC(=O)[C@@H]1CN(c2ccccc2C(F)(F)F)C(=O)O1)S(=O)(=O)c1ccc(N)cc1,Protease
[H][C@@]12C[C@H](OC(=O)N[C@@H](Cc3ccccc3)[C@H](O)CN(CC(C)C)S(=O)(=O)c3ccc(OC)cc3)C[C@]1([H])[C@H](OC)CO2,Protease
COC(=O)N[C@H](C(=O)N[C@H](C(=O)N[C@@H](Cc1ccccc1)[C@H](O)C(=O)N1CSC(C)(C)[C@H]1C(=O)NCC(C)(C)C)C(C)(C)C)c1ccccc1,Protease
O=C1OC(CSc2ccccc2)(c2ccccc2)CC(O)=C1Sc1ccccc1,Protease
[H][C@@]12OCC[C@]1([H])[C@@]1([H])[C@@H](OC(=O)N[C@@H](Cc3ccccc3)[C@H](O)CN(CC(C)C)S(=O)(=O)c3ccc(OC)cc3)CC(C)(C)C[C@@]1([H])O2,Protease
CC(C)(C)CNC(=O)[C@H]1N(C(=O)[C@@H](O)[C@H](Cc2ccccc2)NC(=O)[C@@H](NC(=O)[C@@H](NC(=O)C(C)(CO)CO)c2ccccc2)C(C)(C)C)CSC1(C)C,Protease
CC(=O)c1cccc(N2C[C@@H](C(=O)N[C@@H](Cc3ccccc3)C(O)C[C@H](Cc3ccccc3)NC(=O)COc3c(C)cccc3C)OC2=O)c1,Protease
[H][C@@]12CCO[C@]1([H])C[C@H](OC(=O)N[C@@H](Cc1ccccc1)[C@H](O)CN(CC(C)C)S(=O)(=O)c1ccc(CO)cc1)C2,Protease
CC1=N[C@H](CC(C)C)C(=O)N(CC(C)C)c2cc(C(=O)OC(C)(C)C)ccc21,Protease
C=C(C)CNC(=O)[C@H]1N(C(=O)[C@@H](O)[C@H](Cc2ccccc2)NC(=O)COc2c(C)cc(N)cc2C)CSC1(C)C,Protease
Cc1ccc(C)c(SC2=C(O)CC(COc3ccc4ccccc4c3)(c3ccccc3)OC2=O)c1,Protease
COc1ccc(S(=O)(=O)N(CC(C)C)C[C@H](O)[C@H](Cc2ccccc2)NC(=O)CN(CC(=O)N(C)C)c2c(C)cccc2C)cc1,Protease
Cc1c(O)cccc1C(=O)N[C@@H](Cc1ccccc1)[C@H](O)C(=O)N1CSC(C)(C)[C@H]1C(=O)NC1CCCCCC1,Protease
[H][C@@]12CCO[C@]1([H])OC[C@]2([H])OC(=O)N[C@@H](Cc1ccccc1)[C@H](O)CN1CCCC/C=C/CCCOc2cc(OC)ccc2S1(=O)=O,Protease
COc1ccc(C[C@H](NC(=O)c2cccc(N)c2Cl)[C@H](O)C(=O)N2CSC(C)(C)[C@H]2C(=O)NCc2ccccc2C)cc1,Protease
[H][C@@]12[C@@H](N=[N+]=[N-])CO[C@]1([H])OC[C@@H]2OC(=O)N[C@@H](Cc1ccccc1)[C@H](O)CN(CC(C)C)S(=O)(=O)c1ccc(OC)cc1,Protease
CC1=N[C@H](CC(C)C)C(=O)N(Cc2ccc(C3CCCCC3)cc2)c2cc(C(=O)OC(C)(C)C)ccc21,Protease
O=C1N(Cc2cccc3ccccc23)C(Cc2ccccc2)C(O)C(C(F)Cc2ccccc2)N1Cc1cccc2ccccc12,Protease
[H][C@@]1([C@H](O)[C@@H](O)[C@H](CC)NC(=O)COc2ccccc2C)CCCN1C(=O)COc1ccccc1C,Protease
O=C(N[C@H]1c2ccccc2C[C@H]1O)C(Cc1ccccc1)C[S+]([O-])CC(Cc1ccccc1)C(=O)N[C@H]1c2ccccc2C[C@H]1O,Protease
CC(C)[C@H](NC(=O)[C@H](Cc1cccc2ccccc12)CS(=O)(=O)C(C)(C)C)C(=O)N[C@@H](Cc1ccc(O)cc1)[C@@H](O)[C@H](O)[C@H](Cc1ccc(O)cc1)NC(=O)[C@H](NC(=O)[C@H](Cc1cccc2ccccc12)CS(=O)(=O)C(C)(C)C)C(C)C,Protease
[H][C@@]1([C@@H](C)CC)N=C(C)c2ccc(C(=O)OC(C)(C)C)cc2N(Cc2ccc(C3CCCCC3)cc2)C1=O,Protease
CNC(=O)[C@H](C)NC(=O)[C@@](O)(CCCN(Cc1ccc(Br)cc1)NC(=O)[C@@H](NC(=O)OC)C(C)(C)C)Cc1ccccc1,Protease
[H][C@@]12CC(C)(C)CC[C@]1(C(=O)NCCCCCC(=O)O)CC[C@]1(C)C2=CC[C@@]2([H])[C@@]1(C)CC[C@@]1([H])C(C)(C)[C@@H](OC(=O)CCCCC(=O)O)CC[C@@]12C,Protease
COc1ccc(S(=O)(=O)N(CC(C)C)C[C@@H](O)[C@H](Cc2ccc(-c3cccc(C#N)c3)cc2)NC(=O)O[C@H]2CCOC2)cc1,Protease
O=C(N[C@@H]1Cc2ccccc2[C@@H]1O)C(OCc1ccccc1)[C@H](O)[C@@H](O)C(OCc1ccccc1)C(=O)N[C@@H]1Cc2ccccc2[C@@H]1O,Protease
COC(=O)NC(C(=O)N[C@@H](Cc1ccccc1)CC(O)[C@H](Cc1ccccc1)NC(=O)[C@@H]1CN(c2ccccc2)C(=O)O1)C(C)(C)C,Protease
Cc1c(O)cccc1C(=O)N[C@@H](Cc1ccccc1)[C@H](O)C(=O)N1CSC(C)(C)[C@H]1C(=O)NCc1c(Cl)cccc1Cl,Protease
[H][C@@]12CCO[C@]1([H])C[C@H](OC(=O)N[C@@H](Cc1ccccc1)[C@H](O)C(=O)N1CSC(C)(C)[C@H]1C(=O)NCc1ccccc1C)C2,Protease
[H][C@@]12CCO[C@]1([H])OC[C@]2([H])OC(=O)N[C@@H](Cc1ccccc1)[C@H](O)CN1CC(C)(C)CCCCCCCOc2cc(OC)ccc2S1(=O)=O,Protease
CCOc1ccc(C[C@H](NC(=O)c2cccc(N)c2Cl)[C@H](O)C(=O)N2CSC(C)(C)[C@H]2C(=O)NCc2ccccc2C)cc1,Protease
[H][C@]12OC(=O)[C@H](C)[C@]1([H])CC[C@@](C)(O)[C@@]1([H])C2=C(C)[C@@]2([H])[C@]1([H])[C@@]1([H])C[C@]3(C)O[C@@]4(C)CC[C@@]5([H])[C@H](C)C(=O)O[C@]5([H])[C@]32[C@]41[H],Protease
CC(C)C[C@H](NC(=O)[C@H](CSCCOCCOCCSC[C@H](NC(=O)COc1ccccc1)C(=O)N[C@@H](Cc1ccccc1)C(=O)O)NC(=O)COc1ccccc1)C(=O)N[C@@H](Cc1ccccc1)C(N)=O,Protease
Cc1cccc(C)c1N(CC(=O)N[C@@H](Cc1ccccc1)[C@@H](O)CN(CC(C)C)S(=O)(=O)c1ccc(N)cc1)CC(=O)N(C)C,Protease
CSCC[C@H](NC(=O)[C@H](CC1CCCCC1)NC(=O)[C@@H](N)Cc1ccc2ccccc2c1)C(=O)N[C@@H](CCC(=O)O)C(=O)N[C@H](C(=O)N[C@@H](CC1CCCCC1)C(=O)O)c1ccccc1,Protease
CCC[C@H](NC(=O)[C@H](Cc1ccc2ccccc2c1)NC(=O)[C@H](CCCCNC(=N)N)NC(=O)[C@@H](N)CNC(=O)[C@H](CCC)NC(=O)[C@@H](N)CCc1ccccc1)C(=O)O,Protease
Cc1cccc(C)c1CNC(=O)[C@H]1N(C(=O)[C@@H](O)C[C@@H](Cc2ccccc2)C(=O)N[C@H]2c3ccccc3OC[C@H]2O)COC12CCCC2,Protease
CC(=O)N[C@H](CS(=O)(=O)c1ccc2ccccc2n1)C(=O)N[C@@H](Cc1ccccc1)[C@H](O)C(=O)N1CSC(C)(C)[C@H]1C(=O)NCc1ccccc1C,Protease
[H][C@]12C[C@@](C)(C(=O)O)CC[C@]1(C)CC[C@]1(C)C2=CC(=O)[C@]2([H])[C@@]3(C)CCC(=O)C(C)(C)[C@]3([H])CC[C@@]12C,Protease
COC(=O)Nc1cccc(N2C[C@@H](C(=O)N[C@@H](Cc3ccccc3)[C@H](O)CN(CC(C)C)S(=O)(=O)c3ccc4c(c3)OCO4)OC2=O)c1,Protease
CC(C)CN(C[C@@H](O)[C@H](Cc1ccccc1)NC(=O)[C@@H]1CN(c2cccc(OC(F)(F)F)c2)C(=O)O1)S(=O)(=O)c1ccc(N)cc1,Protease
COC(=O)N[C@H](C(=O)NCCCC[C@@H](COP(=O)(O)O)N(CC(C)C)S(=O)(=O)c1ccc(N)cc1)C(c1ccccc1)c1ccccc1,Protease
COC(=O)N[C@H](C(=O)N[C@H](C(=O)N[C@@H](Cc1ccccc1)[C@H](O)C(=O)N1CSC(C)(C)[C@H]1C(=O)NNC(C)(C)C)C(C)(C)C)c1ccccc1,Protease
[H][C@]12CC(C)(C)CC[C@]1(C(=O)N[C@H](C(=O)O)C(C)C)CC[C@]1(C)C2=CC[C@@]2([H])[C@@]1(C)CC[C@@]1([H])C(C)(C)C(=O)CC[C@@]12C,Protease
[H][C@@]12CC(C)(C)CC[C@]1(C(=O)O)CC[C@]1(C)C2=CC[C@@]2([H])[C@@]1(C)CC[C@@]1([H])C(C)(C)[C@@H](OC(=O)CC(C)(C)CC(=O)O)[C@H](OC(=O)CC(C)(C)CC(=O)O)C[C@@]12C,Protease
CNC(=O)[C@H](NC(=O)[C@H](OCc1ccccc1)[C@H](O)[C@@H](O)[C@@H](OCc1ccccc1)C(=O)N[C@H]1c2ccccc2C[C@H]1O)C1COC1,Protease
COc1ccc(S(=O)(=O)N(CC(C)C)C[C@@H](O)[C@H](Cc2ccccc2)NC(=O)[C@@H]2CN(c3ccc(F)cc3)C(=O)O2)cc1,Protease
Cc1nc(CNC(=O)c2cccc(C(=O)N[C@@H](Cc3ccccc3)[C@H](O)CN3C[C@H]4CCCC[C@H]4C[C@H]3C(=O)NC(C)(C)C)c2)c(C)o1,Protease
[H][C@@]12C[C@H](OC(=O)N[C@@H](Cc3ccccc3)[C@H](O)CN(CC(C)C)S(=O)(=O)c3ccc(OC)cc3)C[C@]1([H])[C@@H](OC)CO2,Protease
[H][C@]12[C@@H](OC(=O)N[C@@H](Cc3ccccc3)[C@H](O)CN(CC(C)C)S(=O)(=O)c3ccc(OC)cc3)CO[C@@]1([H])OC[C@@H]2N(CC)CC,Protease
NC(=O)[C@@H]1CCCN1C(=O)CC1(O)C2C3CC4C5C3C1C5C(O)(CC(=O)N1CCC[C@H]1C(N)=O)C42,Protease
CC(C)(C)[C@H](NC(=O)[C@H](Cc1cccc2ccccc12)CS(=O)(=O)C(C)(C)C)C(=O)N[C@@H](Cc1ccccc1)[C@@H](O)[C@H](O)[C@H](Cc1ccccc1)NC(=O)[C@@H](NC(=O)[C@H](Cc1cccc2ccccc12)CS(=O)(=O)C(C)(C)C)C(C)(C)C,Protease
CC1=N[C@H](Cc2ccccc2)C(=O)Nc2cc(C(=O)OC(C)(C)C)ccc21,Protease
[H][C@]1([C@@]2(C)CCCC(C)(C)O2)CC[C@]2(C)[C@]1([H])[C@H](O)C[C@]1([H])[C@@]3(C)CCC(=O)C(C)(C)[C@]3([H])C(=O)C[C@]12C,Protease
CNC(=O)[C@@H](NC(=O)[C@@](O)(CCCN(Cc1ccc(-c2nccs2)cc1)NC(=O)[C@@H](NC(=O)OC)C(C)(C)C)Cc1ccccc1)C(C)(C)C,Protease
COc1ccc(NC(C)=O)cc1C(=O)NNC(=O)[C@H](CCCCNC(=O)CCCOc1ccc2cc(N)c(OCCCC(=O)NCCCC[C@H](NC(=O)OC(C)(C)C)C(=O)NNC(=O)c3cc(NC(C)=O)ccc3OC)cc2c1)NC(=O)OC(C)(C)C,Protease
COc1ccc(S(=O)(=O)N(CC(C)C)C[C@@H](O)[C@H](Cc2ccc(-c3ccc(C(C)=O)cc3)cc2)NC(=O)O[C@H]2CCOC2)cc1,Protease
CC1(C)CC(=O)C2=C(C1)Nc1ccccc1N(C(=O)C(F)(F)C(=O)N1c3ccccc3NC3=C(C(=O)CC(C)(C)C3)C1c1ccccc1)C2c1ccccc1,Protease
Cc1noc(C)c1CNC(=O)[C@H]1N(C(=O)[C@@H](O)C[C@@H](Cc2ccccc2)C(=O)N[C@H]2c3ccccc3OC[C@H]2O)COC12CCCC2,Protease
N/C(=N/O)c1cccc(CN2C(=O)N(Cc3cccc(/C(N)=NO)c3)C(Cc3ccccc3)C(O)C2CCc2ccccc2)c1,Protease
Cc1ccccc1CNC(=O)[C@H]1N(C(=O)[C@@H](O)[C@H](Cc2ccccc2)NC(=O)c2cccc(N)c2Cl)CSC1(C)C,Protease
Cc1cccc(C)c1CNC(=O)[C@H]1N(C(=O)[C@@H](O)C[C@@H](Cc2ccccc2)C(=O)N[C@H]2c3ccccc3OC[C@H]2O)CCC1(C)C,Protease
Cc1ccccc1CNC(=O)[C@H]1N(C(=O)[C@@H](O)[C@H](Cc2ccccc2)NC(=O)[C@@H](CS(=O)(=O)c2ccc3ccccc3n2)NS(C)(=O)=O)CSC1(C)C,Protease
N#Cc1cc(CN2C(=O)N(Cc3ccccc3)C(Cc3ccccc3)C(O)C2CCc2ccccc2)ccc1F,Protease
[H][C@@]12CCO[C@]1([H])OC[C@]2([H])OC(=O)N[C@@H](Cc1ccccc1)[C@H](O)CN(CCCCC=C)S(=O)(=O)c1ccc(OC)cc1OCCC=C,Protease
CC(C)[C@H](NC(=O)[C@@H](CC(=O)O)Cc1ccccc1)C(=O)N[C@@H](Cc1ccccc1)[C@@H](O)[C@H](O)[C@H](Cc1ccccc1)NC(=O)[C@@H](NC(=O)[C@@H](CC(=O)O)Cc1ccccc1)C(C)C,Protease
[H][C@@]1([C@H](NC(=O)Cc2ccccc2)C(=O)NCc2ccccc2)N[C@@H](C(=O)N[C@H](Cc2ccccc2)[C@H](O)CC(=O)NCc2nc3ccccc3[nH]2)C(C)(C)S1,Protease
COc1ccc(N(CC(=O)N[C@@H](Cc2ccccc2)[C@H](O)CN(CC(C)C)S(=O)(=O)c2ccc(OC)cc2)CC(=O)N2CCOCC2)cc1,Protease
CC(C)[C@H](NC(=O)CC1(O)C2C3CC4C5C3C1C5C(O)(CC(=O)N[C@H](C(=O)O)C(C)C)C42)C(=O)O,Protease
[H][C@@]12C[C@H](OC(=O)N[C@@H](Cc3ccccc3)[C@H](O)CN(CC(C)C)S(=O)(=O)c3ccc(OC)cc3)C[C@]1([H])[C@H](O)CO2,Protease
[H][C@@]12OC[C@H](OC(=O)N[C@@H](Cc3ccccc3)[C@H](O)CN(CC(C)C)S(=O)(=O)c3ccc(N)cc3)[C@]1([H])C(F)(F)CO2,Protease
[H][C@@]12CCO[C@]1([H])OC[C@]2([H])OC(=O)N[C@@H](Cc1ccccc1)[C@H](O)CN1C[C@H](C)CCCCCCCOc2cc(OC)ccc2S1(=O)=O,Protease
[H][C@]12C3=CC[C@@]4([H])[C@@](C)(CC[C@@]5([H])C(C)(C)C(=O)[C@H](O)C[C@@]54C)[C@]3(C)CC[C@@]1(C(=O)O)CC[C@@H](C)[C@@]2(C)O,Protease
CC[C@H](C)[C@H](NC(=O)[C@@H](N)CO)C(=O)N[C@@H](C)C(=O)N[C@@H](CCC(N)=O)C(=O)NC12NC(=O)C3(O)C4C5CC(C6C5C3C61)C42,Protease
CC1=N[C@@H](Cc2ccccc2)C(=O)N(Cc2ccc(C3CCCCC3)cc2)c2cc(C(=O)OC(C)(C)C)ccc21,Protease
CC(=O)N[C@H](CS(=O)(=O)Cc1ccccc1)C(=O)N[C@@H](Cc1ccccc1)[C@H](O)C(=O)N1CSC(C)(C)[C@H]1C(=O)NCc1ccccc1C,Protease
CC[C@H](C)[C@H](NC(=O)[C@@H](N)CO)C(=O)N[C@@H](C)C(=O)N[C@@]12NC(=O)[C@]3(O)C4C5CC(C6C5C3C61)C42,Protease
CC1=N[C@H](CC(C)C)C(=O)N(CC(=O)N2CCN(C(=O)OCc3ccccc3)CC2)c2cc(C(=O)OC(C)(C)C)ccc21,Protease
COC(=O)N[C@H](C(=O)NN(CCC[C@](Cc1ccccc1)(O[Si](C)(C)C(C)(C)C)C(=O)N[C@H]1c2ccccc2C[C@H]1O)Cc1ccc(Br)cc1)C(C)(C)C,Protease
[H][C@@]12CC(C)(C)CC[C@]1(C(=O)O)CC[C@]1(C)C2=CC[C@@]2([H])[C@@]1(C)CC[C@@]1([H])C(C)(C)[C@@H](O)[C@H](OC(=O)CCC(=O)O)C[C@@]12C,Protease
[H][C@@]12CCO[C@]1([H])OC[C@]2([H])OC(=O)N[C@@H](Cc1ccccc1)[C@H](O)CN1C[C@@H](C)CC/C=CCCCOc2cc(OC)ccc2S1(=O)=O,Protease
[H][C@]1(C(=O)NCC(C)(C)C)N(C(=O)[C@@H](O)[C@H](Cc2ccccc2)NC(=O)[C@@H](NC(=O)C(=O)c2ccccc2)C(C)(C)C)CSC1(C)C,Protease
[H][C@@]1([C@@H](C)CC)N=C(C)c2ccc(C(=O)OC(C)(C)C)cc2NC1=O,Protease
C#CCCCOc1ccc(C(=O)OC)cc1,Protease
Cc1c(O)cccc1C(=O)N[C@@H](Cc1ccccc1)[C@H](O)C(=O)N1CSC(C)(C)[C@H]1C(=O)NC1CCCCC1,Protease
CC(=O)N[C@@H](Cc1c[nH]c2ccccc12)C(=O)N[C@H](C(=O)N[C@@H](Cc1ccccc1)[C@H](O)[C@@H](O)[C@H](Cc1ccccc1)NC(=O)[C@@H](NC(=O)[C@H](Cc1c[nH]c2ccccc12)NC(C)=O)C(C)C)C(C)C,Protease
CC(C)CNC(=O)[C@H]1N(C(=O)[C@@H](O)[C@H](Cc2ccccc2)NC(=O)[C@@H](NC(=O)[C@@H](NC(=O)CC(C)(C)C)c2ccccc2)C(C)(C)C)CSC1(C)C,Protease
CC(C)CN(C[C@@H](O)[C@H](Cc1ccccc1)NC(=O)[C@@H]1CN(c2ccc(F)cc2)C(=O)O1)S(=O)(=O)c1ccc(N)cc1,Protease
[H][C@@]1(Cc2ccccc2)O[C@@]1([H])[C@H](O)[C@H](Cc1ccccc1)NC(=O)[C@@H](NC(=O)COc1ccccc1)C(C)C,Protease
COCCNC(=O)[C@@H](NC(=O)[C@](O)(CCN(Cc1ccc(Br)cc1)NC(=O)[C@@H](NC(=O)OC)C(C)(C)C)Cc1ccccc1)C(C)C,Protease
O=C(O)CCCCC1(CCc2ccccc2)CC(O)=C(SCCc2ccccc2)C(=O)O1,Protease
[H][C@@]1([C@H](CCC=C(C)C)C(=O)O)CC[C@]2(C)C3=CC[C@@]4([H])C(C)(C)C(=O)CC[C@]4(C)[C@@]3([H])CC[C@]21C,Protease
COc1ccc(S(=O)(=O)N(CC(C)C)C[C@@H](O)[C@H](Cc2ccccc2)NC(=O)[C@@H]2CN(c3cccc(N)c3)C(=O)O2)cc1,Protease
Cc1cccc(C)c1N(CC(=O)N[C@@H](Cc1ccccc1)[C@@H](O)CN(CC(C)C)S(=O)(=O)c1ccc(N)cc1)CC(=O)N1CCOCC1,Protease
CC[C@H](C)CN(C[C@@H](O)[C@H](Cc1ccccc1)NC(=O)O[C@H](C)CC(=O)OC)S(=O)(=O)c1ccc(OC)cc1,Protease
COc1ccc(NC(C)=O)cc1C(=O)NNC(=O)[C@H](CCCCNC(=O)CCCOc1ccc2cc(CNC(=N)N)c(OCCCC(=O)NCCCC[C@H](NC(=O)OC(C)(C)C)C(=O)NNC(=O)c3cc(NC(C)=O)ccc3OC)cc2c1)NC(=O)OC(C)(C)C,Protease
CC(C)[C@H](NC(=O)[C@H](Cc1cccc2ccccc12)NS(C)(=O)=O)C(=O)N[C@@H](Cc1ccccc1)[C@@H](O)[C@H](O)[C@H](Cc1ccccc1)NC(=O)[C@@H](NC(=O)[C@H](Cc1cccc2ccccc12)NS(C)(=O)=O)C(C)C,Protease
COC(=O)N[C@H](C(=O)NN(CC[C@@](O)(Cc1ccccc1)C(=O)N[C@H]1c2ccccc2C[C@H]1O)Cc1ccc(Br)cc1)C(C)(C)C,Protease
Cc1c(O)cccc1N(CC(=O)N[C@@H](Cc1ccccc1)[C@H](O)CN(CC(C)C)S(=O)(=O)c1ccc(N)cc1)CC(=O)N1CCOCC1,Protease
CCC(C)(C)C(=O)N[C@H](C(=O)N[C@H](C(=O)N[C@@H](Cc1ccccc1)[C@H](O)C(=O)N1CSC(C)(C)[C@H]1C(=O)NCC(C)C)C(C)(C)C)c1ccccc1,Protease
C=CCCC(=O)N[C@H](C(=O)N[C@H](C(=O)N[C@@H](Cc1ccccc1)[C@H](O)C(=O)N1CSC(C)(C)[C@H]1C(=O)NC(C)C(C)C)C(C)(C)C)c1ccccc1,Protease
CC(=O)N[C@H](C(=O)N[C@@H](Cc1ccccc1)C[C@H](O)[C@H](Cc1ccccc1)NC(=O)[C@@H]1CN(c2cccc(C(F)(F)F)c2)C(=O)O1)C(C)C,Protease
COC(=O)N[C@H](C(=O)NN(CCC[C@@](O)(Cc1ccccc1)C(=O)N[C@H]1c2ccccc2C[C@H]1O)Cc1ccc(-c2ccccn2)cc1)C(C)(C)C,Protease
COc1ccc(S(=O)(=O)N(CC(C)C)C[C@@H](O)[C@H](Cc2ccccc2)NC(=O)c2cccc(C(=O)N(C)Cc3nc(C)oc3C)c2)cc1,Protease
[H][C@@]12CC[C@]3(C)[C@]([H])(CC[C@]4([H])[C@@]5([H])CC(C)(C)CC[C@]5(C(=O)N[C@@H](C(=O)O)C(C)C)CC[C@]43C)[C@@]1(C)C=C(O)C(=O)C2(C)C,Protease
[H][C@@]12CCO[C@]1([H])OC[C@@H]2OC(=O)N[C@@H](Cc1ccc(O)cc1)[C@H](O)CN(CC(C)C)S(=O)(=O)c1ccc(OC)cc1,Protease
COC(=O)N[C@H](C(=O)NN(CCC[C@@]1(O)Cc2ccc(cc2)C/C=CCNC(=O)[C@H](C(C)(C)C)NC1=O)Cc1ccc(Br)cc1)C(C)(C)C,Protease
O=C1NC(CCc2ccccc2)C(O)C(Cc2ccccc2)N1,Protease
[H][C@@]12CCO[C@]1([H])OC[C@]2([H])OC(=O)N[C@@H](Cc1ccccc1)[C@H](O)CN1CCCC/C=CCCCCOc2cc(OC)ccc2S1(=O)=O,Protease
O=C1NC(CCc2ccccc2)C(O)C(Cc2ccccc2)N1Cc1ccccc1,Protease
NC(=O)c1cccc(CN2C(=O)NC(CCc3ccccc3)C(O)C2Cc2ccccc2)c1,Protease
COC(=O)N[C@H](C(=O)NN(CC[C@@](O)(Cc1ccccc1)C(=O)N[C@H]1c2ccccc2C[C@H]1O)Cc1ccc(-c2ccc3c(c2)OCO3)cc1)C(C)(C)C,Protease
Cc1ccccc1CNC(=O)[C@H]1N(C(=O)[C@@H](O)[C@H](Cc2ccccc2)NC(=O)[C@@H](CS(=O)(=O)c2ccc(F)cc2)NS(C)(=O)=O)CSC1(C)C,Protease
[H][C@]12CCC[C@@]1([H])[C@@H](OC(=O)N[C@@H](Cc1ccccc1)[C@H](O)CN(CC(C)C)S(=O)(=O)c1ccc(OC)cc1)CCO2,Protease
CCCCCCCCCCCCCCCCNC(=O)CN1C(=O)[C@@H](CC(C)C)N=C(C)c2ccc(C(=O)OC(C)(C)C)cc21,Protease
CCc1ccccc1SC1=C(O)CC(CSc2ccccc2)(c2ccccc2)OC1=O,Protease
CNC(=O)[C@@H](NC(=O)[C@@](O)(CCCN(Cc1ccc(Br)cc1)NC(=O)[C@@H](NC(=O)OC)C(C)(C)C)Cc1ccccc1)C(C)(C)C,Protease
N#Cc1cccc(CN2C(=O)NC(CCc3ccccc3)C(O)C2Cc2ccccc2)c1,Protease
CC[C@H](C)CN(C[C@@H](O)[C@H](Cc1ccccc1)NC(=O)O[C@@H]1CCOC1=O)S(=O)(=O)c1ccc2ncsc2c1,Protease
CCCCCN(C[C@@H](O)[C@H](Cc1ccccc1)NC(=O)OCCN1CCOC1=O)S(=O)(=O)c1ccc2ncsc2c1,Protease
CC[C@H](C)CN(C[C@@H](O)C(Cc1ccccc1)N(C(=O)OC)[C@H]1CCC(=O)N1)S(=O)(=O)c1cccc2ncsc12,Protease
C=CCNC(=O)[C@@H](NC(=O)[C@@](O)(CCCN(Cc1ccc(Br)cc1)NC(=O)[C@@H](NC(=O)OC)C(C)(C)C)Cc1ccc(Br)cc1)C(C)(C)C,Protease
Nc1cccc(CN2C(=O)N(Cc3cccc(N)c3)C(Cc3ccccc3)C(O)C2CCc2ccccc2)c1,Protease
Cc1ccccc1CNC(=O)[C@H]1N(C(=O)[C@@H](O)[C@H](Cc2ccccc2)NC(=O)O[C@@H]2CCOCOC2)CSC1(C)C,Protease
CCOC(=O)N[C@@H](Cc1ccccc1)[C@H](O)CN1C[C@@H](C)Cc2ccccc2S1(=O)=O,Protease
CC(C)CN(C[C@@H](O)[C@H](Cc1ccccc1)NC(=O)[C@@H]1CN(c2ccc(F)cc2F)C(=O)O1)S(=O)(=O)c1ccc2c(c1)OCO2,Protease
CC(=O)N[C@H](CSCc1ccccc1)C(=O)N[C@@H](Cc1ccccc1)[C@H](O)C(=O)N1CSC(C)(C)[C@H]1C(=O)NCc1ccccc1C,Protease
[H][C@]12OC(=O)[C@@H](C)[C@]1([H])CC[C@](C)(O)[C@@]1([H])C2=C(C)[C@@]2([H])[C@]1([H])[C@@]1([H])C(=O)[C@H](C)[C@@]23[C@@]2([H])OC(=O)[C@@H](C)[C@]2([H])CC[C@](C)(O)[C@]13[H],Protease
CC(=O)N[C@H](CCc1ccccc1)C(=O)N[C@@H](Cc1ccccc1)[C@H](O)C(=O)N1CSC(C)(C)[C@H]1C(=O)NCc1ccccc1C,Protease
[H][C@@]12CCO[C@]1([H])O[C@@]1([H])COC[C@@H](OC(=O)N[C@@H](Cc3ccccc3)[C@H](O)CN(CC(C)C)S(=O)(=O)c3ccc(OC)cc3)[C@@]21[H],Protease
CC[C@@H](CCC[C@@H](CO)N(CCC(C)C)S(=O)(=O)c1ccc(N)cc1)NC(=O)[C@@H](NC(=O)OC)C(c1ccccc1)c1ccccc1,Protease
CC[C@H](C)CN(C[C@@H](O)[C@H](Cc1ccccc1)NC(=O)OC(C)(C)C)S(=O)(=O)c1ccc2ncsc2c1,Protease
CC[C@H](C)[C@H](NC(=O)[C@H](C)NC(=O)[C@H](CCC(=O)O)NC12NC(=O)C3(O)C4C5CC(C6C5C3C61)C42)C(=O)N[C@@H](CO)C(=O)O,Protease
CC(C)[C@H](NC(=O)[C@@H](N)Cc1ccccc1)C(=O)N[C@@H](Cc1ccccc1)[C@@H](O)[C@H](O)[C@H](Cc1ccccc1)NC(=O)[C@@H](NC(=O)[C@@H](N)Cc1ccccc1)C(C)C,Protease
CC(C)(C)NC(=O)[C@@H]1CN(Cc2cccnc2)CCN1C[C@H](O)C[C@@H](Cc1ccccc1)C(=O)N[C@H]1c2ccccc2C[C@H]1O,Protease
COc1ccc(NC(C)=O)cc1C(=O)NNC(=O)[C@H](CCCCNC(=O)CCCOc1ccc2cc(CCCN(C)C)c(OCCCC(=O)NCCCC[C@H](NC(=O)OC(C)(C)C)C(=O)NNC(=O)c3cc(NC(C)=O)ccc3OC)cc2c1)NC(=O)OC(C)(C)C,Protease
CC(C)CNC(=O)[C@H]1N(C(=O)[C@@H](O)[C@H](Cc2ccccc2)NC(=O)[C@@H](NC(=O)[C@@H](NC(=O)C(C)(C)C)c2ccccc2)C(C)(C)C)CSC1(C)C,Protease
CC(C)CN(C[C@@H](O)[C@H](Cc1ccccc1)NC(=O)[C@@H]1CN(c2ccccc2)C(=O)O1)S(=O)(=O)c1ccc2ncsc2c1,Protease
CCCCCN(C[C@@H](O)[C@H](Cc1ccccc1)NC(=O)OCCN1CCNC1=O)S(=O)(=O)c1ccc2ncsc2c1,Protease
CC(C)[C@H](NC(=O)[C@H](Cc1cccc2ccccc12)CS(=O)(=O)C(C)(C)C)C(=O)N[C@@H](CCc1ccncc1)[C@@H](O)[C@H](O)[C@H](CCc1ccncc1)NC(=O)[C@@H](NC(=O)[C@H](Cc1cccc2ccccc12)CS(=O)(=O)C(C)(C)C)C(C)C,Protease
CC(C)[C@H](N)c1cn([C@@H](Cc2ccccc2)c2cn([C@@H](Cc3ccccc3)c3cn([C@H](c4cn([C@H](C)c5ccccc5)nn4)C(C)C)nn3)nn2)nn1,Protease
Cc1ccccc1CNC(=O)[C@H]1N(C(=O)[C@@H](O)[C@H](Cc2ccccc2)NC(=O)[C@@H](CS(=O)(=O)c2cccc3ccccc23)NS(C)(=O)=O)CSC1(C)C,Protease
CCCC[C@H](NC(=O)CNC(=O)[C@H](CCC(=O)O)NC(=O)[C@H](Cc1ccccc1)NC[C@H](Cc1ccccc1)NC(=O)[C@@H](NC(=O)[C@@H](N)CCCNC(=N)N)C(C)C)C(=O)O,Protease
Cl.O=S(=O)(c1ccccc1Cl)N(Cc1ccccc1)[C@H]1CNC[C@@H]1N(Cc1ccccc1)S(=O)(=O)c1ccccc1Cl,Protease
CCOc1ccc(C[C@H](NC(=O)c2cccc(N)c2Cl)[C@H](O)C(=O)N2CCC(C)(C)[C@H]2C(=O)NCc2c(C)cccc2C)cc1,Protease
COC(=O)N[C@H](C(=O)Nc1cnccc1CC[C@@H]1CN[C@H](COC(=O)NCC(F)(F)F)CO1)C(c1ccccc1)c1ccccc1,Protease
Cc1ccccc1CNC(=O)[C@H]1N(C(=O)[C@@H](O)[C@H](Cc2ccccc2)NC(=O)[C@@H](CSc2cccc3ccccc23)NS(C)(=O)=O)CSC1(C)C,Protease
CCCN(C)C(=O)c1cccc(C(=O)N[C@@H](Cc2ccccc2)[C@H](O)CN(CC(C)C)S(=O)(=O)c2ccc(OC)cc2)c1,Protease
[H][C@@]12C[C@H](O)C3=C(C(=O)C[C@@]4(C)[C@@]3(C)C(=O)C[C@]4([H])[C@H](C)CC/C=C(C)C(=O)O)[C@@]1(C)CC[C@H](O)C2(C)C,Protease
CC[C@H](C)CN(C[C@@H](O)[C@H](Cc1ccccc1)NC(=O)OCCNC(=O)C(F)(F)F)S(=O)(=O)c1ccc(OC)cc1,Protease
COc1ccc(S(=O)(=O)N(CC(C)C)C[C@@H](O)[C@H](Cc2ccccc2)NC(=O)c2cc(C)cc(C(=O)N(C)Cc3nc(C)oc3C)c2)cc1,Protease
[H][C@@]12CCO[C@]1([H])C[C@H](OC(=O)N[C@@H](CSc1ccccc1)[C@H](O)CN(CC(C)C)S(=O)(=O)c1ccc(CO)cc1)C2,Protease
CCCC[C@H](NC(=O)CNC(=O)[C@H](CCC(=O)O)NC(=O)[C@H](Cc1ccccc1)NC[C@H](CC(C)C)NC(=O)[C@@H](NC(=O)[C@@H](N)CCCNC(=N)N)C(C)C)C(=O)O,Protease
CC1=N[C@@H](CC(C)C)C(=O)Nc2cc(C(=O)O)ccc21,Protease
CNC(=O)[C@H](CC(C)C)NC(=O)[C@@](O)(CCCN(Cc1ccc(Br)cc1)NC(=O)[C@@H](NC(=O)OC)C(C)(C)C)Cc1ccccc1,Protease
CC(C)[C@H](N)C(=O)N[C@]1(Cc2ccccc2)CC[N+]2(CCC[C@H]2C(=O)NC(C)(C)C)C1[O-],Protease
[H][C@]1(OC(=O)N[C@@H](Cc2ccccc2)[C@H](O)CN(CC(C)C)S(=O)(=O)c2ccc(OC)cc2)CC[C@]2(CCCO2)C1,Protease
CC[C@H](C)CN(C[C@@H](O)[C@H](Cc1ccccc1)NC(=O)OCCNC(=O)C(F)(F)F)S(=O)(=O)c1ccc2ncsc2c1,Protease
COC(=O)N[C@H](C(=O)NN(CCC[C@@](O)(Cc1ccccc1)C(=O)N[C@H]1c2ccccc2C[C@H]1O)Cc1ccccc1)C(C)(C)C,Protease
CNC(=O)[C@@H](NC(=O)[C@@](O)(CCCN(Cc1ccc(-c2ccsc2)cc1)NC(=O)[C@@H](NC(=O)OC)C(C)(C)C)Cc1ccccc1)C(C)(C)C,Protease
[H][C@]12CN(Cc3ccccc3)C(=O)[C@]([H])(O1)[C@H](C(=O)NC1CCCCC1)O2,Protease
CC(C)CN(C[C@@H](O)[C@H](Cc1ccccc1)NC(=O)[C@@H]1CN(c2cccc(OC(F)(F)F)c2)C(=O)O1)S(=O)(=O)c1ccc2c(c1)OCO2,Protease
[H][C@]1(C(=O)NCC(C)(C)C)N(C(=O)[C@@H](O)[C@H](Cc2ccccc2)NC(=O)[C@@H](NC(=O)[C@@H](N)C(C)(C)C)C(C)(C)C)CSC1(C)C,Protease
Nc1cccc(CN2C(=O)NC(CCc3ccccc3)C(O)C2Cc2ccccc2)c1,Protease
CC(C)[C@H](NC(=O)N(C)Cc1ccccn1)C(=O)NC(Cc1ccccc1)[C@H](O)[C@H](O)[C@H](Cc1ccccc1)NC(=O)[C@@H](NC(=O)N(C)Cc1ccccn1)C(C)C,Protease
Nc1n[nH]c2ccc(CN3C(=O)N(Cc4ccc5[nH]nc(N)c5c4)C(Cc4ccccc4)C(O)C3CCc3ccccc3)cc12,Protease
CCCC(=O)N[C@H](C(=O)N[C@H](C(=O)N[C@@H](Cc1ccccc1)[C@H](O)C(=O)N1CSC(C)(C)[C@H]1C(=O)NCC1CC1)C(C)(C)C)c1ccccc1,Protease
CC[C@H](C)[C@H](NC(=O)[C@@H](N)CO)C(=O)N[C@@H](C)C(=O)N[C@]12NC(=O)[C@@]3(O)C4C5CC(C6C5C3C61)C42,Protease
[H][C@@]12CCO[C@]1([H])CCC[C@@H]2OC(=O)N[C@@H](Cc1ccccc1)[C@H](O)CN(CC(C)C)S(=O)(=O)c1ccc(OC)cc1,Protease
C#CCOC(=O)N[C@H]1c2ccccc2C[C@H]1O,Protease
COC(=O)N[C@H](C(=O)NCCCC[C@@H](CO)N(CCC(C)C)S(=O)(=O)c1ccc(N)cc1)C(c1ccccc1)c1ccccc1,Protease
CC(C)[C@H](NC(=O)OCc1cccnc1)C(=O)N[C@@H](Cc1ccccc1)[C@@H](O)[C@H](O)[C@H](Cc1ccccc1)NC(=O)[C@@H](NC(=O)OCc1cccnc1)C(C)C,Protease
Cc1ccc(C)c(SC2=C(O)CC(COc3cccc4ccccc34)(c3ccccc3)OC2=O)c1,Protease
Cc1coc(CN(C)C(=O)c2cccc(C(=O)N[C@@H](Cc3ccccc3)[C@H](O)CN(CC(C)C)S(=O)(=O)c3ccc(CO)cc3)c2)n1,Protease
[H][C@@]12CCO[C@]1([H])OC[C@]2([H])OC(=O)N[C@@H](Cc1ccccc1)[C@H](O)CN(CC=C)S(=O)(=O)c1ccc(OC)cc1OCCC=C,Protease
COC(=O)N[C@H](C(=O)NN(CCC[C@@](O)(Cc1ccccc1)C(=O)N[C@H]1c2ccccc2C[C@H]1O)Cc1ccc(Cl)cc1)C(C)(C)C,Protease
[H][C@@](NC(=O)[C@H](OCc1ccccc1)[C@H](O)[C@@H](O)[C@@H](OCc1ccccc1)C(=O)N[C@H]1c2ccccc2C[C@H]1O)(C(=O)NC)[C@H](C)COC,Protease
CC(=O)N[C@H](CSCc1ccc(C)cc1)C(=O)N[C@@H](Cc1ccccc1)[C@H](O)C(=O)N1CSC(C)(C)[C@H]1C(=O)NCc1ccccc1C,Protease
CCC[C@H](NC(=O)[C@H](Cc1ccc(O)cc1)NC(=O)[C@H](CCCCNC(=N)N)NC(=O)[C@H](CCSC)NC(=O)[C@@H](NC(=O)[C@@H](N)Cc1ccc2ccccc2c1)C(C)C)C(=O)O,Protease
[H][C@@](NC(=O)CNC(C)=O)(C(=O)N[C@@H](C)C(=O)N[C@@H](Cc1ccc(O)cc1)C(=O)N[C@@H](CO)C(=O)N[C@@H](CS)C(=O)O)[C@@H](C)O,Protease
Nc1n[nH]c2cc(CN3C(=O)N(Cc4ccccc4)C(Cc4ccccc4)C(O)C3CCc3ccccc3)ccc12,Protease
CCCC[C@H](NC(=O)[C@@H](N)Cc1ccc2ccccc2c1)C(=O)NCC[C@H](N)C(=O)N[C@@H](CCC(=O)O)C(=O)N[C@@H](CCc1ccccc1)C(=O)N[C@@H](CCC)C(=O)O,Protease
[H][C@]1([C@@]2(C)CCCC(C)(C)O2)CC[C@]2(C)[C@]1([H])C(=O)C[C@]1([H])[C@@]3(C)CCC(=O)C(C)(C)[C@]3([H])CC[C@]12C,Protease
[H][C@]12O[C@](c3ccccc3)(CN(C(c3ccccc3)c3ccccc3)C1=O)O[C@H]2C(=O)NCCCC,Protease
COC(=O)N[C@H](C(=O)NN(CCC1(Cc2ccccc2)C(=O)N([C@H]2c3ccccc3C[C@H]2O)CC1O)Cc1ccc(-c2ccncc2)cc1)C(C)(C)C,Protease
CC(C)C(C)NC(=O)[C@H]1N(C(=O)[C@@H](O)[C@H](Cc2ccccc2)NC(=O)[C@@H](NC(=O)[C@@H](NC(=O)C2CC2)c2ccccc2)C(C)(C)C)CSC1(C)C,Protease
[H][C@]12OC(=O)[C@@H](C)[C@]1([H])CC[C@](C)(O)[C@@]1([H])C2=C(C)[C@]2([H])[C@]34C(=C)[C@@H](O)[C@@]([H])([C@@]3([H])[C@@](C)(O)CC[C@@]3([H])[C@H](C)C(=O)O[C@@]34[H])[C@]12[H],Protease
COc1ccc(S(=O)(=O)N(CC(C)C)C[C@@H](O)[C@H](Cc2ccccc2)n2cc(COC(=O)N[C@H]3c4ccccc4C[C@H]3O)nn2)cc1,Protease
CNC(=O)[C@@H](NC(=O)[C@@](O)(CCN(Cc1ccc(Br)cc1)NC(=O)[C@@H](NC(=O)OC)C(C)(C)C)Cc1ccccc1)C(C)(C)C,Protease
C=CCNC(=O)[C@@H](NC(=O)[C@](O)(CCCN(Cc1ccc(Br)cc1)NC(=O)[C@@H](NC(=O)OC)C(C)(C)C)Cc1ccc(Br)cc1)C(C)C,Protease
COc1ccc(S(=O)(=O)N(CC(C)C)C[C@@H](O)[C@H](Cc2ccc(-c3ccncc3)cc2)NC(=O)O[C@H]2CCOC2)cc1,Protease
[H][C@@]12CCO[C@]1([H])OC[C@]2([H])OC(=O)N[C@@H](Cc1ccccc1)[C@H](O)CN1CCCCCCCCCOc2cc(OC)ccc2S1(=O)=O,Protease
CC(O)[C@H](NC(=O)[C@H](Cc1cccc2ccccc12)CS(=O)(=O)C(C)(C)C)C(=O)N[C@@H](Cc1ccccc1)[C@@H](O)[C@H](O)[C@H](Cc1ccccc1)NC(=O)[C@@H](NC(=O)[C@H](Cc1cccc2ccccc12)CS(=O)(=O)C(C)(C)C)C(C)O,Protease
CC[C@H](C)CN(C[C@@H](O)[C@H](Cc1ccccc1)NC(=O)O[C@@H]1CCOC1=O)S(=O)(=O)c1ccc(OC)cc1,Protease
CC1=N[C@@H](C)C(=O)N(Cc2ccc(C3CCCCC3)cc2)c2cc(C(=O)OC(C)(C)C)ccc21,Protease
CC1=N[C@H](Cc2ccccc2)C(=O)N(Cc2ccc(C3CCCCC3)cc2)c2cc(C(=O)O)ccc21,Protease
Cc1c(O)cccc1N(CC(=O)N[C@@H](Cc1ccccc1)[C@@H](O)CN(CC(C)C)S(=O)(=O)c1ccc(N)cc1)CC(=O)N1CCOCC1,Protease
CC(=O)N[C@H](CSc1ccc2ccccc2c1)C(=O)N[C@@H](Cc1ccccc1)[C@H](O)C(=O)N1CSC(C)(C)[C@H]1C(=O)NCc1ccccc1C,Protease
Cc1cccc(C)c1CNC(=O)[C@@H]1CCCN1C(=O)[C@@H](O)C[C@@H](Cc1ccccc1)C(=O)N[C@H]1c2ccccc2OC[C@H]1O,Protease
COc1ccc(CS(=O)(=O)C[C@@H](NC(C)=O)C(=O)N[C@@H](Cc2ccccc2)[C@H](O)C(=O)N2CSC(C)(C)[C@H]2C(=O)NCc2ccccc2C)cc1,Protease
COC(=O)N[C@H](C(=O)NN(CCC[C@@](O)(Cc1ccccc1)C(=O)N[C@H]1c2ccccc2C[C@H]1O)Cc1ccc(C#N)cc1)C(C)(C)C,Protease
[H][C@@]1([C@H](O)[C@@H](O)[C@H](Cc2ccccc2)NC(=O)COc2c(C)cccc2C)CCCN1C(=O)COc1ccccc1,Protease
[H][C@@]12CCO[C@]1([H])OC[C@]2([H])OC(=O)N[C@@H](Cc1ccccc1)[C@H](O)CN(CC(C)CC=C)S(=O)(=O)c1ccc(OC)cc1OCCCCC=C,Protease
[H][C@@]1([C@@H](C)CC)N=C(C)c2ccc(C(=O)O)cc2N(Cc2ccc(C3CCCCC3)cc2)C1=O,Protease
CC(C)[C@H](NC(=O)CCCOc1ccc2ccc(OCCCC(=O)O)cc2c1)C(=O)NNC(=O)[C@@H](NC(=O)OC(C)(C)C)C(C)C,Protease
[H][C@@]12CCCC[C@]1([H])CN(C[C@@H](O)[C@@H](NC(=O)[C@H](CC(N)=O)NC(=O)c1ccc3ccccc3n1)c1cccs1)[C@H](C(=O)NC(C)(C)C)C2,Protease
[H][C@@]12/C=C/C[C@H](CO)C[C@H](C)/C=C/[C@@H](OC(C)=O)[C@]13C(=O)N[C@@H](Cc1cccc(O)c1)[C@]3([H])[C@H](C)C(=C)[C@H]2O,Protease
[H][C@@]12COC[C@H](OC(=O)N[C@@H](Cc3ccccc3)[C@H](O)CN(CC(C)C)S(=O)(=O)c3ccc(OC)cc3)[C@]1([H])[C@@]1([H])CCO[C@@]1([H])O2,Protease
COC(=O)N[C@H](C(=O)NN(CCC[C@@](O)(Cc1ccccc1)C(=O)N[C@H]1c2ccccc2C[C@H]1O)Cc1ccc(-c2ccncc2)cc1)C(C)(C)C,Protease
CCOP(=O)(COc1ccc(C[C@H](NC(=O)O[C@H]2CO[C@H]3OCC[C@@H]23)[C@H](O)CN(CC(C)C)S(=O)(=O)c2ccc(OC)cc2)cc1)OCC,Protease
COC(=O)N[C@H](C(=O)Nc1ccccc1CC[C@@H]1CN[C@H](COC(=O)NCc2ccccc2)CO1)C(c1ccccc1)c1ccccc1,Protease
Cc1cc(N)cc(C)c1OCC(=O)N[C@@H](Cc1ccccc1)[C@H](O)C(=O)N1CSC(C)(C)[C@H]1C(=O)NCc1c(Cl)cccc1Cl,Protease
COC(=O)N[C@H](C(=O)NN(CC[C@@]1(Cc2ccccc2)C(=O)N([C@H]2c3ccccc3C[C@H]2O[Si](C)(C)C(C)(C)C)C[C@@H]1O[Si](C)(C)C(C)(C)C)Cc1ccc(Br)cc1)C(C)(C)C,Protease
COc1ccc(S(=O)(=O)N(CC(C)C)C[C@@H](O)[C@H](Cc2cccc(-c3cc(OC)cc(OC)c3)c2)NC(=O)OC(C)(C)C)cc1,Protease
[H][C@@]12CCO[C@]1([H])OCC[C@@H]2OC(=O)N[C@@H](Cc1ccccc1)[C@H](O)CN(CC(C)C)S(=O)(=O)c1ccc(OC)cc1,Protease
[H][C@@]12C[C@H](OC(=O)N[C@@H](Cc3ccccc3)[C@H](O)CN(CC(C)C)S(=O)(=O)c3ccc(OC)cc3)C[C@]1([H])[C@H](NC(=O)OC)CO2,Protease
CC1=N[C@H](CC(C)C)C(=O)N(Cc2ccccc2)c2cc(C(=O)OC(C)(C)C)ccc21,Protease
COC(=O)N[C@H](C(=O)Nc1ccccc1CC[C@@H]1CN[C@H](COC(N)=O)CO1)C(c1ccccc1)c1ccccc1,Protease
[H][C@]12CC(C)(C)CC[C@]1(C(=O)N[C@@H](C(=O)OC)C(C)C)CC[C@]1(C)C2=CC[C@@]2([H])[C@@]1(C)CC[C@@]1([H])C(C)(C)C(=O)CC[C@@]12C,Protease
CC1=N[C@H](CC(C)C)C(=O)N(CC(=O)O)c2cc(C(=O)O)ccc21,Protease
COc1ccc(N(CC(=O)N[C@@H](Cc2ccccc2)[C@H](O)CN(CC(C)C)S(=O)(=O)c2ccc([N+](=O)[O-])cc2)CC(=O)N(C)C)cc1,Protease
Cc1nc(CN(C)C(=O)c2cccc(C(=O)N[C@@H](Cc3ccccc3)[C@H](O)CN(CC(C)C)S(=O)(=O)c3ccc(N)cc3)c2)c(C)o1,Protease
[H][C@@]12CCCC[C@]1([H])CN(C[C@@H](O)[C@H](Cc1cc(-c3ccccc3)cs1)NC(=O)[C@H](CC(N)=O)NC(=O)c1ccc3ccccc3n1)[C@H](C(=O)NC(C)(C)C)C2,Protease
CC(=O)N[C@H](CSc1cccc2ccccc12)C(=O)N[C@@H](Cc1ccccc1)[C@H](O)C(=O)N1CSC(C)(C)[C@H]1C(=O)NCc1ccccc1C,Protease
[H][C@]12OC[C@@H](OC)[C@@]1([H])OC[C@@H]2OC(=O)N[C@@H](Cc1ccccc1)[C@H](O)CN(CC(C)C)S(=O)(=O)c1ccc(N)cc1,Protease
COc1ccc(C[C@H](NC(=O)c2cccc(N)c2Cl)[C@H](O)C(=O)N2CSC(C)(C)[C@H]2C(=O)NCc2c(C)cccc2C)cc1,Protease
CC(=O)c1cccc(N2CC(C(=O)NN(Cc3ccc(-c4ccccn4)cc3)CC(O)[C@H](Cc3ccccc3)NC(=O)[C@@H]3CN(c4cccc(C(C)=O)c4)C(=O)O3)OC2=O)c1,Protease
CC(C)(C)CNC(=O)[C@H]1N(C(=O)[C@@H](O)[C@H](Cc2ccccc2)NC(=O)[C@@H](NC(=O)[C@@H](N)c2ccccc2)C(C)(C)C)CSC1(C)C,Protease
C[C@H](c1ccccc1)n1cc([C@H](Cc2ccccc2)n2cc([C@H](Cc3ccccc3)n3cc([C@@H](N)Cc4ccccc4)nn3)nn2)nn1,Protease
COc1cccc(C[C@H](NC(=O)c2cccc(N)c2Cl)[C@H](O)C(=O)N2CCC(C)(C)[C@H]2C(=O)NCc2c(C)cccc2C)c1,Protease
[H][C@]1(C(=O)NCC(C)(C)C)N(C(=O)[C@@H](O)[C@H](Cc2ccccc2)NC(=O)[C@@H](NC(=O)[C@@H](NC(=O)CCC)[C@@H](C)CC)C(C)(C)C)CSC1(C)C,Protease
COc1ccc2c(c1)C[C@H](C)CN(C[C@@H](O)[C@H](Cc1ccccc1)NC(=O)OC(C)(C)C)S2(=O)=O,Protease
COc1ccc(S(=O)(=O)N(CC(C)C)C[C@@H](O)[C@H](Cc2ccccc2)NC(=O)[C@@H]2CN(c3ccc(F)cc3F)C(=O)O2)cc1,Protease
[H][C@@]1([C@H](O)[C@@H](O)[C@H](Cc2ccccc2)NC(=O)[C@@H](NC(=O)[C@H](Cc2c[nH]c3ccccc23)NC(C)=O)C(C)C)CCCN1C(=O)[C@@H](NC(=O)[C@H](Cc1c[nH]c2ccccc12)NC(C)=O)C(C)C,Protease
CCCCCN(C[C@@H](O)[C@H](Cc1ccccc1)NC(=O)OCCNC(=O)OC(C)(C)C)S(=O)(=O)c1ccc2ncsc2c1,Protease
[H][C@]12CN([C@@H](CC(C)C)C(=O)OC)C(=O)[C@]([H])(O1)[C@H](C(=O)N1CCN(Cc3ccccc3)CC1)O2,Protease
COc1ccc(S(=O)(=O)N(CC(C)C)C[C@@H](O)[C@H](Cc2ccccc2)NC(=O)c2cccc(C(=O)N3CCC[C@@H]3c3nc(C)cs3)c2)cc1,Protease
[H][C@@]1(O[C@@H]2[C@@H](C(=O)O)O[C@@]([H])(O[C@H]3CC[C@@]4(C)[C@@]([H])(CC[C@@]5(C)[C@]6(C)C[C@@H](O)[C@@]7(COC(C)=O)[C@@H](O)[C@H](OC(=O)/C(C)=C/C)C(C)(C)C[C@@]7([H])C6=CC[C@@]54[H])[C@@]3(C)CO)[C@H](O[C@]3([H])O[C@H](CO)[C@@H](O)[C@H](O)[C@H]3O)[C@H]2O)O[C@H](CO)[C@@H](O)[C@H](O)[C@H]1O,Protease
CCN(CC)[C@H](C(=O)N[C@H](C(=O)N[C@@H](Cc1ccccc1)[C@H](O)C(=O)N1CSC(C)(C)[C@H]1C(=O)NCC(C)(C)C)C(C)(C)C)c1ccccc1,Protease
Cc1c(O)cccc1N(CC(=O)N[C@@H](Cc1ccccc1)[C@H](O)CN(CC(C)C)S(=O)(=O)c1ccc(N)cc1)CC(=O)N(C)C,Protease
