smiles,targetname
Cc1ccc(C(CCN)c2ccco2)cc1,Glucagon-like peptide 1 receptor
COc1cc(CN2CCC(C(=O)NC(c3ccc(F)cc3)c3ncccc3C)CC2)cc(OC)c1,Glucagon-like peptide 1 receptor
CN(C)CCOC1c2ccccc2CSc2ccccc21.O=CO,Glucagon-like peptide 1 receptor
Cc1c(C)n(Cc2ccccc2)c2ncnc(NCCO)c12,Glucagon-like peptide 1 receptor
Cc1ccc(C)c(C(O)c2nc(-c3ccc4ccccc4c3)c[nH]2)c1,Glucagon-like peptide 1 receptor
COc1cc2c(cc1OC)C(CNC(=O)C=Cc1cc(OC)c(OC)c(OC)c1)C2,Glucagon-like peptide 1 receptor
O=S(=O)(c1ccccc1)C(Br)S(=O)(=O)c1ccccc1,Glucagon-like peptide 1 receptor
COc1ccc(NS(=O)(=O)c2cccc(C(=O)NCC(c3ccc(OC)cc3)N3CCCCC3)c2)cc1,Glucagon-like peptide 1 receptor
COC(=O)c1cc(OC)c(OC)cc1NC(=O)CCNC(=O)c1ccco1,Glucagon-like peptide 1 receptor
CC(C)Nc1nc2cc(Cl)c(Cl)cc2nc1S(C)(=O)=O,Glucagon-like peptide 1 receptor
COc1ccc(CN2C(=O)CCC2(C)c2nnnn2-c2ccc3c(c2)OCCO3)cc1OC,Glucagon-like peptide 1 receptor
CC[C@H](C)[C@H](NC(=O)[C@H](Cc1ccccc1)NC(=O)[C@H](CCC(=O)O)NC(=O)[C@H](CCCCNC(=O)COCCOCCNC(=O)COCCOCCNC(=O)CC[C@H](NC(=O)CCCCCCCCCCCCCCCCCCCCC(=O)O)C(=O)O)NC(=O)[C@H](C)NC(=O)[C@H](C)NC(=O)[C@H](CCC(N)=O)NC(=O)CNC(=O)[C@H](CCC(=O)O)NC(=O)[C@H](CC(C)C)NC(=O)[C@H](Cc1ccc(O)cc1)NC(=O)[C@H](CO)NC(=O)[C@H](CO)NC(=O)[C@@H](NC(=O)[C@H](CC(=O)O)NC(=O)[C@H](CO)NC(=O)[C@@H](NC(=O)[C@H](Cc1ccccc1)NC(=O)[C@@H](NC(=O)CNC(=O)[C@H](CCC(=O)O)NC(=O)C(C)(C)NC(=O)[C@@H](N)Cc1c[nH]cn1)[C@@H](C)O)[C@@H](C)O)C(C)C)C(=O)N[C@@H](C)C(=O)N[C@@H](Cc1c[nH]c2ccccc12)C(=O)N[C@@H](CC(C)C)C(=O)N[C@H](C(=O)N[C@@H](CCCNC(=N)N)C(=O)NCC(=O)N[C@@H](CCCNC(=N)N)C(=O)NCC(=O)O)C(C)C,Glucagon-like peptide 1 receptor
CC(C)(C)c1ccc(CC(=O)N2CCC2(C)C(=O)NCc2cccs2)cc1,Glucagon-like peptide 1 receptor
CC1CC(C)CN(CCCNC(=O)CN2C(=O)CSc3ccc(S(=O)(=O)N4CCCCC4)cc32)C1,Glucagon-like peptide 1 receptor
CCOC(=O)N1CCN(S(=O)(=O)c2ccc3c(c2)CCN3C(=O)C2CC2)CC1,Glucagon-like peptide 1 receptor
CCCCN1C(=O)C(CC(=O)NCCCN(C)C)CC(C(=O)N(C(C)C)C(C)C)=C1C,Glucagon-like peptide 1 receptor
CCc1nc2ccc(C(=O)NCc3ccc4c(c3)OCO4)cn2c1N(CC)CCN(C)C,Glucagon-like peptide 1 receptor
Cc1ccccc1-c1ccc(C[C@H](NC(=O)[C@H](Cc2ccc(-c3ccccc3)cc2)NC(=O)[C@H](CC(=O)O)NC(=O)[C@H](CO)NC(=O)[C@@H](NC(=O)[C@H](Cc2ccccc2)NC(=O)[C@@H](NC(=O)CNC(=O)[C@H](CCC(=O)O)NC(=O)[C@H](C)NC(=O)[C@@H](N)Cc2cnc[nH]2)[C@@H](C)O)[C@@H](C)O)C(N)=O)cc1,Glucagon-like peptide 1 receptor
COC(=O)CSc1nc2sc3c(c2c(=O)n1-c1ccccc1C)CC(C)(C)OC3,Glucagon-like peptide 1 receptor
Cc1nccc(-c2ccc(C[C@H](NC(=O)[C@@H]3Cc4cc5c(cc4CN3C(=O)N[C@@H](C)c3ccccc3)O[C@@H](c3ccc(OCc4ccc(Cl)c(Cl)c4)cc3)CO5)C(=O)O)cc2)c1C,Glucagon-like peptide 1 receptor
O=C(CNc1cccc([N+](=O)[O-])c1)N1CCN(S(=O)(=O)c2ccc(Cl)cc2)CC1,Glucagon-like peptide 1 receptor
CN(C)CCCNC(=O)N1c2ccccc2Sc2ccccc21,Glucagon-like peptide 1 receptor
Cc1ccc(C(=O)N2CCCC(N3CCN(c4ccccc4F)CC3)C2)s1,Glucagon-like peptide 1 receptor
O=C(CSc1cc(Cl)ccc1Cl)NCCN1C(=O)CSC1=O,Glucagon-like peptide 1 receptor
Cc1[nH]c2ccccc2c1/C=NNC(=O)c1ccccc1Cl,Glucagon-like peptide 1 receptor
CC1CCCC(C)N1C(=O)COC(=O)Cc1c[nH]c2ccccc12,Glucagon-like peptide 1 receptor
COc1ccc(-c2nnc(N)s2)cc1OC,Glucagon-like peptide 1 receptor
CCOC(=O)[C@]12CCC=C1N(Cc1ccc(Cl)cc1Cl)C(=O)[C@H](CC(=O)NCc1cccc3ccccc13)C2,Glucagon-like peptide 1 receptor
O=C(c1cccs1)N1C[C@H](O)[C@@H](n2cc(C3CC3)nn2)C[C@@H]1c1ccccc1,Glucagon-like peptide 1 receptor
COC(=O)Cn1c(=O)c2c(nc3n2CCCN3CCc2ccc(OC)c(OC)c2)n(C)c1=O,Glucagon-like peptide 1 receptor
O=C(C1CCCC1)N1CCN(S(=O)(=O)c2ccc(F)c(F)c2F)CC1,Glucagon-like peptide 1 receptor
COc1ccc(OC)c2nc(O)c(CCNS(=O)(=O)c3ccc(F)cc3)cc12,Glucagon-like peptide 1 receptor
O=C(C(=O)N1CCN(Cc2ccccc2)CC1)c1c[nH]c2ccccc12,Glucagon-like peptide 1 receptor
COC(=O)C1=CN(c2cccc(OCc3ccccc3)c2)C(N)=C(C#N)C1c1cccc(OC)c1OC,Glucagon-like peptide 1 receptor
Cc1ccc(C(=O)OCC(=O)N2CCC(c3ccccc3)=N2)cc1,Glucagon-like peptide 1 receptor
CC[C@@H](c1ccccc1)N1Cc2cc3c(cc2C[C@H]1C(=O)N[C@@H](Cc1ccc(-c2ccnc(C)c2)cc1)C(=O)O)OC[C@H](c1ccc(OCc2ccc(Cl)c(Cl)c2)cc1)O3,Glucagon-like peptide 1 receptor
COc1ccccc1C(O)c1nc(-c2cccc3ccccc23)c[nH]1,Glucagon-like peptide 1 receptor
COc1ccc(CCNC(=O)CC(C)(C)CC2=NS(=O)(=O)c3ccccc3N2)cc1OC,Glucagon-like peptide 1 receptor
COCOc1cccc(CN2CCC(C)(Oc3cccc(OC)c3)C2)c1,Glucagon-like peptide 1 receptor
Cc1cc(C(=O)N2CCCC(N3CCN(c4cccc(C(F)(F)F)c4)CC3)C2)no1,Glucagon-like peptide 1 receptor
O=C(NCCc1cccc(F)c1)C1CCCN(c2nc3ccccc3s2)C1,Glucagon-like peptide 1 receptor
COc1ccc(N(CC(=O)Nc2ccccc2C(F)(F)F)C2=NC3CS(=O)(=O)CC3S2)cc1,Glucagon-like peptide 1 receptor
O=C(Nc1ccc(F)cc1)C(CCc1ccccc1)N1CCN(Cc2c(F)cccc2Cl)CC1,Glucagon-like peptide 1 receptor
CC(OC(=O)c1ccc2ncsc2c1)C(=O)NC1CCCCC1C,Glucagon-like peptide 1 receptor
ClCC(CNCc1ccccc1)c1ccccc1,Glucagon-like peptide 1 receptor
O=C(O)c1ccc(CSCc2ccccc2)o1,Glucagon-like peptide 1 receptor
O=C1CN(C(=O)c2ccc(S(=O)(=O)N3CCCCC3)cc2)C(c2ccc(F)cc2)c2cc(F)ccc2N1,Glucagon-like peptide 1 receptor
CCCN(CC(=O)Nc1ccccc1OC)C(=O)CCC(=O)c1ccc(Cl)s1,Glucagon-like peptide 1 receptor
Cc1nccc(-c2ccc(C[C@H](NC(=O)[C@@H]3Cc4cc5c(cc4CN3C(=O)N3CCCCC3)O[C@@H](c3ccc(OCc4ccc(Cl)c(Cl)c4)cc3)CO5)C(=O)O)cc2)c1C,Glucagon-like peptide 1 receptor
COc1cc([C@H]2[C@](NC(=O)c3ccc(NC(=O)Cc4ccccc4)cc3)(C(=O)O)[C@@H](c3ccc(OC(=O)c4cccs4)c(OC)c3)[C@]2(NC(=O)c2ccc(NC(=O)Cc3ccccc3)cc2)C(=O)O)ccc1OC(=O)c1cccs1,Glucagon-like peptide 1 receptor
COc1cccc(NC(=O)CN(C)C(=O)c2ccc(OCc3ccccc3)c(OC)c2)c1,Glucagon-like peptide 1 receptor
CCOC(=O)c1nnn(-c2nonc2N)c1-c1cccs1,Glucagon-like peptide 1 receptor
CC/C(=NNC(=O)c1cc(C)oc1C)c1ccc(OC(F)F)cc1,Glucagon-like peptide 1 receptor
Cc1ccccc1CN1CC2=C(CCN(Cc3ccccc3)C2=O)N2CCN=C12,Glucagon-like peptide 1 receptor
C=CCN(c1ccccc1Cl)S(=O)(=O)c1cc(C(=O)N2CCCC2)ccc1Cl,Glucagon-like peptide 1 receptor
COc1ccc(C(=O)CSc2nnc(CNC(=O)c3ccccc3F)n2C)cc1OC,Glucagon-like peptide 1 receptor
Cc1ccc(S(=O)(=O)N2[C@H](CC(=O)c3ccc(F)cc3)OC[C@@H]2C(C)C)cc1,Glucagon-like peptide 1 receptor
CC[C@H](C)[C@H](NC(=O)[C@H](Cc1ccccc1)NC(=O)[C@H](CCC(=O)O)NC(=O)[C@@H]1CCCCNC(=O)CCC[C@H](NC(=O)[C@H](CCC(=O)O)NC(=O)[C@H](CC(C)C)NC(=O)[C@H](Cc2ccc(O)cc2)NC(=O)[C@H](CO)NC(=O)[C@H](CO)NC(=O)[C@@H](NC(=O)[C@H](CC(=O)O)NC(=O)[C@H](CO)NC(=O)[C@@H](NC(=O)[C@H](Cc2ccccc2)NC(=O)[C@@H](NC(=O)CNC(=O)[C@H](CCC(=O)O)NC(=O)CNC(=O)[C@@H](N)Cc2c[nH]cn2)[C@H](C)O)[C@H](C)O)C(C)C)C(=O)N[C@@H](CCC(N)=O)C(=O)N[C@@H](C)C(=O)N[C@@H](C)C(=O)N1)C(=O)N[C@@H](C)C(=O)N[C@@H](Cc1c[nH]c2ccccc12)C(=O)N[C@@H](CC(C)C)C(=O)N[C@H](C(=O)N[C@@H](CCCCN)C(=O)NCC(=O)N[C@@H](CCCNC(=N)N)C(=O)NCC(N)=O)C(C)C,Glucagon-like peptide 1 receptor
Cc1nc(C)c(S(=O)(=O)N2Cc3cc4c(cc3C[C@H]2C(=O)N[C@@H](Cc2ccc(-c3ccc(C#N)cc3)cc2)C(=O)O)OCC(c2ccc(OCc3ccc(Cl)c(Cl)c3)cc2)O4)s1,Glucagon-like peptide 1 receptor
COc1ccccc1CCNS(=O)(=O)c1ccc(N2CCCCS2(=O)=O)cc1,Glucagon-like peptide 1 receptor
CCCc1nc2cc(Cl)c(Cl)cc2nc1S(C)(=O)=O,Glucagon-like peptide 1 receptor
Cc1nc(C(=O)N2Cc3cc4c(cc3C[C@H]2C(=O)N[C@@H](Cc2ccc(-c3ccnc(C)c3C)cc2)C(=O)O)OC[C@H](c2ccc(OCc3cc(Cl)ccc3Cl)cc2)O4)c(C)o1,Glucagon-like peptide 1 receptor
COc1ccc(C(=O)NCC2(c3ccc(OC)c(OC)c3)CCCC2)cc1OC,Glucagon-like peptide 1 receptor
C[C@H]1CCCCO[C@@H](CN(C)S(=O)(=O)c2ccc(Cl)cc2)[C@H](C)CN([C@@H](C)CO)C(=O)c2cc(NC(=O)C3CCCCC3)ccc2O1,Glucagon-like peptide 1 receptor
CCC1(C)NC(=O)N(NC(=O)C(C)Oc2ccc(C(C)(C)C)cc2)C1=O,Glucagon-like peptide 1 receptor
CC(NC(=O)c1ccc(Br)o1)C1CCCO1,Glucagon-like peptide 1 receptor
[H][C@]12C[C@@H](c3ccccc3)N(S(=O)(=O)c3ccc(C)cc3)C[C@@]1([H])C(=O)C[C@@H](c1ccccc1F)N2S(=O)(=O)c1ccc(C)cc1,Glucagon-like peptide 1 receptor
Cc1nccc(-c2ccc(C[C@H](NC(=O)[C@@H]3Cc4cc5c(cc4CN3C(=O)N[C@H](C)c3ccccc3)O[C@@H](c3ccc(OCc4ccc(Cl)c(Cl)c4)cc3)CO5)C(=O)O)cc2)c1C,Glucagon-like peptide 1 receptor
O=C(CN(c1ccccc1Cl)S(=O)(=O)c1ccccc1)NC1CC2CCC1C2,Glucagon-like peptide 1 receptor
COCc1ccc(CN2CCCCC2C(=O)Nc2ccc(Oc3ccccc3)nc2)o1,Glucagon-like peptide 1 receptor
CC[C@H](C)[C@H](NC(=O)[C@H](Cc1ccccc1)NC(=O)[C@H](CCC(=O)O)NC(=O)[C@H](CCCCN)NC(=O)[C@H](C)NC(=O)[C@H](C)NC(=O)[C@H](CCCCNC(=O)COCCOCCNC(=O)CCN1C(=O)C=CC1=O)NC(=O)CNC(=O)[C@H](CCC(=O)O)NC(=O)[C@H](CC(C)C)NC(=O)[C@H](Cc1ccc(O)cc1)NC(=O)[C@H](CO)NC(=O)[C@H](CO)NC(=O)[C@@H](NC(=O)[C@H](CC(=O)O)NC(=O)[C@H](CO)NC(=O)[C@@H](NC(=O)[C@H](Cc1ccccc1)NC(=O)[C@@H](NC(=O)CNC(=O)[C@H](CCC(=O)O)NC(=O)[C@H](C)NC(=O)[C@@H](N)Cc1c[nH]cn1)[C@@H](C)O)[C@@H](C)O)C(C)C)C(=O)N[C@@H](C)C(=O)N[C@@H](Cc1c[nH]c2ccccc12)C(=O)N[C@@H](CC(C)C)C(=O)N[C@H](C(=O)N[C@@H](CCCCN)C(=O)NCC(=O)N[C@@H](CCCN=C(N)N)C(N)=O)C(C)C,Glucagon-like peptide 1 receptor
Cc1ccc(OCC(=O)N2CCOCC2)c([N+](=O)[O-])n1,Glucagon-like peptide 1 receptor
[H][C@@]1([C@@H](C)O)NC(=O)[C@](C)(Cc2ccccc2F)NC(=O)[C@@H](NC(=O)CNC(=O)[C@H](CCC(=O)O)NC(=O)C(C)(C)NC(=O)[C@@H](N)Cc2cnc[nH]2)CCCCNC(=O)C[C@@H](C(=O)N[C@@H](Cc2ccc(-c3ccc(OC)cc3CC)cc2)C(=O)N[C@@H](CCCc2ccccc2)C(N)=O)NC(=O)[C@H](CO)NC1=O,Glucagon-like peptide 1 receptor
CCC1CCCCN1C(=O)c1ccc(OC)c(OC2CCN(C(C)=O)CC2)c1,Glucagon-like peptide 1 receptor
COc1ccc(CCNC(=O)CCc2c[nH]c3ccccc23)cc1,Glucagon-like peptide 1 receptor
O=C(CN1C(=O)CSc2ccc(S(=O)(=O)N3CCCC3)cc21)NCc1ccc(F)cc1Cl,Glucagon-like peptide 1 receptor
CCOC(=O)CC1c2ccccc2-n2nncc2CN1CC1CCCCC1,Glucagon-like peptide 1 receptor
CCc1ccc(C(O)c2nc(-c3ccccc3C(F)(F)F)c[nH]2)cc1,Glucagon-like peptide 1 receptor
Cc1cc(C)c(C(O)c2nc(-c3ccccc3F)c[nH]2)c(C)c1,Glucagon-like peptide 1 receptor
Cc1c(C(=O)NCc2ccccc2C(F)(F)F)sc(=O)n1Cc1ccc2ccccc2c1,Glucagon-like peptide 1 receptor
COc1ccc(C(CNC(=O)c2cccc(S(=O)(=O)N3CCCCC3)c2)N2CCCC2)cc1,Glucagon-like peptide 1 receptor
COc1ccc(C(NC(=O)C2CCN(CCc3ccccc3)CC2)c2ccccn2)cc1,Glucagon-like peptide 1 receptor
CC(=O)Nc1cccc(-c2csc(C(O)c3cccc(Cl)c3)n2)c1,Glucagon-like peptide 1 receptor
C[C@H](NC(=O)[C@@H](N)Cc1cnc[nH]1)C(=O)N[C@@H](CCC(=O)O)C(=O)NCC(=O)N[C@H](C(=O)N[C@@H](Cc1ccccc1)C(=O)N[C@H](C(=O)N[C@@H](CO)C(=O)N[C@@H](CC(=O)O)C(=O)N[C@@H](Cc1ccc(-c2ccccc2)cc1)C(N)=O)[C@@H](C)O)[C@@H](C)O,Glucagon-like peptide 1 receptor
CC[C@H](C)[C@H](NC(=O)[C@H](Cc1ccccc1)NC(=O)[C@H](CCC(=O)O)NC(=O)[C@H](CCCCN)NC(=O)[C@H](C)NC(=O)[C@H](C)NC(=O)[C@H](CCC(N)=O)NC(=O)CNC(=O)[C@H](CCC(=O)O)NC(=O)[C@H](CC(C)C)NC(=O)[C@H](Cc1ccc(O)cc1)NC(=O)[C@H](CO)NC(=O)[C@H](CO)NC(=O)[C@@H](NC(=O)[C@H](CC(=O)O)NC(=O)[C@H](CO)NC(=O)[C@@H](NC(=O)[C@H](Cc1ccccc1)NC(=O)[C@@H](NC(=O)CNC(=O)[C@H](CCC(=O)O)NC(=O)[C@@H](C)NC(=O)[C@@H](N)Cc1c[nH]cn1)[C@@H](C)O)[C@@H](C)O)C(C)C)C(=O)N[C@@H](C)C(=O)N[C@@H](Cc1c[nH]c2ccccc12)C(=O)N[C@@H](CC(C)C)C(=O)N[C@H](C(=O)N[C@@H](CCCCN)C(=O)NCC(=O)N[C@@H](CCCN=C(N)N)C(=O)N[C@@H](CCCCNC(=O)COCCOCCNC(=O)CCN1C(=O)C=CC1=O)C(N)=O)C(C)C,Glucagon-like peptide 1 receptor
Cc1ccc(S(=O)(=O)N2[C@@H](C)CO[C@H]2CC(=O)OCc2ccccc2)cc1,Glucagon-like peptide 1 receptor
CC(C)(C)c1ccc(CC(=O)N2CCC2(C)C(=O)NS(=O)(=O)c2cccc(Cl)c2)cc1,Glucagon-like peptide 1 receptor
COc1ccc(-n2nnnc2C(c2cc3ccccc3o2)N2CCN(C/C=C/c3ccccc3)CC2)cc1,Glucagon-like peptide 1 receptor
Cc1nc(N2CCOCC2)ccc1S(=O)(=O)N1Cc2cc3c(cc2C[C@H]1C(=O)N[C@@H](Cc1ccc(-c2ccc(C#N)cc2)cc1)C(=O)O)OCC(c1ccc(OCc2ccc(Cl)c(Cl)c2)cc1)O3,Glucagon-like peptide 1 receptor
CC[C@H](C)[C@H](NC(=O)[C@H](CCC(=O)O)NC(=O)[C@H](CCCCN)NC(=O)[C@H](C)NC(=O)[C@H](CCC(N)=O)NC(=O)[C@H](CCC(N)=O)NC(=O)CNC(=O)[C@H](CCC(=O)O)NC(=O)[C@H](CCCCNC(C)=O)NC(=O)[C@H](Cc1ccc(O)cc1)NC(=O)[C@H](CO)NC(=O)[C@H](CO)NC(=O)[C@@H](NC(=O)[C@H](CC(=O)O)NC(=O)[C@H](CO)NC(=O)[C@@H](NC(=O)[C@H](Cc1ccccc1)NC(=O)[C@@H](NC(=O)CNC(=O)[C@H](CCC(=O)O)NC(=O)[C@H](C)NC(=O)[C@@H](N)Cc1cnc[nH]1)[C@@H](C)O)[C@@H](C)O)C(C)C)C(=O)N[C@@H](Cc1ccccc1)C(=O)N[C@@H](C)C(=O)N[C@@H](Cc1c[nH]c2ccccc12)C(=O)N[C@@H](CC(C)C)C(=O)N[C@H](C(=O)N[C@@H](CCCCN)C(=O)NCC(=O)N[C@@H](CCCNC(=N)N)C(N)=O)C(C)C,Glucagon-like peptide 1 receptor
COCCNC(=O)C1(C)CCCN(Cc2ccc(Oc3ccccc3)cc2)C1,Glucagon-like peptide 1 receptor
O=C(c1cc2ccccc2o1)N1CCN(c2cccc(Cl)c2)CC1,Glucagon-like peptide 1 receptor
C[C@H]1CN(c2ccccc2)C(=O)[C@@H]1CC(=O)Nc1ccc(Br)cc1,Glucagon-like peptide 1 receptor
CC(=O)Nc1ccc(NC(=O)CSc2ccc(C)cc2)cc1,Glucagon-like peptide 1 receptor
O=P(CCc1ccccc1)(c1ccccc1)c1ccccc1,Glucagon-like peptide 1 receptor
CN1CCN([C@@H]2CS(=O)(=O)N[C@H]2COCc2ccccc2)CC1,Glucagon-like peptide 1 receptor
Cc1cc(F)ccc1-c1cc(C(=O)NCc2ccccc2)[nH]n1,Glucagon-like peptide 1 receptor
Cc1ccccc1C(=O)NC1CCN(CC(=O)NCc2ccc(F)cc2)CC1,Glucagon-like peptide 1 receptor
CC(C)CCOc1ccc(C(=O)NCC(c2cccs2)N2CCOCC2)cc1,Glucagon-like peptide 1 receptor
Cc1ccc(S(=O)(=O)NC(=O)Nc2ccnc(N)n2)cc1,Glucagon-like peptide 1 receptor
O=C(CN1CCN(Cc2cccc(F)c2)CC1)Nc1ccccc1F,Glucagon-like peptide 1 receptor
O=C(NC1CCN(Cc2ccccc2)CC1)c1cc(Br)c(Br)[nH]1,Glucagon-like peptide 1 receptor
COCCNc1nc(C)c(S(=O)(=O)N2Cc3cc4c(cc3C[C@H]2C(=O)N[C@@H](Cc2ccc(-c3ccc(C#N)cc3)cc2)C(=O)O)OC[C@H](c2ccc(OCc3ccc(Cl)c(Cl)c3)cc2)O4)s1,Glucagon-like peptide 1 receptor
CC(Oc1cccc(Cl)c1)C(=O)N1CCCN(C)CC1,Glucagon-like peptide 1 receptor
COc1ccccc1C(C(=O)c1ccccc1)c1ccc2ccccc2c1,Glucagon-like peptide 1 receptor
CC1OC(C(C)(C)C)CC2=C1C(=O)OC(C)(C)O2,Glucagon-like peptide 1 receptor
O=C1c2ccccc2S(=O)(=O)c2cc(C(=O)N3CCN(C(=O)c4ccccc4)CC3)ccc21,Glucagon-like peptide 1 receptor
CC(C)(C)C1CCc2nc(NC(=O)COc3ccccc3[N+](=O)[O-])sc2C1,Glucagon-like peptide 1 receptor
CCN(CC)CCOc1nnc(-c2ccc(OC)cc2)c2ccccc12,Glucagon-like peptide 1 receptor
CN(C)C(CNC(=O)C1CC(=O)N(c2cccc(C(F)(F)F)c2)C1)c1ccccc1,Glucagon-like peptide 1 receptor
O=C(Nc1c2c(nn1-c1ccccc1)CS(=O)(=O)C2)c1ccccc1Br,Glucagon-like peptide 1 receptor
CC1(Oc2ccc(F)cc2)CCN(Cc2ccccc2OC(F)F)C1,Glucagon-like peptide 1 receptor
CCC(C)c1nc2ccsc2c(N2CCOC2=O)c1-c1ccccc1,Glucagon-like peptide 1 receptor
Cc1ccc(C)c(C(=O)CN2C(=O)NC3(CCCCCC3)C2=O)c1,Glucagon-like peptide 1 receptor
Cc1cc(C)cc(Oc2ccc(S(=O)(=O)N3CCN(C)CC3)cn2)c1,Glucagon-like peptide 1 receptor
Cc1ccc(-c2c[nH]c(C(O)c3ccc(Cl)cc3C)n2)cc1,Glucagon-like peptide 1 receptor
CCCCn1cnc2c(SCc3ccc([N+](=O)[O-])cc3)nc(N)nc21,Glucagon-like peptide 1 receptor
CC(=O)NS(=O)(=O)c1ccc(NS(=O)(=O)c2ccccc2[N+](=O)[O-])cc1,Glucagon-like peptide 1 receptor
C[C@H]1CN([C@@H](C)CO)C(=O)c2cc(C#Cc3cccnc3)cnc2O[C@H]1CN(C)Cc1ccc(F)cc1,Glucagon-like peptide 1 receptor
Cc1nccc(-c2ccc(C[C@H](NC(=O)[C@@H]3Cc4cc5c(cc4CN3C(=O)OCc3ccccc3)O[C@@H](c3ccc(OCc4ccc(Cl)c(Cl)c4)cc3)CO5)C(=O)O)cc2)c1C,Glucagon-like peptide 1 receptor
Cc1nc(C(=O)N2Cc3cc4c(cc3C[C@H]2C(=O)N[C@@H](Cc2ccc(-c3ccnc(C)c3C)cc2)C(=O)O)OC[C@H](c2ccc(OCc3c(F)cccc3Cl)cc2)O4)c(C)o1,Glucagon-like peptide 1 receptor
Cc1nccc(-c2ccc(C[C@H](NC(=O)[C@@H]3Cc4cc5c(cc4CN3S(C)(=O)=O)O[C@@H](c3ccc(OCc4ccc(Cl)c(Cl)c4)cc3)CO5)C(=O)O)cc2)c1C,Glucagon-like peptide 1 receptor
Cc1nccc(-c2ccc(C[C@H](NC(=O)[C@@H]3Cc4cc5c(cc4CN3C(=O)[C@H]3CCCN3C(=O)OC(C)(C)C)O[C@@H](c3ccc(OCc4ccc(Cl)c(Cl)c4)cc3)CO5)C(=O)O)cc2)c1C,Glucagon-like peptide 1 receptor
CC[C@H](C)[C@H](NC(=O)[C@H](Cc1ccccc1)NC(=O)[C@H](CCC(=O)O)NC(=O)[C@H](CCCCN)NC(=O)[C@H](C)NC(=O)[C@H](C)NC(=O)[C@H](CCC(N)=O)NC(=O)CNC(=O)[C@H](CCC(=O)O)NC(=O)[C@H](CC(C)C)NC(=O)[C@H](Cc1ccc(O)cc1)NC(=O)[C@H](CO)NC(=O)[C@H](CO)NC(=O)[C@@H](NC(=O)[C@H](CC(=O)O)NC(=O)[C@H](CO)NC(=O)[C@@H](NC(=O)[C@H](Cc1ccccc1)NC(=O)[C@@H](NC(=O)CNC(=O)[C@H](CCC(=O)O)NC(=O)[C@H](C)NC(=O)[C@H](Cc1c[nH]cn1)NC(=O)COCCOCCNC(=O)CCN1C(=O)C=CC1=O)[C@@H](C)O)[C@@H](C)O)C(C)C)C(=O)N[C@@H](C)C(=O)N[C@@H](Cc1c[nH]c2ccccc12)C(=O)N[C@@H](CC(C)C)C(=O)N[C@H](C(=O)N[C@@H](CCCCN)C(=O)NCC(=O)N[C@@H](CCCN=C(N)N)C(N)=O)C(C)C,Glucagon-like peptide 1 receptor
O=C(NCCCc1ccccc1)c1cccc(NC(=O)c2ccccc2)c1,Glucagon-like peptide 1 receptor
CCc1ccccc1-c1ccc(C[C@H](NC(=O)[C@H](CC(=O)O)NC(=O)[C@H](CO)NC(=O)[C@@H](NC(=O)[C@H](Cc2ccccc2)NC(=O)[C@@H](NC(=O)CNC(=O)[C@H](CCC(=O)O)NC(=O)[C@H](C)NC(=O)[C@@H](N)Cc2cnc[nH]2)[C@@H](C)O)[C@@H](C)O)C(=O)N[C@@H](Cc2ccc(-c3ccccc3C)cc2)C(N)=O)cc1,Glucagon-like peptide 1 receptor
CCCC(=O)N1CCC1(C)C(=O)Nc1ccc2scnc2c1,Glucagon-like peptide 1 receptor
CCN(CC(=O)N1CCOCC1)S(=O)(=O)c1ccc2ccccc2c1,Glucagon-like peptide 1 receptor
COc1ccc(C(=O)N2CC(=O)Nc3ccc(C)cc3C2c2ccccc2)cc1OC,Glucagon-like peptide 1 receptor
CC[C@H](C)[C@H](NC(=O)[C@H](Cc1ccccc1)NC(=O)[C@H](CCC(=O)O)NC(=O)[C@H](CCCCN)NC(=O)[C@H](C)NC(=O)[C@H](C)NC(=O)[C@H](CCC(N)=O)NC(=O)[C@@H]1CCC(=O)NCCCC[C@H](NC(=O)[C@H](CO)NC(=O)[C@@H](NC(=O)[C@H](CC(=O)O)NC(=O)[C@H](CO)NC(=O)[C@@H](NC(=O)[C@H](Cc2ccccc2)NC(=O)[C@@H](NC(=O)CNC(=O)[C@H](CCC(=O)O)NC(=O)[C@H](C)NC(=O)[C@@H](N)Cc2cnc[nH]2)[C@@H](C)O)[C@@H](C)O)C(C)C)C(=O)N[C@@H](Cc2ccc(O)cc2)C(=O)N[C@@H](CC(C)C)C(=O)N[C@@H](CCC(=O)O)C(=O)N1)C(=O)N[C@H]1CCCCNC(=O)C[C@@H](C(=O)NCC(=O)N[C@@H](CCCNC(=N)N)C(=O)NCC(N)=O)NC(=O)[C@H](C(C)C)NC(=O)[C@H](CC(C)C)NC(=O)[C@H](Cc2c[nH]c3ccccc23)NC1=O,Glucagon-like peptide 1 receptor
CC[C@@H](c1ccccc1)N1Cc2cc3c(cc2C[C@H]1C(=O)N[C@@H](Cc1ccc(-c2cc(C)nc(C)c2)cc1)C(=O)O)OC[C@H](c1ccc(OCc2ccc(Cl)c(Cl)c2)cc1)O3,Glucagon-like peptide 1 receptor
O=C(CSc1nc(=O)n(Cc2ccco2)c2c1CCC2)NCc1ccccc1,Glucagon-like peptide 1 receptor
COc1ccc(Cc2c(C3CCCCC3)nc3cc(C)c(Br)c(C)n23)c(C)c1,Glucagon-like peptide 1 receptor
CCN(CC)CCCOC(=O)C(O)(c1ccccc1)c1ccccc1.Cl,Glucagon-like peptide 1 receptor
CN(CC(=O)Nc1ccccc1Br)C(=O)c1ccccc1Sc1ccccc1C#N,Glucagon-like peptide 1 receptor
CC[C@H](C)[C@H](NC(=O)[C@H](Cc1ccccc1)NC(=O)[C@H](CCC(=O)O)NC(=O)[C@H](CCCCNC(=O)COc1ccc(-c2ccccc2)cc1C(=O)O)NC(=O)[C@H](C)NC(=O)[C@H](C)NC(=O)[C@H](CCC(N)=O)NC(=O)CNC(=O)[C@H](CCC(=O)O)NC(=O)[C@H](CC(C)C)NC(=O)[C@H](Cc1ccc(O)cc1)NC(=O)[C@H](CO)NC(=O)[C@H](CO)NC(=O)[C@@H](NC(=O)[C@H](CC(=O)O)NC(=O)[C@H](CO)NC(=O)[C@@H](NC(=O)[C@H](Cc1ccccc1)NC(=O)[C@@H](NC(=O)CNC(=O)[C@H](CCC(=O)O)NC(=O)[C@H](C)NC(=O)[C@@H](N)Cc1cnc[nH]1)[C@@H](C)O)[C@@H](C)O)C(C)C)C(=O)N[C@@H](C)C(=O)N[C@@H](Cc1c[nH]c2ccccc12)C(=O)N[C@@H](CC(C)C)C(=O)N[C@H](C(=O)N[C@@H](CCCNC(=N)N)C(=O)NCC(=O)N[C@@H](CCCNC(=N)N)C(=O)NCC(=O)O)C(C)C,Glucagon-like peptide 1 receptor
O=C(Nc1cccc2c1CCCC2)c1cc(C2CCCCN2S(=O)(=O)c2cccs2)on1,Glucagon-like peptide 1 receptor
COc1cccc(CN2CCC2(C)C(=O)Nc2cccc(NS(C)(=O)=O)c2)c1OC,Glucagon-like peptide 1 receptor
COc1ccccc1NS(=O)(=O)c1ccc(C(=O)NCC(c2ccco2)N(C)C)cc1,Glucagon-like peptide 1 receptor
COc1ccc(OC)c(CN2CCN(C(=O)c3cccc(S(=O)(=O)Nc4ccc(F)cc4)c3)CC2)c1,Glucagon-like peptide 1 receptor
O=C(NCCc1ccccc1)c1cccc2c(-c3ccc(F)c(F)c3)coc12,Glucagon-like peptide 1 receptor
O=C1C2C3C=CC(C3)C2C(=O)N1c1nccs1,Glucagon-like peptide 1 receptor
CC(C)NC(=O)CN1CCN(C(c2ccnc3ccccc23)c2nnnn2-c2ccc3c(c2)OCCO3)CC1,Glucagon-like peptide 1 receptor
COc1cccc(NC(=O)C2(C)CCN2C(C)C)c1OC,Glucagon-like peptide 1 receptor
Cc1ccc(NC(=O)C(c2ccccc2)N2CCN(CC(=O)NC3CC3)CC2)cc1Cl,Glucagon-like peptide 1 receptor
Cc1cc(Oc2ccc([N+](=O)[O-])cc2)nc(N2CCOCC2)n1,Glucagon-like peptide 1 receptor
CC(C)C(C=Cc1ccccc1)=NNS(=O)(=O)c1ccccc1,Glucagon-like peptide 1 receptor
O=C(Nc1ccccc1C(=O)Nc1ccccc1)c1ccccc1Br,Glucagon-like peptide 1 receptor
O=C(CN(c1cc(C(F)(F)F)ccc1Cl)S(=O)(=O)c1ccccc1)NCc1cccnc1,Glucagon-like peptide 1 receptor
CC1(c2ccccc2Cl)NC(=O)N(CC(=O)NCc2ccc3c(c2)OCO3)C1=O,Glucagon-like peptide 1 receptor
COc1cc[n+]([O-])cc1[N+](=O)[O-],Glucagon-like peptide 1 receptor
COc1cccc(CNC(=O)[C@@H]2CCCN2)c1.Cl,Glucagon-like peptide 1 receptor
CCOC(=O)C1=CCC(c2cccc3ccccc23)N(S(=O)(=O)c2ccc(C)cc2)C1,Glucagon-like peptide 1 receptor
CC[C@H](C)[C@H](NC(=O)[C@H](Cc1ccccc1)NC(=O)[C@H](CCC(=O)O)NC(=O)[C@H](CCCCN)NC(=O)[C@H](C)NC(=O)[C@H](C)NC(=O)[C@H](CCC(N)=O)NC(=O)CNC(=O)[C@@H]1CCCN1C(=O)[C@H](CC(C)C)NC(=O)[C@H](Cc1ccc(O)cc1)NC(=O)[C@H](CO)NC(=O)[C@H](CO)NC(=O)[C@@H](NC(=O)[C@H](CC(=O)O)NC(=O)[C@H](CO)NC(=O)[C@@H](NC(=O)[C@H](Cc1ccccc1)NC(=O)[C@@H](NC(=O)CNC(=O)[C@H](CCC(=O)O)NC(=O)[C@H](C)NC(=O)[C@@H](N)Cc1cnc[nH]1)[C@@H](C)O)[C@@H](C)O)C(C)C)C(=O)N[C@H]1CCCCNC(=O)C[C@@H](C(=O)NCC(=O)N[C@@H](CCCNC(=N)N)C(=O)NCC(N)=O)NC(=O)[C@H](C(C)C)NC(=O)[C@H](CC(C)C)NC(=O)[C@H](Cc2c[nH]c3ccccc23)NC1=O,Glucagon-like peptide 1 receptor
[H][C@]12C[C@@H](c3cccc(Oc4ccccc4)c3)N(C(=O)CCc3ccccc3)C[C@@]1([H])CON2C,Glucagon-like peptide 1 receptor
COC(=O)[C@]12CCCCC=C1N(Cc1ccco1)C(=O)[C@H](CC(=O)NCc1cccc(C(F)(F)F)c1)C2,Glucagon-like peptide 1 receptor
CCCCn1nnnc1C(c1ccccc1)N1CCN(Cc2c(F)cccc2Cl)CC1,Glucagon-like peptide 1 receptor
Cc1nccc(-c2ccc(C[C@H](NC(=O)[C@@H]3Cc4cc5c(cc4CN3C(=O)Nc3ccccn3)O[C@@H](c3ccc(OCc4ccc(Cl)c(Cl)c4)cc3)CO5)C(=O)O)cc2)c1C,Glucagon-like peptide 1 receptor
Cc1ccc(-c2c[nH]c(C(O)c3c(C)cccc3C)n2)cc1,Glucagon-like peptide 1 receptor
CC(C)CCNC(=O)C1CCCN(S(=O)(=O)c2ccc(F)cc2)C1,Glucagon-like peptide 1 receptor
Cc1ccc(S(=O)(=O)N2CCCC2CNC(=O)c2ccccc2)cc1,Glucagon-like peptide 1 receptor
Cc1c(C(=O)NCCC#N)sc(=O)n1Cc1ccccc1F,Glucagon-like peptide 1 receptor
O=C(CC[C@H]1O[C@@H](n2ccc(=O)[nH]c2=O)[C@H](O)[C@@H]1O)N[C@H](Cc1ccccc1)C(=O)NCc1cccs1,Glucagon-like peptide 1 receptor
CCc1cc(OC)ccc1-c1ccc(C[C@H](NC(=O)[C@H](CC(=O)O)NC(=O)[C@H](CO)NC(=O)[C@@H](NC(=O)[C@](C)(Cc2c(F)cccc2F)NC(=O)[C@@H](NC(=O)CNC(=O)[C@H](CCC(=O)O)NC(=O)[C@@H]2CCCN2C(=O)[C@@H](N)Cc2cnc[nH]2)[C@@H](C)O)[C@@H](C)O)C(=O)N[C@@H](CCCc2ccccc2)C(=O)N[C@H]2CSSC[C@@H](C(=O)N[C@@H](CO)C(=O)O)NC(=O)[C@H](C(C)C)NC(=O)[C@H](C(C)C)NC(=O)CNC(=O)[C@H](C(C)C)NC(=O)[C@H](C(C)C)NC(=O)[C@H](C(C)C)NC(=O)CNC(=O)CNC2=O)cc1,Glucagon-like peptide 1 receptor
COc1cccc(NC(=O)C2(C)CCN2CCc2ccccc2)c1,Glucagon-like peptide 1 receptor
Cc1nc2ccccc2nc1OCc1cccc([N+](=O)[O-])c1,Glucagon-like peptide 1 receptor
Cc1ccc(CN2CCC2(C)C(=O)NC2CCc3ccccc32)cc1,Glucagon-like peptide 1 receptor
COc1cccc(/C=C2SC(=S)N(CCCC(=O)Nc3cccc(C(=O)O)c3)C2=O)c1,Glucagon-like peptide 1 receptor
[H][C@]12C(=O)N(C(C)(C)C)C(=O)[C@@]1([H])[C@@H](c1ccc(OC)cc1)N1C(=O)N(c3cccc(F)c3)C(=O)[C@]12CC(C)C,Glucagon-like peptide 1 receptor
COc1cc([C@H]2[C@](NC(=O)c3ccc(NC(=O)COCc4ccccc4)cc3)(C(=O)O)[C@@H](c3ccc(OC(=O)c4cccs4)c(OC)c3)[C@]2(NC(=O)c2ccc(NC(=O)COCc3ccccc3)cc2)C(=O)O)ccc1OC(=O)c1cccs1,Glucagon-like peptide 1 receptor
O=C(/C=C/[C@H]1O[C@@H](n2ccc(=O)[nH]c2=O)[C@H](O)[C@@H]1O)NCCN1CCOCC1,Glucagon-like peptide 1 receptor
CCCCCCCCCCCCCC(CCCCC(=O)NCCCC[C@H](NC(=O)CNC(=O)[C@H](CCCN=C(N)N)NC(=O)[C@@H](NC(=O)[C@H](CC(C)C)NC(=O)[C@H](Cc1c[nH]c2ccccc12)NC(=O)[C@H](C)NC(=O)[C@@H](NC(=O)[C@H](Cc1ccccc1)NC(=O)[C@H](CCC(=O)O)NC(=O)[C@H](CCCN=C(N)N)NC(=O)[C@H](C)NC(=O)[C@H](C)NC(=O)[C@H](CCC(N)=O)NC(=O)CNC(=O)[C@H](CCC(=O)O)NC(=O)[C@H](CC(C)C)NC(=O)[C@H](Cc1ccc(O)cc1)NC(=O)[C@H](CO)NC(=O)[C@H](CO)NC(=O)[C@@H](NC(=O)[C@H](CC(=O)O)NC(=O)[C@H](CO)NC(=O)[C@@H](NC(=O)[C@H](Cc1ccccc1)NC(=O)[C@@H](NC(=O)CNC(=O)[C@H](CCC(=O)O)NC(=O)[C@H](C)NC(=O)[C@@H](N)Cc1c[nH]cn1)[C@@H](C)O)[C@@H](C)O)C(C)C)[C@@H](C)CC)C(C)C)C(=O)NCC(=O)O)C(=O)O,Glucagon-like peptide 1 receptor
Cc1cc(Br)cn2c(Cc3ccccc3)c(-c3cccc(Br)c3)nc12,Glucagon-like peptide 1 receptor
[H][C@]12C[C@@H](c3ccccc3)N(S(=O)(=O)c3ccc(Cl)cc3)CC1=C(OCC)C[C@@H](c1ccccc1)N2S(=O)(=O)c1ccc(C)cc1,Glucagon-like peptide 1 receptor
[H][C@@]1([C@@H](C)CC)NC(=O)[C@H](CCC(=O)O)NC(=O)[C@]2([H])CCCN2C(=O)[C@H](Cc2cnc[nH]2)NC(=O)[C@H](CC(=O)O)NC(=O)[C@H](Cc2ccc(O)cc2)NC(=O)[C@H](CC(N)=O)NC(=O)[C@]2([H])CSSC[C@]3([H])NC(=O)CNC(=O)CNC(=O)CNC(=O)[C@H](C)NC(=O)[C@H](C)NC(=O)CNC(=O)CNC(=O)[C@]([H])(CSSC[C@]([H])(NC3=O)C(=O)N[C@@H](CO)C(=O)N[C@@H](CC(=O)O)C(=O)N3CCC[C@@]3([H])C(=O)N[C@@H](CCCNC(=N)N)C(=O)N2)NC1=O,Glucagon-like peptide 1 receptor
CS(=O)(=O)c1nc2cc(Cl)c(Cl)cc2nc1C(F)(F)F,Glucagon-like peptide 1 receptor
CC1(C(=O)Nc2cnc3ccccc3c2)CCN1Cc1cc2ccccc2o1,Glucagon-like peptide 1 receptor
Cc1nc(N)sc1C(=O)N1Cc2cc3c(cc2C[C@H]1C(=O)N[C@@H](Cc1ccc(-c2ccc(C#N)cc2)cc1)C(=O)O)OCC(c1ccc(OCc2ccc(Cl)c(Cl)c2)cc1)O3,Glucagon-like peptide 1 receptor
COc1ccc(OC2(C)CCN(Cc3ccccc3OC(F)F)C2)cc1,Glucagon-like peptide 1 receptor
CCCCS(=O)(=O)C(=C1Nc2ccccc2N1)S(=O)(=O)CCCC,Glucagon-like peptide 1 receptor
NC(CCc1ccccc1)c1csc(Nc2ccc(C(=O)NCCO)cc2)n1,Glucagon-like peptide 1 receptor
Cn1ccc2c(-c3cccc(C=O)c3)cc3c(c21)C1CCC3O1,Glucagon-like peptide 1 receptor
CSc1ccccc1OCc1cc(C(=O)N(C)Cc2c(C)n[nH]c2C)no1,Glucagon-like peptide 1 receptor
N#Cc1nc2cc(Cl)c(Cl)cc2nc1C(F)(F)F,Glucagon-like peptide 1 receptor
CCCNC(=O)C1(C)CCCN(Cc2cc3ccccc3o2)C1,Glucagon-like peptide 1 receptor
Cc1ccccc1S(=O)(=O)Cc1ccc(C(=O)NCCN(Cc2ccccc2)C(C)C)o1,Glucagon-like peptide 1 receptor
CC1(Oc2cccc(C#N)c2)CCN(Cc2csc3ccccc23)C1,Glucagon-like peptide 1 receptor
Cc1ccc(-n2ncc(C(=O)NCCCN3CCCCC3)c2C2CCN(C(=O)OC(C)(C)C)CC2)cc1,Glucagon-like peptide 1 receptor
COc1ccc(NC(=O)c2cc(C3CCCCN3C(=O)CCc3ccccc3)on2)c(C)c1,Glucagon-like peptide 1 receptor
COCCNC(=O)C1(C)CCN(C(=O)c2cc(-c3ccccc3)cs2)C1,Glucagon-like peptide 1 receptor
Cc1nc(NCCC(C)C)sc1S(=O)(=O)N1Cc2cc3c(cc2C[C@H]1C(=O)N[C@@H](Cc1ccc(-c2ccc(C#N)cc2)cc1)C(=O)O)OCC(c1ccc(OCc2ccc(Cl)c(Cl)c2)cc1)O3,Glucagon-like peptide 1 receptor
Cc1cc(C(=O)N2Cc3cc4c(cc3C[C@H]2C(=O)N[C@@H](Cc2ccc(-c3ccnc(C)c3C)cc2)C(=O)O)OC[C@H](c2ccc(OCc3ccc(Cl)c(Cl)c3)cc2)O4)no1,Glucagon-like peptide 1 receptor
CC[C@H](C)[C@H](NC(=O)[C@H](Cc1ccccc1)NC(=O)[C@H](CCC(=O)O)NC(=O)[C@H](CCCCN)NC(=O)[C@H](C)NC(=O)[C@H](C)NC(=O)[C@H](CCC(N)=O)NC(=O)[C@@H]1CCCCNC(=O)CC[C@H](NC(=O)[C@H](CO)NC(=O)[C@@H](NC(=O)[C@H](CC(=O)O)NC(=O)[C@H](CO)NC(=O)[C@@H](NC(=O)[C@H](Cc2ccccc2)NC(=O)[C@@H](NC(=O)CNC(=O)[C@H](CCC(=O)O)NC(=O)CNC(=O)[C@@H](N)Cc2c[nH]cn2)[C@@H](C)O)[C@@H](C)O)C(C)C)C(=O)N[C@@H](Cc2ccc(O)cc2)C(=O)N[C@@H](CC(C)C)C(=O)N[C@@H](CCC(=O)O)C(=O)N1)C(=O)N[C@@H](C)C(=O)N[C@@H](Cc1c[nH]c2ccccc12)C(=O)N[C@@H](CC(C)C)C(=O)N[C@H](C(=O)N[C@@H](CCCCN)C(=O)NCC(=O)N[C@@H](CCCNC(=N)N)C(=O)NCC(N)=O)C(C)C,Glucagon-like peptide 1 receptor
CC(=O)Nc1ccc(-c2ccnc3c2CC(C)(C(=O)Nc2cccc(Oc4ccccc4)c2)O3)cc1,Glucagon-like peptide 1 receptor
CC[C@H](C)[C@H](NC(=O)[C@H](Cc1ccccc1)NC(=O)[C@H](CCC(=O)O)NC(=O)[C@@H]1CCCCNC(=O)CC[C@H](NC(=O)[C@H](CCC(=O)O)NC(=O)[C@H](CC(C)C)NC(=O)[C@H](Cc2ccc(O)cc2)NC(=O)[C@H](CO)NC(=O)[C@H](CO)NC(=O)[C@@H](NC(=O)[C@H](CC(=O)O)NC(=O)[C@H](CO)NC(=O)[C@@H](NC(=O)[C@H](Cc2ccccc2)NC(=O)[C@@H](NC(=O)CNC(=O)[C@H](CCC(=O)O)NC(=O)[C@H](C)NC(=O)[C@@H](N)Cc2cnc[nH]2)[C@@H](C)O)[C@@H](C)O)C(C)C)C(=O)N[C@@H](CCC(N)=O)C(=O)N[C@@H](C)C(=O)N[C@@H](C)C(=O)N1)C(=O)N[C@H]1CCC(=O)NCCCC[C@@H](C(=O)NCC(=O)N[C@@H](CCCNC(=N)N)C(N)=O)NC(=O)[C@H](C(C)C)NC(=O)[C@H](CC(C)C)NC(=O)[C@H](Cc2c[nH]c3ccccc23)NC1=O,Glucagon-like peptide 1 receptor
Cc1cc(C(=O)N2Cc3cc4c(cc3C[C@H]2C(=O)N[C@@H](Cc2ccc(Oc3ccnc(C)c3C)cc2)C(=O)O)OC[C@H](c2ccc(OCc3ccc(Cl)c(Cl)c3)cc2)O4)n(C)n1,Glucagon-like peptide 1 receptor
COc1ccccc1CNC(=O)CN1C(=O)NC2(CCCCCCC2)C1=O,Glucagon-like peptide 1 receptor
Cc1nccc(-c2ccc(C[C@H](NC(=O)[C@@H]3Cc4cc5c(cc4CN3C(=O)C3CCCC3)O[C@@H](c3ccc(OCc4ccc(Cl)c(Cl)c4)cc3)CO5)C(=O)O)cc2)c1C,Glucagon-like peptide 1 receptor
Cc1nc(CN2Cc3cc4c(cc3C[C@H]2C(=O)N[C@@H](Cc2ccc(-c3ccnc(C)c3C)cc2)C(=O)O)OC[C@H](c2ccc(OCc3ccc(Cl)c(Cl)c3)cc2)O4)c(C)o1,Glucagon-like peptide 1 receptor
CCCN1CCN(C(=O)CCn2c(=O)c3cccn3c3cccnc32)CC1,Glucagon-like peptide 1 receptor
CCN(c1ccccc1)P(=O)(Nc1ccccc1)Nc1ccccc1,Glucagon-like peptide 1 receptor
CC(C)NC(=O)c1cc(C2CCCCN2C(=O)c2ccc(C(C)C)cc2)on1,Glucagon-like peptide 1 receptor
N#Cc1ccc(-c2ccc(C[C@H](NC(=O)[C@@H]3Cc4cc5c(cc4CN3S(=O)(=O)c3ccc(N4CCOCC4)nc3)OC(c3ccc(OCc4ccc(Cl)c(Cl)c4)cc3)CO5)C(=O)O)cc2)cc1,Glucagon-like peptide 1 receptor
CCC(=O)N1CCc2cc(S(=O)(=O)CCC(=O)NCc3ccc(F)cc3)ccc21,Glucagon-like peptide 1 receptor
N#Cc1cccc(NC(=O)c2cc(C3CCCCN3C(=O)c3ccccc3)on2)c1,Glucagon-like peptide 1 receptor
COc1ccc(NC(=O)c2cc3c(Cl)nc4ccccc4c3s2)c(OC)c1,Glucagon-like peptide 1 receptor
CC1(C(=O)Nc2ccc3ccccc3c2)CCC(=O)N1CC(F)(F)F,Glucagon-like peptide 1 receptor
Nc1ncnc2c1ncn2[C@@H]1O[C@H](C(=O)N2CCC(F)(F)CC2)[C@@H](O)[C@H]1O,Glucagon-like peptide 1 receptor
CC[C@H](NC(=O)N1Cc2cc3c(cc2C[C@H]1C(=O)N[C@@H](Cc1ccc(-c2ccnc(C)c2C)cc1)C(=O)O)OC[C@H](c1ccc(OCc2ccc(Cl)c(Cl)c2)cc1)O3)c1ccccc1,Glucagon-like peptide 1 receptor
Cc1ccc(C(O)c2nc(-c3ccc(F)cc3)c[nH]2)c(C)c1,Glucagon-like peptide 1 receptor
COc1ccc(Cc2c(-c3ccc(C)cc3)nc3c(C)cc(Br)cn23)c(C)c1,Glucagon-like peptide 1 receptor
Cc1c(C(=O)NCc2ccc3c(c2)OCO3)sc(=O)n1Cc1ccc(-c2ccccc2)cc1,Glucagon-like peptide 1 receptor
Cc1cc(C)c(/C=C/c2onc(C)c2S(=O)(=O)N2CCC(C(=O)NCc3ccco3)CC2)c(C)c1,Glucagon-like peptide 1 receptor
CCOC(=O)C1=C(COC(=O)c2cc(S(=O)(=O)N(C)C)ccc2C)NC(=O)NC1C,Glucagon-like peptide 1 receptor
O=C(NCc1ccccc1CN1CCCC1)c1ccc(S(=O)(=O)Nc2ccccc2)cc1,Glucagon-like peptide 1 receptor
Cc1cn([C@H]2C[C@H](O)[C@@H](/C=C/C(=O)NCCc3ccc(S(N)(=O)=O)cc3)O2)c(=O)[nH]c1=O,Glucagon-like peptide 1 receptor
OC(COc1ccccc1)CN1CCN(c2cccc(Cl)c2)CC1,Glucagon-like peptide 1 receptor
CC(C)=CCC[C@H](C)C[C@@H]1CC2=C(C(=O)OC(C)(C)O2)[C@@H](c2ccc(F)cc2)O1,Glucagon-like peptide 1 receptor
Cc1ccc(-c2nc3cc(C)c(Br)c(C)n3c2Cc2ccccc2)cc1,Glucagon-like peptide 1 receptor
CC1=C(C(=O)N2CCOCC2)CC(CC(=O)NC2CC2)C(=O)N1CCC1=CCCCC1,Glucagon-like peptide 1 receptor
Cc1ccc(S(=O)(=O)N2[C@@H](Cc3ccccc3)CO[C@H]2CC(=O)c2cccc3ccccc23)cc1,Glucagon-like peptide 1 receptor
CC(Oc1cccc(Cl)c1)C(=O)Nc1ccccc1C(=O)N1CCCCC1,Glucagon-like peptide 1 receptor
CCCCCCCCCCCCCCCCCCCC(=O)N[C@@H](CCC(=O)NCCOCCOCC(=O)NCCOCCOCC(=O)NCCCC[C@H](NC(=O)[C@H](C)NC(=O)[C@H](C)NC(=O)[C@H](CCC(N)=O)NC(=O)CNC(=O)[C@H](CCC(=O)O)NC(=O)[C@H](CC(C)C)NC(=O)[C@H](Cc1ccc(O)cc1)NC(=O)[C@H](CO)NC(=O)[C@H](CO)NC(=O)[C@@H](NC(=O)[C@H](CC(=O)O)NC(=O)[C@H](CO)NC(=O)[C@@H](NC(=O)[C@H](Cc1ccccc1)NC(=O)[C@@H](NC(=O)CNC(=O)[C@H](CCC(=O)O)NC(=O)[C@H](C)NC(=O)[C@@H](N)Cc1c[nH]cn1)[C@@H](C)O)[C@@H](C)O)C(C)C)C(=O)N[C@@H](CCC(=O)O)C(=O)N[C@@H](Cc1ccccc1)C(=O)N[C@H](C(=O)N[C@@H](C)C(=O)N[C@@H](Cc1c[nH]c2ccccc12)C(=O)N[C@@H](CC(C)C)C(=O)N[C@H](C(=O)N[C@@H](CCCNC(=N)N)C(=O)NCC(=O)N[C@@H](CCCNC(=N)N)C(=O)NCC(=O)O)C(C)C)[C@@H](C)CC)C(=O)O,Glucagon-like peptide 1 receptor
CCN(CC(=O)Nc1ccc(OC)cc1)C(=O)c1oc2c(Cl)cccc2c1C,Glucagon-like peptide 1 receptor
CCc1cc(OC)ccc1-c1ccc(C[C@H](NC(=O)[C@H](CC(=O)O)NC(=O)[C@H](CO)NC(=O)[C@@H](NC(=O)[C@](C)(Cc2c(F)cccc2F)NC(=O)[C@@H](NC(=O)CNC(=O)[C@H](CCC(=O)O)NC(=O)[C@@H]2CCCN2C(=O)[C@@H](N)Cc2cnc[nH]2)[C@@H](C)O)[C@@H](C)O)C(=O)N[C@@H](CCCc2ccccc2)C(=O)N[C@H](C(=O)NCC(=O)NCC(=O)N[C@@H](C)C(=O)N[C@@H](C)C(=O)NCC(=O)NCC(=O)NCC(=O)N[C@@H](C)C(=O)N[C@H](C(=O)N[C@@H](CO)C(=O)O)C(C)(C)S)C(C)(C)S)cc1,Glucagon-like peptide 1 receptor
COc1ccc(CC(N)c2csc(Nc3ccc(S(C)(=O)=O)cc3)n2)cc1,Glucagon-like peptide 1 receptor
CC(=O)NNc1nc(-c2ccccc2)c2cc(Cl)ccc2n1,Glucagon-like peptide 1 receptor
C/C=C1NC(=O)[C@H](C)NC(=O)[C@@H](NC(=O)[C@H](Cc2ccc(O)cc2)NC(=O)[C@@H](NC(=O)/C(C)=C/C)C(C)C)[C@@H](C)OC(=O)[C@H](CC(C)C)NC(=O)[C@@H](CCC(=O)O)NC1=O,Glucagon-like peptide 1 receptor
O=S(=O)(NCC(c1cccnc1)N1CCN(Cc2ccccc2)CC1)c1ccc(Cl)cc1,Glucagon-like peptide 1 receptor
C[N+](C)(C)CC1CCCC1=O.[I-],Glucagon-like peptide 1 receptor
CC[C@H](C)[C@H](NC(=O)[C@H](Cc1ccccc1)NC(=O)[C@H](CCC(=O)O)NC(=O)[C@H](CCCCNC(=O)COCCOCCNC(=O)COCCOCCNC(=O)CCCNC(=O)CCCCCCCCCCCCCCCCC(=O)O)NC(=O)[C@H](C)NC(=O)[C@H](C)NC(=O)[C@H](CCC(N)=O)NC(=O)CNC(=O)[C@H](CCC(=O)O)NC(=O)[C@H](CC(C)C)NC(=O)[C@H](Cc1ccc(O)cc1)NC(=O)[C@H](CO)NC(=O)[C@H](CO)NC(=O)[C@@H](NC(=O)[C@H](CC(=O)O)NC(=O)[C@H](CO)NC(=O)[C@@H](NC(=O)[C@H](Cc1ccccc1)NC(=O)[C@@H](NC(=O)CNC(=O)[C@H](CCC(=O)O)NC(=O)C(C)(C)NC(=O)[C@@H](N)Cc1c[nH]cn1)[C@@H](C)O)[C@@H](C)O)C(C)C)C(=O)N[C@@H](C)C(=O)N[C@@H](Cc1c[nH]c2ccccc12)C(=O)N[C@@H](CC(C)C)C(=O)N[C@H](C(=O)N[C@@H](CCCNC(=N)N)C(=O)NCC(=O)N[C@@H](CCCNC(=N)N)C(=O)NCC(=O)O)C(C)C,Glucagon-like peptide 1 receptor
CCOC(=O)N1CCN(C(=O)C[C@@H]2C[C@@]3(C(=O)OC)CC(C)(C)CC=C3N(Cc3ccccc3)C2=O)CC1,Glucagon-like peptide 1 receptor
CC(=O)N1CC(c2ccc(OCc3ccc(Cl)c(Cl)c3)cc2)Oc2cc3c(cc21)C[C@@H](C(=O)N[C@@H](Cc1ccc(-c2ccc(C#N)cc2)cc1)C(=O)O)N(C(=O)c1ccccc1)C3,Glucagon-like peptide 1 receptor
CCn1cc(C(=O)N[C@@H](CCSC)C(=O)NCCN2CCOCC2)c(=O)c2cc3c(cc21)OCO3,Glucagon-like peptide 1 receptor
CC[C@H](C)[C@H](NC(=O)[C@H](Cc1ccccc1)NC(=O)[C@H](CCC(=O)O)NC(=O)[C@@H]1CCCNC(=O)CC[C@H](NC(=O)[C@H](CCC(=O)O)NC(=O)[C@H](CC(C)C)NC(=O)[C@H](Cc2ccc(O)cc2)NC(=O)[C@H](CO)NC(=O)[C@H](CO)NC(=O)[C@@H](NC(=O)[C@H](CC(=O)O)NC(=O)[C@H](CO)NC(=O)[C@@H](NC(=O)[C@H](Cc2ccccc2)NC(=O)[C@@H](NC(=O)CNC(=O)[C@H](CCC(=O)O)NC(=O)CNC(=O)[C@@H](N)Cc2c[nH]cn2)[C@H](C)O)[C@H](C)O)C(C)C)C(=O)N[C@@H](CCC(N)=O)C(=O)N[C@@H](C)C(=O)N[C@@H](C)C(=O)N1)C(=O)N[C@@H](C)C(=O)N[C@@H](Cc1c[nH]c2ccccc12)C(=O)N[C@@H](CC(C)C)C(=O)N[C@H](C(=O)N[C@@H](CCCCN)C(=O)NCC(=O)N[C@@H](CCCNC(=N)N)C(=O)NCC(N)=O)C(C)C,Glucagon-like peptide 1 receptor
CC[C@@H](c1ccccc1)N1Cc2cc3c(cc2C[C@H]1C(=O)N[C@@H](Cc1ccc(-c2ccnc(C)c2C)cc1)C(=O)O)OC[C@H](c1ccc(OC2CC4CCC2C4)cc1)O3,Glucagon-like peptide 1 receptor
N#Cc1cccc(NS(=O)(=O)c2ccc(S(=O)(=O)N3CCOCC3)cc2)c1,Glucagon-like peptide 1 receptor
COc1ccc(/C=C/C(=O)NC2CCN(Cc3ccccc3)CC2)cc1OC,Glucagon-like peptide 1 receptor
CCNc1nc(SCC(=O)OC)nc(N2CCOCC2)n1,Glucagon-like peptide 1 receptor
COc1ccc(N(CC(=O)NC2CC3CCC2C3)S(=O)(=O)c2ccc(C)cc2)cc1Cl,Glucagon-like peptide 1 receptor
CC(C)c1ccc(C(=O)Nc2ccc(S(=O)(=O)NC3=NCCCCC3)cc2)cc1,Glucagon-like peptide 1 receptor
COc1cc(NC(=O)c2cc(C)nc3ccccc23)cc(OC)c1OC,Glucagon-like peptide 1 receptor
CCCCOC(=O)N1Cc2cc3c(cc2C[C@H]1C(=O)N[C@@H](Cc1ccc(Oc2ccnc(C)c2C)cc1)C(=O)O)OC[C@H](c1ccc(OCc2ccc(Cl)c(Cl)c2)cc1)O3,Glucagon-like peptide 1 receptor
CCCCN1CC(COCc2ccccc2)Oc2cccc(Oc3ccccc3)c2S1(=O)=O,Glucagon-like peptide 1 receptor
CC[C@@H](c1ccccc1)N1Cc2cc3c(cc2C[C@H]1C(=O)N[C@@H](Cc1ccc(-c2ccnc(C)c2C)cc1)C(=O)O)OC[C@H](c1cccc(OCc2ccc(Cl)c(Cl)c2)c1)O3,Glucagon-like peptide 1 receptor
O=C(NC1CCCN(Cc2ccc(Cl)cc2)C1)c1c(F)cccc1F,Glucagon-like peptide 1 receptor
CC1(C(=O)NS(=O)(=O)c2ccccc2)CCN1C(=O)C1(c2ccc(Cl)cc2)CCC1,Glucagon-like peptide 1 receptor
[H][C@]12COc3ccc(Cl)cc3[C@]1([H])N1C(=O)CN(Cc3ccccc3)C(=O)[C@@]1(C)[C@H]2C(=O)OCC,Glucagon-like peptide 1 receptor
CC[C@H](C)[C@H](NC(=O)[C@H](Cc1ccccc1)NC(=O)[C@H](CCC(=O)O)NC(=O)[C@H](CCCCN)NC(=O)[C@H](C)NC(=O)[C@H](C)NC(=O)[C@H](CCC(N)=O)NC(=O)CNC(=O)[C@H](CCC(=O)O)NC(=O)[C@H](CC(C)C)NC(=O)[C@H](Cc1ccc(O)cc1)NC(=O)[C@H](CO)NC(=O)[C@H](CO)NC(=O)[C@@H](NC(=O)[C@H](CC(=O)O)NC(=O)[C@H](CO)NC(=O)[C@@H](NC(=O)[C@H](Cc1ccccc1)NC(=O)[C@@H](NC(=O)CNC(=O)[C@H](CCC(=O)O)NC(=O)[C@H](C)NC(=O)[C@@H](N)Cc1c[nH]cn1)[C@@H](C)O)[C@@H](C)O)C(C)C)C(=O)N[C@@H](C)C(=O)N[C@@H](Cc1c[nH]c2ccccc12)C(=O)N[C@@H](CC(C)C)C(=O)N[C@H](C(=O)N[C@@H](CCCNC(=O)COCCOCCNC(=O)CCN1C(=O)C=CC1=O)C(=O)NCC(=O)N[C@@H](CCCN=C(N)N)C(N)=O)C(C)C,Glucagon-like peptide 1 receptor
Cc1csc(-c2nc3ccccc3n2C(C)c2nc3ccccc3[nH]2)c1,Glucagon-like peptide 1 receptor
CCc1cc(OC)ccc1-c1ccc(C[C@H](NC(=O)[C@H](CC(=O)O)NC(=O)[C@H](CO)NC(=O)[C@@H](NC(=O)[C@](C)(Cc2c(F)cccc2F)NC(=O)[C@@H](NC(=O)CNC(=O)[C@H](CCC(=O)O)NC(=O)[C@@H]2CCCN2C(=O)[C@@H](N)Cc2cnc[nH]2)[C@@H](C)O)[C@@H](C)O)C(=O)N[C@@H](CCCc2ccccc2)C(=O)N[C@H]2CSSC[C@@H](C(=O)N[C@@H](CO)C(N)=O)NC(=O)[C@H](C)NC(=O)CNC(=O)CNC(=O)CNC(=O)[C@H](C)NC(=O)[C@H](C)NC(=O)CNC(=O)CNC2=O)cc1,Glucagon-like peptide 1 receptor
CCC(C)[C@H](NC(=O)[C@@H]1Cc2ccccc2CN1)C(=O)NCc1ccc(C)cc1,Glucagon-like peptide 1 receptor
CC(NC(=O)C1=Cc2ccccc2OC1)c1ccccc1,Glucagon-like peptide 1 receptor
CCNC(=O)C1(C)CCN(C(=O)c2ccc3c(c2)CCO3)C1,Glucagon-like peptide 1 receptor
Cc1nc(C(=O)N2Cc3cc4c(cc3C[C@H]2C(=O)N[C@@H](Cc2ccc(Oc3ccnc(C)c3C)cc2)C(=O)O)OC[C@H](c2ccc(OCc3ccc(Cl)c(Cl)c3)cc2)O4)co1,Glucagon-like peptide 1 receptor
CCN(CC)c1ncnc2c1ncn2[C@H]1CN(Cc2cc(OC)c(OC)c(OC)c2)C[C@@H](CO)O1,Glucagon-like peptide 1 receptor
[H][C@]12C[C@@H](c3ccccc3)N(S(=O)(=O)c3ccc(C)cc3)C[C@@]1([H])C(=O)C[C@@H](c1ccc(Cl)cc1)N2S(=O)(=O)c1ccccc1C,Glucagon-like peptide 1 receptor
CC(C)C1Cc2nc(S)nc(O)c2C(c2ccc(Cl)cc2)O1,Glucagon-like peptide 1 receptor
CCOC(=O)C1=CCC(c2ccco2)N(S(=O)(=O)c2ccc(C)cc2)C1,Glucagon-like peptide 1 receptor
CCCS(=O)(=O)NC(=O)C1(C)CCN(C(=O)c2ccc3ccccc3n2)C1,Glucagon-like peptide 1 receptor
CC[C@H](C)[C@H](NC(=O)[C@H](Cc1ccccc1)NC(=O)[C@H](CCC(=O)O)NC(=O)[C@H](CCCNC(=N)N)NC(=O)[C@H](C)NC(=O)[C@H](C)NC(=O)[C@H](CCC(N)=O)NC(=O)CNC(=O)[C@H](CCC(=O)O)NC(=O)[C@H](CC(C)C)NC(=O)[C@H](Cc1ccc(O)cc1)NC(=O)[C@H](CO)NC(=O)[C@H](CO)NC(=O)[C@@H](NC(=O)[C@H](CC(=O)O)NC(=O)[C@H](CO)NC(=O)[C@@H](NC(=O)[C@H](Cc1ccccc1)NC(=O)[C@@H](NC(=O)CNC(=O)[C@H](CCC(=O)O)NC(=O)C(C)(C)NC(=O)[C@@H](N)Cc1c[nH]cn1)[C@@H](C)O)[C@@H](C)O)C(C)C)C(=O)N[C@@H](C)C(=O)N[C@@H](Cc1c[nH]c2ccccc12)C(=O)N[C@@H](CC(C)C)C(=O)N[C@H](C(=O)N[C@@H](CCCNC(=N)N)C(=O)NCC(=O)N[C@@H](CCCNC(=N)N)C(=O)NCC(=O)N[C@@H](CCCCNC(=O)COCCOCCNC(=O)COCCOCCNC(=O)CCCCCCCCCCCCCCCCC(=O)O)C(=O)O)C(C)C,Glucagon-like peptide 1 receptor
CN(C(=O)Cn1cc(S(=O)(=O)N2CCN(c3ccccc3F)CC2)c2ccccc2c1=O)c1ccc(Cl)cc1,Glucagon-like peptide 1 receptor
COC(=O)[C@@]12C[C@@H](CC(=O)N3CCC(c4ccccc4)CC3)C(=O)N(Cc3cccc4ccccc34)C1=CCC(C)(C)C2,Glucagon-like peptide 1 receptor
CC[C@@H](c1ccccc1)N1Cc2cc3c(cc2C[C@H]1C(=O)N[C@@H](Cc1ccc(Oc2ccncc2)cc1)C(=O)O)OC[C@H](c1ccc(OCc2ccc(Cl)c(Cl)c2)cc1)O3,Glucagon-like peptide 1 receptor
[H][C@@]12C[C@@](C)(CO)[C@@H](O)C[C@]13C[C@@]([H])(OC3=O)[C@]1(C)C2=CCC2[C@@]3(C)CC[C@H](O)C(C)(C)C3CC[C@]21C,Glucagon-like peptide 1 receptor
CCCCCCCCCCCCCCCC(=O)NC(CCC(=O)NCCCC[C@H](NC(=O)[C@H](C)NC(=O)[C@H](C)NC(=O)[C@H](CCC(N)=O)NC(=O)CNC(=O)[C@H](CCC(=O)O)NC(=O)[C@H](CC(C)C)NC(=O)[C@H](Cc1ccc(O)cc1)NC(=O)[C@H](CO)NC(=O)[C@H](CO)NC(=O)[C@@H](NC(=O)[C@H](CC(=O)O)NC(=O)[C@H](CO)NC(=O)[C@@H](NC(=O)[C@H](Cc1ccccc1)NC(=O)[C@@H](NC(=O)CNC(=O)[C@H](CCC(=O)O)NC(=O)[C@H](C)NC(=O)CCc1c[nH]cn1)[C@@H](C)O)[C@@H](C)O)C(C)C)C(=O)N[C@@H](CCC(=O)O)C(=O)N[C@@H](Cc1ccccc1)C(=O)N[C@H](C(=O)N[C@@H](C)C(=O)N[C@@H](Cc1c[nH]c2ccccc12)C(=O)N[C@@H](CC(C)C)C(=O)N[C@H](C(=O)N[C@@H](CCCN=C(N)N)C(=O)NCC(=O)N[C@@H](CCCN=C(N)N)C(=O)NCC(=O)O)C(C)C)[C@@H](C)CC)C(=O)O,Glucagon-like peptide 1 receptor
CC(C)c1ccc(NC(=O)C2(C)Cc3c(-c4ccc(N(C)C)cc4)ccnc3O2)cc1,Glucagon-like peptide 1 receptor
CN(Cc1ccccc1)c1cc2c(c3c1ccn3C)C1CCC2C1,Glucagon-like peptide 1 receptor
Cc1nccc(-c2ccc(C[C@H](NC(=O)[C@@H]3Cc4cc5c(cc4CN3C(=O)c3cc(F)cc(F)c3)O[C@@H](c3ccc(OCc4ccc(Cl)c(Cl)c4)cc3)CO5)C(=O)O)cc2)c1C,Glucagon-like peptide 1 receptor
O=C(/C=C/[C@H]1O[C@@H](n2cnc3c(NC(=O)c4ccccc4)ncnc32)[C@H](O)[C@@H]1O)NCC1CCCO1,Glucagon-like peptide 1 receptor
CC[C@H](C)[C@H](NC(=O)[C@H](Cc1ccccc1)NC(=O)[C@H](CCC(=O)O)NC(=O)[C@H](CCCCN)NC(=O)[C@H](C)NC(=O)[C@H](C)NC(=O)[C@H](CCC(N)=O)NC(=O)CNC(=O)[C@@H]1CCCCNC(=O)CC[C@H](NC(=O)[C@H](CC(=O)O)NC(=O)[C@H](CO)NC(=O)[C@@H](NC(=O)[C@H](Cc2ccccc2)NC(=O)[C@@H](NC(=O)CNC(=O)[C@H](CCC(=O)O)NC(=O)[C@H](C)NC(=O)[C@@H](N)Cc2cnc[nH]2)[C@@H](C)O)[C@@H](C)O)C(=O)N[C@@H](CO)C(=O)N[C@@H](CO)C(=O)N[C@@H](Cc2ccc(O)cc2)C(=O)N1)C(=O)N[C@@H](C)C(=O)N[C@@H](Cc1c[nH]c2ccccc12)C(=O)N[C@@H](CC(C)C)C(=O)N[C@H](C(=O)N[C@@H](CCCCN)C(=O)NCC(=O)N[C@@H](CCCNC(=N)N)C(N)=O)C(C)C,Glucagon-like peptide 1 receptor
O=C(NCc1ccccc1Cl)c1ccc(NC(=O)N2CCSc3ccccc32)cc1,Glucagon-like peptide 1 receptor
CCCCn1nnnc1C(c1ccccc1)N1CCN(c2ccccc2)CC1,Glucagon-like peptide 1 receptor
CCC(O)c1nc2ccccc2n1CCc1ccccc1,Glucagon-like peptide 1 receptor
CC1(C(=O)NS(=O)(=O)c2ccccc2Cl)CCN1C(=O)C1CCCCC1,Glucagon-like peptide 1 receptor
Cc1ccc([C@H]2C[C@@H](n3cc(COC(=O)c4ccccc4)nn3)[C@H](O)CN2C(=O)c2cccs2)cc1,Glucagon-like peptide 1 receptor
CCOC(=O)c1ccc(NC(=O)c2c(N)n(C)c(=O)[nH]c2=O)cc1,Glucagon-like peptide 1 receptor
CC(=O)Nc1cccc(Nc2cc(C)nn2C)c1,Glucagon-like peptide 1 receptor
Cc1nccc(-c2ccc(C[C@H](NC(=O)[C@@H]3Cc4cc5c(cc4CN3C(=O)OCC(C)(C)C)O[C@@H](c3ccc(OCc4ccc(Cl)c(Cl)c4)cc3)CO5)C(=O)O)cc2)c1C,Glucagon-like peptide 1 receptor
COC1=C(Nc2ccccc2)C(=O)C(OC)=C(Nc2ccccc2)C1=O,Glucagon-like peptide 1 receptor
COC(=O)C(C)C1Sc2ccccc2NC1=O,Glucagon-like peptide 1 receptor
Cc1cc(C)cc(NC(=O)CCCc2nc(-c3ccccc3Cl)no2)c1,Glucagon-like peptide 1 receptor
Cc1nccc(Oc2ccc(C[C@H](NC(=O)[C@@H]3Cc4cc5c(cc4CN3C(=O)NC3CCCCC3)O[C@@H](c3ccc(OCc4ccc(Cl)c(Cl)c4)cc3)CO5)C(=O)O)cc2)c1C,Glucagon-like peptide 1 receptor
Cc1ccc(C)c(SCC(=O)NCC(c2ccco2)N2CCCCC2)c1,Glucagon-like peptide 1 receptor
CSCCC(NC(=O)c1ccccc1Br)C(=O)N1CCC(C)CC1,Glucagon-like peptide 1 receptor
CC[C@H](C)[C@H](NC(=O)[C@H](Cc1ccccc1)NC(=O)[C@H](CCC(=O)O)NC(=O)[C@H](CCCCN)NC(=O)[C@H](C)NC(=O)[C@H](C)NC(=O)[C@H](CCC(N)=O)NC(=O)CNC(=O)[C@H](CCC(=O)O)NC(=O)[C@H](CC(C)C)NC(=O)[C@H](Cc1ccc(O)cc1)NC(=O)[C@H](CO)NC(=O)[C@H](CO)NC(=O)[C@H](Cc1ccc(O)cc1)NC(=O)[C@H](CC(=O)O)NC(=O)[C@H](CO)NC(=O)[C@@H](NC(=O)[C@H](Cc1ccccc1)NC(=O)[C@@H](NC(=O)CNC(=O)[C@H](CCC(=O)O)NC(=O)[C@H](C)NC(=O)[C@@H](N)Cc1cnc[nH]1)[C@@H](C)O)[C@@H](C)O)C(=O)N[C@H]1CCCCNC(=O)C[C@@H](C(=O)NCC(=O)N[C@@H](CCCNC(=N)N)C(=O)NCC(N)=O)NC(=O)[C@H](C(C)C)NC(=O)[C@H](CC(C)C)NC(=O)[C@H](Cc2c[nH]c3ccccc23)NC1=O,Glucagon-like peptide 1 receptor
Cc1ccccc1S(=O)(=O)N(C)C[C@H]1OCc2cn(nn2)CCCC(=O)N([C@@H](C)CO)C[C@@H]1C,Glucagon-like peptide 1 receptor
COc1cc([C@H]2[C@](NC(=O)c3ccc(NC(=O)C(C)NC(=O)OC(C)(C)C)cc3)(C(=O)O)[C@@H](c3ccc(OC(=O)c4cccs4)c(OC)c3)[C@]2(NC(=O)c2ccc(NC(=O)C(C)NC(=O)OC(C)(C)C)cc2)C(=O)O)ccc1OC(=O)c1cccs1,Glucagon-like peptide 1 receptor
CCc1cc(OC)ccc1-c1ccc(C[C@H](NC(=O)[C@H](CC(=O)O)NC(=O)[C@H](CO)NC(=O)[C@@H](NC(=O)[C@](C)(Cc2ccccc2)NC(=O)[C@@H](NC(=O)CNC(=O)[C@H](CCC(=O)O)NC(=O)C(C)(C)NC(=O)[C@@H](N)Cc2cnc[nH]2)[C@@H](C)O)[C@@H](C)O)C(=O)N[C@@H](Cc2ccc(-c3ccccc3C)cc2)C(N)=O)cc1,Glucagon-like peptide 1 receptor
O=C1CC(N2CCN(Cc3ccc4c(c3)OCO4)CC2)C(=O)N1c1cccc2ccccc12,Glucagon-like peptide 1 receptor
Cc1ccc(CNC(=O)COC(=O)c2cnc(C)cn2)cc1,Glucagon-like peptide 1 receptor
COc1cc(C(=O)OCC(=O)c2cc(C)n(CC3CCCO3)c2C)ccc1OCC(=O)N1CCOCC1,Glucagon-like peptide 1 receptor
O=C1CN(C(=O)c2ccc(S(=O)(=O)N3CCCC3)cc2)C(c2ccc(F)cc2)c2cc(Br)ccc2N1,Glucagon-like peptide 1 receptor
COc1ccc(NC(=O)c2cc(C3CCCCN3S(=O)(=O)c3c(C)noc3C)on2)c(C)c1,Glucagon-like peptide 1 receptor
COC(=O)c1cc2c(n(-c3ccccc3)c1=O)CCCC2=O,Glucagon-like peptide 1 receptor
Cc1nccc(-c2ccc(C[C@H](NC(=O)[C@@H]3Cc4cc5c(cc4CN3Cc3nccs3)O[C@@H](c3ccc(OCc4ccc(Cl)c(Cl)c4)cc3)CO5)C(=O)O)cc2)c1C,Glucagon-like peptide 1 receptor
CCN(CC)CCCNC(=O)c1cc(Cl)c(NC(=O)C2=C(C)OCCS2)cc1OC,Glucagon-like peptide 1 receptor
COC(=O)C1(C(=O)OC)C[C@H](/C=C/c2ccccc2)N(Cc2ccccc2OC)[C@@H]1c1cccs1,Glucagon-like peptide 1 receptor
CN(Cc1ccccn1)C(=O)c1cc(COc2ccc(F)cc2Cl)on1,Glucagon-like peptide 1 receptor
COc1ccc(C(CC(=O)Nc2ccccn2)N2Cc3ccccc3C2=O)cc1OC,Glucagon-like peptide 1 receptor
C[C@H](NC(=O)Cc1cccc2ccccc12)C(=O)N1CCOCC1,Glucagon-like peptide 1 receptor
Cc1cccc(CNS(=O)(=O)c2ccc3[nH]c(=O)ccc3c2)c1,Glucagon-like peptide 1 receptor
COC(=O)C1=CN(c2ccc(Oc3ccccc3)cc2)C(N)=C(C#N)C1c1cccc(F)c1,Glucagon-like peptide 1 receptor
CCCCCCCCCCCCCCCC(=O)NC(CCC(=O)NCCCC[C@H](NC(=O)[C@H](CCCN=C(N)N)NC(=O)[C@H](C)NC(=O)[C@H](C)NC(=O)[C@H](CCC(N)=O)NC(=O)CNC(=O)[C@H](CCC(=O)O)NC(=O)[C@H](CC(C)C)NC(=O)[C@H](Cc1ccc(O)cc1)NC(=O)[C@H](CO)NC(=O)[C@H](CO)NC(=O)[C@@H](NC(=O)[C@H](CC(=O)O)NC(=O)[C@H](CO)NC(=O)[C@@H](NC(=O)[C@H](Cc1ccccc1)NC(=O)[C@@H](NC(=O)CNC(=O)[C@H](CCC(=O)O)NC(=O)[C@H](C)NC(=O)[C@@H](N)Cc1c[nH]cn1)[C@@H](C)O)[C@@H](C)O)C(C)C)C(=O)N[C@@H](Cc1ccccc1)C(=O)N[C@H](C(=O)N[C@@H](C)C(=O)N[C@@H](Cc1c[nH]c2ccccc12)C(=O)N[C@@H](CC(C)C)C(=O)N[C@H](C(=O)N[C@@H](CCCN=C(N)N)C(=O)NCC(=O)N[C@@H](CCCN=C(N)N)C(=O)NCC(=O)O)C(C)C)[C@@H](C)CC)C(=O)O,Glucagon-like peptide 1 receptor
CCN(c1ccccc1)S(=O)(=O)c1ccc2c(c1)OCCO2,Glucagon-like peptide 1 receptor
COc1ccccc1C(CNC(=O)c1cccc(S(=O)(=O)Nc2ccc(C)cc2)c1)N(C)C,Glucagon-like peptide 1 receptor
CCCN(CCC)C(=O)c1c(NC(=O)CC)sc2c1CCCCC2,Glucagon-like peptide 1 receptor
CC[C@H](C)[C@H](NC(=O)[C@H](Cc1ccccc1)NC(=O)[C@H](CC(C)C)NC(=O)[C@H](CCCNC(=N)N)NC(=O)[C@@H](NC(=O)[C@H](C)NC(=O)[C@H](CCC(=O)O)NC(=O)[C@H](CCC(=O)O)NC(=O)[C@H](CCC(=O)O)NC(=O)[C@H](CCSC)NC(=O)[C@H](CCC(N)=O)NC(=O)[C@H](CCCCN)NC(=O)[C@H](CO)NC(=O)[C@H](CC(C)C)NC(=O)[C@@H](N)CC(=O)O)C(C)C)C(=O)N[C@@H](CCC(=O)O)C(=O)N[C@@H](Cc1c[nH]c2ccccc12)C(=O)N[C@@H](CC(C)C)C(=O)N[C@@H](CCCCN)C(=O)N[C@@H](CC(N)=O)C(=O)NCC(=O)NCC(=O)N1CCC[C@H]1C(=O)N[C@@H](CO)C(=O)N[C@@H](CO)C(=O)NCC(=O)N[C@@H](C)C(=O)N1CCC[C@H]1C(=O)N1CCC[C@H]1C(=O)N1CCC[C@H]1C(=O)N[C@@H](CO)C(N)=O,Glucagon-like peptide 1 receptor
Cc1cc(C(=O)OCC(=O)NCCc2ccccc2)c(C)o1,Glucagon-like peptide 1 receptor
Cc1nc(C(=O)N2Cc3cc4c(cc3C[C@H]2C(=O)N[C@@H](Cc2ccc(-c3ccc(C#N)cc3)cc2)C(=O)O)OC[C@H](c2ccc(OCc3ccc(Cl)c(Cl)c3)cc2)O4)c(C)o1,Glucagon-like peptide 1 receptor
Cc1cccc(C(O)c2cnc(C)n2Cc2ccccc2)c1,Glucagon-like peptide 1 receptor
CCCCCCCCCCCCCCCC(=O)NC(CCC(=O)NCCCC[C@H](NC(=O)[C@H](CO)NC(=O)[C@@H](NC(=O)[C@H](CC(=O)O)NC(=O)[C@H](CO)NC(=O)[C@@H](NC(=O)[C@H](Cc1ccccc1)NC(=O)[C@@H](NC(=O)CNC(=O)[C@H](CCC(=O)O)NC(=O)[C@H](C)NC(=O)[C@@H](N)Cc1c[nH]cn1)[C@@H](C)O)[C@@H](C)O)C(C)C)C(=O)N[C@@H](Cc1ccc(O)cc1)C(=O)N[C@@H](CC(C)C)C(=O)N[C@@H](CCC(=O)O)C(=O)NCC(=O)N[C@@H](CCC(N)=O)C(=O)N[C@@H](C)C(=O)N[C@@H](C)C(=O)N[C@@H](CCCN=C(N)N)C(=O)N[C@@H](CCC(=O)O)C(=O)N[C@@H](Cc1ccccc1)C(=O)N[C@H](C(=O)N[C@@H](C)C(=O)N[C@@H](Cc1c[nH]c2ccccc12)C(=O)N[C@@H](CC(C)C)C(=O)N[C@H](C(=O)N[C@@H](CCCN=C(N)N)C(=O)NCC(=O)N[C@@H](CCCN=C(N)N)C(=O)NCC(=O)O)C(C)C)[C@@H](C)CC)C(=O)O,Glucagon-like peptide 1 receptor
CC1CCC(NC(=O)c2[nH]c(C(F)(F)F)nc2-c2ccccc2)CC1,Glucagon-like peptide 1 receptor
O=[N+]([O-])c1ccccc1C1c2c(O)ncnc2Oc2ncnc(O)c21,Glucagon-like peptide 1 receptor
CC(C)N(Cc1nnc(-c2ccccc2Cl)o1)C(=O)COc1cccc(Cl)c1,Glucagon-like peptide 1 receptor
COc1cc(CNC(=O)c2cc(-c3cc(OC)ccc3Cl)n[nH]2)cc(OC)c1,Glucagon-like peptide 1 receptor
[H][C@]12CC(=O)C3[C@H](c4ccc(Cl)cc4)N(S(=O)(=O)c4ccccc4C)C[C@@]3([H])[C@@]1([H])C(=O)N(C)C2=O,Glucagon-like peptide 1 receptor
Cc1ccc(C(C)NC(=O)c2c(-c3ccccc3)noc2C)cc1C,Glucagon-like peptide 1 receptor
CCCCNC(=O)C1(C)CCN1C(=O)c1ccccc1Br,Glucagon-like peptide 1 receptor
O=C(NCc1ccccc1)C(c1ccco1)N1CCN(c2ccccc2F)CC1,Glucagon-like peptide 1 receptor
O=C(O)C(F)(F)F.[H][C@]12C(=O)N(CC)C(=O)[C@@]1([H])[C@@H](c1ccc(SCCC)c(OC)c1)N1CCCC[C@]12C(=O)OC,Glucagon-like peptide 1 receptor
c1cc2c(c(CC3CO3)c1CC1CO1)OCCOCCOCCOCCO2,Glucagon-like peptide 1 receptor
Cc1nccc(-c2ccc(C[C@H](NC(=O)[C@@H]3Cc4cc5c(cc4CN3C(=O)N[C@H](C)c3ccccc3)O[C@@H](c3ccc(OCCc4ccc(Cl)c(Cl)c4)cc3)CO5)C(=O)O)cc2)c1C,Glucagon-like peptide 1 receptor
Cc1ccc(C(=O)N/C(=Cc2ccc(Cl)cc2)C(=O)NCCCN2CCOCC2)cc1,Glucagon-like peptide 1 receptor
CC[C@H](C)[C@H](NC(=O)[C@H](Cc1ccccc1)NC(=O)[C@H](CCC(=O)O)NC(=O)[C@H](CCCCN)NC(=O)[C@H](C)NC(=O)[C@H](C)NC(=O)[C@H](CCC(N)=O)NC(=O)CNC(=O)[C@H](CCC(=O)O)NC(=O)[C@H](CC(C)C)NC(=O)[C@H](Cc1ccc(O)cc1)NC(=O)[C@H](CO)NC(=O)[C@H](CO)NC(=O)[C@@H](NC(=O)[C@H](CC(=O)O)NC(=O)[C@H](CO)NC(=O)[C@@H](NC(=O)[C@H](Cc1ccccc1)NC(=O)[C@@H](NC(=O)CNC(=O)[C@H](CCC(=O)O)NC(=O)[C@H](C)NC(=O)[C@@H](N)Cc1cnc[nH]1)[C@@H](C)O)[C@@H](C)O)C(C)C)C(=O)N[C@H]1CCC(=O)NCCCC[C@@H](C(=O)NCC(=O)N[C@@H](CCCNC(=N)N)C(N)=O)NC(=O)[C@H](C(C)C)NC(=O)[C@H](CC(C)C)NC(=O)[C@H](Cc2c[nH]c3ccccc23)NC1=O,Glucagon-like peptide 1 receptor
Cc1ccc(S(=O)(=O)NCCC(=O)Nc2cc(F)ccc2C)cc1C,Glucagon-like peptide 1 receptor
CCc1cc(OC)ccc1-c1ccc(C[C@H](NC(=O)[C@H](CC(=O)O)NC(=O)[C@H](CO)NC(=O)[C@@H](NC(=O)[C@](C)(Cc2ccccc2F)NC(=O)[C@H](CS)NC(=O)CNC(=O)[C@H](CCC(=O)O)NC(=O)C(C)(C)NC(=O)[C@@H](N)Cc2cnc[nH]2)[C@@H](C)O)C(=O)N[C@@H](CCCc2ccccc2)C(=O)N[C@H](CS)C(N)=O)cc1,Glucagon-like peptide 1 receptor
CNc1nc(C)c(S(=O)(=O)N2Cc3cc4c(cc3C[C@H]2C(=O)N[C@@H](Cc2ccc(-c3ccc(C#N)cc3)cc2)C(=O)O)OC[C@@H](c2ccc(OCc3ccc(Cl)c(Cl)c3)cc2)O4)s1,Glucagon-like peptide 1 receptor
COc1cc([C@H]2[C@](NC(=O)c3ccc(NC(=O)C4CCC4)cc3)(C(=O)O)[C@@H](c3ccc(OC(=O)c4cccs4)c(OC)c3)[C@]2(NC(=O)c2ccc(NC(=O)C3CCC3)cc2)C(=O)O)ccc1OC(=O)c1cccs1,Glucagon-like peptide 1 receptor
Cc1cc(F)ccc1-c1cc(C(=O)N2CCN(c3ccncc3)CC2)[nH]n1,Glucagon-like peptide 1 receptor
CCC(CC)Oc1ccc([C@H]2COc3cc4c(cc3O2)CN([C@@H](CC)c2ccccc2)[C@H](C(=O)N[C@@H](Cc2ccc(-c3ccnc(C)c3C)cc2)C(=O)O)C4)cc1,Glucagon-like peptide 1 receptor
CC1CCC2(CC1)NC(=O)N(NC(=O)c1cccc(N(C)C)c1)C2=O,Glucagon-like peptide 1 receptor
CCOC(=O)C1=CC[C@@H](c2ccccc2)N(S(=O)(=O)c2ccc(C)cc2)[C@H]1C=C(C)C,Glucagon-like peptide 1 receptor
CC1CC(C)CN(C(=O)CN(C)S(=O)(=O)c2ccc3c(c2)c(=O)n(C)c(=O)n3C)C1,Glucagon-like peptide 1 receptor
O=C(Nc1ccccc1Cl)c1cc(C2CCCCN2C(=O)CCCc2ccccc2)on1,Glucagon-like peptide 1 receptor
Cc1cc(C(=O)N/N=C2CCCC(=O)C2)c(C)o1,Glucagon-like peptide 1 receptor
O=C(O)C(F)(F)F.[H][C@]12C(=O)N(Cc3ccccc3)C(=O)[C@@]1([H])[C@@H](c1ccc(C)cc1)N[C@]21CCCN(Cc2ccc(F)cc2)C1=O,Glucagon-like peptide 1 receptor
COc1ccc(-c2ccc(C[C@H](NC(=O)[C@H](CC(=O)O)NC(=O)[C@H](CO)NC(=O)[C@@H](NC(=O)[C@H](Cc3ccccc3)NC(=O)[C@@H](NC(=O)CNC(=O)[C@H](CCC(=O)O)NC(=O)[C@H](C)NC(=O)[C@@H](N)Cc3cnc[nH]3)[C@@H](C)O)[C@@H](C)O)C(=O)N[C@@H](Cc3ccc(-c4ccccc4C)cc3)C(N)=O)cc2)c(C)c1,Glucagon-like peptide 1 receptor
CC[C@H](C)[C@H](NC(=O)[C@H](Cc1ccccc1)NC(=O)[C@H](CCC(=O)O)NC(=O)[C@@H]1CCCCNC(=O)CC[C@H](NC(=O)[C@H](CC(C)C)NC(=O)[C@H](Cc2ccc(O)cc2)NC(=O)[C@H](CO)NC(=O)[C@H](CO)NC(=O)[C@@H](NC(=O)[C@H](CC(=O)O)NC(=O)[C@H](CO)NC(=O)[C@@H](NC(=O)[C@H](Cc2ccccc2)NC(=O)[C@@H](NC(=O)CNC(=O)[C@H](CCC(=O)O)NC(=O)CNC(=O)[C@@H](N)Cc2c[nH]cn2)[C@@H](C)O)[C@@H](C)O)C(C)C)C(=O)NCC(=O)N[C@@H](CCC(N)=O)C(=O)N[C@@H](C)C(=O)N[C@@H](C)C(=O)N1)C(=O)N[C@@H](C)C(=O)N[C@@H](Cc1c[nH]c2ccccc12)C(=O)N[C@@H](CC(C)C)C(=O)N[C@H](C(=O)N[C@@H](CCCCN)C(=O)NCC(=O)N[C@@H](CCCNC(=N)N)C(=O)NCC(N)=O)C(C)C,Glucagon-like peptide 1 receptor
CC[C@H](C)[C@H](NC(=O)[C@H](CCC(=O)O)NC(=O)[C@H](CCCCN)NC(=O)[C@H](C)NC(=O)[C@H](C)NC(=O)[C@H](CCC(N)=O)NC(=O)CNC(=O)[C@H](CCC(=O)O)NC(=O)[C@H](CS)NC(=O)[C@H](Cc1ccc(O)cc1)NC(=O)[C@H](CO)NC(=O)[C@H](CO)NC(=O)[C@H](CS)NC(=O)[C@H](CC(=O)O)NC(=O)[C@H](CO)NC(=O)[C@@H](NC(=O)[C@H](Cc1ccccc1)NC(=O)[C@@H](NC(=O)CNC(=O)[C@H](CCC(=O)O)NC(=O)[C@H](C)NC(=O)[C@@H](N)Cc1cnc[nH]1)[C@@H](C)O)[C@@H](C)O)C(=O)N[C@@H](Cc1ccccc1)C(=O)N[C@@H](C)C(=O)N[C@@H](Cc1c[nH]c2ccccc12)C(=O)N[C@@H](CC(C)C)C(=O)N[C@H](C(=O)N[C@@H](CCCCN)C(=O)NCC(=O)N[C@@H](CCCNC(=N)N)C(N)=O)C(C)C,Glucagon-like peptide 1 receptor
CCNC(=O)C1(C)CCN(C(=O)c2ccc(OC(F)F)cc2)C1,Glucagon-like peptide 1 receptor
CNC(=O)C1(C)Cc2c(-c3ccc4c(c3)OCO4)ccnc2O1,Glucagon-like peptide 1 receptor
CC(=O)NC(C)(c1ccccc1)c1nc(/C=C/c2ccccc2)cs1,Glucagon-like peptide 1 receptor
CCOC(=O)c1nc(N)c(=O)n(-c2ccc(C)cc2)n1,Glucagon-like peptide 1 receptor
CCCCN1C(=O)C(=O)NC[C@@H]1CC1CCCCC1,Glucagon-like peptide 1 receptor
CN(CC(=O)NCc1ccccc1)Cc1ccc(Cl)cc1,Glucagon-like peptide 1 receptor
COc1ccc(OC)c(NC(=O)C2(C)CCN2CCOc2ccccc2)c1,Glucagon-like peptide 1 receptor
Cc1ccc(C(C)C)c(OCC(=O)NC2CCN(C)CC2)c1,Glucagon-like peptide 1 receptor
CCOC(=O)C1(C)CCCN(C(=O)c2cc(C)oc2C)C1,Glucagon-like peptide 1 receptor
O=C(NCC(F)(F)F)C1C(=O)Nc2ccccc2C(=O)N1Cc1ccccc1,Glucagon-like peptide 1 receptor
CN1CCCC1(C)C(=O)Nc1ccc(-n2cccc2)cc1,Glucagon-like peptide 1 receptor
O=c1c(-c2cccs2)nc2ccccc2n1C(c1ccccn1)c1nc2ccccc2[nH]1,Glucagon-like peptide 1 receptor
CNS(=O)(=O)c1cccc(C(=O)OCC(=O)NCc2ccccc2)c1,Glucagon-like peptide 1 receptor
CCCCCCCCCCCCCCCCCC(=O)N[C@H](CCC(=O)NCCCC[C@H](NC(=O)[C@H](C)NC(=O)[C@H](C)NC(=O)[C@H](CCC(N)=O)NC(=O)CNC(=O)[C@H](CCC(=O)O)NC(=O)[C@H](CC(C)C)NC(=O)[C@H](Cc1ccc(O)cc1)NC(=O)[C@H](CO)NC(=O)[C@H](CO)NC(=O)[C@@H](NC(=O)[C@H](CC(=O)O)NC(=O)[C@H](CO)NC(=O)[C@@H](NC(=O)[C@H](Cc1ccccc1)NC(=O)[C@@H](NC(=O)CNC(=O)[C@H](CCC(=O)O)NC(=O)[C@H](C)NC(=O)[C@@H](N)Cc1c[nH]cn1)[C@@H](C)O)[C@@H](C)O)C(C)C)C(=O)N[C@@H](CCC(=O)O)C(=O)N[C@@H](Cc1ccccc1)C(=O)N[C@H](C(=O)N[C@@H](C)C(=O)N[C@@H](Cc1c[nH]c2ccccc12)C(=O)N[C@@H](CC(C)C)C(=O)N[C@H](C(=O)N[C@@H](CCCNC(=N)N)C(=O)NCC(=O)N[C@@H](CCCNC(=N)N)C(=O)NCC(=O)O)C(C)C)[C@@H](C)CC)C(=O)O,Glucagon-like peptide 1 receptor
[H][C@@]12C[C@@H](c3cnn(CCC)c3C)N3CCC[C@]31C(=O)N(Cc1cccc(Cl)c1)C2,Glucagon-like peptide 1 receptor
COc1ccc(NC(=O)C2(C)Cc3c(-c4ccc(NC(C)=O)cc4)ccnc3O2)cc1OC,Glucagon-like peptide 1 receptor
CCOC(=O)C1OC1(c1ccccc1)c1ccccc1,Glucagon-like peptide 1 receptor
CCCNC(=O)c1cc(C2CCCN(C(=O)c3ccc4ccccc4c3)C2)on1,Glucagon-like peptide 1 receptor
CC1(C(=O)NCc2ccc3c(c2)OCO3)CCN1CCc1ccccc1,Glucagon-like peptide 1 receptor
CCN(C(=O)CN1C(=O)NC2(CCCc3ccccc32)C1=O)c1ccc(F)cc1,Glucagon-like peptide 1 receptor
Cc1nc(C(=O)N2Cc3cc4c(cc3C[C@H]2C(=O)N[C@@H](Cc2ccc(-c3ccnc(C)c3C)cc2)C(=O)O)OC[C@H](c2ccc(OCc3ccc(Cl)c(Cl)c3)cc2)O4)co1,Glucagon-like peptide 1 receptor
O=C(CSc1nnc2ccc(-c3cccnc3)nn12)Nc1ccc(F)cc1,Glucagon-like peptide 1 receptor
C(=C/c1ccccc1)CN1CCN(C(c2cccc3ccccc23)c2nnnn2-c2ccc3c(c2)OCCO3)CC1,Glucagon-like peptide 1 receptor
Cc1cc(Br)cn2c(Cc3ccccc3)c(-c3ccccc3)nc12,Glucagon-like peptide 1 receptor
COc1ccccc1CN1CCC[C@H]1CNC(=O)c1cn(C2CCCC2)c(=O)c2c1c1ccccc1n2C,Glucagon-like peptide 1 receptor
CS(=O)(=O)N(CC(=O)Nc1ccccc1Cl)c1ccc(Cl)cc1,Glucagon-like peptide 1 receptor
CC[C@H](C)[C@H](NC(=O)[C@H](Cc1ccccc1)NC(=O)[C@H](CCC(=O)O)NC(=O)[C@H](CCCCN)NC(=O)[C@H](C)NC(=O)[C@H](C)NC(=O)[C@H](CCC(N)=O)NC(=O)CNC(=O)[C@H](CCC(=O)O)NC(=O)[C@H](CC(C)C)NC(=O)[C@H](Cc1ccc(O)cc1)NC(=O)[C@H](CO)NC(=O)[C@@H]1CC(=O)NCCCC[C@H](NC(=O)[C@H](Cc2ccccc2)NC(=O)[C@@H](NC(=O)CNC(=O)[C@H](CCC(=O)O)NC(=O)[C@H](C)NC(=O)[C@@H](N)Cc2cnc[nH]2)[C@@H](C)O)C(=O)N[C@@H](CO)C(=O)N[C@@H](CC(=O)O)C(=O)N[C@@H](C(C)C)C(=O)N1)C(=O)N[C@@H](C)C(=O)N[C@@H](Cc1c[nH]c2ccccc12)C(=O)N[C@@H](CC(C)C)C(=O)N[C@H](C(=O)N[C@@H](CCCCN)C(=O)NCC(=O)N[C@@H](CCCNC(=N)N)C(=O)NCC(N)=O)C(C)C,Glucagon-like peptide 1 receptor
COc1cc(OC)cc(-c2noc(-c3csc([C@@H]4O[C@H](CO)[C@H](O)[C@H](O)[C@H]4O)n3)n2)c1,Glucagon-like peptide 1 receptor
CC[C@H](C)[C@H](NC(=O)[C@H](Cc1ccccc1)NC(=O)[C@H](CCC(=O)O)NC(=O)[C@H](CCCCN)NC(=O)[C@H](C)NC(=O)[C@H](C)NC(=O)[C@H](CCC(N)=O)NC(=O)CNC(=O)[C@H](CCC(=O)O)NC(=O)[C@H](CC(C)C)NC(=O)[C@H](Cc1ccc(O)cc1)NC(=O)[C@H](CO)NC(=O)[C@H](CO)NC(=O)[C@@H](NC(=O)[C@H](CC(=O)O)NC(=O)[C@H](CO)NC(=O)[C@@H](NC(=O)[C@H](Cc1ccccc1)NC(=O)[C@@H](NC(=O)CNC(=O)[C@@H]1CSCC(=O)N[C@@H](Cc2cnc[nH]2)C(=O)N[C@@H](C)C(=O)N1)[C@@H](C)O)[C@@H](C)O)C(C)C)C(=O)N[C@@H](C)C(=O)N[C@@H](Cc1c[nH]c2ccccc12)C(=O)N[C@@H](CC(C)C)C(=O)N[C@H](C(=O)N[C@@H](CCCCN)C(=O)NCC(=O)N[C@@H](CCCNC(=N)N)C(=O)NCC(N)=O)C(C)C,Glucagon-like peptide 1 receptor
Cc1nccc(-c2ccc(C[C@H](NC(=O)[C@@H]3Cc4cc5c(cc4CN3C(=O)N[C@H](C)c3ccccc3)O[C@H](c3ccc(OCc4ccc(Cl)c(Cl)c4)cc3)CO5)C(=O)O)cc2)c1C,Glucagon-like peptide 1 receptor
COc1cc([C@H]2[C@](NC(=O)c3ccc(NC(=O)Nc4cccc(F)c4)cc3)(C(=O)O)[C@@H](c3ccc(OC(=O)c4cccs4)c(OC)c3)[C@]2(NC(=O)c2ccc(NC(=O)Nc3cccc(F)c3)cc2)C(=O)O)ccc1OC(=O)c1cccs1,Glucagon-like peptide 1 receptor
COc1ccc(NC(=O)c2cc(C3CCCCN3C(=O)C3CCCCC3)on2)c(C)c1,Glucagon-like peptide 1 receptor
COc1cc([C@H]2[C@](NC(=O)c3ccc(NC(C)=O)cc3)(C(=O)O)[C@@H](c3ccc(OC(=O)c4cccs4)c(OC)c3)[C@]2(NC(=O)c2ccc(NC(C)=O)cc2)C(=O)O)ccc1OC(=O)c1cccs1,Glucagon-like peptide 1 receptor
CC(C)(C)NC(=O)C(c1ccc(O)cc1)N(C(=O)CCC(=O)Nc1nccs1)c1ccc(F)cc1,Glucagon-like peptide 1 receptor
Cc1ccc(-c2c[nH]c(C(O)c3cc(C)cc(C)c3)n2)cc1,Glucagon-like peptide 1 receptor
O=C(NCCN1CCC(n2c(O)nc3ccccc32)CC1)c1cc(F)cc(F)c1.O=C(O)C(F)(F)F,Glucagon-like peptide 1 receptor
COc1ccccc1NC(=O)CSc1nc(N)c(-c2ccccc2)c(O)n1,Glucagon-like peptide 1 receptor
COc1ccc(N2C(=O)C3C4c5ccccc5C(/C=Nc5ccc(C)cc5C)(c5ccccc54)C3C2=O)cc1,Glucagon-like peptide 1 receptor
CCNc1nc(C)c(S(=O)(=O)N2Cc3cc4c(cc3C[C@H]2C(=O)N[C@@H](Cc2ccc(-c3ccc(F)cc3)cc2)C(=O)O)OCC(c2ccc(OCc3ccc(Cl)c(Cl)c3)cc2)O4)s1,Glucagon-like peptide 1 receptor
COc1ccc(-c2nnn(CC(=O)NCc3ccc4c(c3)OCO4)n2)cc1OC,Glucagon-like peptide 1 receptor
COc1cc(CNc2ncnc3c2ncn3[C@H]2CN(Cc3cccc(C(F)(F)F)c3)C[C@@H](COC(C)=O)O2)cc(OC)c1OC,Glucagon-like peptide 1 receptor
CCCCNC(=O)c1ccc2nc(CC)c(N(C)Cc3ccc(OC)cc3)n2c1,Glucagon-like peptide 1 receptor
COC(=O)[C@]12CCCCC=C1N(Cc1cccc3ccccc13)C(=O)[C@H](CC(=O)N1CCOCC1)C2,Glucagon-like peptide 1 receptor
CC(C)N1CCC1(C)C(=O)Nc1ccc(-n2cccc2)cc1,Glucagon-like peptide 1 receptor
CCCCCCCCCCCCCC(=O)NC(CCC(=O)NCCCC[C@H](NC(=O)[C@H](C)NC(=O)[C@H](C)NC(=O)[C@H](CCC(N)=O)NC(=O)CNC(=O)[C@H](CCC(=O)O)NC(=O)[C@H](CC(C)C)NC(=O)[C@H](Cc1ccc(O)cc1)NC(=O)[C@H](CO)NC(=O)[C@H](CO)NC(=O)[C@@H](NC(=O)[C@H](CC(=O)O)NC(=O)[C@H](CO)NC(=O)[C@@H](NC(=O)[C@H](Cc1ccccc1)NC(=O)[C@@H](NC(=O)CNC(=O)[C@H](CCC(=O)O)NC(=O)[C@H](C)NC(=O)[C@@H](N)Cc1c[nH]cn1)[C@@H](C)O)[C@@H](C)O)C(C)C)C(=O)N[C@@H](CCC(=O)O)C(=O)N[C@@H](Cc1ccccc1)C(=O)N[C@H](C(=O)N[C@@H](C)C(=O)N[C@@H](Cc1c[nH]c2ccccc12)C(=O)N[C@@H](CC(C)C)C(=O)N[C@H](C(=O)N[C@@H](CCCCNC(=O)CCC(NC(=O)CCCCCCCCCCCCC)C(=O)O)C(=O)NCC(=O)N[C@@H](CCCN=C(N)N)C(=O)NCC(=O)O)C(C)C)[C@@H](C)CC)C(=O)O,Glucagon-like peptide 1 receptor
COc1ccccc1C(C)NCC(=O)NCC(=O)Nc1ccc(F)c(F)c1F,Glucagon-like peptide 1 receptor
Cc1ccc(S(=O)(=O)N2CCOCC2)cc1NC(=O)CN1CCN(C)CC1,Glucagon-like peptide 1 receptor
CSc1ccc(Cn2c(C)c(C(=O)NCc3cccc(C(F)(F)F)c3)sc2=O)cc1,Glucagon-like peptide 1 receptor
N=C1c2ccccc2-c2ccccc21,Glucagon-like peptide 1 receptor
CC12CCC(=O)N1C(C(=O)N1CCN(c3cccc(Cl)c3)CC1)CS2,Glucagon-like peptide 1 receptor
Cc1[nH]c2ccccc2c1C(=O)C(=O)N1CCN(c2ccccc2F)CC1,Glucagon-like peptide 1 receptor
O=C(NCC1CCCO1)c1ccccc1OCc1ccc(F)cc1,Glucagon-like peptide 1 receptor
CC(C(=O)NC(C)(C)C)n1c(C(c2ccccc2)c2ccccc2)nc2ccccc21,Glucagon-like peptide 1 receptor
CCN(c1ccccc1)S(=O)(=O)c1ccc(C(=O)N2CCN(c3ccccc3F)CC2)cc1,Glucagon-like peptide 1 receptor
COc1ccc(CNC(=O)c2ccc(-n3ccnc3)c3ccoc23)cc1OC,Glucagon-like peptide 1 receptor
[H][C@]12CC[C@@]3(C)[C@@]([H])(CC[C@]3([H])[C@H](C)CCC(=O)NCCCC[C@H](NC(=O)[C@H](CC(C)C)NC(=O)[C@H](Cc3c[nH]c4ccccc34)NC(=O)[C@H](CCC(=O)O)NC(=O)[C@@H](NC(=O)[C@H](Cc3ccccc3)NC(=O)[C@H](CC(C)C)NC(=O)[C@H](CCCNC(=N)N)NC(=O)[C@@H](NC(=O)[C@H](C)NC(=O)[C@H](CCC(=O)O)NC(=O)[C@H](CCC(=O)O)NC(=O)[C@H](CCC(=O)O)NC(=O)[C@H](CCSC)NC(=O)[C@H](CCC(N)=O)NC(=O)[C@H](CCCCNC(=O)CC[C@@H](C)[C@@]3([H])CC[C@@]4([H])[C@]5([H])CC[C@]6([H])C[C@H](O)CC[C@]6(C)[C@@]5([H])CC[C@@]43C)NC(=O)[C@H](CO)NC(=O)[C@H](CC(C)C)OC(=O)[C@H](CC(=O)O)NC(=O)[C@H](CO)NC(=O)[C@@H](NC(=O)[C@H](Cc3ccccc3)NC(=O)[C@@H](NC(=O)CNC(=O)[C@H](CCC(=O)O)NC(=O)CNC(=O)[C@@H](N)Cc3cnc[nH]3)[C@@H](C)O)[C@@H](C)O)C(C)C)[C@@H](C)CC)C(=O)N[C@@H](CC(N)=O)C(=O)NCC(=O)NCC(=O)N3CCC[C@H]3C(=O)N[C@@H](CO)C(=O)N[C@@H](CO)C(=O)NCC(=O)N[C@@H](C)C(=O)N3CCC[C@H]3C(=O)N3CCC[C@H]3C(=O)N3CCC[C@H]3C(=O)N[C@@H](CO)C(N)=O)[C@]1([H])CC[C@]1([H])C[C@H](O)CC[C@]21C,Glucagon-like peptide 1 receptor
Cc1ccc(S(=O)(=O)Nc2ccc(C(=O)NCCCN3CCOCC3)cc2)cc1[N+](=O)[O-],Glucagon-like peptide 1 receptor
COc1ccccc1C(=O)Nc1ccnn1C1CCN(Cc2cnn(C)c2C)CC1,Glucagon-like peptide 1 receptor
Nc1ccc(S(=O)(=O)c2ccc(N)nc2)cc1,Glucagon-like peptide 1 receptor
CC1(C(=O)NS(=O)(=O)c2ccc(Cl)s2)CCN1C(=O)Cc1ccc(-c2ccccc2)cc1,Glucagon-like peptide 1 receptor
CCc1sc(N(C(=O)Cc2ccccc2)c2cccc(C)c2)nc1-c1ccccc1,Glucagon-like peptide 1 receptor
CC[C@@H](c1ccccc1)N1Cc2cc3c(cc2C[C@H]1C(=O)N[C@@H](Cc1ccc(-c2ccnc(C)c2C)cc1)C(=O)O)OC[C@H](c1ccc(OCc2cccnc2)cc1)O3,Glucagon-like peptide 1 receptor
NC(=O)N/N=C/c1cccc(C(F)(F)F)c1,Glucagon-like peptide 1 receptor
CCOc1ccc(Oc2ccccc2NC(=O)CCc2nc(O)c3ccccc3n2)cc1,Glucagon-like peptide 1 receptor
CCN(c1ccccc1)S(=O)(=O)c1ccc(OC)c(NC(=O)c2ccco2)c1,Glucagon-like peptide 1 receptor
CC(=O)Nc1ccc([C@H]2[C@](NC(=O)c3ccc(NC(=O)OC(C)(C)C)cc3)(C(=O)O)[C@@H](c3ccc(NC(C)=O)cc3)[C@]2(NC(=O)c2ccc(NC(=O)OC(C)(C)C)cc2)C(=O)O)cc1,Glucagon-like peptide 1 receptor
Cc1nc(NC(C)C)ccc1S(=O)(=O)N1Cc2cc3c(cc2C[C@H]1C(=O)N[C@@H](Cc1ccc(-c2ccc(C#N)cc2)cc1)C(=O)O)OC[C@H](c1ccc(OCc2ccc(Cl)c(Cl)c2)cc1)O3,Glucagon-like peptide 1 receptor
CCOC(=O)c1cnc(N)nc1-c1ccccc1,Glucagon-like peptide 1 receptor
CN(C)c1ccc(P(=O)(OCc2ccccc2)C(O)c2ccc(Br)cc2)cc1,Glucagon-like peptide 1 receptor
CN1CCC(N(C)C(=O)c2ccc(Cl)c(S(=O)(=O)N3CCCCC3)c2)CC1,Glucagon-like peptide 1 receptor
Cc1cc(C)cc(NC(=O)C(c2ccccc2)N2CCCC2)c1,Glucagon-like peptide 1 receptor
CCC(C)Nc1nc2cc(Cl)c([N+](=O)[O-])cc2nc1S(C)(=O)=O,Glucagon-like peptide 1 receptor
CCOC(=O)C1CCCN(C(=O)c2ccc(-c3ccccc3)cc2)CC1,Glucagon-like peptide 1 receptor
COc1ccc(Cc2c(-c3ccc(OC)c(OC)c3)nc3cc(C)c(Br)c(C)n23)c(C)c1,Glucagon-like peptide 1 receptor
CC1=C(C(=O)Nc2cc(C(=O)N3CCN(c4ccc(Cl)cc4)CC3)ccc2C)SCCO1,Glucagon-like peptide 1 receptor
Cc1nnc(S(=O)(=O)c2nc3cc(Cl)c(Cl)cc3nc2C(C)C)s1,Glucagon-like peptide 1 receptor
O=C(Nc1ccc(OC(F)F)cc1)c1cc(S(=O)(=O)N2CCOCC2)ccc1F,Glucagon-like peptide 1 receptor
OC[C@@H]1CN(Cc2cccnc2)C[C@H](n2cnc3c(N4CCN(c5ccccc5)CC4)ncnc32)O1,Glucagon-like peptide 1 receptor
CN1C(=O)[C@@](O)(c2cn(C)c3ccccc23)c2cc(Br)ccc21,Glucagon-like peptide 1 receptor
CCN(CC)CCCNC(=O)CCCn1c(=O)[nH]c2ccc(Br)cc2c1=O,Glucagon-like peptide 1 receptor
O=C(COc1ccc(Br)cc1)NNC(=O)c1cc(S(=O)(=O)N2CCOCC2)ccc1Cl,Glucagon-like peptide 1 receptor
CC(C)CNC(=O)C1(C)CCCN1Cc1ccc(OC(F)(F)F)cc1,Glucagon-like peptide 1 receptor
O=C(O)c1ccc(CSc2nnnn2-c2ccc(F)cc2)cc1,Glucagon-like peptide 1 receptor
O=C(Nc1ccccc1)c1cc(C2CCCCN2C(=O)c2ccc3c(c2)CCO3)on1,Glucagon-like peptide 1 receptor
COC(=O)CCCC[C@@H]1O[C@H](CCc2ccccc2)Cc2n[nH]c(O)c21,Glucagon-like peptide 1 receptor
Cc1ccc(Nc2nc(N)nc(CSc3nc(C)cc(C)n3)n2)cc1,Glucagon-like peptide 1 receptor
CCOC(=O)[C@]12CCCC=C1N(Cc1cccc3ccccc13)C(=O)[C@H](CC(=O)NCCCCc1ccccc1)C2,Glucagon-like peptide 1 receptor
O=C(CSc1nc(C2CCCCC2)n(-c2ccccc2)n1)NCC(F)(F)F,Glucagon-like peptide 1 receptor
O=C(Nc1ccccc1Cl)c1cc(C2CCCCN2C(=O)C2CCCCC2)on1,Glucagon-like peptide 1 receptor
CCc1cc(OC)ccc1-c1ccc(C[C@H](NC(=O)[C@H](CC(=O)O)NC(=O)[C@H](CO)NC(=O)[C@@H](NC(=O)[C@](C)(Cc2ccccc2F)NC(=O)[C@@H]2CSSC[C@@H](NC(=O)[C@@H](N)Cc3cnc[nH]3)C(=O)N[C@@H](CCC(=O)O)C(=O)NCC(=O)N2)[C@@H](C)O)C(=O)N[C@@H](CCCc2ccccc2)C(N)=O)cc1,Glucagon-like peptide 1 receptor
Cc1cccc(C)c1NC(=O)CN1CCN(C(=O)CNC(=O)Cc2cccc3ccccc23)CC1,Glucagon-like peptide 1 receptor
Cc1ccc(C2(C)NC(=O)N(CCOc3ccccc3)C2=O)cc1,Glucagon-like peptide 1 receptor
CCCCN1CC(N2CCN(Cc3ccccc3)CC2)CS1(=O)=O,Glucagon-like peptide 1 receptor
CCc1cc(OC)ccc1-c1ccc(C[C@H](NC(=O)[C@H](CC(=O)O)NC(=O)[C@H](CO)NC(=O)[C@@H](NC(=O)[C@](C)(Cc2c(F)cccc2F)NC(=O)[C@@H](NC(=O)CNC(=O)[C@H](CCC(=O)O)NC(=O)[C@@H]2CCCN2C(=O)[C@@H](N)Cc2cnc[nH]2)[C@@H](C)O)[C@@H](C)O)C(=O)N[C@@H](CCCc2ccccc2)C(=O)N[C@H]2CSSC[C@@H](C(=O)N[C@@H](CO)C(=O)O)NC(=O)[C@H](C)NC(=O)CNC(=O)CNC(=O)CNC(=O)[C@H](C)NC(=O)[C@H](C)NC(=O)[C@H](Cc3ccc(-c4ccccc4)cc3)NC(=O)CNC2=O)cc1,Glucagon-like peptide 1 receptor
Cc1nccc(-c2ccc(C[C@H](NC(=O)[C@@H]3Cc4cc5c(cc4CN3C(=O)N3CCOCC3)O[C@@H](c3ccc(OCc4ccc(Cl)c(Cl)c4)cc3)CO5)C(=O)O)cc2)c1C,Glucagon-like peptide 1 receptor
CCC(C(=O)NCc1ccccc1)n1c(-c2cccs2)nc2ccccc21,Glucagon-like peptide 1 receptor
COc1cccc(C(=O)NCCS(=O)(=O)NCc2ccc(Cl)cc2)c1,Glucagon-like peptide 1 receptor
Cc1cc2nc(-c3ccc(F)cc3)c(Cc3cccc(Cl)c3)n2c(C)c1Br,Glucagon-like peptide 1 receptor
OC[C@@H]1CN(CCc2ccccc2)C[C@H](n2cnc3c(N4CCOCC4)ncnc32)O1,Glucagon-like peptide 1 receptor
CC(C)N(C)c1ncnc2c1ncn2[C@H]1CN(Cc2ccc(F)cc2)C[C@@H](CO)O1,Glucagon-like peptide 1 receptor
Cc1nc(C(=O)N2Cc3cc4c(cc3C[C@H]2C(=O)N[C@@H](Cc2ccc(-c3ccnc(C)c3C)cc2)C(=O)O)OC[C@H](c2ccc(OCC3CCC(F)(F)CC3)cc2)O4)c(C)o1,Glucagon-like peptide 1 receptor
CCCCCCN1CCN(C2CN(Cc3cn(CCCCCC)nn3)S(=O)(=O)C2)CC1,Glucagon-like peptide 1 receptor
COc1ccc(OC)c(S(=O)(=O)Nc2cc3c4c(c2)CCN4C(=O)CC3)c1,Glucagon-like peptide 1 receptor
CC(NC(=O)Nc1ccccc1C(F)(F)F)c1c(-n2cccc2)sc2c1CCCC2,Glucagon-like peptide 1 receptor
COc1cccc(-c2c[nH]c(C(O)c3ccc(Cl)cc3)n2)c1,Glucagon-like peptide 1 receptor
Cc1ccccc1CN1Cc2cc3c(cc2C[C@H]1C(=O)N[C@@H](Cc1ccc(-c2ccnc(C)c2C)cc1)C(=O)O)OC[C@H](c1ccc(OCc2ccc(Cl)c(Cl)c2)cc1)O3,Glucagon-like peptide 1 receptor
O=C(NCc1ccc(Cl)c(Cl)c1)c1cc(C2CCCCN2C(=O)c2cccs2)on1,Glucagon-like peptide 1 receptor
COc1cccc(C2=NC(C(F)(F)F)(C(F)(F)F)c3c(n(CC(C)C)c(=O)[nH]c3=O)N2)c1,Glucagon-like peptide 1 receptor
O=C(NCc1ccccc1Cl)C1CCCN1S(=O)(=O)c1ccccc1F,Glucagon-like peptide 1 receptor
c1ccc(SCCOCCN2CCc3ccccc3C2)cc1,Glucagon-like peptide 1 receptor
COc1ccccc1NC(=O)C1CCCN(c2cnccn2)C1,Glucagon-like peptide 1 receptor
COc1ccc(Cc2nc3ccc(C(=O)NCCc4ccccc4)cc3o2)cc1,Glucagon-like peptide 1 receptor
[H][C@@]1([C@@H](C)O)NC(=O)[C@H](Cc2ccccc2)NC(=O)[C@@H](NC(=O)CNC(=O)[C@H](CCC(=O)O)NC(=O)[C@H](C)NC(=O)[C@@H](N)Cc2cnc[nH]2)CCCCNC(=O)CC[C@@H](C(=O)N[C@H](C(=O)N[C@@H](CO)C(=O)N[C@@H](CO)C(=O)N[C@@H](Cc2ccc(O)cc2)C(=O)N[C@@H](CC(C)C)C(=O)N[C@@H](CCC(=O)O)C(=O)NCC(=O)N[C@@H](CCC(N)=O)C(=O)N[C@@H](C)C(=O)N[C@@H](C)C(=O)N[C@@H](CCCCN)C(=O)N[C@@H](CCC(=O)O)C(=O)N[C@H](C(=O)N[C@@H](Cc2ccccc2)C(=O)N[C@@H](C)C(=O)N[C@@H](Cc2c[nH]c3ccccc23)C(=O)N[C@@H](CC(C)C)C(=O)N[C@H](C(=O)N[C@@H](CCCCN)C(=O)NCC(=O)N[C@@H](CCCNC(=N)N)C(N)=O)C(C)C)[C@@H](C)CC)C(C)C)NC(=O)[C@H](CO)NC1=O,Glucagon-like peptide 1 receptor
O=C(Nc1ccnn1C1CCN(CCCc2ccccc2)CC1)c1ccccc1Cl,Glucagon-like peptide 1 receptor
CC(C)CNC(=O)C1(C)CCCN1Cc1ccccc1OC(F)F,Glucagon-like peptide 1 receptor
Cc1cccc(C)c1NC(=O)CN(C)CCc1ccccc1,Glucagon-like peptide 1 receptor
CCC(=O)OC1(Cc2ccc(CC)cc2)CC(C)N(C)CC1C.Cl,Glucagon-like peptide 1 receptor
COC(=O)C1=CN(c2ccc(Oc3ccccc3)cc2)C(N)=C(C#N)C1c1cccc(OC)c1OC,Glucagon-like peptide 1 receptor
Cc1nccc(-c2ccc(C[C@H](NC(=O)[C@@H]3Cc4cc5c(cc4CN3C(=O)OC(C)(C)C)O[C@@H](c3ccc(OCc4ccc(Cl)c(Cl)c4)cc3)CO5)C(=O)O)cc2)c1C,Glucagon-like peptide 1 receptor
COc1ccc(N(C(C)=O)S(=O)(=O)c2cc(OC)ccc2OC)cc1,Glucagon-like peptide 1 receptor
CCN(C(=O)COC(=O)/C=C/c1ccc(F)cc1)C1CCCCC1,Glucagon-like peptide 1 receptor
CC[C@H](C)[C@H](NC(=O)[C@H](Cc1ccccc1)NC(=O)[C@H](CCC(=O)O)NC(=O)[C@H](CCCCNC(=O)COCCOCCNC(=O)CCN1C(=O)C=CC1=O)NC(=O)[C@H](C)NC(=O)[C@H](C)NC(=O)[C@H](CCC(N)=O)NC(=O)CNC(=O)[C@H](CCC(=O)O)NC(=O)[C@H](CC(C)C)NC(=O)[C@H](Cc1ccc(O)cc1)NC(=O)[C@H](CO)NC(=O)[C@H](CO)NC(=O)[C@@H](NC(=O)[C@H](CC(=O)O)NC(=O)[C@H](CO)NC(=O)[C@@H](NC(=O)[C@H](Cc1ccccc1)NC(=O)[C@@H](NC(=O)CNC(=O)[C@H](CCC(=O)O)NC(=O)[C@H](C)NC(=O)[C@@H](N)Cc1c[nH]cn1)[C@@H](C)O)[C@@H](C)O)C(C)C)C(=O)N[C@@H](C)C(=O)N[C@@H](Cc1c[nH]c2ccccc12)C(=O)N[C@@H](CC(C)C)C(=O)N[C@H](C(=O)N[C@@H](CCCCN)C(=O)NCC(=O)N[C@@H](CCCN=C(N)N)C(N)=O)C(C)C,Glucagon-like peptide 1 receptor
CC[C@H](C)[C@H](NC(=O)[C@H](CCCCNC(=O)COCCOCCNC(=O)CCN1C(=O)C=CC1=O)NC(=O)[C@H](CCC(=O)O)NC(=O)[C@H](CCCCN)NC(=O)[C@H](C)NC(=O)[C@H](C)NC(=O)[C@H](CCC(N)=O)NC(=O)CNC(=O)[C@H](CCC(=O)O)NC(=O)[C@H](CC(C)C)NC(=O)[C@H](Cc1ccc(O)cc1)NC(=O)[C@H](CO)NC(=O)[C@H](CO)NC(=O)[C@@H](NC(=O)[C@H](CC(=O)O)NC(=O)[C@H](CO)NC(=O)[C@@H](NC(=O)[C@H](Cc1ccccc1)NC(=O)[C@@H](NC(=O)CNC(=O)[C@H](CCC(=O)O)NC(=O)[C@H](C)NC(=O)[C@@H](N)Cc1c[nH]cn1)[C@@H](C)O)[C@@H](C)O)C(C)C)C(=O)N[C@@H](C)C(=O)N[C@@H](Cc1c[nH]c2ccccc12)C(=O)N[C@@H](CC(C)C)C(=O)N[C@H](C(=O)N[C@@H](CCCCN)C(=O)NCC(=O)N[C@@H](CCCN=C(N)N)C(N)=O)C(C)C,Glucagon-like peptide 1 receptor
CNC(=O)NC(=O)COc1c(F)c(F)cc(F)c1F,Glucagon-like peptide 1 receptor
COC(=O)c1ccc2cc(OC)c(OC)cc2c1,Glucagon-like peptide 1 receptor
Cl.N=c1sccn1CC(=O)N(Cc1ccccc1)Cc1ccccc1,Glucagon-like peptide 1 receptor
Cc1ccc(C)c(S(=O)(=O)N2CCN(C(=O)Cn3c(C(F)(F)F)nc4ccccc43)CC2)c1,Glucagon-like peptide 1 receptor
CC(C)c1nc2cc(Cl)c(Cl)cc2nc1S(=O)(=O)CCC1OCCO1,Glucagon-like peptide 1 receptor
CCN(CC)C(=O)c1cccc(-c2csc(C(NC(C)=O)c3cccc(OC)c3)n2)c1,Glucagon-like peptide 1 receptor
CC(C)(C)OC(=O)Nc1ccc(C(=O)N[C@]2(C(=O)O)[C@H](c3ccc(OCc4ccccc4)cc3)[C@@](NC(=O)c3ccc(NC(=O)OC(C)(C)C)cc3)(C(=O)O)[C@@H]2c2ccc(OCc3ccccc3)cc2)cc1,Glucagon-like peptide 1 receptor
Cc1cc(NC(=O)COC(=O)CCS(=O)(=O)c2ccc(C)c(C)c2)no1,Glucagon-like peptide 1 receptor
COc1ccc(S(=O)(=O)N2CCC3CC2c2c(-c4ccc(C(F)(F)F)cc4)cccc23)cc1,Glucagon-like peptide 1 receptor
Cc1ccc(-c2cc(Cc3ccccc3)c(O)nn2)cc1,Glucagon-like peptide 1 receptor
COc1ccc(NC(=O)C2=C(C)NC(=O)NC2c2cccc(OC)c2OC)c(OC)c1,Glucagon-like peptide 1 receptor
COc1ccc2[nH]cc(CCNC(=O)CS(=O)(=O)Cc3ccccc3)c2c1,Glucagon-like peptide 1 receptor
CCOC(=O)[C@]12CCCC=C1N(Cc1ccc(Cl)cc1Cl)C(=O)[C@H](CC(=O)NCC13CC4CC(CC(C4)C1)C3)C2,Glucagon-like peptide 1 receptor
Cc1nc(NC(=O)C(F)(F)F)sc1S(=O)(=O)N1Cc2cc3c(cc2C[C@H]1C(=O)N[C@@H](Cc1ccc(-c2ccc(C#N)cc2)cc1)C(=O)O)OCC(c1ccc(OCc2ccc(Cl)c(Cl)c2)cc1)O3,Glucagon-like peptide 1 receptor
CCCc1cc(CCC)n2nc(N)nc2n1,Glucagon-like peptide 1 receptor
COc1ccc(Br)c(Cn2c(C)c(C(=O)NCc3ccccc3C(F)(F)F)sc2=O)c1,Glucagon-like peptide 1 receptor
COC(=O)[C@@]12C[C@@H](CC(=O)NCc3ccc(C)o3)C(=O)N(Cc3ccccc3)C1=CCC(C)(C)C2,Glucagon-like peptide 1 receptor
COc1ccc(Cl)cc1NC(=O)CSc1nc(=O)n(CCN(C)C)c2c1CCCC2,Glucagon-like peptide 1 receptor
Cc1ccc(-c2nc3ccc(Br)cn3c2CC(C)(C)C)cc1,Glucagon-like peptide 1 receptor
CC(=O)NCCNc1nc2cc(Cl)c(Cl)cc2nc1S(C)(=O)=O,Glucagon-like peptide 1 receptor
COc1ccccc1-c1c[nH]c(C(O)c2ccc(Cl)cc2C)n1,Glucagon-like peptide 1 receptor
CCOC(=O)N1CCN(C(=O)COC(=O)c2ccc([N+](=O)[O-])cc2Cl)CC1,Glucagon-like peptide 1 receptor
CC(=O)c1cccc(N(C(=O)c2csnn2)C(C(=O)NC2CCCC2)c2ccccc2)c1,Glucagon-like peptide 1 receptor
O=C(CSc1nnc(CNC(=O)c2cccc(C(F)(F)F)c2)o1)NC1CCCCC1,Glucagon-like peptide 1 receptor
O=C(NCC1CCCO1)c1ccc2c(c1)N(Cc1ccc(Cl)cc1)CCS2,Glucagon-like peptide 1 receptor
CCOP(=O)(OCC)c1nc2cc(Cl)c(Cl)cc2nc1C(F)(F)F,Glucagon-like peptide 1 receptor
CCCCNc1nc(C)c(S(=O)(=O)N2Cc3cc4c(cc3C[C@H]2C(=O)N[C@@H](Cc2ccc(-c3ccc(C#N)cc3)cc2)C(=O)O)OCC(c2ccc(OCc3ccc(Cl)c(Cl)c3)cc2)O4)s1,Glucagon-like peptide 1 receptor
C/C(=N/NC(=O)CCc1ccccc1)c1ccc2c(c1)OCO2,Glucagon-like peptide 1 receptor
O=C(OCc1cc(=O)n2ccsc2n1)C1(c2ccccc2)CC1,Glucagon-like peptide 1 receptor
C=CCn1c(SCC(=O)NCC(c2ccccc2)N(C)C)nc2sc3c(c2c1=O)CCC3,Glucagon-like peptide 1 receptor
COc1ccc(C(=O)N2CCN(C(=O)c3ccncc3)CC2)cc1,Glucagon-like peptide 1 receptor
COc1ccc(NC(=O)c2cc(C3CCCCN3C(=O)CCCc3ccccc3)on2)c(C)c1,Glucagon-like peptide 1 receptor
[H][C@]12C[C@H](O)[C@@]3(C)[C@@]([H])(CC[C@]3([H])[C@H](C)CCC(=O)NCCCC[C@H](NC(=O)[C@H](CC(C)C)NC(=O)[C@H](Cc3c[nH]c4ccccc34)NC(=O)[C@H](CCC(=O)O)NC(=O)[C@@H](NC(=O)[C@H](Cc3ccccc3)NC(=O)[C@H](CC(C)C)NC(=O)[C@H](CCCNC(=N)N)NC(=O)[C@@H](NC(=O)[C@H](C)NC(=O)[C@H](CCC(=O)O)NC(=O)[C@H](CCC(=O)O)NC(=O)[C@H](CCC(=O)O)NC(=O)[C@H](CCSC)NC(=O)[C@H](CCC(N)=O)NC(=O)[C@H](CCCCNC(=O)CC[C@@H](C)[C@@]3([H])CC[C@@]4([H])[C@]5([H])CC[C@]6([H])C[C@H](O)CC[C@]6(C)[C@@]5([H])C[C@H](O)[C@@]43C)NC(=O)[C@H](CO)NC(=O)[C@H](CC(C)C)OC(=O)[C@H](CC(=O)O)NC(=O)[C@H](CO)NC(=O)[C@@H](NC(=O)[C@H](Cc3ccccc3)NC(=O)[C@@H](NC(=O)CNC(=O)[C@H](CCC(=O)O)NC(=O)CNC(=O)[C@@H](N)Cc3cnc[nH]3)[C@@H](C)O)[C@@H](C)O)C(C)C)[C@@H](C)CC)C(=O)N[C@@H](CC(N)=O)C(=O)NCC(=O)NCC(=O)N3CCC[C@H]3C(=O)N[C@@H](CO)C(=O)N[C@@H](CO)C(=O)NCC(=O)N[C@@H](C)C(=O)N3CCC[C@H]3C(=O)N3CCC[C@H]3C(=O)N3CCC[C@H]3C(=O)N[C@@H](CO)C(N)=O)[C@]1([H])CC[C@]1([H])C[C@H](O)CC[C@]21C,Glucagon-like peptide 1 receptor
CC[C@H](C)[C@H](NC(=O)[C@H](Cc1ccccc1)NC(=O)[C@H](CCC(=O)O)NC(=O)[C@H](CCCCNC(=O)COCCOCCNC(=O)COCCOCCNC(=O)CC[C@H](NC(=O)CCCCCCCCCCCCC(=O)O)C(=O)O)NC(=O)[C@H](C)NC(=O)[C@H](C)NC(=O)[C@H](CCC(N)=O)NC(=O)CNC(=O)[C@H](CCC(=O)O)NC(=O)[C@H](CC(C)C)NC(=O)[C@H](Cc1ccc(O)cc1)NC(=O)[C@H](CO)NC(=O)[C@H](CO)NC(=O)[C@@H](NC(=O)[C@H](CC(=O)O)NC(=O)[C@H](CO)NC(=O)[C@@H](NC(=O)[C@H](Cc1ccccc1)NC(=O)[C@@H](NC(=O)CNC(=O)[C@H](CCC(=O)O)NC(=O)C(C)(C)NC(=O)[C@@H](N)Cc1c[nH]cn1)[C@@H](C)O)[C@@H](C)O)C(C)C)C(=O)N[C@@H](C)C(=O)N[C@@H](Cc1c[nH]c2ccccc12)C(=O)N[C@@H](CC(C)C)C(=O)N[C@H](C(=O)N[C@@H](CCCNC(=N)N)C(=O)NCC(=O)N[C@@H](CCCNC(=N)N)C(=O)NCC(=O)O)C(C)C,Glucagon-like peptide 1 receptor
CCOc1cc(/C=C2N=C(c3ccc(NC(C)=O)cc3)OC2=O)ccc1OC(=O)c1cccs1,Glucagon-like peptide 1 receptor
CC(C)N1CCC1(C)C(=O)Nc1cccc2ccccc12,Glucagon-like peptide 1 receptor
CCCCNC(=O)C(NC(=O)c1ccc(O)nc1)C(=O)c1ccccc1,Glucagon-like peptide 1 receptor
