smiles,targetname
CN1CCN=C1c1ccc(C(=O)N2CCN(S(=O)(=O)c3cc4ccc(Cl)cc4s3)CC2CC(=O)O)cc1,Coagulation factor X
CN(C)CCN(C)C(=O)CN([C@H]1CCCN(c2ccc(-n3ccccc3=O)cc2F)C1=O)S(=O)(=O)c1ccc2cc(Cl)ccc2c1,Coagulation factor X
CN(C(=O)[C@@H]1Cc2ccccc2CN1C(=O)c1ccc(Cl)s1)c1ccc(N2CCOCC2=O)cc1,Coagulation factor X
[H][C@@]12CC[C@@H](C(=O)NCc3ccc(C(=N)N)cc3)N1C(=O)CN(S(=O)(=O)C(c1ccccc1)c1ccccc1)C2,Coagulation factor X
CN1CCN=C1c1ccc(NC(=O)c2cc(C(F)(F)F)nn2-c2ccc3cc(Cl)ccc3c2)c(F)c1,Coagulation factor X
Cc1cc(C(=O)Nc2ccc(N3CCCC3=O)cc2F)n(-c2cc3ccccc3cc2S(C)(=O)=O)n1,Coagulation factor X
CO[C@H]1C[C@H](C(=O)Nc2ccc(-n3ccccc3=O)cc2F)C[C@H]1NC(=O)c1ccc(Cl)s1,Coagulation factor X
Cc1cc(C(=O)Nc2ccc(N3CCCCC3=O)cc2)n(-c2ccc3cc(Cl)ccc3c2)n1,Coagulation factor X
CC(C)N1CCC(NC(=O)c2cc3ccccc3n2Cc2cnc(-c3ccc(Cl)cc3)s2)CC1,Coagulation factor X
COc1ccc(-n2nc(C(N)=O)c3c2C(=O)N(c2ccc(C(C)(C)CNC4CC4)cc2)CC3)cc1,Coagulation factor X
O=C1[C@@H](NS(=O)(=O)c2cc3ncccc3s2)CCN1Cc1cc2ccncc2[nH]1,Coagulation factor X
COc1ccc(C(=O)NCCCN2CCCCC2)cc1OCCc1ccc(Cl)cc1Cl,Coagulation factor X
O=C(CN1C[C@H](NC(=O)c2ccc(Cl)s2)C[C@H]1CN1CCCC1)Nc1ccc(-n2ccccc2=O)cc1F,Coagulation factor X
CCc1ccc(-n2nc(C(F)(F)F)c3c2C(=O)N(c2ccc(-c4ccccc4CN(C)C)cc2)CC3)cc1,Coagulation factor X
CN(C)C1CCc2cc(N3CC[C@H](NS(=O)(=O)c4ccc5c(Cl)c[nH]c5c4)C3=O)ccc21,Coagulation factor X
O=S([O-])c1ccc2cc(Cl)ccc2c1.[Na+],Coagulation factor X
COc1cc(C(=O)Nc2cc(C(N)=O)ccc2NC(=O)c2ccc(N3CCCC3=O)cc2)cc(OC)c1OC,Coagulation factor X
C[C@H](NC(=O)c1cc2cc(OCc3ccccc3)ccc2n1Cc1cccc(C(=N)S)c1)c1ccccc1.O=C(O)C(F)(F)F,Coagulation factor X
COc1ccc(-n2nc(C(F)(F)F)c3c2C(=O)N(c2ccc(-c4ccccc4CN4CCC(O)C4)cc2)CC3)cc1,Coagulation factor X
O=C(N[C@H]1CCC[C@H]1NC(=O)c1cccc(Cl)c1)c1ccc(-n2ccccc2=O)cc1,Coagulation factor X
Cc1cc2cc(N/C(=NC#N)N[C@H]3CCCCN(CC(=O)N4CCC[C@H]4CN)C3=O)ccc2o1,Coagulation factor X
CCC(C(=O)N1CCCCC1)N1CCC(NS(=O)(=O)c2ccc3cc(Cl)ccc3c2)C1=O,Coagulation factor X
CNC1CCc2cc(N3CC[C@H](NS(=O)(=O)c4ccc5c(Cl)c[nH]c5c4)C3=O)ccc21,Coagulation factor X
N=C(N)c1cccc(Cn2c(C(=O)NCc3cccc(F)c3)cc3c(O)cccc32)c1,Coagulation factor X
COC(=O)C(C)(C)Oc1ccc(NC(=O)c2cc3cc(Cl)ccc3[nH]2)c(NC(=O)c2nc3c(s2)CN(C)CC3)c1,Coagulation factor X
COc1ccc(-c2noc3ncn(-c4ccc(N5CCOCC5=O)cc4)c(=O)c23)cc1,Coagulation factor X
COC(=O)C[C@H](CNC(=O)c1cc2cc(Cl)ccc2[nH]1)NC(=O)c1nc2c(s1)CN(C)CC2,Coagulation factor X
N=C(N)c1cccc(Oc2cc(Cl)ccc2NC(=O)c2ccc(-c3ccccc3S(N)(=O)=O)cc2)c1,Coagulation factor X
CC1(N)CCN(c2ccc(N3CC(CNC(=O)c4ccc(Cl)s4)OC3=O)cc2F)CC1,Coagulation factor X
CC(C)N(CCN)C(=O)[C@H](C)N1CC[C@H](NS(=O)(=O)c2ccc3cc(Cl)ccc3c2)C1=O,Coagulation factor X
NC(=O)c1cc(OCCc2ccc(Cl)cc2Cl)cc(C(=O)NCC2CCN(c3ccncc3)CC2)c1,Coagulation factor X
Cc1cc2cc(N/C(=NC#N)N[C@@H]3CCCCN(CC(=O)N4CCCC4)C3=O)ccc2o1,Coagulation factor X
CN(C)C(=N)c1ccc(C(=O)Nc2ccc(C(F)(F)F)cc2C(=O)Nc2ccc(Cl)cn2)cc1,Coagulation factor X
O=C(N[C@H]1Cc2ccccc2[C@H]1NC(=O)c1ccc2c(Cl)c[nH]c2c1)c1ccc(-n2ccccc2=O)cc1,Coagulation factor X
COc1cc(C(=O)Nc2ccc(C(N)=O)cc2NC(=O)c2ccc(-n3ccccc3=O)cc2)cc(OC)c1OC,Coagulation factor X
CC(C)N(CCCN)C(=O)[C@H](C)N1CC[C@H](NS(=O)(=O)c2ccc3cc(Cl)ccc3c2)C1=O,Coagulation factor X
CC(C)c1ccc(CCNS(=O)(=O)c2cc(C(=N)N)ccc2O)c(NCC(=O)O)c1,Coagulation factor X
CN(C(=O)[C@@H]1Cc2ccccc2CN1C(=O)CCc1ncc(-c2ccc(Cl)cc2)o1)c1ccc(N2CCCCC2=O)cc1,Coagulation factor X
NCC1CCCN(C(=O)CN2CCC[C@H](NS(=O)(=O)c3ccc4cc(Cl)ccc4c3)C2=O)C1,Coagulation factor X
CCO[C@H]1CN(CC(=O)Nc2ccc(-n3ccccc3=O)cc2F)C[C@@H]1NC(=O)c1ccc(Cl)s1,Coagulation factor X
O=C1C(NS(=O)(=O)c2ccc3cc(Cl)ccc3c2)CCCN1c1ccc(-n2ccccc2=O)cc1F,Coagulation factor X
CN(C)CCN(C)C(=O)N(C1CCCN(c2ccc(-c3ccccc3S(C)(=O)=O)cc2F)C1=O)S(=O)(=O)c1ccc2cc(Cl)ccc2c1,Coagulation factor X
N=C(c1ccc(CN2CCN(S(=O)(=O)c3cc4cc(Cl)ccc4[nH]3)CC2=O)cc1)N1CCC1,Coagulation factor X
CNC1(c2ccc(N3CCc4c(C#N)nn(-c5ccc(OC)cc5)c4C3=O)cc2)CC1,Coagulation factor X
CCO[C@]1(CC)C[C@H](C(=O)Nc2ccc(-n3ccccc3=O)cc2F)N(C(=O)Nc2ccc(Cl)cc2)C1,Coagulation factor X
C[N+](C)(C)c1ccc(CNC(=O)c2cc3cc([N+](=O)[O-])ccc3n2Cc2cccc(C(=N)N)c2)cc1.O=C([O-])C(F)(F)F,Coagulation factor X
CS(=O)(=O)N(Cc1ccc2ccc(C(=N)N)cc2c1)C1CCN(S(=O)(=O)c2c(Cl)cccc2Cl)CC1,Coagulation factor X
O=C(CN1CC(NC(=O)c2ccc(Cl)s2)C(C2CC2)C1)Nc1ccc(-n2ccccc2=O)cc1F,Coagulation factor X
N=C(N)c1cccc(Oc2cc(Oc3ccccc3C(=N)N)ccc2N)c1,Coagulation factor X
Cc1cc2cc(N/C(=NC(=O)c3ccccc3)N[C@H]3CCCCN(CC(=O)N4CCCC4)C3=O)ccc2o1,Coagulation factor X
C[C@@H](C(=O)N(CCO)CC1CC1)N1CC[C@H](NS(=O)(=O)c2ccc3cc(Cl)ccc3c2)C1=O,Coagulation factor X
COC(=O)C(Cc1cccc(C(=N)N)c1)C(/C=C/c1ccccc1)NC(=O)C1CCC(C2CCCCC2)CC1,Coagulation factor X
CC(C)N1CCC(NC(=O)c2c(C#N)c3cc(S(C)(=O)=O)ccc3n2Cc2cc(-c3ccc(Cl)s3)on2)CC1,Coagulation factor X
COc1cccc2c1cc(C(=O)NCCc1ccc(O)cc1)n2Cc1cccc(C(=N)N)c1,Coagulation factor X
C/C(=C(F)C(=O)Nc1ccc(-c2ccccc2S(N)(=O)=O)cc1)c1cccc(CN)c1,Coagulation factor X
CC(C)N1CCC(CNC(=O)c2cc3ccccc3n2Cc2cc(-c3ccc(Cl)s3)on2)CC1,Coagulation factor X
O=C(C1CCN(c2ccncc2)CC1)N1CCC(CNS(=O)(=O)c2ccc3cc(Cl)ccc3c2)C1,Coagulation factor X
COc1ccc(-n2nc(C(F)(F)F)c3c(C)nn(-c4ccc(-c5ccccc5S(N)(=O)=O)cc4)c(=O)c32)cc1,Coagulation factor X
CS(=O)(=O)N(Cc1ccc2ccc(C(=N)N)cc2c1)C1CCN(C(=O)c2cccc(C#N)c2)CC1,Coagulation factor X
O=C(Nc1ccccc1NC(=O)C1C=CCCC1)OCC1CCN(c2ccncc2)CC1,Coagulation factor X
CN1CCC([C@@H](NC(=O)c2cc3ccccc3n2Cc2cccc(C(=N)N)c2)c2ccc3cc(Cl)ccc3c2)CC1,Coagulation factor X
NC(=O)c1ccc(NC(=O)c2ccc(-n3ccccc3=O)cc2)c(NC(=O)c2ccc(Cl)c(Cl)c2)c1,Coagulation factor X
Cc1ccc(NC(=O)c2ccc(C(=N)N(C)C)cc2)c(C(=O)Nc2ccc(Cl)cn2)c1,Coagulation factor X
CCN(C)c1cc(Cl)cc(C(=O)Nc2ccc(Cl)cn2)c1NC(=O)c1ccc(C(=N)N(C)C)cc1,Coagulation factor X
CN(C(=O)[C@@H]1CCCN(C(=O)c2ccc(Cl)s2)C1)c1ccc(N2CCCCC2=O)cc1,Coagulation factor X
COc1c(Br)cc(C(=O)NCC2CCN(c3ccncc3)CC2)cc1OCCc1ccc(Cl)cc1Cl,Coagulation factor X
NC(=O)c1ccc(NC(=O)c2ccc(-n3ccccc3=O)cc2)c(NC(=O)c2ccc(Cl)nc2)c1,Coagulation factor X
CS(=O)(=O)c1ccc(Oc2ccc3ccnc(N)c3c2)c(NC(=O)c2ccc(-c3ccccc3S(N)(=O)=O)cc2)c1,Coagulation factor X
O=C(CCS(=O)(=O)c1ccc2cc(Cl)ccc2c1)N1CCC(c2ncc[nH]2)CC1,Coagulation factor X
N=C(NN)c1ccc(C(=O)Nc2ccccc2C(=O)Nc2ccc(Cl)cn2)cc1,Coagulation factor X
CC(C)N1CCc2nc(C(=O)Nc3c(CCC(=O)Nc4ccc(Cl)cc4)cccc3C(=O)O)sc2C1,Coagulation factor X
CC(c1ccc(N2CC[C@H](NS(=O)(=O)c3cc4ccc(Cl)cc4s3)C2=O)c(F)c1)N(C)C,Coagulation factor X
CN1CCC(N(C)C(=O)N(C2CCCN(c3ccc(-c4ccccc4S(C)(=O)=O)cc3F)C2=O)S(=O)(=O)c2ccc3cc(Cl)ccc3c2)CC1,Coagulation factor X
O=C(Nc1cccc2c1CN(Cc1cccc(CNc3ccncc3)c1)C2=O)c1ccc(Cl)s1,Coagulation factor X
O=C1[C@@H](NS(=O)(=O)/C=C/c2ccc(Cl)s2)CCN1c1ccc([C@@H]2CCCN2)cc1F,Coagulation factor X
N=C(N)c1cccc(Cn2c(C(=O)NCc3ccccn3)cc3c(O)cccc32)c1,Coagulation factor X
Cc1c(F)c(NC2CCCCC2)nc(Oc2cccc(C(=N)N)c2)c1F,Coagulation factor X
N=C(N)c1cccc(/C(=CC(=O)Nc2ccc(-c3ccccc3S(N)(=O)=O)cc2)C(F)(F)F)c1,Coagulation factor X
CN1CCc2nc(C(=O)N[C@@H]3C[C@@H](C(=O)N(C)C)CC[C@@H]3NC(=O)C3=NS(=O)(=O)c4cc(Cl)ccc4N3)sc2C1,Coagulation factor X
O=C(CN1CC(O)C(NC(=O)c2ccc(Cl)s2)C1)Nc1ccc(-n2ccccc2=O)cc1F,Coagulation factor X
CC(=O)Nc1ccc(C(=O)Nc2ccc(-c3ccccc3S(N)(=O)=O)cc2)c(Oc2cccc(C(=N)N)c2)c1,Coagulation factor X
CN1CCc2nc(C(=O)Nc3c(CNC(=O)c4ccc(Cl)s4)cccc3C(=O)N(C)C)sc2C1,Coagulation factor X
O=C(N[C@H]1CCC[C@H]1NC(=O)c1ccc(Cl)c(F)c1)c1ccc(-n2ccccc2=O)cc1,Coagulation factor X
CCN(C)C(C)c1ccc(N2CC[C@H](NS(=O)(=O)c3ccc4cc(Cl)ccc4c3)C2=O)c(F)c1,Coagulation factor X
CC(C)c1ccc(CCN(CC(=O)O)S(=O)(=O)c2cc(C(=N)N)ccc2O)cc1,Coagulation factor X
CC(C)N1CCC(COCC(NC(=O)c2ccc3c(Cl)c[nH]c3c2)c2ccccc2F)CC1,Coagulation factor X
COc1cc(C(=O)NCC2CCN(c3ccncc3)CC2)cc(OCCc2ccc(Cl)cc2)c1Cl,Coagulation factor X
COc1ccc(C(=O)NCC2CCN(C(C)C)CC2)cc1OCCc1ccc(Cl)cc1Cl,Coagulation factor X
COc1ccc(C(=O)NC(C(=O)NCC2CCN(C(C)C)CC2)c2ccccc2O)cc1,Coagulation factor X
N=C(N)c1cccc(Oc2cc(Br)ccc2NC(=O)c2ccc(-c3ccccc3S(N)(=O)=O)cc2)c1,Coagulation factor X
O=C(NC[C@H]1CN(c2ccc(N3CCOCC3)c(F)c2)C(=O)O1)c1ccc(Cl)s1,Coagulation factor X
O=C(C(=O)N1CCC[C@H]1CN1CCCC1)N1CC[C@H](CNS(=O)(=O)/C=C/c2ccc(Cl)s2)C1,Coagulation factor X
O=C(NC[C@H]1CN(c2ccc(N3CCN(C(=O)CO)CC3)c(F)c2)C(=O)O1)c1ccc(Cl)s1,Coagulation factor X
CS(=O)(=O)N1C[C@H](C(=O)Nc2ccc3[nH]ccc3c2)[C@@H](C(=O)Nc2ccc(-n3ccccc3=O)cc2F)C1,Coagulation factor X
O=C(NC[C@H]1CN(c2ccc3c(c2)OCc2nccn2-3)C(=O)O1)c1ccc(Cl)s1,Coagulation factor X
COc1ccc(C(=O)Nc2ccc(-c3ccccc3C#N)cc2)cc1OCCc1ccc(Cl)cc1Cl,Coagulation factor X
NS(=O)(=O)c1ccccc1-c1ccc(NC(=O)C2CC(c3ccccc3)=NO2)cc1,Coagulation factor X
CCN1CCN=C1c1ccc(C(=O)N2CCN(S(=O)(=O)c3cc4ccc(Cl)cc4s3)CC2)cc1,Coagulation factor X
Nc1cc(C(=O)NC[C@H]2CN(c3ccc(N4CCOCC4=O)cc3)C(=O)O2)sc1Cl,Coagulation factor X
CN1CCc2nc(C(=O)N[C@@H]3C[C@@H](C(=O)N(C)C)CC[C@@H]3NC(=O)c3cc4c(F)c(Cl)ccc4[nH]3)sc2C1,Coagulation factor X
CC(C)(C)OC(=O)NC1CCCN(c2ccc(N3CC(CNC(=O)c4ccc(Cl)s4)OC3=O)cc2F)C1,Coagulation factor X
N=C(c1ccc(C(=O)Nc2ccccc2C(=O)Nc2ccc(Cl)cn2)cc1)N1CCOCC1,Coagulation factor X
O=C1COCCN1c1ccc(-n2cnc3onc(-c4ccc([N+](=O)[O-])cc4)c3c2=O)cc1,Coagulation factor X
COC(=O)C(C)Oc1ccc(NC(=O)c2cc3cc(Cl)ccc3[nH]2)c(NC(=O)c2nc3c(s2)CN(C)CC3)c1,Coagulation factor X
O=C(C1CCN(c2ccncc2)CC1)N1CCC(CNS(=O)(=O)/C=C/c2ccc(Cl)cc2)C1,Coagulation factor X
COC[C@@H]1ON=C(c2cccc(C(=N)N)c2)[C@H]1C(=O)Nc1ccc(-c2ccccc2S(N)(=O)=O)cc1,Coagulation factor X
COc1ccc(-c2noc3ncn(-c4ccc(C(=O)N5CCCC5)cc4)c(=O)c23)cc1,Coagulation factor X
CN(C)Cc1ccn(-c2ccc(N3CCC(NS(=O)(=O)c4cc5ccc(Cl)cc5s4)C3=O)c(F)c2)n1,Coagulation factor X
C[C@@H](C(=O)N1CCOCC1)N1CC[C@H](NS(=O)(=O)c2ccc(-c3nnc(Cl)s3)s2)C1=O,Coagulation factor X
CCCCCCCCCCC1=NOC(C(=O)Nc2ccc(-c3ccccc3S(N)(=O)=O)cc2)C1,Coagulation factor X
Cc1c(F)c(Oc2cccc(CC(=O)C(C)C)c2)nc(Oc2cccc(C(=N)N)c2)c1F,Coagulation factor X
CN1CCc2nc(C(=O)Nc3ccncc3CNC(=O)c3ccc(Cl)s3)sc2C1,Coagulation factor X
COc1ccc(N/C(=NC(=O)c2cc(OC)cc(OC)c2)N[C@H]2CCCCN(CC(=O)N3CCCC3)C2=O)cc1,Coagulation factor X
COc1ccc(C(=O)Nc2c(NC(=O)c3ccc(N4CCCN(C)CC4)cc3)cccc2OC)cc1,Coagulation factor X
CN1CCc2nc(C(=O)N[C@@H]3C[C@@H](C(=O)N(C)C)CC[C@@H]3NC(=O)c3cc4ccc(Cl)cc4cn3)sc2C1,Coagulation factor X
O=C(C(=O)N1CCC[C@H]1CN1CCCC1)N1CC[C@@H](CNS(=O)(=O)/C=C/c2ccc(Cl)s2)C1,Coagulation factor X
COc1ccc(-n2nc(C(F)(F)F)c3c2C(=O)N(c2ccc(C4(CCN5CCCC5)CC4)cc2)CC3)cc1,Coagulation factor X
CS(=O)(=O)c1ccccc1-c1ccc(N2CCCC(NS(=O)(=O)c3cc(Cl)ccc3Cl)C2=O)c(F)c1,Coagulation factor X
Nc1ncnc2cc(CN3CCN(Cc4nc5ccccc5[nH]4)CC3=O)ccc12,Coagulation factor X
N=C(c1ccc(C(=O)Nc2ccc(Cl)cc2C(=O)Nc2ccc(Cl)cn2)cc1)N1CCCC1,Coagulation factor X
O=C(C1CCN(c2ccncc2)CC1)N1CC[C@@H](CNS(=O)(=O)/C=C/c2ccc(Br)s2)C1,Coagulation factor X
COc1cc(C(=O)Nc2ccc(Cl)cc2C(=O)Nc2ccc(Cl)cn2)ccc1C(=N)N(C)C,Coagulation factor X
O=C(NC(C(=O)NCC1CCN(C2CCCC2)CC1)c1cccc2ccccc12)c1ccc2c(Cl)c[nH]c2c1,Coagulation factor X
O=C1[C@@H](NS(=O)(=O)c2ccc(-c3ccncc3)s2)CCN1Cc1cc2cc[nH]cc-2n1,Coagulation factor X
COc1ccc(C(=O)NCC2CCN(c3ccnc(Cl)n3)CC2)cc1OCCc1ccc(Cl)cc1Cl,Coagulation factor X
O=C(N[C@H]1CCC[C@H]1NCc1ccc(Cl)s1)c1ccc(-n2ccccc2=O)cc1,Coagulation factor X
COC(=O)C1CN(S(=O)(=O)c2cc3cc(Cl)ccc3[nH]2)CCN1C(=O)c1ccc(C2=NCCN2C)cc1,Coagulation factor X
Cn1cnc(-c2ccc(N3CCC(NS(=O)(=O)c4ccc5cc(Cl)ccc5c4)C3=O)c(F)c2)c1,Coagulation factor X
Cc1ccc([C@@]2(O)C[C@H](C(=O)Nc3ccc(-n4ccccc4=O)cn3)N(C(=O)Nc3ccc(Cl)cc3)C2)cc1,Coagulation factor X
N=C(N)c1cccc(/C=C(C(=O)Nc2ccc(-c3ccccc3S(N)(=O)=O)cc2)c2ccccn2)c1,Coagulation factor X
N=C(N)c1cccc(Cn2c(C(=O)NCC3CCCCC3)cc3c(O)cccc32)c1,Coagulation factor X
COc1ccc(-n2nc(S(C)(=O)=O)c3c2C(=O)N(c2ccc(C(C)(C)CN(C)C)cc2)CC3)cc1,Coagulation factor X
N=C(N)c1cccc(/C(CO)=C(/F)C(=O)Nc2ccc(-c3ccccc3S(N)(=O)=O)cc2)c1,Coagulation factor X
COc1ccc(C(=O)NCC2CCN(c3ccccn3)CC2)cc1OCCc1ccc(Cl)cc1Cl,Coagulation factor X
CS(=O)(=O)c1ccccc1-c1ccc2c(c1)CCN2C(=O)C1CC(C(F)(F)F)=NN1c1ccc2onc(N)c2c1,Coagulation factor X
O=C([C@H](O)CS(=O)(=O)c1ccc2cc(Cl)ccc2c1)N1CCC(N2CCCC2=O)CC1,Coagulation factor X
CN(C)Cc1ccccc1-c1ccc(C(=O)Nc2ccc(Cl)cc2C(=O)Nc2ccc(Cl)cn2)cc1,Coagulation factor X
O=C1[C@@H](NS(=O)(=O)c2cc3nc(Cl)ccc3s2)CCN1CCNc1ccncc1,Coagulation factor X
COc1ccc(C(=O)Nc2cccc(F)c2NC(=O)c2ccc(N3CCCN(C)CC3)cc2)cc1,Coagulation factor X
O=C(N[C@H]1C[C@H](C(=O)NC2CC2)C[C@H]1NC(=O)c1ccc(Cl)s1)c1ccc(-n2ccccc2=O)cc1,Coagulation factor X
O=C1CN(S(=O)(=O)c2cc3ccccc3s2)CCN1Cc1cc2c[nH]ccc-2n1,Coagulation factor X
COc1ccc(-n2nc(-n3cnnc3CN3CCOCC3)c3c2C(=O)N(c2ccc(N4CCCCC4=O)cc2)CC3)cc1,Coagulation factor X
CC(C)(C)c1ccc(C(=O)Nc2ccccc2C(=O)Nc2ccccc2)cc1,Coagulation factor X
CCc1nc2onc(-c3ccc(C)cc3)c2c(=O)n1-c1ccc(N2CCOCC2=O)cc1,Coagulation factor X
CN1CCN=C1c1ccc(C(=O)N2CCN(C(=O)c3cc4cc(Cl)ccc4[nH]3)CC2)cc1,Coagulation factor X
C/C(=C(F)C(=O)Nc1ccc(-c2ccccc2S(N)(=O)=O)cc1F)c1cccc(C(=N)S)c1,Coagulation factor X
CN1CCN=C1c1ccc(C(=O)N2CCN(S(=O)(=O)c3cc4ccc(Cl)cc4s3)CC2CC(=O)N2CCN(c3ccncc3)CC2)cc1,Coagulation factor X
COc1ccc2c(c1)C(=O)N(c1ccc(N3CCCCC3=O)cc1)CN2C(=O)Cc1ccccc1,Coagulation factor X
C[C@@H](C(=O)N1CCOCC1)N1CC[C@H](N(C)S(=O)(=O)c2ccc3cc(Cl)ccc3c2)C1=O,Coagulation factor X
O=C(CN1CCC[C@H](NS(=O)(=O)c2ccc(Cl)s2)C1=O)N1CCCC1,Coagulation factor X
C[C@H](C(=O)N1CCOCC1)N1CC[C@H](NS(=O)(=O)c2ccc3cc(Cl)ccc3c2)C1=O,Coagulation factor X
NS(=O)(=O)c1ccccc1-c1ccc(NC(=O)C2CC(CCc3ccccc3)=NO2)cc1,Coagulation factor X
COc1ccc(C(=O)NC(C(=O)NCC2CCN(C(C)C)CC2)c2ccco2)cc1,Coagulation factor X
CN([C@H]1CCN(CC(=O)N2CCCCC2)C1=O)S(=O)(=O)c1ccc2cc(Cl)ccc2c1,Coagulation factor X
CCOC(=O)c1nn(-c2ccc(OC)cc2)c2c(=O)n(-c3ccc(-c4ccccc4CN4CCCC4)cc3)cnc12,Coagulation factor X
CN1CCc2nc(C(=O)N[C@@H]3C[C@@H](C(=O)N(C)C)CC[C@@H]3NC(=O)c3nc(=O)c4cc(Cl)ccc4[nH]3)sc2C1,Coagulation factor X
CC(C)c1ccc(NC(=O)c2ccccc2NC(=O)c2ccc(N3CCCN(C)CC3)cc2)cc1.Cl,Coagulation factor X
N=C(N)c1cccc(Cn2c(C(N)=O)cc3c(O)cccc32)c1,Coagulation factor X
O=C1[C@@H](NS(=O)(=O)c2ccc3cc(Cl)ccc3c2)CCN1c1ccc2c(c1)CCCNC2,Coagulation factor X
CS(=O)(=O)N(Cc1ccc2ccc(C(=N)N)cc2c1)c1ccc(-c2ccccc2S(N)(=O)=O)cc1,Coagulation factor X
CCc1nc2onc(-c3ccc([N+](=O)[O-])cc3)c2c(=O)n1-c1ccc(N2CCOCC2=O)cc1,Coagulation factor X
COc1cccc2c1cc(C(=O)NC(c1ccccc1)c1ccncc1)n2Cc1cccc(C(=N)N)c1,Coagulation factor X
COc1ccc(NC(=O)c2cccc(O)c2NC(=O)c2ccc(N3CCCN(C)CC3)cc2)nc1.Cl,Coagulation factor X
N=C(N)c1cccc(OCCN(Cc2cccnc2)C(=O)c2ccc(-c3ccccc3S(N)(=O)=O)cc2)c1,Coagulation factor X
CC(=N)N1CCC(Oc2ccc3c(c2)CC(/C=C/c2cc(C(=N)N)ccc2O)N3S(=O)(=O)CC(=O)O)CC1,Coagulation factor X
CNC1CCc2cc(N3CC[C@H](NS(=O)(=O)/C=C/c4ccc(Cl)s4)C3=O)ccc21,Coagulation factor X
C[n+]1ccc(CNC(=O)c2cc3ccccc3n2Cc2cccc(C(=N)N)c2)cc1.O=C([O-])C(F)(F)F,Coagulation factor X
Cc1cc(C(=O)Nc2ccc(-c3ccccc3S(C)(=O)=O)cc2F)n(-c2cc3ccccc3cc2F)n1,Coagulation factor X
C/C(=C(F)C(=O)Nc1ccc(-c2ccccc2S(N)(=O)=O)cc1C(N)=O)c1ccc2ccnc(N)c2c1,Coagulation factor X
CN1CCN=C1c1ccc(C(=O)N2CCN(S(=O)(=O)c3cc4cc(Cl)ccc4[nH]3)CC2CC(=O)N2CCN(c3ccncc3)CC2)cc1,Coagulation factor X
CC[C@@H](NC(=O)Nc1ccc(Cl)cc1)C(=O)Nc1ccc(N2CCOCC2=O)cc1,Coagulation factor X
CC(=N)N1CCC(Oc2ccc(C(Cc3ccc4ccc(C(=N)N)cc4c3)C(=O)O)cc2)CC1,Coagulation factor X
N=C(N)c1ccccc1Oc1cccc(Oc2ccccc2C(=N)N)n1,Coagulation factor X
COc1ccc(NC(=O)[C@H]2CN(S(C)(=O)=O)C[C@@H]2C(=O)Nc2ccc(-n3ccccc3=O)cc2F)cc1,Coagulation factor X
COc1ccc(C(=O)Nc2ccc(OC)cc2C(=O)Nc2ccc(N3CCCCC3=O)cc2)cc1,Coagulation factor X
CC[C@@]1(O)C[C@H](C(=O)Nc2ccc(-n3cccc(C)c3=O)cc2F)N(C(=O)Nc2ccc(Cl)cc2)C1,Coagulation factor X
CN1CCc2nc(C(=O)N[C@@H]3C[C@@H](C(=O)N(C)C)CC[C@@H]3NC(=O)c3cc4cc(Cl)ccc4o3)sc2C1,Coagulation factor X
CN1CCc2nc(C(=O)N[C@@H]3CCCCCC[C@H]3NC(=O)c3cc4cc(Cl)ccc4[nH]3)sc2C1,Coagulation factor X
[H][C@@]12COc3cc(N4CCOCC4=O)ccc3N1C(=O)O[C@H]2CNC(=O)CSCCCl,Coagulation factor X
N=C(c1ccc(C(=O)Nc2ccccc2C(=O)Nc2ccc(Cl)cn2)cc1)N1CCCCC1,Coagulation factor X
COc1ccc(NC(=O)c2ccc(Cl)s2)c(C(=O)Nc2ccc(N3CCCCC3=O)cc2)c1,Coagulation factor X
CN(C)Cc1nccn1-c1ccc(N2CCC(NS(=O)(=O)/C=C/c3ccc(Cl)s3)C2=O)c(F)c1,Coagulation factor X
COc1ccc(NC(=O)c2ccccc2NC(=O)c2ccc(C)cc2)cc1,Coagulation factor X
COc1ccc(C(=O)Nc2ccccc2NC(=O)c2ccc(C(=N)N)cc2)cc1,Coagulation factor X
N=C(N)c1cccc(Cn2c(C(=O)NCCc3ccc(Cl)c(Cl)c3)cc3c(O)cccc32)c1,Coagulation factor X
CN(C)Cc1ccccc1-c1ccc(N2CCc3c(C(F)(F)F)nn(-c4ccccc4C(N)=O)c3C2=O)cc1,Coagulation factor X
O=C(NC[C@H]1CN(c2ccc(N3CCOCC3=O)c(F)c2)C(=O)O1)c1ccc(Br)s1,Coagulation factor X
COc1ccc(-n2nc(C(N)=O)c3c2C(=O)N(c2ccc(C4(C5=NCCO5)CC4)cc2)CC3)cc1,Coagulation factor X
Cn1cc2cc(N/C(=NC#N)N[C@H]3CCCCN(CC(=O)N4CCCC4)C3=O)ccc2n1,Coagulation factor X
CS(=O)(=O)c1ccccc1-c1ccc(N2CCCC(NS(=O)(=O)c3cccc(Cl)c3)C2=O)c(F)c1,Coagulation factor X
[H][C@@]12COc3cc(N4CCOCC4=O)ccc3N1C(=O)O[C@H]2CNC(=O)c1cnc(Cl)s1,Coagulation factor X
Cc1c(F)c(Oc2cccc(C(=N)N)c2)nc(N2CCN(c3ccco3)CC2)c1F,Coagulation factor X
[H][C@@]12CC[C@@H](C(=O)NC[C@H]3CC[C@H](N)CC3)N1C(=O)CN(S(=O)(=O)CC(c1ccccc1)c1ccccc1)C2,Coagulation factor X
CN(C(=O)[C@@H]1Cc2ccccc2CN1C(=O)OCc1ccccc1)c1ccc(N2CCCCC2=O)cc1,Coagulation factor X
CC(C)(C)c1ccc(C(=O)Nc2ccccc2C(=O)Nc2ccc(Cl)cc2)cc1,Coagulation factor X
[H][C@@]12COc3cc(N4CCC5(CC4=O)OCCO5)ccc3N1C(=O)O[C@H]2CNC(=O)c1ccc(Cl)s1,Coagulation factor X
N#Cc1ccc(CCOc2cc(C(=O)NCC3CCN(c4ccncc4)CC3)ccc2F)cc1,Coagulation factor X
CN1CCc2nc(C(=O)N[C@@H]3CCCC[C@H]3CNC(=O)c3ccc(Cl)s3)sc2C1,Coagulation factor X
O=C1CN(S(=O)(=O)c2cc3ccc(Br)cc3s2)CCN1Cc1cc2c[nH]ccc-2n1,Coagulation factor X
CC(C)(C)c1ccc(C(=O)Nc2ccccc2C(=O)Nc2ccc(OC(F)(F)F)cc2)cc1,Coagulation factor X
O=C(O)c1ccc(CNC(=O)c2ccc(Cl)s2)c(NC(=O)c2nc3c(s2)CN(C(CF)CF)CC3)c1,Coagulation factor X
CNC1(c2ccc(N3CCc4c(C(F)(F)F)nn(-c5ccc(OC)cc5)c4C3=O)cc2)CC1.O=C(O)C(F)(F)F,Coagulation factor X
Cc1cccc2c(C#N)c(C(=O)NC3CCN(C(C)C)CC3)n(CC(=O)Nc3ccc(Cl)cc3)c12,Coagulation factor X
O=C(Nc1ccc(-n2ccccc2=O)cn1)[C@H]1C[C@](O)(c2ccccc2C(F)(F)F)CN1C(=O)Nc1ccc(Cl)cc1,Coagulation factor X
COC(=O)c1cccc(CNC(=O)c2cc3c(O)cccc3n2Cc2cccc(C(=N)N)c2)c1,Coagulation factor X
Cc1cc2cc(N/C(=N/C#N)N[C@H]3CCCCN(CC(=O)N4CCCC4)C3=O)c(F)cc2o1,Coagulation factor X
CC1CCN(Cc2cc3ccccc3n2-c2ccc(N3C[C@H](CNC(=O)c4ccc(Cl)s4)OC3=O)cc2)CC1,Coagulation factor X
COc1ccc(-n2nc(Cn3cnc(-c4ccc(F)cc4)n3)c3c2C(=O)N(c2ccc(N4CCCCC4=O)cc2)CC3)cc1,Coagulation factor X
O=C1[C@@H](NS(=O)(=O)c2ccc(-c3ccc(Cl)s3)s2)CCN1Cc1cc2[nH]cccc-2n1,Coagulation factor X
CS(=O)(=O)N1C[C@H](C(=O)Nc2ccc(Cl)cc2)[C@@H](C(=O)Nc2ccc(-n3ccccc3=O)cn2)C1,Coagulation factor X
NC(=O)c1cccc(-n2nc(C(F)(F)F)c3c2C(=O)N(c2ccc(-c4ccccc4CN4CC[C@@H](O)C4)cc2)CC3)c1,Coagulation factor X
CN(CCS(=O)(=O)c1ccc2cc(Cl)ccc2c1)C(=O)C1CCN(c2ccncc2)CC1,Coagulation factor X
CN(C)C(=N)c1ccccc1-c1ccc(C(=O)Nc2ccc(Cl)cc2C(=O)Nc2ccc(Cl)cn2)cc1,Coagulation factor X
COc1ccc(-n2nc(C#N)c3c2C(=O)N(c2ccc(C4(N(C)C)CC4)cc2)CC3)cc1,Coagulation factor X
CN1CCC(COCC(NC(=O)c2ccc3c(Cl)c[nH]c3c2)c2ccccc2Cl)CC1,Coagulation factor X
COc1ccc(NC(=O)c2ccccc2NC(=O)c2ccc(N3CCCN(C)CC3)cc2)cc1,Coagulation factor X
COc1ccc(C(=O)NCC2CCN(Cc3ccnc(O)c3)CC2)cc1OCCc1ccc(Cl)cc1Cl,Coagulation factor X
O=C1CN(S(=O)(=O)/C=C/c2ccc(Cl)cc2)CCN1Cc1cc2c[nH]ccc-2n1,Coagulation factor X
CC(C)N1CCC(CCCC(NC(=O)c2ccc3c(Cl)c[nH]c3c2)c2ccccc2)CC1,Coagulation factor X
C[C@@H](C(=O)N(CCC#N)C1CCC1)N1CC[C@H](NS(=O)(=O)c2ccc3cc(Cl)ccc3c2)C1=O,Coagulation factor X
CN1CCCN(c2ccc(C(=O)Nc3ccccc3C(=O)Nc3ccc(Oc4ccccc4)cc3)cc2)CC1.Cl,Coagulation factor X
COC(=O)C(Cc1cccc(C(=N)N)c1)C(/C=C/c1ccccc1)NC(=O)c1ccc2ccccc2c1,Coagulation factor X
CCOC(=O)CN(CCCS(=O)(=O)c1ccc2cc(Cl)ccc2c1)C(=O)C1CCN(c2ccncc2)CC1,Coagulation factor X
COc1ccc(NC(=O)c2cc(NC(=O)CCC(=O)O)ccc2NC(=O)c2ccc(N(C)C)cc2)cc1,Coagulation factor X
CCC(=O)N1CC[C@H](NC(=O)c2cc3cc(Cl)ccc3[nH]2)[C@H](NC(=O)c2nc3c(s2)CN(C)CC3)C1,Coagulation factor X
CC(C)N1CCC(NC(=O)c2cc3ccccc3n2-c2cccc(Cl)c2)CC1,Coagulation factor X
CN1CCc2nc(C(=O)N[C@@H]3C[C@@H](C(=O)N(C)C)CC[C@@H]3NC(=O)c3ccc4cc(Cl)ccc4c3)sc2C1,Coagulation factor X
CN(C)Cc1nccn1-c1ccc(NC(=O)c2cc(C(F)(F)F)nn2-c2ccc3onc(N)c3c2)cc1,Coagulation factor X
CN1CCc2nc(C(=O)N[C@@H]3CN(C(=O)CO)CC[C@@H]3NC(=O)c3cc4cc(Cl)ccc4[nH]3)sc2C1,Coagulation factor X
CN1CCc2nc(C(=O)Nc3cc(C(N)=O)ccc3CNC(=O)c3ccc(Cl)s3)sc2C1,Coagulation factor X
CN1CCc2nc(C(=O)NC[C@@H](CC(=O)O)NC(=O)c3cc4cc(Cl)ccc4[nH]3)sc2C1,Coagulation factor X
N=C(N)c1cccc(CCCNC(=O)c2ccc(-c3ccccc3)cc2)c1,Coagulation factor X
N=C(c1ccc(C(=O)Nc2ccc(Cl)cc2C(=O)Nc2ccc(Cl)cn2)cc1)N1CCC1,Coagulation factor X
COc1ccc(NC(=O)c2ccccc2NC(=O)c2ccc(C(C)(C)C)cc2)cc1,Coagulation factor X
CCN(CC)Cc1ccccc1N1CCC(N2CCc3c(C(N)=O)nn(-c4ccc(OC)cc4)c3C2=O)CC1,Coagulation factor X
CC(C)N(Cc1ccncc1)C(=O)[C@H](C)N1CC[C@H](NS(=O)(=O)c2ccc3cc(Cl)ccc3c2)C1=O,Coagulation factor X
CC(C)N1CCc2nc(C(=O)Nc3cc(C(=O)O)cc(C(F)(F)F)c3CCC(=O)Nc3ccc(Cl)cc3)sc2C1,Coagulation factor X
CN(C)C(=N)c1ccc(C(=O)Nc2ccc(Cl)cc2C(=O)Nc2ccc(Cl)cn2)c(N(C)C)c1,Coagulation factor X
COc1cccc(CCOc2cc(C(=O)NCC3CCN(c4ccncc4)CC3)ccc2Cl)c1,Coagulation factor X
COC(=O)C(Cc1cccc(C(=N)N)c1)C(/C=C/c1ccccc1)NC(=O)c1cccc(C)c1,Coagulation factor X
O=C(CCS(=O)(=O)c1ccc2cc(Cl)ccc2c1)N1CCN(c2ccc3nccn3c2)CC1,Coagulation factor X
O=C(Nc1ccccc1C(=O)Nc1ccc(F)cn1)c1ccc(-n2ccccc2=O)cc1,Coagulation factor X
COC(=O)CN(CCOc1cccc(C(=N)N)c1)C(=O)c1ccc(-c2ccccc2S(N)(=O)=O)cc1,Coagulation factor X
CCN(CC)CCN=S(C)(=O)c1ccc(C(=O)Nc2ccc(Cl)cc2C(=O)Nc2ccc(Cl)cn2)cc1,Coagulation factor X
N=C(N)c1cccc(Cn2c(C(=O)NCc3cccc(NC(N)=O)c3)cc3c(O)cccc32)c1,Coagulation factor X
O=C1[C@@H](NS(=O)(=O)c2ccc(-c3ccc(Cl)s3)s2)CCN1Cc1cc2cc[nH]cc-2n1,Coagulation factor X
CN1CCc2nc(C(=O)N[C@@H]3CN(C(=O)N(C)C)CC[C@@H]3NC(=O)c3cc4cc(Cl)ccc4[nH]3)sc2C1,Coagulation factor X
COc1ccc(C(=O)Nc2cccc(OCCO)c2NC(=O)c2ccc(N3CCCN(C)CC3)cc2)cc1,Coagulation factor X
COc1ccc(C(=O)NCC2CC(c3cc[n+]([O-])cc3)=NO2)cc1OCCc1ccc(Cl)cc1Cl,Coagulation factor X
C[C@@H](C(=O)N1CCOCC1)N1CC[C@@H](NS(=O)(=O)c2ccc3cc(Cl)ccc3c2)C1=O,Coagulation factor X
CS(=O)(=O)c1ccccc1N1CCC(NC(=O)c2cc(C(F)(F)F)nn2-c2cccc(CN)c2)CC1,Coagulation factor X
Cc1cc(C(=O)Nc2ccc(N3CCOCC3=O)cc2)n(-c2ccc3cc(Cl)ccc3c2)n1,Coagulation factor X
C[N+](C)(C)c1ccc(CNC(=O)c2cc3cc(F)ccc3n2Cc2cccc(C(=N)N)c2)cc1.O=C([O-])C(F)(F)F,Coagulation factor X
Cc1ccc(C)c2c1cc(C(=O)NC1CCN(C(C)C)CC1)n2Cc1cc(-c2ccc(Cl)s2)on1,Coagulation factor X
CN(C)C(=N)c1ccc(C(=O)Nc2cc(Cl)ccc2C(=O)Nc2ccc(Cl)cn2)cc1,Coagulation factor X
CN1CCc2cc(C(=O)N3CCN(S(=O)(=O)c4ccc5cc(Cl)ccc5c4)CC3)oc2C1,Coagulation factor X
NS(=O)(=O)c1ccccc1-c1ccc(NC(=O)C2CC(c3ccc(Cl)c(F)c3)=NO2)cc1,Coagulation factor X
CN1CCN=C1c1ccc(C(=O)N2CCN(S(=O)(=O)c3cc4ccc(Cl)cc4s3)CC2CC(=O)N2CCCC2)cc1,Coagulation factor X
COC(=O)c1c(C(=O)OC)n(Cc2cccc(C(=N)N)c2)c2ccccc12,Coagulation factor X
CCN(C)Cc1ccccc1N1CCC(NC(=O)c2cc(C(F)(F)F)nn2-c2ccc3onc(N)c3c2)CC1,Coagulation factor X
O=C1[C@@H](NS(=O)(=O)c2cc3ncccc3s2)CCN1Cc1cc2[nH]cccc-2n1,Coagulation factor X
CN(C)Cc1ccccc1-c1ccc(N2CCc3c(C(F)(F)F)nn(-c4cccc(NC(N)=O)c4)c3C2=O)cc1,Coagulation factor X
COc1cc(C(=O)NCC2CCN(c3ccncc3)CC2)cc(OCCc2ccc(Cl)cc2Cl)c1Br,Coagulation factor X
COc1ccc(C(=O)NC(C(=O)NCC2CCN(C(C)C)CC2)c2ccccc2C(F)(F)F)cc1,Coagulation factor X
Cc1ccc(S(=O)(=O)N2CCC(N(Cc3ccc4ccc(C(=N)N)cc4c3)S(C)(=O)=O)CC2)cc1,Coagulation factor X
CCN(C(=O)[C@@H]1Cc2ccccc2CN1C(=O)OCc1ccccc1)c1ccc(N2CCOCC2=O)cc1,Coagulation factor X
Nc1ncnc2cc(CN3CCN(Cc4nc5cc(Cl)ccc5[nH]4)CC3)ccc12,Coagulation factor X
COc1ccc(C(=O)Nc2ccccc2NC(=O)C2CCCN(C(=N)N)C2)cc1,Coagulation factor X
CC(c1ccc(N2CC[C@H](NS(=O)(=O)/C=C/c3ccc(Cl)s3)C2=O)c(F)c1)N(C)C,Coagulation factor X
CC(C)N1CCc2nc(C(=O)Nc3cc(C(=O)O)cc(Cl)c3CCC(=O)Nc3ccc(Cl)cc3)sc2C1,Coagulation factor X
CN1CCN=C1c1ccc(C(=O)N2CCN(S(=O)(=O)c3ccc4cc(Br)ccc4c3)CC2)cc1,Coagulation factor X
COc1cc(Oc2nc(Oc3cccc(C(=O)N(C)C)c3)c(F)c(C)c2F)cc(C(=N)N)c1,Coagulation factor X
COc1cc(C(=O)Nc2cc(C(=O)O)ccc2NC(=O)c2ccc(-n3ccccc3=O)cc2)cc(OC)c1OC,Coagulation factor X
CCSC/C(=C(F)C(=O)Nc1ccc(-c2ccccc2S(N)(=O)=O)cc1)c1cccc(C(=N)N)c1,Coagulation factor X
COc1ccc(CCOc2cc(C(=O)NCC3CCN(c4ccncc4)CC3)ccc2Cl)cc1,Coagulation factor X
N#C/C=C(Nc1cccc2c(Cl)c[nH]c12)N[C@H]1CCCCN(CC(=O)N2CCCC2)C1=O,Coagulation factor X
O=C(Nc1ccc(Cl)cc1C(=O)Nc1ccc(Cl)cn1)c1ccc(-c2ccccc2N2CCOCC2)cc1,Coagulation factor X
CO[C@@H]1CN(C(=O)Nc2ccc(-n3ccccc3=O)cc2F)C[C@@H]1CNC(=O)c1ccc(Cl)s1,Coagulation factor X
CS(=O)(=O)c1ccc(C(=O)Nc2ccc(Cl)cc2C(=O)Nc2ccc(Cl)cn2)c(NCCCCCCCN)c1,Coagulation factor X
O=C(N[C@H]1CCCC[C@H]1NC(=O)c1ccc(Cl)s1)c1ccc(-n2ccccc2=O)cc1,Coagulation factor X
[H][C@@]12COc3cc(N4CC[C@H](OC)CC4=O)ccc3N1C(=O)O[C@H]2CNC(=O)c1ccc(Cl)s1,Coagulation factor X
COc1ccc(-n2nc(C(F)(F)F)c3c2C(=O)N(c2ccc(C4(C5=NCCN5C)CC4)cc2)CC3)cc1,Coagulation factor X
COc1ccc(NC(=O)c2ccccc2NC(=O)c2ccc(N3CCCN(C)CC3)cc2)cc1Cl.Cl,Coagulation factor X
[H][C@@]1(O[C@@H]2[C@@H](COS(=O)(=O)[O-])O[C@H](COC[C@H]3[C@H](O)[C@@H](OS(=O)(=O)[O-])[C@]([H])(O[C@@H]4[C@@H](COS(=O)(=O)[O-])O[C@H](OC)[C@H](NS(=O)(=O)[O-])[C@H]4O)O[C@H]3C(=O)[O-])[C@H](NS(=O)(=O)[O-])[C@H]2OS(=O)(=O)[O-])O[C@H](C(=O)[O-])[C@@H](COC[C@H]2O[C@H](COS(=O)(=O)[O-])[C@@H](O)[C@H](O)[C@H]2NS(=O)(=O)[O-])[C@H](O)[C@H]1O.[Na+].[Na+].[Na+].[Na+].[Na+].[Na+].[Na+].[Na+].[Na+].[Na+],Coagulation factor X
Cc1ncsc1CCNC(=O)CN1CCN(S(=O)(=O)c2cc3ccc(Cl)cc3s2)CC1=O,Coagulation factor X
O=C(NC[C@H]1CN(c2ccc(N3CCOC3=O)cc2)C(=O)O1)c1ccc(Cl)s1,Coagulation factor X
O=C(CN1CCC[C@H](NS(=O)(=O)/C=C/c2ccc(Cl)s2)C1=O)N1CCCC1,Coagulation factor X
CC(C)N1CCC(NC(=O)c2cc3ccccc3n2Cc2cc(-c3ccc(Cl)cc3)no2)CC1,Coagulation factor X
O=C(N[C@H]1CCCC[C@H]1NC(=O)c1ccc(Cl)cc1)c1ccc(-n2ccccc2=O)cc1,Coagulation factor X
O=C(NC1CCN(c2ccncn2)CC1)c1cc2ccccc2n1Cc1cc(-c2ccc(Cl)s2)on1,Coagulation factor X
[H][C@@]12CC[C@@H](C(=O)NC[C@H]3CC[C@H](C(=N)N)CC3)N1C(=O)CN(S(=O)(=O)C(c1ccccc1)c1ccccc1)C2,Coagulation factor X
O=C(CN1CCN(S(=O)(=O)c2cc3ccc(Cl)cc3s2)CC1=O)Nc1ccccc1,Coagulation factor X
N=C(N)c1cccc(OCCN2Cc3cc(-c4ccccc4S(N)(=O)=O)ccc3C2=O)c1,Coagulation factor X
NS(=O)(=O)c1ccccc1-c1ccc(NC(=O)C2CC(c3c(O)ccc4ccccc34)=NO2)cc1,Coagulation factor X
Cc1c(F)c(Oc2cccc(C(=N)N)c2)nc(Oc2ccc(O)c(C(=O)N(C)C)c2)c1F,Coagulation factor X
Cc1ccc(NC(=O)c2sc3ccccc3c2Cl)c(C(=O)N2CCNCC2)c1,Coagulation factor X
CC(C)N1CCC(NC(=O)c2cc3cc(Br)ccc3n2Cc2cc(-c3ccc(Cl)s3)on2)CC1,Coagulation factor X
NS(=O)(=O)c1ccccc1-c1ccc(NC(=O)C2CC(c3ccc(Cl)c(Cl)c3)=NO2)cc1,Coagulation factor X
COc1ccc(-n2nc(C(N)=O)c3c2C(=O)N(c2ccc(C(C)(C)CN4CCCCC4=O)cc2)CC3)cc1,Coagulation factor X
O=C(NC[C@H]1CN(c2ccc(N3CCOCC3)cc2)C(=O)O1)c1ccc(Cl)s1,Coagulation factor X
Cc1cc(C(=O)Nc2ccc(-c3ccccc3CN)cc2)n(-c2ccc3cc(Cl)ccc3c2)n1,Coagulation factor X
Cc1nccc(N2CCC(C(=O)N3CC[C@@H](CNS(=O)(=O)c4ccc(-c5ccc(Cl)s5)s4)C3)CC2)n1,Coagulation factor X
COc1ccc(N/C(=NC(=O)c2ccc(Cl)cc2)N[C@H]2CCCCN(CC(=O)N3CCCC3)C2=O)cc1,Coagulation factor X
CCOC(=O)c1ccc(NC(=O)c2cc3cc(Cl)ccc3[nH]2)c(NC(=O)c2nc3c(s2)CN(C)CC3)c1,Coagulation factor X
O=C1[C@@H](NS(=O)(=O)c2ccc3cc(Cl)ccc3c2)CCN1c1ccc([C@@H]2CCCN2)cc1F,Coagulation factor X
Cc1ccc(/C=C/S(=O)(=O)N[C@H]2CCCN(CC(=O)N3CCCC3)C2=O)s1,Coagulation factor X
[H][C@]12CCCN1C(=O)N(C1CCN(C(=O)[C@H](O)CS(=O)(=O)c3ccc4cc(Cl)ccc4c3)CC1)C2,Coagulation factor X
O=C(N[C@@H](C(=O)N1CCC(CN2CCC(O)C2)CC1)c1ccccc1)c1ccc2cc[nH]c2c1,Coagulation factor X
O=C1CN(S(=O)(=O)c2ccc(-c3ccc(Cl)s3)s2)CCN1Cc1cc2c[nH]ccc-2n1,Coagulation factor X
NC(=O)c1cc(C(=O)N2CCc3cc(N4CCCCCC4=O)ccc32)n(-c2ccc3onc(N)c3c2)n1,Coagulation factor X
O=C1C(NS(=O)(=O)c2ccc3cc(Cl)ccc3c2)CCN1c1ccc(-c2ccncc2)cc1F,Coagulation factor X
COc1ccc(-n2nc(C(N)=O)c3c2C(=O)N(c2ccc(C(C)(C)CN(C)C)cc2)CC3)cc1,Coagulation factor X
COc1ccc(C(=O)NC(C(=O)NCC2CCN(C(C)C)CC2)c2ccccc2[N+](=O)[O-])cc1,Coagulation factor X
CNC(=O)N1C[C@H](NC(=O)c2ccc(-n3ccccc3=O)cc2)[C@H](NC(=O)c2ccc(Cl)s2)C1,Coagulation factor X
Cc1cc2cc(N/C(=NC#N)N[C@H]3CCN(CC(=O)N4CCCC4)C3=O)ccc2o1,Coagulation factor X
O=C1CN(S(=O)(=O)c2cc3cccnc3s2)CCN1Cc1cc2c[nH]ccc-2n1,Coagulation factor X
C[N+](C)(C)c1ccc(CNC(=O)c2cc3cc(OCc4ccccc4)ccc3n2Cc2cccc(C(=N)N)c2)cc1.O=C([O-])C(F)(F)F,Coagulation factor X
COc1ccc(C(=O)NCC2CCN(c3ccncc3)CC2)cc1OCCc1ccc(Cl)cc1,Coagulation factor X
CN(C(=O)CCS(=O)(=O)c1ccc2cc(Cl)ccc2c1)C1CCN(c2cccc3nccn23)CC1,Coagulation factor X
O=C(N[C@H]1CCCC[C@H]1NC(=O)c1ccc2c(Cl)c[nH]c2c1)c1ccc(N2CCCS2(=O)=O)cc1,Coagulation factor X
Cc1c(F)c(Oc2cccc(C(=N)N)c2)nc(N2CCN(c3ccc4c(c3)OCO4)CC2)c1F,Coagulation factor X
CC(C)CN(CCC#N)C(=O)[C@H](C)N1CC[C@H](NS(=O)(=O)c2ccc3cc(Cl)ccc3c2)C1=O,Coagulation factor X
CC(C)N1CCC(NC(=O)c2nn(Cc3cc(-c4ccc(Cl)s4)on3)c3ccc(C(=O)NC#N)cc23)CC1,Coagulation factor X
O=C1[C@@H](NS(=O)(=O)c2cc3nc(Cl)ccc3s2)CCN1Cc1cc2[nH]cccc-2n1,Coagulation factor X
CCc1ccc(S(=O)(=O)NC2CCCN(c3ccc(-c4ccccc4S(C)(=O)=O)cc3F)C2=O)cc1,Coagulation factor X
O=S(=O)(O)Oc1cc2c(c(OS(=O)(=O)O)c1)C[C@H](OS(=O)(=O)O)[C@@H](c1ccc(OS(=O)(=O)O)c(OS(=O)(=O)O)c1)O2,Coagulation factor X
O=C(NC[C@H]1CN(c2ccc(-n3c(CN4CCCCC4)cc4ccccc43)cc2)C(=O)O1)c1ccc(Cl)s1,Coagulation factor X
[H][C@@]12CSc3cc(N4CCCCC4=O)ccc3N1C(=O)O[C@H]2CNC(=O)c1ccc(Cl)s1,Coagulation factor X
O=C1[C@@H](NS(=O)(=O)/C=C/c2ccc(Cl)s2)CCN1c1ccc2c(c1)CNCC2,Coagulation factor X
CN1CCc2nc(C(=O)N[C@@H]3CCCCCC[C@@H]3NC(=O)c3cc4cc(Cl)ccc4[nH]3)sc2C1,Coagulation factor X
CNC(=N)c1cccc(/C(C)=C(/F)C(=O)Nc2ccc(-c3ccncc3S(N)(=O)=O)cc2)c1,Coagulation factor X
Cc1cccc2c1cc(C(=O)NCc1cccc3ccccc13)n2Cc1cccc(C(=N)N)c1,Coagulation factor X
CN(C)Cc1cccn1-c1ccc(N2C[C@H](CNC(=O)c3ccc(Cl)s3)OC2=O)cc1,Coagulation factor X
COc1ccc(-n2nc(C(F)(F)F)c3c2C(=O)N(c2ccc(C4(CCN(C)C)CC4)cc2)CC3)cc1,Coagulation factor X
CC(C)N(CCNS(C)(=O)=O)C(=O)[C@H](C)N1CC[C@H](NS(=O)(=O)c2ccc3cc(Cl)ccc3c2)C1=O,Coagulation factor X
COc1ccc(-n2nc(S(C)(=O)=O)c3c2C(=O)N(c2ccc(C4(CN5CCCC5=O)CC4)cc2)CC3)cc1,Coagulation factor X
O=C(Nc1ccc(Cl)cc1C(=O)Nc1ccc(Cl)cn1)c1ccc(-c2cccc(N3CCCC3)c2)cc1,Coagulation factor X
COc1ccc2c(c1)C(=O)N(c1ccc(N3CCCCC3=O)cc1)CN2C(=O)Cc1ccc(NC(C)=O)cc1,Coagulation factor X
NS(=O)(=O)c1ccccc1-c1ccc(NC(=O)C2CC(c3ccc(Cl)c([N+](=O)[O-])c3)=NO2)cc1,Coagulation factor X
CN(C)C(=N)c1ccc(C(=O)Nc2ccc(Cl)cc2C(=O)Nc2ccc(Cl)cn2)c(N2CCCCCC2)c1,Coagulation factor X
CNCCC1(c2ccc(N3CCc4c(C(F)(F)F)nn(-c5ccc(OC)cc5)c4C3=O)cc2)CC1,Coagulation factor X
C[C@H](C(=O)N1CCOCC1)N1CC[C@@H](NS(=O)(=O)c2ccc3cc(Cl)ccc3c2)C1=O,Coagulation factor X
CS(=O)(=O)c1ccccc1N1CCC(NC(=O)c2cc(C(F)(F)F)nn2-c2ccccc2CN)CC1,Coagulation factor X
COCC(=O)Nc1ccc(N2CC(CNC(=O)c3ccc(Cl)s3)OC2=O)cc1,Coagulation factor X
CN1CCc2nc(C(=O)Nc3c(CNC(=O)c4ccc(Cl)s4)cccc3C(=O)O)sc2C1,Coagulation factor X
Cc1cc2c(F)c(N/C(=NC#N)N[C@H]3CCCCN(CC(=O)N4CCCC4)C3=O)ccc2o1,Coagulation factor X
Cc1ccc(NC(=O)c2ccccc2NC(=O)c2ccc(N3CCCN(C)CC3)cc2)nc1.Cl,Coagulation factor X
CCN(C)C(=N)c1ccc(NC(=O)c2cc(C)nn2-c2cc3ccccc3cc2F)c(F)c1,Coagulation factor X
N=C(c1ccc(C(=O)N2CCN(S(=O)(=O)c3ccc4cc(Br)ccc4c3)CC2)cc1)N1CCOCC1,Coagulation factor X
COc1cccc(N/C(=C[N+](=O)[O-])N[C@H]2CCCCN(CC(=O)N3CCCC3)C2=O)c1,Coagulation factor X
O=C(Nc1ccc(Cl)cc1C(=O)Nc1ccc(Cl)cn1)c1ccc(N2CCCCC2=O)cc1,Coagulation factor X
O=C1[C@@H](NS(=O)(=O)c2cc3ccnc(Cl)c3s2)CCN1Cc1cc2c[nH]ccc-2n1,Coagulation factor X
N=C(N)c1cccc(Cn2c(C(=O)NCCc3ccc(Cl)cc3)cc3c(O)cccc32)c1,Coagulation factor X
CN(C)C(=N)c1ccc(CN2CCN(S(=O)(=O)c3cc4cc(Cl)ccc4[nH]3)CC2=O)cc1,Coagulation factor X
Cc1cc2cc(N/C(=NC(N)=O)N[C@H]3CCCCN(CC(=O)N4CCCC4)C3=O)ccc2o1,Coagulation factor X
O=C1CN(S(=O)(=O)c2ccc3cc(Cl)ccc3c2)CC2(CO)SC3(CCN(c4ccncc4)CC3)CN12,Coagulation factor X
CC(=N)NCc1ccccc1-c1ccc(C(=O)Nc2ccc(Cl)cc2C(=O)Nc2ccc(Cl)cn2)cc1,Coagulation factor X
O=C(CN1CCN(S(=O)(=O)c2cc3ccc(Cl)cc3s2)CC1=O)Nc1cccnc1,Coagulation factor X
CC(c1ccc(N2CC[C@H](NS(=O)(=O)c3ccc4cc(Cl)ccc4c3)C2=O)c(F)c1)N1CCCCC1,Coagulation factor X
Cc1cc(C(=O)Nc2ccc(C(=O)N(C)C)cc2)n(-c2ccc3cc(Cl)ccc3c2)n1,Coagulation factor X
COc1cc(/C=C/S(=O)(=O)N2CCN(Cc3cc4c[nH]ccc-4n3)C(=O)C2)sc1Cl,Coagulation factor X
CO[C@H]1O[C@H](COS(=O)(=O)[O-])[C@@H](O[C@@H]2O[C@@H](C(=O)[O-])[C@@H](O[C@@H]3O[C@H](COS(=O)(=O)[O-])[C@@H](O[C@@H]4O[C@H](C(=O)[O-])[C@@H](O[C@@H]5O[C@H](COS(=O)(=O)[O-])[C@@H](OC)[C@H](OC)[C@H]5OS(=O)(=O)[O-])[C@H](OC)[C@H]4OC)[C@H](OS(=O)(=O)[O-])[C@H]3OS(=O)(=O)[O-])[C@H](OC)[C@H]2OS(=O)(=O)[O-])[C@H](OS(=O)(=O)[O-])[C@H]1OS(=O)(=O)[O-].[Na+].[Na+].[Na+].[Na+].[Na+].[Na+].[Na+].[Na+].[Na+].[Na+].[Na+],Coagulation factor X
CC(=O)c1ccc(N2CC[C@H](NS(=O)(=O)/C=C/c3ccc(Cl)s3)C2=O)c(F)c1,Coagulation factor X
NC(=O)c1ccc(C(=O)NCC2CCN(c3ccncc3)CC2)cc1OCCc1ccc(Cl)cc1Cl,Coagulation factor X
COc1ccc(N/C(=NC(=O)c2ccno2)N[C@H]2CCCCN(CC(=O)N3CCCC3)C2=O)cc1,Coagulation factor X
O=C(c1ccc2c(n1)CCNC2)N1CCN(S(=O)(=O)c2ccc3cc(Cl)ccc3c2)CC1,Coagulation factor X
CN(C(=O)CS(=O)(=O)c1ccc2cc(Cl)ccc2c1)C1CCN(c2ccncc2)CC1,Coagulation factor X
COc1ccc(-n2nc(C(N)=O)c3c2C(=O)N(c2ccc(C4=NCCN4)cc2)CC3)cc1,Coagulation factor X
COc1ccc(-n2nc(C(N)=O)c3c2C(=O)N(c2ccc(C(C)(C)S(C)(=O)=O)cc2)CC3)cc1,Coagulation factor X
C[C@@H](C(=O)N(CCC#N)CC1CC1)N1CC[C@H](NS(=O)(=O)c2ccc3cc(Cl)ccc3c2)C1=O,Coagulation factor X
N=C(N)c1cccc(/C=C/C(=O)Nc2ccc(-c3ccccc3S(N)(=O)=O)cc2)c1,Coagulation factor X
O=C1[C@@H](NS(=O)(=O)c2cc3ccc(Cl)nc3s2)CCN1Cc1cc2cc[nH]cc-2n1,Coagulation factor X
C/C(=CS(=O)(=O)NC1CCN(c2ccc(-n3ccc(CN(C)C)n3)cc2F)C1=O)c1ccc(Cl)s1,Coagulation factor X
C/C(=C(F)C(=O)Nc1ccc(-c2ccnc(C(N)=O)c2)cc1)c1ccc2ccnc(N)c2c1,Coagulation factor X
O=c1c(OS(=O)(=O)O)c(-c2ccc(OS(=O)(=O)O)c(OS(=O)(=O)O)c2)oc2cc(OS(=O)(=O)O)cc(OS(=O)(=O)O)c12,Coagulation factor X
Cc1cc2cc(N/C(=NC#N)N[C@H]3CCCCN(CC(=O)N4CCCC4)C3=O)cc(Cl)c2o1,Coagulation factor X
COc1ccc(N/C(=C[N+](=O)[O-])N[C@H]2CCCCN(CC(=O)N3CCCC3)C2=O)cc1,Coagulation factor X
O=C1[C@@H](NS(=O)(=O)c2ccc(-c3ccccn3)s2)CCN1Cc1cc2cc[nH]cc-2n1,Coagulation factor X
N=C(N)c1cccc(Cn2c(C(=O)O)cc3cc(O)ccc32)c1,Coagulation factor X
COc1ccc(C(=O)Nc2ccccc2NC(=O)OCCC2CCN(c3ccncc3)CC2)cc1,Coagulation factor X
O=C(CN1CCC[C@H](NS(=O)(=O)c2ccc3cc(Cl)ccc3c2)C1=O)N1CC2CC(C1)CN(C(=O)C1CCNCC1)C2,Coagulation factor X
CN1CCN(Cc2cccn2-c2ccc(N3C[C@H](CNC(=O)c4ccc(Cl)s4)OC3=O)cc2)CC1,Coagulation factor X
O=C(CN1C[C@H](F)[C@H](NC(=O)c2ccc(Cl)s2)C1)Nc1ccc(-n2ccccc2=O)cc1F,Coagulation factor X
CN(c1ccccc1-c1ccc(N2CCC(NS(=O)(=O)/C=C/c3ccc(Cl)s3)C2=O)nc1)S(C)(=O)=O,Coagulation factor X
[H][C@]1(O[C@H]2[C@H](OC)[C@@H](OC)[C@H](O[C@@]3([H])[C@H](COS(=O)(=O)[O-])O[C@@H](OC)[C@@H](OS(=O)(=O)[O-])[C@H]3OS(=O)(=O)[O-])O[C@H]2C(=O)[O-])O[C@H](CS(=O)(=O)[O-])[C@@H](O[C@]2([H])O[C@](CC)(C(=O)[O-])[C@@H](O[C@@]3([H])O[C@@H](COS(=O)(=O)[O-])[C@H](OC)[C@@H](OC)[C@@H]3NC(=O)CCOCCOCCOCCOCCNC(=O)CCN3C(=O)CC(SCC(NC(C)=O)C(=O)N[C@@H](Cc4ccc(O)cc4)C(=O)N[C@H](C(=O)N[C@@H](CO)C(=O)N[C@@H](CC(C)C)C(=O)N[C@H](C(=O)N[C@@H](Cc4cnc[nH]4)C(=O)N[C@@H](CO)C(=O)N[C@@H](CC(C)C)C(=O)N[C@H](C(=O)N[C@@H](CCC(=O)O)C(=O)N[C@@H](CCC(=O)O)C(=O)N[C@@H](CO)C(=O)N[C@@H](CCC(N)=O)C(=O)N[C@@H](CC(N)=O)C(=O)N[C@@H](CCC(N)=O)C(=O)N[C@@H](CCC(N)=O)C(=O)N[C@@H](CCC(=O)O)C(=O)N[C@@H](CC(C)C)C(=O)N[C@@H](CC(N)=O)C(=O)N[C@@H](CCC(=O)O)C(=O)N[C@@H](CCC(N)=O)C(=O)N[C@@H](CCC(=O)O)C(=O)N[C@@H](CC(C)C)C(=O)N[C@@H](CC(C)C)C(=O)N[C@@H](CCC(=O)O)C(=O)N[C@H](CC(C)C)C(=O)N[C@H](CC(=O)O)C(=O)N[C@H](CC(C)C)C(=O)N[C@H](Cc4c[nH]c5ccccc45)C(=O)N[C@H](C)C(=O)N[C@H](CO)C(=O)N[C@H](CC(C)C)C(=O)N[C@H](Cc4c[nH]c5ccccc45)C(=O)N[C@H](CC(N)=O)C(=O)N[C@H](Cc4c[nH]c5ccccc45)C(=O)N[C@H](Cc4ccccc4)C(N)=O)[C@@H](C)CC)[C@@H](C)CC)[C@@H](C)O)C3=O)[C@H](OC)[C@H]2OC)[C@H](CS(=O)(=O)[O-])[C@H]1CS(=O)(=O)[O-].[Na+].[Na+].[Na+].[Na+].[Na+].[Na+].[Na+].[Na+].[Na+],Coagulation factor X
O=C(N[C@@H](C(=O)N1CCC(CN2CCC[C@H]2CO)CC1)c1ccccc1)c1ccc2cc[nH]c2c1,Coagulation factor X
CN1CCN(Cc2ccccc2-c2ccc(NC(=O)c3cc(C(F)(F)F)nn3-c3ccc4onc(N)c4c3)c(F)c2)CC1,Coagulation factor X
COc1ccc(-n2nc(C(N)=O)c3c2C(=O)N(c2ccc(-c4ccccc4CN)cc2)CC3)cc1,Coagulation factor X
CS(=O)(=O)c1ccccc1-c1ccc(N2CC[C@H](NS(=O)(=O)c3ccc4cc(Cl)ccc4c3)C2=O)c(F)c1,Coagulation factor X
O=C(NCC1CN(c2ccc(C3CCCCC3)cc2)C(=O)O1)c1ccc(Cl)s1,Coagulation factor X
C/C(=CS(=O)(=O)NC1CCN(c2ccc(-n3cncc3CN(C)C)cc2F)C1=O)c1ccc(Cl)s1,Coagulation factor X
CN(C)Cc1nccn1-c1ccc(N2CC[C@H](NS(=O)(=O)/C=C/c3ccc(Cl)s3)C2=O)c(F)c1,Coagulation factor X
CN1CCN(c2ccccc2-c2ccc(C(=O)Nc3ccc(Cl)cc3C(=O)Nc3ccc(Cl)cn3)cc2)CC1,Coagulation factor X
O=C(Nc1ccc(Cl)cc1)N[C@@H]1CCC[C@@H]1NC(=O)c1ccc(-n2ccccc2=O)cc1,Coagulation factor X
CC[C@@]1(O)C[C@H](C(=O)Nc2ccc(-n3ccccc3=O)cc2F)N(C(=O)Nc2ccc(Cl)cc2)C1,Coagulation factor X
[H][C@@]1(O[C@H]2O[C@H](COS(=O)(=O)[O-])[C@@H](O)[C@H](O)[C@H]2NS(=O)(=O)[O-])[C@@H](C(=O)[O-])O[C@@H](O[C@]2([H])[C@@H](COS(=O)(=O)[O-])O[C@@H](O[C@]3([H])[C@H](C(=O)[O-])O[C@@]([H])(O[C@@H]4[C@@H](COS(=O)(=O)[O-])O[C@H](OC)[C@H](NS(=O)(=O)[O-])[C@H]4O)[C@H](OS(=O)(=O)[O-])[C@H]3OS(=O)(=O)[O-])[C@H](NS(=O)(=O)[O-])[C@H]2OS(=O)(=O)[O-])[C@H](O)[C@H]1O.[Na+].[Na+].[Na+].[Na+].[Na+].[Na+].[Na+].[Na+].[Na+].[Na+].[Na+],Coagulation factor X
COc1ccc(C(=O)NC2CCCN(c3ccc(-c4ccccc4S(C)(=O)=O)cc3F)C2=O)cc1,Coagulation factor X
O=C1[C@@H](NS(=O)(=O)c2ccc(-c3ccc(Cl)s3)s2)CCN1CCNc1ccncc1,Coagulation factor X
CCN(CC)Cc1cccn1-c1ccc(N2C[C@H](CNC(=O)c3ccc(Cl)s3)OC2=O)c(F)c1,Coagulation factor X
O=C1COCCN1c1ccc(-n2cnc3onc(-c4ccccc4)c3c2=O)cc1,Coagulation factor X
COc1ccc(-n2nc(C(N)=O)c3c2C(=O)N(c2ccc(-c4ccccc4CN4CCC(O)CC4)cc2)CC3)cc1,Coagulation factor X
O=C(Nc1ccc(N2CCOCC2=O)cc1)[C@@H]1CC=CCN1C(=O)Cc1ccc(Cl)cc1,Coagulation factor X
O=C(N[C@H]1CCC[C@H]1NC(=O)c1cc2cc(Cl)ccc2s1)c1ccc(-n2ccccc2=O)cc1,Coagulation factor X
N=C(N)c1cccc(CNC(=O)c2cc3ccccc3n2Cc2cccc(C(=N)N)c2)c1,Coagulation factor X
CCN(C)C(=O)[C@H]1CC[C@H](NC(=O)c2cc3cc(Cl)ccc3[nH]2)[C@H](NC(=O)c2nc3c(s2)CN(C)CC3)C1,Coagulation factor X
COC(=O)CN(C1CCCN(c2ccc(-c3ccccc3S(C)(=O)=O)cc2F)C1=O)S(=O)(=O)c1ccc2cc(Cl)ccc2c1,Coagulation factor X
CC(C)N1CCc2nc(C(=O)Nc3c(CNC(=O)c4ccc(Cl)s4)cccc3C(=O)O)sc2C1.Cl,Coagulation factor X
CCOC(=O)CN(C(=O)CCS(=O)(=O)c1ccc2cc(Cl)ccc2c1)C1CCN(c2ccncc2)CC1,Coagulation factor X
COC(=O)NC1(c2ccc(N3CCc4c(C(F)(F)F)nn(-c5ccc(OC)cc5)c4C3=O)cc2)CC1,Coagulation factor X
Cc1cc(C(=O)Nc2ccc(-n3cccn3)cc2)n(-c2ccc3cc(Cl)ccc3c2)n1,Coagulation factor X
Cc1cc(C(=O)Nc2ccc(N3CCOCCC3=O)cc2F)n(-c2cc3ccccc3cc2S(C)(=O)=O)n1,Coagulation factor X
[H][C@@]12COc3cc(N4CCOCC4=O)ccc3N1C(=O)O[C@H]2CNC(=O)c1ccc(Cl)cc1,Coagulation factor X
Cc1cccc2cc(C(=O)NC3CCN(C(C)C)CC3)n(Cc3cc(-c4ccc(Cl)s4)on3)c12,Coagulation factor X
COc1cc(Cl)cc(C(=O)Nc2ccc(Cl)cn2)c1NC(=O)c1ccc(-n2ccccc2=O)nc1,Coagulation factor X
Nc1ncnc2cc(CN3CCN(Cc4nc5cc(OC(F)(F)F)ccc5[nH]4)CC3=O)ccc12,Coagulation factor X
O=C1[C@@H](NS(=O)(=O)c2nc3cc(Cl)ccc3[nH]2)CCN1CCNc1ccncc1,Coagulation factor X
O=C(NCC1CCN(c2ccncc2)CC1)c1ccc(Cl)c(OCCc2ccc(Cl)cc2Cl)c1,Coagulation factor X
CS(=O)(=O)c1ccccc1-c1ccc(N2CCCC(NS(=O)(=O)c3ccc(C#N)cc3)C2=O)c(F)c1,Coagulation factor X
CS(=O)(=O)c1ccccc1-c1ccc(N2CCCC(NS(=O)(=O)c3cc(Cl)cc(Cl)c3)C2=O)c(F)c1,Coagulation factor X
Cc1c(F)c(Oc2cccc(C(=N)N)c2)nc(N2CCN(C3CCCCC3)CC2)c1F,Coagulation factor X
O=C(Nc1ccccc1CNc1ccc(Cl)cn1)c1ccc(-n2ccccc2=O)cc1,Coagulation factor X
COc1cc(N2CCC(CNC(=O)c3ccc(OC)c(OCCc4ccc(Cl)cc4Cl)c3)CC2)nc(OC)n1,Coagulation factor X
O=C(N[C@H]1CCCC[C@H]1NC(=O)c1cc2ccc(Cl)cc2s1)c1ccc(-n2ccccc2=O)cc1,Coagulation factor X
CN(C)CCN=S(C)(=O)c1ccc(C(=O)Nc2ccc(Cl)cc2C(=O)Nc2ccc(Cl)cn2)cc1,Coagulation factor X
CC(C)c1ccc(C(=O)Nc2cc(O)ccc2NC(=O)c2cccc(C(=N)N)c2)cc1,Coagulation factor X
COc1ccc(-n2nc(-c3nc[nH]n3)c3c2C(=O)N(c2ccc(N4CCCCC4=O)cc2)CC3)cc1,Coagulation factor X
CN(C)Cc1ccccc1-c1ccc(N2CCc3c(C(F)(F)F)nn(-c4ccccc4S(N)(=O)=O)c3C2=O)cc1,Coagulation factor X
COc1ccc(C(=O)Nc2cccc(OCC(=O)O)c2NC(=O)c2ccc(N3CCCN(C)CC3)cc2)cc1,Coagulation factor X
CCN(Cc1ccncc1)C(=O)[C@H](C)N1CC[C@H](NS(=O)(=O)c2ccc3cc(Cl)ccc3c2)C1=O,Coagulation factor X
O=C(N[C@H]1CCC[C@H]1NC(=O)c1cnc(Cl)s1)c1ccc(-n2ccccc2=O)cc1,Coagulation factor X
CN1CCc2nc(C(=O)N[C@@H]3C[C@@H](CS(C)(=O)=O)CC[C@@H]3NC(=O)c3cc4cc(Cl)ccc4[nH]3)sc2C1,Coagulation factor X
O=C1CN(S(=O)(=O)c2cc3ncc(Cl)cc3s2)CCN1Cc1cc2c[nH]ccc-2n1,Coagulation factor X
CN1CCc2nc(C(=O)N[C@@H]3C[C@@H](C(=O)N(C)C)CC[C@@H]3NC(=O)c3cnc4cc(Cl)ccc4c3)sc2C1,Coagulation factor X
O=C1[C@@H](NS(=O)(=O)c2cc3cccnc3s2)CCN1Cc1cc2cc[nH]cc-2n1,Coagulation factor X
CC(C)N1CCC(NC(=O)c2cc3cc(S(C)(=O)=O)ccc3n2Cc2cc(-c3ccc(Cl)s3)on2)CC1,Coagulation factor X
Nc1noc2ccc(-n3nc(C(F)(F)F)cc3C(=O)NC3CCN(c4ccccc4CN4CCCC4)CC3)cc12,Coagulation factor X
CN1CCc2nc(C(=O)N[C@@H]3C[C@@H]3NC(=O)c3cc4cc(Cl)ccc4[nH]3)sc2C1,Coagulation factor X
COC(=O)C1C[C@H](NC(=O)c2ccc(-n3ccccc3=O)cc2)[C@H](NC(=O)c2ccc3c(Cl)c[nH]c3c2)C1,Coagulation factor X
COC(=O)[C@H](Cc1cccc(C(=N)N)c1)[C@@H](/C=C/c1ccccc1)NC(=O)c1ccc(-c2ccc(OC)c(OC)c2)cc1,Coagulation factor X
CC(C)(C)c1ccc(S(=O)(=O)N[C@H]2CCN(Cc3cc4cc[nH]cc-4n3)C2=O)cc1,Coagulation factor X
COc1ccc(NC(=O)c2ccc(NS(=O)(=O)c3ccccc3)cc2NC(=O)c2ccc(C(C)(C)C)cc2)cc1,Coagulation factor X
N=C(N)c1cccc(Cn2c(C(=O)NCc3cccc(C(N)=O)c3)cc3ccccc32)c1,Coagulation factor X
COc1ccc(-n2nc(C(N)=O)c3c2C(=O)N(c2ccc(C(C)(C)N4CCCC4)cc2)CC3)cc1,Coagulation factor X
O=C(C1CCN(c2ccncc2)CC1)N1CC[C@H](CNS(=O)(=O)/C=C/c2ccc(Cl)s2)C1,Coagulation factor X
[H][C@@]12CC[C@@H](C(=O)NCc3ccc(N)nc3C)N1C(=O)CN(S(=O)(=O)CC(c1ccccc1)c1ccccc1)C2,Coagulation factor X
CS(=O)(=O)c1cc(F)ccc1N1CCN(C(=O)[C@H](NC(=O)c2ccc3ccnc(N)c3c2)c2ccccc2)CC1,Coagulation factor X
O=C(NC[C@H]1CN(c2ccc(-n3cccc3CN3CCC3)cc2)C(=O)O1)c1ccc(Cl)s1,Coagulation factor X
CCc1ccc(NC(=O)c2ccccc2NC(=O)c2ccc(N3CCCN(C)CC3)cc2)cc1.Cl,Coagulation factor X
CCS(=O)(=O)N1c2ccc(OC3CCN(C(C)=N)CC3)cc2C[C@@H]1c1ccc2ccc(C(=N)N)cc2c1,Coagulation factor X
Cc1cccc(N/C(=NC(=O)c2ccccc2)N[C@H]2CCCCN(CC(=O)N3CCCC3)C2=O)c1,Coagulation factor X
CS(=O)(=O)c1ccccc1-c1ccc(N2CCCC(NS(=O)(=O)c3cccc4ccc(Cl)cc34)C2=O)c(F)c1,Coagulation factor X
Cc1c[nH]c2c(N/C(=CC#N)N[C@H]3CCCCN(CC(=O)N4CCCC4)C3=O)cccc12,Coagulation factor X
O=C(CN1CCC[C@H](NS(=O)(=O)c2cc3ccccc3s2)C1=O)N1CCCC1,Coagulation factor X
CC(=O)[C@H]1CC[C@H](NC(=O)c2cc3cc(Cl)ccc3[nH]2)[C@H](NC(=O)c2nc3c(s2)CN(C)CC3)C1,Coagulation factor X
O=C(NCC1CN(c2ccc(N3CCCC(O)C3)c(F)c2)C(=O)O1)c1ccc(Cl)s1,Coagulation factor X
O=C(N[C@H]1CN(C(=O)OCC2c3ccccc3-c3ccccc32)C[C@H]1NC(=O)c1ccc2c(Cl)c[nH]c2c1)c1ccc(-n2ccccc2=O)cc1,Coagulation factor X
CS(=O)(=O)c1cc(F)ccc1N1CCN(C(=O)[C@H](NC(=O)c2ccc(Cl)c(N)c2)c2ccccc2)CC1,Coagulation factor X
COc1ccc(CC(=O)N2Cc3ccccc3C[C@H]2C(=O)N(C)c2ccc(N3CCCCC3=O)cc2)cc1OC,Coagulation factor X
CN1CCc2nc(C(=O)N[C@@H]3C[C@@H](C(=O)N(C)C)CC[C@@H]3NC(=O)c3[nH]c4ccc(F)cc4c3Cl)sc2C1,Coagulation factor X
CN1CCc2nc(C(=O)Nc3ccccc3CNC(=O)c3cc(Cl)ccn3)sc2C1,Coagulation factor X
COc1ccc(-n2nc(C(N)=O)c3c2C(=O)N(C2CCN(c4ccccc4CN(C)C(C)=O)CC2)CC3)cc1,Coagulation factor X
CN1CCc2nc(C(=O)Nc3ccccc3NC(=O)c3cc4cc(Cl)ccc4[nH]3)sc2C1,Coagulation factor X
Cc1cc2cc(N/C(=NC#N)NC3CCCCCN(CC(=O)N4CCCC4)C3=O)ccc2o1,Coagulation factor X
CC(C)N(C)C(C)c1ccc(N2CC[C@H](NS(=O)(=O)c3ccc4cc(Cl)ccc4c3)C2=O)c(F)c1,Coagulation factor X
COc1cc(OC)cc(C(=O)/N=C(Nc2cccc(C)c2)N[C@H]2CCCCN(CC(=O)N3CCCC3)C2=O)c1,Coagulation factor X
CS(=O)(=O)N(Cc1ccc2ccc(C(=N)N)cc2c1)c1ccc(C(=O)N2CCCC2)cc1,Coagulation factor X
[H][C@@]12COc3cc(-c4ccccc4S(C)(=O)=O)ccc3N1C(=O)O[C@H]2CNC(=O)c1ccc(Cl)s1,Coagulation factor X
COC(=O)C1(COc2ccc(NC(=O)c3cc4cc(Cl)ccc4[nH]3)c(NC(=O)c3nc4c(s3)CN(C)CC4)c2)CC1,Coagulation factor X
CN1CCN=C1c1ccc(C(=O)N2CCN(S(=O)(=O)c3cc4cc(Cl)ccc4[nH]3)CC2CC(=O)N2CCCC2)cc1,Coagulation factor X
N=C(N)c1cccc(Oc2ccc(F)cc2NC(=O)c2ccc(-c3ccccc3S(N)(=O)=O)cc2)c1,Coagulation factor X
CS(=O)(=O)c1ccccc1-c1ccc(N2CCCC(N(CC(=O)O)S(=O)(=O)c3ccc4cc(Cl)ccc4c3)C2=O)c(F)c1,Coagulation factor X
CCN(C)C(=O)[C@H](C)N1CC[C@H](NS(=O)(=O)c2ccc3cc(Cl)ccc3c2)C1=O,Coagulation factor X
Cc1cc(C(=O)Nc2ccc(C3=NCCN3C)cc2F)n(-c2cc3ccccc3cc2S(C)(=O)=O)n1,Coagulation factor X
Cc1cccc2c1cc(C(=O)NCC1CCN(C(=N)N)CC1)n2Cc1cccc(C(=N)N)c1,Coagulation factor X
C[C@@H](C(=O)N1CCOCC1)N1CC[C@H](NS(=O)(=O)C2=Nc3ccc(Cl)cc3C2)C1=O,Coagulation factor X
CC(=O)Nc1ccc(COc2cc(C(=O)NCC3CCN(c4ccncc4)CC3)ccc2F)cc1,Coagulation factor X
O=C(O)c1ccc2c(c1)nc(C(=O)NC1CCN(C3CC3)CC1)n2Cc1cc(-c2ccc(Cl)s2)on1,Coagulation factor X
Cc1ccc(C(=O)NCC2CCN(C(=N)N)CC2)cc1OCCc1ccc(Cl)cc1Cl,Coagulation factor X
Cc1ccc(NC(=O)c2cccc(O)c2NC(=O)c2ccc(N3CCCN(C)CC3)cc2)nc1.Cl,Coagulation factor X
O=C(Nc1ccc(N2CCOCC2=O)cc1)[C@@H]1Cc2ccccc2CN1C(=O)c1ccc(CCl)cc1,Coagulation factor X
CN(C)Cc1nccn1-c1ccc(N2CCC(NS(=O)(=O)CCc3ccc(Cl)s3)C2=O)c(F)c1,Coagulation factor X
CN(C)CCOc1cc(Cl)cc(C(=O)Nc2ccc(Cl)cn2)c1NC(=O)c1ccc(N2CCCCC2=O)cc1,Coagulation factor X
O=C1[C@@H](NS(=O)(=O)c2cc3ncccc3s2)CCN1CCNc1ccncc1,Coagulation factor X
COc1ccc(C(=O)N2CCN(CC(=O)N3CCCC3)CC2)cc1OCCc1ccc(Cl)cc1Cl,Coagulation factor X
O=C([O-])C1Cc2c(OS(=O)(=O)[O-])ccc(OS(=O)(=O)[O-])c2CN1C(=O)Cc1cc(OS(=O)(=O)[O-])ccc1OS(=O)(=O)[O-].[Na+].[Na+].[Na+].[Na+].[Na+],Coagulation factor X
COc1ccc(N/C(=NC(=O)c2ccc(F)c(F)c2)N[C@H]2CCCCN(CC(=O)N3CCCC3)C2=O)cc1,Coagulation factor X
CS(=O)(=O)N(Cc1ccc2ccc(C(=N)N)cc2c1)C1CCN(S(=O)(=O)c2cc(Cl)sc2Cl)CC1,Coagulation factor X
NS(=O)(=O)c1ccccc1-c1ccc(NC(=O)C2CC(c3cccc(O)c3)=NO2)cc1,Coagulation factor X
COC(=O)N1C[C@H](NC(=O)c2ccc(-n3ccccc3=O)cc2)[C@H](NC(=O)c2ccc(Cl)s2)C1,Coagulation factor X
C[C@@H](C(=O)N1CCOCC1)N1CC[C@H](NS(=O)(=O)c2cc3cc(Cl)ccc3[nH]2)C1=O,Coagulation factor X
COc1ccc2c(c1)C(=O)N(c1ccc(N3CCOCC3=O)cc1)CN2C(=O)CCc1ccc(Cl)cc1,Coagulation factor X
COc1ccc(NC(=O)c2cc(N)ccc2NC(=O)c2ccc(N(C)C)cc2)cc1,Coagulation factor X
CS(=O)(=O)c1ccccc1-c1ccc(NC(=O)[C@H]2CN(S(C)(=O)=O)C[C@@H]2C(=O)Nc2ccc(Cl)cc2)nc1,Coagulation factor X
CS(=O)(=NC(=O)CNC1CCCC1)c1ccc(C(=O)Nc2ccc(Cl)cc2C(=O)Nc2ccc(Cl)cn2)cc1,Coagulation factor X
Cc1cc2cc(N/C(=NC#N)N[C@H]3CCCCN(CC(=O)N4CCCC4)C3=O)ccc2s1,Coagulation factor X
Cc1cc(C(=O)Nc2ccc(-c3ccccc3S(C)(=O)=O)cc2)n(-c2ccc3cc(Cl)ccc3c2)n1,Coagulation factor X
CN1CCCN(c2ccc(C(=O)Nc3ccccc3C(=O)Nc3ccccc3Cl)cc2)CC1.Cl,Coagulation factor X
Cc1cc(C)c(C2=NOC(C(=O)Nc3ccc(-c4ccccc4S(N)(=O)=O)cc3)C2)cc1C,Coagulation factor X
CS(=O)(=O)c1ccccc1-c1ccc(N2CCC(NS(=O)(=O)/C=C/c3ccc(Cl)cc3)C2=O)c(F)c1,Coagulation factor X
Nc1n[nH]cc1C(=O)N1CC2CC(CN(C(=O)CN3CCC[C@H](NS(=O)(=O)c4ccc5cc(Cl)ccc5c4)C3=O)C2)C1,Coagulation factor X
