smiles,targetname
C[C@@H]1C(c2ccc3nc(-c4ccccc4)oc3c2)=NNC(=O)[C@@H]1C,Glucose-dependent insulinotropic receptor
CCOc1ccc(-c2ccc(C(=O)N(C3CC3)C3CCN(C(=O)OC(C)(C)C)CC3)cc2)cn1,Glucose-dependent insulinotropic receptor
CC(O)c1cnc(N2CCC(c3coc4c(N5CCc6cc(S(C)(=O)=O)ccc65)ncnc34)CC2)nc1,Glucose-dependent insulinotropic receptor
CS(=O)(=O)c1ccc(-n2ncc3c(OC4CCN(C(=O)OC5CCCC5)CC4)ncnc32)cc1,Glucose-dependent insulinotropic receptor
Cc1ncccc1Oc1ncnc(N2C3CC4CC2CC(C3)N4C(=O)OC2CCC2)c1C,Glucose-dependent insulinotropic receptor
CC(C)(C)OC(=O)N1CCC(c2cc3cc(-c4ccc(C#N)cc4F)ncc3o2)CC1,Glucose-dependent insulinotropic receptor
CC(C)NC(=O)N1CCC(N(C)c2ncnc3c(-c4ccc(S(C)(=O)=O)cc4)csc23)CC1,Glucose-dependent insulinotropic receptor
CCSC(=O)N1CCC(Oc2ncnc3c2CCN3c2ccc(S(C)(=O)=O)cc2F)CC1,Glucose-dependent insulinotropic receptor
Cc1cc2c(c(Oc3cc(F)cc(NS(=O)(=O)c4ccc(Cl)cc4)c3)n1)C(=O)N(C(C)C)C2=O,Glucose-dependent insulinotropic receptor
CS(=O)(=O)c1cnc(O[C@H]2CC[C@H](OC3CCN(C(=O)OC(CF)CF)CC3)CC2)cn1,Glucose-dependent insulinotropic receptor
[H][C@@]12C=C[C@@]([H])(C[C@@H](Oc3ncnc(Oc4cccnc4C)c3C)C1)N2S(=O)(=O)C1CC1,Glucose-dependent insulinotropic receptor
CCC1CC(=O)NN=C1c1ccc2nc(-c3ccc(/C=C/c4ccccc4)cc3)oc2c1,Glucose-dependent insulinotropic receptor
CC(C)(C)OC(=O)N1CCC(N(C(=O)c2ccc(-c3cnco3)c([N+](=O)[O-])c2)C2CC2)CC1,Glucose-dependent insulinotropic receptor
CS(=O)(=O)c1ccc(Nc2ncnc(OC3C[C@H]4CC[C@H](C3)N4S(=O)(=O)c3ccc(F)cc3)c2[N+](=O)[O-])c(F)c1,Glucose-dependent insulinotropic receptor
C[C@@H]1CN(c2ncc(F)cn2)CCN1c1ncc(OCc2ccncc2C#N)cn1,Glucose-dependent insulinotropic receptor
CCOC(=O)C(C)(CC(C)C)c1ccnc2c(-c3ccc(Cl)cc3)cnn12,Glucose-dependent insulinotropic receptor
CCOC(=O)C1CCN(c2ncnc(Oc3ccc(C(=O)CC(=O)OC)cc3)c2[N+](=O)[O-])CC1,Glucose-dependent insulinotropic receptor
CC(C)c1noc(N2CCC(O)CC2)n1,Glucose-dependent insulinotropic receptor
CCOC(=O)C1CCN(c2ncnc(Oc3cc(C(F)(F)F)nn3C)c2[N+](=O)[O-])CC1,Glucose-dependent insulinotropic receptor
CC(C)(C)OC(=O)N1CCC(OCCNc2ccc3c(c2)CCS3(=O)=O)CC1,Glucose-dependent insulinotropic receptor
CC(C)(C)OC(=O)N1CCC(Cc2ncnc3c2cnn3-c2ccc(S(C)(=O)=O)cc2F)CC1,Glucose-dependent insulinotropic receptor
CCC1CC(=O)NN=C1c1ccc2nc(-c3ccc(OCC4CCNCC4)cc3)oc2c1,Glucose-dependent insulinotropic receptor
CC(C)OC(=O)N1[C@@H]2CC[C@@H]1CC(Oc1ncnc(Nc3ccc(S(C)(=O)=O)cc3F)c1[N+](=O)[O-])C2,Glucose-dependent insulinotropic receptor
CC(C)(O)COC(=O)N1CCC(N(C(=O)c2ccc(-c3cnco3)cc2)C2CC2)CC1,Glucose-dependent insulinotropic receptor
Cc1ncccc1Oc1ncnc(N2C3CC4CC2CC(C3)N4C(=O)OC(C)(C)C)c1C,Glucose-dependent insulinotropic receptor
CCSc1ccc(Nc2ncnc(N3CCC(c4nc(C(C)C)no4)CC3)c2[N+](=O)[O-])cc1,Glucose-dependent insulinotropic receptor
Cc1cc(S(C)(=O)=O)cc2c1N(C(=O)OCCC1CCN(C(=O)OC(C)(C)C)CC1)CC2,Glucose-dependent insulinotropic receptor
Cc1cc(NCCc2ccc[n+]([O-])c2)nc(-c2cc(F)c(Br)c(F)c2)n1,Glucose-dependent insulinotropic receptor
CC(CNC(=O)Cc1c(F)cccc1F)C1CCN(C(=O)OC(C)(C)C)CC1,Glucose-dependent insulinotropic receptor
Cc1cc(S(C)(=O)=O)cnc1Nc1ncnc(OC2CCN(C(=O)OC(C)C)CC2)c1C,Glucose-dependent insulinotropic receptor
O=C1NCC(c2ccc3nc(-c4ccccc4)oc3c2)=NN1,Glucose-dependent insulinotropic receptor
CC1CC(=O)NN=C1c1ccc2nc(-c3cccnc3)oc2c1,Glucose-dependent insulinotropic receptor
Cc1noc(-c2cc(Cl)nc(Oc3ccc4c(c3)N(S(=O)(=O)c3ccc(Cl)cc3)CCC4)c2)n1,Glucose-dependent insulinotropic receptor
Cc1cc2c(c(Oc3cccc(NC(=O)c4ccc(Cl)cc4)c3)n1)C(=O)N(C(C)C)C2=O,Glucose-dependent insulinotropic receptor
Cc1nc(S(C)(=O)=O)ccc1Oc1ncnc(OC2CCN(C(=S)OC(C)C)CC2)c1F,Glucose-dependent insulinotropic receptor
CN(CCNc1ccc2c(c1)CCS2(=O)=O)C1CCN(C(=O)OC(C)(C)C)CC1,Glucose-dependent insulinotropic receptor
CCc1cnc(N2CCC(n3ncc4cc(-c5ccc(S(C)(=O)=O)cc5)ncc43)CC2)nc1,Glucose-dependent insulinotropic receptor
CCc1cnc(N2CCC(n3nnc4cc(-c5ccc(S(C)(=O)=O)cc5)ccc43)CC2)nc1,Glucose-dependent insulinotropic receptor
CCN(CC1CCN(C(=O)OC(C)C)CC1)c1ncnc2c1cnn2-c1ccc(S(C)(=O)=O)cc1F,Glucose-dependent insulinotropic receptor
CC(C)c1nc(N2CCC(CCCNc3ccc4c(c3)OCC4=O)CC2)no1,Glucose-dependent insulinotropic receptor
[H][C@]12CC[C@]([H])(C[C@H](Oc3ncnc(Oc4cccnc4C)c3C)C1)N2S(=O)(=O)CC(C)C,Glucose-dependent insulinotropic receptor
CCc1cnc(N2CCC(Nc3ncnc4c(-c5ccc(S(C)(=O)=O)cc5)csc34)CC2)nc1,Glucose-dependent insulinotropic receptor
[H][C@]12CC[C@]([H])(C[C@H](Oc3ncnc(Oc4cccnc4C)c3C)C1)N2C(=O)OC1(C)CC1,Glucose-dependent insulinotropic receptor
[H][C@]12CC(F)[C@@]([H])(C[C@@H](Oc3ncnc(Oc4cccnc4C)c3C)C1)N2S(=O)(=O)C1CC1,Glucose-dependent insulinotropic receptor
CCC1CC(=O)NN=C1c1ccc2nc(-c3ccc(OCCN4CC(C)OC(C)C4)cc3)oc2c1,Glucose-dependent insulinotropic receptor
Cc1nc(S(C)(=O)=O)ccc1Nc1ncnc(OC2CCN(C(=O)OC(C)C)CC2)c1O,Glucose-dependent insulinotropic receptor
CS(=O)(=O)c1ccc(Nc2ncnc(N3CCC(c4nc(-c5cccc(C(F)(F)F)c5)no4)CC3)c2[N+](=O)[O-])cc1,Glucose-dependent insulinotropic receptor
COC(=O)c1cnc(N2CCC(CCCNc3ccc4c(c3)OCC4=O)CC2)nc1,Glucose-dependent insulinotropic receptor
CCC1CC(=O)NN=C1c1ccc2nc(-c3ccc(OCCN4C[C@H](C)O[C@H](C)C4)cc3)oc2c1,Glucose-dependent insulinotropic receptor
CC(C)c1nc(N2CCN(c3ncc(OCc4ccncc4C#N)cn3)CC2)no1,Glucose-dependent insulinotropic receptor
CC(C)c1noc(C2CCN(c3ncnc(Nc4ccc(S(=O)(=O)C(C)C)cc4F)c3[N+](=O)[O-])CC2)n1,Glucose-dependent insulinotropic receptor
CCC1CC(=O)NN=C1c1ccc2nc(-c3ccc(OCC(=O)O)cc3)oc2c1,Glucose-dependent insulinotropic receptor
CCC1CC(=O)NN=C1c1ccc2nc(-c3ccc(OCCN4CCC5(CCCCC5)CC4)cc3)oc2c1,Glucose-dependent insulinotropic receptor
CC(C)(C)NS(=O)(=O)c1ccccc1-c1ccc(C(=O)N(C2CC2)C2CCN(C(=O)OC(C)(C)C)CC2)cc1,Glucose-dependent insulinotropic receptor
CC(C)OC(=O)N1CCC(Oc2cccc3c2CCN3c2ccc(S(C)(=O)=O)cc2)CC1,Glucose-dependent insulinotropic receptor
CC1(C)CC(c2ccc3nc(-c4ccccc4)oc3c2)=NNC1=O,Glucose-dependent insulinotropic receptor
C[C@@H]1CN(C(=O)OC(C)(C)C)CCN1c1ncc(OCc2ccc(C#N)cc2)cn1,Glucose-dependent insulinotropic receptor
CCS(=O)(=O)c1ccc(Nc2ncnc(N3CCC(c4nc(C(C)C)no4)CC3)c2[N+](=O)[O-])cc1,Glucose-dependent insulinotropic receptor
CONC(=O)c1ccc(-c2csc3c(N(C)C4CCN(C(=O)OC(C)(C)C)CC4)ncnc23)cc1,Glucose-dependent insulinotropic receptor
Cc1cc2c(c(Oc3cccc(NS(=O)(=O)c4ccc(Cl)cc4)c3)n1)C(=O)N(c1ccccc1)C2=O,Glucose-dependent insulinotropic receptor
CCC1CC(=O)NN=C1c1ccc2nc(-c3ccc(OCc4ccc(S(C)(=O)=O)cc4)cc3)oc2c1,Glucose-dependent insulinotropic receptor
CC(C)(C)OC(=O)N1CCC(Oc2ncnc3c2CCN3c2ccc(S(C)(=O)=O)cc2F)CC1,Glucose-dependent insulinotropic receptor
O=C1NN=C([C@H]2CCc3nc(-c4ccccc4)oc3C2)[C@@H]2C[C@H]12,Glucose-dependent insulinotropic receptor
CC(C)(C)OC(=O)N1CCC(c2ncc(OCc3ccc(S(C)(=O)=O)cc3)cn2)CC1,Glucose-dependent insulinotropic receptor
CCC1CC(=O)NN=C1c1ccc2nc(-c3ccc(OC[C@@H]4CCCN4C)cc3)oc2c1,Glucose-dependent insulinotropic receptor
CC1CC(=O)NN=C1c1ccc2nc(-c3ccccc3Cl)oc2c1,Glucose-dependent insulinotropic receptor
CCc1cnc(OC(=O)N2CCC(n3cc(CNc4ccc(S(C)(=O)=O)cc4F)cn3)CC2)nc1,Glucose-dependent insulinotropic receptor
CS(=O)(=O)N1CC=C(c2cc3cc(C4CCN(c5ncc(Cl)cn5)CC4)oc3cn2)CC1,Glucose-dependent insulinotropic receptor
Cc1nc(S(C)(=O)=O)ccc1Oc1ncnc(OC2CCN(C(=O)O[C@@H](C)C(F)(F)F)CC2)c1F,Glucose-dependent insulinotropic receptor
[H][C@]12CC[C@]([H])(C[C@H](Oc3ncnc(Oc4cccnc4C)c3C)C1)N2S(=O)(=O)CCC,Glucose-dependent insulinotropic receptor
CC(C)(C)OC(=O)N1CCC(CCCNc2ccc3c(c2)OCS3(=O)=O)CC1,Glucose-dependent insulinotropic receptor
CCCc1cnc(N2CCC(Oc3ccn(-c4ccc(S(C)(=O)=O)cc4)c(=O)c3)CC2)nc1,Glucose-dependent insulinotropic receptor
Cc1ncn(-c2ccc(Oc3ncnc(N4C5CC6CC4CC(C5)N6C(=O)OC(C)(C)C)c3C)c(F)c2)n1,Glucose-dependent insulinotropic receptor
CCCC1CC(c2ccc3nc(-c4ccccc4)oc3c2)=NNC1=O,Glucose-dependent insulinotropic receptor
Cc1cc(C)c(C#N)c(Oc2cccc(NS(=O)(=O)c3ccc(C(C)C)cc3)c2)n1,Glucose-dependent insulinotropic receptor
CC(C)OC(=O)N1CCC(Oc2ncnc(N3CCc4cc(S(C)(=O)=O)ccc43)n2)CC1,Glucose-dependent insulinotropic receptor
CCCS(=O)(=O)N1CC=C(c2ccc3c(c2)CC(C2CCN(C(=O)OC(C)C)CC2)O3)CC1,Glucose-dependent insulinotropic receptor
CC(C)(C)OC(=O)N1CCC(N(C(=O)c2ccc(N3C=NNN3)cc2)C2CC2)CC1,Glucose-dependent insulinotropic receptor
Fc1cc(-c2nc3c(c(N4CCOCC4)n2)CCS3)c(F)cc1Cl,Glucose-dependent insulinotropic receptor
CCc1noc(C2CCN(c3ncnc(Nc4ccc(S(C)(=O)=O)cc4)c3[N+](=O)[O-])CC2)n1,Glucose-dependent insulinotropic receptor
CC1CC(=O)NN=C1c1ccc2nc(N3CCSCC3)oc2c1,Glucose-dependent insulinotropic receptor
CCOC(=O)C(C)(Cc1ccccc1)c1ccnc2c(-c3ccc(C(F)(F)F)cc3)cnn12,Glucose-dependent insulinotropic receptor
CC(C)OC(=O)N1CCC(Oc2cc(N3CCc4cc(S(C)(=O)=O)ccc43)ncn2)CC1,Glucose-dependent insulinotropic receptor
Cc1c(Oc2ccc(-n3cncn3)cc2)ncnc1N1C2CC3CC1CC(C2)N3C(=O)OC(C)(C)C,Glucose-dependent insulinotropic receptor
CC1CC(=O)NN=C1c1ccc2nc(-c3cccc(O)c3)oc2c1,Glucose-dependent insulinotropic receptor
CC(C)OC(=O)N1CCC(CO[C@H]2CC[C@H](c3ccc(S(C)(=O)=O)cc3)CC2)CC1,Glucose-dependent insulinotropic receptor
CCNC(=O)c1cc(F)c(-c2cc3cnn(C4CCN(C(=O)OC(C)C)CC4)c3cn2)cc1F,Glucose-dependent insulinotropic receptor
CCC1CC(=O)NN=C1c1ccc2nc(-c3ccc(OC(C)CN4CCCC4)cc3)oc2c1,Glucose-dependent insulinotropic receptor
CC(C)(C)OC(=O)N1CC[C@@H](N(C(=O)c2ccc(-c3cnco3)cc2)C2CC2)[C@@H](F)C1,Glucose-dependent insulinotropic receptor
Cc1nc(S(C)(=O)=O)ccc1Oc1ncnc(OC2CCN(C(=O)OC(C)F)CC2)c1F,Glucose-dependent insulinotropic receptor
[H][C@]12CC[C@]([H])(C[C@H](Oc3ncnc(Oc4cccnc4C)c3C)C1)N2S(C)(=O)=O,Glucose-dependent insulinotropic receptor
[H][C@]12CC[C@]([H])(C[C@H](Oc3ncnc(Oc4cccnc4C)c3C)C1)N2C(=O)OCC(F)(F)F,Glucose-dependent insulinotropic receptor
CON(C)C(=O)c1ccc(-c2ccc(OCC3CCN(C(=O)OC(C)(C)C)CC3)cn2)cc1,Glucose-dependent insulinotropic receptor
COc1cc2nc(OC3CCN(C(=O)OC(C)(C)C)CC3)nc(Nc3ccc(S(C)(=O)=O)cc3F)c2cc1OC,Glucose-dependent insulinotropic receptor
CC(C)OC(=O)N1CCC(O[C@H]2CC[C@H](Oc3cnc(S(C)(=O)=O)cn3)CC2)CC1,Glucose-dependent insulinotropic receptor
CCC1CC(=O)NN=C1c1ccc2nc(-c3ccc(OC4CCNCC4)cc3)oc2c1,Glucose-dependent insulinotropic receptor
CCCc1cnc(N2CCC(Oc3cc(=O)n(-c4ccc(S(C)(=O)=O)cc4)cc3C)CC2)nc1,Glucose-dependent insulinotropic receptor
Cc1cccc(N2CCC(C3CCN(C(=O)OC(C)(C)C)CC3)CC2)c1,Glucose-dependent insulinotropic receptor
C[C@@H]1CN(C(=O)OC(C)(C)C)CC[C@@H]1N(C(=O)c1ccc(-c2cnco2)cc1)C1CC1,Glucose-dependent insulinotropic receptor
COCCN(C)C(=O)C(C)(Cc1ccccc1)c1ccnc2c(-c3ccc(C(F)(F)F)cc3)cnn12,Glucose-dependent insulinotropic receptor
CC(C)(C)OC(=O)N1CCC(O[C@H]2CC[C@H](Oc3cnc(C#N)cn3)CC2)CC1,Glucose-dependent insulinotropic receptor
CCc1cnc(N2CCC(N(C)c3ncnc4c(-c5ccc(C(=O)NOCc6ccccc6)cc5)csc34)CC2)nc1,Glucose-dependent insulinotropic receptor
CC[C@H]1C(c2ccc3nc(-c4ccc(OC(C)C)cc4)oc3c2)=NNC(=O)[C@@H]1C,Glucose-dependent insulinotropic receptor
O=S(=O)(c1ccc(Cl)cc1)N1CCc2ccc(Oc3cc(-c4nc(C5CC5)no4)cc(Cl)n3)cc21,Glucose-dependent insulinotropic receptor
N#Cc1cccc(S(=O)(=O)N2CCCc3ccc(Oc4cc(-c5nc(C6CC6)no5)cc(Cl)n4)cc32)c1,Glucose-dependent insulinotropic receptor
CCCc1cnc(N2CCC(C3Cc4cc(C5=CCN(S(=O)(=O)CCCCO)CC5)cc(F)c4O3)CC2)nc1,Glucose-dependent insulinotropic receptor
CCc1csc(-c2cc(Cl)nc(Oc3cccc(NS(=O)(=O)c4ccc(Cl)cc4)c3)c2)n1,Glucose-dependent insulinotropic receptor
CCc1c(Nc2ccc(S(C)(=O)=O)nc2C)ncnc1OC1CCN(C(=O)OC(C)C)CC1,Glucose-dependent insulinotropic receptor
CC(C)(C)OC(=O)N1CCC(N(C(=O)c2ccc(-c3ccc(S(C)(=O)=O)cc3)cc2)C2CC2)CC1,Glucose-dependent insulinotropic receptor
CC(C)(C)OC(=O)N1CCC(Oc2ccn(-c3ccc(S(C)(=O)=O)cc3)c(=O)c2)CC1,Glucose-dependent insulinotropic receptor
CC[C@@H]1CC(=O)NN=C1c1ccc2nc(-c3ccc(OC(C)C)cc3)oc2c1,Glucose-dependent insulinotropic receptor
CC(CNC(=O)Cc1cc(F)ccc1F)C1CCN(C(=O)OC(C)(C)C)CC1,Glucose-dependent insulinotropic receptor
Cc1nc(S(C)(=O)=O)ccc1Nc1ncnc(OC2CCN(C(=O)OC(C)C)CC2)c1OC(C)C,Glucose-dependent insulinotropic receptor
C[C@@H]1CN(C(=O)O[C@H]2CCOC2)CCN1c1ncc(OCc2ccncc2C#N)cn1,Glucose-dependent insulinotropic receptor
CC[C@H](C)OC(=O)N1C2CC3CC1CC(C2)N3c1ncnc(Oc2cccnc2C)c1C,Glucose-dependent insulinotropic receptor
CC1CC(=O)NN=C1c1ccc2nc(-c3cccc(Cl)c3)oc2c1,Glucose-dependent insulinotropic receptor
CC(C)(C)OC(=O)N1CCC(c2cc3cc(-c4ccc(C#N)c(F)c4)ncc3o2)CC1,Glucose-dependent insulinotropic receptor
Cc1cc(NCCc2cc[nH]c(=O)c2)nc(-c2cc(F)c(Cl)cc2F)n1,Glucose-dependent insulinotropic receptor
CCC1CC(=O)NN=C1c1ccc2nc(-c3ccc(OCCN4CCCC4=O)cc3)oc2c1,Glucose-dependent insulinotropic receptor
O=C1NN=C(c2ccc3nc(-c4ccc(CN5CCCCC5)cc4)oc3c2)C2CC12,Glucose-dependent insulinotropic receptor
CC(C)(C)OC(=O)N1CCC(CCCNc2ccc3c(c2)OCC3=O)CC1,Glucose-dependent insulinotropic receptor
Cc1ccc(C#N)c(Oc2cccc(NS(=O)(=O)c3ccc(Cl)cc3)c2)n1,Glucose-dependent insulinotropic receptor
CCC1CC(=O)NN=C1c1ccc2nc(-c3ccc(OCC(C)(C)N4CCCC4)cc3)oc2c1,Glucose-dependent insulinotropic receptor
COc1cc(C(=O)N(C2CC2)C2CCN(C(=O)OC(C)(C)C)CC2)ccc1-c1cnco1,Glucose-dependent insulinotropic receptor
CC(C)(C)OC(=O)N1CCN(c2ncc(OCc3ccncc3S(C)(=O)=O)cn2)CC1,Glucose-dependent insulinotropic receptor
CC(C)(C)OC(=O)N1[C@@H]2CC[C@@H]1CC(Nc1ncnc(Nc3ccccc3C#N)c1[N+](=O)[O-])C2,Glucose-dependent insulinotropic receptor
CCC1CC(=O)NN=C1c1ccc2nc(-c3ccc(OCC4CCN(S(C)(=O)=O)CC4)cc3)oc2c1,Glucose-dependent insulinotropic receptor
CC1CC(=O)NN=C1c1ccc2nc(-c3ccco3)oc2c1,Glucose-dependent insulinotropic receptor
CN(C)Cc1ccc(-c2ccc(C(=O)N(C3CC3)C3CCN(C(=O)OC(C)(C)C)CC3)cc2)cc1,Glucose-dependent insulinotropic receptor
Cc1c(Oc2ccc(-n3cnnn3)cc2F)ncnc1N1C2CC3CC1CC(C2)N3C(=O)OC1(C)CC1,Glucose-dependent insulinotropic receptor
CS(=O)(=O)c1ccc(N2CCC(C3CCN(c4ncc(Cl)cn4)CC3)CC2)cc1,Glucose-dependent insulinotropic receptor
CCC1CC(=O)NN=C1c1ccc2nc(-c3ccc(OCc4ccsc4)cc3)oc2c1,Glucose-dependent insulinotropic receptor
CON(C)C(=O)c1ccc(-c2ccc(OCC3CCN(C(=O)OC(C)C)CC3)cn2)cc1F,Glucose-dependent insulinotropic receptor
CC(C)(C)OC(=O)N1CCC(c2cc3cc(-c4ccc(S(C)(=O)=O)c(F)c4)ncc3o2)CC1,Glucose-dependent insulinotropic receptor
C[S+]([O-])c1cc(F)c(NC(=O)C2=NOC3(CCN(c4nc(-c5ccccc5)no4)CC3)C2)cc1F,Glucose-dependent insulinotropic receptor
CC(C)OC(=O)N1CCC(Oc2ncnc3c2CCN3c2ccc(S(=O)N(C)C)cc2)CC1,Glucose-dependent insulinotropic receptor
CC(C)OC(=O)N1CCC(Oc2ccn(-c3ccc(S(C)(=O)=O)cc3)c(=O)c2)CC1,Glucose-dependent insulinotropic receptor
O=S(=O)(c1ccc(Cl)cc1)N1CCCc2cc(Cl)c(Oc3cc(-c4nc(C5CC5)no4)cc(Cl)n3)cc21,Glucose-dependent insulinotropic receptor
CC(C)OC(=O)N1CCC(Oc2ncnc3c2CCN3c2ccc([S@+](C)[O-])c(F)c2)CC1,Glucose-dependent insulinotropic receptor
CC(C)COC(=O)N1CCC(n2cc(CNc3ccc(S(C)(=O)=O)cc3F)cn2)CC1,Glucose-dependent insulinotropic receptor
CC(C)(C)OC(=O)N1CCC(c2cc3cc(N4CCN(S(C)(=O)=O)CC4)ncc3o2)CC1,Glucose-dependent insulinotropic receptor
CC[C@@H]1CC(=O)NN=C1c1ccc2nc(-c3ccc(N(C)C)cc3)oc2c1,Glucose-dependent insulinotropic receptor
CC(C)(F)c1noc(N2CCC(COC3CC=C(c4ccc(S(C)(=O)=O)cc4)CC3)CC2)n1,Glucose-dependent insulinotropic receptor
CC(C)OC(=O)N1CCC(Oc2ncnc3c2CCN3c2ccc(F)cn2)CC1,Glucose-dependent insulinotropic receptor
Cc1c(Oc2ccc(S(C)(=O)=O)cc2F)ncnc1N1C2CC3CC1CC(C2)N3C(=O)OC1(C)CC1,Glucose-dependent insulinotropic receptor
Cc1ncccc1Oc1ncnc(N2C3CC4CC2CC(C3)N4C(=O)OC(C)C)c1C,Glucose-dependent insulinotropic receptor
CO[C@@H]1CC(=O)NN=C1c1ccc2nc(-c3ccccc3)oc2c1,Glucose-dependent insulinotropic receptor
CC(C)(C)OC(=O)N1CCC2(CCN(C(=O)Nc3ccc(S(C)(=O)=O)cc3Br)CC2)CC1,Glucose-dependent insulinotropic receptor
CCOC(=O)[C@](C)(Cc1ccccc1)c1ccnc2c(-c3ccc(C(F)(F)F)cc3)c(C)nn12,Glucose-dependent insulinotropic receptor
CCOC(=O)C1CCN(c2ncnc(Oc3ccc(CCOC)cc3)c2[N+](=O)[O-])CC1,Glucose-dependent insulinotropic receptor
CC(C)c1nc(CN2CCC(O[C@H]3CC[C@H](Oc4cnc(S(C)(=O)=O)cn4)CC3)CC2)no1,Glucose-dependent insulinotropic receptor
CCC1CC(=O)NN=C1c1ccc2nc(-c3cccc(OCc4cccnc4)c3)oc2c1,Glucose-dependent insulinotropic receptor
CCCc1cnc(N2CCC(Oc3ccn(-c4ccc(NC(=O)C(C)(C)C)cc4)c(=O)c3)CC2)nc1,Glucose-dependent insulinotropic receptor
CC1(OC(=O)N2CCC(n3ncc(COc4ccc(C#N)cc4F)c3C#N)CC2)CC1,Glucose-dependent insulinotropic receptor
[H][C@]12CC(=O)[C@@]([H])(C[C@@H](Oc3ncnc(Oc4cccnc4C)c3C)C1)N2S(=O)(=O)C1CC1,Glucose-dependent insulinotropic receptor
O=S(=O)(c1cccc(F)c1)N1CCCc2ccc(Oc3cc(-c4nc(C5CC5)no4)cc(Cl)n3)cc21,Glucose-dependent insulinotropic receptor
O=S(=O)(c1ccc(Cl)c(Cl)c1)N1CCCc2ccc(Oc3cc(-c4nc(C5CC5)no4)cc(Cl)n3)cc21,Glucose-dependent insulinotropic receptor
CCOC(=O)c1cc(C)nc(Oc2cccc(NS(=O)(=O)c3ccc(Cl)cc3)c2)c1C#N,Glucose-dependent insulinotropic receptor
COc1c(Oc2cccnc2C)ncnc1N1C2CC3CC1CC(C2)N3C(=O)OC1(C)CC1,Glucose-dependent insulinotropic receptor
CS(=O)(=O)c1ccc(N2CCC(C3CCN(c4ccc(C(F)(F)F)cn4)CC3)CC2)cc1,Glucose-dependent insulinotropic receptor
CC(C)(C)OC(=O)N1CCC(Oc2ncnc3c(-c4ccc(S(C)(=O)=O)cc4)csc23)CC1,Glucose-dependent insulinotropic receptor
COCc1cnc(N2CCC([C@H]3C[C@H]3COCc3cc(F)c(S(C)(=O)=O)c(F)c3)CC2)nc1,Glucose-dependent insulinotropic receptor
Cc1c(Nc2ccc(C#N)cc2Cl)ncnc1OC1CC2COCC(C1)N2S(=O)(=O)C1CC1,Glucose-dependent insulinotropic receptor
CCC1CC(=O)NN=C1c1ccc2nc(-c3ccc(OC4CCOCC4)cc3)oc2c1,Glucose-dependent insulinotropic receptor
CC(C)(C)OC(=O)N1CCC(CO[C@H]2CC[C@H](c3ccc(S(C)(=O)=O)cc3F)CC2)CC1,Glucose-dependent insulinotropic receptor
CC[C@@H]1CC(=O)NN=C1c1ccc2nc(-c3ccc(OC4CCOCC4)cc3)oc2c1,Glucose-dependent insulinotropic receptor
CCC[C@H]1C(=O)NN=C(c2ccc3nc(-c4ccc(OCCN(C(C)C)C(C)C)cc4)oc3c2)[C@H]1C,Glucose-dependent insulinotropic receptor
Cc1cnccc1COc1cnc(N2CCN(C(=O)OC(C)(C)C)CC2)nc1,Glucose-dependent insulinotropic receptor
CS(=O)(=O)c1cnc(O[C@H]2CC[C@H](OC3CCN(C(=O)OC(C(F)(F)F)C(F)(F)F)CC3)CC2)cn1,Glucose-dependent insulinotropic receptor
CCC1CC(=O)NN=C1c1ccc2nc(-c3ccc(OC4CCCC4)cc3)oc2c1,Glucose-dependent insulinotropic receptor
O=S(=O)(c1ccc(F)cc1F)N1CCCc2ccc(Oc3cc(-c4nc(C5CC5)no4)cc(Cl)n3)cc21,Glucose-dependent insulinotropic receptor
O=C1CCC(c2ccc3nc(-c4cccs4)oc3c2)=NN1,Glucose-dependent insulinotropic receptor
CC1CC(c2ccc3nc(-c4cccs4)oc3c2)=NNC1=O,Glucose-dependent insulinotropic receptor
Cc1ccc(-c2nc3ccc(C4=NNC(=O)CC4C)cc3o2)s1,Glucose-dependent insulinotropic receptor
C[C@H]1CN(C(=O)OC(C)(C)C)C[C@@H](C)N1c1ncc(OCc2ccc(S(C)(=O)=O)cc2)cn1,Glucose-dependent insulinotropic receptor
CS(=O)(=O)N1CC=C(c2cc3c(cn2)O[C@@H](C2CCN(c4ncc(C5CC5)cn4)CC2)C3)CC1,Glucose-dependent insulinotropic receptor
Cc1c(Oc2ccc(S(C)(=O)=O)cc2F)ncnc1N1C2CC3CC1CC(C2)N3C(=O)OC(C)(C)C,Glucose-dependent insulinotropic receptor
CC(C)c1noc(-c2cc(Cl)nc(Oc3cccc(NS(=O)(=O)c4ccc(Cl)cc4)c3)c2)n1,Glucose-dependent insulinotropic receptor
OCCNc1cc(C(F)(F)F)nc(-c2ccc(Br)cc2)n1,Glucose-dependent insulinotropic receptor
CS(=O)(=O)N1CC=C(c2cc3c(cn2)O[C@@H](C2CCN(c4ncc(C(F)(F)F)cc4F)CC2)C3)CC1,Glucose-dependent insulinotropic receptor
Cc1nnc(-c2ccc(C(=O)N(C3CC3)C3CCN(C(=O)OC(C)(C)C)CC3)cc2)o1,Glucose-dependent insulinotropic receptor
C[C@H](CNC(=O)Cc1c(F)ccc(F)c1F)C1CCN(C(=O)OC2(C)CC2)CC1,Glucose-dependent insulinotropic receptor
CC(C)(C)OC(=O)N1CCC(CCOC(=O)N2CCc3c2ccc(S(C)(=O)=O)c3F)CC1,Glucose-dependent insulinotropic receptor
Cc1cc2c(c(Nc3ccc(C)c(NS(=O)(=O)c4ccc(Cl)cc4)c3)n1)C(=O)N(C(C)C)C2=O,Glucose-dependent insulinotropic receptor
CCC1CC(=O)NN=C1c1ccc2nc(-c3ccc(OCCN4[C@@H](C)CC[C@@H]4C)cc3)oc2c1,Glucose-dependent insulinotropic receptor
CCC1CC(=O)NN=C1c1ccc2nc(-c3ccc(OC(C)CN4CCOCC4)cc3)oc2c1,Glucose-dependent insulinotropic receptor
CCCS(=O)(=O)N1CC=C(c2ccc3c(c2)CC(C2CCN(S(=O)(=O)CCC)CC2)O3)CC1,Glucose-dependent insulinotropic receptor
CCc1cnc(N2CCC([C@H]3C[C@H]3COCc3ccc(S(C)(=O)=O)c(F)c3)CC2)nc1,Glucose-dependent insulinotropic receptor
CCC1CC(=O)NN=C1c1ccc2nc(-c3ccc(OCC4CCCCN4C)cc3)oc2c1,Glucose-dependent insulinotropic receptor
CCC[C@H]1C(=O)NN=C(c2ccc3nc(-c4ccc(F)cc4)oc3c2)[C@@H]1C,Glucose-dependent insulinotropic receptor
CCc1cnc(N2CCC(Oc3ncnc4c(-c5ccc(S(C)(=O)=O)cc5)csc34)CC2)nc1,Glucose-dependent insulinotropic receptor
CC(C)OC(=O)N1CCC(Oc2ncnc3c2CCN3c2ccc(-c3cccn3C)cc2F)CC1,Glucose-dependent insulinotropic receptor
CC1(OC(=O)N2CCC(c3cc4cc(-c5ccc(S(C)(=O)=O)cc5F)ncc4o3)CC2)CC1,Glucose-dependent insulinotropic receptor
CC(C)OC(=O)N1CCC(Oc2ncnc3c2CCN3c2ccc(C#N)c(F)c2)CC1,Glucose-dependent insulinotropic receptor
CC(C)(C)OC(=O)N1CCC(CNc2ncnc3c2cnn3-c2ccc(S(C)(=O)=O)cc2)CC1,Glucose-dependent insulinotropic receptor
CCC1CC(=O)NN=C1c1ccc2nc(-c3ccc(OCC4CCCCC4)cc3)oc2c1,Glucose-dependent insulinotropic receptor
N#Cc1c(C(=O)NC2CC2)cc(C2CC2)nc1Oc1cccc(NS(=O)(=O)c2ccc(Cl)cc2)c1,Glucose-dependent insulinotropic receptor
CCOC(=O)N1CCC(N(C(=O)c2ccc(-c3cnco3)cc2)C2CC2)CC1,Glucose-dependent insulinotropic receptor
Cc1nc(S(C)(=O)=O)ccc1Nc1ncnc(OC2CCN(C(=O)OC(C)C)CC2)c1OC(F)F,Glucose-dependent insulinotropic receptor
CC(C)c1noc(N2CCC(Oc3ncnc4c3CCN4c3ccc(S(C)(=O)=O)cc3F)CC2)n1,Glucose-dependent insulinotropic receptor
Cc1nc(S(C)(=O)=O)ccc1Oc1ncnc(OC2CCN(C(=O)C3(F)CCC3)CC2)c1F,Glucose-dependent insulinotropic receptor
CC(C)(C)OC(=O)N1CCC(c2cc3cc(-c4ccc(S(C)(=O)=O)cc4F)ncc3o2)CC1,Glucose-dependent insulinotropic receptor
CC(C)(C)OC(=O)N1CCC(c2coc3c(N4c5ccc(S(C)(=O)=O)cc5CC4(C)C)ncnc23)CC1,Glucose-dependent insulinotropic receptor
Cc1nc(Nc2ncnc(OC3CCN(C(=O)OC(C)C)CC3)c2C)ccc1S(C)(=O)=O,Glucose-dependent insulinotropic receptor
CCOC(=O)C1CCN(c2ncnc(Nc3ccc(S(C)(=O)=O)cc3)c2[N+](=O)[O-])CC1,Glucose-dependent insulinotropic receptor
Cc1nc(S(C)(=O)=O)ccc1Oc1ncnc(OC2CCN(C(=O)OC3(C(F)(F)F)COC3)CC2)c1F,Glucose-dependent insulinotropic receptor
Cc1nc(S(C)(=O)=O)ccc1Oc1ncnc(OC2CCN(C(=O)OC3CCC3)CC2)c1F,Glucose-dependent insulinotropic receptor
CCC[C@H]1C(=O)NN=C(c2ccc3nc(-c4ccc(OC(C)C)cc4)oc3c2)[C@@H]1C,Glucose-dependent insulinotropic receptor
CC1(OC(=O)N2CCC(n3ncc(COc4ccc(-n5cnnn5)cc4)c3C#N)CC2)CC1,Glucose-dependent insulinotropic receptor
CCC1CC(=O)NN=C1c1ccc2nc(-c3ccc(OC)cc3F)oc2c1,Glucose-dependent insulinotropic receptor
CC(C)(OC(=O)N1CCC(N(C(=O)c2ccc(-c3cnco3)cc2)C2CC2)CC1)C(F)(F)F,Glucose-dependent insulinotropic receptor
CC(C)(C)OC(=O)N1CCC(N(C(=O)c2ccc(-c3cnco3)c(F)c2)C2CC2)CC1,Glucose-dependent insulinotropic receptor
CC(C)(C)OC(=O)N1CCC(c2coc3c(N4CC(C)(C)c5cc(S(C)(=O)=O)ccc54)ncnc23)CC1,Glucose-dependent insulinotropic receptor
COC(C)c1cnc(N2CCC([C@H]3C[C@H]3COCc3ccc(S(C)(=O)=O)cc3F)CC2)nc1,Glucose-dependent insulinotropic receptor
CC(C)OC(=O)N1CCC(n2nnc3cc(-c4cc(F)c(C(=O)N5CCCC5)cc4F)ncc32)CC1,Glucose-dependent insulinotropic receptor
CNC(=O)c1ccc(-c2ccc(C(=O)N(C3CC3)C3CCN(C(=O)OC(C)(C)C)CC3)cc2)nc1,Glucose-dependent insulinotropic receptor
CC(C)(C)OC(=O)N1CCC(N(C(=O)c2ccc(-c3cocn3)cc2)C2CC2)CC1,Glucose-dependent insulinotropic receptor
CC1(OC(=O)N2CCC([C@H](F)CNC(=O)Cc3c(F)ccc(F)c3F)CC2)CC1,Glucose-dependent insulinotropic receptor
CS(=O)(=O)c1cnc(O[C@H]2CC[C@H](OC3CCN(CC4(F)CCCC4)CC3)CC2)cn1,Glucose-dependent insulinotropic receptor
COc1cc2nc(N3CCC4CCC(C3)N4C(=O)OC(C)(C)C)nc(Nc3ccc(S(C)(=O)=O)cc3F)c2cc1OC,Glucose-dependent insulinotropic receptor
CCC1CC(=O)NN=C1c1ccc2nc(-c3ccc(OCCN(CC(C)C)CC(C)C)cc3)oc2c1,Glucose-dependent insulinotropic receptor
CCOC(=O)C(C)(Cc1ccccc1)c1ccnc2c(Cc3ccc(Cl)cc3)cnn12,Glucose-dependent insulinotropic receptor
CCCc1cnc(N2CCC(Oc3ccn(-c4ccc(-n5cncn5)cc4)c(=O)c3)CC2)nc1,Glucose-dependent insulinotropic receptor
CC(C)OC(=O)N1CCC(Oc2ncnc3c2CCN3c2ccc(S(C)(=O)=O)c(F)c2)CC1,Glucose-dependent insulinotropic receptor
CC(C)(C)OC(=O)N1CCC(Sc2ncnc3c2cnn3-c2ccc(S(C)(=O)=O)cc2F)CC1,Glucose-dependent insulinotropic receptor
Cc1cc(S(C)(=O)=O)ccc1N1CCc2c(OC3CCN(C(=O)OC(C)C)CC3)ncnc21,Glucose-dependent insulinotropic receptor
CCC1CC(=O)NN=C1c1ccc2nc(-c3cccc(OCCN4CCCCCC4)c3)oc2c1,Glucose-dependent insulinotropic receptor
CCC1CC(=O)NN=C1c1ccc2nc(-c3ccc(CCc4ccccc4)cc3)oc2c1,Glucose-dependent insulinotropic receptor
CCC1CC(=O)NN=C1c1ccc2nc(-c3cccc(OCCN(C(C)C)C(C)C)c3)oc2c1,Glucose-dependent insulinotropic receptor
CC(C)(C)OC(=O)N1CCC(C)(c2cc3cc(C4=CCN(S(C)(=O)=O)CC4)ncc3o2)CC1,Glucose-dependent insulinotropic receptor
OCc1nn2c3c(cnc2c1-c1ccc(C(F)(F)F)cc1)CN[C@]3(Cc1cccc(F)c1)C1CC1,Glucose-dependent insulinotropic receptor
CC(C)(C)OC(=O)N1CCC(N(C(=O)c2ccc(-c3ccccc3C#N)cc2)C2CC2)CC1,Glucose-dependent insulinotropic receptor
CC(C)(C)OC(=O)N1CCC(n2nnc3cc(-c4ccc(S(C)(=O)=O)cc4)ccc32)CC1,Glucose-dependent insulinotropic receptor
Cc1cncnc1-c1ccc(C(=O)N(C2CC2)C2CCN(C(=O)OC(C)(C)C)CC2)cc1,Glucose-dependent insulinotropic receptor
Cc1c(Oc2ccc(-n3cnnn3)cc2F)ncnc1N1C2CC3CC1CC(C2)N3C(=O)OC(C)(C)C,Glucose-dependent insulinotropic receptor
CCOC(=O)N1C2CC3CC1CC(C2)N3c1ncnc(Oc2cccnc2C)c1C,Glucose-dependent insulinotropic receptor
CCCOC(=O)N1CCC(N(C(=O)c2ccc(-c3cnco3)cc2)C2CC2)CC1,Glucose-dependent insulinotropic receptor
CC(C)OC(=O)N1CCC(N(C(=O)c2ccc(-c3ccc(C(N)=O)cc3)cc2)C2CC2)CC1,Glucose-dependent insulinotropic receptor
Cc1nc(S(C)(=O)=O)ccc1Oc1ncnc(OC2CCN(C(=O)SC3(C)CC3)CC2)c1F,Glucose-dependent insulinotropic receptor
O=S(=O)(Nc1cccc(Oc2cc(-c3nccs3)cc(Cl)n2)c1)c1ccc(Cl)cc1,Glucose-dependent insulinotropic receptor
Cc1ncccc1N1CCc2c(OC3CCN(C(=O)OC(C)C)CC3)ncnc21,Glucose-dependent insulinotropic receptor
Cc1nc(S(C)(=O)=O)ccc1Oc1ncnc(OC2CCN(C(=O)OC(C)(C)CF)CC2)c1F,Glucose-dependent insulinotropic receptor
CC(C)c1noc(N2CCC(CCCNc3ccc4c(c3)OCC4=O)CC2)n1,Glucose-dependent insulinotropic receptor
CNC(=O)C1CCN(c2nc(-c3cc(F)c(Cl)cc3F)nc3c2CS(=O)(=O)C3)CC1,Glucose-dependent insulinotropic receptor
CC(C)(C)OC(=O)N1CCC(N(C(=O)c2ccc(-n3cnc(-c4ccccc4)c3)cc2)C2CC2)CC1,Glucose-dependent insulinotropic receptor
CC1(OC(=O)N2CCC([C@H]3C[C@H]3COCc3ccc(-n4cnnn4)cc3F)CC2)CC1,Glucose-dependent insulinotropic receptor
CC(C)(C)OC(=O)N1CCC(N(C(=O)c2ccc(-c3ccncc3)cc2)C2CC2)CC1,Glucose-dependent insulinotropic receptor
CCC1CC(=O)NN=C1c1ccc2nc(-c3ccc(C(C)C)cc3)oc2c1,Glucose-dependent insulinotropic receptor
CC(C)c1noc(C2CCN(c3ncnc(Nc4ccc(S(=O)(=O)C(C)C)cc4)c3[N+](=O)[O-])CC2)n1,Glucose-dependent insulinotropic receptor
CCS(=O)(=O)c1ccc(OCC[C@@H]2C[C@@H]2C2CCN(c3nc(C(C)C)no3)CC2)c(F)c1,Glucose-dependent insulinotropic receptor
CC1CC(=O)NN=C1c1ccc2nc(-c3cccc(OCc4ccccc4)c3)oc2c1,Glucose-dependent insulinotropic receptor
CCC1CC(=O)NN=C1c1ccc2nc(-c3ccc(OCCN4CCN(C(C)C)CC4)cc3)oc2c1,Glucose-dependent insulinotropic receptor
CCC1CC(=O)NN=C1c1ccc2nc(-c3cccc(OC)c3)oc2c1,Glucose-dependent insulinotropic receptor
CC(C)(C)OC(=O)N1CCN(Cc2ccc(-c3nc4ccc(C5=NNC(=O)C6CC56)cc4o3)cc2)CC1,Glucose-dependent insulinotropic receptor
COc1cc2nc(NC3CC4CCC(C3)N4C(=O)OC(C)(C)C)nc(Nc3ccc(S(C)(=O)=O)cc3F)c2cc1OC,Glucose-dependent insulinotropic receptor
C[C@@H]1CN(c2noc(C3COCCO3)n2)CCN1c1ncc(OCc2ccncc2C#N)cn1,Glucose-dependent insulinotropic receptor
CC(C)(C)OC(=O)N1CC[C@H](N(C(=O)c2ccc(-c3cnco3)cc2)C2CC2)[C@@H](F)C1,Glucose-dependent insulinotropic receptor
CC(C)(C)OC(=O)N1CC2CC1CC2Nc1ncnc(Nc2ccc(S(C)(=O)=O)cc2F)c1[N+](=O)[O-],Glucose-dependent insulinotropic receptor
CC(C)c1noc(N2CCC(Oc3cc(N4CCc5cc(S(C)(=O)=O)ccc54)ncn3)CC2)n1,Glucose-dependent insulinotropic receptor
NC(=O)CC1CCN(c2nc(-c3cc(F)c(Cl)cc3F)nc3c2CS(=O)(=O)C3)CC1,Glucose-dependent insulinotropic receptor
CCOC(=O)c1cnn(-c2ccc(C(=O)N(C3CC3)C3CCN(C(=O)OC(C)(C)C)CC3)cc2)c1C,Glucose-dependent insulinotropic receptor
CC(CNC(=O)Cc1cccc(F)c1F)C1CCN(C(=O)OC(C)(C)C)CC1,Glucose-dependent insulinotropic receptor
CO[C@H](C)c1nc(N2CCN(c3ncc(OCc4ccncc4C#N)cn3)[C@H](C)C2)no1,Glucose-dependent insulinotropic receptor
[H][C@]12CC[C@]([H])(C[C@H](Oc3ncnc(Oc4cccnc4C)c3C)C1)N2S(=O)(=O)CCCC,Glucose-dependent insulinotropic receptor
Cc1ncccc1Oc1ncnc(O[C@H]2CC3CC2CN3C(=O)OC(C)(C)C)c1C,Glucose-dependent insulinotropic receptor
CC(C)(C)OC(=O)N1CCC(N(C(=O)c2ccc(-c3ccc(C#N)cc3)cc2)C2CC2)CC1,Glucose-dependent insulinotropic receptor
Cc1ncccc1Oc1ncnc(N2C3CC4CC2CC(C3)N4C(=O)OC2(C)CC2)c1F,Glucose-dependent insulinotropic receptor
Cc1ccc(N2CCC(C3CCN(c4ccc(S(C)(=O)=O)cc4)CC3)CC2)nc1,Glucose-dependent insulinotropic receptor
CCC1CC(=O)NN=C1c1ccc2nc(-c3ccc(OCC(=O)N(C)C)cc3)oc2c1,Glucose-dependent insulinotropic receptor
CCc1cnc(N2CCC(n3ncc4cc(-c5ccc(S(C)(=O)=O)cc5F)ncc43)CC2)nc1,Glucose-dependent insulinotropic receptor
CCC1CC(=O)NN=C1c1ccc2nc(-c3ccc(OCCN4CCCC4)cc3)oc2c1,Glucose-dependent insulinotropic receptor
CC1=NNNN1c1ccc(C(=O)N(C2CC2)C2CCN(C(=O)OC(C)(C)C)CC2)cc1,Glucose-dependent insulinotropic receptor
CCN(CC)C(=O)c1cc(C)nc(Oc2cccc(NS(=O)(=O)c3ccc(Cl)cc3)c2)c1C#N,Glucose-dependent insulinotropic receptor
Cc1nc(S(C)(=O)=O)ccc1Oc1ncnc(OC2CCN(C(=S)OC3(C)CC3)CC2)c1F,Glucose-dependent insulinotropic receptor
CC(C)c1noc(N2CCC([C@H]3C[C@H]3COCc3ccc(-n4cnnn4)cc3F)CC2)n1,Glucose-dependent insulinotropic receptor
O=S(=O)(c1ccc(Cl)cc1)N1CCCc2ccc(Oc3cc(-c4nc(C5CC5)no4)cc(F)n3)cc21,Glucose-dependent insulinotropic receptor
Cc1c(Oc2ccc(-n3cnnn3)cc2)ncnc1N1C2CC3CC1CC(C2)N3C(=O)OC(C)(C)C,Glucose-dependent insulinotropic receptor
CC(C)(C)COC(=O)N1CCC(N(C(=O)c2ccc(-c3cnco3)cc2)C2CC2)CC1,Glucose-dependent insulinotropic receptor
CC(C)OC(=O)N1CCC(Oc2cc(Nc3ccc(S(C)(=O)=O)cc3F)ncn2)CC1,Glucose-dependent insulinotropic receptor
Cc1cc2c(c(Oc3cc(NS(=O)(=O)c4ccc(Cl)cc4)ccc3Cl)n1)C(=O)N(C(C)C)C2=O,Glucose-dependent insulinotropic receptor
CC(C)(C)OC(=O)N1CCC(C2CCN(c3cc(C#N)ncn3)CC2)CC1,Glucose-dependent insulinotropic receptor
CC(=O)N1CCN(c2ccc(OCC3CCN(C(=O)OC(C)C)CC3)cn2)CC1,Glucose-dependent insulinotropic receptor
CC(C)(C)OC(=O)N1CCC(Nc2ncnc3c2cnn3-c2ccc(S(C)(=O)=O)cc2)CC1,Glucose-dependent insulinotropic receptor
COc1ccc(-c2nc3ccc(C4=NNC(=O)CC4C)cc3o2)cc1,Glucose-dependent insulinotropic receptor
Cc1cccc(-c2nc3ccc(C4=NNC(=O)C5CC45)cc3o2)c1,Glucose-dependent insulinotropic receptor
CCCc1cnc(N2CCC(Oc3cc(=O)n(-c4ccc(S(C)(=O)=O)cc4)cc3-c3ccccc3)CC2)nc1,Glucose-dependent insulinotropic receptor
Fc1cc(-c2nc3c(c(N4CCOCC4)n2)SCC3)c(F)cc1Cl,Glucose-dependent insulinotropic receptor
CC(C)OC(=O)N1CCC(n2ncc3cc(-c4ccc(C(N)=O)cc4F)ncc32)CC1,Glucose-dependent insulinotropic receptor
CCC1CC(=O)NN=C1c1ccc2nc(-c3cccc(OCCN4CCN(C(C)CC)CC4)c3)oc2c1,Glucose-dependent insulinotropic receptor
CCOC(=O)c1cc(Cl)nc(Oc2ccc3c(c2)N(S(=O)(=O)c2ccc(Cl)cc2)CCC3)c1,Glucose-dependent insulinotropic receptor
CC(C)(C)OC(=O)N1[C@@H]2CC[C@@H]1CC(Nc1ncnc(Nc3ccc(S(C)(=O)=O)cc3F)c1[N+](=O)[O-])C2,Glucose-dependent insulinotropic receptor
CC(C)(C)OC(=O)N1CCN(c2ncc(OCc3c(F)cncc3F)cn2)CC1,Glucose-dependent insulinotropic receptor
COCc1cnc(N2CCC([C@H]3C[C@H]3COCc3ccc(CC(=O)N4CCOCC4)cc3F)CC2)nc1,Glucose-dependent insulinotropic receptor
Cc1c(Oc2cncc(F)c2)ncnc1OC1CCN(C(=O)OC(C)C)CC1,Glucose-dependent insulinotropic receptor
O=S(=O)(c1ccc(Cl)cc1)N1CCOc2cc(Cl)c(Oc3cc(-c4nc(C5CC5)no4)cc(Cl)n3)cc21,Glucose-dependent insulinotropic receptor
CCOC(=O)C(C)c1ccnc2c(-c3ccc(Cl)cc3)cnn12,Glucose-dependent insulinotropic receptor
CCC1CC(=O)NN=C1c1ccc2nc(-c3ccc(OC4CCCCC4O)cc3)oc2c1,Glucose-dependent insulinotropic receptor
CC(C)(C)OC(=O)N1CCC(CO[C@H]2CC[C@H](c3ccncc3F)CC2)CC1,Glucose-dependent insulinotropic receptor
COC(=O)C1(Cc2ccccc2)OCc2cnc3c(-c4ccc(C(F)(F)F)cc4)cnn3c21,Glucose-dependent insulinotropic receptor
O=S(=O)(c1cccc(Cl)c1)N1CCCc2ccc(Oc3cc(-c4nc(C5CC5)no4)cc(Cl)n3)cc21,Glucose-dependent insulinotropic receptor
CC(C)(C)OC(=O)N1CCC(c2c[nH]c3c(Nc4ccc(S(C)(=O)=O)cc4F)ncnc23)CC1,Glucose-dependent insulinotropic receptor
Cc1ccnc(N2CCC(Oc3ccn(-c4ccc(S(C)(=O)=O)cc4)c(=O)c3)CC2)n1,Glucose-dependent insulinotropic receptor
CCC1CC(=O)NN=C1c1ccc2nc(-c3ccc(OC[C@@H]4CCCN4C(C)C)cc3)oc2c1,Glucose-dependent insulinotropic receptor
[H][C@@]12CC[C@]([H])(CC(Oc3ccn(-c4ccc(S(C)(=O)=O)cc4)c(=O)c3)C1)N2C(=O)OC(C)C,Glucose-dependent insulinotropic receptor
CCC[C@H]1C(=O)NN=C(c2ccc3nc(-c4cccs4)oc3c2)[C@@H]1C,Glucose-dependent insulinotropic receptor
CCOC(=O)[C@](C)(Cc1ccccc1)c1ccnc2c(-c3ccc(Cl)cc3)cnn12,Glucose-dependent insulinotropic receptor
[H][C@@]12CO[C@@]([H])(CN(C(=O)OC(C)C)C1)[C@H]2Oc1ncnc(Oc2cccnc2C)c1C,Glucose-dependent insulinotropic receptor
CCC1CC(=O)NN=C1c1ccc2nc(-c3ccc(OCc4ncccn4)cc3)oc2c1,Glucose-dependent insulinotropic receptor
CCOC(=O)C(Cc1ccccc1)c1ccnc2c(-c3ccccc3)cnn12,Glucose-dependent insulinotropic receptor
CCCS(=O)(=O)c1ccc(Nc2ncnc(N3CCC(c4nc(C(C)C)no4)CC3)c2[N+](=O)[O-])cc1,Glucose-dependent insulinotropic receptor
CCOC(=O)[C@](C)(Cc1ccccc1)c1c(C)cnc2c(-c3ccc(C(F)(F)F)cc3)cnn12,Glucose-dependent insulinotropic receptor
N#Cc1ccc(S(=O)(=O)N2CCCc3ccc(Oc4cc(-c5nc(C6CC6)no5)cc(Cl)n4)cc32)cc1,Glucose-dependent insulinotropic receptor
CCC[C@@H]1C(=O)NN=C(c2ccc3nc(-c4ccc(OCc5ccccc5)cc4)oc3c2)[C@H]1C,Glucose-dependent insulinotropic receptor
COc1cc2nc(OC3CCN(C(=O)OC(C)(C)C)CC3)nc(Nc3ccc(S(C)(=O)=O)cc3)c2cc1OC,Glucose-dependent insulinotropic receptor
C[C@@H]1CN(C(=O)OC2COC2)CCN1c1ncc(OCc2ccncc2C#N)cn1,Glucose-dependent insulinotropic receptor
O=C1NN=C(N2CCc3nc(-c4ccccc4)oc3C2)C2CC12,Glucose-dependent insulinotropic receptor
CCC1CC(=O)NN=C1c1ccc2nc(-c3ccc(OCc4cccnc4)cc3)oc2c1,Glucose-dependent insulinotropic receptor
[H][C@]12CC[C@]([H])(C[C@H](Oc3ncnc(Oc4ccccc4Cl)c3C)C1)N2S(=O)(=O)C1CC1,Glucose-dependent insulinotropic receptor
Cc1c(Oc2ccc(C#N)cc2F)ncnc1N1C2CC3CC1CC(C2)N3C(=O)OC(C)(C)C,Glucose-dependent insulinotropic receptor
CCC[C@H]1C(=O)NN=C(c2ccc3nc(-c4ccco4)oc3c2)[C@@H]1C,Glucose-dependent insulinotropic receptor
O=S(=O)(c1ccc(Cl)cc1)N1CCCc2ccc(Oc3cc(-c4noc(C5CC5)n4)cc(Cl)n3)cc21,Glucose-dependent insulinotropic receptor
CCc1cnc(N2CCC(c3coc4c(N5CCc6cc(S(C)(=O)=O)ccc65)ncnc34)CC2)nc1,Glucose-dependent insulinotropic receptor
Cc1ccc(S(=O)(=O)Nc2cccc(Oc3nc(C)cc(C)c3C#N)c2)cc1,Glucose-dependent insulinotropic receptor
CC1CC(=O)NN=C1c1ccc2nc(-c3cccc(CN)c3)oc2c1,Glucose-dependent insulinotropic receptor
CCC(F)(F)C(=O)N1CCC(Oc2ncnc(Oc3ccc(S(C)(=O)=O)nc3C)c2F)CC1,Glucose-dependent insulinotropic receptor
CS(=O)(=O)N1CC=C(c2cc3cc(C4CCN(c5ccc(C(F)(F)F)cn5)CC4)oc3cn2)CC1,Glucose-dependent insulinotropic receptor
CC(C)OC(=O)N1CCC(N(C)c2ncnc3c2CCN3c2ccc(S(C)(=O)=O)cc2F)CC1,Glucose-dependent insulinotropic receptor
CC(C)(C)OC(=O)N1CCC(C2CCN(c3ccnc(C#N)n3)CC2)CC1,Glucose-dependent insulinotropic receptor
CCNC(=O)c1ccc(-c2cc3nnn(C4CCN(c5ncc(CC)cn5)CC4)c3cn2)c(F)c1,Glucose-dependent insulinotropic receptor
Cc1ncccc1Oc1ncnc(O[C@@H]2CC3CC2N(C(=O)OC(C)(C)C)C3)c1C,Glucose-dependent insulinotropic receptor
CCC1CC(=O)NN=C1c1ccc2nc(-c3ccc(OCCOC)cc3)oc2c1,Glucose-dependent insulinotropic receptor
Cc1cc(C(=O)NC(C)(C)C)c(C#N)c(Oc2cccc(NS(=O)(=O)c3ccc(Cl)cc3)c2)n1,Glucose-dependent insulinotropic receptor
Cc1ncccc1Oc1ncnc(OC2CCN(C(=O)OC(C)C)CC2)c1C,Glucose-dependent insulinotropic receptor
Cc1ccc(Oc2ncnc(OC3CCN(C(=O)OC(C)C)CC3)c2C)c(C)n1,Glucose-dependent insulinotropic receptor
CCOC(=O)C(Cc1c(F)cccc1Cl)c1ccnc2c(-c3ccc(Cl)cc3)cnn12,Glucose-dependent insulinotropic receptor
Cc1cc(NCCc2ccc[n+]([O-])c2)nc(-c2ccc(Br)cc2F)n1,Glucose-dependent insulinotropic receptor
CCCCOC(=O)N1CCC(Oc2ncnc3c2cnn3-c2ccc(S(C)(=O)=O)cc2)CC1,Glucose-dependent insulinotropic receptor
CCOC(=O)C(C)(Cc1cscn1)c1ccnc2c(-c3ccc(Cl)cc3)cnn12,Glucose-dependent insulinotropic receptor
Cc1cc(N2CCC(C3CCN(C(=O)OC(C)(C)C)CC3)CC2)nc(C#N)n1,Glucose-dependent insulinotropic receptor
Cc1nc(O[C@H]2CC[C@H](OC3CCN(C(=O)OC(C)(C)C)CC3)CC2)ccc1C(=O)N(C)C,Glucose-dependent insulinotropic receptor
CC(C)(C)OC(=O)N1CCC(N(C(=O)c2ccc(-c3cncc(C#N)c3)cc2)C2CC2)CC1,Glucose-dependent insulinotropic receptor
Cc1ncccc1Nc1ncnc(OC2C3COCC2CN(C(=O)OC(C)C)C3)c1C,Glucose-dependent insulinotropic receptor
CCOC(=O)c1cc(C)nc(Oc2cccc(NS(=O)(=O)c3ccc(Cl)cc3)c2)c1,Glucose-dependent insulinotropic receptor
CCC1CC(=O)NN=C1c1ccc2nc(-c3ccc(OCCN(CC)C(C)C)cc3)oc2c1,Glucose-dependent insulinotropic receptor
CN(c1ncnc2c(-c3ccc(S(C)(=O)=O)cc3)csc12)C1CCN(C(=O)C2CC2)CC1,Glucose-dependent insulinotropic receptor
Cc1nc(S(C)(=O)=O)ccc1Nc1ncnc(OC2CCN(C(=O)OC(C)C)CC2)c1C#N,Glucose-dependent insulinotropic receptor
CCOC(=O)[C@@]1(Cc2ccccc2)CCc2cnc3c(-c4ccc(C(F)(F)F)cc4)cnn3c21,Glucose-dependent insulinotropic receptor
C[C@@H]1CN(c2nc(C3CC3)no2)CCN1c1ncc(OCc2ccncc2C#N)cn1,Glucose-dependent insulinotropic receptor
Cc1nc(S(C)(=O)=O)ccc1Oc1ncnc(OC2CCN(C(=O)C3(C)CC3)CC2)c1F,Glucose-dependent insulinotropic receptor
C[C@@H]1C(=O)NN=C(c2ccc3nc(-c4ccccc4)oc3c2)[C@H]1C,Glucose-dependent insulinotropic receptor
C[C@@]1(C2CCN(c3ncc(C(F)(F)F)cn3)CC2)Cc2cc(C3=CCN(S(C)(=O)=O)CC3)ncc2O1,Glucose-dependent insulinotropic receptor
CCC1(OC(=O)N2CCN(c3ncc(OCc4ccncc4C#N)cn3)[C@H](C)C2)COC1,Glucose-dependent insulinotropic receptor
CCc1cnc(N2CCC(n3ncc(COc4ccc(C#N)cc4F)c3C#N)CC2)nc1,Glucose-dependent insulinotropic receptor
CC(CNC(=O)Cc1cccc(F)c1)C1CCN(C(=O)OC(C)(C)C)CC1,Glucose-dependent insulinotropic receptor
CC(C)(C)OC(=O)N1CCC(Nc2ncnc3c(-c4ccc(S(C)(=O)=O)cc4)csc23)CC1,Glucose-dependent insulinotropic receptor
CC(=O)NCc1ccc(-c2ccc(C(=O)N(C3CC3)C3CCN(C(=O)OC(C)(C)C)CC3)cc2)cc1,Glucose-dependent insulinotropic receptor
CCCS(=O)(=O)N1CC=C(c2ccc3c(c2)CC(C2CCN(c4ccc(C(F)(F)F)cn4)CC2)O3)CC1,Glucose-dependent insulinotropic receptor
CCCS(=O)(=O)N1CCN(c2ccc(OCCC3CCN(C(=O)OC(C)C)CC3)cn2)CC1,Glucose-dependent insulinotropic receptor
CC(C)(C)OC(=O)N1CCC(N(C(=O)c2ccc(-c3ccc(S(N)(=O)=O)cc3)cc2)C2CC2)CC1,Glucose-dependent insulinotropic receptor
CC(C)(C)OC(=O)N1CCC(c2cc3cc(-c4ccc(CS(C)(=O)=O)cc4)ncc3o2)CC1,Glucose-dependent insulinotropic receptor
COc1c(Oc2cccnc2C)ncnc1N1C2CC3CC1CC(C2)N3C(=O)OC(C)(C)C,Glucose-dependent insulinotropic receptor
CC(C)(C)OC(=O)N1CCC(N(C(=O)c2ccc(-c3ccc(CO)cc3)cc2)C2CC2)CC1,Glucose-dependent insulinotropic receptor
C[C@@H]1CN(C(=O)OC(C)(C)C#N)CCN1c1ncc(OCc2ccncc2C#N)cn1,Glucose-dependent insulinotropic receptor
Cc1cnccc1Oc1ncnc(OC2CCN(C(=O)OC(C)C)CC2)c1C,Glucose-dependent insulinotropic receptor
COCCN(C)C(=O)[C@@]1(Cc2cccc(F)c2)NCc2cnc3c(-c4ccc(C(F)(F)F)cc4)cnn3c21,Glucose-dependent insulinotropic receptor
C[C@@H]1CN(c2noc(C3(C)COC3)n2)CCN1c1ncc(OCc2ccncc2C#N)cn1,Glucose-dependent insulinotropic receptor
CC(C)(C)OC(=O)N1CCC(N(C(=O)c2ccc(-c3ncon3)cc2)C2CC2)CC1,Glucose-dependent insulinotropic receptor
CC1(OC(=O)N2CCC(CCNC(=O)Cc3c(F)ccc(F)c3F)CC2)CC1,Glucose-dependent insulinotropic receptor
CCc1cnc(N2CCC(n3ncc4c(C)c(-c5ccc(S(C)(=O)=O)cc5)ccc43)CC2)nc1,Glucose-dependent insulinotropic receptor
O=S(=O)(Nc1cccc(Oc2cc(-c3ncco3)cc(Cl)n2)c1)c1ccc(Cl)cc1,Glucose-dependent insulinotropic receptor
Cc1c(Nc2ccc(C#N)cc2Cl)ncnc1OC1C2COCC1CN(S(=O)(=O)C1CC1)C2,Glucose-dependent insulinotropic receptor
CC(=O)NC(C)(Cc1ccccc1)c1ccnc2c(-c3ccc(C(F)(F)F)cc3)cnn12,Glucose-dependent insulinotropic receptor
O=C1NN=C(c2ccc3nc(-c4ccc(OCCN5CCOCC5)cc4)oc3c2)C2CC12,Glucose-dependent insulinotropic receptor
COc1cc(-c2nc(C3CC3)no2)cc(Oc2ccc3c(c2)N(S(=O)(=O)c2ccc(Cl)cc2)CCC3)n1,Glucose-dependent insulinotropic receptor
CC1CC(=O)NN=C1c1ccc2nc(-c3ccc(Cl)cc3)oc2c1,Glucose-dependent insulinotropic receptor
CC1CC(=O)NN=C1c1ccc2nc(-c3ccc(CN)cc3)oc2c1,Glucose-dependent insulinotropic receptor
CCOC(=O)N1CCC(Oc2ncnc3c2CCN3c2ccc(S(C)(=O)=O)cc2F)CC1,Glucose-dependent insulinotropic receptor
CS(=O)(=O)N1CC=C(c2cc3cc(C4CCN(c5nnc(C(F)(F)F)s5)CC4)oc3cn2)CC1,Glucose-dependent insulinotropic receptor
[H][C@]12CC[C@]([H])(C[C@H](Oc3ncnc(Nc4ccc(C#N)cc4F)c3C)C1)N2S(=O)(=O)C1CC1,Glucose-dependent insulinotropic receptor
CC(C)OC(=O)N1CCC(COc2ccn(-c3ccc(S(C)(=O)=O)cc3)c(=O)c2)CC1,Glucose-dependent insulinotropic receptor
CC(C)(C)OC(=O)N1CCC(CCCCN2CCc3cc(S(C)(=O)=O)ccc32)CC1,Glucose-dependent insulinotropic receptor
CC(C)(C)OC(=O)N1CCC(C2CCN(c3ccccn3)CC2)CC1,Glucose-dependent insulinotropic receptor
CC(C)(C)OC(=O)N1CCC(N(C(=O)c2ccc(-c3ccc(O)nc3)cc2)C2CC2)CC1,Glucose-dependent insulinotropic receptor
Cc1nc(S(C)(=O)=O)ccc1Oc1ncnc(OC2CCN(C(=O)C(C)(C)F)CC2)c1F,Glucose-dependent insulinotropic receptor
Cc1nc(OC2CCN(c3nc(C(C)C)no3)CC2)c2c(n1)N(c1ccc(S(C)(=O)=O)cc1F)CC2,Glucose-dependent insulinotropic receptor
CC[C@@H]1OC(=O)NN=C1c1ccc2nc(-c3ccccc3)oc2c1,Glucose-dependent insulinotropic receptor
CCC1CC(=O)NN=C1c1ccc2nc(-c3ccc(OCCN4C(C)(C)CCCC4(C)C)cc3)oc2c1,Glucose-dependent insulinotropic receptor
O=C(Oc1ccc(F)cc1)N1CCC(N(C(=O)c2ccc(-c3cnco3)cc2)C2CC2)CC1,Glucose-dependent insulinotropic receptor
CN(C)C(=O)Nc1nc(-c2ccc(C(=O)N(C3CC3)C3CCN(C(=O)OC(C)(C)C)CC3)cc2)ns1,Glucose-dependent insulinotropic receptor
CC(C)OC(=O)N1CCC(CO[C@H]2CC[C@H](c3ccc(S(C)(=O)=O)cc3F)CC2)CC1,Glucose-dependent insulinotropic receptor
CC(C)c1noc(N2CCC(CC(F)CNc3ccc4c(c3)C(=O)CC4)CC2)n1,Glucose-dependent insulinotropic receptor
CC(C)(C)OC(=O)N1CCC(S(=O)(=O)c2ncnc3c2cnn3-c2ccc(S(C)(=O)=O)cc2)CC1,Glucose-dependent insulinotropic receptor
O=S(=O)(c1ccc(Cl)cc1)N1CCCc2ccc(Oc3cc(-c4nc(C5CC5)no4)cc(C4CC4)n3)cc21,Glucose-dependent insulinotropic receptor
O=S(=O)(c1ccc(Cl)cc1)N1CCCc2ccc(Oc3cc(-c4nc(C5CC5)no4)cc(O)n3)cc21,Glucose-dependent insulinotropic receptor
CC(C)(C)OC(=O)N1CCC(N(C(=O)c2ccc(-n3ccnc3)cc2)C2CC2)CC1,Glucose-dependent insulinotropic receptor
CCOC(=O)[C@](C)(Cc1ccccc1)c1cnnc2c(-c3ccc(C(F)(F)F)cc3)cnn12,Glucose-dependent insulinotropic receptor
CC1CC(=O)NN=C1c1ccc2nc(-c3ccsc3)oc2c1,Glucose-dependent insulinotropic receptor
CCC1CC(=O)NN=C1c1ccc2nc(-c3ccc(OCCN(CC)CC)cc3)oc2c1,Glucose-dependent insulinotropic receptor
O=S(=O)(c1ccc(Cl)cc1)N1CCSc2cc(Cl)c(Oc3cc(-c4nc(C5CC5)no4)cc(Cl)n3)cc21,Glucose-dependent insulinotropic receptor
CCOC(=O)C(C)(CC1CCOCC1)c1ccnc2c(-c3ccc(Cl)cc3)cnn12,Glucose-dependent insulinotropic receptor
CSc1ccc(N2CCC(C3CCN(C(=O)OC(C)(C)C)CC3)CC2)cc1,Glucose-dependent insulinotropic receptor
CCC[C@@H]1C(=O)NN=C(c2ccc3nc(-c4ccc(OCCN5CCCCC5)cc4)oc3c2)[C@H]1C,Glucose-dependent insulinotropic receptor
CCC1CC(=O)NN=C1c1ccc2nc(-c3ccc(OC[C@H]4CCCN4C(=O)OC(C)(C)C)cc3)oc2c1,Glucose-dependent insulinotropic receptor
Cc1ncccc1Oc1ncnc(N2C3CC4CC2CC(C3)N4C(=O)OC(C)(C)C)c1F,Glucose-dependent insulinotropic receptor
CC(C)OC(=O)N1CCC(n2nnc3cc(-c4cc(F)c(C(=O)N5CCC5)cc4F)ncc32)CC1,Glucose-dependent insulinotropic receptor
CCCS(=O)(=O)N1CCN(c2ccc(OCC3CCN(C(=O)OC(C)C)CC3)cn2)CC1,Glucose-dependent insulinotropic receptor
Cc1c(Oc2ccc(S(C)(=O)=O)cc2F)ncnc1N1C2CC3CC1CC(C2)N3C(=O)OC(C)C,Glucose-dependent insulinotropic receptor
CCC1CC(=O)NN=C1c1ccc2nc(-c3cccc(OCc4ccncc4)c3)oc2c1,Glucose-dependent insulinotropic receptor
CS(=O)(=O)c1ccc(N2CCC(C3CCN(c4ccc(C#N)cn4)CC3)CC2)cc1,Glucose-dependent insulinotropic receptor
COc1ccc(-c2ccc(C(=O)N(C3CC3)C3CCN(C(=O)OC(C)(C)C)CC3)cc2)cc1,Glucose-dependent insulinotropic receptor
CCNC(=O)c1ccc(-c2cc3nnn(C4CCN(c5ncc(CC)cn5)CC4)c3cn2)c(Cl)c1,Glucose-dependent insulinotropic receptor
CS(=O)(=O)c1ccc(-n2ccc(OC3CCN(c4ncc(C5CC5)cn4)CC3)cc2=O)cc1,Glucose-dependent insulinotropic receptor
CC(C)(C)OC(=O)N1CCC(c2cc3cc(-c4ccncc4)ncc3o2)CC1,Glucose-dependent insulinotropic receptor
CS(=O)(=O)c1ccc(Nc2ncnc(N3CCC(c4nc(-c5cccnc5)no4)CC3)c2[N+](=O)[O-])cc1,Glucose-dependent insulinotropic receptor
CCCc1cnc(N2CCC(C3Cc4cc(-c5ccc(S(C)(=O)=O)cc5F)ccc4O3)CC2)nc1,Glucose-dependent insulinotropic receptor
CCN(CC)S(=O)(=O)N1CCN(c2ccc(OCC3CCN(C(=O)OC(C)C)CC3)cn2)CC1,Glucose-dependent insulinotropic receptor
CC(C)COC(=O)N1CCC(Oc2ncnc3c2CCN3c2ccc(S(C)(=O)=O)cc2F)CC1,Glucose-dependent insulinotropic receptor
CC(C)OC(=O)N1CCC(c2cc3cc(C4=CCN(S(C)(=O)=O)CC4)ncc3o2)CC1,Glucose-dependent insulinotropic receptor
CC[C@@H](C)OC(=O)N1C2CC3CC1CC(C2)N3c1ncnc(Oc2cccnc2C)c1C,Glucose-dependent insulinotropic receptor
CC(CNC(=O)Cc1ccc(S(C)(=O)=O)cc1)C1CCN(C(=O)OC(C)(C)C)CC1,Glucose-dependent insulinotropic receptor
COC(=O)[C@@]1(Cc2cccc(F)c2)CCc2cnc3c(-c4ccc(C(F)(F)F)cc4)cnn3c21,Glucose-dependent insulinotropic receptor
CC(C)SC(=O)N1CCC(Oc2ncnc3c2CCN3c2ccc(S(C)(=O)=O)cc2F)CC1,Glucose-dependent insulinotropic receptor
COc1cccc(-c2nc3ccc(C4=NNC(=O)CC4C)cc3o2)c1,Glucose-dependent insulinotropic receptor
CCC1CC(=O)NN=C1c1ccc2nc(-c3ccc(Oc4ccccc4)cc3)oc2c1,Glucose-dependent insulinotropic receptor
CC(C)OC(=O)N1CCC(Sc2ncnc3c2CCN3c2ccc(S(C)(=O)=O)cc2F)CC1,Glucose-dependent insulinotropic receptor
COCCOC(=O)C(C)(Cc1ccccc1)c1ccnc2c(-c3ccc(Cl)cc3)cnn12,Glucose-dependent insulinotropic receptor
CC(C)(C)OC(=O)N1CCC(N(C(=O)c2ccc(-n3cnc(-c4ccccc4)c3)c(Cl)c2)C2CC2)CC1,Glucose-dependent insulinotropic receptor
CCc1noc(-c2cc(Cl)nc(Oc3ccc4c(c3)N(S(=O)(=O)c3ccc(Cl)cc3)CCC4)c2)n1,Glucose-dependent insulinotropic receptor
CCCc1cnc(N2CCC(Oc3ccn(-c4ccc([S+](C)[O-])cc4)c(=O)c3)CC2)nc1,Glucose-dependent insulinotropic receptor
CS(=O)(=O)c1ccc(Nc2ncnc(OC3C[C@H]4CC[C@H](C3)N4C(=O)OCC3CC3)c2[N+](=O)[O-])c(F)c1,Glucose-dependent insulinotropic receptor
CCC[C@@H]1C(=O)NN=C(c2ccc3nc(-c4ccc(OCCN(C(C)C)C(C)C)cc4)oc3c2)[C@H]1C,Glucose-dependent insulinotropic receptor
Cc1cc(C2=NNC(=O)C3CC23)cc2oc(-c3ccccc3)nc12,Glucose-dependent insulinotropic receptor
Cc1ccnc(N2CCC(C3CCN(c4ccc(S(C)(=O)=O)cc4)CC3)CC2)n1,Glucose-dependent insulinotropic receptor
CC(C)(C)OC(=O)N1CCC(O[C@H]2CC[C@H](Oc3ccc(S(C)(=O)=O)cc3)CC2)CC1,Glucose-dependent insulinotropic receptor
Cc1cnc(N2CCC(C3CCN(c4ccc(S(C)(=O)=O)cc4)CC3)CC2)nc1,Glucose-dependent insulinotropic receptor
CCc1cnc(N2CCC(Oc3cc(N4CCc5cc(S(C)(=O)=O)ccc54)ncn3)CC2)nc1,Glucose-dependent insulinotropic receptor
CC(C)C1(OC(=O)N2CCN(c3ncc(OCc4ccncc4C#N)cn3)[C@H](C)C2)COC1,Glucose-dependent insulinotropic receptor
CC1CC(=O)NN=C1c1ccc2nc(-c3ccc(Cl)nc3Cl)oc2c1,Glucose-dependent insulinotropic receptor
O=C1NN=C([C@@H]2CCc3nc(-c4ccccc4)oc3C2)[C@H]2C[C@@H]12,Glucose-dependent insulinotropic receptor
CCNC(=O)c1ccc(-c2cc3nnn(C4CCN(c5ncc(CC)cn5)CC4)c3cn2)cc1C,Glucose-dependent insulinotropic receptor
CCCC[C@@H]1C(=O)NN=C(c2ccc3nc(-c4ccccc4)oc3c2)[C@H]1C,Glucose-dependent insulinotropic receptor
CC(C)(C)OC(=O)N1CCC(N(C(=O)c2ccc(-c3cncs3)cc2)C2CC2)CC1,Glucose-dependent insulinotropic receptor
CS(=O)(=O)c1ccc(Nc2ncnc(NC3C[C@H]4CC[C@H](C3)N4S(C)(=O)=O)c2[N+](=O)[O-])c(F)c1,Glucose-dependent insulinotropic receptor
COC(=O)[C@@]1(Cc2cccc(F)c2)NCc2cnc3c(-c4ccc(C(F)(F)F)cc4)c(C(C)(C)O)nn3c21,Glucose-dependent insulinotropic receptor
CC[C@@H]1C(=O)NN=C(c2ccc3nc(-c4ccccc4)oc3c2)[C@H]1C,Glucose-dependent insulinotropic receptor
CC(C)OC(=O)N1CCC(S(=O)(=O)c2ncnc3c2CCN3c2ccc(S(C)(=O)=O)cc2F)CC1,Glucose-dependent insulinotropic receptor
CS(=O)(=O)c1ccc(N2CCc3c(OC4CCN(C(=S)Sc5ccccc5)CC4)ncnc32)c(F)c1,Glucose-dependent insulinotropic receptor
COC(=O)C1(Cc2ccccc2)CCc2cnc3c(-c4ccc(C#N)cc4)cnn3c21,Glucose-dependent insulinotropic receptor
CC(C)(C)OC(=O)N1CCC(N(C(=O)c2ccc(-c3ccc(C(=O)O)nc3)cc2)C2CC2)CC1,Glucose-dependent insulinotropic receptor
CC(C)(C)OC(=O)N1CC2CC(Oc3ncnc(Nc4ccc(S(C)(=O)=O)cc4)c3[N+](=O)[O-])C1C2,Glucose-dependent insulinotropic receptor
O=C1CC(C2CC2)C(N2CCc3nc(-c4ccccc4)oc3C2)=NN1,Glucose-dependent insulinotropic receptor
CC(C)(C)OC(=O)N1CCC(C2CCN(c3cccnc3)CC2)CC1,Glucose-dependent insulinotropic receptor
O=S1(=O)Cc2nc(-c3cc(F)c(Cl)cc3F)nc(N3CCC(O)CC3)c2C1,Glucose-dependent insulinotropic receptor
O=S(=O)(c1ccc(Cl)cc1)N1CCCc2cc(F)c(Oc3cc(-c4nnc(C5CC5)o4)cc(Cl)n3)cc21,Glucose-dependent insulinotropic receptor
Cc1cnc(C(C)(Cc2ccccc2)c2ccnc3c(-c4ccc(C(F)(F)F)cc4)cnn23)o1,Glucose-dependent insulinotropic receptor
COCCN1CCN(c2ccc(OCC3CCN(C(=O)OC(C)C)CC3)cn2)CC1,Glucose-dependent insulinotropic receptor
Cc1nc(S(C)(=O)=O)ccc1Nc1cc(OC2CCN(C(=O)OC(C)C)CC2)ncn1,Glucose-dependent insulinotropic receptor
CC(C)(F)CN1CCC(c2cc3cc(-c4ccc(S(C)(=O)=O)cc4F)ncc3o2)CC1,Glucose-dependent insulinotropic receptor
CCOC(=O)C1(Cc2ccccc2)CCc2cnc3c(-c4ccc(Oc5ccccc5)cc4)cnn3c21,Glucose-dependent insulinotropic receptor
Cc1nc(S(C)(=O)=O)ccc1Oc1ncnc(OC2CCN(C(=O)SC3CCC3)CC2)c1F,Glucose-dependent insulinotropic receptor
CC(C)(C)OC(=O)N1CCC(N(C(=O)c2ccc(-c3cn[nH]c3)cc2)C2CC2)CC1,Glucose-dependent insulinotropic receptor
CCC1CC(=O)NN=C1c1ccc2nc(-c3ccc(O)cc3)oc2c1,Glucose-dependent insulinotropic receptor
Cc1c(Nc2cccnc2)ncnc1OC1CCN(C(=O)OC(C)C)CC1,Glucose-dependent insulinotropic receptor
CCS(=O)(=O)N1CCN(c2ccc(OCCC3CCN(C(=O)OC(C)C)CC3)cn2)CC1,Glucose-dependent insulinotropic receptor
O=C(Oc1ccccc1)N1CCC(N(C(=O)c2ccc(-c3cnco3)cc2)C2CC2)CC1,Glucose-dependent insulinotropic receptor
CCOC(=O)C1CCN(c2ncnc(Nc3ccc(-n4cncn4)cc3)c2[N+](=O)[O-])CC1,Glucose-dependent insulinotropic receptor
CCN1C(=O)c2cc(C)nc(Oc3cccc(NS(=O)(=O)c4ccc(Cl)cc4)c3)c2C1=O,Glucose-dependent insulinotropic receptor
Cc1ncccc1Oc1ncnc(N2C3CC4CC2CC(C3)N4C(=O)OCC(C)C)c1C,Glucose-dependent insulinotropic receptor
CC(CC1CCN(C(=O)OC(C)(C)C)CC1)OC(=O)N1CCc2cc(S(C)(=O)=O)ccc21,Glucose-dependent insulinotropic receptor
CC[C@@H]1C(c2ccc3nc(-c4ccc(OC(C)C)cc4)oc3c2)=NNC(=O)[C@@H]1C,Glucose-dependent insulinotropic receptor
Cc1cc(NCCc2cc[nH]c(=O)c2)nc(-c2cc(F)c(Br)cc2F)n1,Glucose-dependent insulinotropic receptor
CCC1CC(=O)NN=C1c1ccc2nc(-c3cccc(OCCN4CCN(C(=O)OC(C)(C)C)CC4)c3)oc2c1,Glucose-dependent insulinotropic receptor
CC(COC(=O)N1CCc2cc(S(C)(=O)=O)cc(F)c21)C1CCN(C(=O)OC(C)(C)C)CC1,Glucose-dependent insulinotropic receptor
CC(C)(C)OC(=O)N1CCC(N(C(=O)c2ccc(-c3ccoc3)cc2)C2CC2)CC1,Glucose-dependent insulinotropic receptor
CC(CNC(=O)Cc1ccc(-n2cnnn2)cc1)C1CCN(C(=O)OC(C)(C)C)CC1,Glucose-dependent insulinotropic receptor
CCCc1cnc(N2CCC(C3Cc4cc(C5CCN(S(=O)(=O)CCC)CC5)ccc4O3)CC2)nc1,Glucose-dependent insulinotropic receptor
CC(C)(C)OC(=O)N1CC[C@@H](N(C(=O)c2ccc(-c3cnco3)cc2)C2CC2)[C@H](F)C1,Glucose-dependent insulinotropic receptor
CC(C)c1nnc(N2CCC(CCCNc3ccc4c(c3)OCC4=O)CC2)o1,Glucose-dependent insulinotropic receptor
Cc1c(Nc2ccc(S(C)(=O)=O)cc2Cl)ncnc1OC1CC2COCC(C1)N2C(=O)OC(C)(C)C,Glucose-dependent insulinotropic receptor
CCc1cnc(N2CCC(Oc3ncnc4c(-c5ccc(C(=O)N(C)OC)c(F)c5)csc34)CC2)nc1,Glucose-dependent insulinotropic receptor
Cc1nc(OC2CCN(C(=O)OC(C)(C)C)CC2)c2c(C)nn(-c3ccc(S(C)(=O)=O)cc3)c2n1,Glucose-dependent insulinotropic receptor
Cc1c(C2=NNC(=O)C3CC23)ccc2nc(-c3ccccc3)oc12,Glucose-dependent insulinotropic receptor
CC(C)OC(=O)N1CCC(Oc2ncnc3c2CCN3c2ccc(S(C)(=O)=O)cc2)CC1,Glucose-dependent insulinotropic receptor
Cc1c(Oc2ccc(C(=O)N(C)C)cc2F)ncnc1N1C2CC3CC1CC(C2)N3C(=O)OC(C)C,Glucose-dependent insulinotropic receptor
CC(C)(C)OC(=O)N1CCC(N(C(=O)c2ccc(-c3cnco3)c(N)c2)C2CC2)CC1,Glucose-dependent insulinotropic receptor
CC(C)(C)OC(=O)N1CCC(Oc2cccc3c2CCN3c2ccc(S(C)(=O)=O)cc2)CC1,Glucose-dependent insulinotropic receptor
CCC[C@@H]1C(=O)NN=C(c2ccc3nc(-c4ccc(OC)cc4)oc3c2)[C@H]1C,Glucose-dependent insulinotropic receptor
CCOC(=O)C(C)(Cc1ccccc1)c1csc2c(-c3ccc(Cl)cc3)cnn12,Glucose-dependent insulinotropic receptor
C[C@H](OC1CCN(C(=O)OC(C)(C)C)CC1)c1nc(-c2ccc(S(C)(=O)=O)c(F)c2)no1,Glucose-dependent insulinotropic receptor
CCCc1cnc(N2CCC(C3(C)Cc4cc(C5=CCN(S(=O)(=O)CCC)CC5)ccc4O3)CC2)nc1,Glucose-dependent insulinotropic receptor
CC(C)(C)OC(=O)N1CCC(O[C@H]2CC[C@H](Oc3ccc(S(C)(=O)=O)cn3)CC2)CC1,Glucose-dependent insulinotropic receptor
Cc1cnccc1COc1cnc(N2CCN(C(=O)OC(C)(C)C)C[C@H]2C)nc1,Glucose-dependent insulinotropic receptor
Cc1cc(C)c(C#N)c(Oc2cccc(NS(=O)(=O)c3ccc(OC(F)(F)F)cc3)c2)n1,Glucose-dependent insulinotropic receptor
N#Cc1cnccc1COc1cnc(N2CCN(C(=O)OC3CC(F)(F)C3(F)F)CC2)nc1,Glucose-dependent insulinotropic receptor
Cc1nc(S(C)(=O)=O)ccc1[C@H]1CC[C@H](OCC2CCN(c3ncc(C(F)(F)F)cn3)CC2)CC1,Glucose-dependent insulinotropic receptor
CC(C)(C)OC(=O)N1CCC(OC2CCCC(Oc3ccc(S(C)(=O)=O)cc3)C2)CC1,Glucose-dependent insulinotropic receptor
CCOC(=O)C(C)(Cc1ccccc1)c1ccnc2c(-c3ccccc3Cl)cnn12,Glucose-dependent insulinotropic receptor
C[C@@H]1CC(c2ccc3nc(-c4ccccc4)oc3c2)=NNC1=O,Glucose-dependent insulinotropic receptor
CS(=O)(=O)c1ccc(-n2cc(Cl)c(OC3CCN(c4ncc(Cl)cn4)CC3)cc2=O)cc1F,Glucose-dependent insulinotropic receptor
C[C@H]1CC(c2ccc3nc(-c4ccccc4)oc3c2)=NNC1=O,Glucose-dependent insulinotropic receptor
