smiles,targetname
CCCNc1ncc(-c2ccc(OCC)cc2)cc1C(=O)c1cc(F)cc(F)c1,Neuronal acetylcholine receptor protein alpha-7 subunit
[H][C@]12CCCCN1C[C@H](C)N(C(=O)c1ccc3c(c1)OCCO3)C2,Neuronal acetylcholine receptor protein alpha-7 subunit
O=C(N[C@H]1CN2CCC1CC2)c1cc2cccc(-c3ccccc3CO)c2o1,Neuronal acetylcholine receptor protein alpha-7 subunit
O=C(Nc1ccccc1)OC1C2CCN(CC2)C1Cc1cccnc1,Neuronal acetylcholine receptor protein alpha-7 subunit
CC(C)(C)c1ccc(-c2cccc3cc(C(=O)N[C@H]4CN5CCC4CC5)cn23)cc1,Neuronal acetylcholine receptor protein alpha-7 subunit
Cn1c(=O)oc2cc(N3C[C@]4(CN5CCC4CC5)OC3=O)ccc21,Neuronal acetylcholine receptor protein alpha-7 subunit
CCN1C[C@@]2(CN3CCC2CC3)OC1=O,Neuronal acetylcholine receptor protein alpha-7 subunit
c1ccc2sc(CCC3CN4CCC3CC4)cc2c1,Neuronal acetylcholine receptor protein alpha-7 subunit
O=C(Cn1nc(C2CCCCC2)cc(Cc2ccco2)c1=O)NCCc1cccc(F)c1,Neuronal acetylcholine receptor protein alpha-7 subunit
NS(=O)(=O)c1ccc2c(c1)C1C=CCC1C(c1cccc3ccccc13)N2,Neuronal acetylcholine receptor protein alpha-7 subunit
Cl.O=C(N[C@H]1CN2CCC1CC2)c1cc(C(=O)c2cccc(Br)c2)n2ccccc12,Neuronal acetylcholine receptor protein alpha-7 subunit
O=C1O[C@]2(CN3CCC2CC3)CN1c1ccc(Br)s1,Neuronal acetylcholine receptor protein alpha-7 subunit
CCNC(=O)Nc1cccc(-c2cccc3cc(C(=O)N[C@H]4CN5CCC4CC5)oc23)c1,Neuronal acetylcholine receptor protein alpha-7 subunit
COc1cc2c(cc1OC)C1CC(c3ccccc3)CCN1CC2,Neuronal acetylcholine receptor protein alpha-7 subunit
CC[N+]1(CC)CCN(c2ccc3ccccc3c2)CC1.[I-],Neuronal acetylcholine receptor protein alpha-7 subunit
O=C(Nc1ccc(F)cc1)c1cc(-c2ccccc2)c(N2CCOCC2)s1,Neuronal acetylcholine receptor protein alpha-7 subunit
O=C(/C=C/c1ccccc1O)c1cc(O)ccc1O,Neuronal acetylcholine receptor protein alpha-7 subunit
[18F]c1ccc(-c2nnc(N3CCN4CCC3CC4)o2)cc1,Neuronal acetylcholine receptor protein alpha-7 subunit
CC(C)c1ccc(N2C[C@@]3(CN4CCC3CC4)OC2=O)s1,Neuronal acetylcholine receptor protein alpha-7 subunit
Cl.FC(F)(F)Oc1ccc2nc(N3CCNCC3COc3cccnc3)sc2c1,Neuronal acetylcholine receptor protein alpha-7 subunit
CCNCCOc1ccc2c(c1)C(=O)c1cc(OCCNCC)ccc1-2,Neuronal acetylcholine receptor protein alpha-7 subunit
CC(=O)N1CCN(CCCCC(=O)Nc2ccc(-c3cccnc3)cc2)CC1,Neuronal acetylcholine receptor protein alpha-7 subunit
O=C(CC1CN2CCC1CC2)c1cc2ccccc2s1,Neuronal acetylcholine receptor protein alpha-7 subunit
O=C(NCCCCN1CCCCC1)Nc1ccc(-c2cccnc2)cc1,Neuronal acetylcholine receptor protein alpha-7 subunit
CN1CCC[C@H]1COc1ccc2c(c1)C(=O)c1cc(OC[C@@H]3CCCN3C)ccc1-2,Neuronal acetylcholine receptor protein alpha-7 subunit
CCCc1c(C(=O)NC2CCN(Cc3ccccc3)CC2)cnn1-c1ccccc1,Neuronal acetylcholine receptor protein alpha-7 subunit
Nc1ccc2cc(C(=O)N[C@H]3CN4CCC3CC4)sc2c1,Neuronal acetylcholine receptor protein alpha-7 subunit
COc1ccc(-c2cc(NC(=O)CCCCCN3CCCN(C(C)=O)CC3)[nH]n2)cc1,Neuronal acetylcholine receptor protein alpha-7 subunit
Cc1cc2c(C(=O)OCC34CCN(CC3)CC4)c[nH]c2cc1Cl,Neuronal acetylcholine receptor protein alpha-7 subunit
CCN(CC)CCOc1ccc2c(c1)Cc1cc(OCCN(CC)CC)ccc1-2,Neuronal acetylcholine receptor protein alpha-7 subunit
O=C1c2cc(OCCN3CCCCC3)ccc2-c2ccc(OCCN3CCCCC3)cc21,Neuronal acetylcholine receptor protein alpha-7 subunit
COc1ccc(Cc2cc(C3CCCCC3)nn(CC(=O)NC3Cc4ccccc4C3)c2=O)cn1,Neuronal acetylcholine receptor protein alpha-7 subunit
O=C(N[C@H]1CN2CCC1CC2)c1cc2ccc(-c3cccs3)cn2c1,Neuronal acetylcholine receptor protein alpha-7 subunit
CCCNc1ncc(-c2ccc(SCC)cc2)cc1C(=O)c1ccc(F)cc1,Neuronal acetylcholine receptor protein alpha-7 subunit
COc1cc(/C=C/C(=O)c2cc(O)ccc2O)ccc1O,Neuronal acetylcholine receptor protein alpha-7 subunit
CC1CCCC1N1CCC(NC(=O)c2ccc3ncsc3c2)CC1,Neuronal acetylcholine receptor protein alpha-7 subunit
CCOc1ccc(-c2cnc(N)c(C(=O)c3ccc(Cl)cc3)c2)cc1,Neuronal acetylcholine receptor protein alpha-7 subunit
[H][C@]12CCCN1CCCN(C(=O)Oc1ccc(Br)cc1)C2,Neuronal acetylcholine receptor protein alpha-7 subunit
CNCCc1cn(CC=C(C)C)c2cc(Br)ccc12,Neuronal acetylcholine receptor protein alpha-7 subunit
[H][C@]12CC=C[C@@]1([H])c1cc(S(N)(=O)=O)ccc1N[C@H]2c1ccc(Br)cc1,Neuronal acetylcholine receptor protein alpha-7 subunit
O=c1cc(-c2cccc3[nH]ccc23)c2ccccc2n1CC1CCCNC1,Neuronal acetylcholine receptor protein alpha-7 subunit
Cc1c(C(=O)NC2CCN(Cc3ccccc3)CC2)cnn1-c1ccc(F)cc1,Neuronal acetylcholine receptor protein alpha-7 subunit
Cc1ccccc1Cn1cc(C(=O)NCC2CCN(CCc3ccccc3)CC2)nn1,Neuronal acetylcholine receptor protein alpha-7 subunit
Cc1oc2ccc(N3C[C@@]4(CN5CCC4CC5)OC3=O)cc2c1Br,Neuronal acetylcholine receptor protein alpha-7 subunit
CN(C)CCOc1ccc(/C=C/c2ccccc2)cc1,Neuronal acetylcholine receptor protein alpha-7 subunit
COc1cc(C)cc2[nH]cc(C(=O)OCC34CCN(CC3)CC4)c12,Neuronal acetylcholine receptor protein alpha-7 subunit
Cl.O=C(Nc1ccc(Cl)c(Cl)c1)N1CCNCC1COc1cccnc1,Neuronal acetylcholine receptor protein alpha-7 subunit
[H][C@]12N(CC)C[C@]3(CO)CC[C@H](OC)[C@@]14[C@]3([H])[C@H](OC)[C@@]2(O)[C@@]1(O)C[C@H](OC)[C@@]2([H])C[C@]4([H])[C@]1([H])[C@H]2OC,Neuronal acetylcholine receptor protein alpha-7 subunit
[H][C@]12N(CC)C[C@]3(COC(=O)c4cc(I)ccc4N4C(=O)C[C@H](C)C4=O)CC[C@H](OC)[C@@]14[C@]3([H])[C@H](OC)[C@@]2(O)[C@@]1(O)C[C@H](OC)[C@@]2([H])C[C@]4([H])[C@]1([H])[C@H]2OC,Neuronal acetylcholine receptor protein alpha-7 subunit
O=c1cc(-c2ccccc2)c2ccccc2n1CC1CNCCO1,Neuronal acetylcholine receptor protein alpha-7 subunit
CCCN(C)c1ncc(-c2ccc(OCC)cc2)cc1C(=O)c1ccc(F)cc1,Neuronal acetylcholine receptor protein alpha-7 subunit
O=C(Cc1ccc(Br)cc1)N1CCN2CCC1CC2,Neuronal acetylcholine receptor protein alpha-7 subunit
O=C(Cn1nc(C2CCC(F)(F)CC2)c2ccccc2c1=O)NCCOc1ccccc1,Neuronal acetylcholine receptor protein alpha-7 subunit
COc1cccc(NC(=O)Nc2ccc3cc(C(=O)N[C@H]4CN5CCC4CC5)sc3c2)c1,Neuronal acetylcholine receptor protein alpha-7 subunit
O=C(N[C@H]1CN2CCC1CC2)c1cc2cccc(F)c2s1,Neuronal acetylcholine receptor protein alpha-7 subunit
O=C(CCCCN1CCCCC1)Nc1ccc(-c2ccc(F)cc2F)cc1,Neuronal acetylcholine receptor protein alpha-7 subunit
O=C(N[C@H]1CN2CCC1CC2)c1cc2cc(-c3ccccc3)ccn2c1,Neuronal acetylcholine receptor protein alpha-7 subunit
O=C1c2ccccc2-c2ccc(O[C@H]3CN4CCC3CC4)cc21,Neuronal acetylcholine receptor protein alpha-7 subunit
[H][C@@]12CCCN1CCCN(C(=O)c1ccc(Cl)cc1)C2,Neuronal acetylcholine receptor protein alpha-7 subunit
CC(C)Oc1ccccc1-c1ccc(NC(=O)CCCCN2CCCCC2)cc1,Neuronal acetylcholine receptor protein alpha-7 subunit
CNCCCn1c(=O)c(C#N)c(-c2ccccc2)c2ccccc21,Neuronal acetylcholine receptor protein alpha-7 subunit
Brc1ccc2oc(N3CCNCC3COc3cccnc3)nc2c1.Cl,Neuronal acetylcholine receptor protein alpha-7 subunit
O=C(Nc1ccc(Br)cc1)OC1C2CCN(CC2)C1Cc1cccnc1,Neuronal acetylcholine receptor protein alpha-7 subunit
CC1CCN(CC(O)COc2ccc(-c3ccccc3)cc2)CC1,Neuronal acetylcholine receptor protein alpha-7 subunit
Fc1ccc(-c2cn([C@H]3CN4CCC3CC4)nn2)cc1,Neuronal acetylcholine receptor protein alpha-7 subunit
COc1cc(-c2cc(C3CC4CCC3N4)cnc2F)ccn1,Neuronal acetylcholine receptor protein alpha-7 subunit
C[C@H](N)C(=O)NCC(=O)NCC(=O)N[C@@H](CO)C(=O)N[C@@H](CC(=O)O)C(=O)N[C@@H](CCCN=C(N)N)C(=O)N[C@@H](CCCN=C(N)N)C(=O)N[C@@H](CS)C(=O)N[C@@H](CCCN=C(N)N)C(=O)N[C@@H](Cc1c[nH]c2ccccc12)C(=O)N[C@@H](CCCN=C(N)N)C(N)=O,Neuronal acetylcholine receptor protein alpha-7 subunit
CN1C[C@@]2(CN3CCC2CC3)OC1=O,Neuronal acetylcholine receptor protein alpha-7 subunit
CCN1CCC[C@@H]1CNC(=O)c1ccc(Cl)cc1,Neuronal acetylcholine receptor protein alpha-7 subunit
CNC1CCN(c2ccc(-c3ccccc3)nn2)C1,Neuronal acetylcholine receptor protein alpha-7 subunit
Cc1ccc(NC(=O)N2CCNCC2COc2cccnc2)cc1.Cl,Neuronal acetylcholine receptor protein alpha-7 subunit
CC1CCCC1N1CC[C@H](NC(=O)c2ccc(Cl)cc2)C1,Neuronal acetylcholine receptor protein alpha-7 subunit
Brc1cncc(N2CC3CC(C2)N3)c1,Neuronal acetylcholine receptor protein alpha-7 subunit
CN(C)CCOc1ccc(CCc2ccccc2)cc1,Neuronal acetylcholine receptor protein alpha-7 subunit
O=C1O[C@]2(CN3CCC2CC3)CN1c1ccsc1,Neuronal acetylcholine receptor protein alpha-7 subunit
COc1ccc(-c2cc(NC(=O)CCN3CCCN(C(C)=O)CC3)[nH]n2)cc1,Neuronal acetylcholine receptor protein alpha-7 subunit
CCN1CCN(c2ccccc2)CC1,Neuronal acetylcholine receptor protein alpha-7 subunit
CC1CC2(CCCCCC2)NCc2ccccc21,Neuronal acetylcholine receptor protein alpha-7 subunit
c1ccc2sc(COC3CN4CCC3CC4)cc2c1,Neuronal acetylcholine receptor protein alpha-7 subunit
CNC(=O)NCc1ccccc1-c1cccc2cc(C(=O)N[C@H]3CN4CCC3CC4)oc12,Neuronal acetylcholine receptor protein alpha-7 subunit
O=C(CCCCN1CCCCC1)Nc1ccc(-c2cccc(Br)c2)cc1,Neuronal acetylcholine receptor protein alpha-7 subunit
CN1C(=O)[C@@H](CN2CCCCC2)C[C@H]1c1cccc(Cl)c1,Neuronal acetylcholine receptor protein alpha-7 subunit
COc1ccc(NC(=O)N2CCNCC2CCc2cccnc2)cc1,Neuronal acetylcholine receptor protein alpha-7 subunit
CCC#CCN1CCC[C@@H]1CNC(=O)C1COc2ccccc2O1,Neuronal acetylcholine receptor protein alpha-7 subunit
CCCN1CCC[C@@H]1CNC(=O)c1ccc(F)cc1,Neuronal acetylcholine receptor protein alpha-7 subunit
[2H]C([2H])(C)Oc1ccc([C@H](CO)NC(=O)[C@H]2C[C@@H]2c2ccccc2)cn1,Neuronal acetylcholine receptor protein alpha-7 subunit
Cc1c(OCC(F)(F)F)ccc2[nH]cc(C(=O)OCC34CCN(CC3)CC4)c12,Neuronal acetylcholine receptor protein alpha-7 subunit
CC(=O)c1ccc(N2C[C@@]3(CN4CCC3CC4)OC2=O)s1,Neuronal acetylcholine receptor protein alpha-7 subunit
[H][C@@]12CCN(C[C@H](NC(=O)c3cc4sccc4cn3)C1)C2,Neuronal acetylcholine receptor protein alpha-7 subunit
Cc1ccc(-c2cncc(N3CC4CC(C3)N4)c2)cc1,Neuronal acetylcholine receptor protein alpha-7 subunit
Cl.FC(F)(F)c1ccc2nc(N3CCNCC3COc3cccnc3)sc2c1,Neuronal acetylcholine receptor protein alpha-7 subunit
COc1ccc(NC(=O)N2CCNC[C@@H]2COc2cccnc2)cc1,Neuronal acetylcholine receptor protein alpha-7 subunit
O=c1c2ccccc2oc2ccc(O[C@H]3CN4CCC3CC4)cc12,Neuronal acetylcholine receptor protein alpha-7 subunit
O=C(OCc1ccccc1)N1CCN2CCC1CC2,Neuronal acetylcholine receptor protein alpha-7 subunit
CCOC(=O)c1cc(C(=O)c2cccc([N+](=O)[O-])c2)n2ccc(C(=O)N[C@H]3CN4CCC3CC4)cc12.Cl,Neuronal acetylcholine receptor protein alpha-7 subunit
O=C(N[C@H]1CN2CCC1CC2)c1cc2c(Br)cccn2c1,Neuronal acetylcholine receptor protein alpha-7 subunit
O=C(N[C@@H]1CN2CCC1CC2)c1cc2cccc(F)c2s1,Neuronal acetylcholine receptor protein alpha-7 subunit
CC(C)N1CCN(C(=O)c2ccc3c(c2)OCCO3)CC1,Neuronal acetylcholine receptor protein alpha-7 subunit
O=C(NCC12CCCN1CCC2)c1ccc2c(c1)OCCO2,Neuronal acetylcholine receptor protein alpha-7 subunit
CCOC(=O)c1cc(-c2ccc(Cl)cc2)n(-c2ccc(S(N)(=O)=O)cc2)c1C,Neuronal acetylcholine receptor protein alpha-7 subunit
Cl.O=C(N[C@H]1CN2CCC1CC2)c1cc(C(=O)c2ccccc2Br)n2ccccc12,Neuronal acetylcholine receptor protein alpha-7 subunit
[H][C@]12CC[C@]([H])(C[C@H](NC(=O)c3ccc(Cl)cc3)C1)N2C,Neuronal acetylcholine receptor protein alpha-7 subunit
[H][C@@]12CN[C@]1([H])CN(c1ccc3c(c1)C(=O)c1cc(N4C[C@]5([H])CN[C@]5([H])C4)ccc1-3)C2,Neuronal acetylcholine receptor protein alpha-7 subunit
O=C(N[C@@H]1CN2CCC1CC2)c1cc2ccoc2cn1,Neuronal acetylcholine receptor protein alpha-7 subunit
CCCNc1ncc(-c2ccc(Oc3ccccc3)cc2)cc1C(=O)c1ccc(F)cc1,Neuronal acetylcholine receptor protein alpha-7 subunit
CCNc1ncc(-c2ccc(OCC)cc2)cc1C(=O)c1ccc(F)c(F)c1,Neuronal acetylcholine receptor protein alpha-7 subunit
Cc1cccc2cc(C(=O)N[C@H]3CN4CCC3CC4)cn12,Neuronal acetylcholine receptor protein alpha-7 subunit
O=C(NCC12CCCN1CCC2)C1COc2ccccc2O1,Neuronal acetylcholine receptor protein alpha-7 subunit
CCOC(=O)c1cc(C(=O)c2ccccc2O)n2ccc(C(=O)N[C@H]3CN4CCC3CC4)cc12.Cl,Neuronal acetylcholine receptor protein alpha-7 subunit
[H][C@]12CC[C@]([H])(C[C@H](NC(=O)c3ccc(-c4cccs4)s3)C1)N2C,Neuronal acetylcholine receptor protein alpha-7 subunit
[H][C@]12CC3C([C@H]1OC)[C@](O)(C[C@@H]2OC)[C@@]1(O)C2N(CC)C[C@]4(COC(=O)c5ccccc5N)CC[C@H](OC)[C@]32C4[C@@H]1OC,Neuronal acetylcholine receptor protein alpha-7 subunit
Fc1cccc(-c2cn([C@H]3CN4CCC3CC4)nn2)c1,Neuronal acetylcholine receptor protein alpha-7 subunit
O=C1O[C@]2(CN3CCC2CC3)CN1c1nc2ccccc2s1,Neuronal acetylcholine receptor protein alpha-7 subunit
CCOC(=O)c1cc(C(=O)c2ccc(F)cc2)n2ccc(C(=O)N[C@H]3CN4CCC3CC4)cc12.Cl,Neuronal acetylcholine receptor protein alpha-7 subunit
O=C(N[C@H]1CN2CCC1CC2)c1cc2ccc(-c3ccsc3)cn2c1,Neuronal acetylcholine receptor protein alpha-7 subunit
O=C(N[C@H]1CN2CCC1CC2)c1cc2cc(F)ccc2s1,Neuronal acetylcholine receptor protein alpha-7 subunit
O=S(=O)(c1ccc(Br)cc1)N1CCN2CCC1CC2,Neuronal acetylcholine receptor protein alpha-7 subunit
O=C(NCC1CCN(CCc2ccccc2)CC1)c1cn(Cc2ccccc2Cl)nn1,Neuronal acetylcholine receptor protein alpha-7 subunit
O=C1O[C@@]2(CN3CCC2CC3)CN1c1ccc2c(c1)CCC2,Neuronal acetylcholine receptor protein alpha-7 subunit
CCC#CCN1CCC[C@@H]1CNC(=O)c1ccc2c(c1)OCCO2,Neuronal acetylcholine receptor protein alpha-7 subunit
CCCC#CCN1CC[C@H](NC(=O)c2ccc3ncsc3c2)C1,Neuronal acetylcholine receptor protein alpha-7 subunit
O=C(N[C@H]1CN2CCC1CC2)c1cc2ccsc2cn1,Neuronal acetylcholine receptor protein alpha-7 subunit
Cc1ccc2[nH]cc(C(=O)OCC34CCN(CC3)CC4)c2c1C,Neuronal acetylcholine receptor protein alpha-7 subunit
CC[N+]1(CC)CCN(c2ccccc2)CC1,Neuronal acetylcholine receptor protein alpha-7 subunit
CC(C)CN1CCC(CN(C)C(=O)c2cn(Cc3ccccc3Cl)nn2)CC1,Neuronal acetylcholine receptor protein alpha-7 subunit
[H][C@@]12CN(c3ccc(-c4ccccc4)nn3)C[C@]1([H])[C@H](COc1cccnc1)N(C)C2,Neuronal acetylcholine receptor protein alpha-7 subunit
Fc1cc(-c2cc(C3CC4CCC3N4)cnc2F)ccn1,Neuronal acetylcholine receptor protein alpha-7 subunit
CN(C)CCNC(=O)c1ccc2c(c1)OCCO2,Neuronal acetylcholine receptor protein alpha-7 subunit
Cc1c(C(=O)C2CC2)cc(-c2ccc(Cl)cc2)n1-c1ccc(S(N)(=O)=O)cc1,Neuronal acetylcholine receptor protein alpha-7 subunit
CCN(CC)CCOc1ccc2c(c1)C(=O)c1cc(OCCOC)ccc1-2,Neuronal acetylcholine receptor protein alpha-7 subunit
[11CH3]N1CC2CN(c3ccc(-c4ccccc4)nn3)CC2C1,Neuronal acetylcholine receptor protein alpha-7 subunit
O=C(N[C@@H]1C[N+]2(CCl)CCC1CC2)c1ccccc1F.[Cl-],Neuronal acetylcholine receptor protein alpha-7 subunit
O=C(N[C@H]1CN2CCC1CC2)c1cc2c(-c3ccccc3)cccn2c1,Neuronal acetylcholine receptor protein alpha-7 subunit
O=C(N[C@H]1CN2CCC1CC2)c1cc2cccc(-c3ccccc3)n2c1,Neuronal acetylcholine receptor protein alpha-7 subunit
CC(C)NCCCNc1nnc(-c2ccc(NC(=O)c3ccccc3F)cc2)o1,Neuronal acetylcholine receptor protein alpha-7 subunit
CN1CCCC1CCn1c(Cc2ccc(Br)cc2)nc2ccccc21,Neuronal acetylcholine receptor protein alpha-7 subunit
O=C(Nc1ccc(-c2ccc(NC(=O)[C@H]3CN4CCC3CC4)cc2)cc1)c1cccc(F)c1,Neuronal acetylcholine receptor protein alpha-7 subunit
CCOC(=O)c1cc(C(=O)c2cccc(Cl)c2)n2ccc(C(=O)N[C@H]3CN4CCC3CC4)cc12.Cl,Neuronal acetylcholine receptor protein alpha-7 subunit
O=C(Cn1nc(C2CCCCC2)c2ccccc2c1=O)NCCc1ccccc1,Neuronal acetylcholine receptor protein alpha-7 subunit
O=C(NC1C2CCN(CC2)C1Cc1cccnc1)c1ccc(Sc2ccccc2)cc1,Neuronal acetylcholine receptor protein alpha-7 subunit
CC[N+]1(CC)CCN(c2ccc(Br)cc2)CC1.[I-],Neuronal acetylcholine receptor protein alpha-7 subunit
C[N+]12CCC(CC1)CC2,Neuronal acetylcholine receptor protein alpha-7 subunit
[H][C@]12CN(c3ccc4c(c3)C(=O)c3ccccc3-4)C[C@@]1([H])N(C)C2,Neuronal acetylcholine receptor protein alpha-7 subunit
c1csc(-c2cn([C@H]3CN4CCC3CC4)nn2)c1,Neuronal acetylcholine receptor protein alpha-7 subunit
CN(C)CCNC(=O)C1COc2ccccc2O1,Neuronal acetylcholine receptor protein alpha-7 subunit
O=C(N[C@H]1CN2CCC1CC2)c1ccc2cc[nH]c2c1,Neuronal acetylcholine receptor protein alpha-7 subunit
O=C1O[C@]2(CN3CCC2CC3)CN1c1nc2ccccc2o1,Neuronal acetylcholine receptor protein alpha-7 subunit
CC(=O)NCc1cccc(-c2cc(=O)n(CC3CCCNC3)c3ccccc23)c1,Neuronal acetylcholine receptor protein alpha-7 subunit
[H][C@]1(c2cnc(Cl)c(N)c2)CC2CCC1N2,Neuronal acetylcholine receptor protein alpha-7 subunit
O=C(Nc1ccc(Br)cc1)OC1CN2CCC1C2,Neuronal acetylcholine receptor protein alpha-7 subunit
[H][C@]12CCCN1CCCN(C(=O)c1ccc(Br)cc1)C2,Neuronal acetylcholine receptor protein alpha-7 subunit
O=C(N[C@H]1CN2CCC1CC2)c1cnc2ccccn12,Neuronal acetylcholine receptor protein alpha-7 subunit
CN1C(=O)[C@@H](CN2CCCCC2)C[C@H]1c1ccc(C2CCCC2)cc1,Neuronal acetylcholine receptor protein alpha-7 subunit
CC(C)CN1CCC(CN(C)C(=O)c2cn(Cc3cc(F)ccc3F)nn2)CC1,Neuronal acetylcholine receptor protein alpha-7 subunit
COc1cccc([C@@H]2C[C@H](CN3CCCCC3)C(=O)N2C)c1,Neuronal acetylcholine receptor protein alpha-7 subunit
Cc1nc2cc(N3C[C@@]4(CN5CCC4CC5)OC3=O)ccc2s1,Neuronal acetylcholine receptor protein alpha-7 subunit
Cc1c(C(=O)N(C)C(C)C)cc(-c2ccc(Cl)cc2)n1-c1ccc(S(N)(=O)=O)cc1,Neuronal acetylcholine receptor protein alpha-7 subunit
O=C1O[C@]2(CN3CCC2CC3)CN1c1ccc2c(c1)CCO2,Neuronal acetylcholine receptor protein alpha-7 subunit
CC(=O)NCc1cccc(-c2cc(=O)n(CC3CN4CCC3CC4)c3ccccc23)c1,Neuronal acetylcholine receptor protein alpha-7 subunit
CN1CCCC(Cn2c(=O)c(C#N)c(-c3ccccc3)c3ccccc32)C1,Neuronal acetylcholine receptor protein alpha-7 subunit
CN1CC2CCC1C(CNC(=O)c1ccc(F)cc1)C2,Neuronal acetylcholine receptor protein alpha-7 subunit
CC[N+](C)(CC)CCOc1ccc2c(c1)C(=O)c1cc(OCC[N+](C)(CC)CC)ccc1-2,Neuronal acetylcholine receptor protein alpha-7 subunit
C[C@H](NC(=O)[C@H](CS)NC(=O)[C@H](CCCNC(=N)N)NC(=O)[C@@H]1CCCN1C(=O)[C@H](CC(=O)O)NC(=O)[C@H](CO)NC(=O)[C@H](CS)NC(=O)[C@H](CS)NC(=O)CN)C(=O)N[C@@H](Cc1c[nH]c2ccccc12)C(=O)N[C@@H](CCCNC(=N)N)C(=O)N[C@@H](CS)C(N)=O,Neuronal acetylcholine receptor protein alpha-7 subunit
c1ccc(-c2cncc(C3=NCCCC3)c2)cc1,Neuronal acetylcholine receptor protein alpha-7 subunit
CCCNc1ncc(-c2ccc(OCC)cc2)cc1C(=O)c1ccc(Cl)cc1Cl,Neuronal acetylcholine receptor protein alpha-7 subunit
COCOCCOc1ccc(-c2cn([C@H]3CN4CCC3CC4)nn2)cc1,Neuronal acetylcholine receptor protein alpha-7 subunit
Fc1ccccc1-c1cn([C@H]2CN3CCC2CC3)nn1,Neuronal acetylcholine receptor protein alpha-7 subunit
O=C(N[C@H]1CN2CCC1CC2)c1ccc2c(c1)OCCO2,Neuronal acetylcholine receptor protein alpha-7 subunit
CCCN(CCO)C(=O)c1cc(-c2ccc(Cl)cc2)n(-c2ccc(S(N)(=O)=O)cc2)c1C,Neuronal acetylcholine receptor protein alpha-7 subunit
O=C(Nc1ccc(Br)cc1)N1CCN2CCC1CC2,Neuronal acetylcholine receptor protein alpha-7 subunit
c1ccc2c(c1)Cc1cc(O[C@@H]3CN4CCC3CC4)ccc1-2,Neuronal acetylcholine receptor protein alpha-7 subunit
Cl.O=C(Nc1ccc(C(F)(F)F)cc1)N1CCNCC1COc1cccnc1,Neuronal acetylcholine receptor protein alpha-7 subunit
CCOC(=O)c1cc(-c2ccc(Br)cc2)n(-c2ccc(S(N)(=O)=O)cc2)c1C,Neuronal acetylcholine receptor protein alpha-7 subunit
CN1C(=O)[C@@H](CN2CCCCC2)C[C@H]1c1ccc(-c2ccccc2F)cc1,Neuronal acetylcholine receptor protein alpha-7 subunit
[H][C@@]12CN(c3ccc(-c4ccccc4)nn3)C[C@]1([H])[C@@H](COc1cccnc1)N(C)C2,Neuronal acetylcholine receptor protein alpha-7 subunit
O=C(Cn1nc(C2CCC(F)(F)CC2)c2cnccc2c1=O)NC1Cc2ccccc2C1,Neuronal acetylcholine receptor protein alpha-7 subunit
c1ccc2sc(CO[C@H]3CN4CCC3CC4)cc2c1,Neuronal acetylcholine receptor protein alpha-7 subunit
COc1ccc(OC)c(-c2cccc3cc(C(=O)N[C@H]4CN5CCC4CC5)oc23)c1,Neuronal acetylcholine receptor protein alpha-7 subunit
CCCNc1ncc(-c2ccc(OCC)cc2)cc1C(=O)c1cc(F)ccc1F,Neuronal acetylcholine receptor protein alpha-7 subunit
Cl.O=C(c1ccc(Cl)cc1)N1CCNCC1COc1cccnc1,Neuronal acetylcholine receptor protein alpha-7 subunit
CN(C)CCCn1c(Cc2ccc(Br)cc2)nc2ccccc21,Neuronal acetylcholine receptor protein alpha-7 subunit
CS(=O)(=O)Nc1ccc(-c2ccc(NC(=O)[C@H]3CN4CCC3CC4)cc2)cc1,Neuronal acetylcholine receptor protein alpha-7 subunit
CCCNc1ncc(-c2ccc(OCC)cc2)cc1C(=O)c1ccccc1Cl,Neuronal acetylcholine receptor protein alpha-7 subunit
Nc1cccc2cc(C(=O)N[C@H]3CN4CCC3CC4)sc12,Neuronal acetylcholine receptor protein alpha-7 subunit
O=C(N[C@H]1CN2CCC1CC2)c1cc2ccc(-c3ccccc3)cn2c1,Neuronal acetylcholine receptor protein alpha-7 subunit
Cc1cc2[nH]cc(C(=O)OCC34CCN(CC3)CC4)c2cc1Cl,Neuronal acetylcholine receptor protein alpha-7 subunit
COc1ccc(N2CCN(CCCCNC(=O)c3ccc(-c4ccccc4)cc3)CC2)c(OC)c1,Neuronal acetylcholine receptor protein alpha-7 subunit
COc1cc2[nH]cc(C(=O)OCC34CCN(CC3)CC4)c2cc1OC,Neuronal acetylcholine receptor protein alpha-7 subunit
O=C(N[C@@H]1CCN(Cc2ccccc2)C1)c1ccc2ncsc2c1,Neuronal acetylcholine receptor protein alpha-7 subunit
O=C(Cn1nc(C2CCCCC2)c2ccccc2c1=O)NC1Cc2ccccc2C1,Neuronal acetylcholine receptor protein alpha-7 subunit
[H][C@@]12CC3[C@]45C6C[C@]([H])(C4N(CC)C[C@]6(OC(=O)c4ccccc4N)CC[C@@H]5OC)[C@@](O)(C[C@@H]1OC)[C@@]3(O)[C@H]2OC,Neuronal acetylcholine receptor protein alpha-7 subunit
N#Cc1cccc(NC(=O)Nc2ccc3cc(C(=O)N[C@H]4CN5CCC4CC5)sc3c2)c1,Neuronal acetylcholine receptor protein alpha-7 subunit
CCC#CCN1CCC[C@H]1CNC(=O)c1ccc2ncsc2c1,Neuronal acetylcholine receptor protein alpha-7 subunit
Clc1ccc(-c2cncc(N3CC4CC(C3)N4)c2)cc1,Neuronal acetylcholine receptor protein alpha-7 subunit
O=C(NCC1CC2CCN1CC2)c1ccc2c(c1)OCCO2,Neuronal acetylcholine receptor protein alpha-7 subunit
OCCc1ccc(-c2cn([C@H]3CN4CCC3CC4)nn2)cc1,Neuronal acetylcholine receptor protein alpha-7 subunit
CC(C)Oc1ccc([C@H](CO)NC(=O)[C@H]2C[C@@H]2c2ccccc2)cn1,Neuronal acetylcholine receptor protein alpha-7 subunit
CCN(CC)CCCOc1ccc2c(c1)C(=O)c1cc(OCCCN(CC)CC)ccc1-2,Neuronal acetylcholine receptor protein alpha-7 subunit
O=C(c1cc2ccccc2s1)C1CN2CCC1CC2,Neuronal acetylcholine receptor protein alpha-7 subunit
O=C1OC2(CN3CCC2CC3)CN1c1ccccc1,Neuronal acetylcholine receptor protein alpha-7 subunit
CC(C)N(CCOc1ccc2c(c1)C(=O)c1cc(OCCN(C(C)C)C(C)C)ccc1-2)C(C)C,Neuronal acetylcholine receptor protein alpha-7 subunit
O=C1O[C@@]2(CN3CCC2CC3)CN1c1cc2ccccc2s1,Neuronal acetylcholine receptor protein alpha-7 subunit
O=C(CCCCN1CCCCC1)Nc1ccc(-c2ccc3c(c2)OCO3)cc1,Neuronal acetylcholine receptor protein alpha-7 subunit
O=C(N[C@H]1CN2CCC1CC2)c1cc2sccc2cn1,Neuronal acetylcholine receptor protein alpha-7 subunit
COc1cccc2cc(C(=O)N[C@H]3CN4CCC3CC4)sc12,Neuronal acetylcholine receptor protein alpha-7 subunit
O=C(NCC1=CC2CCN1CC2)c1ccc(Cl)cc1,Neuronal acetylcholine receptor protein alpha-7 subunit
Cl.c1cnc2ccc(N3CCN4CCC3C4)cc2c1,Neuronal acetylcholine receptor protein alpha-7 subunit
c1ccc2c(c1)Cc1cc(O[C@H]3CN4CCC3CC4)ccc1-2,Neuronal acetylcholine receptor protein alpha-7 subunit
CS(=O)(=O)NCc1cccc(-c2cc(=O)n(CC3CN4CCC3CC4)c3ccccc23)c1,Neuronal acetylcholine receptor protein alpha-7 subunit
[11CH3]c1ccc(OC(=O)N2CCN3CCC2CC3)cc1,Neuronal acetylcholine receptor protein alpha-7 subunit
O=C(CC1CN2CCC1CC2)Nc1ccc2cccnc2c1,Neuronal acetylcholine receptor protein alpha-7 subunit
CCN(CC)CCOc1ccc2ccc(OCCN(CC)CC)cc2c1,Neuronal acetylcholine receptor protein alpha-7 subunit
O=C1c2cc(O[C@@H]3CCNC3)ccc2-c2ccc(O[C@@H]3CCNC3)cc21,Neuronal acetylcholine receptor protein alpha-7 subunit
[H][C@@]12CCN(C[C@H](NC(=O)c3ccc4c(c3)OCCO4)C1)C2,Neuronal acetylcholine receptor protein alpha-7 subunit
OCc1ccc(-c2cn([C@H]3CN4CCC3CC4)nn2)cc1,Neuronal acetylcholine receptor protein alpha-7 subunit
c1ccc2sc(CO[C@@H]3CN4CCC3CC4)cc2c1,Neuronal acetylcholine receptor protein alpha-7 subunit
Cl.c1cncc(OCC2CNCCN2c2nc3ncccc3o2)c1,Neuronal acetylcholine receptor protein alpha-7 subunit
CC(C)N1CCN(C(=O)Oc2ccc(Br)cc2)CC1,Neuronal acetylcholine receptor protein alpha-7 subunit
O=C(N[C@@H]1CCCC[C@H]1N1CCCCC1)C1COc2ccccc2O1,Neuronal acetylcholine receptor protein alpha-7 subunit
C[N+](C)(C)CCCOc1cccnc1,Neuronal acetylcholine receptor protein alpha-7 subunit
O=C1c2cc(OCCN3CCCC3)ccc2-c2ccc(OCCN3CCCC3)cc21,Neuronal acetylcholine receptor protein alpha-7 subunit
CN(C)CCOc1ccc(/C=C/c2ccccc2)nc1,Neuronal acetylcholine receptor protein alpha-7 subunit
CCCc1c(C(=O)NC2CCNCC2)cnn1-c1ccccc1,Neuronal acetylcholine receptor protein alpha-7 subunit
O=C(CCC1CN2CCC1CC2)c1cc2ccccc2s1,Neuronal acetylcholine receptor protein alpha-7 subunit
Cl.O=C(Cc1ccc(Cl)cc1)N1CCNCC1COc1cccnc1,Neuronal acetylcholine receptor protein alpha-7 subunit
Cc1cc2c(C(=O)OCC34CCN(CC3)CC4)c[nH]c2cc1C#N,Neuronal acetylcholine receptor protein alpha-7 subunit
CC(C)N1CCCCN(C(=O)c2ccc3ncsc3c2)CC1,Neuronal acetylcholine receptor protein alpha-7 subunit
[H][C@@]12C[C@@]3([H])[C@]45C6N(CC)C[C@](COC(=O)c7ccccc7N7C(=O)C[C@H](C)C7=O)(CC[C@@H]4OC)[C@@]5([H])[C@H](OC)[C@]64OCO[C@]4(C[C@@H]1OC)[C@@]3([H])[C@H]2OC,Neuronal acetylcholine receptor protein alpha-7 subunit
Cc1c(C(=O)c2ccc(Cl)cc2)cc(-c2ccc(Cl)cc2)n1-c1ccc(S(N)(=O)=O)cc1,Neuronal acetylcholine receptor protein alpha-7 subunit
COc1ccc(F)cc1C(=O)c1cc(-c2ccc(Cl)cc2)n(-c2ccc(S(N)(=O)=O)cc2)c1C,Neuronal acetylcholine receptor protein alpha-7 subunit
COc1ccc(N2CCN(CCCCNC(=O)c3ccc(-c4ccccc4OC)cc3)CC2)c(OC)c1,Neuronal acetylcholine receptor protein alpha-7 subunit
O=C(N[C@H]1CN2CCC1CC2)c1ccc2c(c1)CCO2,Neuronal acetylcholine receptor protein alpha-7 subunit
[H][C@]12CC[C@]([H])(C[C@@H](NC(=O)Nc3ccc(Br)cc3)C1)N2C,Neuronal acetylcholine receptor protein alpha-7 subunit
O=C(OCC12CCN(CC1)CC2)c1c[nH]c2cc(Cl)cc(Cl)c12,Neuronal acetylcholine receptor protein alpha-7 subunit
Fc1ncc(C2CC3CCC2N3)cc1-c1ccncc1,Neuronal acetylcholine receptor protein alpha-7 subunit
CN1CC[C@@H](Oc2ccc3c(c2)C(=O)c2cc(O[C@@H]4CCN(C)C4)ccc2-3)C1,Neuronal acetylcholine receptor protein alpha-7 subunit
Cl.c1cnc2cc(N3CCN4CCC3CC4)ccc2c1,Neuronal acetylcholine receptor protein alpha-7 subunit
CCCNc1ncc(-c2ccc(OCC)cc2)cc1C(=O)c1ccc(F)c(F)c1,Neuronal acetylcholine receptor protein alpha-7 subunit
CC(CCn1c(=O)cc(-c2ccccc2)c2ccccc21)N(C)C,Neuronal acetylcholine receptor protein alpha-7 subunit
O=C(OCC12CCN(CC1)CC2)c1c[nH]c2cc(C(F)(F)F)ccc12,Neuronal acetylcholine receptor protein alpha-7 subunit
CN(C)CCCCn1c(=O)cc(-c2ccccc2)c2ccccc21,Neuronal acetylcholine receptor protein alpha-7 subunit
[H][C@]12CC[C@]([H])(C[C@@H](Oc3ccc4c(c3)C(=O)c3cc(O[C@H]5C[C@]6([H])CC[C@]([H])(C5)N6C)ccc3-4)C1)N2C,Neuronal acetylcholine receptor protein alpha-7 subunit
O=C(Nc1ccc2cc(C(=O)N[C@H]3CN4CCC3CC4)sc2c1)Nc1c(F)cccc1F,Neuronal acetylcholine receptor protein alpha-7 subunit
Cc1cc2c(C(=O)OCC34CCN(CC3)CC4)c[nH]c2cc1F,Neuronal acetylcholine receptor protein alpha-7 subunit
CC1CCCC1N1CC[C@H](NC(=O)c2ccc3ncsc3c2)C1,Neuronal acetylcholine receptor protein alpha-7 subunit
CCN(CC)CCOc1ccc2c3ccc(OCCN(CC)CC)cc3[s+]([O-])c2c1,Neuronal acetylcholine receptor protein alpha-7 subunit
COc1ccc(NC(=O)N2CCNCC2COc2cccnc2)cc1,Neuronal acetylcholine receptor protein alpha-7 subunit
[11CH3]N1CC2CN(c3ccc4oc5ccccc5c(=O)c4c3)CC2C1,Neuronal acetylcholine receptor protein alpha-7 subunit
CN(CCCCC(=O)Nc1ccc(-c2cccnc2)cc1)CCc1ccccn1,Neuronal acetylcholine receptor protein alpha-7 subunit
Cc1csc(N2C[C@@]3(CN4CCC3CC4)OC2=O)c1,Neuronal acetylcholine receptor protein alpha-7 subunit
O=C(CC1CN2CCC1CC2)Nc1cc2cccc(Br)c2s1,Neuronal acetylcholine receptor protein alpha-7 subunit
Cc1ccc([C@@H]2C[C@H](CN3CCCCC3)C(=O)N2C)cc1,Neuronal acetylcholine receptor protein alpha-7 subunit
[11CH3]Nc1cccc(C(=O)O[C@H]2CN3CCC2CC3)c1,Neuronal acetylcholine receptor protein alpha-7 subunit
CC[N+]1(CC)CCN(c2cccc(O)c2)CC1.[I-],Neuronal acetylcholine receptor protein alpha-7 subunit
COc1ccc(NC(=O)Nc2ccc3cc(C(=O)N[C@H]4CN5CCC4CC5)sc3c2)cc1,Neuronal acetylcholine receptor protein alpha-7 subunit
CC(C)N1CCCCN(C(=O)c2ccc(Cl)cc2)CC1,Neuronal acetylcholine receptor protein alpha-7 subunit
CC[N+]1(CC)CCN(c2ccccc2Cl)CC1.[I-],Neuronal acetylcholine receptor protein alpha-7 subunit
COc1ccc(N2CCN(CCCCNC(=O)c3ccc(-c4ccccn4)cc3)CC2)c(OC)c1,Neuronal acetylcholine receptor protein alpha-7 subunit
O=C(NCCCCN1CCOCC1)Nc1ccc(-c2cccnc2)cc1,Neuronal acetylcholine receptor protein alpha-7 subunit
COc1cc2c(C(=O)OCC34CCN(CC3)CC4)c[nH]c2cc1C,Neuronal acetylcholine receptor protein alpha-7 subunit
[H][C@@]12CCCN1C(=O)[C@H](CC(=O)O)NC(=O)[C@H](CO)NC(=O)[C@]1([H])CSSC[C@@H](C(=O)O)NC(=O)[C@H](CCCNC(=N)N)NC(=O)[C@H](Cc3c[nH]c4ccccc34)NC(=O)[C@H](C)NC(=O)C(C/C=CCC(NC(=O)CN(C=C)C(=O)CN)C(=O)N1)NC(=O)[C@H](CCCNC(=N)N)NC2=O,Neuronal acetylcholine receptor protein alpha-7 subunit
O=C(COc1ccccc1)N1CCNCC1COc1cccnc1,Neuronal acetylcholine receptor protein alpha-7 subunit
O=C(N[C@H]1CN2CCC1CC2)c1ccc2[nH]ccc2c1,Neuronal acetylcholine receptor protein alpha-7 subunit
Cl.O=C(Nc1ccc(-c2ccccc2)cc1)N1CCNCC1COc1cccnc1,Neuronal acetylcholine receptor protein alpha-7 subunit
Cl.c1cnc2ccc(N3CCN4CCC3CC4)cc2c1,Neuronal acetylcholine receptor protein alpha-7 subunit
CNC/C=Cc1cccnc1,Neuronal acetylcholine receptor protein alpha-7 subunit
O=C(N[C@H]1CN2CCC1CC2)c1cc2cc[nH]c2cn1,Neuronal acetylcholine receptor protein alpha-7 subunit
COc1c(OCC(F)(F)F)ccc2[nH]cc(C(=O)OCC34CCN(CC3)CC4)c12,Neuronal acetylcholine receptor protein alpha-7 subunit
CCN(CC)CCCc1ccc2c(c1)C(=O)c1cc(CCCN(CC)CC)ccc1-2,Neuronal acetylcholine receptor protein alpha-7 subunit
[H][C@]12CC[C@]([H])(C[C@H](NC(=O)c3cccs3)C1)N2C,Neuronal acetylcholine receptor protein alpha-7 subunit
O=C(Nc1cc(Cl)ccc1O)Nc1cc(C(F)(F)F)ccc1Cl,Neuronal acetylcholine receptor protein alpha-7 subunit
[H][C@]12CC[C@]([H])(C[C@H](NC(=O)c3ccc4sccc4c3)C1)N2C,Neuronal acetylcholine receptor protein alpha-7 subunit
CN1C(=O)[C@@H](CN2CCCCC2)C[C@H]1c1ccc(Cl)cc1,Neuronal acetylcholine receptor protein alpha-7 subunit
CC(C)N1CCN(C(=O)c2ccc(Cl)cc2)CC1,Neuronal acetylcholine receptor protein alpha-7 subunit
Fc1ccc(-c2nnc(N3CCN4CCC3CC4)o2)cc1,Neuronal acetylcholine receptor protein alpha-7 subunit
O=C(OCC12CCN(CC1)CC2)c1c[nH]c2cccc(C(F)(F)F)c12,Neuronal acetylcholine receptor protein alpha-7 subunit
Cl.O=C(N[C@H]1CN2CCC1CC2)c1cc(C(=O)c2ccccc2F)n2ccccc12,Neuronal acetylcholine receptor protein alpha-7 subunit
CN(C)CCCNc1nnc(-c2ccc(NC(=O)c3ccccc3F)cc2)o1,Neuronal acetylcholine receptor protein alpha-7 subunit
Brc1ccc(-c2cncc(N3CC4CC(C3)N4)c2)cc1,Neuronal acetylcholine receptor protein alpha-7 subunit
CN1C(=O)[C@@H](CN2CCCCC2)C[C@H]1c1nc(-c2ccccc2Cl)cn1C,Neuronal acetylcholine receptor protein alpha-7 subunit
Cl.Fc1ccc2nc(N3CCNCC3COc3cccnc3)sc2c1,Neuronal acetylcholine receptor protein alpha-7 subunit
O=c1cc(-c2cccc3[nH]ccc23)c2ccccc2n1CC1CN2CCC1CC2,Neuronal acetylcholine receptor protein alpha-7 subunit
[H][C@]12N(CC)C[C@]3(COC(=O)c4c([3H])cccc4N4C(=O)C[C@H](C)C4=O)CC[C@H](OC)[C@@]14[C@]3([H])[C@H](OC)[C@@]2(O)[C@@]1(O)C[C@H](OC)[C@@]2([H])C[C@]4([H])[C@]1([H])[C@H]2OC,Neuronal acetylcholine receptor protein alpha-7 subunit
O=C(NCC12CCCN1CCC2)c1cccc(Cl)c1,Neuronal acetylcholine receptor protein alpha-7 subunit
CC[N+]1(CC)CCN(c2ccccc2)CC1.[I-],Neuronal acetylcholine receptor protein alpha-7 subunit
O=C1c2ccccc2-c2ccc(O[C@@H]3CN4CCC3CC4)cc21,Neuronal acetylcholine receptor protein alpha-7 subunit
CCCNc1ncc(-c2ccc(CCC)cc2)cc1C(=O)c1ccc(F)cc1,Neuronal acetylcholine receptor protein alpha-7 subunit
O=C(NCCc1ccccc1)Nc1ccc2cc(C(=O)N[C@H]3CN4CCC3CC4)sc2c1,Neuronal acetylcholine receptor protein alpha-7 subunit
Cc1ccc(C(=O)NCC23CCCN2CCC3)cc1,Neuronal acetylcholine receptor protein alpha-7 subunit
CC(C)N1CCN(C(=O)c2ccc3ncsc3c2)CC1,Neuronal acetylcholine receptor protein alpha-7 subunit
Fc1ncc(C2CC3CCC2N3)cc1-c1ccnc(Cl)c1,Neuronal acetylcholine receptor protein alpha-7 subunit
N#CCOCC(O)C[n+]1ccccc1,Neuronal acetylcholine receptor protein alpha-7 subunit
CN1C(=O)[C@@H](CN2CCCCC2)C[C@H]1c1cnc(-c2ccccc2Cl)s1,Neuronal acetylcholine receptor protein alpha-7 subunit
Cc1nc2c(Br)cccn2c1C(=O)N[C@H]1CN2CCC1CC2,Neuronal acetylcholine receptor protein alpha-7 subunit
CCOC(=O)c1cc(C(=O)c2cccc(F)c2)n2ccc(C(=O)N[C@H]3CN4CCC3CC4)cc12.Cl,Neuronal acetylcholine receptor protein alpha-7 subunit
CN1CC2CCC1C(CNC(=O)c1ccc(Cl)cc1)C2,Neuronal acetylcholine receptor protein alpha-7 subunit
[H][C@@]12C[C@@]3([H])C45C6[C@H](OC)[C@](O)(C4N(CC)C[C@]6(COC(=O)c4ccccc4N4C(=O)CC(C)(C)C4=O)CC[C@@H]5OC)[C@@](O)(C[C@@H]1OC)[C@@]3([H])[C@H]2OC,Neuronal acetylcholine receptor protein alpha-7 subunit
O=C(OCC12CCN(CC1)CC2)c1c[nH]c2cccc(C3CC3)c12,Neuronal acetylcholine receptor protein alpha-7 subunit
Nc1ccc2cc(C(=O)N[C@H]3CN4CCC3CC4)oc2c1,Neuronal acetylcholine receptor protein alpha-7 subunit
O=C(N[C@H]1CN2CCC1CC2)c1cc2cccc(-c3ccc(N4CCOCC4)cc3)c2s1,Neuronal acetylcholine receptor protein alpha-7 subunit
CN1CC2CCC1C(CNC(=O)c1ccccc1)C2,Neuronal acetylcholine receptor protein alpha-7 subunit
CCc1c(C)oc2ccc(N3C[C@@]4(CN5CCC4CC5)OC3=O)cc12,Neuronal acetylcholine receptor protein alpha-7 subunit
CCN(CC)CCOc1cccc(C(=O)c2cccc(OCCN(CC)CC)c2)c1,Neuronal acetylcholine receptor protein alpha-7 subunit
c1ccc(-c2cn([C@H]3CN4CCC3CC4)nn2)cc1,Neuronal acetylcholine receptor protein alpha-7 subunit
CC(C)N1CCC[C@@H]1CNC(=O)Oc1ccc(Br)cc1,Neuronal acetylcholine receptor protein alpha-7 subunit
O=C(N[C@@H]1CN2CCC1CC2)c1cc2cccc(C(F)(F)F)c2s1,Neuronal acetylcholine receptor protein alpha-7 subunit
OC1(c2cn(-c3ccc(Br)cc3)nn2)CN2CCC1CC2,Neuronal acetylcholine receptor protein alpha-7 subunit
N#Cc1c(-c2ccccc2)c2ccccc2n(CCCN2CCCC2)c1=O,Neuronal acetylcholine receptor protein alpha-7 subunit
CCN1C[C@]2(COC)CC[C@H](O)[C@]34C1[C@@](O)([C@@H](OC)[C@H]23)[C@@]1(O)C[C@H](OC)[C@H]2C[C@@H]4[C@@H]1[C@H]2OC,Neuronal acetylcholine receptor protein alpha-7 subunit
CCN(CC)CC#Cc1ccc2c(c1)C(=O)c1cc(C#CCN(CC)CC)ccc1-2,Neuronal acetylcholine receptor protein alpha-7 subunit
O=C1c2cc(O[C@@H]3CN4CCC3CC4)ccc2-c2ccc(O[C@@H]3CN4CCC3CC4)cc21,Neuronal acetylcholine receptor protein alpha-7 subunit
Cc1ccc2[nH]cc(C(=O)OCC34CCN(CC3)CC4)c2c1Cl,Neuronal acetylcholine receptor protein alpha-7 subunit
COc1ccc(/C=C2/CN3CCC2CC3)cc1,Neuronal acetylcholine receptor protein alpha-7 subunit
CCCNc1ncc(-c2ccc(OCC)cc2)cc1C(=O)c1ccc(F)cc1,Neuronal acetylcholine receptor protein alpha-7 subunit
O=C1O[C@]2(CN3CCC2CC3)CN1c1ccc2ccoc2c1,Neuronal acetylcholine receptor protein alpha-7 subunit
Cc1ccccc1C#C[C@@H]1C[C@H](CN2CCCCC2)C(=O)N1C,Neuronal acetylcholine receptor protein alpha-7 subunit
O=C1O[C@@]2(CN3CCC2CC3)CN1c1ccc2ncccc2c1,Neuronal acetylcholine receptor protein alpha-7 subunit
[H][C@@]12CCN(C[C@H](NC(=O)c3cc4cccn4cn3)C1)C2,Neuronal acetylcholine receptor protein alpha-7 subunit
CC[N+]1(CC)CCN(c2ccc(C#N)cc2)CC1.[I-],Neuronal acetylcholine receptor protein alpha-7 subunit
O=c1cc(-c2ccccc2)c2ccccc2n1CC1CN2CCC1CC2,Neuronal acetylcholine receptor protein alpha-7 subunit
[H][C@@]12CCCN1CCCN(C(=O)c1ccc3c(c1)OCCO3)C2,Neuronal acetylcholine receptor protein alpha-7 subunit
COc1ccc(-c2cn([C@H]3CN4CCC3CC4)nn2)cc1,Neuronal acetylcholine receptor protein alpha-7 subunit
C[N+](C)(C)CCOc1ccc(CCc2ccccc2)cc1,Neuronal acetylcholine receptor protein alpha-7 subunit
CCCNc1ncc(-c2ccc(OC(F)(F)F)cc2)cc1C(=O)c1ccc(F)cc1,Neuronal acetylcholine receptor protein alpha-7 subunit
COc1ccc(N2CCN(CCCCNC(=O)c3ccc(-c4ccccc4C)cc3)CC2)c(OC)c1,Neuronal acetylcholine receptor protein alpha-7 subunit
C(=C1/CN2CCC1CC2)c1ccccc1,Neuronal acetylcholine receptor protein alpha-7 subunit
CN1C(=O)[C@@H](CN2CCCCC2)C[C@H]1c1ccc(-c2ccccc2Cl)s1,Neuronal acetylcholine receptor protein alpha-7 subunit
O=C(N[C@H]1CN2CCC1CC2)c1cc2cccc(-c3ccc(CO)cc3)c2s1,Neuronal acetylcholine receptor protein alpha-7 subunit
Clc1ccc2nc(N3CCNCC3COc3cccnc3)sc2c1,Neuronal acetylcholine receptor protein alpha-7 subunit
CCOC(=O)c1cc(C(=O)c2cccc(C(F)(F)F)c2)n2ccc(C(=O)N[C@H]3CN4CCC3CC4)cc12.Cl,Neuronal acetylcholine receptor protein alpha-7 subunit
CCOC(=O)c1cc(C(=O)c2ccccc2)n2ccc(C(=O)N[C@H]3CN4CCC3CC4)cc12.Cl,Neuronal acetylcholine receptor protein alpha-7 subunit
[H][C@]12CN(c3ccc(-c4ccc5[nH]ccc5c4)nc3)C[C@@]1([H])N(C)C2,Neuronal acetylcholine receptor protein alpha-7 subunit
O=[N+]([O-])c1ccc(-c2cncc(N3CC4CC(C3)N4)c2)cc1,Neuronal acetylcholine receptor protein alpha-7 subunit
COc1cccc(-c2cccc3cc(C(=O)N[C@H]4CN5CCC4CC5)sc23)c1,Neuronal acetylcholine receptor protein alpha-7 subunit
COc1ccc2nc(N3CCNC[C@H]3COc3cccnc3)sc2c1.Cl,Neuronal acetylcholine receptor protein alpha-7 subunit
CCCNc1ncc(-c2ccc(F)cc2)cc1C(=O)c1ccc(F)cc1,Neuronal acetylcholine receptor protein alpha-7 subunit
CN1CCC(N(C)C(=O)c2cnn(-c3ccccc3-c3ccco3)c2C2CC2)CC1,Neuronal acetylcholine receptor protein alpha-7 subunit
CS(=O)(=O)NCc1cccc(-c2cc(=O)n(CC3CCCNC3)c3ccccc23)c1,Neuronal acetylcholine receptor protein alpha-7 subunit
Fc1ncc(C2CC3CCC2N3)cc1-c1cncnc1,Neuronal acetylcholine receptor protein alpha-7 subunit
O=C(N[C@H]1CN2CCC1CC2)c1cc2cc(Br)ccn2c1,Neuronal acetylcholine receptor protein alpha-7 subunit
c1cncc(OCC2CNCCN2c2nc3ccccc3s2)c1,Neuronal acetylcholine receptor protein alpha-7 subunit
CCN1CCC[C@@H]1CNC(=O)Oc1ccc(Br)cc1,Neuronal acetylcholine receptor protein alpha-7 subunit
COc1cccc(NC(=O)N2CCNCC2COc2cccnc2)c1.Cl,Neuronal acetylcholine receptor protein alpha-7 subunit
O=C(N[C@@H]1CCCC[C@H]1N1CCCCC1)c1ccc2ncsc2c1,Neuronal acetylcholine receptor protein alpha-7 subunit
CCN(CC)CCOc1ccc2c(c1)C(O)c1cc(OCCN(CC)CC)ccc1-2,Neuronal acetylcholine receptor protein alpha-7 subunit
CC(C)N1CCCCN(C(=O)C2COc3ccccc3O2)CC1,Neuronal acetylcholine receptor protein alpha-7 subunit
[H][C@]1(c2cnc(N)c(I)c2)CC2CCC1N2,Neuronal acetylcholine receptor protein alpha-7 subunit
CN(C)CCCn1ccc(-c2ccccc2)c(C#N)c1=O,Neuronal acetylcholine receptor protein alpha-7 subunit
[H][C@]12CN(c3ccc4c(c3)C(=O)c3cc(N5C[C@]6([H])CN(C)[C@]6([H])C5)ccc3-4)C[C@@]1([H])N(C)C2,Neuronal acetylcholine receptor protein alpha-7 subunit
CN(C)CCCn1c(=O)cc(-c2ccccc2)c2ccccc21,Neuronal acetylcholine receptor protein alpha-7 subunit
[H][C@@]12C[C@@]3([H])C45C6[C@H](OC)[C@](O)(C4N(CC)C[C@]6(COC(=O)c4ccccc4N4C(=O)C(C)[C@H](C)C4=O)CC[C@@H]5OC)[C@@](O)(C[C@@H]1OC)[C@@]3([H])[C@H]2OC,Neuronal acetylcholine receptor protein alpha-7 subunit
[H][C@]12CCCN1CCCN(C(=O)c1ccc(F)cc1)C2,Neuronal acetylcholine receptor protein alpha-7 subunit
COc1ccc(-n2cc(C3(O)CN4CCC3CC4)nn2)cc1,Neuronal acetylcholine receptor protein alpha-7 subunit
Nc1cc(-c2cc(C3CC4CCC3N4)cnc2F)ccn1,Neuronal acetylcholine receptor protein alpha-7 subunit
[H][C@]12CC[C@]([H])(C[C@H](NC(=O)c3ccc(-c4ccco4)s3)C1)N2C,Neuronal acetylcholine receptor protein alpha-7 subunit
[H][C@@]12CCCN1C(=O)[C@H](CC(=O)O)NC(=O)[C@H](CO)NC(=O)[C@]1([H])CSSC[C@@H](C(=O)O)NC(=O)[C@H](CCCNC(=N)N)NC(=O)[C@H](Cc3c[nH]c4ccccc34)NC(=O)[C@H](C)NC(=O)C(C/C=C/CC(NC(=O)CN(C=C)C(=O)CN)C(=O)N1)NC(=O)[C@H](CCCNC(=N)N)NC2=O,Neuronal acetylcholine receptor protein alpha-7 subunit
COc1ccc([C@H](C)NC(=O)[C@H]2C[C@@H]2c2ccccc2)cn1,Neuronal acetylcholine receptor protein alpha-7 subunit
O=C(N[C@H]1CN2CCC1CC2)c1cc2cccc(C(F)(F)F)c2s1,Neuronal acetylcholine receptor protein alpha-7 subunit
Cl.O=C(Nc1ccc(Br)cc1)N1CCNCC1COc1cccnc1,Neuronal acetylcholine receptor protein alpha-7 subunit
O=C(Cc1nc(-c2ccc3c(c2)OCO3)c2ccccc2n1)NC1Cc2ccccc2C1,Neuronal acetylcholine receptor protein alpha-7 subunit
Cc1ccc(-c2cc(=O)n(CC3CCCNC3)c3ccccc23)cc1,Neuronal acetylcholine receptor protein alpha-7 subunit
CN(C)CCCn1c(=O)c(C#N)cc2ccccc21,Neuronal acetylcholine receptor protein alpha-7 subunit
COc1ccc(-c2cc(C3CC4CCC3N4)cnc2F)cn1,Neuronal acetylcholine receptor protein alpha-7 subunit
Cc1c(C(=O)N2CCCCC2)cc(-c2ccc(Cl)cc2)n1-c1ccc(S(N)(=O)=O)cc1,Neuronal acetylcholine receptor protein alpha-7 subunit
[H][C@]12CN(c3ccc4c(c3)C(=O)c3cc(N5C[C@]6([H])CN([11CH3])[C@]6([H])C5)ccc3-4)C[C@@]1([H])N(C)C2,Neuronal acetylcholine receptor protein alpha-7 subunit
O=C(Nc1ccccc1)Nc1cccc2cc(C(=O)N[C@H]3CN4CCC3CC4)sc12,Neuronal acetylcholine receptor protein alpha-7 subunit
c1ccc2cc(COC3CN4CCC3CC4)ccc2c1,Neuronal acetylcholine receptor protein alpha-7 subunit
c1ncc(-c2cncc(C3CC4CCC3N4)c2)cn1,Neuronal acetylcholine receptor protein alpha-7 subunit
Cc1ccsc1N1C[C@@]2(CN3CCC2CC3)OC1=O,Neuronal acetylcholine receptor protein alpha-7 subunit
COc1ccccc1-c1cn([C@H]2CN3CCC2CC3)nn1,Neuronal acetylcholine receptor protein alpha-7 subunit
N#Cc1ccc(N2C[C@@]3(CN4CCC3CC4)OC2=O)s1,Neuronal acetylcholine receptor protein alpha-7 subunit
Cc1ccc2nc(Cc3ccc(Br)cc3)n(CCCN(C)C)c2c1,Neuronal acetylcholine receptor protein alpha-7 subunit
O=C1O[C@]2(CN3CCC2CC3)CN1c1cc2ccccc2s1,Neuronal acetylcholine receptor protein alpha-7 subunit
CC(C)N1CCCCN(C(=O)c2ccc3c(c2)OCCO3)CC1,Neuronal acetylcholine receptor protein alpha-7 subunit
CCOc1ccc(-c2cnc(NC)c(C(=O)c3ccc(F)cc3)c2)cc1,Neuronal acetylcholine receptor protein alpha-7 subunit
Cc1c(C(=O)N(C)C)cc(-c2ccc(Cl)cc2)n1-c1ccc(S(N)(=O)=O)cc1,Neuronal acetylcholine receptor protein alpha-7 subunit
O=C1O[C@]2(CN3CCC2CC3)CN1c1ccc2ccccc2c1,Neuronal acetylcholine receptor protein alpha-7 subunit
Cc1cc(/C(=CNc2ccc(Cl)cc2)C(=O)Nc2ccc(Cl)cc2)on1,Neuronal acetylcholine receptor protein alpha-7 subunit
O=C(N[C@H]1CN2CCC1CC2)c1cc2cc(Cl)ccn2c1,Neuronal acetylcholine receptor protein alpha-7 subunit
CN1CCC[C@@H]1COc1ccc2c(c1)C(=O)c1cc(OC[C@H]3CCCN3C)ccc1-2,Neuronal acetylcholine receptor protein alpha-7 subunit
Cc1cc(OC(=O)C(C)(C)C)cc2[nH]cc(C(=O)OCC34CCN(CC3)CC4)c12,Neuronal acetylcholine receptor protein alpha-7 subunit
Cl.O=C(N[C@H]1CN2CCC1CC2)c1cc(C(=O)c2ccc3ccccc3c2)n2ccccc12,Neuronal acetylcholine receptor protein alpha-7 subunit
CN1C(=O)[C@@H](CN2CCCCC2)C[C@H]1c1nc(-c2ccccc2Cl)c[nH]1,Neuronal acetylcholine receptor protein alpha-7 subunit
COc1ccc(NC(=O)N2CCNCC2COc2cccnc2)c(OC)c1.Cl,Neuronal acetylcholine receptor protein alpha-7 subunit
[H][C@@]12CCCN1C(=O)[C@H](CC(N)=O)NC(=O)[C@H](CO)NC(=O)[C@]1([H])CSSC[C@@H](C(=O)N[C@@H](CCCNC(=N)N)C(=O)N[C@@H](CCCNC(=N)N)C(=O)N[C@@H](CCCNC(=N)N)C(=O)O)NC(=O)[C@H](CC(=O)O)NC(=O)[C@H](Cc3cnc[nH]3)NC(=O)[C@]3([H])CCCN3C(=O)[C@H](CC(N)=O)NC(=O)[C@H](CC(N)=O)NC(=O)[C@H](CC(C)C)NC(=O)[C@H](CCCNC(=N)N)NC(=O)[C@]([H])(CSSC[C@H](NC(=O)[C@H](CCC(=O)O)NC(=O)[C@@H](N)CC(=O)O)C(=O)N1)NC(=O)[C@H](C)NC2=O,Neuronal acetylcholine receptor protein alpha-7 subunit
NS(=O)(=O)c1ccc(-c2ccc(NC(=O)[C@H]3CN4CCC3CC4)cc2)cc1,Neuronal acetylcholine receptor protein alpha-7 subunit
COc1ccc(OC(=O)N2CCNCC2CCc2cccnc2)cc1,Neuronal acetylcholine receptor protein alpha-7 subunit
O=C1O[C@]2(CN3CCC2CC3)CN1c1ccc2c(c1)OCCO2,Neuronal acetylcholine receptor protein alpha-7 subunit
Fc1ccc(-c2cn([C@H]3CN4CCC3CC4)nn2)cn1,Neuronal acetylcholine receptor protein alpha-7 subunit
O=C(c1ccc(-c2cccc(C(F)(F)F)c2)o1)N1CCN2CCC1CC2,Neuronal acetylcholine receptor protein alpha-7 subunit
CN1CC2CCC1C(CNC(=O)c1ccc3c(c1)OCCO3)C2,Neuronal acetylcholine receptor protein alpha-7 subunit
COc1ccccc1[C@@H]1C[C@H](CN2CCCCC2)C(=O)N1C,Neuronal acetylcholine receptor protein alpha-7 subunit
O=C(N[C@H]1CN2CCC1CC2)c1cc2cccc(-c3ccccc3O)c2o1,Neuronal acetylcholine receptor protein alpha-7 subunit
FCCc1ccc(-c2cn([C@H]3CN4CCC3CC4)nn2)cc1,Neuronal acetylcholine receptor protein alpha-7 subunit
O=C(N[C@H]1CN2CCC1CC2)c1ccc2c(c1)CCN2,Neuronal acetylcholine receptor protein alpha-7 subunit
O=C1O[C@]2(CN3CCC2CC3)CN1c1ccccn1,Neuronal acetylcholine receptor protein alpha-7 subunit
COc1ccccc1N1CCN(CCCCC(=O)Nc2ccc(-c3cccnc3)cc2)CC1,Neuronal acetylcholine receptor protein alpha-7 subunit
[H][C@@]12CCCN1C(=O)[C@H](CC(C)C)NC(=O)[C@H](CO)NC(=O)[C@]1([H])CSSC[C@@H](C(=O)O)NC(=O)[C@H](CC(N)=O)NC(=O)[C@H](CC(C)C)NC(=O)[C@H](C)NC(=O)[C@]([H])(CSSC[C@H](NC(=O)CN)C(=O)N1)NC(=O)[C@H](CCCNC(=N)N)NC2=O,Neuronal acetylcholine receptor protein alpha-7 subunit
CCc1ccc(N2C[C@@]3(CN4CCC3CC4)OC2=O)s1,Neuronal acetylcholine receptor protein alpha-7 subunit
COc1ccc(Cn2cc(C(=O)NCC3CCN(CCc4ccccc4)CC3)nn2)cc1,Neuronal acetylcholine receptor protein alpha-7 subunit
[O-][N+]12CCC(CC1)[C@]1(CN=C(Nc3cc(-n4ccnc4)ncn3)O1)C2,Neuronal acetylcholine receptor protein alpha-7 subunit
Cl.O=C(Nc1ccc(OC(F)(F)F)cc1)N1CCNCC1COc1cccnc1,Neuronal acetylcholine receptor protein alpha-7 subunit
O=C(NCC1=CC2CCN1CC2)c1ccc(F)cc1,Neuronal acetylcholine receptor protein alpha-7 subunit
CCCNc1ncc(-c2ccc(OCC)cc2)cc1C(=O)c1ccccc1F,Neuronal acetylcholine receptor protein alpha-7 subunit
NC(=O)c1cccc(-c2ccc(NC(=O)CCCCN3CCCCC3)cc2)c1,Neuronal acetylcholine receptor protein alpha-7 subunit
[11CH3]n1cccc1-c1nnc(N2CCN3CCC2CC3)o1,Neuronal acetylcholine receptor protein alpha-7 subunit
O=C(N[C@H]1CN2CCC1CC2)c1cc2c(F)cccc2s1,Neuronal acetylcholine receptor protein alpha-7 subunit
Clc1ccc(-c2cncc(N3CC4CC(C3)N4)c2)cc1Cl,Neuronal acetylcholine receptor protein alpha-7 subunit
O=C(/C=C/c1ccc(O)cc1O)c1cc(O)c(O)cc1O,Neuronal acetylcholine receptor protein alpha-7 subunit
COc1cc(O)c(/C=C/C(=O)c2cc(O)ccc2O)c(OC)c1,Neuronal acetylcholine receptor protein alpha-7 subunit
CCN(CC)CCOc1ccc2c(c1)sc1cc(OCCN(CC)CC)ccc12,Neuronal acetylcholine receptor protein alpha-7 subunit
O=C(N[C@H]1CCN(C2CCCCC2)C1)c1ccc2ncsc2c1,Neuronal acetylcholine receptor protein alpha-7 subunit
Cc1ccccc1-c1cccc2cc(C(=O)N[C@H]3CN4CCC3CC4)cn12,Neuronal acetylcholine receptor protein alpha-7 subunit
Cl.O=C(Nc1ccccc1)N1CCNCC1COc1cccnc1,Neuronal acetylcholine receptor protein alpha-7 subunit
[H][C@@]12CCCN1CCCN(C(=O)c1ccc3ncsc3c1)C2,Neuronal acetylcholine receptor protein alpha-7 subunit
O=C(N[C@H]1CN2CCC1CC2)c1cc2ccc3ccccc3c2o1,Neuronal acetylcholine receptor protein alpha-7 subunit
O=C(N[C@H]1CN2CCC1CC2)c1cc2cccc(-c3cccc(NC(=O)C4CC4)c3)c2o1,Neuronal acetylcholine receptor protein alpha-7 subunit
Fc1ccc(-c2cn([C@H]3CN4CCC3CC4)nn2)cc1F,Neuronal acetylcholine receptor protein alpha-7 subunit
CN1C(=O)[C@@H](CN2CCCCC2)C[C@H]1C#Cc1ccccc1Cl,Neuronal acetylcholine receptor protein alpha-7 subunit
Cc1c(C(=O)N(C)C2CCN(C)CC2)cnn1-c1ccc(F)cc1,Neuronal acetylcholine receptor protein alpha-7 subunit
CCN(C)CCCn1c(=O)c(C#N)c(-c2ccccc2)c2ccccc21,Neuronal acetylcholine receptor protein alpha-7 subunit
NCCOc1ccc2c(c1)C(=O)c1cc(OCCN)ccc1-2,Neuronal acetylcholine receptor protein alpha-7 subunit
C[N+](C)(C)CCOc1ccccc1,Neuronal acetylcholine receptor protein alpha-7 subunit
O=C(NC1CC1)c1cccc(-c2cccc3cc(C(=O)N[C@H]4CN5CCC4CC5)oc23)c1,Neuronal acetylcholine receptor protein alpha-7 subunit
O=S1(=O)c2ccccc2-c2ccc(O[C@@H]3CN4CCC3CC4)cc21,Neuronal acetylcholine receptor protein alpha-7 subunit
Cc1cccc(-c2ccc3cc(C(=O)N[C@H]4CN5CCC4CC5)cn3c2)c1,Neuronal acetylcholine receptor protein alpha-7 subunit
[H][C@@]12C[C@@]3([H])C45C6[C@H](OC)[C@](O)(C4N(CC)C[C@]6(COC(=O)c4ccccc4N4C(=O)C(C)[C@H](c6ccccc6)C4=O)CC[C@@H]5OC)[C@@](O)(C[C@@H]1OC)[C@@]3([H])[C@H]2OC,Neuronal acetylcholine receptor protein alpha-7 subunit
Fc1ccc(-c2cn([C@@H]3CN4CCC3CC4)nn2)cc1,Neuronal acetylcholine receptor protein alpha-7 subunit
O=c1cc(-c2ccccc2)c2ccccc2n1CC1CCCNC1,Neuronal acetylcholine receptor protein alpha-7 subunit
Cc1cc2[nH]cc(C(=O)OCC34CCN(CC3)CC4)c2cc1C,Neuronal acetylcholine receptor protein alpha-7 subunit
CN(C)c1cccc(-c2cccc3cc(C(=O)N[C@H]4CN5CCC4CC5)cn23)c1,Neuronal acetylcholine receptor protein alpha-7 subunit
CCN(CC)CCOc1ccc2c(c1)S(=O)(=O)c1cc(OCCN(CC)CC)ccc1-2,Neuronal acetylcholine receptor protein alpha-7 subunit
CCCNc1ncc(-c2ccc(OCC)cc2)cc1C(=O)c1ccc(Cl)cc1,Neuronal acetylcholine receptor protein alpha-7 subunit
O=C(Oc1ccc([76Br])cc1)N1CCN2CCC1CC2,Neuronal acetylcholine receptor protein alpha-7 subunit
O=C(N[C@H]1CN2CCC1CC2)c1cnc2occc2c1,Neuronal acetylcholine receptor protein alpha-7 subunit
O=C(NCC12CCCN1CCC2)c1ccccc1Cl,Neuronal acetylcholine receptor protein alpha-7 subunit
O=C(CC1CN2CCC1CC2)Nc1ccc2ccccc2c1,Neuronal acetylcholine receptor protein alpha-7 subunit
COc1ccc2nc(N3CCNCC3COc3cccnc3)oc2c1.Cl,Neuronal acetylcholine receptor protein alpha-7 subunit
O=C(N[C@H]1CN2CCC1CC2)c1cc2ccccn2c1,Neuronal acetylcholine receptor protein alpha-7 subunit
COc1c(C)ccc2[nH]cc(C(=O)OCC34CCN(CC3)CC4)c12,Neuronal acetylcholine receptor protein alpha-7 subunit
COc1cccc([C@@H]2C[C@H](CN3CCCC3)C(=O)N2C)c1,Neuronal acetylcholine receptor protein alpha-7 subunit
O=C(N[C@H]1CN2CCC1CC2)c1cc2ccc(Cl)cn2c1,Neuronal acetylcholine receptor protein alpha-7 subunit
c1ccc2c(COC3CN4CCC3CC4)cccc2c1,Neuronal acetylcholine receptor protein alpha-7 subunit
O=C(NC[C@H]1CCCN1C1CCCCC1)c1ccc2ncsc2c1,Neuronal acetylcholine receptor protein alpha-7 subunit
COc1cccc2cc(C(=O)N[C@@H]3CN4CCC3CC4)sc12,Neuronal acetylcholine receptor protein alpha-7 subunit
Cc1c(C(=O)O)cc(-c2ccc(Cl)cc2)n1-c1ccc(S(N)(=O)=O)cc1,Neuronal acetylcholine receptor protein alpha-7 subunit
O=C(NCC1CC2CCN1CC2)Oc1ccc(Br)cc1,Neuronal acetylcholine receptor protein alpha-7 subunit
O=C(NC1CN2CCC1CC2)c1ccccc1F,Neuronal acetylcholine receptor protein alpha-7 subunit
O=C(N[C@H]1CN2CCC1CC2)c1cc2occc2cn1,Neuronal acetylcholine receptor protein alpha-7 subunit
O=C(/C=C/c1c[nH]c2ccc(O)cc12)c1cc(O)ccc1O,Neuronal acetylcholine receptor protein alpha-7 subunit
S=C(Oc1ccccc1)N1CCN2CCC1CC2,Neuronal acetylcholine receptor protein alpha-7 subunit
CCN(CC)C(=O)C1CCCN(CCCCC(=O)Nc2ccc(-c3cccnc3)cc2)C1,Neuronal acetylcholine receptor protein alpha-7 subunit
COCCOc1ccc2[nH]cc(C(=O)OCC34CCN(CC3)CC4)c2c1C,Neuronal acetylcholine receptor protein alpha-7 subunit
Cl.O=C(Nc1cccc(Cl)c1)N1CCNCC1COc1cccnc1,Neuronal acetylcholine receptor protein alpha-7 subunit
Cl.O=C(N[C@H]1CN2CCC1CC2)c1cc(C(=O)c2ccc(-c3ccccc3)cc2)n2ccccc12,Neuronal acetylcholine receptor protein alpha-7 subunit
CCN(C)C(=O)c1cc(-c2ccc(Cl)cc2)n(-c2ccc(S(N)(=O)=O)cc2)c1C,Neuronal acetylcholine receptor protein alpha-7 subunit
Cl.O=C(NC1CN2CCC1CC2)c1ccc2cccnc2c1,Neuronal acetylcholine receptor protein alpha-7 subunit
Cl.O=C(c1ccccc1)N1CCNCC1COc1cccnc1,Neuronal acetylcholine receptor protein alpha-7 subunit
[H][C@@]12CCCN1CCCN(C(=O)C1COc3ccccc3O1)C2,Neuronal acetylcholine receptor protein alpha-7 subunit
COc1ccc(-c2cc(NC(=O)CCCN3CCCN(C(C)=O)CC3)[nH]n2)cc1,Neuronal acetylcholine receptor protein alpha-7 subunit
CCOC(=O)c1cc(C(=O)c2ccc(Cl)c(Cl)c2)n2ccc(C(=O)N[C@H]3CN4CCC3CC4)cc12.Cl,Neuronal acetylcholine receptor protein alpha-7 subunit
Clc1ncc(C2CC3CCC2N3)cc1-c1cncnc1,Neuronal acetylcholine receptor protein alpha-7 subunit
Cc1ccc(NC(=O)c2cc(-c3ccccc3)c(N3CCOCC3)s2)cc1,Neuronal acetylcholine receptor protein alpha-7 subunit
Cl.O=C(Cc1ccccc1)N1CCNCC1COc1cccnc1,Neuronal acetylcholine receptor protein alpha-7 subunit
COc1ccc(-n2cc(C3(F)CN4CCC3CC4)nn2)cc1,Neuronal acetylcholine receptor protein alpha-7 subunit
CCN1CCC[C@@H]1CNC(=O)c1ccc2ncsc2c1,Neuronal acetylcholine receptor protein alpha-7 subunit
[H][C@]12CC[C@]3([H])[C@H](C(=O)OCCCCCCCCCCCCCCC(O)C(=O)NCCCN)[C@]4(CCC[C@@H](C)O4)N=C(N[C@]4(CC[C@H](/C=C/CC)O4)C1)N23,Neuronal acetylcholine receptor protein alpha-7 subunit
O=C(N[C@H]1CN2CCC1CC2)c1cc2cccc(Br)c2o1,Neuronal acetylcholine receptor protein alpha-7 subunit
O=C(CCCCN1CCCCC1)Nc1ccc(-c2ccc3ncccc3c2)cc1,Neuronal acetylcholine receptor protein alpha-7 subunit
CN(C)CCCn1c(COc2ccccc2)nc2ccccc21,Neuronal acetylcholine receptor protein alpha-7 subunit
CCOc1ccc(-c2cnc(NC)c(C(=O)c3ccc(Cl)cc3)c2)cc1,Neuronal acetylcholine receptor protein alpha-7 subunit
COCCCOc1ccc2[nH]cc(C(=O)OCC34CCN(CC3)CC4)c2c1C,Neuronal acetylcholine receptor protein alpha-7 subunit
C[N+](C)(C)CCOc1ccc(CCc2ccccc2)nc1,Neuronal acetylcholine receptor protein alpha-7 subunit
CN(C)CCOc1ccccc1,Neuronal acetylcholine receptor protein alpha-7 subunit
Cc1ccc(-c2c(C(=O)NC3CCN(C)CC3)cnn2-c2ccccc2)cc1,Neuronal acetylcholine receptor protein alpha-7 subunit
CC(=O)N1CCCN(CCCCC(=O)Nc2ccc(-c3cccnc3)cc2)CC1,Neuronal acetylcholine receptor protein alpha-7 subunit
O=C1O[C@]2(CN3CCC2CC3)CN1c1ccc2c(c1)OCC2,Neuronal acetylcholine receptor protein alpha-7 subunit
O=C(N[C@H]1CN2CCC1CC2)c1cc2ccccc2s1,Neuronal acetylcholine receptor protein alpha-7 subunit
O=C(NCC12CCCN1CCC2)c1ccc2ncsc2c1,Neuronal acetylcholine receptor protein alpha-7 subunit
CCOc1ccc(-c2cnc(NCc3cc(F)ccc3F)c(C(=O)c3ccc(Cl)cc3)c2)cc1,Neuronal acetylcholine receptor protein alpha-7 subunit
O=S1(=O)c2cc(N3CCN4CCC3CC4)ccc2-c2cccc([18F])c21,Neuronal acetylcholine receptor protein alpha-7 subunit
Fc1ccc(-c2cc(C3CC4CCC3N4)cnc2F)cn1,Neuronal acetylcholine receptor protein alpha-7 subunit
CCC#CCN1CCC[C@H]1COC(=O)c1ccc2ncsc2c1,Neuronal acetylcholine receptor protein alpha-7 subunit
O=C(N[C@H]1CN2CCC1CC2)c1cc2cc(F)cc(F)c2s1,Neuronal acetylcholine receptor protein alpha-7 subunit
Cl.O=C(Nc1ccc2c(c1)CCO2)N1CCNCC1COc1cccnc1,Neuronal acetylcholine receptor protein alpha-7 subunit
[H][C@]12CCCCN1C[C@H](C)N(C(=O)c1ccc3ncsc3c1)C2,Neuronal acetylcholine receptor protein alpha-7 subunit
O=C(Nc1ccc(-c2ccc(NS(=O)(=O)c3ccccc3)cc2)cc1)[C@H]1CN2CCC1CC2,Neuronal acetylcholine receptor protein alpha-7 subunit
CN1CC[C@@H]1COc1ccc2c(c1)C(=O)c1cc(OC[C@H]3CCN3C)ccc1-2,Neuronal acetylcholine receptor protein alpha-7 subunit
O=C1O[C@]2(CN3CCC2CC3)CN1c1cccs1,Neuronal acetylcholine receptor protein alpha-7 subunit
CC(=O)Nc1ccc2cc(C(=O)N[C@H]3CN4CCC3CC4)sc2c1,Neuronal acetylcholine receptor protein alpha-7 subunit
COc1ccc(NC(=O)Nc2ccc3cc(C(=O)N[C@H]4CN5CCC4CC5)oc3c2)cc1,Neuronal acetylcholine receptor protein alpha-7 subunit
CN(C)CCOc1ccc2c(c1)C(=O)c1cc(OCCN(C)C)ccc1-2,Neuronal acetylcholine receptor protein alpha-7 subunit
O=C1O[C@]2(CN3CCC2CC3)CN1c1cc2ccccc2o1,Neuronal acetylcholine receptor protein alpha-7 subunit
Cl.O=C(Nc1ccc(Cl)cc1)N1CCNCC1COc1cccnc1,Neuronal acetylcholine receptor protein alpha-7 subunit
CC(O)c1ccc(N2C[C@@]3(CN4CCC3CC4)OC2=O)s1,Neuronal acetylcholine receptor protein alpha-7 subunit
COc1cc(Cl)cc2[nH]cc(C(=O)OCC34CCN(CC3)CC4)c12,Neuronal acetylcholine receptor protein alpha-7 subunit
CC[N+]1(CC)CCN(c2ccccc2C)CC1.[I-],Neuronal acetylcholine receptor protein alpha-7 subunit
O=C(NCC1=CC2CCN1CC2)c1ccc(Br)cc1,Neuronal acetylcholine receptor protein alpha-7 subunit
COc1ccc(/C=C/C(=O)c2cc(O)ccc2O)c(OC)c1,Neuronal acetylcholine receptor protein alpha-7 subunit
COc1ccc(N2CCN(CCCCNC(=O)c3ccc([N+](=O)[O-])cc3)CC2)c(OC)c1,Neuronal acetylcholine receptor protein alpha-7 subunit
