smiles,targetname
O=C(Cn1[nH]c2ccc(C(F)(F)F)cc2c1=O)NC1CN([C@H]2CC[C@@H](c3ccccc3)CC2)C1,C-C chemokine receptor type 2
O=C(O)c1ccccc1Oc1nccnc1NS(=O)(=O)c1ccc(Cl)c(Cl)c1,C-C chemokine receptor type 2
COc1ccc(C2CCN(CC3CCC(NC(=O)/C=C/c4cc(F)c(F)c(F)c4)C3)CC2)cc1,C-C chemokine receptor type 2
CCOC(=O)c1cccc(NC(=O)N2CCC(C(NC3CCC(c4c[nH]c5ccccc45)CC3)C(N)=O)CC2)c1,C-C chemokine receptor type 2
CO[C@@H]1COCC[C@@H]1N(C)[C@@H]1C[C@H]2CCC[C@@]2(C(=O)N2C[C@@H]3C[C@H]2CN3c2cc(C(F)(F)F)cc(C(F)(F)F)c2)C1,C-C chemokine receptor type 2
COc1ccc2c(C3CCN(C(CO)C4CCN(C(=O)/C=C/c5ccc(Cl)c(Cl)c5)CC4)CC3)c[nH]c2c1,C-C chemokine receptor type 2
COC(=O)Nc1nc(C(CCN2CCC(c3ccccc3)CC2)C(=O)NCc2cc(C(F)(F)F)cc(C(F)(F)F)c2)cs1,C-C chemokine receptor type 2
O=C(CNC(=O)c1cccc(C(F)(F)F)c1)NCC1CCCN1Cc1ccc(Cl)cc1,C-C chemokine receptor type 2
O=C(NCc1cc(C(F)(F)F)cc(C(F)(F)F)c1)C(CCN1CCC2(CC1)OCCc1ccccc12)C1CC1,C-C chemokine receptor type 2
O=C(NC(=O)c1cccc(Cl)c1)Nc1ccc2c(c1)OCO2,C-C chemokine receptor type 2
O=C(CNC(=O)c1cccc([N+](=O)[O-])c1)N[C@@H]1CCN(Cc2ccc(Cl)cc2)C1,C-C chemokine receptor type 2
C[C@H]1CN([C@@H]2CC[C@](CC3CCC3)(C(=O)NCc3cc(C(F)(F)F)cc(C(F)(F)F)c3)C2)CC[C@]12C=Cc1ccccc12,C-C chemokine receptor type 2
CC(=O)Nc1ccc(CN2CC[C@@H](NC(=O)CNC(=O)c3cccc(C(F)(F)F)c3)C2)cc1,C-C chemokine receptor type 2
COc1ccccc1CN1CC[C@@H](NC(=O)CNC(=O)c2cccc(C(F)(F)F)c2)C1,C-C chemokine receptor type 2
CC1Cc2ccccc2C2(CCN(CCCC(=O)NCc3cc(C(F)(F)F)cc(C(F)(F)F)c3)CC2)O1,C-C chemokine receptor type 2
CNC(=O)Nc1nc(C(CCN2CCC(c3ccccc3)CC2)C(=O)NCc2cc(C(F)(F)F)cc(C(F)(F)F)c2)cs1,C-C chemokine receptor type 2
Cc1ccc([C@]2(C)C[C@@H](C)CC=C2C(=O)O)c2ccccc12,C-C chemokine receptor type 2
O=C1NC2(CCC(c3c[nH]c4ccccc34)CC2)NC1C1CCN(C(=O)/C=C/c2cc(F)c(F)c(F)c2)CC1,C-C chemokine receptor type 2
CCC[C@H](O)[C@H](CNCc1ccc(C)cc1C)NC(=O)CNc1n[nH]c2ccc(C(F)(F)F)cc12,C-C chemokine receptor type 2
C[N+](C)(Cc1ccc(NC(=O)c2ccccc2)cc1)C1CCOCC1,C-C chemokine receptor type 2
O=C(CNC(=O)c1cccc(C(F)(F)F)c1)N[C@@H]1CCN(Cc2ccc([N+](=O)[O-])cc2)C1,C-C chemokine receptor type 2
C[C@H]1CN(C2CCC(C(=O)NCc3cc(C(F)(F)F)cc(C(F)(F)F)c3)(C3CC3)C2)CC[C@]12C=Cc1ccccc12,C-C chemokine receptor type 2
O=C(/C=C/c1ccc(F)c(Br)c1)N1CCC(C(CO)N2CCC(c3c[nH]c4ccccc34)CC2)CC1,C-C chemokine receptor type 2
O=C(O)c1cc2cc(F)ccc2n1Cc1ccc(Cl)c(Cl)c1,C-C chemokine receptor type 2
O=C(O)c1cc2cc([N+](=O)[O-])ccc2n1Cc1ccc(Cl)c(Cl)c1,C-C chemokine receptor type 2
COc1ccc(-c2ccc3c(c2)CCC3N[C@@H]2CC[C@@](C(=O)N3CCc4ccc(C(F)(F)F)cc4C3)(C(C)C)C2)cc1,C-C chemokine receptor type 2
CCOc1ccc([C@]2(O)CC[C@@H](N3CC[C@@H](NC(=O)CNC(=O)c4cccc(C(F)(F)F)c4)C3)CC2)cn1,C-C chemokine receptor type 2
CN(C)CCN[C@H](C(=O)NCc1cccc(C(F)(F)F)c1)c1ccccc1,C-C chemokine receptor type 2
Nc1cc(CN2CC[C@@H](NC(=O)CNC(=O)c3cc(C(F)(F)F)ccc3N)C2)ccc1Cl,C-C chemokine receptor type 2
CN(C)CCNC(C(=O)NCc1cc(C(F)(F)F)cc(C(F)(F)F)c1)c1ccc(Cl)cc1,C-C chemokine receptor type 2
COC(=O)[C@H](CCCNC(=N)N)NC(=O)CCc1cc(-c2cc(Cl)cc(Cl)c2)nn1-c1ccc2ccccc2c1,C-C chemokine receptor type 2
COc1cc2c(cc1Br)C(C)CC2N[C@@H]1CC[C@@](C(=O)N2CCc3ccc(C(F)(F)F)cc3C2)(C(C)C)C1,C-C chemokine receptor type 2
O=C(/C=C/c1cc(F)c(F)c(F)c1)N1CCC([C@H](CO)N2CCC(c3c[nH]c4ccccc34)CC2)CC1,C-C chemokine receptor type 2
C[C@](CCN1CCC(c2ccccc2)CC1)(CNCc1cc(C(F)(F)F)cc(C(F)(F)F)c1)c1ccc(F)cc1,C-C chemokine receptor type 2
CN(C)C1CCC(NC(=O)CNC(=O)c2cccc(C(F)(F)F)c2)C(NCc2ccc(Cl)cc2)C1,C-C chemokine receptor type 2
O=C(NC(=O)c1ccc2c(c1)OCO2)Nc1ccc(O)c(Cl)c1,C-C chemokine receptor type 2
NC(=O)C(NC1CCC(c2c[nH]c3cccnc23)CC1)C1CCN(C(=O)Nc2ccc(Cl)c(Cl)c2)CC1,C-C chemokine receptor type 2
CC(CN1CCC(c2ccccc2)CC1)[C@H](CNCc1cc(C(F)(F)F)cc(C(F)(F)F)c1)c1ccc(F)cc1,C-C chemokine receptor type 2
CC(C)[C@]1(C(=O)N2CCc3ccc(C(F)(F)F)cc3C2)CC[C@@H](NC2CCc3cc(-c4ccccc4)ccc32)C1,C-C chemokine receptor type 2
C[C@H]1CN(CCC(C(=O)NCc2cc(C(F)(F)F)cc(C(F)(F)F)c2)C2CCC2)CC[C@@]12C=Cc1ccccc12,C-C chemokine receptor type 2
CCCN(C)[C@@H]1CC[C@H](NC(=O)CNC(=O)c2cccc(C(F)(F)F)c2)C[C@@H]1CS(=O)(=O)c1ccccc1,C-C chemokine receptor type 2
O=C(NCc1cc(C(F)(F)F)cc(C(F)(F)F)c1)[C@H](NCCN1CCCCC1)c1ccsc1,C-C chemokine receptor type 2
CN(C)CC/C=N/[C@H](C(=O)NCc1cc(C(F)(F)F)cc(C(F)(F)F)c1)c1ccccc1,C-C chemokine receptor type 2
C[C@H]1CN([C@@H]2CC[C@@]3(CCO[C@H]3OCc3cc(F)cc(C(F)(F)F)c3)C2)CC[C@@]12C=Cc1ccccc12,C-C chemokine receptor type 2
O=C(NC(=O)c1ccc2c(c1)OCO2)Nc1ccc(-c2ccccc2)cc1,C-C chemokine receptor type 2
O=C(NCc1cc(C(F)(F)F)cc(C(F)(F)F)c1)C(CCN1CCC2(CC1)OCCc1ccccc12)c1ccc(F)cc1,C-C chemokine receptor type 2
CCC[C@H](O)[C@H](CNCc1ccc(C)cc1C)NC(=O)CC(=O)Nc1cc(OC)cc(C(F)(F)F)c1,C-C chemokine receptor type 2
C[C@H]1CN(C2CCC(CC3CCC3)(C(=O)NCc3cc(F)cc(C(F)(F)F)c3)C2)CC[C@]12C=Cc1ccccc12,C-C chemokine receptor type 2
CC(=O)Nc1nc(C(CCN2CCN(c3ccc(F)cc3)CC2)C(=O)NCc2cc(C(F)(F)F)cc(C(F)(F)F)c2)cs1,C-C chemokine receptor type 2
[H][C@]1(NC(=O)C23CCC(CCCCC)(CC2)CC3)CCCCNC1=O,C-C chemokine receptor type 2
CCN(CC)CCCC(C)NC(=O)CCCc1cc(-c2cccc(OC)c2)nn1-c1ccc2ccccc2c1,C-C chemokine receptor type 2
O=C(NCc1cc(C(F)(F)F)cc(C(F)(F)F)c1)[C@@H](CCCN1CCCCC1)c1ccc(F)cc1,C-C chemokine receptor type 2
C[N+](C)(Cc1ccc(NC(=O)c2cccc(Cl)c2Cl)cc1)C1CCOCC1,C-C chemokine receptor type 2
O=C(N1C[C@@H]2C[C@H]1CN2c1cc(C(F)(F)F)ccn1)[C@@]12CCC[C@@H]1C[C@@H](N1CCOCC1)C2,C-C chemokine receptor type 2
O=C(CNC(=O)c1cccc(C(F)(F)F)c1)N[C@@H]1CCN(Cc2ccccc2)C1,C-C chemokine receptor type 2
O=C(O)c1c(F)cccc1Oc1ncc(Cl)cc1NS(=O)(=O)c1ccc(Cl)c(Cl)c1,C-C chemokine receptor type 2
O=C(CNC(=O)c1cccc(C(F)(F)F)c1)N[C@@H]1CCN(CCC2CCN(C(=O)c3cccnc3)CC2)C1,C-C chemokine receptor type 2
CC(CN1CCN(C(=O)c2ccccc2)CC1)N1CC[C@@H](NC(=O)CNC(=O)c2cccc(C(F)(F)F)c2)C1,C-C chemokine receptor type 2
O=C(NCCN1CCCC1)c1ccccc1Oc1ncc(Cl)cc1NS(=O)(=O)c1ccc(Cl)c(Cl)c1,C-C chemokine receptor type 2
O=C(/C=C/c1cc(F)cc(F)c1)N1CCC(C(CO)N2CCC(c3c[nH]c4ccccc34)CC2)CC1,C-C chemokine receptor type 2
COc1ccc(C2CCN(C[C@@H]3CC[C@H](NC(=O)/C=C/c4cc(Cl)cc(Cl)c4)C3)CC2)cc1,C-C chemokine receptor type 2
Cc1cccc(C2CCC(N3CCC(NC(=O)CNC(=O)c4cccc(C(F)(F)F)c4)CC3)CC2)c1,C-C chemokine receptor type 2
CCN(CC)CCCC(C)NC(=O)CCOc1cc(-c2cc(Cl)cc(Cl)c2)nn1-c1ccc2ccccc2c1,C-C chemokine receptor type 2
C[C@H]1CN(CCC(C(=O)NCc2cc(C(F)(F)F)cc(C(F)(F)F)c2)c2csc(N)n2)CCC12C=Cc1ccccc12,C-C chemokine receptor type 2
c1ccc(C(CCN2CCCN(Cc3ccccn3)CC2)c2ccccc2)cc1,C-C chemokine receptor type 2
CS(=O)(=O)c1cccc2c1cc(C(=O)O)n2Cc1ccc(Cl)c(Cl)c1,C-C chemokine receptor type 2
CC(C)[C@]1(C(=O)NCc2cc(C(F)(F)F)cc(C(F)(F)F)c2)CC[C@@H](NC2CCOC2)C1,C-C chemokine receptor type 2
O=C(CNC(=O)c1cccc(C(F)(F)F)c1)N[C@@H]1CCN(CCC2CCN(C(=O)Oc3ccccc3)CC2)C1,C-C chemokine receptor type 2
O=C(CNC(=O)c1cccc(C(F)(F)F)c1)N[C@@H]1CCN(CCC2CCN(C(=O)c3ccncc3)CC2)C1,C-C chemokine receptor type 2
CC(C)[C@]1(C(=O)NCc2cc(F)cc(C(F)(F)F)c2)CC[C@@H](N2CC[C@@]3(C=Cc4ccccc43)[C@@H](C)C2)C1,C-C chemokine receptor type 2
[H][C@]1(N[C@H]2CC[C@@](O)(c3ncccn3)CC2)CCN(C(=O)CNC(=O)c2cccc(C(F)(F)F)c2)C1,C-C chemokine receptor type 2
CC(=O)N(CCN(C)C)[C@H](C(=O)NCc1cc(C(F)(F)F)cc(C(F)(F)F)c1)c1ccccc1,C-C chemokine receptor type 2
O=C(O)c1cc2ccc(C(F)(F)F)cc2n1Cc1ccc(Cl)c(Cl)c1,C-C chemokine receptor type 2
Cc1ccc(CNC[C@H](NC(=O)CNC(=O)c2cccc(C(F)(F)F)c2)[C@@H](O)CC(C)(C)C)c(C)c1,C-C chemokine receptor type 2
O=C(CNC(=O)c1ccccc1)NC1CCN(Cc2ccc(Cl)cc2)C1,C-C chemokine receptor type 2
Cc1ccc(CNC[C@H](NC(=O)CNC(=O)c2cccc(C(F)(F)F)c2)[C@H](O)c2ccccc2)c(C)c1,C-C chemokine receptor type 2
NC(=O)C(NC1CCC(c2c[nH]c3ccccc23)CC1)C1CCN(C(=O)Nc2cccc(F)c2)CC1,C-C chemokine receptor type 2
CO[C@@H]1COCC[C@@H]1N[C@@H]1C[C@H]2CCC[C@@]2(C(=O)N2C[C@@H]3C[C@H]2CN3c2cccc(C(F)(F)F)c2)C1,C-C chemokine receptor type 2
Cc1ccc(CNC[C@H](NC(=O)CNC(=O)c2cccc(C(F)(F)F)c2)[C@H](O)Cc2ccccc2)c(C)c1,C-C chemokine receptor type 2
CN(C)CCN[C@H](CN(C)S(=O)(=O)c1cc(C(F)(F)F)cc(C(F)(F)F)c1)c1ccccc1,C-C chemokine receptor type 2
CCN(CC)C(C)CCCNC(=O)CCc1cc(-c2cc(Cl)cc(Cl)c2)nn1-c1ccc2ccccc2c1,C-C chemokine receptor type 2
CC(C)(C)N1CCN[C@@H](C(=O)N2CCN(C(=O)Nc3ncc(F)s3)CC2)C1,C-C chemokine receptor type 2
O=C(CNC(=O)c1cccc(C(F)(F)F)c1)NC1CCN(Cc2ccc(Cl)cc2)C1,C-C chemokine receptor type 2
CC(=O)N(Cc1cc(C(F)(F)F)cc(C(F)(F)F)c1)C[C@@H](NCCN(C)C)c1ccccc1,C-C chemokine receptor type 2
CS(=O)(=O)c1ccc(CN2CCCN(CCC(c3ccccc3)c3ccccc3)CC2)cc1,C-C chemokine receptor type 2
CCC[C@H](O)[C@H](CNCc1ccc(C)cc1C)N1CC[C@H](NC(=O)c2cc(C(F)(F)F)ccc2NC(=O)OC(C)(C)C)C1=O,C-C chemokine receptor type 2
CS(=O)(=O)c1ccc(CN2CCCN(CCC(O)(c3ccc(O)cc3)c3ccc(O)cc3)CC2)cc1,C-C chemokine receptor type 2
[H][C@@]12C[C@@H](NC3CCOCC3OC)C[C@]1(C(=O)N1CCc3ncc(C(F)(F)F)cc3C1)CC[S+]2[O-],C-C chemokine receptor type 2
CC(C)N(C)[C@H]1CC[C@@H](NC(=O)CNC(=O)c2cccc(C(F)(F)F)c2)CC1,C-C chemokine receptor type 2
O=C(O)C(C1CCN(C(=O)Nc2ccccc2)CC1)N1CCC(c2c[nH]c3ccccc23)CC1,C-C chemokine receptor type 2
O=C(CNC(=O)c1cccc(Cl)c1)N[C@@H]1CCN(Cc2ccc(Cl)cc2)C1,C-C chemokine receptor type 2
O=C(O)c1cc2ccccc2n1C(=O)c1ccc(Cl)c(Cl)c1,C-C chemokine receptor type 2
O=C(O)C(C1CCN(C(=O)/C=C/c2ccccc2)CC1)N1CCC(c2c[nH]c3ccccc23)CC1,C-C chemokine receptor type 2
CC(C)[C@]1(C(=O)N2CCc3ccc(C(F)(F)F)cc3C2)CC[C@@H](NC2CCc3cc(F)ccc32)C1,C-C chemokine receptor type 2
CS(=O)(=O)c1ccc(CN2CCCN(CCC(O)(c3cccc(O)c3)c3cccc(O)c3)CC2)cc1,C-C chemokine receptor type 2
CCNC(=O)NCC(C1CCN(C(=O)/C=C/c2cc(F)c(F)c(F)c2)CC1)N1CCC(c2c[nH]c3ccccc23)CC1,C-C chemokine receptor type 2
Clc1ccc(CN2CCCN(CCC(c3ccccc3)c3ccccc3)CC2)cc1,C-C chemokine receptor type 2
Cc1ccc2c(c1)OCC(C(=O)Nc1ccc(C[N+](C)(C)C3CCOCC3)cc1)=C2,C-C chemokine receptor type 2
O=C(/C=C/c1ccccc1Cl)NCCCCCN1CCC(c2c[nH]c3ccccc23)CC1,C-C chemokine receptor type 2
O=C(/C=C/c1ccc(F)cc1)NCCCCCN1CCC(c2ccc(Cl)cc2)CC1,C-C chemokine receptor type 2
O=C(/C=C/c1cccc(C(F)(F)F)c1)N1CCC(C(CO)N2CCC(c3c[nH]c4ccccc34)CC2)CC1,C-C chemokine receptor type 2
CO[C@@H]1COCC[C@@H]1N[C@@H]1C[C@H]2CCC[C@@]2(C(=O)N2C[C@@H]3C[C@H]2CN3c2nc(C(F)(F)F)cs2)C1,C-C chemokine receptor type 2
O=C1C(CCN2CCC(c3ccccc3)CC2)CCN1Cc1cc(C(F)(F)F)cc(C(F)(F)F)c1,C-C chemokine receptor type 2
CSc1ccc(CN[C@@H]2CCCC[C@@H]2NC(=O)CNC(=O)c2cc(C(F)(F)F)ccc2NC(=O)OC(C)(C)C)cc1,C-C chemokine receptor type 2
COc1ccc(C2CCN(C[C@H]3CC[C@@H](NC(=O)/C=C/c4cc(Cl)cc(Cl)c4)C3)CC2)cc1,C-C chemokine receptor type 2
CCc1ccc(CN2CC[C@@H](NC(=O)CNC(=O)c3cccc(C(F)(F)F)c3)C2)cc1,C-C chemokine receptor type 2
CC(=O)Nc1nc(C(CCN2CCC(c3ccc(F)cc3)CC2)C(=O)NCc2cc(C(F)(F)F)cc(C(F)(F)F)c2)cs1,C-C chemokine receptor type 2
N#Cc1c(C(=O)O)n(Cc2ccc(Cl)c(Cl)c2)c2ccccc12,C-C chemokine receptor type 2
COC1COCCC1NC1CC2OC(C)CC2(C(=O)N2CCc3ncc(C(F)(F)F)cc3C2)C1,C-C chemokine receptor type 2
O=C(NCc1cc(C(F)(F)F)cc(C(F)(F)F)c1)C(NCCN1CCOCC1)c1ccccc1,C-C chemokine receptor type 2
O=C(CNC(=O)c1ccccc1)NC1CCCN(Cc2ccc(Cl)cc2)C1,C-C chemokine receptor type 2
CC(C)[C@]1(C(=O)NCc2cc(C(F)(F)F)cc(C(F)(F)F)c2)CC[C@@H](N2CC[C@]3(C=Cc4ccccc43)[C@@H](C)C2)C1,C-C chemokine receptor type 2
CCN(CC)CCNC(C(=O)NCc1cc(C(F)(F)F)cc(C(F)(F)F)c1)c1ccccc1,C-C chemokine receptor type 2
Cc1ccccc1N1CCN(CCC(C(=O)NCc2cc(C(F)(F)F)cc(C(F)(F)F)c2)c2csc(N)n2)CC1,C-C chemokine receptor type 2
CCC[C@H](O)[C@H](CN(C)Cc1ccc(C)cc1C)NC(=O)CNC(=O)c1cc(C(F)(F)F)ccc1NC(=O)NC(C)C,C-C chemokine receptor type 2
CS(=O)(=O)c1ccc(Oc2ccccc2C(=O)O)c(NS(=O)(=O)c2ccc(Cl)cc2)c1,C-C chemokine receptor type 2
Cc1ccc(C(=O)N2CCN(CCN3CC[C@@H](NC(=O)CNC(=O)c4cccc(C(F)(F)F)c4)C3)CC2)cc1,C-C chemokine receptor type 2
C[C@H]1CN([C@@H]2CC[C@H](C(=O)NCc3cc(C(F)(F)F)cc(C(F)(F)F)c3)C2)CC[C@]12C=Cc1ccccc12,C-C chemokine receptor type 2
O=C(O)C(C1CCN(C(=O)/C=C/c2cc(F)c(F)c(F)c2)CC1)N1CCC(c2c[nH]c3ncccc23)CC1,C-C chemokine receptor type 2
CCC(CCCN(CC)CC)NC(=O)CCOc1cc(-c2cc(Cl)cc(Cl)c2)nn1-c1ccc2ccccc2c1,C-C chemokine receptor type 2
O=C(O)c1cc2ccccc2n1S(=O)(=O)c1ccc(Cl)c(Cl)c1,C-C chemokine receptor type 2
CC(=O)NCC(C1CCN(C(=O)/C=C/c2cc(F)c(F)c(F)c2)CC1)N1CCC(c2c[nH]c3ccccc23)CC1,C-C chemokine receptor type 2
CSc1ccc(CN2CC[C@@H](NC(=O)CNC(=O)c3cccc(C(F)(F)F)c3)C2)cc1,C-C chemokine receptor type 2
C[N+](C)(Cc1ccc(NC(=O)c2ccc(Cl)cc2Cl)cc1)C1CCOCC1,C-C chemokine receptor type 2
C[C@H]1CN([C@@H]2CC[C@](C)(C(=O)NCc3cc(C(F)(F)F)cc(C(F)(F)F)c3)C2)CC[C@]12C=Cc1ccccc12,C-C chemokine receptor type 2
O=C(O)C(C1CCN(C(=O)/C=C/c2cc(F)c(F)c(F)c2)CC1)N1CCC(c2c[nH]c3ccc(F)cc23)CC1,C-C chemokine receptor type 2
NC(=O)C(NC1CCC(c2c[nH]c3ccncc23)CC1)C1CCN(C(=O)/C=C/c2ccc(F)cc2)CC1,C-C chemokine receptor type 2
NC(=O)c1cc2ccccc2n1Cc1ccc(Cl)c(Cl)c1,C-C chemokine receptor type 2
O=C(NC(=O)c1ccc2c(c1)OCO2)Nc1ccc(Cl)c(Cl)c1,C-C chemokine receptor type 2
COC(=O)c1ccc2[nH]cc(C3CCN(C(CO)C4CCN(C(=O)Nc5ccc(Cl)c(Cl)c5)CC4)CC3)c2c1,C-C chemokine receptor type 2
CC(C)[C@]1(C(=O)N2CCc3ccc(C(F)(F)F)cc3C2)CC[C@@H](NC2CCc3cc(I)ccc32)C1,C-C chemokine receptor type 2
C[C@H]1CC=C(C(=O)O)[C@](C)(c2ccccc2)C1,C-C chemokine receptor type 2
NC(=O)C(NC1CCC(c2c[nH]c3ccccc23)CC1)C1CCN(C(=O)Nc2ccc(F)cc2)CC1,C-C chemokine receptor type 2
C[C@@H]1CC=C(C(=O)O)[C@@](C)(c2ccc(Cl)c(C(F)(F)F)c2)C1,C-C chemokine receptor type 2
O=C(CNC(=O)c1cccc(C(F)(F)F)c1)N[C@@H]1CCN(CCC2CCN(C(=O)c3ccc(Cl)c(Cl)c3)CC2)C1,C-C chemokine receptor type 2
CC(C)[C@]1(C(=O)NCc2cc(C(F)(F)F)cc(C(F)(F)F)c2)CC[C@@H](NC2CCC2)C1,C-C chemokine receptor type 2
CO[C@@H]1COCC[C@@H]1N(C)[C@@H]1C[C@H]2CCC[C@@]2(C(=O)N2C[C@@H]3C[C@H]2CN3c2cccc(C(F)(F)F)c2C#N)C1,C-C chemokine receptor type 2
NC(=O)C(N[C@H]1CC[C@H](C2CNc3ccccc32)CC1)C1CCN(C(=O)/C=C/c2cc(F)c(F)c(F)c2)CC1,C-C chemokine receptor type 2
O=C(O)C(C1CCN(C(=O)Nc2ccc(Cl)c(Cl)c2)CC1)N1CCC(c2c[nH]c3ccccc23)CC1,C-C chemokine receptor type 2
O=C(O)c1cc2ccc(Cl)cc2n1Cc1ccc(Cl)c(Cl)c1,C-C chemokine receptor type 2
CC(=O)N1CCCC(C(CCN2CCC3(C=Cc4ccccc43)CC2)C(=O)NCc2cc(C(F)(F)F)cc(C(F)(F)F)c2)C1,C-C chemokine receptor type 2
CC(=O)Nc1nc(C(CCN2CCN(c3ccccc3C)CC2)C(=O)NCc2cc(C(F)(F)F)cc(C(F)(F)F)c2)cs1,C-C chemokine receptor type 2
NC(=O)C(C1CCN(C(=O)/C=C/c2cc(F)c(F)c(F)c2)CC1)N1CCC(c2c[nH]c3ncccc23)CC1,C-C chemokine receptor type 2
C[C@H]1CC=C(C(=O)O)[C@](C)(c2cc(Cl)cc(Cl)c2)C1,C-C chemokine receptor type 2
O=C(CNC(=O)c1cccc(C(F)(F)F)c1)N[C@@H]1CCN(Cc2ccc(OC(F)(F)F)cc2)C1,C-C chemokine receptor type 2
Cc1cccc(C(O)(CCN2CCCN(Cc3ccc(S(C)(=O)=O)cc3)CC2)c2ccccc2)c1,C-C chemokine receptor type 2
COc1cccc2c(C3CCN(C(C(=O)O)C4CCN(C(=O)/C=C/c5cc(F)c(F)c(F)c5)CC4)CC3)c[nH]c12,C-C chemokine receptor type 2
C[N+](C)(Cc1ccc(NC(=O)c2ccc(Cl)c(Cl)c2)cc1)CC1CCOCC1,C-C chemokine receptor type 2
O=C(NCc1cc(C(F)(F)F)cc(C(F)(F)F)c1)[C@@H](CCN1CCC2(CCc3ccccc32)CC1)c1ccc(F)cc1,C-C chemokine receptor type 2
O=C(CNC(=O)c1cccc(C(F)(F)F)c1)N[C@@H]1CCN(CCC2CCN(S(=O)(=O)c3ccccc3)CC2)C1,C-C chemokine receptor type 2
O=C(NCc1cc(C(F)(F)F)cc(C(F)(F)F)c1)[C@H]1CC[C@@H](N2CCC3(C=Cc4ccccc43)CC2)C1,C-C chemokine receptor type 2
CC[C@H](C)[C@H](NC(=O)[C@H](CC(C)C)NC(=O)CN1CCCCNC(=O)NCCNCC(=O)N[C@@H](CC(C)C)C(=O)N[C@@H](C(C)C)C1=O)C(=O)N[C@@H](CC(C)C)C(N)=O,C-C chemokine receptor type 2
O=C(/C=C/c1ccc(Cl)c(Cl)c1)NCCN1CCC(c2c[nH]c3ccccc23)CC1,C-C chemokine receptor type 2
O=C(O)C(N[C@H]1CC[C@H](c2c[nH]c3ccccc32)CC1)C1CCN(C(=O)/C=C/c2cc(F)cc(F)c2)CC1,C-C chemokine receptor type 2
Nc1ccc(I)cc1C(=O)NCC(=O)N[C@@H]1CCN(Cc2ccc(Cl)cc2)C1,C-C chemokine receptor type 2
O=C(O)C(C1CCN(C(=O)Nc2ccc(OC(F)(F)F)cc2)CC1)N1CCC(c2c[nH]c3ccccc23)CC1,C-C chemokine receptor type 2
CC(C)(C)OC(=O)Nc1nc([C@H](CCN2CCC(c3ccccc3)CC2)C(=O)NCc2cc(C(F)(F)F)cc(C(F)(F)F)c2)cs1,C-C chemokine receptor type 2
[H][C@@]1(NC(=O)C23CC4CC(CC(C4)C2)C3)CCCCNC1=O,C-C chemokine receptor type 2
O=C(CNC(=O)c1cccc(C(F)(F)F)c1)NC1CCN(C2CCC(c3ccccc3)CC2)CC1,C-C chemokine receptor type 2
O=C(Nc1nc(C(CCN2CCC(c3ccccc3)CC2)C(=O)NCc2cc(C(F)(F)F)cc(C(F)(F)F)c2)cs1)C1CC1,C-C chemokine receptor type 2
COc1ccc(CN2CC[C@@H](NC(=O)CNC(=O)c3cc(C(F)(F)F)ccc3N)C2)cc1N,C-C chemokine receptor type 2
O=C(NCc1cc(C(F)(F)F)cc(C(F)(F)F)c1)[C@@H](CCN1CCC(C2CCCCC2)CC1)c1ccc(F)cc1,C-C chemokine receptor type 2
[H][C@]1(NC(=O)C(C)(C)CC)CCCCNC1=O,C-C chemokine receptor type 2
CO[C@@H]1COCC[C@@H]1N[C@@H]1C[C@H]2CCC[C@@]2(C(=O)N2C[C@@H]3C[C@H]2CN3c2nccc(C(F)(F)F)n2)C1,C-C chemokine receptor type 2
CCCC1COCCC1N[C@@H]1CC[C@@](C(=O)NCc2cc(C(F)(F)F)cc(C(F)(F)F)c2)(C(C)C)C1,C-C chemokine receptor type 2
Cc1cccc2c1CCC2N[C@@H]1CC[C@@](C(=O)N2CCc3ccc(C(F)(F)F)cc3C2)(C(C)C)C1,C-C chemokine receptor type 2
CC(C)C[C@]1(C(=O)NCc2cc(C(F)(F)F)cc(C(F)(F)F)c2)CC[C@@H](N2CC[C@]3(C=Cc4ccccc43)[C@@H](C)C2)C1,C-C chemokine receptor type 2
c1ccc(C(CCN2CCCN(Cc3ccncc3)CC2)c2ccccc2)cc1,C-C chemokine receptor type 2
CS(=O)(=O)c1ccc(CN2CCCN(CCC(O)(c3ccccc3)c3cccc(F)c3)CC2)cc1,C-C chemokine receptor type 2
[H][C@@]12C[C@@H](NC3CCOCC3OC)C[C@]1(C(=O)N1CCc3ncc(C(F)(F)F)cc3C1)CC(c1ccccc1)O2,C-C chemokine receptor type 2
O=C(NCc1cc(C(F)(F)F)cc(C(F)(F)F)c1)[C@@H](CCN1CCC2(C=Cc3ccccc32)CC1)C1CC1,C-C chemokine receptor type 2
O=C(NCc1cc(C(F)(F)F)cc(C(F)(F)F)c1)[C@@H](CCN1CCCCC1)c1ccc(F)cc1,C-C chemokine receptor type 2
CO[C@@H]1COCC[C@@H]1N[C@@H]1C[C@H]2CCC[C@@]2(C(=O)N2C[C@@H]3C[C@H]2CN3c2nccc(C(F)(F)F)c2C)C1,C-C chemokine receptor type 2
O=C(CNC(=O)c1cccc(C(F)(F)F)c1)NCC1CCN(Cc2ccc(Cl)cc2)CC1,C-C chemokine receptor type 2
COc1ccccc1C1CCN(CC2CCN(C(=O)/C=C/c3ccc(Cl)c(Cl)c3)CC2)CC1,C-C chemokine receptor type 2
CC[C@H](O)[C@H](CNCc1ccc(C)cc1C)NC(=O)CNC(=O)c1cc(C(F)(F)F)ccc1N,C-C chemokine receptor type 2
CN(C)[C@@H]1CC[C@H](NC(=O)CNC(=O)c2cccc(C(F)(F)F)c2)C[C@@H]1CS(=O)(=O)c1ccccc1,C-C chemokine receptor type 2
CO[C@@H]1COCC[C@@H]1N[C@@H]1CC[C@@](C(=O)N2CCc3ncc(C(F)(F)F)cc3C2)(C(C)C)C1,C-C chemokine receptor type 2
[H][C@]1(NC(=O)C(C)CCCCCCCCCC)CCCCNC1=O,C-C chemokine receptor type 2
CCC(CN1CCN(C(=O)c2ccccc2)CC1)N1CC[C@@H](NC(=O)CNC(=O)c2cccc(C(F)(F)F)c2)C1,C-C chemokine receptor type 2
O=C(CNC(=O)c1cccc(C(F)(F)F)c1)N[C@H]1CN([C@H]2CC[C@@H](c3ccccc3)CC2)C[C@@H]1OCc1ccccc1,C-C chemokine receptor type 2
Cc1cc(C)n(Cc2ccc(C(F)(F)F)cc2NS(=O)(=O)c2ccc(Cl)cc2)n1,C-C chemokine receptor type 2
[H][C@@]1(N[C@H]2CCOC[C@H]2OC)CC[C@](C(C)C)(N2CCN(C(=O)OC(C)(C)C)CC2)C1,C-C chemokine receptor type 2
CC(C)[C@]1(C(=O)N2CCc3ccc(C(F)(F)F)cc3C2)CC[C@@H](N[C@H]2CCc3cc(Br)ccc32)C1,C-C chemokine receptor type 2
C[N+](C)(Cc1ccc(NC(=O)c2cccc(C(F)(F)F)c2)cc1)C1CCOCC1,C-C chemokine receptor type 2
O=C(CNC(=O)c1cccc(C(F)(F)F)c1)N[C@@H]1CCN([C@H]2CC[C@](O)(c3cccnn3)CC2)C1,C-C chemokine receptor type 2
C[C@H]1CC=C(C(=O)O)[C@](C)(c2ccc(Cl)cc2)C1,C-C chemokine receptor type 2
N=C(N)Nc1nc(C(CCN2CCC(c3ccccc3)CC2)C(=O)NCc2cc(C(F)(F)F)cc(C(F)(F)F)c2)cs1,C-C chemokine receptor type 2
CSc1ccc(S(=O)(=O)C[C@@H]2C[C@H](N(C)C(C)C)CC[C@@H]2NC(=O)Cc2nc3ccc(C(F)(F)F)cc3[nH]2)cc1,C-C chemokine receptor type 2
O=C(CNC(=O)c1cccc(C(F)(F)F)c1)N[C@H]1CC[C@@H](N2CCCCC2)[C@@H](CS(=O)(=O)c2ccccc2)C1,C-C chemokine receptor type 2
[H][C@@]1([C@@H](C)CC)NC(=O)[C@H](CC(C)C)NC(=O)CN(C(=O)[C@@H](NC(=O)[C@H](CC(C)C)NC(=O)[C@@H](N)CCSC)C(C)C)CCNC(=O)NCCCCN(CC(N)=O)C1=O,C-C chemokine receptor type 2
CC(C)[C@]1(C(=O)NCc2cc(C(F)(F)F)cc(C(F)(F)F)c2)CC[C@@H](NC2CCOCC2F)C1,C-C chemokine receptor type 2
CC(C)[C@]1(C(=O)NCc2cc(C(F)(F)F)cc(C(F)(F)F)c2)CC[C@@H](NC2COC2)C1.O=C(O)C(F)(F)F,C-C chemokine receptor type 2
CCC[C@H](O)[C@H](CNCC(C)C)NC(=O)CNC(=O)c1cccc(C(F)(F)F)c1,C-C chemokine receptor type 2
CN(C)CCNC(C(=O)NCc1cc(C(F)(F)F)cc(C(F)(F)F)c1)c1ccco1,C-C chemokine receptor type 2
C[N+](C)(Cc1ccc(NC(=O)/C=C/c2cccc(F)c2)cc1)C1CCOCC1,C-C chemokine receptor type 2
[H][C@]1(N[C@H]2CC[C@@](O)(c3cccc(C)n3)CC2)CCN(C(=O)CNC(=O)c2cccc(C(F)(F)F)c2)C1,C-C chemokine receptor type 2
CN(C)CCN[C@H](CN(Cc1cc(C(F)(F)F)cc(C(F)(F)F)c1)S(C)(=O)=O)c1ccccc1,C-C chemokine receptor type 2
C[C@H]1CN(CCC(C(=O)NCc2cc(C(F)(F)F)cc(C(F)(F)F)c2)c2csc(NC(=O)c3ccccc3)n2)CC[C@]12C=Cc1ccccc12,C-C chemokine receptor type 2
CCc1ccc(C(=O)N2CCC(CCN3CC[C@@H](NC(=O)CNC(=O)c4cccc(C(F)(F)F)c4)C3)CC2)cc1,C-C chemokine receptor type 2
Nc1ccc2[nH]cc(C3CCN(C(CO)C4CCN(C(=O)/C=C/c5cc(F)c(F)c(F)c5)CC4)CC3)c2c1,C-C chemokine receptor type 2
O=C(CNC(=O)c1cccc(OC(F)(F)F)c1)N[C@@H]1CCN(Cc2ccc(Cl)cc2)C1,C-C chemokine receptor type 2
CC(=O)Nc1ncc(S(=O)(=O)NC(CCN2CCC3(C=Cc4ccccc43)CC2)C(=O)NCc2cc(C(F)(F)F)cc(C(F)(F)F)c2)s1,C-C chemokine receptor type 2
CC(C)[C@]1(C(=O)NCc2cc(C(F)(F)F)cc(C(F)(F)F)c2)CC[C@@H](NC2CCOc3ccccc32)C1,C-C chemokine receptor type 2
CCC[C@H](O)[C@H](CNCC1CCCCC1)NC(=O)CNC(=O)c1cccc(C(F)(F)F)c1,C-C chemokine receptor type 2
CCC[C@H](O)[C@H](CNCc1ccc(C)cc1C)NC(=O)CC(=O)Nc1cc(NC(=O)NCC)cc(C(F)(F)F)c1,C-C chemokine receptor type 2
O=C(CNC(=O)c1cccc(C(F)(F)F)c1)N[C@H]1CN([C@H]2CC[C@H](c3ccccc3)C2)C[C@@H]1O,C-C chemokine receptor type 2
COc1ccc(CN2CC[C@@H](NC(=O)CNC(=O)c3cc(C(F)(F)F)ccc3N)C2)cc1,C-C chemokine receptor type 2
O=C(O)C(N[C@H]1CC[C@H](c2c[nH]c3ccccc32)CC1)C1CCN(C(=O)/C=C/c2cc(F)c(F)c(F)c2)CC1,C-C chemokine receptor type 2
COC1COCCC1NC1CC2OCCC2(C(=O)N2CCc3ncc(C(F)(F)F)cc3C2)C1,C-C chemokine receptor type 2
O=C(O)c1cc2ccccc2n1Cc1ccc(Cl)c(Cl)c1,C-C chemokine receptor type 2
CCOc1cncc(-c2ccc3c(c2)CCC3N[C@@H]2CC[C@@](C(=O)N3CCc4ccc(C(F)(F)F)cc4C3)(C(C)C)C2)c1,C-C chemokine receptor type 2
C[C@H]1COCC[C@H]1N[C@@H]1C[C@H]2CCC[C@@]2(C(=O)N2C[C@@H]3C[C@H]2CN3c2cc(C(F)(F)F)ccn2)C1,C-C chemokine receptor type 2
COc1ccc2c(c1)CCOC21CCN(CCCC(=O)NCc2cc(C(F)(F)F)cc(C(F)(F)F)c2)CC1,C-C chemokine receptor type 2
CC(C)[C@]1(C(=O)N2CCc3ccc(C(F)(F)F)cc3C2)CC[C@@H](NC2CCc3c(O)cccc32)C1,C-C chemokine receptor type 2
CN(C)CCNC(C(=O)NCc1cc(C(F)(F)F)cc(C(F)(F)F)c1)c1cccc(Br)c1,C-C chemokine receptor type 2
O=C(O)c1ccccc1Oc1ccc(Cl)cc1NS(=O)(=O)c1cccc(Cl)c1,C-C chemokine receptor type 2
Cc1ccc(CNC[C@H](NC(=O)CNC(=O)c2cccc(C(F)(F)F)c2)[C@H](O)CC(C)C)c(C)c1,C-C chemokine receptor type 2
O=C(CCNC(=O)c1ccccc1)NCC1CCCN1Cc1ccc(Cl)cc1,C-C chemokine receptor type 2
C[C@H]1CC=C(C(=O)NS(=O)(=O)c2ccccc2)[C@](C)(c2ccc(Cl)c(Cl)c2)C1,C-C chemokine receptor type 2
[H][C@]1(N[C@H]2CC[C@@](O)(c3cc(C)ccn3)CC2)CCN(C(=O)CNC(=O)c2cccc(C(F)(F)F)c2)C1,C-C chemokine receptor type 2
C[C@H]1CC=C(C(=O)O)[C@](C)(c2cc(C(F)(F)F)cc(C(F)(F)F)c2)C1,C-C chemokine receptor type 2
CC(C)[C@]1(C(=O)NCc2cc(C(F)(F)F)cc(C(F)(F)F)c2)CC[C@@H](NC2CCOCC2(C)C)C1,C-C chemokine receptor type 2
O=C(/C=C/c1ccc(Cl)c(Cl)c1)NCc1cccc(CN2CCC(c3c[nH]c4ccccc34)CC2)c1,C-C chemokine receptor type 2
CC(C)C[C@@H]1C(=O)N[C@@H](Cc2c[nH]c3ccccc23)C(=O)N1C,C-C chemokine receptor type 2
Nc1ccc(Cl)cc1C(=O)NCC(=O)N[C@@H]1CCN(Cc2ccc(Cl)cc2)C1,C-C chemokine receptor type 2
C[C@@H]1COCC[C@H]1N[C@@H]1C[C@H]2CCC[C@@]2(C(=O)N2C[C@@H]3C[C@H]2CN3c2cc(C(F)(F)F)ccn2)C1,C-C chemokine receptor type 2
O=C(O)C(C1CCN(C(=O)Nc2cccc(Cl)c2Cl)CC1)N1CCC(c2c[nH]c3ccccc23)CC1,C-C chemokine receptor type 2
O=C(NCc1cc(C(F)(F)F)cc(C(F)(F)F)c1)C(CCN1CCC2(C=Cc3ccccc32)CC1)Cc1ccccc1,C-C chemokine receptor type 2
O=C(NCc1cc(C(F)(F)F)cc(C(F)(F)F)c1)[C@H](CCN1CCC(c2ccccc2)CC1)c1ccc(F)cc1,C-C chemokine receptor type 2
COC1COCCC1NC1CC2OCCC2(C(=O)N2CCc3ccc(C(F)(F)F)cc3C2)C1,C-C chemokine receptor type 2
CC(C)[C@]1(C(=O)NCc2cc(C(F)(F)F)cc(C(F)(F)F)c2)CC[C@@H](NC2CCS(=O)(=O)CC2)C1,C-C chemokine receptor type 2
O=C(/C=C/c1ccc(Cl)c(Cl)c1)N[C@H]1CC[C@@H](CN2CCC(c3c[nH]c4ccccc34)CC2)CC1,C-C chemokine receptor type 2
CNC(=O)Nc1nc([C@@H](CCN2CCC(c3ccccc3)CC2)C(=O)NCc2cc(C(F)(F)F)cc(C(F)(F)F)c2)cs1,C-C chemokine receptor type 2
CC(=O)Nc1nc(C(CCN2CCC3(C=Cc4ccccc43)CC2)C(=O)NCc2cc(C(F)(F)F)cc(C(F)(F)F)c2)cs1,C-C chemokine receptor type 2
[H][C@]12CCCN1C(=O)[C@@H](Cc1cc(Cl)c(O)c(Cl)c1)NC2=O,C-C chemokine receptor type 2
C[C@H]1CN([C@@H]2CCC3(CCN(Cc4cc(F)cc(C(F)(F)F)c4)C3=O)C2)CC[C@@]12C=Cc1ccccc12,C-C chemokine receptor type 2
CC(C)[C@]1(C(=O)NCc2cc(C(F)(F)F)cc(C(F)(F)F)c2)CC[C@@H](N2CCC(c3cccnn3)CC2)C1,C-C chemokine receptor type 2
Nc1ccc(C(F)(F)F)cc1C(=O)NCC(=O)N[C@@H]1CCN(Cc2ccc(O)cc2)C1,C-C chemokine receptor type 2
CCN[C@@H]1CC[C@H](NC(=O)CNC(=O)c2cccc(C(F)(F)F)c2)C[C@@H]1CS(=O)(=O)c1ccccc1,C-C chemokine receptor type 2
CCN(C(C)C)[C@@H]1CC[C@H](N2CCC(c3nc4cccc(C(F)(F)F)c4[nH]3)C2=O)[C@H](CS(=O)(=O)c2ccccc2)C1,C-C chemokine receptor type 2
CN(C)CCN[C@H](CNC(=O)c1cc(C(F)(F)F)cc(C(F)(F)F)c1)c1ccccc1,C-C chemokine receptor type 2
CO[C@@H]1COCC[C@@H]1N[C@@H]1C[C@H]2CCC[C@@]2(C(=O)N2C[C@@H]3C[C@H]2CN3c2ccc(C(F)(F)F)cn2)C1,C-C chemokine receptor type 2
CCC[C@H](O)[C@H](CNCc1ccc(C)cc1C)NC(=O)CNC(=O)c1cc(C(F)(F)F)ccc1NC(C)C,C-C chemokine receptor type 2
O=S(=O)(NCCCCCN1CCC(c2c[nH]c3ccccc23)CC1)c1ccc(Cl)c(Cl)c1,C-C chemokine receptor type 2
COC1COCCC1NC1CC2OC(=O)CC2(C(=O)N2CCc3ncc(C(F)(F)F)cc3C2)C1,C-C chemokine receptor type 2
CC(=O)n1cc(C2CCN(C(C(=O)O)C3CCN(C(=O)/C=C/c4cc(F)cc(F)c4)CC3)CC2)c2ccccc21,C-C chemokine receptor type 2
CC[C@H](C)[C@H](NC(=O)[C@H](CC(C)C)NC(=O)[C@@H](NC(=O)[C@@H](N)C(C)C)C(C)C)C(=O)N[C@@H](CC(C)C)C(=O)O,C-C chemokine receptor type 2
Cc1csc(C(=O)NNC(=O)CNC2CCN(Cc3ccc(Cl)cc3)C2)c1,C-C chemokine receptor type 2
CN(C)CCCCNC(=O)CCc1cc(-c2cc(Cl)cc(Cl)c2)nn1-c1ccc2ccccc2c1,C-C chemokine receptor type 2
CCCCc1ccc(/C=C/C(=O)NCCCCCN2CCC(c3c[nH]c4ccccc34)CC2)cc1,C-C chemokine receptor type 2
COc1cc(OC)cc(C2CCC(N3CCC(NC(=O)CNC(=O)c4cccc(C(F)(F)F)c4)CC3)CC2)c1,C-C chemokine receptor type 2
C[C@H]1CC=C(C(=O)NS(C)(=O)=O)[C@](C)(c2ccc(Cl)c(Cl)c2)C1,C-C chemokine receptor type 2
CCC[C@H](O)[C@H](CNCc1ccc(C)cc1C)NC(=O)CC(=O)Nc1cc(NC(=O)OC(C)(C)C)cc(C(F)(F)F)c1,C-C chemokine receptor type 2
COc1ccc(C2CCN(CC3CCC(NC(=O)/C=C/c4ccc(Cl)c(Cl)c4)C3)CC2)cc1,C-C chemokine receptor type 2
O=C(NC(=O)c1ccc2c(c1)OCO2)Nc1cccc(C(F)(F)F)c1,C-C chemokine receptor type 2
CNC(=O)Nc1nc([C@@H](CCN2CCC3(C=Cc4ccccc43)CC2)C(=O)NCc2cc(C(F)(F)F)cc(C(F)(F)F)c2)cs1,C-C chemokine receptor type 2
O=C(NCc1cc(C(F)(F)F)cc(C(F)(F)F)c1)[C@@H](CCN1CCN(c2ccccc2)CC1)c1ccc(F)cc1,C-C chemokine receptor type 2
O=C(CNC(=O)c1cccc(C(F)(F)F)c1)N[C@@H]1CCN(Cc2ccccc2Cl)C1,C-C chemokine receptor type 2
CCCC(CCN1CCC(c2ccccc2)CC1)C(=O)NCc1cc(C(F)(F)F)cc(C(F)(F)F)c1,C-C chemokine receptor type 2
CC(C)[C@]1(C(=O)N2CCc3ccc(C(F)(F)F)cc3C2)CC[C@@H](NC2CCc3cc(-c4cccc(C#N)c4)ccc32)C1,C-C chemokine receptor type 2
O=C(NCc1cc(C(F)(F)F)cc(C(F)(F)F)c1)C(CCN1CCC2(C=Cc3ccccc32)CC1)NS(=O)(=O)c1ccccc1,C-C chemokine receptor type 2
O=C(Nc1ccc(Cl)c(Cl)c1)N1CCC(C(CO)N2CCC(c3c[nH]c4ncccc34)CC2)CC1,C-C chemokine receptor type 2
CN(C)CCS[C@H](C(=O)NCc1cc(C(F)(F)F)cc(C(F)(F)F)c1)c1ccccc1,C-C chemokine receptor type 2
[H][C@]1(N[C@H]2CC[C@@](O)(c3ccccc3)CC2)CCN(C(=O)CNC(=O)c2cccc(C(F)(F)F)c2)C1,C-C chemokine receptor type 2
CCN(CC)CCCC(C)NC(=O)CCCc1cc(-c2cccc(C(F)(F)F)c2)nn1-c1ccc2ccccc2c1,C-C chemokine receptor type 2
O=C(NCc1cc(C(F)(F)F)cc(C(F)(F)F)c1)[C@@H]1CC[C@@H](N2CCC(c3ccccc3)CC2)C1,C-C chemokine receptor type 2
C[C@H]1CN(C2CCC(CC3CC3)(C(=O)NCc3cc(F)cc(C(F)(F)F)c3)C2)CC[C@]12C=Cc1ccccc12,C-C chemokine receptor type 2
COc1ccc(C2CCN(CC3CCN(C(=O)/C=C/c4ccc(Cl)c(Cl)c4)CC3)CC2)cc1,C-C chemokine receptor type 2
Cc1ccccc1C(=O)N1CCC(CCN2CC[C@@H](NC(=O)CNC(=O)c3cccc(C(F)(F)F)c3)C2)CC1,C-C chemokine receptor type 2
O=C(NCCCCCN1CCC(c2c[nH]c3ccccc23)CC1)c1ccc(Br)cc1,C-C chemokine receptor type 2
O=C(CNC(=O)c1cccc(C(F)(F)F)c1)N[C@@H]1CCN(CCN2CCN(C(=O)c3ccc(F)cc3)CC2)C1,C-C chemokine receptor type 2
CCC[C@H](O)[C@H](CNCc1ccc(C)cc1C)NC(=O)CC(=O)Nc1cc(C(F)(F)F)cc(C(F)(F)F)c1,C-C chemokine receptor type 2
Nc1ccc(OC(F)(F)F)cc1C(=O)NCC(=O)N[C@@H]1CCN(Cc2ccc(Cl)cc2)C1,C-C chemokine receptor type 2
CS(=O)(=O)c1ccc(CN2CCCN(CCC(O)(c3cccc(O)c3)c3cccc(F)c3)CC2)cc1,C-C chemokine receptor type 2
Cc1ccc(CN2CC[C@@H](NC(=O)CNC(=O)c3cc(C(F)(F)F)ccc3N)C2)cc1N,C-C chemokine receptor type 2
CC[C@@H]1COCC[C@@H]1N[C@@H]1C[C@H]2CCC[C@@]2(C(=O)N2C[C@@H]3C[C@H]2CN3c2cc(C(F)(F)F)ccn2)C1,C-C chemokine receptor type 2
O=C(Nc1cc(F)cc(F)c1)N1CCC(C(CO)N2CCC(c3c[nH]c4ccccc34)CC2)CC1,C-C chemokine receptor type 2
[H][C@]1(NC(=O)C(C)(CCl)CCl)CCCCNC1=O,C-C chemokine receptor type 2
COC(=O)Nc1nc([C@H](CCN2CCC(c3ccccc3)CC2)C(=O)NCc2cc(C(F)(F)F)cc(C(F)(F)F)c2)cs1,C-C chemokine receptor type 2
CO[C@@H]1COCC[C@@H]1N[C@@H]1C[C@H]2CCC[C@@]2(C(=O)N2C[C@@H]3C[C@H]2CN3c2cc(C(F)(F)F)ccc2C)C1,C-C chemokine receptor type 2
O=C(CCCC(=O)c1ccccc1)NCC1CCCN1Cc1ccc(Cl)cc1,C-C chemokine receptor type 2
C[N+](C)(Cc1ccc(NC(=O)c2ccc(Cl)c(Cl)c2)cc1)C1CCCC1,C-C chemokine receptor type 2
O=C(/C=C/c1ccc(Cl)c(Cl)c1)N[C@H]1CC[C@H](CN2CCC(c3c[nH]c4ccc(O)cc34)CC2)CC1,C-C chemokine receptor type 2
O=C(CNC(=O)c1cccc(C(F)(F)F)c1)N[C@@H]1CCN([C@H]2CC[C@](O)(c3cncnc3)CC2)C1,C-C chemokine receptor type 2
[H][C@]1(NC(=O)C(C)(C)CC=C)CCCCNC1=O,C-C chemokine receptor type 2
COc1cc2c(cc1Br)CCC2N[C@@H]1CC[C@@](C(=O)N2CCc3ccc(C(F)(F)F)cc3C2)(C(C)C)C1,C-C chemokine receptor type 2
O=C(O)c1cc2c(F)cccc2n1Cc1ccc(Cl)c(Cl)c1,C-C chemokine receptor type 2
CSc1ccc(S(=O)(=O)C[C@@H]2C[C@H](N(C)C(C)C)CC[C@@H]2NC(=O)Cc2nc3cccc(C(F)(F)F)c3[nH]2)cc1,C-C chemokine receptor type 2
CS(=O)(=O)c1ccc(CN2CCCN(CCC(O)(c3ccc(-c4ccccc4)cc3)c3ccc(-c4ccccc4)cc3)CC2)cc1,C-C chemokine receptor type 2
CO[C@@H]1COCC[C@@H]1N[C@@H]1C[C@H]2CCC[C@@]2(C(=O)N2C[C@@H]3C[C@H]2CN3c2ccc(C#N)c(C(F)(F)F)c2)C1,C-C chemokine receptor type 2
O=C(NCc1cc(C(F)(F)F)cc(C(F)(F)F)c1)C(NCCN1CCCCC1)c1ccccc1,C-C chemokine receptor type 2
CCN(CC)CCCC(C)NC(=O)CCCc1cc(-c2cccc(F)c2)nn1-c1ccc2ccccc2c1,C-C chemokine receptor type 2
N#Cc1ccc(Oc2ccccc2C(=O)O)c(NS(=O)(=O)c2ccc(Cl)cc2)c1,C-C chemokine receptor type 2
CN(C)CCN[C@H](C(=O)NCc1ccccc1C(F)(F)F)c1ccccc1,C-C chemokine receptor type 2
C[C@H](CCN1CCC2(C=Cc3ccccc32)CC1)C(=O)NCc1cc(C(F)(F)F)cc(C(F)(F)F)c1,C-C chemokine receptor type 2
COc1ccc2[nH]cc(C3CCN(CCCCCNC(=O)/C=C/c4ccc(Cl)c(Cl)c4)CC3)c2c1,C-C chemokine receptor type 2
O=C(NCc1cc(C(F)(F)F)cc(C(F)(F)F)c1)[C@@H](CCN1CCC(c2ccsc2)CC1)c1ccc(F)cc1,C-C chemokine receptor type 2
COc1ccc2[nH]cc(C3CCN(C(CO)C4CCN(C(=O)/C=C/c5cc(F)c(F)c(F)c5)CC4)CC3)c2c1,C-C chemokine receptor type 2
O=C(NCc1cc(C(F)(F)F)cc(C(F)(F)F)c1)[C@@H](CCN1CCC(c2ccccc2)C1)c1ccc(F)cc1,C-C chemokine receptor type 2
C[C@H]1CN(C2CCC(CC3CC3)(C(=O)NCc3cc(C(F)(F)F)cc(C(F)(F)F)c3)C2)CC[C@]12C=Cc1ccccc12,C-C chemokine receptor type 2
CC(C)[C@]1(C(=O)NCc2cc(C(F)(F)F)cc(C(F)(F)F)c2)CC[C@@H](NC2CCNCC2)C1,C-C chemokine receptor type 2
CC(C)[C@]1(C(=O)NCc2cc(C(F)(F)F)cc(C(F)(F)F)c2)CC[C@@H](NCC2CCOCC2)C1,C-C chemokine receptor type 2
O=C(O)c1ccccc1Oc1ccc(Cl)cc1NS(=O)(=O)c1ccc(Cl)cc1,C-C chemokine receptor type 2
CC[C@H](C)[C@H](NC(=O)CN1CCCCNC(=O)NCCN(C(=O)[C@@H](N)CCSC)CC(=O)N[C@@H](C(C)C)C(=O)N[C@@H](C(C)C)C1=O)C(=O)N[C@@H](CC(C)C)C(N)=O,C-C chemokine receptor type 2
O=C(O)C(N[C@H]1CC[C@H](c2c[nH]c3ccccc32)CC1)C1CCN(C(=O)Nc2ccc(Cl)c(Cl)c2)CC1,C-C chemokine receptor type 2
[H][C@]1(NC(=O)CC(C)(C)CCCCCCCCC)CCCCNC1=O,C-C chemokine receptor type 2
O=C(NCCN1CCCCC1)c1ccc(Oc2ncc(Cl)cc2NS(=O)(=O)c2ccc(Cl)c(Cl)c2)cc1,C-C chemokine receptor type 2
C[C@H]1CN(CCC(C(=O)NCc2cc(C(F)(F)F)cc(C(F)(F)F)c2)c2csc(NC(=O)Cc3ccccn3)n2)CC[C@]12C=Cc1ccccc12,C-C chemokine receptor type 2
CCN(CC)CCCC(C)NC(=O)CCCc1cc(-c2ccc(Cl)cc2)nn1-c1ccc2ccccc2c1,C-C chemokine receptor type 2
Cc1cccc(C(=O)NCC(=O)N[C@@H]2CCN(Cc3ccc(Cl)cc3)C2)c1,C-C chemokine receptor type 2
Cc1cccc(C(=O)NCC(=O)NC2CCN(Cc3ccc(Cl)cc3)C2)c1,C-C chemokine receptor type 2
CCCN1CCCN(CCC(c2ccccc2)c2ccccc2)CC1,C-C chemokine receptor type 2
CCC1CN(CC[C@H](C(=O)NCc2cc(C(F)(F)F)cc(C(F)(F)F)c2)c2ccc(F)cc2)CCC12C=Cc1ccccc12,C-C chemokine receptor type 2
COc1ccc(CNC2CC(N(C)C)CCC2NC(=O)CNC(=O)c2cccc(C(F)(F)F)c2)cc1,C-C chemokine receptor type 2
C[C@H]1CN([C@@H]2CC[C@@](C(=O)NCc3cc(F)cc(C(F)(F)F)c3)(C3CC3)C2)CC[C@]12C=Cc1ccccc12,C-C chemokine receptor type 2
O=C(NCc1cc(C(F)(F)F)cc(C(F)(F)F)c1)C(CCN1CCC2(C=Cc3ccccc32)CC1)C1CC1,C-C chemokine receptor type 2
[H][C@]1(NC(=O)C2CCCCC2)CCCCNC1=O,C-C chemokine receptor type 2
CCC1CC2(C(=O)N3CCc4ncc(C(F)(F)F)cc4C3)CC(NC3CCOCC3OC)CC2O1,C-C chemokine receptor type 2
CO[C@@H]1COCC[C@@H]1N[C@@H]1C[C@H]2CCC[C@@]2(C(=O)N2C[C@@H]3C[C@H]2CN3c2cc(C(F)(F)F)ccc2C(F)(F)F)C1,C-C chemokine receptor type 2
CC(C)[C@]1(C(=O)NCc2cc(C(F)(F)F)cc(C(F)(F)F)c2)CC[C@@H](N2CCC(c3ccc(Cl)nn3)CC2)C1,C-C chemokine receptor type 2
CS(=O)(=O)c1ccc(CN2CCCN(CCC(O)(c3ccc(F)cc3)c3ccc(F)cc3)CC2)cc1,C-C chemokine receptor type 2
C[C@@]1(c2ccc(Cl)cc2)CCCC=C1C(=O)O,C-C chemokine receptor type 2
CC(NC(=O)c1cccc(C(F)(F)F)c1)C(=O)N[C@@H]1CCN(Cc2ccc(Cl)cc2)C1,C-C chemokine receptor type 2
O=C(NC(=O)c1ccc2c(c1)OCO2)Nc1cccc(-c2ccccc2)c1,C-C chemokine receptor type 2
O=C(CNC(=O)c1cccc(C(F)(F)F)c1)N[C@@H]1CCN(CCC2CCN(C(=O)c3ccc(Cl)cc3)CC2)C1,C-C chemokine receptor type 2
CO[C@@H]1COCC[C@@H]1N[C@@H]1C[C@H]2CCC[C@@]2(C(=O)N2C[C@@H]3C[C@H]2CN3c2cc(C(F)(F)F)ccn2)C1,C-C chemokine receptor type 2
COC(=O)[C@H](CCCNC(=N)N)NC(=O)CCCOc1cc(-c2cc(Cl)cc(Cl)c2)nn1-c1ccc2ccccc2c1,C-C chemokine receptor type 2
CN(C)CCN[C@H](C(=O)NCc1ccc(C(F)(F)F)cc1)c1ccccc1,C-C chemokine receptor type 2
O=C(O)c1cc2cccc(Cl)c2n1Cc1ccc(Cl)c(Cl)c1,C-C chemokine receptor type 2
CCCCCCC1(C(=O)NCc2cc(C(F)(F)F)cc(C(F)(F)F)c2)CCC(N2CC[C@]3(C=Cc4ccccc43)[C@@H](C)C2)C1,C-C chemokine receptor type 2
NC(=O)C(NC1CCC(c2c[nH]c3ccccc23)CC1)C1CCN(C(=O)/C=C/c2ccc3c(c2)CCC3)CC1,C-C chemokine receptor type 2
O=C(COc1n[nH]c2ccc(C(F)(F)F)cc12)NC1CN([C@H]2CC[C@@H](c3ccccc3)CC2)C1,C-C chemokine receptor type 2
O=C(CNC(=O)c1cccc(C(F)(F)F)c1)NC1CCCN(Cc2ccc(Cl)cc2)C1,C-C chemokine receptor type 2
COc1ccc(C2CCN(CC3CCC(NC(=O)/C=C/c4cc(F)cc(F)c4)C3)CC2)cc1,C-C chemokine receptor type 2
FC(F)(F)c1ccc(CN2CCCN(CCC(c3ccccc3)c3ccccc3)CC2)cc1,C-C chemokine receptor type 2
C[N+](C)(Cc1ccc(NC(=O)c2ccc(F)c(Cl)c2)cc1)C1CCOCC1,C-C chemokine receptor type 2
Cc1ccc(CNC[C@H](NC(=O)CNC(=O)c2cccc(C(F)(F)F)c2)[C@@H](O)C(C)C)c(C)c1,C-C chemokine receptor type 2
COCC1(C(=O)NCc2cc(C(F)(F)F)cc(C(F)(F)F)c2)CCC(N2CC[C@]3(C=Cc4ccccc43)[C@@H](C)C2)C1,C-C chemokine receptor type 2
O=C(CCCN1CCC2(CC1)OCCc1ccccc12)NCc1cc(C(F)(F)F)cc(C(F)(F)F)c1,C-C chemokine receptor type 2
Cc1csc(C(=O)NNC(=O)CN2CCCC2CNCCC(c2ccccc2)c2ccccc2)c1,C-C chemokine receptor type 2
CC1CN(CC[C@H](C(=O)NCc2cc(C(F)(F)F)cc(C(F)(F)F)c2)c2ccc(F)cc2)CCN1c1ccccc1,C-C chemokine receptor type 2
CC(C)N1CCN[C@@H](C(=O)N2CCN(C(=O)Nc3nc(C(C)(C)C)c(F)s3)CC2)C1,C-C chemokine receptor type 2
O=C(O)c1ccccc1Oc1cnccc1NS(=O)(=O)c1ccc(Cl)c(Cl)c1,C-C chemokine receptor type 2
C[C@@]1(c2cccc(Cl)c2)CCCC=C1C(=O)O,C-C chemokine receptor type 2
CCC[C@]1(C(=O)NCc2cc(C(F)(F)F)cc(C(F)(F)F)c2)CC[C@@H](N2CC[C@]3(C=Cc4ccccc43)[C@@H](C)C2)C1,C-C chemokine receptor type 2
[H][C@]1(N[C@H]2CC[C@@](O)(c3ccc(OC)nc3)CC2)CCN(C(=O)CNC(=O)c2cccc(C(F)(F)F)c2)C1,C-C chemokine receptor type 2
O=C(/C=C/c1cc(F)c(F)c(F)c1)NCCCCN1CCC(c2ccc(Cl)cc2)CC1,C-C chemokine receptor type 2
O=C(CNC(=O)c1cccc(C(F)(F)F)c1)NC1CCN(C2CCCC(c3ccccc3)C2)CC1,C-C chemokine receptor type 2
O=C(O)c1cncc(Oc2ncc(Cl)cc2NS(=O)(=O)c2ccc(Cl)c(Cl)c2)c1,C-C chemokine receptor type 2
O=C(CNC(=O)c1ccccc1C(F)(F)F)N[C@@H]1CCN(Cc2ccc(Cl)cc2)C1,C-C chemokine receptor type 2
CO[C@@H]1COCC[C@@H]1N(C)[C@@H]1C[C@H]2CCC[C@@]2(C(=O)N2C[C@@H]3C[C@H]2CN3c2cc(C#N)cc(C(F)(F)F)c2)C1,C-C chemokine receptor type 2
CC(C[C@H](CNCc1cc(C(F)(F)F)cc(C(F)(F)F)c1)c1ccc(F)cc1)N1CCC(c2ccccc2)CC1,C-C chemokine receptor type 2
CCC[C@H](O)[C@H](CNCc1ccc(C)cc1C)NC(=O)CNC(=O)c1cc(C(F)(F)F)ccc1NC(=O)NC,C-C chemokine receptor type 2
O=C(CNC(=O)c1cccc(C(F)(F)F)c1)N[C@@H]1CCN([C@H]2CC[C@](O)(c3cccnc3)CC2)C1,C-C chemokine receptor type 2
C[C@H]1CN(CCCC(=O)NCc2cc(C(F)(F)F)cc(C(F)(F)F)c2)CC[C@@]12C=Cc1ccccc12,C-C chemokine receptor type 2
CCCCC(CCCN(CC)CC)NC(=O)CCOc1cc(-c2cc(Cl)cc(Cl)c2)nn1-c1ccc2ccccc2c1,C-C chemokine receptor type 2
Cc1ccc([C@]2(O)CC[C@H](N3CC[C@H](NC(=O)CNC(=O)c4cccc(C(F)(F)F)c4)C3)CC2)cc1,C-C chemokine receptor type 2
CNC(=O)Nc1nc([C@H](CCN2CCC(c3ccccc3)CC2)C(=O)NCc2cc(C(F)(F)F)cc(C(F)(F)F)c2)cs1,C-C chemokine receptor type 2
C[C@H]1CN(CC[C@H](C(=O)NCc2cc(C(F)(F)F)cc(C(F)(F)F)c2)C2CCC2)CC[C@@]12C=Cc1ccccc12,C-C chemokine receptor type 2
C[C@H]1CN([C@@H]2CC[C@](C)(C(=O)NCc3cc(F)cc(C(F)(F)F)c3)C2)CC[C@]12C=Cc1ccccc12,C-C chemokine receptor type 2
[H][C@]1(NC(=O)C(C)(C)CCC)CCCCNC1=O,C-C chemokine receptor type 2
C[C@@H]1COCC[C@@H]1N[C@@H]1C[C@H]2CCC[C@@]2(C(=O)N2C[C@@H]3C[C@H]2CN3c2cc(C(F)(F)F)ccn2)C1,C-C chemokine receptor type 2
N#Cc1ccc(CN2CCCN(CCC(c3ccccc3)c3ccccc3)CC2)cc1,C-C chemokine receptor type 2
CCN(CC)CCCC(CC(C)C)NC(=O)CCOc1cc(-c2cc(Cl)cc(Cl)c2)nn1-c1ccc2ccccc2c1,C-C chemokine receptor type 2
CC(C)[C@]1(C(=O)NCc2cc(C(F)(F)F)cc(C(F)(F)F)c2)CC[C@@H](N2CCC(c3ncccn3)CC2)C1,C-C chemokine receptor type 2
CC1COCC(C)C1N[C@@H]1CC[C@@](C(=O)NCc2cc(C(F)(F)F)cc(C(F)(F)F)c2)(C(C)C)C1,C-C chemokine receptor type 2
CSc1ccc(C(=O)N[C@@H]2CCCC[C@@H]2N2CC[C@H](NC(=O)c3cc(C(F)(F)F)ccc3NC(=O)OC(C)(C)C)C2=O)cc1,C-C chemokine receptor type 2
O=C(NCCN1CCCCC1)c1cccc(Oc2ncc(Cl)cc2NS(=O)(=O)c2ccc(Cl)c(Cl)c2)c1,C-C chemokine receptor type 2
CC(C)N(C)[C@@H]1CC[C@H](NC(=O)CNC(=O)c2cccc(C(F)(F)F)c2)C[C@H]1CS(=O)(=O)c1ccccc1,C-C chemokine receptor type 2
O=C(O)c1[nH]c2ccccc2c1C1CCN(C(C(=O)O)C2CCN(C(=O)/C=C/c3cc(F)c(F)c(F)c3)CC2)CC1,C-C chemokine receptor type 2
Cc1ccc2c(c1)C(N[C@@H]1CC[C@@](C(=O)N3CCc4ccc(C(F)(F)F)cc4C3)(C(C)C)C1)CC2,C-C chemokine receptor type 2
N#Cc1ccc(Oc2ncc(Cl)cc2NS(=O)(=O)c2ccc(Cl)c(Cl)c2)cn1,C-C chemokine receptor type 2
O=C(O)c1cc2cc(Cl)ccc2n1Cc1ccccc1Cl,C-C chemokine receptor type 2
CO[C@@H]1COCC[C@@H]1N[C@@H]1C[C@H]2CCC[C@@]2(C(=O)N2C[C@@H]3C[C@H]2CN3c2cc(C(F)(F)F)ncn2)C1,C-C chemokine receptor type 2
Nc1ccc(C(F)(F)F)cc1C(=O)NCC(=O)N[C@@H]1CCN(Cc2ccc(Br)cc2)C1,C-C chemokine receptor type 2
NC(=O)C(NC1CCC(c2c[nH]c3ccccc23)CC1)C1CCN(C(=O)Nc2ccc(Cl)c(Cl)c2)CC1,C-C chemokine receptor type 2
CC(C)[C@]1(C(=O)N2CCC(c3ccccc3)CC2)CC[C@@H](NC2CCOCC2)C1,C-C chemokine receptor type 2
CCC[C@H](O)[C@H](CNCc1ccc(C)cc1C)NC(=O)CC(=O)Nc1cc(C(F)(F)F)ccc1OC,C-C chemokine receptor type 2
CC(C)[C@]1(C(=O)NCc2cc(C(F)(F)F)cc(C(F)(F)F)c2)CC[C@@H](NC2CCOCC2(O)C(F)(F)F)C1,C-C chemokine receptor type 2
O=C(NCCN1CCNCC1)c1cccc(Oc2ncc(Cl)cc2NS(=O)(=O)c2ccc(Cl)c(Cl)c2)c1,C-C chemokine receptor type 2
CO[C@@H]1COCC[C@@H]1N[C@@H]1C[C@H]2CCC[C@@]2(C(=O)N2C[C@@H]3C[C@H]2CN3c2cccc(C(F)(F)F)c2F)C1,C-C chemokine receptor type 2
COCCNC(C(=O)NCc1cc(C(F)(F)F)cc(C(F)(F)F)c1)c1ccccc1,C-C chemokine receptor type 2
CC[C@H]1CN(CC[C@H](C(=O)NCc2cc(C(F)(F)F)cc(C(F)(F)F)c2)c2ccc(F)cc2)CC[C@@]12C=Cc1ccccc12,C-C chemokine receptor type 2
O=C(CNC(=O)c1ccccc1)NCC1CCN(Cc2ccc(Cl)cc2)CC1,C-C chemokine receptor type 2
O=C(/C=C/c1cc(F)c(F)c(F)c1)N1CCC(C(CO)N2CCC(c3c[nH]c4ccc(O)cc34)CC2)CC1,C-C chemokine receptor type 2
Nc1cccc2c1cc(C(=O)O)n2Cc1ccc(Cl)c(Cl)c1,C-C chemokine receptor type 2
CO[C@@H]1COCC[C@@H]1N[C@@H]1CC[C@](C(=O)N2CCc3ncc(C(F)(F)F)cc3C2)(C(C)C)C1,C-C chemokine receptor type 2
CCC1(C(=O)NCc2cc(C(F)(F)F)cc(C(F)(F)F)c2)CCC(N2CC[C@]3(C=Cc4ccccc43)[C@@H](C)C2)C1,C-C chemokine receptor type 2
O=C(CNC(=O)c1cccc(C(F)(F)F)c1)NC1CCN(Cc2cn(-c3ccccc3)nn2)CC1,C-C chemokine receptor type 2
O=C(CCNC(=O)c1ccccc1)NC1CCN(Cc2ccc(Cl)cc2)C1,C-C chemokine receptor type 2
Cc1cc(Oc2ccc(C(=O)NCCN3CCCC3)cc2)c(NS(=O)(=O)c2ccc(Cl)c(C(F)(F)F)c2)cc1Cl,C-C chemokine receptor type 2
Nc1nc(C(CCN2CCCCC2)C(=O)NCc2cc(C(F)(F)F)cc(C(F)(F)F)c2)cs1,C-C chemokine receptor type 2
COC1COCCC1NC1CC2OC(c3ccccc3)CC2(C(=O)N2CCc3ncc(C(F)(F)F)cc3C2)C1,C-C chemokine receptor type 2
O=C(CNC(=O)c1cccc(C(F)(F)F)c1)N[C@@H]1CCN([C@H]2CC[C@](O)(c3ccnnc3)CC2)C1,C-C chemokine receptor type 2
O=C(/C=C/c1cc(F)c(F)c(F)c1)N1CCC(C(CO)N2CCC(c3c[nH]c4ccc(F)cc34)CC2)CC1,C-C chemokine receptor type 2
Cc1nc(NC(=O)N2CCN(C(=O)[C@H]3CN(C(C)(C)C)CCN3)CC2)sc1Br,C-C chemokine receptor type 2
CO[C@@H]1COCC[C@@H]1N[C@@H]1C[C@H]2CCC[C@@]2(C(=O)N2C[C@@H]3C[C@H]2CN3c2cc(C(F)(F)F)ccc2F)C1,C-C chemokine receptor type 2
O=C(O)c1cc2cc(Cl)ccc2n1Cc1cccc([N+](=O)[O-])c1,C-C chemokine receptor type 2
CC1C[C@@H](N2CC[C@@]3(C=Cc4ccccc43)[C@@H](C)C2)C[C@H]1C(=O)NCc1cc(C(F)(F)F)cc(C(F)(F)F)c1,C-C chemokine receptor type 2
[H][C@@]1(N[C@H]2CCOC[C@H]2OC)CC[C@](CCCF)(C(=O)N2CCN(c3cc(C(F)(F)F)ccn3)CC2)C1,C-C chemokine receptor type 2
COC(=O)[C@H](Cc1c[nH]cn1)NC(=O)CCc1cc(-c2cc(Cl)cc(Cl)c2)nn1-c1ccc2ccccc2c1,C-C chemokine receptor type 2
C=CCN1CCC(N(CC[C@H](C(=O)NCc2cc(C(F)(F)F)cc(C(F)(F)F)c2)c2ccc(F)cc2)C(=O)OCc2ccccc2)CC1,C-C chemokine receptor type 2
COc1cc(C(=O)NCCN2CCCCC2)ccc1Oc1ccc(Cl)cc1NS(=O)(=O)c1ccc(Cl)c(C(F)(F)F)c1,C-C chemokine receptor type 2
COc1ccc(C2CCN(C[C@H]3CC[C@@H](NC(=O)/C=C/c4cc(F)cc(F)c4)C3)CC2)cc1,C-C chemokine receptor type 2
Cc1ccc(C2CCC(N3CCC(NC(=O)CNC(=O)c4cccc(C(F)(F)F)c4)CC3)CC2)cc1,C-C chemokine receptor type 2
O=C(CNC(=O)c1cccc(C(F)(F)F)c1)N[C@@H]1CCN(Cc2ccc(Cl)cc2Cl)C1,C-C chemokine receptor type 2
CO[C@@H]1COCC[C@@H]1N[C@@H]1C[C@H]2CCC[C@@]2(C(=O)N2C[C@H]3C[C@@H]2CN3c2cc(C(F)(F)F)ccn2)C1,C-C chemokine receptor type 2
C[N+](C)(Cc1ccc(NC(=O)c2cccc(Cl)c2)cc1)C1CCOCC1,C-C chemokine receptor type 2
C[C@@H](CCN1CCC2(C=Cc3ccccc32)CC1)C(=O)NCc1cc(C(F)(F)F)cc(C(F)(F)F)c1,C-C chemokine receptor type 2
O=C(O)c1cc2ccc(F)cc2n1Cc1ccc(Cl)c(Cl)c1,C-C chemokine receptor type 2
O=C(NCCN1CCC(F)(F)C1)c1ccc(Oc2ccc(Cl)cc2NS(=O)(=O)c2ccc(Cl)c(C(F)(F)F)c2)cc1,C-C chemokine receptor type 2
CSc1ccc(C(=O)N[C@@H]2CCCC[C@@H]2N2CC[C@@H](NC(=O)c3cc(C(F)(F)F)ccc3NC(=O)OC(C)(C)C)C2=O)cc1,C-C chemokine receptor type 2
CS(=O)(=O)c1ccc(CN2CCCN(CCC(O)(c3cccc(Cl)c3)c3cccc(Cl)c3)CC2)cc1,C-C chemokine receptor type 2
[H][C@@]1(N[C@H]2CCOC[C@H]2OC)CC[C@](CC2CC2)(C(=O)N2CCN(c3cc(C(F)(F)F)ccn3)CC2)C1,C-C chemokine receptor type 2
Cc1cccc(/C=C/C(=O)NCCCCCN2CCC(c3c[nH]c4ccccc34)CC2)c1,C-C chemokine receptor type 2
CO[C@@H]1COCC[C@@H]1N[C@@H]1C[C@H]2CCC[C@@]2(C(=O)N2C[C@@H]3C[C@H]2CN3c2cc(C(F)(F)F)cnn2)C1,C-C chemokine receptor type 2
CS(=O)(=O)c1ccc(CN2CCCN(CCC(O)(c3cccc(F)c3)c3cccc(F)c3)CC2)cc1,C-C chemokine receptor type 2
Cn1cc(C2CCN(C(C(=O)O)C3CCN(C(=O)/C=C/c4cc(F)cc(F)c4)CC3)CC2)c2ccccc21,C-C chemokine receptor type 2
COc1ccc(CN2CC[C@@H](NC(=O)CNC(=O)c3cc(C(F)(F)F)ccc3N)C2)cc1O,C-C chemokine receptor type 2
Cc1ccc(Cn2c(C(=O)O)cc3cc(Cl)ccc32)cc1C,C-C chemokine receptor type 2
O=C(CNC(=O)c1cccc(C(F)(F)F)c1)NC1CCN(Cc2ccc(Cl)cc2)CC1,C-C chemokine receptor type 2
O=C(N1CCN(c2ccc(C(F)(F)F)cc2)CC1)C12CCCC1CC(NC1CCOCC1)C2,C-C chemokine receptor type 2
O=C(CNC(=O)c1cccc(C(F)(F)F)c1)NC1CCN(C2CCC(c3ccc4c(c3)OCO4)CC2)CC1,C-C chemokine receptor type 2
O=C(/C=C/c1cc(F)cc(F)c1)N1CCC(C(CO)N2CCC(c3c[nH]c4ncccc34)CC2)CC1,C-C chemokine receptor type 2
CC(C)[C@]1(C(=O)N2CCN(c3ccccc3C(F)(F)F)CC2)CC[C@@H](NC2CCOCC2)C1,C-C chemokine receptor type 2
CCC[C@H](O)[C@H](CNCc1ccc(C)cc1C)NC(=O)CC(=O)Nc1cc(NC)cc(C(F)(F)F)c1,C-C chemokine receptor type 2
[H][C@@]1(N[C@H]2CCOC[C@H]2OC)CC[C@](Cc2cccnc2)(C(=O)N2CCN(c3cc(C(F)(F)F)ccn3)CC2)C1,C-C chemokine receptor type 2
[H][C@]1(NC(=O)CCCCCCCCCCC)CCCCNC1=O,C-C chemokine receptor type 2
O=C(NS(=O)(=O)c1ccccc1)c1cc2ccccc2n1Cc1ccc(Cl)c(Cl)c1,C-C chemokine receptor type 2
O=C(O)c1cccc(C2CCN([C@@H]3C[C@H]4CCC[C@@]4(C(=O)N4C[C@@H]5C[C@H]4CN5c4cc(C(F)(F)F)ccn4)C3)CC2)c1,C-C chemokine receptor type 2
CS(=O)(=O)Nc1ccc2[nH]cc(C3CCN(C(CO)C4CCN(C(=O)/C=C/c5ccc(Cl)c(Cl)c5)CC4)CC3)c2c1,C-C chemokine receptor type 2
CCC(=O)Nc1nc(C(CCN2CCC(c3ccccc3)CC2)C(=O)NCc2cc(C(F)(F)F)cc(C(F)(F)F)c2)cs1,C-C chemokine receptor type 2
CC1COCCC1N[C@@H]1CC[C@@](C(=O)NCc2cc(C(F)(F)F)cc(C(F)(F)F)c2)(C(C)C)C1,C-C chemokine receptor type 2
[H][C@@]1(N[C@H]2CCOC[C@H]2OC)CC[C@](C)(C(=O)N2CCN(c3cc(C(F)(F)F)ccn3)CC2)C1,C-C chemokine receptor type 2
O=C(O)c1ccccc1Oc1cccc(F)c1NS(=O)(=O)c1ccc(Cl)cc1,C-C chemokine receptor type 2
O=C(/C=C/c1ccc(Cl)c(Cl)c1)N1CCC(CN2CCC(c3ccc(O)cc3)CC2)CC1,C-C chemokine receptor type 2
O=C(/C=C/c1ccc(F)c(F)c1)N1CCC(C(CO)N2CCC(c3c[nH]c4ccccc34)CC2)CC1,C-C chemokine receptor type 2
CC1CN(CC[C@H](C(=O)NCc2cc(C(F)(F)F)cc(C(F)(F)F)c2)c2ccc(F)cc2)CCC12C=Cc1ccccc12,C-C chemokine receptor type 2
CC(C)[C@]1(C(=O)N2CCc3ccc(C(F)(F)F)cc3C2)CC[C@@H](N[C@H]2C[C@H](C)c3cc(Br)ccc32)C1,C-C chemokine receptor type 2
O=C(NCc1cc(F)cc(C(F)(F)F)c1)C(CCN1CCC2(CC1)OCCc1ccccc12)c1ccc(F)cc1,C-C chemokine receptor type 2
O=C(O)c1cc2cc(-c3ccccc3)ccc2n1Cc1ccc(Cl)c(Cl)c1,C-C chemokine receptor type 2
CO[C@@H]1COCC[C@@H]1N[C@@H]1C[C@H]2CCC[C@@]2(C(=O)N2C[C@@H]3C[C@H]2CN3c2ccc(Cl)c(Cl)c2)C1,C-C chemokine receptor type 2
CO[C@@H]1COCC[C@@H]1N[C@@H]1C[C@H]2CCC[C@@]2(C(=O)N2C[C@@H]3C[C@H]2CN3c2cc(F)cc(C(F)(F)F)c2)C1,C-C chemokine receptor type 2
O=C(O)c1cc2c(Cl)cccc2n1Cc1ccc(Cl)c(Cl)c1,C-C chemokine receptor type 2
NC(=O)C(NC1CCC(c2c[nH]c3ccccc23)CC1)C1CCN(C(=O)Nc2cc(F)c(F)c(F)c2)CC1,C-C chemokine receptor type 2
C[C@H]1CN(CC[C@H](CNCc2cc(C(F)(F)F)cc(C(F)(F)F)c2)c2ccc(F)cc2)CC[C@@H]1c1ccccc1,C-C chemokine receptor type 2
O=C(CNC(=O)c1ccc(Cl)cc1)N[C@@H]1CCN(Cc2ccc(Cl)cc2)C1,C-C chemokine receptor type 2
Cc1ccc(C(=O)NCC(=O)N[C@@H]2CCN(Cc3ccc(Cl)cc3)C2)cc1,C-C chemokine receptor type 2
O=C(NCc1cc(C(F)(F)F)cc(C(F)(F)F)c1)[C@@H](CCN1CC(c2ccccc2)C1)c1ccc(F)cc1,C-C chemokine receptor type 2
COC(=O)Nc1nc([C@@H](CCN2CCC(c3ccccc3)CC2)C(=O)NCc2cc(C(F)(F)F)cc(C(F)(F)F)c2)cs1,C-C chemokine receptor type 2
O=[N+]([O-])c1ccc(CN2CCCN(CCC(c3ccccc3)c3ccccc3)CC2)cc1,C-C chemokine receptor type 2
O=C(NCCN1CCCCC1)c1ccc(Oc2ccc(Cl)cc2NS(=O)(=O)c2ccc(Cl)c(C(F)(F)F)c2)cc1,C-C chemokine receptor type 2
N#Cc1cccc(C(=O)NCC(=O)N[C@@H]2CCN(Cc3ccc(Cl)cc3)C2)c1,C-C chemokine receptor type 2
CC(C)[C@]1(C(=O)NCc2cc(C(F)(F)F)cc(C(F)(F)F)c2)CC[C@@H](NC2CCSC2)C1,C-C chemokine receptor type 2
O=C(/C=C/c1ccc(Br)cc1)N1CCC(CN2CCC(c3ccc(Cl)cc3)CC2)CC1,C-C chemokine receptor type 2
CC(C)[C@]1(C(=O)N2CC=C(c3cccc(C(F)(F)F)c3)CC2)CC[C@@H](NC2CCOCC2)C1,C-C chemokine receptor type 2
CS(=O)(=O)c1ccc(CN2CCCN(CCC(O)(c3ccc(Cl)cc3)c3cccc(O)c3)CC2)cc1,C-C chemokine receptor type 2
CN[C@@H]1CC[C@H](NC(=O)CNC(=O)c2cccc(C(F)(F)F)c2)C[C@@H]1CS(=O)(=O)c1ccccc1,C-C chemokine receptor type 2
CN(C)CCN[C@@H](C(=O)NCc1cc(C(F)(F)F)cc(C(F)(F)F)c1)c1cccs1,C-C chemokine receptor type 2
Nc1nc(C(CCN2CCN(c3ccc(F)cc3)CC2)C(=O)NCc2cc(C(F)(F)F)cc(C(F)(F)F)c2)cs1,C-C chemokine receptor type 2
O=C1C(CCN2CCC(c3ccccc3)CC2)CCCN1Cc1cc(C(F)(F)F)cc(C(F)(F)F)c1,C-C chemokine receptor type 2
O=C(O)c1cc2cccc(C(F)(F)F)c2n1Cc1ccc(Cl)c(Cl)c1,C-C chemokine receptor type 2
CC(C(=O)Nc1nc(C(CCN2CC[C@]3(C=Cc4ccccc43)[C@@H](C)C2)C(=O)NCc2cc(C(F)(F)F)cc(C(F)(F)F)c2)cs1)c1ccccc1,C-C chemokine receptor type 2
COc1ccc(Cn2c(C(=O)O)cc3cc(Cl)ccc32)cc1,C-C chemokine receptor type 2
CCN(CC)CCCCNC(=O)CCc1cc(-c2cc(Cl)cc(Cl)c2)nn1-c1ccc2ccccc2c1,C-C chemokine receptor type 2
O=C(CNC(=O)c1cccc(C(F)(F)F)c1)NC1CN(C2CC=C(c3ccc4c(c3)OCO4)CC2)C1,C-C chemokine receptor type 2
COc1ccc(C2CCN(CCCCNC(=O)/C=C/c3ccc(F)cc3)CC2)cc1,C-C chemokine receptor type 2
COc1cc(-c2ccc3c(c2)CCC3N[C@@H]2CC[C@@](C(=O)N3CCc4ccc(C(F)(F)F)cc4C3)(C(C)C)C2)ccn1,C-C chemokine receptor type 2
COC1COCCC1NC1CC2OC(C3CC3)CC2(C(=O)N2CCc3ncc(C(F)(F)F)cc3C2)C1,C-C chemokine receptor type 2
CC(C)[C@]1(C(=O)N2CCc3ccc(C(F)(F)F)cc3C2)CC[C@@H](N[C@H]2C[C@@H](C)c3cc(Br)ccc32)C1,C-C chemokine receptor type 2
O=C(O)c1cc2ccccc2n1Cc1ccc(-c2ccccc2)cc1,C-C chemokine receptor type 2
Cc1csc(C(=O)NNC(=O)CN2CCCN(CCC(O)(c3ccccc3)c3cccc(O)c3)CC2)c1,C-C chemokine receptor type 2
O=C(NCCCCCCN1CCC(c2c[nH]c3ccccc23)CC1)c1ccc(-c2ccccc2)cc1,C-C chemokine receptor type 2
[H][C@]1(NC(=O)/C(C)=C/CCCCCCCCC)CCCCNC1=O,C-C chemokine receptor type 2
O=C(O)C(C1CCN(C(=O)/C=C/c2cc(F)cc(F)c2)CC1)N1CCC(c2c[nH]c3ccccc23)CC1,C-C chemokine receptor type 2
COc1ccc(C2CCN(C[C@@H]3CC[C@H](NC(=O)/C=C/c4cc(F)c(F)c(F)c4)C3)CC2)cc1,C-C chemokine receptor type 2
COC(=O)C[C@H](CCN1CCC(c2ccccc2)CC1)C(=O)NCc1cc(C(F)(F)F)cc(C(F)(F)F)c1,C-C chemokine receptor type 2
Cc1nc(NC(=O)N2CCN(C(=O)[C@H]3CN(C(C)(C)C)CCN3)CC2)sc1Cl,C-C chemokine receptor type 2
C[C@H]1CN(CCC(C(=O)NCc2cc(C(F)(F)F)cc(C(F)(F)F)c2)c2csc(NC(=O)c3cccnc3)n2)CC[C@]12C=Cc1ccccc12,C-C chemokine receptor type 2
C=CC[C@H](CCN1CCC2(C=Cc3ccccc32)CC1)C(=O)NCc1cc(C(F)(F)F)cc(C(F)(F)F)c1,C-C chemokine receptor type 2
Nc1ccc2c(c1)cc(C(=O)O)n2Cc1ccc(Cl)c(Cl)c1,C-C chemokine receptor type 2
O=C(CNC(=O)c1cccc(F)c1)N[C@@H]1CCN(Cc2ccc(Cl)cc2)C1,C-C chemokine receptor type 2
[H][C@@]12CCC[C@]1(C(=O)N1CCc3ncc(C(F)(F)F)cc3C1)C[C@@H](NC1CCOCC1OC)C2,C-C chemokine receptor type 2
[H][C@]1(NC(=O)C2(C)CCCCC2)CCCCNC1=O,C-C chemokine receptor type 2
CC(C)N(C)[C@@H]1CC[C@H](NC(=O)CNC(=O)c2cccc(C(F)(F)F)c2)C[C@@H]1CS(=O)(=O)c1ccccc1,C-C chemokine receptor type 2
C=CCC(CCN1CCC(c2ccccc2)CC1)C(=O)NCc1cc(C(F)(F)F)cc(C(F)(F)F)c1,C-C chemokine receptor type 2
[H][C@]1(N[C@@H]2CCOC[C@@H]2OC)C[C@]2(C(=O)N3CC4CC3CN4c3ccnc(C(F)(F)F)n3)CCO[C@]2([H])C1,C-C chemokine receptor type 2
COc1cccc(C2CCN(CC3CCN(C(=O)/C=C/c4ccc(Cl)c(Cl)c4)CC3)CC2)c1,C-C chemokine receptor type 2
CO[C@@H]1COCC[C@@H]1N(C)[C@@H]1C[C@H]2CCC[C@@]2(C(=O)N2C[C@@H]3C[C@H]2CN3c2cc(C(F)(F)F)ccn2)C1,C-C chemokine receptor type 2
CC(=O)Nc1nc([C@H](CCN2CCC(c3ccccc3)CC2)C(=O)NCc2cc(C(F)(F)F)cc(C(F)(F)F)c2)cs1,C-C chemokine receptor type 2
O=C(O)c1ccc(Oc2ncc(Cl)cc2NS(=O)(=O)c2ccc(Cl)c(Cl)c2)cc1,C-C chemokine receptor type 2
[H][C@@]1(N[C@H]2CCOC[C@H]2OC)CC[C@@](C(=O)N2CCN(c3cc(C(F)(F)F)ccn3)CC2)(C2CCOC2)C1,C-C chemokine receptor type 2
CC(C)[C@]1(C(=O)N2CCN(C(=O)OC(C)(C)C)CC2)CC[C@@H](NC2CCOCC2)C1,C-C chemokine receptor type 2
Cc1cc(C)cc(C(=O)N2CCC(CCN3CC[C@@H](NC(=O)CNC(=O)c4cccc(C(F)(F)F)c4)C3)CC2)c1,C-C chemokine receptor type 2
CC(C)(C)C(=O)Nc1nc(C(CCN2CCC(c3ccccc3)CC2)C(=O)NCc2cc(C(F)(F)F)cc(C(F)(F)F)c2)cs1,C-C chemokine receptor type 2
CCC[C@H](O)[C@H](CNCc1ccc(C)cc1C)NC(=O)CC(=O)Nc1cc(C(=O)NCC)cc(C(F)(F)F)c1,C-C chemokine receptor type 2
CNC(=O)Nc1nc([C@H](CCN2CCC3(C=Cc4ccccc43)CC2)C(=O)NCc2cc(C(F)(F)F)cc(C(F)(F)F)c2)cs1,C-C chemokine receptor type 2
[H][C@]1(N[C@H]2CC[C@@](O)(c3ccc(-c4cncnc4)cn3)CC2)CCN(C(=O)CNC(=O)c2cccc(C(F)(F)F)c2)C1,C-C chemokine receptor type 2
CNc1cccc(C(O)(CCN2CCCN(Cc3ccc(S(C)(=O)=O)cc3)CC2)c2ccccc2)c1,C-C chemokine receptor type 2
