smiles,targetname
O=C(O)c1cccnc1F,Hydroxycarboxylic acid receptor 2
O=C(O)c1n[nH]c2c1CC(c1cc(F)cc(F)c1F)CC2,Hydroxycarboxylic acid receptor 2
N[C@H](CC(=O)Nc1ccccc1C(=O)O)c1nc(-c2ccc(O)cc2)no1,Hydroxycarboxylic acid receptor 2
CC#CCOc1nc2oc(=O)cc(CC)c2c(=O)[nH]1,Hydroxycarboxylic acid receptor 2
COc1cccc2nc(N3CCN(C(=O)Nc4ccccc4C(=O)O)CC3)cnc12,Hydroxycarboxylic acid receptor 2
CC(C)c1cc(=O)oc2[nH]c(=O)[nH]c(=O)c12,Hydroxycarboxylic acid receptor 2
CCCC1Cc2[nH]nc(C(=O)O)c2C1,Hydroxycarboxylic acid receptor 2
O=c1[nH]c(=O)n(CCC2CCCC2)c2nc(Cl)[nH]c12,Hydroxycarboxylic acid receptor 2
Fc1ccc(C2Cc3[nH]nc(-c4nnn[nH]4)c3C2)c(F)c1,Hydroxycarboxylic acid receptor 2
O=C(O)C1=C(NC(=O)C2(Cc3nc(-c4ccc(O)cn4)no3)CC2)CCCC1,Hydroxycarboxylic acid receptor 2
O=c1[nH]c(COCCc2ccccc2)nc2ncccc12,Hydroxycarboxylic acid receptor 2
O=c1[nH]c(=O)c2c(CCc3cccs3)cc(=O)oc2[nH]1,Hydroxycarboxylic acid receptor 2
CCC#CCOc1nc2oc(=O)cc(CCC3CCC3)c2c(=O)[nH]1,Hydroxycarboxylic acid receptor 2
O=C(O)c1n[nH]c2c1CCC2,Hydroxycarboxylic acid receptor 2
CCc1cc(=O)oc2nc(CO)[nH]c(=O)c12,Hydroxycarboxylic acid receptor 2
O=c1[nH]c(OC/C=C/c2ccccc2)nc2ncccc12,Hydroxycarboxylic acid receptor 2
CC(=O)N/C(=C/C(=O)O)c1ccccc1,Hydroxycarboxylic acid receptor 2
O=c1[nH]c(=O)n(CC2CC2)c2nc(Cl)[nH]c12,Hydroxycarboxylic acid receptor 2
N#CCn1c(=O)[nH]c(=O)c2[nH]c(Cl)nc21,Hydroxycarboxylic acid receptor 2
CC1CCc2c(C(=O)O)n[nH]c21,Hydroxycarboxylic acid receptor 2
O=c1cc(CCC2CCC2)c2c(=O)[nH]c(C(F)F)nc2o1,Hydroxycarboxylic acid receptor 2
CCCCCCc1cc(=O)oc2nc(C(F)F)[nH]c(=O)c12,Hydroxycarboxylic acid receptor 2
COc1ccc(-c2cnn3c(C)c(C(=O)NCCOc4ccccc4)cnc23)cc1,Hydroxycarboxylic acid receptor 2
CCCCCCn1c(=O)n(C)c(=O)c2[nH]c(Cl)nc21,Hydroxycarboxylic acid receptor 2
[H][C@@]12CC[C@@]([H])(N1C(=O)Nc1ccccc1C(=O)O)[C@@]1([H])CC[C@]2([H])N1c1cnc2ccccc2n1,Hydroxycarboxylic acid receptor 2
COc1ccc2nc(N3CCN(C(=O)Nc4ccccc4C(=O)O)CC3)cnc2c1,Hydroxycarboxylic acid receptor 2
Cc1c(C(=O)NCCNc2ccccc2)cnc2c(-c3ccc(C(C)C)cc3)cnn12,Hydroxycarboxylic acid receptor 2
O=C(CCc1ccc(-c2ccc(O)cc2)cc1)Nc1sccc1C(=O)O,Hydroxycarboxylic acid receptor 2
Nc1ccc2cc(CCC(=O)Nc3ccccc3C(=O)O)ccc2c1,Hydroxycarboxylic acid receptor 2
C=CCCCn1c(=O)[nH]c(=O)c2[nH]c(Cl)nc21,Hydroxycarboxylic acid receptor 2
CCc1cc(=O)oc2nc(OCc3ccc(C(F)(F)F)cc3)[nH]c(=O)c12,Hydroxycarboxylic acid receptor 2
N[C@H](Cc1nc(-c2ccc(O)cn2)no1)C(=O)Nc1ccccc1C(=O)O,Hydroxycarboxylic acid receptor 2
O=c1[nH]c(=O)n(CC2CCCC2)c2nc(Cl)[nH]c12,Hydroxycarboxylic acid receptor 2
CCCCCCC1Cc2[nH]nc(-c3nnn[nH]3)c2C1,Hydroxycarboxylic acid receptor 2
CCCCCCCCn1c(=O)[nH]c(=O)c2[nH]c(Cl)nc21,Hydroxycarboxylic acid receptor 2
CCCC(C)c1cc(=O)oc2[nH]c(=O)[nH]c(=O)c12,Hydroxycarboxylic acid receptor 2
Cn1c(=O)c2[nH]c(Cl)nc2n(CCCC#N)c1=O,Hydroxycarboxylic acid receptor 2
O=c1[nH]c(COCCc2cccc(F)c2)nc2ncccc12,Hydroxycarboxylic acid receptor 2
O=c1[nH]c(CCCCCCc2ccccc2)nc2ncccc12,Hydroxycarboxylic acid receptor 2
Cc1cc(=O)oc2nc([S+](C)[O-])[nH]c(=O)c12,Hydroxycarboxylic acid receptor 2
O=c1cc(C2CCC2)c2c(=O)[nH]c(C(F)F)nc2o1,Hydroxycarboxylic acid receptor 2
O=C(O)c1[nH]nc2c1COC2,Hydroxycarboxylic acid receptor 2
Cc1c(C(=O)NCCCc2ccccc2)cnc2c(-c3ccc(C(C)C)cc3)cnn12,Hydroxycarboxylic acid receptor 2
Cn1c(=O)c2c(CCC(=O)Nc3ccccc3C(=O)O)nnn2c2ccc(O)cc21,Hydroxycarboxylic acid receptor 2
CC(CC(=O)NC1=C(C(=O)O)CCCC1)c1nc(-c2ccc(O)cn2)no1,Hydroxycarboxylic acid receptor 2
O=c1[nH]c(OCCCOc2ccccc2F)nc2ncccc12,Hydroxycarboxylic acid receptor 2
O=c1[nH]c(=O)c2c(CCC3CC3)cc(=O)oc2[nH]1,Hydroxycarboxylic acid receptor 2
Cc1ccc(-c2cnn3c(C)c(C(=O)NCCOc4ccccc4)cnc23)cc1,Hydroxycarboxylic acid receptor 2
CCCCCC1Cc2[nH]nc(-c3nnn[nH]3)c2C1,Hydroxycarboxylic acid receptor 2
CCCc1cc(=O)oc2nc(C(F)F)[nH]c(=O)c12,Hydroxycarboxylic acid receptor 2
CCc1cc(=O)oc2nc(OCC#CCCCO)[nH]c(=O)c12,Hydroxycarboxylic acid receptor 2
Cc1cccc(OCCCOc2nc3ncccc3c(=O)[nH]2)c1,Hydroxycarboxylic acid receptor 2
NC(Cc1cc2n(n1)-c1ccc(O)cc1CC2)C(=O)Nc1ccccc1C(=O)O,Hydroxycarboxylic acid receptor 2
O=C(CCc1ccc(-c2ccccc2Cl)cc1)NC1=C(C(=O)O)CCCC1,Hydroxycarboxylic acid receptor 2
Cc1ccccc1-c1cnn2c(C)c(C(=O)NCCOc3ccccc3)cnc12,Hydroxycarboxylic acid receptor 2
O=C(CCc1nc(-c2ccc(F)cn2)no1)NC1=C(C(=O)O)CCCC1,Hydroxycarboxylic acid receptor 2
Nc1ccc(/C=C/C(=O)O)cc1,Hydroxycarboxylic acid receptor 2
CCc1cc(=O)oc2nc(C(F)(F)c3ccccc3)[nH]c(=O)c12,Hydroxycarboxylic acid receptor 2
O=c1[nH]c(CCCOc2ccccc2)nc2ncccc12,Hydroxycarboxylic acid receptor 2
CCCCn1c(=O)n(C)c(=O)c2[nH]c(C#N)nc21,Hydroxycarboxylic acid receptor 2
Cc1c(C(=O)NCCOc2ccc(F)cc2)cnc2c(-c3ccc(C(C)C)cc3)cnn12,Hydroxycarboxylic acid receptor 2
O=c1c2[nH]c(Cl)nc2n(CCCC(F)(F)F)c(=O)n1CCCC(F)(F)F,Hydroxycarboxylic acid receptor 2
O=C(O)c1ccccc1NC(=O)C1CCN(c2cnc3ccccc3n2)CC1,Hydroxycarboxylic acid receptor 2
O=C(O)c1n[nH]c2c1CC(c1ccnc(F)c1)CC2,Hydroxycarboxylic acid receptor 2
O=C(CCC#Cc1cccc(O)c1)NC1=C(C(=O)O)CCCC1,Hydroxycarboxylic acid receptor 2
O=C(O)c1cnsc1,Hydroxycarboxylic acid receptor 2
O=c1cc(CCCC2(CO)CC2)c2c(=O)[nH]c(C(F)F)nc2o1,Hydroxycarboxylic acid receptor 2
COc1ccccc1COC(=O)/C=C/C(=O)O,Hydroxycarboxylic acid receptor 2
CCc1cc(=O)oc2nc(OCc3ccccc3)[nH]c(=O)c12,Hydroxycarboxylic acid receptor 2
COc1nc2oc(=O)cc(CCC(C)C)c2c(=O)[nH]1,Hydroxycarboxylic acid receptor 2
Cn1nc2c(c1CCC(=O)Nc1ccccc1C(=O)O)CCc1cc(O)ccc1-2,Hydroxycarboxylic acid receptor 2
O=C(CCc1ccc2cc(O)ccc2c1)NC1=C(C(=O)O)CC(O)CC1,Hydroxycarboxylic acid receptor 2
O=c1[nH]c(=O)n(CCC2CCC2)c2nc(Cl)[nH]c12,Hydroxycarboxylic acid receptor 2
CCCCc1nc2oc(=O)cc(CC)c2c(=O)[nH]1,Hydroxycarboxylic acid receptor 2
Br.O=C(O)c1n[nH]c2c1CC(c1cc(F)ccc1F)CC2,Hydroxycarboxylic acid receptor 2
O=C(O)c1ccccc1NC(=O)N1CCN(c2nccc3ccccc23)CC1,Hydroxycarboxylic acid receptor 2
O=c1[nH]c(COCCc2ccccc2Cl)nc2ncccc12,Hydroxycarboxylic acid receptor 2
CCc1cc(=O)oc2nc(C(F)Cl)[nH]c(=O)c12,Hydroxycarboxylic acid receptor 2
Cc1noc(C(=O)O)n1,Hydroxycarboxylic acid receptor 2
O=C(CCc1ccc(-c2ccccc2F)cc1)NC1=C(C(=O)O)CCCC1,Hydroxycarboxylic acid receptor 2
O=C(O)/C=C/C(=O)OCc1ccc(Br)cc1,Hydroxycarboxylic acid receptor 2
Nc1ccc2nc(N3CCN(C(=O)Nc4ccccc4C(=O)O)CC3)cnc2c1,Hydroxycarboxylic acid receptor 2
O=c1[nH]c(=O)c2c(Cc3ccc(F)cc3)cc(=O)oc2[nH]1,Hydroxycarboxylic acid receptor 2
O=C(O)c1cnsn1,Hydroxycarboxylic acid receptor 2
CCCc1c(C(=O)NCCOc2ccccc2)cnc2c(-c3ccc(C(C)C)cc3)cnn12,Hydroxycarboxylic acid receptor 2
C#CCOc1nc2oc(=O)cc(CC)c2c(=O)[nH]1,Hydroxycarboxylic acid receptor 2
COc1ccc(OCCCOc2nc3ncccc3c(=O)[nH]2)cc1,Hydroxycarboxylic acid receptor 2
CC(=O)c1cc(C(=O)O)[nH]n1,Hydroxycarboxylic acid receptor 2
O=C(CCc1ccc(-c2ccc(O)cc2F)cc1)NC1=C(C(=O)O)CCCC1,Hydroxycarboxylic acid receptor 2
O=c1[nH]c(OCCCOc2ccc(Cl)cc2)nc2ncccc12,Hydroxycarboxylic acid receptor 2
COc1cccc(OCCNC(=O)c2cnc3c(-c4ccc(C(C)C)cc4)cnn3c2C)c1,Hydroxycarboxylic acid receptor 2
CCC#CCOc1nc2oc(=O)cc(CCC(C)C)c2c(=O)[nH]1,Hydroxycarboxylic acid receptor 2
CC(Cc1cnn(-c2ccc(O)cn2)c1)C(=O)NC1=C(C(=O)O)CCCC1,Hydroxycarboxylic acid receptor 2
CC(C)(C)CCc1cc(=O)oc2[nH]c(=O)[nH]c(=O)c12,Hydroxycarboxylic acid receptor 2
N[C@@H](Cc1ccc(-c2ccc(O)cc2)cc1)C(=O)Nc1ccccc1C(=O)O,Hydroxycarboxylic acid receptor 2
O=C(CCc1cnn(-c2ccc(O)cc2)c1)Nc1ccccc1C(=O)O,Hydroxycarboxylic acid receptor 2
O=C(CCC#Cc1ccccc1Cl)NC1=C(C(=O)O)CCCC1,Hydroxycarboxylic acid receptor 2
CC(OC(=O)/C=C/C(=O)O)c1ccccc1,Hydroxycarboxylic acid receptor 2
O=C(O)c1csnn1,Hydroxycarboxylic acid receptor 2
C=CCCn1c(=O)[nH]c(=O)c2[nH]c(Cl)nc21,Hydroxycarboxylic acid receptor 2
C/C(=CC(=O)O)c1ccccc1,Hydroxycarboxylic acid receptor 2
CSCc1cc(C(=O)O)[nH]n1,Hydroxycarboxylic acid receptor 2
Cn1cc(C(=O)O)cn1,Hydroxycarboxylic acid receptor 2
CCc1cc(=O)oc2nc(CF)[nH]c(=O)c12,Hydroxycarboxylic acid receptor 2
CCc1cc(=O)oc2nc(OCc3cccc(OC)c3)[nH]c(=O)c12,Hydroxycarboxylic acid receptor 2
CCc1cc(=O)oc2nc(OCC#CCCO)[nH]c(=O)c12,Hydroxycarboxylic acid receptor 2
COC[C@@H](C)NC(=O)c1cnc2c(-c3ccc(C(C)C)cc3)cnn2c1C,Hydroxycarboxylic acid receptor 2
CC(C)(C#N)CCCCn1c(=O)[nH]c(=O)c2[nH]c(Cl)nc21,Hydroxycarboxylic acid receptor 2
O=C(CCc1ccc2cc(O)ccc2c1)NC1=C(C(=O)O)CC(c2cccc(F)c2)CC1,Hydroxycarboxylic acid receptor 2
O=c1[nH]c(=O)n(CC2CCC2)c2nc(Cl)[nH]c12,Hydroxycarboxylic acid receptor 2
O=C(O)c1n[nH]c2c1CC(c1cc(F)cc(F)c1F)C2,Hydroxycarboxylic acid receptor 2
CNCc1cc(C(=O)O)[nH]n1,Hydroxycarboxylic acid receptor 2
CCc1ccc(-c2cnn3c(C)c(C(=O)NCCOc4ccccc4)cnc23)cc1,Hydroxycarboxylic acid receptor 2
Fc1ccccc1C1Cc2[nH]nc(-c3nnn[nH]3)c2C1,Hydroxycarboxylic acid receptor 2
O=C(CCc1ccc(-c2ccccc2O)cc1)Nc1ccccc1C(=O)O,Hydroxycarboxylic acid receptor 2
C1CCC(C2Cc3[nH]nc(-c4nnn[nH]4)c3C2)C1,Hydroxycarboxylic acid receptor 2
Cc1c(C(=O)NCCOc2ccc(Cl)cc2)cnc2c(-c3ccc(C(C)C)cc3)cnn12,Hydroxycarboxylic acid receptor 2
Clc1ccccc1C1Cc2[nH]nc(-c3nnn[nH]3)c2C1,Hydroxycarboxylic acid receptor 2
CCCC#CCOc1nc2oc(=O)cc(CC)c2c(=O)[nH]1,Hydroxycarboxylic acid receptor 2
Clc1cccc(C2Cc3[nH]nc(-c4nnn[nH]4)c3C2)c1,Hydroxycarboxylic acid receptor 2
O=C(O)/C=C/C(=O)OCc1cccc(Cl)c1,Hydroxycarboxylic acid receptor 2
CC(C)C1Cc2[nH]nc(C(=O)O)c2C1,Hydroxycarboxylic acid receptor 2
CCc1cc(=O)oc2nc(OCC3CC3)[nH]c(=O)c12,Hydroxycarboxylic acid receptor 2
O=C(O)c1ccc(F)nc1,Hydroxycarboxylic acid receptor 2
O=C(O)/C=C/C(=O)OCc1ccc(Cl)cc1,Hydroxycarboxylic acid receptor 2
O=c1[nH]c(=O)c2c(C(F)(F)F)cc(=O)oc2[nH]1,Hydroxycarboxylic acid receptor 2
COc1ccc(Cc2cc(C(=O)O)[nH]n2)cc1,Hydroxycarboxylic acid receptor 2
CCc1cc(=O)oc2nc(OCc3cccc(-c4cccc(C#N)c4)c3)[nH]c(=O)c12,Hydroxycarboxylic acid receptor 2
Cc1c(C(=O)NCCCCc2ccccc2)cnc2c(-c3ccc(C(C)C)cc3)cnn12,Hydroxycarboxylic acid receptor 2
O=C(CCc1cc2n(n1)-c1ccc(O)cc1CC2)Nc1ccccc1C(=O)O,Hydroxycarboxylic acid receptor 2
O=C(/C=C/C#Cc1ccccc1Cl)NC1=C(C(=O)O)CCCC1,Hydroxycarboxylic acid receptor 2
O=c1[nH]c(=O)c2c(CCCCC3CC3)cc(=O)oc2[nH]1,Hydroxycarboxylic acid receptor 2
Br.O=C(O)c1n[nH]c2c1CC(c1cccnc1F)CC2,Hydroxycarboxylic acid receptor 2
O=C(CCc1nnc(-c2ccc(O)cc2)o1)Nc1ccccc1C(=O)O,Hydroxycarboxylic acid receptor 2
CC12CC1Cc1c(C(=O)O)n[nH]c12,Hydroxycarboxylic acid receptor 2
Cc1c(C(=O)NCCOc2ccccc2)cnc2c(-c3ccc(Cl)c(Cl)c3)cnn12,Hydroxycarboxylic acid receptor 2
CCCOC(=O)/C=C/C(=O)O,Hydroxycarboxylic acid receptor 2
CCC1(CCCc2cc(=O)oc3nc(C(F)F)[nH]c(=O)c23)CC1,Hydroxycarboxylic acid receptor 2
O=c1[nH]c(=O)c2c(CCCC(F)(F)F)cc(=O)oc2[nH]1,Hydroxycarboxylic acid receptor 2
O=C(/C=C/C#Cc1cccc(O)c1)NC1=C(C(=O)O)CCCC1,Hydroxycarboxylic acid receptor 2
C[C@H]1CN(c2cnc3ccccc3n2)C[C@@H](C)N1C(=O)Nc1ccccc1C(=O)O,Hydroxycarboxylic acid receptor 2
O=C(CCC#Cc1ccc(F)cc1)NC1=C(C(=O)O)CCCC1,Hydroxycarboxylic acid receptor 2
O=c1[nH]c(=O)n(CCC2CCCCC2)c2nc(Cl)[nH]c12,Hydroxycarboxylic acid receptor 2
O=C(CCc1ccc(-c2ccc(O)cc2)cc1)NC1=C(C(=O)O)CC(c2cccnc2F)CC1,Hydroxycarboxylic acid receptor 2
COc1cccc2ncc(N3CCN(C(=O)Nc4ccccc4C(=O)O)CC3)nc12,Hydroxycarboxylic acid receptor 2
CCc1cc(=O)oc2nc(OCc3ccnnc3)[nH]c(=O)c12,Hydroxycarboxylic acid receptor 2
CCc1cc(=O)oc2nc(OCc3ccccc3C(F)(F)F)[nH]c(=O)c12,Hydroxycarboxylic acid receptor 2
Cn1nccc1C1CCC(NC(=O)CCc2ccc3cc(O)ccc3c2)=C(C(=O)O)C1,Hydroxycarboxylic acid receptor 2
Cc1c(C(=O)NCCOc2ccccc2)cnc2c(-c3ccc(C(C)(C)C)cc3)cnn12,Hydroxycarboxylic acid receptor 2
NC(Cc1nc(-c2ccc(F)cn2)no1)C(=O)NC1=C(C(=O)O)CCCC1,Hydroxycarboxylic acid receptor 2
CC#CCCOc1nc2oc(=O)cc(CC)c2c(=O)[nH]1,Hydroxycarboxylic acid receptor 2
Cc1ccccc1-c1ccc(CCC(=O)Nc2ccccc2C(=O)O)cc1,Hydroxycarboxylic acid receptor 2
O=C(O)c1n[nH]c2c1CC(c1cccnc1F)CC2,Hydroxycarboxylic acid receptor 2
Cc1c(C(=O)NCCOc2ccccc2F)cnc2c(-c3ccc(C(C)C)cc3)cnn12,Hydroxycarboxylic acid receptor 2
Cc1c(CC(C)C(=O)Nc2ccccc2C(=O)O)cnn1-c1ccc(O)cn1,Hydroxycarboxylic acid receptor 2
CCc1cc(=O)oc2nc(CN3CCCCC3)[nH]c(=O)c12,Hydroxycarboxylic acid receptor 2
O=C(CCc1ccc2cc(O)ccc2c1)Nc1ccccc1C(=O)O,Hydroxycarboxylic acid receptor 2
O=c1[nH]c(=O)n(CCC2CC2)c2nc(Cl)[nH]c12,Hydroxycarboxylic acid receptor 2
CCCC1CCC(NC(=O)CCc2nc(-c3ccc(O)cn3)no2)=C(C(=O)O)C1,Hydroxycarboxylic acid receptor 2
CCC1OCc2c1n[nH]c2C(=O)O,Hydroxycarboxylic acid receptor 2
C[S+]([O-])Cc1cc(C(=O)O)[nH]n1,Hydroxycarboxylic acid receptor 2
O=c1[nH]c(CCCCc2ccccc2)nc2ncccc12,Hydroxycarboxylic acid receptor 2
O=C(O)c1ccccc1NC(=O)N1CCN(c2nsc3ccccc23)CC1,Hydroxycarboxylic acid receptor 2
CCc1cc(=O)oc2nc(C(C)C)[nH]c(=O)c12,Hydroxycarboxylic acid receptor 2
O=C(CCc1ccc(-c2ccc(O)c(Cl)c2)cc1)Nc1ccccc1C(=O)O,Hydroxycarboxylic acid receptor 2
CCC1Cc2[nH]nc(-c3nnn[nH]3)c2C1,Hydroxycarboxylic acid receptor 2
O=C(O)c1ccccc1NC(=O)N1CCN(c2nccc(-c3ccccc3)n2)CC1,Hydroxycarboxylic acid receptor 2
O=c1cc(CCC2CCCC2)c2c(=O)[nH]c(C(F)F)nc2o1,Hydroxycarboxylic acid receptor 2
O=C(O)c1n[nH]c2c1CC(n1ccnn1)C2,Hydroxycarboxylic acid receptor 2
O=C(CCc1nc(-c2ccc(F)cn2)no1)NC1=C(C(=O)O)CC(c2ccc(F)nc2)CC1,Hydroxycarboxylic acid receptor 2
CCc1noc(C)c1COc1nc2oc(=O)cc(CC)c2c(=O)[nH]1,Hydroxycarboxylic acid receptor 2
CCc1cc(=O)oc2nc(CCc3ccccc3)[nH]c(=O)c12,Hydroxycarboxylic acid receptor 2
CCCCCc1cc(=O)oc2[nH]c(=O)[nH]c(=O)c12,Hydroxycarboxylic acid receptor 2
O=C(O)c1n[nH]c2c1CC(c1ccccc1)CC2,Hydroxycarboxylic acid receptor 2
O=C(CCc1cn2c(n1)sc1cc(O)ccc12)Nc1ccccc1C(=O)O,Hydroxycarboxylic acid receptor 2
O=C(O)c1[nH]nc2c1CN(Cc1ccccc1)C2,Hydroxycarboxylic acid receptor 2
CCc1cc(=O)oc2nc(OCCOC)[nH]c(=O)c12,Hydroxycarboxylic acid receptor 2
CC(C)CCCc1cc(=O)oc2[nH]c(=O)[nH]c(=O)c12,Hydroxycarboxylic acid receptor 2
O=C(CCc1ccn(-c2ccc(O)cn2)n1)Nc1ccccc1C(=O)O,Hydroxycarboxylic acid receptor 2
COCC(NC(=O)c1cnc2c(-c3ccc(C(C)C)cc3)cnn2c1C)c1ccccc1,Hydroxycarboxylic acid receptor 2
O=c1[nH]c(=O)n(CC(F)(F)F)c2nc(Cl)[nH]c12,Hydroxycarboxylic acid receptor 2
O=c1[nH]c(Cc2ccccc2)nc2ncccc12,Hydroxycarboxylic acid receptor 2
COc1cccc(CCOCc2nc3ncccc3c(=O)[nH]2)c1,Hydroxycarboxylic acid receptor 2
O=C(O)c1[nH]nc2c1CNC2,Hydroxycarboxylic acid receptor 2
Cc1c(CCC(=O)NC2=C(C(=O)O)CCCC2)cnn1-c1ccc(O)cn1,Hydroxycarboxylic acid receptor 2
N[C@@H](Cc1nc(-c2ccc(O)cn2)no1)C(=O)NC1=C(C(=O)O)CCCC1,Hydroxycarboxylic acid receptor 2
Cc1cccc(C2Cc3[nH]nc(-c4nnn[nH]4)c3C2)c1,Hydroxycarboxylic acid receptor 2
CCc1cc(=O)oc2nc(C(F)F)[nH]c(=O)c12,Hydroxycarboxylic acid receptor 2
CCC#CCOc1nc2oc(=O)cc(CCC3CCCC3)c2c(=O)[nH]1,Hydroxycarboxylic acid receptor 2
Cc1cc(=O)oc2[nH]c(=O)[nH]c(=O)c12,Hydroxycarboxylic acid receptor 2
O=c1[nH]c(CCc2ccccc2)nc2ncccc12,Hydroxycarboxylic acid receptor 2
O=C(O)/C=C/C(=O)OCc1ccccc1,Hydroxycarboxylic acid receptor 2
O=C(CCCCc1ccc2ccccc2c1)Nc1ccccc1C(=O)O,Hydroxycarboxylic acid receptor 2
O=c1[nH]c(=O)n(CCCC(F)(F)F)c2nc(Cl)[nH]c12,Hydroxycarboxylic acid receptor 2
CCc1c(C(=O)NCCOc2ccccc2)cnc2c(-c3ccc(C(C)C)cc3)cnn12,Hydroxycarboxylic acid receptor 2
O=c1[nH]c(=O)c2c(-c3ccccc3)cc(=O)oc2[nH]1,Hydroxycarboxylic acid receptor 2
CCCCCn1c(=O)n(C)c(=O)c2[nH]c(Br)nc21,Hydroxycarboxylic acid receptor 2
O=C(O)c1n[nH]c2c1CC(c1cccs1)C2,Hydroxycarboxylic acid receptor 2
NC(Cc1nc(-c2ccc(F)cn2)no1)C(=O)NC1=C(C(=O)O)CC(c2cccc(F)c2)CC1,Hydroxycarboxylic acid receptor 2
Cc1c(C(=O)N[C@@H](C)COc2ccccc2)cnc2c(-c3ccc(C(C)C)cc3)cnn12,Hydroxycarboxylic acid receptor 2
CC(C)C1(CCCc2cc(=O)oc3nc(C(F)F)[nH]c(=O)c23)CC1,Hydroxycarboxylic acid receptor 2
CCOC1CCc2c1n[nH]c2C(=O)O,Hydroxycarboxylic acid receptor 2
O=C(O)/C=C/c1cccc(Cl)c1,Hydroxycarboxylic acid receptor 2
c1ccc(C2Cc3[nH]nc(-c4nnn[nH]4)c3C2)cc1,Hydroxycarboxylic acid receptor 2
O=C(O)c1n[nH]c2c1CCC(c1ccccc1)C2,Hydroxycarboxylic acid receptor 2
CS(=O)(=O)Cc1cc(C(=O)O)[nH]n1,Hydroxycarboxylic acid receptor 2
O=C(CCc1nc(-c2ccc(O)cn2)no1)NC1=C(C(=O)O)CC(c2ccc(F)nc2)CC1,Hydroxycarboxylic acid receptor 2
CCc1cc(=O)oc2nc(C#N)[nH]c(=O)c12,Hydroxycarboxylic acid receptor 2
CCCCc1cc(=O)oc2nc(OC)[nH]c(=O)c12,Hydroxycarboxylic acid receptor 2
O=C(O)c1ccccc1NC(=O)N1CCN(c2cnc3cccc(O)c3n2)CC1,Hydroxycarboxylic acid receptor 2
O=c1cc(C2CC2)c2c(=O)[nH]c(C(F)F)nc2o1,Hydroxycarboxylic acid receptor 2
O=C(O)/C=C/c1ccc(Br)o1,Hydroxycarboxylic acid receptor 2
CCc1cc(=O)oc2nc(C(=O)OC)[nH]c(=O)c12,Hydroxycarboxylic acid receptor 2
O=C(O)c1cnccc1F,Hydroxycarboxylic acid receptor 2
CC(C)CCn1c(=O)[nH]c(=O)c2[nH]c(Cl)nc21,Hydroxycarboxylic acid receptor 2
O=c1cc(CCCC2(c3ccccc3)CC2)c2c(=O)[nH]c(C(F)F)nc2o1,Hydroxycarboxylic acid receptor 2
COCCCc1cc(=O)oc2[nH]c(=O)[nH]c(=O)c12,Hydroxycarboxylic acid receptor 2
CCCn1c(=O)[nH]c(=O)c2[nH]c(Cl)nc21,Hydroxycarboxylic acid receptor 2
CN(C)Cc1cc(C(=O)O)[nH]n1,Hydroxycarboxylic acid receptor 2
Cc1c(C(=O)NC(C)COc2ccccc2)cnc2c(-c3ccc(C(C)C)cc3)cnn12,Hydroxycarboxylic acid receptor 2
O=C(O)c1ccccc1NC(=O)N1CCN(c2ncc3ccccc3n2)CC1,Hydroxycarboxylic acid receptor 2
CCc1cc(=O)oc2nc(S)[nH]c(=O)c12,Hydroxycarboxylic acid receptor 2
CC1Cc2[nH]nc(-c3nn[nH]n3)c2C1,Hydroxycarboxylic acid receptor 2
CCOc1nc2oc(=O)cc(CC)c2c(=O)[nH]1,Hydroxycarboxylic acid receptor 2
CC(Cc1ccn(-c2ccc(O)cn2)n1)C(=O)NC1=C(C(=O)O)CC[C@@H](C)C1,Hydroxycarboxylic acid receptor 2
O=C(CCc1ccc2cc(O)ccc2c1)NC1=C(C(=O)O)CC(c2ccc(C(F)(F)F)nc2)CC1,Hydroxycarboxylic acid receptor 2
Cc1cc(C(=O)O)c[nH]1,Hydroxycarboxylic acid receptor 2
CN[C@@H](Cc1nc(-c2ccc(O)cc2)no1)C(=O)Nc1ccccc1C(=O)O,Hydroxycarboxylic acid receptor 2
O=C(O)c1cc(Cc2cccc(Cl)c2)n[nH]1,Hydroxycarboxylic acid receptor 2
CCc1ccc(/C=C/C(=O)O)o1,Hydroxycarboxylic acid receptor 2
O=C(O)c1[nH]nc2c1SCC2,Hydroxycarboxylic acid receptor 2
N[C@@H](Cc1nc(-c2ccc(O)cn2)no1)C(=O)Nc1ccccc1C(=O)O,Hydroxycarboxylic acid receptor 2
O=C(O)/C=C/C(=O)OC1CCCCC1,Hydroxycarboxylic acid receptor 2
CC1CC(CCc2cc(=O)oc3nc(C(F)F)[nH]c(=O)c23)C1,Hydroxycarboxylic acid receptor 2
CO[C@H]1CCCC[C@@H]1NC(=O)c1cnc2c(-c3ccc(C(C)C)cc3)cnn2c1C,Hydroxycarboxylic acid receptor 2
O=C(O)c1n[nH]c2c1CC(c1ccccc1)C2,Hydroxycarboxylic acid receptor 2
O=c1[nH]c(CCCCCc2ccccc2)nc2ncccc12,Hydroxycarboxylic acid receptor 2
O=C(CCc1ccc2cc(O)ccc2c1)NC1=C(C(=O)O)CC(c2ccccc2F)CC1,Hydroxycarboxylic acid receptor 2
Nc1ccc(-c2ccc(CCC(=O)Nc3ccccc3C(=O)O)cc2)nc1,Hydroxycarboxylic acid receptor 2
Cc1cc(O)ccc1-c1ccc(CCC(=O)Nc2ccccc2C(=O)O)cc1,Hydroxycarboxylic acid receptor 2
CCCCCCCCCCCc1cc(C(=O)O)[nH]n1,Hydroxycarboxylic acid receptor 2
O=C(O)/C=C/c1ccc[nH]1,Hydroxycarboxylic acid receptor 2
Cc1c(C(=O)NCCOc2ccccc2)cnc2c(-c3ccc(Cl)cc3)cnn12,Hydroxycarboxylic acid receptor 2
O=C(CCc1ccc(-c2ccc(O)cc2)cc1)NC1=C(C(=O)O)CCCC1,Hydroxycarboxylic acid receptor 2
CSCCCc1cc(=O)oc2[nH]c(=O)[nH]c(=O)c12,Hydroxycarboxylic acid receptor 2
O=C(CCc1ccc(-c2ccc(O)cc2O)cc1)Nc1ccccc1C(=O)O,Hydroxycarboxylic acid receptor 2
C1CC1C1Cc2[nH]nc(-c3nnn[nH]3)c2C1,Hydroxycarboxylic acid receptor 2
O=c1[nH]c(=O)n(CCCF)c2nc(Cl)[nH]c12,Hydroxycarboxylic acid receptor 2
O=C(CCc1ccccc1)NCc1nc2ncccc2c(=O)[nH]1,Hydroxycarboxylic acid receptor 2
CC(Cc1ccn(-c2ccc(O)cn2)n1)C(=O)Nc1ccccc1C(=O)O,Hydroxycarboxylic acid receptor 2
O=c1[nH]c(=O)c2c(CCCC3(Cl)CC3)cc(=O)oc2[nH]1,Hydroxycarboxylic acid receptor 2
CCCC1OCc2c1n[nH]c2C(=O)O,Hydroxycarboxylic acid receptor 2
CCc1cc(=O)oc2nc(COC)[nH]c(=O)c12,Hydroxycarboxylic acid receptor 2
O=C(O)c1cc(Cc2cccc(F)c2)[nH]n1,Hydroxycarboxylic acid receptor 2
O=C(CCc1ccc(-c2ccccc2C(F)(F)F)cc1)Nc1ccccc1C(=O)O,Hydroxycarboxylic acid receptor 2
Fc1cccc(C2Cc3[nH]nc(-c4nnn[nH]4)c3C2)c1,Hydroxycarboxylic acid receptor 2
O=C(CCc1ccn(-c2ccc(O)cn2)n1)NC1=C(C(=O)O)CCCC1,Hydroxycarboxylic acid receptor 2
O=C(O)c1ccccc1NC(=O)N1CCN(c2cnc3ccc(O)cc3n2)CC1,Hydroxycarboxylic acid receptor 2
O=C(O)C=C(c1ccccc1)c1ccccc1,Hydroxycarboxylic acid receptor 2
O=c1[nH]c(=O)n(CCCCF)c2nc(Cl)[nH]c12,Hydroxycarboxylic acid receptor 2
O=c1cc(CCCC2(F)CC2)c2c(=O)[nH]c(C(F)F)nc2o1,Hydroxycarboxylic acid receptor 2
O=C(CCC#Cc1ccc(O)cc1)NC1=C(C(=O)O)CCCC1,Hydroxycarboxylic acid receptor 2
O=C(CCc1nc(-c2ccc(F)cn2)no1)NC1=C(C(=O)O)CC(c2cccc(F)c2)CC1,Hydroxycarboxylic acid receptor 2
CC1SCc2c1n[nH]c2C(=O)O,Hydroxycarboxylic acid receptor 2
CCC(C)c1cc(C(=O)O)[nH]n1,Hydroxycarboxylic acid receptor 2
O=c1[nH]c(CCCCCCCc2ccccc2)nc2ncccc12,Hydroxycarboxylic acid receptor 2
O=C(CCc1ccc2ccccc2c1)Nc1ccccc1C(=O)O,Hydroxycarboxylic acid receptor 2
CC(c1nc(-c2ccc(O)cn2)no1)[C@H](N)C(=O)Nc1ccccc1C(=O)O,Hydroxycarboxylic acid receptor 2
O=C(CCc1ccc2cc(O)ccc2c1)NC1=C(C(=O)O)CC(c2cccnc2F)CC1,Hydroxycarboxylic acid receptor 2
CCn1c(=O)n(C)c(=O)c2[nH]c(Cl)nc21,Hydroxycarboxylic acid receptor 2
O=C(CCc1nc(-c2ccc(O)cc2)no1)Nc1ccccc1C(=O)O,Hydroxycarboxylic acid receptor 2
O=C(CCc1ccc(-c2ccc(O)cc2Cl)s1)Nc1ccccc1C(=O)O,Hydroxycarboxylic acid receptor 2
Cc1ccc(/C=C/C(=O)O)cc1,Hydroxycarboxylic acid receptor 2
CCOCCOc1nc2oc(=O)cc(CC)c2c(=O)[nH]1,Hydroxycarboxylic acid receptor 2
COCc1cc(C(=O)O)[nH]n1,Hydroxycarboxylic acid receptor 2
O=C(O)C1=C(NC(=O)C2(Cc3nc(-c4ccc(O)cn4)no3)CCC2)CCCC1,Hydroxycarboxylic acid receptor 2
Cc1ncc(C(=O)O)s1,Hydroxycarboxylic acid receptor 2
CC1CCC(NC(=O)CCc2ccc3cc(O)ccc3c2)=C(C(=O)O)C1,Hydroxycarboxylic acid receptor 2
CCC1(CCCc2cc(=O)oc3[nH]c(=O)[nH]c(=O)c23)CC1,Hydroxycarboxylic acid receptor 2
O=c1[nH]c(OCCCCc2ccccc2)nc2ncccc12,Hydroxycarboxylic acid receptor 2
CCc1cc(=O)oc2nc(OCc3cc(C)on3)[nH]c(=O)c12,Hydroxycarboxylic acid receptor 2
O=C(O)/C=C/C(=O)OCc1cccc(F)c1,Hydroxycarboxylic acid receptor 2
CC(C)CCCn1c(=O)[nH]c(=O)c2[nH]c(Cl)nc21,Hydroxycarboxylic acid receptor 2
O=C(O)c1ccccc1NC(=O)N1CCN(c2cnc3ccccc3n2)CC1,Hydroxycarboxylic acid receptor 2
CC(Cc1ccn(-c2ccc(O)cn2)n1)C(=O)NC1=C(C(=O)O)CCC(c2cccc(F)c2F)C1,Hydroxycarboxylic acid receptor 2
CCc1cc(=O)oc2nc(C3CC3)[nH]c(=O)c12,Hydroxycarboxylic acid receptor 2
Cc1c(C(=O)NCCOc2ccccc2)cnc2c(-c3cccc(Cl)c3)cnn12,Hydroxycarboxylic acid receptor 2
O=c1[nH]c(=O)n(CCCCCF)c2nc(Cl)[nH]c12,Hydroxycarboxylic acid receptor 2
O=C(O)/C=C/C(=O)OCc1cccc(Br)c1,Hydroxycarboxylic acid receptor 2
Br.Fc1ncccc1C1CCC2=C(C1)C(=C1N=NN=N1)N=N2,Hydroxycarboxylic acid receptor 2
CC(C)OC(=O)/C=C/C(=O)O,Hydroxycarboxylic acid receptor 2
Cc1ccc(OCCCOc2nc3ncccc3c(=O)[nH]2)cc1,Hydroxycarboxylic acid receptor 2
O=C(CCc1ccc2cc(O)ccc2c1)NC1=C(C(=O)O)CC(c2ccc(F)cc2)CC1,Hydroxycarboxylic acid receptor 2
Cc1ccccc1C1Cc2[nH]nc(-c3nnn[nH]3)c2C1,Hydroxycarboxylic acid receptor 2
O=c1[nH]c(CCCc2ccccc2)nc2ncccc12,Hydroxycarboxylic acid receptor 2
Fc1cc(F)cc(C2Cc3[nH]nc(-c4nnn[nH]4)c3C2)c1,Hydroxycarboxylic acid receptor 2
O=C(O)c1cc(-c2cccc(Cl)c2)[nH]n1,Hydroxycarboxylic acid receptor 2
CCCCCCOC(=O)/C=C/C(=O)O,Hydroxycarboxylic acid receptor 2
CC1CCC(NC(=O)[C@@H](N)Cc2nc(-c3ccc(O)cn3)no2)=C(C(=O)O)C1,Hydroxycarboxylic acid receptor 2
O=C(COc1ccc2cc(O)ccc2c1)Nc1ccccc1C(=O)O,Hydroxycarboxylic acid receptor 2
N[C@H](Cc1nc(-c2ccc(O)cc2)no1)C(=O)Nc1ccccc1C(=O)O,Hydroxycarboxylic acid receptor 2
Cc1c(CC(C)C(=O)NC2=C(C(=O)O)CCCC2)cnn1-c1ccc(O)cn1,Hydroxycarboxylic acid receptor 2
Cc1cccc(OCCNC(=O)c2cnc3c(-c4ccc(C(C)C)cc4)cnn3c2C)c1,Hydroxycarboxylic acid receptor 2
COc1cccc(OCCCOc2nc3ncccc3c(=O)[nH]2)c1,Hydroxycarboxylic acid receptor 2
O=C(O)c1ccnnc1,Hydroxycarboxylic acid receptor 2
O=C(O)c1n[nH]c2c1CC(c1cc(F)ccc1F)CC2,Hydroxycarboxylic acid receptor 2
Cn1nc(CCC(=O)Nc2ccccc2C(=O)O)c2c1-c1ccc(O)cc1C2,Hydroxycarboxylic acid receptor 2
CCCCn1c(=O)n(CC#N)c(=O)c2[nH]c(Cl)nc21,Hydroxycarboxylic acid receptor 2
O=C(CCc1ccc2cc(O)ccc2c1)NC1=C(C(=O)O)CC(c2ccc(F)nc2)CC1,Hydroxycarboxylic acid receptor 2
Fc1cc(F)c(F)c(C2Cc3[nH]nc(-c4nnn[nH]4)c3C2)c1,Hydroxycarboxylic acid receptor 2
CC(C)(C)c1ccc(OCC(=O)Nc2ccccc2C(=O)O)cc1,Hydroxycarboxylic acid receptor 2
N#CCCCn1c(=O)[nH]c(=O)c2[nH]c(Cl)nc21,Hydroxycarboxylic acid receptor 2
O=C(O)c1ccccc1NC(=O)N1CCN(c2cnc3cc(O)ccc3n2)CC1,Hydroxycarboxylic acid receptor 2
CCc1cc(=O)oc2nc(OCC#CC3CCCCC3)[nH]c(=O)c12,Hydroxycarboxylic acid receptor 2
O=C(O)c1cc(Cc2ccc(Cl)cc2)[nH]n1,Hydroxycarboxylic acid receptor 2
COc1ccc(OCCNC(=O)c2cnc3c(-c4ccc(C(C)C)cc4)cnn3c2C)cc1,Hydroxycarboxylic acid receptor 2
Cc1c(C(=O)NCc2ccccc2)cnc2c(-c3ccc(C(C)C)cc3)cnn12,Hydroxycarboxylic acid receptor 2
CCCCn1c(=O)c2[nH]c(I)nc2n(CCCC)c1=O,Hydroxycarboxylic acid receptor 2
COc1ccc(OCC(=O)Nc2ccccc2C(=O)O)cc1,Hydroxycarboxylic acid receptor 2
CCC(C)Cc1cc(=O)oc2[nH]c(=O)[nH]c(=O)c12,Hydroxycarboxylic acid receptor 2
CC(C)=CC(=O)O,Hydroxycarboxylic acid receptor 2
CC1OCc2c1n[nH]c2C(=O)O,Hydroxycarboxylic acid receptor 2
N#CCn1c(=O)c2[nH]c(Cl)nc2n(CCC2CC2)c1=O,Hydroxycarboxylic acid receptor 2
CCn1c(=O)c2[nH]c(Cl)nc2n(CC(F)(F)F)c1=O,Hydroxycarboxylic acid receptor 2
C[C@H]1CN(C(=O)Nc2ccccc2C(=O)O)[C@H](C)CN1c1cnc2ccccc2n1,Hydroxycarboxylic acid receptor 2
O=C(O)c1ccccc1NC(=O)N1CCN(c2ccc3ccccc3c2)CC1,Hydroxycarboxylic acid receptor 2
O=C(O)c1cc(CO)n[nH]1,Hydroxycarboxylic acid receptor 2
O=C(O)c1n[nH]c2c1CC(c1ccsc1)C2,Hydroxycarboxylic acid receptor 2
O=C(/C=C/C#Cc1ccc(O)cc1)NC1=C(C(=O)O)CCCC1,Hydroxycarboxylic acid receptor 2
O=C(O)/C=C/c1cccs1,Hydroxycarboxylic acid receptor 2
CCc1cc(=O)oc2nc(OCc3ccccc3-c3cccc(C#N)c3)[nH]c(=O)c12,Hydroxycarboxylic acid receptor 2
Cc1ccc(COC(=O)/C=C/C(=O)O)cc1,Hydroxycarboxylic acid receptor 2
O=C(O)/C=C/c1cc(Br)cs1,Hydroxycarboxylic acid receptor 2
CCc1cc(=O)oc2nc(OCc3ccc(OC)cc3)[nH]c(=O)c12,Hydroxycarboxylic acid receptor 2
Cc1ccc(Cc2cc(C(=O)O)[nH]n2)cc1,Hydroxycarboxylic acid receptor 2
COCCc1cc(C(=O)O)[nH]n1,Hydroxycarboxylic acid receptor 2
CCc1cc(=O)oc2nc(COc3ccccc3)[nH]c(=O)c12,Hydroxycarboxylic acid receptor 2
O=C(O)c1n[nH]c2c1CC(n1cccn1)C2,Hydroxycarboxylic acid receptor 2
Cc1cc(=O)oc2nc(C(F)F)[nH]c(=O)c12,Hydroxycarboxylic acid receptor 2
C[C@@H]1CCC(C(=O)O)=C(NC(=O)[C@@H](N)Cc2nc(-c3ccc(O)cn3)no2)C1,Hydroxycarboxylic acid receptor 2
O=c1cc(CCCC2(C3CC3)CC2)c2c(=O)[nH]c(C(F)F)nc2o1,Hydroxycarboxylic acid receptor 2
CCc1cc(=O)oc2nc[nH]c(=O)c12,Hydroxycarboxylic acid receptor 2
CCc1cc(=O)oc2nc(OCCc3ccccc3)[nH]c(=O)c12,Hydroxycarboxylic acid receptor 2
CCCCn1c(=O)[nH]c(=O)c2[nH]c(Cl)nc21,Hydroxycarboxylic acid receptor 2
Cc1cc(-c2ccc(CCC(=O)Nc3ccccc3C(=O)O)cc2)ccc1O,Hydroxycarboxylic acid receptor 2
O=C(O)/C=C/C(=O)Oc1ccccc1,Hydroxycarboxylic acid receptor 2
O=c1cc(CC2CC2)c2c(=O)[nH]c(C(F)F)nc2o1,Hydroxycarboxylic acid receptor 2
O=C(O)c1cccnn1,Hydroxycarboxylic acid receptor 2
O=C(CCc1ccc(-c2ccc[nH]2)cc1)Nc1ccccc1C(=O)O,Hydroxycarboxylic acid receptor 2
Fc1cccc(C2Cc3[nH]nc(-c4nnn[nH]4)c3C2)c1F,Hydroxycarboxylic acid receptor 2
C[C@H]1CC(NC(=O)CCc2nc(-c3ccc(O)cn3)no2)=C(C(=O)O)C[C@H]1c1cccc(F)c1,Hydroxycarboxylic acid receptor 2
O=C(CCC#Cc1ccc(O)cn1)NC1=C(C(=O)O)CCCC1,Hydroxycarboxylic acid receptor 2
O=C(/C=C/C#Cc1ccc(O)cc1F)NC1=C(C(=O)O)CCCC1,Hydroxycarboxylic acid receptor 2
COc1ccc2cc(CCC(=O)Nc3ccccc3C(=O)O)ccc2c1,Hydroxycarboxylic acid receptor 2
CCc1cc(=O)oc2nc(CS(=O)(=O)c3ccccc3)[nH]c(=O)c12,Hydroxycarboxylic acid receptor 2
O=C(CCc1ccc(-c2ccc(CO)cc2)cc1)Nc1ccccc1C(=O)O,Hydroxycarboxylic acid receptor 2
Cc1c(C(=O)NCCOc2ccccc2)cnc2c(-c3ccc(OC(C)C)cc3)cnn12,Hydroxycarboxylic acid receptor 2
O=C(CCc1ccc(-c2ccccc2O)cc1)NC1=C(C(=O)O)CCCC1,Hydroxycarboxylic acid receptor 2
Cc1c(CCC(=O)Nc2ccccc2C(=O)O)cnn1-c1ccc(O)cn1,Hydroxycarboxylic acid receptor 2
O=C(O)c1cc(Cc2cccc(Br)c2)[nH]n1,Hydroxycarboxylic acid receptor 2
O=C(CCC#Cc1ccccc1O)NC1=C(C(=O)O)CCCC1,Hydroxycarboxylic acid receptor 2
O=C(O)c1cc(CCCc2ccccc2)[nH]n1,Hydroxycarboxylic acid receptor 2
Cn1c(=O)c2[nH]c(Cl)nc2n(CCCC(F)(F)F)c1=O,Hydroxycarboxylic acid receptor 2
CCCCC1CCC(NC(=O)CCc2ccc3cc(O)ccc3c2)=C(C(=O)O)C1,Hydroxycarboxylic acid receptor 2
CS(=O)(=O)CCCc1cc(=O)oc2[nH]c(=O)[nH]c(=O)c12,Hydroxycarboxylic acid receptor 2
O=C(O)c1n[nH]c2c1CC(c1ccccc1Cl)CC2,Hydroxycarboxylic acid receptor 2
O=C(CCc1nc(-c2ccc(O)cn2)no1)NC1=C(C(=O)O)CC(c2cccc(F)c2)CC1,Hydroxycarboxylic acid receptor 2
O=C(O)c1n[nH]c2c1CC(c1c(F)cccc1F)CC2,Hydroxycarboxylic acid receptor 2
O=C(CCc1ccc2cc(O)ccc2c1)NC1=C(C(=O)O)CC(c2ccccc2)CC1,Hydroxycarboxylic acid receptor 2
CCCCCOC(=O)/C=C/C(=O)O,Hydroxycarboxylic acid receptor 2
CCCCCn1c(=O)n(C)c(=O)c2[nH]c(C#N)nc21,Hydroxycarboxylic acid receptor 2
O=C(O)/C=C/c1ccc(-c2ccc(Cl)cc2)o1,Hydroxycarboxylic acid receptor 2
CCc1cc(=O)oc2[nH]c(=O)[nH]c(=O)c12,Hydroxycarboxylic acid receptor 2
CCCCCCc1cc(=O)oc2[nH]c(=O)[nH]c(=O)c12,Hydroxycarboxylic acid receptor 2
CCCn1c(=O)n(C)c(=O)c2[nH]c(Cl)nc21,Hydroxycarboxylic acid receptor 2
O=C(CCc1ccc(-c2ccc(O)c(F)c2)cc1)Nc1ccccc1C(=O)O,Hydroxycarboxylic acid receptor 2
O=c1[nH]c(OCCCOc2cccc(F)c2)nc2ncccc12,Hydroxycarboxylic acid receptor 2
CCCC(C)Cn1c(=O)[nH]c(=O)c2[nH]c(Cl)nc21,Hydroxycarboxylic acid receptor 2
O=C(O)/C=C/C(=O)OCc1ccccc1Br,Hydroxycarboxylic acid receptor 2
O=C(O)/C=C/C(=O)OCCCc1ccccc1,Hydroxycarboxylic acid receptor 2
O=C(O)C1=C(NC(=O)C(F)(F)C(F)(F)c2nc(-c3ccc(O)cn3)no2)CCCC1,Hydroxycarboxylic acid receptor 2
Clc1ccc(C2Cc3[nH]nc(-c4nnn[nH]4)c3C2)cc1,Hydroxycarboxylic acid receptor 2
O=c1cc(CCCC2CCC2)c2c(=O)[nH]c(C(F)F)nc2o1,Hydroxycarboxylic acid receptor 2
O=C(CCC#Cc1ccc(O)cc1Cl)NC1=C(C(=O)O)CCCC1,Hydroxycarboxylic acid receptor 2
O=c1[nH]c(OCCCOc2cccc(Cl)c2)nc2ncccc12,Hydroxycarboxylic acid receptor 2
CCOC(=O)Cc1cc(=O)oc2[nH]c(=O)[nH]c(=O)c12,Hydroxycarboxylic acid receptor 2
O=c1cc(CCCCC2CC2)c2c(=O)[nH]c(C(F)F)nc2o1,Hydroxycarboxylic acid receptor 2
CC(C)CCCCCn1c(=O)[nH]c(=O)c2[nH]c(Cl)nc21,Hydroxycarboxylic acid receptor 2
CCc1cc(=O)oc2nc(C(F)(F)F)[nH]c(=O)c12,Hydroxycarboxylic acid receptor 2
COC(=O)c1cc(=O)oc2[nH]c(=O)[nH]c(=O)c12,Hydroxycarboxylic acid receptor 2
Cn1cc(C2CCC(NC(=O)CCc3ccc4cc(O)ccc4c3)=C(C(=O)O)C2)cn1,Hydroxycarboxylic acid receptor 2
CCC#CCOc1nc2oc(=O)cc(CCCC3CC3)c2c(=O)[nH]1,Hydroxycarboxylic acid receptor 2
O=c1[nH]c(=O)c2c(CCCc3cccs3)cc(=O)oc2[nH]1,Hydroxycarboxylic acid receptor 2
Cc1cccc(-c2cnn3c(C)c(C(=O)NCCOc4ccccc4)cnc23)c1,Hydroxycarboxylic acid receptor 2
O=Cc1cc(C(=O)O)[nH]n1,Hydroxycarboxylic acid receptor 2
O=c1[nH]c(=O)n(CC2CCCCC2)c2nc(Cl)[nH]c12,Hydroxycarboxylic acid receptor 2
O=c1cc(CCC2CCCCC2)c2c(=O)[nH]c(C(F)F)nc2o1,Hydroxycarboxylic acid receptor 2
O=C(CCc1ccc(-c2ccccn2)cc1)Nc1ccccc1C(=O)O,Hydroxycarboxylic acid receptor 2
CC1Cc2[nH]nc(C(=O)O)c2C1,Hydroxycarboxylic acid receptor 2
COc1ccc(CCOCc2nc3ncccc3c(=O)[nH]2)cc1,Hydroxycarboxylic acid receptor 2
CCc1noc(CC)c1COc1nc2oc(=O)cc(CC)c2c(=O)[nH]1,Hydroxycarboxylic acid receptor 2
O=C(O)c1ccccc1NC(=O)N1CCCN(c2cnc3ccccc3n2)CC1,Hydroxycarboxylic acid receptor 2
Cl.Fc1ncccc1C1CCC2=C(C1)C(=C1N=NN=N1)N=N2,Hydroxycarboxylic acid receptor 2
CCCCCc1cc(=O)oc2nc(C(F)F)[nH]c(=O)c12,Hydroxycarboxylic acid receptor 2
O=Cc1ccc2cc(CCC(=O)Nc3ccccc3C(=O)O)ccc2c1,Hydroxycarboxylic acid receptor 2
O=C(O)c1ccccc1NC(=O)N1CCN(c2ccc3ccccc3n2)CC1,Hydroxycarboxylic acid receptor 2
CCCCc1cc(=O)oc2nc(C(F)F)[nH]c(=O)c12,Hydroxycarboxylic acid receptor 2
O=C(O)c1n[nH]c2c1CC(c1ccccc1F)CC2,Hydroxycarboxylic acid receptor 2
Cc1ccccc1/C=C/C(=O)O,Hydroxycarboxylic acid receptor 2
Cc1noc(C)c1-c1ccc(CCC(=O)Nc2ccccc2C(=O)O)cc1,Hydroxycarboxylic acid receptor 2
CCc1cc(=O)oc2nc(-c3ccc(C(F)(F)F)cc3)[nH]c(=O)c12,Hydroxycarboxylic acid receptor 2
Cc1c(C(=O)NCCOc2ccc3ccccc3c2)cnc2c(-c3ccc(C(C)C)cc3)cnn12,Hydroxycarboxylic acid receptor 2
COCC(Cc1ccccc1)NC(=O)c1cnc2c(-c3ccc(C(C)C)cc3)cnn2c1C,Hydroxycarboxylic acid receptor 2
CCCCC1Cc2[nH]nc(-c3nnn[nH]3)c2C1,Hydroxycarboxylic acid receptor 2
N#CCn1c(=O)c2[nH]c(Cl)nc2n(CC#N)c1=O,Hydroxycarboxylic acid receptor 2
O=C(O)c1ccccc1NC(=O)N1CCN(c2nc3ccccc3o2)CC1,Hydroxycarboxylic acid receptor 2
CCCn1c(=O)n(CC#N)c(=O)c2[nH]c(Cl)nc21,Hydroxycarboxylic acid receptor 2
O=c1[nH]c(=O)n(CCCCCCF)c2nc(Cl)[nH]c12,Hydroxycarboxylic acid receptor 2
CCc1cc(=O)oc2nc(OCc3cccc(C(F)(F)F)c3)[nH]c(=O)c12,Hydroxycarboxylic acid receptor 2
NC(Cc1nc(-c2ccc(F)cn2)no1)C(=O)NC1=C(C(=O)O)CC(c2cc(F)cc(F)c2F)CC1,Hydroxycarboxylic acid receptor 2
O=c1[nH]c(=O)n(CCC(F)(F)F)c2nc(Cl)[nH]c12,Hydroxycarboxylic acid receptor 2
COc1ccccc1CCOCc1nc2ncccc2c(=O)[nH]1,Hydroxycarboxylic acid receptor 2
Cn1cc(C2Cc3[nH]nc(C(=O)O)c3C2)cn1,Hydroxycarboxylic acid receptor 2
CCC#CCOc1nc2oc(=O)cc(CCC3CC3)c2c(=O)[nH]1,Hydroxycarboxylic acid receptor 2
O=C(O)c1[nH]nc2c1CS(=O)(=O)C2,Hydroxycarboxylic acid receptor 2
O=C(O)/C=C/c1cccc([N+](=O)[O-])c1,Hydroxycarboxylic acid receptor 2
CCc1cc(=O)oc2nc(OCC#CCO)[nH]c(=O)c12,Hydroxycarboxylic acid receptor 2
O=C(O)c1n[nH]c2c1OCC2,Hydroxycarboxylic acid receptor 2
N#CC1CCC(NC(=O)CCc2ccc3cc(O)ccc3c2)=C(C(=O)O)C1,Hydroxycarboxylic acid receptor 2
O=C(O)c1ccccc1NC(=O)N1CCN(c2c(Cl)cncc2Cl)CC1,Hydroxycarboxylic acid receptor 2
COc1nc2oc(=O)cc(CCC3CCCC3)c2c(=O)[nH]1,Hydroxycarboxylic acid receptor 2
Fc1ccc(F)c(C2Cc3[nH]nc(-c4nnn[nH]4)c3C2)c1,Hydroxycarboxylic acid receptor 2
CC(Cc1ccn(-c2ccc(O)cn2)n1)C(=O)NC1=C(C(=O)O)CCC(c2cccc(F)c2)C1,Hydroxycarboxylic acid receptor 2
CCc1cc(=O)oc2nc(OCc3ccccc3OC)[nH]c(=O)c12,Hydroxycarboxylic acid receptor 2
CCCCn1c(=O)n(CC)c(=O)c2[nH]c(Cl)nc21,Hydroxycarboxylic acid receptor 2
NC(Cc1cnc(-c2ccc(O)cc2Cl)s1)C(=O)Nc1ccccc1C(=O)O,Hydroxycarboxylic acid receptor 2
CCCC1CCC(NC(=O)CCc2ccc3cc(O)ccc3c2)=C(C(=O)O)C1,Hydroxycarboxylic acid receptor 2
O=C(O)/C=C/c1ccco1,Hydroxycarboxylic acid receptor 2
COc1cccc(COC(=O)/C=C/C(=O)O)c1,Hydroxycarboxylic acid receptor 2
O=C(CCc1ccn(-c2ccc(O)cn2)n1)N[C@@H]1CCCC[C@@H]1C(=O)O,Hydroxycarboxylic acid receptor 2
O=C(/C=C/C#Cc1ccccc1F)NC1=C(C(=O)O)CCCC1,Hydroxycarboxylic acid receptor 2
CCC#CCOc1nc2oc(=O)cc(Cc3ccccc3)c2c(=O)[nH]1,Hydroxycarboxylic acid receptor 2
Fc1ncccc1C1CCc2[nH]nc(-c3nnn[nH]3)c2C1,Hydroxycarboxylic acid receptor 2
O=c1[nH]c(=O)c2c(CC(F)(F)F)cc(=O)oc2[nH]1,Hydroxycarboxylic acid receptor 2
CCCC1Cc2[nH]nc(-c3nnn[nH]3)c2C1,Hydroxycarboxylic acid receptor 2
O=C(O)c1cc(Cc2ccccc2)n[nH]1,Hydroxycarboxylic acid receptor 2
CCC#CCOc1nc2oc(=O)cc(CC)c2c(=O)[nH]1,Hydroxycarboxylic acid receptor 2
COCC(C)NC(=O)c1cnc2c(-c3ccc(C(C)C)cc3)cnn2c1C,Hydroxycarboxylic acid receptor 2
CCCCCCn1c(=O)[nH]c(=O)c2[nH]c(Cl)nc21,Hydroxycarboxylic acid receptor 2
O=C(CCc1ccc(-c2ccc(C(F)(F)F)cc2)cc1)Nc1ccccc1C(=O)O,Hydroxycarboxylic acid receptor 2
CCC(C)CCn1c(=O)[nH]c(=O)c2[nH]c(Cl)nc21,Hydroxycarboxylic acid receptor 2
CCc1cc(=O)oc2nc(OCc3ccc(-c4cncnc4)cc3F)[nH]c(=O)c12,Hydroxycarboxylic acid receptor 2
O=c1[nH]c(COCCc2ccccc2F)nc2ncccc12,Hydroxycarboxylic acid receptor 2
O=C(CCc1ccc2cc(O)ccc2c1)NC1=C(C(=O)O)CC(c2cc(F)cc(F)c2)CC1,Hydroxycarboxylic acid receptor 2
O=C(/C=C/CCc1ccccc1)NC1=C(C(=O)O)CCCC1,Hydroxycarboxylic acid receptor 2
Cc1c(C(=O)NCCOc2ccccc2)cnc2c(-c3ccc(-c4ccc(C(F)(F)F)cc4)cc3)cnn12,Hydroxycarboxylic acid receptor 2
Cc1ccc(OCCNC(=O)c2cnc3c(-c4ccc(C(C)C)cc4)cnn3c2C)cc1,Hydroxycarboxylic acid receptor 2
O=c1[nH]c(=O)c2c(CCCc3ccccc3)cc(=O)oc2[nH]1,Hydroxycarboxylic acid receptor 2
Cc1c(C(=O)NCCc2ccccc2)cnc2c(-c3ccc(C(C)C)cc3)cnn12,Hydroxycarboxylic acid receptor 2
O=c1cc(CCC2CC3(CC3)C2)c2c(=O)[nH]c(C(F)F)nc2o1,Hydroxycarboxylic acid receptor 2
CCCCCn1c(=O)n(C)c(=O)c2[nH]c(Cl)nc21,Hydroxycarboxylic acid receptor 2
CCCCn1c(=O)c2[nH]c(C#N)nc2n(CCCC)c1=O,Hydroxycarboxylic acid receptor 2
O=c1cc(CC2CCC2)c2c(=O)[nH]c(C(F)F)nc2o1,Hydroxycarboxylic acid receptor 2
O=c1[nH]c(=O)n(CCCC2CC2)c2nc(Cl)[nH]c12,Hydroxycarboxylic acid receptor 2
O=C(CCc1nc(-c2ccc(F)cn2)no1)NC1=C(C(=O)O)CC(c2cc(F)cc(F)c2)CC1,Hydroxycarboxylic acid receptor 2
Cc1c(C(=O)N[C@H](C)COc2ccccc2)cnc2c(-c3ccc(C(C)C)cc3)cnn12,Hydroxycarboxylic acid receptor 2
CCc1cc(=O)oc2nc(OCC#CC3CC3)[nH]c(=O)c12,Hydroxycarboxylic acid receptor 2
CC(C)c1ccc(-c2cnn3cc(C(=O)NCCOc4ccccc4)cnc23)cc1,Hydroxycarboxylic acid receptor 2
Fc1ccc(C2Cc3[nH]nc(-c4nnn[nH]4)c3C2)cc1F,Hydroxycarboxylic acid receptor 2
CCCC1CCC(C(=O)O)=C(NC(=O)C(C)Cc2ccn(-c3ccc(O)cn3)n2)C1,Hydroxycarboxylic acid receptor 2
CCc1cc(=O)oc2nc(OCc3cccnc3)[nH]c(=O)c12,Hydroxycarboxylic acid receptor 2
O=C(CCc1ccc(-c2ccc(O)cc2F)cc1)Nc1ccccc1C(=O)O,Hydroxycarboxylic acid receptor 2
Cl.O=C(O)c1n[nH]c2c1CC(c1cccnc1F)CC2,Hydroxycarboxylic acid receptor 2
CC(Cc1ccn(-c2ccc(O)cn2)n1)C(=O)NC1=C(C(=O)O)CCCC1,Hydroxycarboxylic acid receptor 2
O=C(CCc1ccccc1)Nc1ccccc1C(=O)O,Hydroxycarboxylic acid receptor 2
O=C(O)c1[nH]nc2c1CSC2,Hydroxycarboxylic acid receptor 2
O=c1[nH]c(OCCCOc2ccccc2)nc2ncccc12,Hydroxycarboxylic acid receptor 2
COc1ccccc1OCCCOc1nc2ncccc2c(=O)[nH]1,Hydroxycarboxylic acid receptor 2
Fc1ccc(C2Cc3[nH]nc(-c4nnn[nH]4)c3C2)cc1,Hydroxycarboxylic acid receptor 2
O=c1[nH]c(COCCc2ccc(Cl)cc2)nc2ncccc12,Hydroxycarboxylic acid receptor 2
COc1ccc(-c2ccc(CCC(=O)Nc3ccccc3C(=O)O)cc2)cc1,Hydroxycarboxylic acid receptor 2
CCOC(=O)/C=C/C(=O)O,Hydroxycarboxylic acid receptor 2
CCCn1c(=O)c2[nH]c(Cl)nc2n(CC(F)(F)F)c1=O,Hydroxycarboxylic acid receptor 2
CN(C)c1ccc(/C=C/C(=O)O)cc1,Hydroxycarboxylic acid receptor 2
CCC12Cc3c(C(=O)O)n[nH]c3C1C2,Hydroxycarboxylic acid receptor 2
Cc1ccc(CCOCc2nc3ncccc3c(=O)[nH]2)cc1,Hydroxycarboxylic acid receptor 2
O=c1[nH]c(=O)c2c(CCCC3(F)CC3)cc(=O)oc2[nH]1,Hydroxycarboxylic acid receptor 2
Cc1cccc(/C=C/C(=O)O)c1,Hydroxycarboxylic acid receptor 2
O=c1c2[nH]c(Cl)nc2n(CC(F)(F)F)c(=O)n1CCCC(F)(F)F,Hydroxycarboxylic acid receptor 2
O=C(CCC#Cc1ccccc1F)NC1=C(C(=O)O)CCCC1,Hydroxycarboxylic acid receptor 2
CCCC1CCc2c1n[nH]c2C(=O)O,Hydroxycarboxylic acid receptor 2
NC(=O)c1ccc2ncc(N3CCN(C(=O)Nc4ccccc4C(=O)O)CC3)nc2c1,Hydroxycarboxylic acid receptor 2
N[C@@H](Cc1nc(-c2ccc(O)cc2)no1)C(=O)Nc1ccccc1C(=O)O,Hydroxycarboxylic acid receptor 2
COc1ccc(COC(=O)/C=C/C(=O)O)cc1,Hydroxycarboxylic acid receptor 2
CC/C=C/C(=O)O,Hydroxycarboxylic acid receptor 2
Cc1ccccc1OCCCOc1nc2ncccc2c(=O)[nH]1,Hydroxycarboxylic acid receptor 2
C[C@@H]1CCC(C(=O)O)=C(NC(=O)CCc2nc(-c3ccc(F)cn3)no2)C1,Hydroxycarboxylic acid receptor 2
C[C@H]1CC(NC(=O)CCc2nc(-c3ccc(F)cn3)no2)=C(C(=O)O)C[C@H]1c1cc(F)cc(F)c1F,Hydroxycarboxylic acid receptor 2
Cc1c(C(=O)NCCOc2ccccc2)cnc2c(-c3ccc(C(C)C)cc3)cnn12,Hydroxycarboxylic acid receptor 2
O=C(O)/C=C/c1sccc1Br,Hydroxycarboxylic acid receptor 2
