smiles,targetname
CCOc1ccc(Nc2nnc(Cn3c(C)nc4ccccc43)s2)cc1,Glycogen synthase kinase-3 beta
Cn1nc(C(N)=O)cc1-c1ccnc(NC(=O)C2CC2)c1,Glycogen synthase kinase-3 beta
COc1ccc2cc(C)c3c(c2c1)C(=O)NC3=O,Glycogen synthase kinase-3 beta
COc1ccncc1C1=NNC(=O)/C1=NNc1ccncc1,Glycogen synthase kinase-3 beta
O=C(NCC1CCN(CCc2ccccc2)CC1)c1n[nH]c2ccc(-c3ccccc3F)cc12,Glycogen synthase kinase-3 beta
Cl.Cn1c(N2CCNC(c3ccc(Br)cc3)C2)nc(-c2ccncc2)cc1=O,Glycogen synthase kinase-3 beta
COc1ccc(-c2ccc(/C=C3SC(=S)NC3=O)o2)c([N+](=O)[O-])c1,Glycogen synthase kinase-3 beta
O=C(NCCCN1CCN(c2cccc(Cl)c2)CC1)c1nc(-c2cccnc2)no1,Glycogen synthase kinase-3 beta
Fc1cccc(CSc2nnc(-c3ccncc3)o2)c1,Glycogen synthase kinase-3 beta
Cn1cc(C2=C(N3CCOCC3)C(=O)NC2=O)c2ccccc21,Glycogen synthase kinase-3 beta
Cc1cc2c(cc1Br)NC(=O)/C2=NNC(=O)c1ccccc1O,Glycogen synthase kinase-3 beta
NC(=O)c1cnc(-c2ccnc(NC(=O)C3CC3)c2)cn1,Glycogen synthase kinase-3 beta
COc1ccc2[nH]nc(C(=O)NCC3CCN(CCC(=O)O)CC3)c2c1,Glycogen synthase kinase-3 beta
CCCCCCCC(=O)NNC(=O)c1c(O)c2ccc(Cl)cc2[nH]c1=O,Glycogen synthase kinase-3 beta
NC(=O)c1cnc(-c2ccnc(NC(=O)C3CC3)c2)s1,Glycogen synthase kinase-3 beta
CCCC(=O)Nc1n[nH]c2cc(-c3ccc4c(c3)COO4)ccc12,Glycogen synthase kinase-3 beta
C[C@H]1COc2c(NCCNc3ccccn3)c(F)c(N)c3c(=O)c(C#N)cn1c23,Glycogen synthase kinase-3 beta
Br.c1ccc(-n2s/c(=N/Cc3cccnc3)nc2-c2cccc3ccccc23)cc1,Glycogen synthase kinase-3 beta
Br.COc1ccc(-c2n/c(=Nc3ccccc3)sn2-c2ccccc2)cc1,Glycogen synthase kinase-3 beta
O=CNN1C(=O)C(c2c[nH]c3ccccc23)=C(c2n[nH]c3ncccc23)C1=O,Glycogen synthase kinase-3 beta
Cc1noc(-c2ccc3occ(-c4ccc([S+](C)[O-])cc4)c3c2)n1,Glycogen synthase kinase-3 beta
NC(=O)c1ccc(-c2ccnc(NC(=O)C3CC3)c2)cn1,Glycogen synthase kinase-3 beta
COCCN1CCC(CNC(=O)c2n[nH]c3ccc(-c4cccnc4)cc23)CC1,Glycogen synthase kinase-3 beta
CCCCCCCCCCCCCC(=O)NCC(=O)N[C@@H](CCCCN)C(=O)N[C@@H](CCC(=O)O)C(=O)N[C@@H](C)C(=O)N1CCC[C@H]1C(=O)N1CCC[C@H]1C(=O)N[C@@H](C)C(=O)N1CCC[C@H]1C(=O)N1CCC[C@H]1C(=O)N[C@@H](CCC(N)=O)C(=O)N[C@@H](COP(=O)(O)O)C(=O)N1CCC[C@@H]1C(=O)O,Glycogen synthase kinase-3 beta
C[C@H]1COc2c(NCCCc3ccccc3)c(F)c(N)c3c(=O)c(C(=O)O)cn1c23,Glycogen synthase kinase-3 beta
COc1ccc2[nH]nc(C(=O)NCC3CCN(CCCN4C[C@H](C)O[C@H](C)C4)CC3)c2c1,Glycogen synthase kinase-3 beta
COC(=O)c1ccc2c3c(c(CCOCc4ccccc4)cc2c1)C(=O)NC3=O,Glycogen synthase kinase-3 beta
COc1ccc(-c2ccc3[nH]nc(C(=O)NCC4CCN(Cc5ccc(C(=O)O)o5)CC4)c3c2)cc1,Glycogen synthase kinase-3 beta
C[C@@H]1CN(C)CCN1c1nc(-c2ccncc2)cc(=O)n1C,Glycogen synthase kinase-3 beta
Cc1nc2ccccc2n1CC(=O)NNC(=O)c1ccc[nH]1,Glycogen synthase kinase-3 beta
Cn1cc(C2=C(C(=O)CBr)C(=O)NC2=O)c2ccccc21,Glycogen synthase kinase-3 beta
CCCC(=O)Nc1n[nH]c2cc(-c3ccc(SC)cc3)ccc12,Glycogen synthase kinase-3 beta
O=C1Nc2ccccc2/C1=C1/Nc2cc(Br)ccc2C1=O,Glycogen synthase kinase-3 beta
COc1ccc(C2=NNC(=O)/C2=NNc2ccc(C#N)cc2)cc1,Glycogen synthase kinase-3 beta
Cc1cc2[n-]c3c4ccccc4[s+]cc3c2cc1C,Glycogen synthase kinase-3 beta
O=C(O)c1ccc(CN2CCC(CNC(=O)c3n[nH]c4ccc(-c5cccc(F)c5F)cc34)CC2)o1,Glycogen synthase kinase-3 beta
Cn1c(N2CCNC(c3ccc(Cl)c(Cl)c3)C2)nc(-c2ccncc2)cc1=O,Glycogen synthase kinase-3 beta
COc1ccc(-c2coc3ccc(-c4nnc(SCc5ccc(OC)c(C(F)(F)F)c5)o4)cc23)cc1,Glycogen synthase kinase-3 beta
CCCCCCNC(=O)c1c(O)c2ccccc2n(C)c1=O,Glycogen synthase kinase-3 beta
O=C1NN=C(c2ccccc2)/C1=N/Nc1ccccc1,Glycogen synthase kinase-3 beta
O=C(CSCc1ccccc1)c1ccc(Br)cc1,Glycogen synthase kinase-3 beta
O=c1cc(-c2ccncc2)nc(CCc2ccccc2)[nH]1,Glycogen synthase kinase-3 beta
Cn1c(=O)c(C(=O)NNCCC#N)c(O)c2ccccc21,Glycogen synthase kinase-3 beta
COc1ccc(-c2nnc(SCc3cccc(OC)c3)o2)cc1,Glycogen synthase kinase-3 beta
O=C(NCc1cccc(O)c1)c1ccc(O)c2[nH]c(Cc3ccccc3)nc12,Glycogen synthase kinase-3 beta
COc1cccc(-n2ncc3c(N/N=C/c4ccc(O)cc4)ncnc32)c1,Glycogen synthase kinase-3 beta
COc1ccc(C2=NNC(=O)/C2=NNc2ccc(Cl)cc2)cc1,Glycogen synthase kinase-3 beta
C[C@@H]1CN(c2nc(-c3ccncn3)cc(=O)n2C)CCN1Cc1ccccc1,Glycogen synthase kinase-3 beta
Cc1cc(F)ccc1C1CN(c2nc(-c3ccncc3)cc(=O)n2C)CCN1.Cl,Glycogen synthase kinase-3 beta
Nc1c(F)c(NCCNc2cccc3ccccc23)c(F)c2c1c(=O)c(C(=O)O)cn2C1CC1,Glycogen synthase kinase-3 beta
COc1cccc(CCNc2cc(-c3ccncn3)cc(=O)n2C)c1,Glycogen synthase kinase-3 beta
COc1ccc2[nH]nc(C(=O)NCC3CCN(CCNS(C)(=O)=O)CC3)c2c1,Glycogen synthase kinase-3 beta
Cc1ccc(C(=O)CCl)s1,Glycogen synthase kinase-3 beta
[H][C@@]12/C=CCCCCN1[C@@]1([H])[C@@]3(O)C=C(c4nccc5c4[nH]c4ccc(O)cc45)C4CCN(CCCC/C=CCC3)C[C@@]41C2,Glycogen synthase kinase-3 beta
COc1ccc(C(=O)CCC(=O)NNC(=O)Cn2c(C)nc3ccccc32)cc1,Glycogen synthase kinase-3 beta
N#Cc1ccccc1CN1C(=O)CC(c2ccccc2)Sc2ccccc21,Glycogen synthase kinase-3 beta
O=c1[nH]cc(-c2ccc(O)cc2)c2sc(-c3ccncc3)cc12,Glycogen synthase kinase-3 beta
Cn1c(NCC(=O)c2ccccc2F)nc(-c2ccncc2)cc1=O,Glycogen synthase kinase-3 beta
O=C(NCCc1ccc(F)nc1)c1ccnc2[nH]c(-c3ccc(F)cc3)nc12,Glycogen synthase kinase-3 beta
O=C(NCCc1ccc([N+](=O)[O-])cc1)c1ccc(O)c2[nH]c(Cc3ccccc3)nc12,Glycogen synthase kinase-3 beta
COCCn1cc(C2=C(c3coc4ccccc34)C(=O)NC2=O)c2ccccc21,Glycogen synthase kinase-3 beta
O=C(CBr)c1ccc(C2C(=O)c3ccccc3C2=O)cc1,Glycogen synthase kinase-3 beta
Br.CCCCC/N=c1\nc(-c2ccccc2)n(-c2ccccc2)s1,Glycogen synthase kinase-3 beta
COc1ccncc1NC(=O)c1ccnc2[nH]c(-c3cccc(Cl)c3)nc12,Glycogen synthase kinase-3 beta
Nc1c(F)c(NCCc2ccncc2)c(F)c2c1c(=O)c(C(=O)O)cn2C1CC1,Glycogen synthase kinase-3 beta
N#Cc1ccc(NCCNc2nc(-c3ccc(Cl)cc3Cl)cn3nc(CNC4CC4)cc23)nc1,Glycogen synthase kinase-3 beta
COC(=O)c1ccc(CSc2nnc(-c3ccc4c(c3)OCO4)o2)cc1,Glycogen synthase kinase-3 beta
Cn1cc(C2=C(c3nnc4ccccn34)C(=O)NC2=O)c2ccc(F)cc21,Glycogen synthase kinase-3 beta
O=C1CC(c2ccco2)Sc2ccccc2N1Cc1ccccc1,Glycogen synthase kinase-3 beta
CCn1c(=O)c(C(=O)NNC(=O)CCc2ccc(O)cc2)c(O)c2ccccc21,Glycogen synthase kinase-3 beta
O=C(CBr)c1ccc(N2CCOCC2)cc1,Glycogen synthase kinase-3 beta
O=[N+]([O-])c1ccc(Nc2n[nH]c3cc(Cl)c(-c4ccccc4)cc23)nc1,Glycogen synthase kinase-3 beta
O=Nn1c2ccccc2c2cc(Cl)ccc21,Glycogen synthase kinase-3 beta
COc1ccncc1C1=NNC(=O)/C1=NNc1ccc(C(=O)O)cc1,Glycogen synthase kinase-3 beta
COCCN1CCC(CNC(=O)c2n[nH]c3ccc(-c4ccc(C)nc4)cc23)CC1,Glycogen synthase kinase-3 beta
Cc1[nH]c2ccccc2c1C1=C(C(=O)N2CCN(c3ccccc3)CC2)C(=O)N(C)C1=O,Glycogen synthase kinase-3 beta
COc1ccc(N/N=C2C(=O)NN=C2c2cnccc2OC)cc1,Glycogen synthase kinase-3 beta
O=[N+]([O-])c1ccc(-c2nnc(SCc3ccccc3)o2)cc1,Glycogen synthase kinase-3 beta
Cc1nc2ccccc2n1Cc1nnc(Nc2ccc([N+](=O)[O-])cc2)s1,Glycogen synthase kinase-3 beta
COc1cccc(CSc2nnc(-c3ccc(C#N)cc3)o2)c1,Glycogen synthase kinase-3 beta
COc1ccc(N/N=C2C(=O)NN=C2c2ccc(OC)cc2)cc1,Glycogen synthase kinase-3 beta
Br.COc1ccc(-c2n/c(=NCc3cccnc3)sn2-c2ccccc2)cc1,Glycogen synthase kinase-3 beta
CCOC(=O)CCc1cccc2c(C3=C(c4coc5ccccc45)C(=O)NC3=O)cn(C)c12,Glycogen synthase kinase-3 beta
CCc1cnn2c(NCc3cccnc3)cc(-c3ccccc3)nc12,Glycogen synthase kinase-3 beta
N#Cc1ccc(C(=O)C(Br)Br)cc1,Glycogen synthase kinase-3 beta
O=C(CNC(=O)c1cnc2[nH]cc(C(=O)c3ccccc3)c2c1)NCCc1c[nH]c2ccccc12,Glycogen synthase kinase-3 beta
Cn1cc(C2=C(c3cnc4ccccn34)C(=O)NC2=O)c2cc3c(cc21)OCO3,Glycogen synthase kinase-3 beta
C[C@@H]1OCCN(c2nc(-c3ccncc3F)cc(=O)n2C)[C@H]1C,Glycogen synthase kinase-3 beta
CCN1C(=O)CC(c2cccs2)Sc2ccccc21,Glycogen synthase kinase-3 beta
COc1ccc(-c2coc3ccc(-c4nnc(SCc5cccc(C(F)(F)F)c5)o4)cc23)cc1,Glycogen synthase kinase-3 beta
COc1cccc(-n2ncc3c(N/N=C/c4ccc(-c5ccccc5)cc4)ncnc32)c1,Glycogen synthase kinase-3 beta
[H][C@@]12/C=CCCCCN1[C@@]1([H])[C@@]3(O)C=C(c4nccc5c6ccccc6n(CCCCCCCCCCCC)c45)[C@]4([H])CCN(CCCC/C=CCC3)C[C@@]41C2,Glycogen synthase kinase-3 beta
COc1ccc2[nH]nc(C(=O)NCC3CCN(CCCN(C)C)CC3)c2c1,Glycogen synthase kinase-3 beta
Nc1nonc1-n1nnc(C(=O)NCCc2ccncc2)c1CN1CCCC1,Glycogen synthase kinase-3 beta
Cl.Cn1c(N2CCNC(c3cccc(F)c3)C2)nc(-c2ccncc2)cc1=O,Glycogen synthase kinase-3 beta
O=C(NCC1CCN(CCc2ccccc2)CC1)c1n[nH]c2ccc(-c3cccc(F)c3F)cc12,Glycogen synthase kinase-3 beta
Cn1cc(C2=C(Oc3ccccc3)C(=O)NC2=O)c2ccccc21,Glycogen synthase kinase-3 beta
CCS(=O)(=O)Nc1ccc(CCNC(=O)c2ccnc3[nH]c(-c4cccs4)nc23)cc1,Glycogen synthase kinase-3 beta
COc1cccc(-n2ncc3c(N/N=C/c4cccc(S(C)(=O)=O)c4)ncnc32)c1,Glycogen synthase kinase-3 beta
O=C(O)c1cccc(CN2C(=O)CC(c3ccccc3)Sc3ccccc32)c1,Glycogen synthase kinase-3 beta
NC(=O)c1ccc(-c2ccnc(NC(=O)C3CC3)c2)nn1,Glycogen synthase kinase-3 beta
COc1ccc2c(c1)c(C1=C(n3ccc4ncccc43)C(=O)NC1=O)cn2CCCN(C)C,Glycogen synthase kinase-3 beta
O=c1sn(-c2ccccc2)c(=S)n1-c1ccccc1,Glycogen synthase kinase-3 beta
O=C(Nc1n[nH]c2cc(Cl)c(-c3ccccc3)cc12)N1CCCC1,Glycogen synthase kinase-3 beta
COc1cc(F)cc(F)c1C1CN(c2nc(-c3ccncn3)cc(=O)n2C)CCN1.Cl,Glycogen synthase kinase-3 beta
COCCN1CCC(CNC(=O)c2n[nH]c3ccc(-c4cccnc4OC)cc23)CC1,Glycogen synthase kinase-3 beta
O=C(NCCCN1CCN(c2ccccc2)CC1)c1nc(-c2ccncc2)no1,Glycogen synthase kinase-3 beta
Cc1nnc(-c2ccc3occ(-c4ccc([S+](C)[O-])cc4)c3c2)[nH]1,Glycogen synthase kinase-3 beta
COc1ccc(/C(=Nc2ccccc2)NC(=S)Nc2ccccc2)cc1,Glycogen synthase kinase-3 beta
Cc1[nH]c2ccccc2c1C1=C(N2CCN(c3ccccc3)CC2)C(=O)N(C)C1=O,Glycogen synthase kinase-3 beta
COc1ccc(/C(=Nc2ccccc2)NC(=S)NCc2cccnc2)cc1,Glycogen synthase kinase-3 beta
O=c1cc(-c2ccncc2)nc(Cc2ccccc2)[nH]1,Glycogen synthase kinase-3 beta
Cc1ccc(-c2ccc3occ(-c4ccc(F)cc4)c3c2)o1,Glycogen synthase kinase-3 beta
COc1c(NCCCc2ccccc2)c(F)cc2c(=O)c(C(=O)O)cn(C3CC3)c12,Glycogen synthase kinase-3 beta
O=C(CN1C(=O)c2ccccc2C1=O)c1ccc(Br)cc1,Glycogen synthase kinase-3 beta
C[C@H]1COc2c(NCCCn3ccnc3)c(F)c(N)c3c(=O)c(C(=N)NO)cn1c23,Glycogen synthase kinase-3 beta
COc1ccc(CSc2nnc(-c3ccc4c(c3)CCO4)o2)cc1C(F)(F)F,Glycogen synthase kinase-3 beta
CCCCNC1=C(c2c(C)[nH]c3ccccc23)C(=O)N(C)C1=O,Glycogen synthase kinase-3 beta
Nc1ncnc2c1ncn2C(=O)CCl,Glycogen synthase kinase-3 beta
CN1CCC(CC(=O)Nc2n[nH]c3nc(-c4cccs4)c(Br)cc23)CC1,Glycogen synthase kinase-3 beta
N#Cc1ccc(NCCNc2nc(-c3ccc(Cl)cc3Cl)cn3nc(C(=O)O)cc23)nc1,Glycogen synthase kinase-3 beta
COc1ccc(CCNc2cc(-c3ccncn3)cc(=O)n2C)cc1,Glycogen synthase kinase-3 beta
O=C(O)c1coc(CN2CCC(CNC(=O)c3n[nH]c4ccc(-c5cccc(F)c5F)cc34)CC2)n1,Glycogen synthase kinase-3 beta
O=C(O)CN1CCC(CNC(=O)c2n[nH]c3ccc(-c4ccccc4F)cc23)CC1,Glycogen synthase kinase-3 beta
Cc1ccc(-c2ccc3occ(-c4ccc([S+](C)[O-])cc4)c3c2)o1,Glycogen synthase kinase-3 beta
N#Cc1sc(NCCNc2nc(-c3ccc(Cl)cc3Cl)cn3nc(C(=O)NCC(=O)O)cc23)nc1N,Glycogen synthase kinase-3 beta
CCCCCCCCCCCC(=O)NNC(=O)c1c(O)c2ccc(Cl)cc2n(Cc2ccccc2)c1=O,Glycogen synthase kinase-3 beta
O=C1CC(c2cccnc2)Sc2ccccc2N1Cc1ccccc1,Glycogen synthase kinase-3 beta
CCOC(=O)CN1CCC(CNC(=O)c2n[nH]c3ccc(Br)cc23)CC1,Glycogen synthase kinase-3 beta
O=C1NC(=O)C(c2cn3c4c(cc(F)cc24)CN(C(=O)N2CCOCC2)CC3)=C1c1coc2ccccc12,Glycogen synthase kinase-3 beta
COCCn1cc(-c2ccnc(Nc3cccc(OC)c3)n2)c2ccccc21,Glycogen synthase kinase-3 beta
Br.Cc1n/c(=NCc2cccnc2)sn1-c1ccccc1,Glycogen synthase kinase-3 beta
C[C@H]1CN(C)CCN1c1nc(-c2ccncn2)cc(=O)n1C,Glycogen synthase kinase-3 beta
COc1ccccc1C(=O)N1CCN(c2nc3[nH]nc(NC(=O)C4CC4)c3cc2F)CC1,Glycogen synthase kinase-3 beta
Clc1ccccc1CSc1nnc(-c2ccc3c(c2)CCO3)o1,Glycogen synthase kinase-3 beta
COc1cccc(C2=NNC(=O)/C2=NNc2ccc(C(=O)O)cc2)c1,Glycogen synthase kinase-3 beta
CCCCCCCCCCCC(=O)NNC(=O)c1c(O)c2ccccc2n(C)c1=O,Glycogen synthase kinase-3 beta
CC(C)CN1C(=O)C(c2c[nH]c3ccccc23)=C(c2n[nH]c3ncccc23)C1=O,Glycogen synthase kinase-3 beta
COc1c(NCCNc2ccccn2)c(F)c(N)c2c(=O)c(C(=O)O)cn(C3CCCC3)c12,Glycogen synthase kinase-3 beta
NCCn1cc(C2=C(c3coc4ccccc34)C(=O)NC2=O)c2cc(Br)ccc21,Glycogen synthase kinase-3 beta
CNc1cc(-c2ccccc2Cl)nc2c(Br)cnn12,Glycogen synthase kinase-3 beta
O=C1NC(=O)C(c2nnc3ccccn23)=C1c1cn(CCCO)c2ccccc12,Glycogen synthase kinase-3 beta
O=C(NCC1CCN(CCc2ccccc2)CC1)c1n[nH]c2ccc(Br)cc12,Glycogen synthase kinase-3 beta
Cn1c(NCCc2ccccc2)cc(-c2ccncn2)cc1=O,Glycogen synthase kinase-3 beta
CCCCNc1n[nH]c2cc(Cl)c(-c3ccccc3)cc12,Glycogen synthase kinase-3 beta
COc1cc2c(C3=C(c4coc5ccccc45)C(=O)NC3=O)cn(C)c2cn1,Glycogen synthase kinase-3 beta
CS(=O)(=O)Nc1ccc(CCNC(=O)c2ccnc3[nH]c(-c4cccs4)nc23)cc1,Glycogen synthase kinase-3 beta
O=c1[nH]cc(Br)c2sc(-c3ccncc3)cc12,Glycogen synthase kinase-3 beta
Nc1c(F)c(NCCNc2ccccn2)cc2c1c(=O)c(C(=O)O)cn2C1CC1,Glycogen synthase kinase-3 beta
CC1CC(=O)N(Cc2ccccc2)c2ccccc2S1,Glycogen synthase kinase-3 beta
COc1ccc(CC(=O)NNC(=O)Cn2c(C)nc3ccccc32)cc1,Glycogen synthase kinase-3 beta
O=C(c1ccccn1)C(Br)Br,Glycogen synthase kinase-3 beta
C[C@@H]1CNCCN1c1nc(-c2ccncc2)cc(=O)n1C,Glycogen synthase kinase-3 beta
Br.OCC/N=c1\nc(-c2ccccc2)n(-c2cccc3ccccc23)s1,Glycogen synthase kinase-3 beta
COc1cccc(-n2ncc3c(N/N=C/c4ccc(OCc5ccc(F)cc5)cc4)ncnc32)c1,Glycogen synthase kinase-3 beta
N#Cc1ccc(-c2nnc(SCc3ccc(-c4ccccc4C#N)cc3)o2)cc1,Glycogen synthase kinase-3 beta
Clc1cccc(CSc2nnc(-c3ccc4c(c3)CCO4)o2)c1,Glycogen synthase kinase-3 beta
COc1cccc(-n2nc(C)c3c(N/N=C/c4ccncc4)ncnc32)c1,Glycogen synthase kinase-3 beta
CCCC(=O)Nc1n[nH]c2cc(-c3ccccc3)c(-c3ccccc3)cc12,Glycogen synthase kinase-3 beta
Cn1cc(C2=C(c3cnc4ccccn34)C(=O)NC2=O)c2cc(Br)ccc21,Glycogen synthase kinase-3 beta
O=C(NCCc1cccc(O)c1)c1ccnc2[nH]c(-c3ccc(F)cc3)nc12,Glycogen synthase kinase-3 beta
CS(=O)(=O)Nc1ccc(CCNC(=O)c2ccc(O)c3[nH]c(-c4ccc(F)cc4Cl)nc23)cc1,Glycogen synthase kinase-3 beta
COc1cccc(-n2ncc3c(N/N=C/c4ccc(NS(C)(=O)=O)cc4)ncnc32)c1,Glycogen synthase kinase-3 beta
O=C1NC(=O)C(c2cn(CCO)c3ccc(F)cc23)=C1c1coc2ccccc12,Glycogen synthase kinase-3 beta
Brc1cccc(-n2ncc3c(N/N=C/c4ccncc4)ncnc32)c1,Glycogen synthase kinase-3 beta
Cc1ccc(-c2ccc3occ(-c4ccc(C(N)=O)cc4)c3c2)o1,Glycogen synthase kinase-3 beta
Cc1ccc(-c2ccc3occ(-c4ccc(C(C)O)cc4)c3c2)o1,Glycogen synthase kinase-3 beta
N#Cc1ccc(/C=N/NC(=O)c2ccncc2)cc1,Glycogen synthase kinase-3 beta
O=C1NCCCc2cc(-c3ccnc(NC(=O)C4CC4)c3)ccc21,Glycogen synthase kinase-3 beta
O=C1Nc2ncccc2N[C@@H]1Cc1ccccc1,Glycogen synthase kinase-3 beta
O=C(CCl)c1cccs1,Glycogen synthase kinase-3 beta
CCCC(=O)Nc1n[nH]c2cc(Cc3ccccc3)ccc12,Glycogen synthase kinase-3 beta
CCOC(=O)CNC(=S)N/C(=N/c1ccc(OC)cc1)c1ccccc1,Glycogen synthase kinase-3 beta
CCCCNC1=C(c2c(C)[nH]c3ccccc23)C(=O)N(CCCC)C1=O,Glycogen synthase kinase-3 beta
Cc1[nH]c2ccccc2c1C1=C(C(=O)N2CCOCC2)C(=O)N(C)C1=O,Glycogen synthase kinase-3 beta
COc1ccc(-c2coc3ccc(-c4nnc(SCc5cccc(C#N)c5)o4)cc23)cc1,Glycogen synthase kinase-3 beta
CN1CCN(CCNC(=O)c2cc3c(NCCNc4ccc(C#N)cn4)nc(-c4ccc(Cl)cc4Cl)cn3n2)CC1,Glycogen synthase kinase-3 beta
COC(=O)c1cccc2c3c(c(C(C)C)cc12)C(=O)NC3=O,Glycogen synthase kinase-3 beta
O=C1CCSc2ccccc2N1Cc1ccccc1,Glycogen synthase kinase-3 beta
O=C(O)CN1CCC(CNC(=O)c2n[nH]c3ccc(-c4cccc(Cl)c4Cl)cc23)CC1,Glycogen synthase kinase-3 beta
CC(=O)n1cnc2c(N)ncnc21,Glycogen synthase kinase-3 beta
CCCCCCCC(=O)NNC(=O)c1c(O)c2cc(Cl)ccc2n(CC)c1=O,Glycogen synthase kinase-3 beta
Cn1cc(C2=C(c3cn(CCCO)c4ccccc34)C(=O)NC2=O)c2ncccc21,Glycogen synthase kinase-3 beta
COc1cccc(-n2ncc3c(N/N=C/c4ccccc4OC)ncnc32)c1,Glycogen synthase kinase-3 beta
CN(C)CCCn1cc(C2=C(n3ccc4ncccc43)C(=O)NC2=O)c2ccc(F)cc21,Glycogen synthase kinase-3 beta
Nc1c(F)c(NCCn2ccnc2)c(F)c2c1c(=O)c(C(=O)O)cn2C1CC1,Glycogen synthase kinase-3 beta
Cc1ccc(-c2cc3c(-c4ccc([S+](C)[O-])cc4)coc3cn2)o1,Glycogen synthase kinase-3 beta
O=C1NC(=O)C(c2cn(CCO)c3ccc(Br)cc23)=C1c1coc2ccccc12,Glycogen synthase kinase-3 beta
Cc1ccccc1N1CCN(CCCNC(=O)c2nc(-c3cccnc3)no2)CC1,Glycogen synthase kinase-3 beta
CCn1sc(=N)n(-c2ccccc2)c1=O,Glycogen synthase kinase-3 beta
Cc1ccc(-n2ncc3c(N/N=C/c4ccncc4)ncnc32)cc1,Glycogen synthase kinase-3 beta
COc1ccc(C2=NNC(=O)/C2=NNc2cccc(Cl)c2)cc1,Glycogen synthase kinase-3 beta
COc1ccc(/C=N/NC(=O)c2ccncc2)cc1,Glycogen synthase kinase-3 beta
Cc1nc2ccccc2n1Cc1nnc(Nc2ccccc2Br)s1,Glycogen synthase kinase-3 beta
COc1ccc(CSc2nnc(-c3ccc4[nH]ncc4c3)o2)cc1C(F)(F)F,Glycogen synthase kinase-3 beta
Cc1ccc(-c2ccc3ncc(-c4ccc([S+](C)[O-])cc4)n3c2)o1,Glycogen synthase kinase-3 beta
Fc1ccccc1-c1cc(NCc2ccccc2)n2ncc(Br)c2n1,Glycogen synthase kinase-3 beta
COc1cccc(CSc2nnc(-c3ccc([N+](=O)[O-])cc3)o2)c1,Glycogen synthase kinase-3 beta
O=C(O)Cc1ccc(CSc2nnc(-c3ccccn3)s2)cc1,Glycogen synthase kinase-3 beta
S=C(NCc1cccnc1)N/C(=N/c1cccc2ccccc12)c1ccccc1,Glycogen synthase kinase-3 beta
C[C@@H]1Nc2ncccc2NC1=O,Glycogen synthase kinase-3 beta
Nc1c(F)c(NCCN2CCOCC2)c(F)c2c1c(=O)c(C(=O)O)cn2C1CC1,Glycogen synthase kinase-3 beta
O=C(Nc1ccccc1)c1ccc(O)c2[nH]c(-c3ccc(Cl)cc3Cl)nc12,Glycogen synthase kinase-3 beta
C(=N/Nc1ncnc2c1cnn2-c1ccccn1)c1ccncc1,Glycogen synthase kinase-3 beta
COc1ccc2[nH]nc(C(=O)NCC3CCN(CC(=O)O)CC3)c2c1,Glycogen synthase kinase-3 beta
O=C1NC(=O)C(c2cn(CCC3N=CC=N3)c3ccccc23)=C1c1noc2ccccc12,Glycogen synthase kinase-3 beta
O=C1NC(=O)c2c1c1cnn(-c3cccc(Cl)c3)c1n1cccc21,Glycogen synthase kinase-3 beta
COc1ccc(CNC(=O)Nc2ccc(C#N)cn2)cc1,Glycogen synthase kinase-3 beta
O=C(/C=C/c1cnc2[nH]cc(-c3ccccc3)c2c1)NCCc1ccncc1,Glycogen synthase kinase-3 beta
COc1ccc(N2C(=O)/C(=C3/C(=O)Nc4ccccc43)c3ccccc32)cc1,Glycogen synthase kinase-3 beta
FC(F)(F)c1ccc(Nc2n[nH]c3cc(Cl)c(-c4ccccc4)cc23)cc1,Glycogen synthase kinase-3 beta
COc1cccc(-n2ncc3c(N/N=C/c4ccc(NC(=O)CCN(C)C)cc4)ncnc32)c1,Glycogen synthase kinase-3 beta
CCOC(=O)C/N=c1\nc(-c2ccccc2)n(-c2ccccc2)s1,Glycogen synthase kinase-3 beta
COCCn1cc(C2=C(c3coc4ccccc34)C(=O)NC2=O)c2cc(Br)cnc21,Glycogen synthase kinase-3 beta
Cc1ccc(Cl)cc1N1CCN(CCCNC(=O)c2nc(-c3cccnc3)no2)CC1,Glycogen synthase kinase-3 beta
O=C(NCc1ccc(F)cc1F)c1cc(-c2ccncc2)n[nH]c1=O,Glycogen synthase kinase-3 beta
O=C1NC(=O)C(c2cn3c4c(cc(F)cc24)CN(C(=O)N2CCC(N4CCCCC4)CC2)CC3)=C1c1coc2ccccc12,Glycogen synthase kinase-3 beta
O=C1CC(c2cccs2)Sc2ccccc2N1C(=O)c1ccccc1,Glycogen synthase kinase-3 beta
Nc1c(F)c(NCCNc2ccccn2)c(F)c2c1c(=O)c(C(=O)O)cn2C1CC1,Glycogen synthase kinase-3 beta
Cc1nc2ccccc2n1Cc1nnc(Nc2ccc(F)cc2)s1,Glycogen synthase kinase-3 beta
COc1ccccc1C1CCN(c2cc(-c3ccncn3)cc(=O)n2C)CC1,Glycogen synthase kinase-3 beta
COc1ccc(CSc2nnc(-c3ccc4ncsc4c3)o2)cc1C(F)(F)F,Glycogen synthase kinase-3 beta
Cn1c(NCCc2ccccc2)nc(-c2ccncc2)cc1=O,Glycogen synthase kinase-3 beta
CN1C(=O)C(NCCc2ccc(F)cc2)=C(c2c[nH]c3ccccc23)C1=O,Glycogen synthase kinase-3 beta
COc1cncc(-c2ccc3[nH]nc(C(=O)NCC4CCN(CC(=O)O)CC4)c3c2)c1,Glycogen synthase kinase-3 beta
Cl.Cn1c(N2CCNC(c3ccc(C#N)cc3)C2)nc(-c2ccncn2)cc1=O,Glycogen synthase kinase-3 beta
COc1ccc(CSc2nnc(-c3ccc4occc4c3)o2)cc1C(F)(F)F,Glycogen synthase kinase-3 beta
O=C1NC(=O)C(n2ccc3ncccc32)=C1c1cn(CCCn2ccnc2)c2cc(F)ccc12,Glycogen synthase kinase-3 beta
CN(C)c1nc2ccc1CCCN1C=C(C3=C(C(=O)NC3=O)c3cn(c4ccccc34)CCC2)N2C=CC=CC12,Glycogen synthase kinase-3 beta
C/C=C/C(=O)NCCCN1CCC(CNC(=O)c2n[nH]c3ccc(OC)cc23)CC1,Glycogen synthase kinase-3 beta
Cc1ccc(S(=O)(=O)Nc2ccc(CCNC(=O)c3ccc(O)c4[nH]c(-c5ccc(F)cc5)nc34)cc2)cc1,Glycogen synthase kinase-3 beta
O=C(/C=C/c1cnc2[nH]cc(-c3ccccc3)c2c1)N[C@@H](CO)Cc1ccccc1,Glycogen synthase kinase-3 beta
CCOc1ccncc1NC(=O)c1ccnc2[nH]c(-c3cccnc3)nc12,Glycogen synthase kinase-3 beta
Cn1cc(C2=C(c3nnc4ccccn34)C(=O)NC2=O)c2ccc(Cl)cc21,Glycogen synthase kinase-3 beta
N#Cc1cccc(C(=O)CBr)c1,Glycogen synthase kinase-3 beta
CCCC(=O)Nc1n[nH]c2cc(-c3ccc(C(F)(F)F)cc3)ccc12,Glycogen synthase kinase-3 beta
CS(=O)(=O)Nc1ccc(CCNC(=O)c2ccc(O)c3[nH]c(-c4ccc(F)cc4)nc23)cc1,Glycogen synthase kinase-3 beta
CCOC(=O)c1sc(SC(C)=O)cc1O,Glycogen synthase kinase-3 beta
C=CCn1cc(C2=C(c3nn(CCCN4CCOCC4)c4ncccc34)C(=O)NC2=O)c2ccccc21,Glycogen synthase kinase-3 beta
CCCCCCCCCCCC(=O)NNC(=O)c1c(O)c2cc(Br)ccc2n(C)c1=O,Glycogen synthase kinase-3 beta
COc1ccc(CCN2CCC(CNC(=O)c3n[nH]c4ccc(OC)cc34)CC2)cc1,Glycogen synthase kinase-3 beta
O=C1NC(=O)C(c2nnc3ccccn23)=C1c1cn(CCCN2CCOCC2)c2ccccc12,Glycogen synthase kinase-3 beta
COc1cccc(C2=NNC(=O)/C2=NNc2ccc(N(C)C)cc2)c1,Glycogen synthase kinase-3 beta
Nc1c(Br)cc(C(=O)C(Br)Br)cc1Br,Glycogen synthase kinase-3 beta
O=C(Nc1cc(-c2ccc3ccccc3c2)ccn1)C1CC1,Glycogen synthase kinase-3 beta
COc1ccc(Nc2nnc(-c3ccc(OC)cc3)o2)cc1,Glycogen synthase kinase-3 beta
Cc1ccsc1C(=O)CCl,Glycogen synthase kinase-3 beta
Cc1[nH]c2ccccc2c1C1=C(C(=O)N2CCCCC2)C(=O)N(C)C1=O,Glycogen synthase kinase-3 beta
O=C(CCl)c1cc(Cl)c(Cl)s1,Glycogen synthase kinase-3 beta
N#Cc1ccc(-c2ocnc2C(=O)NCc2ccncc2)cc1,Glycogen synthase kinase-3 beta
CC[C@H]1COCCN1c1nc(-c2ccncc2F)cc(=O)n1C,Glycogen synthase kinase-3 beta
COc1cc(/C=N/Nc2ncnc3c2cnn3-c2ccccc2)ccc1O,Glycogen synthase kinase-3 beta
COc1ccc(-c2oc3ncnc(N)c3c2-c2ccc(NS(=O)(=O)c3ccccc3)cc2)cc1,Glycogen synthase kinase-3 beta
COc1cc(NCc2cccc3cccnc23)c2nccc(C)c2c1Oc1cccc(C(F)(F)F)c1,Glycogen synthase kinase-3 beta
CCCC(=O)Nc1n[nH]c2cc(Cl)c(-c3ccc(CC)cc3)cc12,Glycogen synthase kinase-3 beta
COC(=O)c1coc(CN2CCC(CNC(=O)c3n[nH]c4ccc(Br)cc34)CC2)n1,Glycogen synthase kinase-3 beta
CCOC(=O)c1nc(CN2CCC(CNC(=O)c3n[nH]c4ccc(OC)cc34)CC2)cs1,Glycogen synthase kinase-3 beta
Cn1c(N2CCNC(c3ccccc3Cl)C2)nc(-c2ccncc2)cc1=O,Glycogen synthase kinase-3 beta
CC(=O)c1ccc(-c2coc3ccc(-c4ccc(C)o4)cc23)cc1,Glycogen synthase kinase-3 beta
CCOC(=O)CNC(=S)N/C(=N/c1ccccc1)c1ccccc1,Glycogen synthase kinase-3 beta
CSc1cc(NCc2cccnc2)n2ncc(Br)c2n1,Glycogen synthase kinase-3 beta
COc1cccc(N/N=C2C(=O)NN=C2c2ccc(OC)c(OC)c2)c1,Glycogen synthase kinase-3 beta
[H][C@]12/C=CCCCCN1[C@@]1([H])[C@@]3(O)C=C(c4nccc5c4[nH]c4c(OS(=O)(=O)c6ccc(C)cc6)cccc45)C4CCN(CCCC/C=CCC3)C[C@@]41C2,Glycogen synthase kinase-3 beta
NN1C(=O)C(c2c[nH]c3ccccc23)=C(c2n[nH]c3ncccc23)C1=O,Glycogen synthase kinase-3 beta
COc1cc(F)ccc1C1CN(c2nc(-c3ccncc3)cc(=O)n2C)CCN1Cc1ccccc1.Cl,Glycogen synthase kinase-3 beta
COc1ccc(N/N=C2C(=O)NN=C2c2ccccc2)cc1,Glycogen synthase kinase-3 beta
C(=N/Nc1ncnc2c1cnn2-c1cccc(NCC2CC2)c1)c1ccncc1,Glycogen synthase kinase-3 beta
Nc1c(F)c(NCCNc2ccccn2)c2c3c1c(=O)c(C(=O)O)cn3C1(CCC1)CO2,Glycogen synthase kinase-3 beta
O=C1NC(=O)C(n2ccc3ncccc32)=C1c1cn(CCCn2ccnc2)c2cc(Br)ccc12,Glycogen synthase kinase-3 beta
CCc1cc(NCc2cccnc2)n2ncc(Br)c2n1,Glycogen synthase kinase-3 beta
Nc1nc(Nc2ccccc2)sc1C(=O)C1CC1,Glycogen synthase kinase-3 beta
O=C1CC(C(F)(F)F)=NC(Sc2c(-c3ccccc3)c3cc([N+](=O)[O-])ccc3[nH]c2=O)=N1,Glycogen synthase kinase-3 beta
CC(C)n1c(=O)n(-c2ccccc2)c2nc(Nc3ccccc3)ncc21,Glycogen synthase kinase-3 beta
Cc1ccc(C)c(N2CCN(CCCNC(=O)c3nc(-c4cncnc4)no3)CC2)c1,Glycogen synthase kinase-3 beta
CC1(C)Nc2cccnc2NC1=O,Glycogen synthase kinase-3 beta
COc1ccc(C2=NNC(=O)/C2=NNc2ccc(N3CCOCC3)cc2)cc1OC,Glycogen synthase kinase-3 beta
[H][C@@]12/C=CCCCCN1[C@@]1([H])[C@@]3(O)C=C(C=O)[C@]4([H])CCN(CCCC/C=CCC3)C[C@@]41C2,Glycogen synthase kinase-3 beta
COc1cccc(-n2ncc3c(N/N=C/c4ccc(F)c(F)c4)ncnc32)c1,Glycogen synthase kinase-3 beta
COc1ccc(-c2coc3ccc(-c4ccc(C)o4)cc23)cc1,Glycogen synthase kinase-3 beta
Cn1cc(C2=C(c3coc4cc(F)c(F)cc34)C(=O)NC2=O)c2ccc3ccccc3c21,Glycogen synthase kinase-3 beta
Cl.Cn1c(N2CCN[C@H](c3ccc(Cl)cc3)C2)nc(-c2ccncc2)cc1=O,Glycogen synthase kinase-3 beta
CCCCCNC(=S)N/C(=N/c1ccccc1)c1ccccc1,Glycogen synthase kinase-3 beta
Cc1ccc(-c2ccc3occ(-c4cccc([S+](C)[O-])c4)c3c2)o1,Glycogen synthase kinase-3 beta
COCCN1CCC(CNC(=O)c2n[nH]c3ccc(Br)cc23)CC1,Glycogen synthase kinase-3 beta
Cn1c(N2CCCC(c3ccccc3)C2)cc(-c2ccncn2)cc1=O,Glycogen synthase kinase-3 beta
COc1ccc2[nH]nc(C(=O)NCC3CCN(CCC4CCCC(C)C4)CC3)c2c1,Glycogen synthase kinase-3 beta
C[C@@H]1OCCN(c2nc(-c3ccncc3F)cc(=O)n2C)[C@@H]1C,Glycogen synthase kinase-3 beta
COc1ccc(-c2nnc(SCc3ccc(-c4ccccc4C#N)cc3)o2)cc1,Glycogen synthase kinase-3 beta
CCc1ccc(/C=N/NC(=O)c2ccncc2)cc1,Glycogen synthase kinase-3 beta
Cc1nc(-c2ccncc2)cc(=O)[nH]1,Glycogen synthase kinase-3 beta
CS(=O)(=O)NCCc1ccc(NC(=O)c2ccc(O)c3[nH]c(-c4ccc(Cl)cc4Cl)nc23)cc1,Glycogen synthase kinase-3 beta
Cc1nc(-c2ccnc(NC(=O)C3CC3)c2)sc1C(N)=O,Glycogen synthase kinase-3 beta
C[S+]([O-])c1ccc(-c2coc3ccc(-c4nnc(N)o4)cc23)cc1,Glycogen synthase kinase-3 beta
CC(=O)c1ccc(C(=O)CCl)s1,Glycogen synthase kinase-3 beta
CCCC(=O)Nc1n[nH]c2cc(Cl)ccc12,Glycogen synthase kinase-3 beta
COc1ccc(-c2nnc(SCc3ccccc3)o2)cc1,Glycogen synthase kinase-3 beta
COc1cc(F)ccc1C1CN(c2nc(-c3ccncn3)cc(=O)n2C)CCN1C(C)=O,Glycogen synthase kinase-3 beta
COc1ccc(Nc2nnc(-c3ccc(C(F)(F)F)cc3)o2)cc1,Glycogen synthase kinase-3 beta
Cn1c(=O)c(C(=O)NNC(=O)c2ccccc2)c(O)c2ccccc21,Glycogen synthase kinase-3 beta
C#CCOc1ccc2c(C3=C(c4cn(C)c5ccc(Br)cc45)C(=O)NC3=O)coc2c1,Glycogen synthase kinase-3 beta
FC(F)(F)c1ccc(-c2nnc(Nc3ccccc3)o2)cc1,Glycogen synthase kinase-3 beta
COc1ccccc1N/N=C1C(=O)NN=C1c1cnccc1OC,Glycogen synthase kinase-3 beta
O=C1NC(=O)/C(=C/c2ccc(-c3ccsc3)cc2)N1,Glycogen synthase kinase-3 beta
CCOC(=O)/N=c1sn(C(=O)OCC)c(=S)n1-c1ccccc1,Glycogen synthase kinase-3 beta
N#Cc1cccc(CSc2nnc(-c3ccc4c(c3)CCO4)o2)c1,Glycogen synthase kinase-3 beta
CCOc1ccncc1NC(=O)c1ccnc2[nH]c(-c3cccc(OC)c3)nc12,Glycogen synthase kinase-3 beta
CC(=O)NCCSc1cnn2c(NCc3cccnc3)cc(-c3ccccc3)nc12,Glycogen synthase kinase-3 beta
COC(=O)c1ccc2c3c(c(C(C)C)cc2c1)C(=O)NC3=O,Glycogen synthase kinase-3 beta
COc1cc2c(C3=C(c4coc5ccccc45)C(=O)NC3=O)cn(C)c2cc1I,Glycogen synthase kinase-3 beta
CCc1c(C)c2c(c3cc(C(=O)OC)ccc13)C(=O)NC2=O,Glycogen synthase kinase-3 beta
CCOC(=O)c1ccc(CN2CCC(CNC(=O)c3n[nH]c4ccc(Br)cc34)CC2)o1,Glycogen synthase kinase-3 beta
[H][C@@]12CCCCCCN1[C@@]1([H])[C@@]3(O)C=C(c4nccc5c4[nH]c4ccccc45)[C@]4([H])CCN(CCCCCCCC3)C[C@@]41C2,Glycogen synthase kinase-3 beta
Cn1cc(C2=C(c3nn(CCCn4ccnc4)c4ncccc34)C(=O)NC2=O)c2ccccc21,Glycogen synthase kinase-3 beta
CC(C)Oc1nc(-c2ccnc(NC(=O)C3CC3)c2)ncc1C(N)=O,Glycogen synthase kinase-3 beta
CCOC(=O)C1=C(c2c(C)[nH]c3ccccc23)C(=O)N(C)C1=O,Glycogen synthase kinase-3 beta
Cc1[nH]c2ccccc2c1C1=C(NCCc2ccc(O)cc2)C(=O)N(C)C1=O,Glycogen synthase kinase-3 beta
CNC(=O)C1CCC(CNC(=O)c2ncoc2-c2ccc(OC)cc2)CC1,Glycogen synthase kinase-3 beta
CS(=O)(=O)Nc1ccc(CCNC(=O)c2ccc(O)c3[nH]c(Cc4ccccc4)nc23)cc1,Glycogen synthase kinase-3 beta
O=C1NCc2cc(-c3ccnc(NC(=O)C4CC4)c3)ccc21,Glycogen synthase kinase-3 beta
CCCCCCCCCCCC(=O)NNC(=O)c1c(O)c2cc(Cl)ccc2[nH]c1=O,Glycogen synthase kinase-3 beta
COP(=O)(OC)c1ccc(-c2coc3ccc(-c4ccc(C)o4)cc23)cc1,Glycogen synthase kinase-3 beta
CS(=O)(=O)Nc1ccc(CCNC(=O)c2ccnc3[nH]c(-c4ccc(F)cc4)nc23)cc1,Glycogen synthase kinase-3 beta
NC(=O)c1cnc(-c2ccnc(NC(=O)C3CC3)c2)cc1OCC(F)(F)F,Glycogen synthase kinase-3 beta
COc1cc(/C=C2SC(=S)NC2=O)cc(Br)c1OCc1ccccc1C,Glycogen synthase kinase-3 beta
Cc1cccc(N2CCN(CCCNC(=O)c3nc(-c4cncnc4)no3)C(C)C2)c1,Glycogen synthase kinase-3 beta
Cn1cc(C2=C(c3coc4ccc(F)cc34)C(=O)NC2=O)c2cc3c(cc21)OCO3,Glycogen synthase kinase-3 beta
COc1ccc(N/N=C2C(=O)NN=C2c2cccnc2)cc1,Glycogen synthase kinase-3 beta
Br.CCOC(=O)C/N=c1\nc(-c2ccccc2)n(-c2ccccc2)s1,Glycogen synthase kinase-3 beta
Cc1cn(CCCNC(=O)c2ccc(O)c3[nH]c(-c4cccs4)nc23)cn1,Glycogen synthase kinase-3 beta
Cn1cc(C2=C(c3n[nH]c4ncccc34)C(=O)NC2=O)c2ccccc21,Glycogen synthase kinase-3 beta
CCc1cc2cc(C(=O)OC)ccc2c2c1C(=O)NC2=O,Glycogen synthase kinase-3 beta
O=C1NC(=O)C(n2ccc3ncccc32)=C1c1c[nH]c2ccccc12,Glycogen synthase kinase-3 beta
C[C@H]1CN(C)CCN1c1nc(-c2ccncc2)cc(=O)n1C,Glycogen synthase kinase-3 beta
O=C1CC(c2ccc(F)cc2)Sc2ccccc2N1Cc1ccccc1[N+](=O)[O-],Glycogen synthase kinase-3 beta
O=C(CNC(=O)c1cnc2[nH]c(-c3ccccc3)cc2c1)NCCc1c[nH]c2ccccc12,Glycogen synthase kinase-3 beta
CC1=C(O)/C(=C/[C@H](C)CCC/C(C)=C/CCc2coc(Cc3ccoc3)c2)OC1=O,Glycogen synthase kinase-3 beta
S=C(NCc1cccnc1)N/C(=N/Cc1ccccc1)c1ccccc1,Glycogen synthase kinase-3 beta
COc1cccc(Nc2nccc(C3=CNN4C=CC=CC34)n2)c1,Glycogen synthase kinase-3 beta
C[C@@H]1CNc2ncccc2N1,Glycogen synthase kinase-3 beta
NC(=O)c1sc(-c2ccnc(NC(=O)C3CC3)c2)nc1OC1CCC1,Glycogen synthase kinase-3 beta
CS(=O)(=O)Nc1ccc(CCNC(=O)c2ccc(O)c3[nH]c(C4CC4)nc23)cc1,Glycogen synthase kinase-3 beta
C[C@H]1CNCCN1c1nc(-c2ccncn2)cc(=O)n1C,Glycogen synthase kinase-3 beta
COc1ccc(CNC(=O)Nc2nc3ccc(C#N)cc3s2)cc1,Glycogen synthase kinase-3 beta
CC(C)C[C@H](NC(=O)[C@H](CO)NC(=O)[C@@H]1CCCN1C(=O)[C@H](CO)NC(=O)[C@@H]1CCCN1C(=O)[C@@H]1CCCN1C(=O)[C@@H](NC(=O)[C@H](C)NC(=O)[C@H](C)NC(=O)[C@H](CCCNC(=N)N)NC(=O)[C@H](CCCNC(=N)N)NC(=O)[C@@H](N)Cc1ccc(O)cc1)C(C)C)C(=O)N[C@@H](CO)C(=O)N[C@@H](CCCNC(=N)N)C(=O)N[C@@H](Cc1cnc[nH]1)C(=O)N[C@@H](CO)C(=O)N[C@@H](CO)C(=O)N1CCC[C@H]1C(=O)N[C@@H](Cc1cnc[nH]1)C(=O)N[C@@H](CCC(N)=O)C(=O)N[C@@H](C)C(=O)N[C@@H](CCC(=O)O)C(=O)N[C@@H](CC(=O)O)C(=O)N[C@@H](CCC(=O)O)C(=O)N[C@@H](CCC(=O)O)C(=O)N[C@@H](CCC(=O)O)C(=O)O,Glycogen synthase kinase-3 beta
Nc1n[nH]c2cc(Cl)c(-c3ccccc3)cc12,Glycogen synthase kinase-3 beta
COc1cccc(-n2ncc3c(N/N=C/c4ccccc4)ncnc32)c1,Glycogen synthase kinase-3 beta
Cn1c(=O)c(C(=O)NNC(=O)Cc2ccccc2)c(O)c2ccccc21,Glycogen synthase kinase-3 beta
O=C(O)c1cccc(CSc2nnc(-c3ccncc3)o2)c1,Glycogen synthase kinase-3 beta
[H][C@]12CCC[C@]1([H])N(c1nc(-c3ccncc3F)cc(=O)n1C)CCO2,Glycogen synthase kinase-3 beta
CS(=O)(=O)c1ccc(-c2nnc(Nc3ccccc3)o2)cc1,Glycogen synthase kinase-3 beta
CCCC(=O)Nc1n[nH]c2cc(-c3ccc(O)cc3)c(-c3cccnc3)cc12,Glycogen synthase kinase-3 beta
CSc1ccc(-c2nnc(Nc3ccccc3)o2)cc1,Glycogen synthase kinase-3 beta
O=C1NC(=O)C(c2cn3c4c(cccc24)CN(C(=O)c2cnccn2)CC3)=C1c1coc2ccccc12,Glycogen synthase kinase-3 beta
Cn1c(NCC(=O)c2cccc(C#N)c2)nc(-c2ccncc2)cc1=O,Glycogen synthase kinase-3 beta
O=C(O)Cc1ccc(CSc2n[nH]c(-c3ccncc3)n2)cc1,Glycogen synthase kinase-3 beta
Br.FC(F)(F)c1ccc(-c2n/c(=NCc3cccnc3)sn2-c2ccccc2)cc1,Glycogen synthase kinase-3 beta
COc1ccc2[nH]nc(C(=O)NCC3CCN(Cc4nc(C(=O)O)co4)CC3)c2c1,Glycogen synthase kinase-3 beta
Cc1ccc(N2CCN(CCCNC(=O)c3nc(-c4cncnc4)no3)CC2)c(C)c1,Glycogen synthase kinase-3 beta
COc1ccc(C2=NNC(=O)/C2=NNc2ccncc2)cc1OC,Glycogen synthase kinase-3 beta
C[C@H]1Nc2cccnc2N(C)C1=O,Glycogen synthase kinase-3 beta
COc1ccc2[nH]nc(C(=O)NCC3CCN(Cc4noc(C(N)=O)n4)CC3)c2c1,Glycogen synthase kinase-3 beta
CC[C@@H]1CN(Cc2ccccc2)CCN1c1nc(-c2ccncn2)cc(=O)n1C,Glycogen synthase kinase-3 beta
CC1=NCCNC2=C1[C@H](c1ccc(F)cc1)N(c1ccccn1)C2=O,Glycogen synthase kinase-3 beta
COCCn1cc(C2=C(c3coc4ccccc34)C(=O)NC2=O)c2cc(Br)ccc21,Glycogen synthase kinase-3 beta
COc1ccc(COc2ccc3c(C4=C(c5cn(C)c6ccc(Br)cc56)C(=O)NC4=O)coc3c2)cc1,Glycogen synthase kinase-3 beta
CC[C@@H]1COCCN1c1nc(-c2ccncc2F)cc(=O)n1C,Glycogen synthase kinase-3 beta
CC(C)CNC(=O)c1ccc(CSc2nnc(-c3ccc4c(c3)OCCO4)o2)cc1,Glycogen synthase kinase-3 beta
C[C@H]1COc2c(NCCCn3ccnc3)c(F)c(N)c3c(=O)c(C#N)cn1c23,Glycogen synthase kinase-3 beta
Cc1nc2ccccc2n1CC(=O)NNC(=O)Cc1ccccc1,Glycogen synthase kinase-3 beta
COC(=O)c1coc(CN2CCC(CNC(=O)c3n[nH]c4ccc(OC)cc34)CC2)n1,Glycogen synthase kinase-3 beta
O=C1NC(=O)C(c2nn(CCCN3CCOCC3)c3ncccc23)=C1c1cn(CCCn2ccnc2)c2ccccc12,Glycogen synthase kinase-3 beta
Ic1ccc(CSc2nnc(-c3ccncc3)o2)cc1,Glycogen synthase kinase-3 beta
C[C@H]1Nc2ccccc2NC1=O,Glycogen synthase kinase-3 beta
COCCN1CCC(CNC(=O)c2n[nH]c3ccc(-c4cncc(OC)c4)cc23)CC1,Glycogen synthase kinase-3 beta
CCCC(=O)Nc1n[nH]c2cc(Br)ccc12,Glycogen synthase kinase-3 beta
Cn1cc(C2=C(c3nn(CCCO)c4ncccc34)C(=O)NC2=O)c2ccccc21,Glycogen synthase kinase-3 beta
O=C(Nc1cc(-c2ccc3cccnc3c2)ccn1)C1CC1,Glycogen synthase kinase-3 beta
CCCC(=O)Nc1n[nH]c2cc(-c3ccc(Cl)cc3)ccc12,Glycogen synthase kinase-3 beta
CCCCCNC(=S)N/C(=N/c1ccccc1)c1ccc(OC)cc1,Glycogen synthase kinase-3 beta
Cc1[nH]c2ccccc2c1C1=C(NCCc2ccc(Cl)cc2)C(=O)N(C)C1=O,Glycogen synthase kinase-3 beta
Cn1cc(C2=C(c3coc4ccccc34)C(=O)NC2=O)c2ccc(O)cc21,Glycogen synthase kinase-3 beta
CCCCCCCC(=O)NNC(=O)c1c(O)c2cc(F)ccc2[nH]c1=O,Glycogen synthase kinase-3 beta
COc1ccc(CSc2nnc(-c3ccc4c(c3)CCO4)o2)cc1,Glycogen synthase kinase-3 beta
Cc1[nH]c2ccccc2c1C1=C(N2CCOCC2)C(=O)N(C)C1=O,Glycogen synthase kinase-3 beta
COC(=O)c1cccc(CSc2nnc(-c3ccc4c(c3)CCO4)o2)c1,Glycogen synthase kinase-3 beta
COc1ccc(-c2oc3ncnc(N)c3c2-c2cccnc2)cc1,Glycogen synthase kinase-3 beta
Br.COc1ccc(-c2n/c(=NCCO)sn2-c2ccccc2)cc1,Glycogen synthase kinase-3 beta
Clc1ccccc1-c1cc(NCOc2cccnc2)n2ncc(Br)c2n1,Glycogen synthase kinase-3 beta
COCCN1CCC(CNC(=O)c2n[nH]c3ccc(-c4ccc(OC)nc4)cc23)CC1,Glycogen synthase kinase-3 beta
COc1ccc2[nH]nc(C(=O)NCC3CCN(Cc4ccc(C(=O)O)nc4)CC3)c2c1,Glycogen synthase kinase-3 beta
Cc1ccc(-c2nnc(Nc3ccc(Cl)cc3)o2)cc1,Glycogen synthase kinase-3 beta
CC(C)[C@@H]1COCCN1c1nc(-c2ccncc2F)cc(=O)n1C,Glycogen synthase kinase-3 beta
C[C@H]1COc2c(NCCCc3ccccn3)c(F)c(N)c3c(=O)c(-c4nnn[nH]4)cn1c23,Glycogen synthase kinase-3 beta
Cc1cccc(N2CCN(CCCNC(=O)c3nc(-c4ccncc4)no3)CC2C)c1,Glycogen synthase kinase-3 beta
CCCCCCCCCCCC(=O)NNC(=O)c1c(O)c2ccccc2[nH]c1=O,Glycogen synthase kinase-3 beta
N#Cc1ccc(-c2ccc3c(NC(=O)CCC(=O)O)n[nH]c3c2)cc1,Glycogen synthase kinase-3 beta
CCCCCCCC(=O)NNC(=O)c1c(O)c2cc(Br)ccc2n(C)c1=O,Glycogen synthase kinase-3 beta
CSc1ccc(-c2coc3ccc(-c4ccc(C)o4)cc23)cc1,Glycogen synthase kinase-3 beta
O=C(Nc1cc(-c2ccc3ccncc3c2)ccn1)C1CC1,Glycogen synthase kinase-3 beta
Cc1ccc(S(=O)(=O)n2cc(/C=C3SC(=S)NC3=O)c3ccccc32)cc1,Glycogen synthase kinase-3 beta
Cn1cc(C2=C(c3coc4cc(OCC5CC5)ccc34)C(=O)NC2=O)c2cc(F)c(Cl)cc21,Glycogen synthase kinase-3 beta
Cn1cc(C2=C(c3coc4ccccc34)C(=O)NC2=O)c2cccnc21,Glycogen synthase kinase-3 beta
COc1cccc2c(C3=C(c4cn(C)c5c(Br)cc(Br)cc45)C(=O)NC3=O)coc12,Glycogen synthase kinase-3 beta
Cc1ccc(-c2cnc3occ(-c4ccc([S+](C)[O-])cc4)c3c2)o1,Glycogen synthase kinase-3 beta
Cc1[nH]c2ccccc2c1C1=C(N2CCCCC2)C(=O)N(C)C1=O,Glycogen synthase kinase-3 beta
CCN(CC)Cc1c(C(=O)NCCc2ccncc2)nnn1-c1nonc1N,Glycogen synthase kinase-3 beta
Cn1cc(C2=C(c3coc4ccccc34)C(=O)NC2=O)c2cc(Br)ccc21,Glycogen synthase kinase-3 beta
COc1ccc(-c2nnc(Nc3ccccc3)o2)cc1,Glycogen synthase kinase-3 beta
Cn1c(N2CCNC(c3ccc(Cl)cc3)C2)nc(-c2ccncc2)cc1=O,Glycogen synthase kinase-3 beta
O=C(CCl)c1c(Br)sc(Br)c1Br,Glycogen synthase kinase-3 beta
FC(F)(F)c1ccc(/C(=Nc2ccccc2)NC(=S)NCc2cccnc2)cc1,Glycogen synthase kinase-3 beta
COc1cc(F)cc(F)c1C1CN(c2nc(-c3ccncc3)cc(=O)n2C)CCN1.Cl,Glycogen synthase kinase-3 beta
Cn1cc(C2=C(c3coc4cc(OCC5CCC5)ccc34)C(=O)NC2=O)c2cc(F)c(Cl)cc21,Glycogen synthase kinase-3 beta
COc1c(NCCNc2ccccn2)c(F)c(N)c2c(=O)c(C(=O)O)cn(C)c12,Glycogen synthase kinase-3 beta
Cn1c(N2CCNC(c3cccc(Cl)c3)C2)nc(-c2ccncn2)cc1=O,Glycogen synthase kinase-3 beta
COc1ccc(-c2nnc(Nc3ccc(Cl)cc3)o2)cc1,Glycogen synthase kinase-3 beta
CCCCC/N=c1\nc(-c2ccc(OC)cc2)n(-c2ccccc2)s1.Cl,Glycogen synthase kinase-3 beta
COC(=O)c1ccc2c3c(c(CC(C)OCc4ccccc4)cc2c1)C(=O)NC3=O,Glycogen synthase kinase-3 beta
COc1nc(-c2ccnc(NC(=O)C3CC3)c2)sc1C(N)=O,Glycogen synthase kinase-3 beta
CCOc1cccc(-n2ncc3c(N/N=C/c4ccncc4)ncnc32)c1,Glycogen synthase kinase-3 beta
COCCN1CCC(CNC(=O)c2n[nH]c3ccc(-c4ccc(OC)cc4)cc23)CC1,Glycogen synthase kinase-3 beta
O=C1OCC(Cc2ccc(O)c(O)c2)=C1c1ccc(O)cc1,Glycogen synthase kinase-3 beta
O=Cc1cc(Br)c(Br)s1,Glycogen synthase kinase-3 beta
Cn1c(NCC(=O)c2ccc(F)cc2)nc(-c2ccncc2)cc1=O,Glycogen synthase kinase-3 beta
O=C(CN1C(=O)CC(c2ccccc2)Sc2ccccc21)c1cccc(Cl)c1,Glycogen synthase kinase-3 beta
O=C(NCc1ccccc1)c1ccc(CSc2nnc(-c3ccc4c(c3)OCCO4)o2)cc1,Glycogen synthase kinase-3 beta
CCCC(=O)Nc1n[nH]c2cc(-c3ccc(O)cc3)c(-c3ccc(O)cc3)cc12,Glycogen synthase kinase-3 beta
CCCCCCCC(=O)NNC(=O)c1c(O)c2ccc(Cl)cc2n(CC)c1=O,Glycogen synthase kinase-3 beta
COc1ccc(CSc2nnc(-c3ccc4c(c3)CCO4)o2)cc1Cl,Glycogen synthase kinase-3 beta
CS(=O)(=O)c1ccc(Nc2cc(-c3ccccc3Cl)nc3c(Br)cnn23)cc1,Glycogen synthase kinase-3 beta
O=C1Nc2ncccc2N[C@@H]1Cc1c[nH]c2ccccc12,Glycogen synthase kinase-3 beta
CCCC(=O)Nc1n[nH]c2cc(-c3ccc(O)cc3)c(-c3ccco3)cc12,Glycogen synthase kinase-3 beta
CCCC(=O)Nc1cccc(-n2ncc3c(N/N=C/c4ccncc4)ncnc32)c1,Glycogen synthase kinase-3 beta
Cn1cc(C2=C(c3cc(Cl)ccc3Cl)C(=O)NC2=O)c2ccccc21,Glycogen synthase kinase-3 beta
COC(=O)c1ccc2c3c(c(CC(C)C)cc2c1)C(=O)NC3=O,Glycogen synthase kinase-3 beta
[H][C@]12/C3=CC/C=CCCCCN4CCC(C(c5nccc6c5[nH]c5ccccc56)=C3)[C@@]1(C4)C[C@]1([H])/C=CCCCCN21,Glycogen synthase kinase-3 beta
C[S+]([O-])c1ccc(-c2coc3ccc(-c4nnc(S)o4)cc23)cc1,Glycogen synthase kinase-3 beta
CS(=O)(=O)Nc1ccc(CCNC(=O)c2ccc(O)c3[nH]c(-c4ccccc4)nc23)cc1,Glycogen synthase kinase-3 beta
CCCCOC(=O)C1=C(c2c(C)[nH]c3ccccc23)C(=O)N(C)C1=O,Glycogen synthase kinase-3 beta
COc1cccc(-c2coc3ccc(-c4ccc(C)o4)cc23)c1,Glycogen synthase kinase-3 beta
O=C1NC(=O)c2c1c1cnn(-c3ccccc3)c1n1cccc21,Glycogen synthase kinase-3 beta
COc1c(NCCNc2ccccn2)c(F)c(N)c2c(=O)c(C(=O)O)c[nH]c12,Glycogen synthase kinase-3 beta
COc1cccc(C2=NNC(=O)/C2=NNc2cccc(Cl)c2)c1,Glycogen synthase kinase-3 beta
COc1ccc(C2=NNC(=O)/C2=NNc2ccccc2Cl)cc1OC,Glycogen synthase kinase-3 beta
COc1ccc2[nH]nc(C(=O)NCC3CCN(Cc4ccc(C(=O)O)o4)CC3)c2c1,Glycogen synthase kinase-3 beta
COC(=O)c1ccc2cc(C)c3c(c2c1)C(=O)NC3=O,Glycogen synthase kinase-3 beta
COc1cc(NCCCN)c2nccc(C)c2c1Oc1cccc(C(F)(F)F)c1,Glycogen synthase kinase-3 beta
CCCC(=O)Nc1n[nH]c2cc(-c3ccc(O)nc3)ccc12,Glycogen synthase kinase-3 beta
N#Cc1sc(NC2CCCN(c3nc(-c4ccc(Cl)cc4Cl)cn4nc(C(=O)O)cc34)C2)nc1N,Glycogen synthase kinase-3 beta
CN1CCN(c2nc(-c3ccncn3)cc(=O)n2C)CC1,Glycogen synthase kinase-3 beta
CCCC(=O)Nc1n[nH]c2cc(C(F)(F)F)ccc12,Glycogen synthase kinase-3 beta
O=C1CC(c2ccc(Br)cc2)Sc2ccccc2N1Cc1ccccc1[N+](=O)[O-],Glycogen synthase kinase-3 beta
O=C(CNC(=O)c1cnc2[nH]ccc2c1)NCCc1c[nH]c2ccccc12,Glycogen synthase kinase-3 beta
CCS(=O)(=O)Nc1ccc(CCNC(=O)c2ccnc3[nH]c(-c4ccoc4)nc23)cc1,Glycogen synthase kinase-3 beta
O=C1NN=C(c2ccncc2)/C1=N/Nc1ccccc1Cl,Glycogen synthase kinase-3 beta
Br.CCOC(=O)C/N=c1\nc(-c2ccc(OC)cc2)n(-c2ccccc2)s1,Glycogen synthase kinase-3 beta
CC(=O)c1ccc(Cl)cc1,Glycogen synthase kinase-3 beta
CCS(=O)(=O)c1ccc(-c2coc3ccc(-c4ccc(C)o4)cc23)cc1,Glycogen synthase kinase-3 beta
Cn1c(N2CCNC(c3ccc(Cl)cc3)C2)nc(-c2ccncn2)cc1=O,Glycogen synthase kinase-3 beta
O=C(Nn1c2ccccc2c2ccccc21)c1ccccc1,Glycogen synthase kinase-3 beta
CC/C=C(C)C(=O)CC(O)CC1CC(=O)NC(=O)C1,Glycogen synthase kinase-3 beta
CCCC(=O)Nc1n[nH]c2cc(-c3ccc(O)cc3Cl)ccc12,Glycogen synthase kinase-3 beta
CC[S@@+]([O-])c1ccc(-c2coc3ccc(-c4ccc(C)o4)cc23)cc1,Glycogen synthase kinase-3 beta
CC1CC2(CCC2)n2cc(C(=O)O)c(=O)c3c(N)c(F)c(NCCNc4ccccn4)c(c32)O1,Glycogen synthase kinase-3 beta
Nc1c(F)c(NCCNc2ccccn2)c2c3c1c(=O)c(C(=O)O)cn3C1(CCC1)CCN2,Glycogen synthase kinase-3 beta
O=C([O-])c1ccc(CN2CCC(CNC(=O)c3n[nH]c4ccc(Br)cc34)CC2)o1.[Na+],Glycogen synthase kinase-3 beta
O=C1NC(=O)c2c1c1cnn(-c3ccccc3Cl)c1n1cccc21,Glycogen synthase kinase-3 beta
Cc1nc2ccccc2n1CC(=O)NNC(=O)Cc1ccc([N+](=O)[O-])cc1,Glycogen synthase kinase-3 beta
CNc1cc(NCc2cccnc2)n2ncc(Br)c2n1,Glycogen synthase kinase-3 beta
CC(C)Nc1c(F)c(N)c2c(=O)c(C(=O)O)cn(C3CC3)c2c1F,Glycogen synthase kinase-3 beta
Cn1cc(C2=C(c3coc4ccccc34)C(=O)NC2=O)c2cc(Br)cnc21,Glycogen synthase kinase-3 beta
Cc1nc2ccccc2n1CC(=O)NNC(=O)Cc1cccc2ccccc12,Glycogen synthase kinase-3 beta
CNCCCn1cc(C2=C(c3coc4ccccc34)C(=O)NC2=O)c2cc(F)ccc21,Glycogen synthase kinase-3 beta
O=C(CSc1ccccc1)c1ccc(Br)cc1,Glycogen synthase kinase-3 beta
Cc1nc2ccccc2n1CC(=O)NNC(=O)c1c[nH]c2ccccc12,Glycogen synthase kinase-3 beta
CCCCCCCC(=O)NNC(=O)c1c(O)c2ccc(Cl)cc2n(Cc2ccccc2)c1=O,Glycogen synthase kinase-3 beta
COc1ccc(Nc2nnc(-c3ccc(SC)cc3)o2)cc1,Glycogen synthase kinase-3 beta
N#Cc1ccc(C(=O)CBr)cc1,Glycogen synthase kinase-3 beta
O=C1Nc2ncccc2N[C@H]1CO,Glycogen synthase kinase-3 beta
COc1ccc(-n2cnc3cc(C(=O)CBr)ccc32)cc1,Glycogen synthase kinase-3 beta
N#Cc1cccc(CSc2nnc(-c3ccccc3)o2)c1,Glycogen synthase kinase-3 beta
COc1cccc(N/N=C2C(=O)NN=C2c2cnccc2OC)c1,Glycogen synthase kinase-3 beta
Cc1nc2ccccc2n1CC(=O)NNC(=O)CCC(=O)c1ccc(Oc2ccccc2)cc1,Glycogen synthase kinase-3 beta
Cn1c(N2CCNC(c3ccc(F)cc3)C2)nc(-c2ccncn2)cc1=O,Glycogen synthase kinase-3 beta
O=C(Nc1n[nH]c2nc(N3CCN(S(=O)(=O)c4ccccc4C(F)(F)F)CC3)c(F)cc12)C1CC1,Glycogen synthase kinase-3 beta
COc1ccc(C2CN(c3nc(-c4ccncn4)cc(=O)n3C)CCN2)cc1OC,Glycogen synthase kinase-3 beta
Cc1ccccc1-n1ncc2c3c(c4cccn4c21)C(=O)NC3=O,Glycogen synthase kinase-3 beta
CS(=O)(=O)Nc1ccc(CCNC(=O)c2ccnc3[nH]c(-c4ccc(Cl)cc4)nc23)cc1,Glycogen synthase kinase-3 beta
CC(=O)OCC(=O)c1ccc(Br)cc1,Glycogen synthase kinase-3 beta
O=C1NN=C(c2ccccc2)/C1=N/Nc1cccc(Cl)c1,Glycogen synthase kinase-3 beta
Br.c1ccc(-c2n/c(=NCc3cccnc3)sn2-c2cccc3ccccc23)cc1,Glycogen synthase kinase-3 beta
NC(=O)c1cccc(-c2ocnc2C(=O)NCc2ccncc2)c1,Glycogen synthase kinase-3 beta
CC[S+]([O-])c1ccc(-c2coc3ccc(-c4ccc(C)o4)cc23)cc1,Glycogen synthase kinase-3 beta
COc1ccc2[nH]nc(C(=O)NCC3CCN(Cc4ccnc(C(=O)O)c4)CC3)c2c1,Glycogen synthase kinase-3 beta
O=C(NCc1ccncc1)c1ncoc1-c1ccc(C(F)(F)F)cc1,Glycogen synthase kinase-3 beta
O=C(NCC1CCN(Cc2cccc([N+](=O)[O-])c2)CC1)c1n[nH]c2ccccc12,Glycogen synthase kinase-3 beta
O=C(/C=C/c1cnc2[nH]cc(-c3ccccc3)c2c1)NCCc1ccccn1,Glycogen synthase kinase-3 beta
COCCN1CCC(CNC(=O)c2n[nH]c3ccc(-c4cnccc4OC)cc23)CC1,Glycogen synthase kinase-3 beta
CS(=O)(=O)Nc1ccc(-c2c(-c3cccnc3)oc3ncnc(N)c23)cc1,Glycogen synthase kinase-3 beta
Cn1cc(C2=C(c3coc4ccc(F)cc34)C(=O)NC2=O)c2cc(I)ccc21,Glycogen synthase kinase-3 beta
