smiles,targetname
CN1CCC/C1=NC(=O)Nc1cccc(Cl)c1,Metabotropic glutamate receptor 5
Cc1cc(C#N)cc(-c2ccc3ccc(C)nc3c2)c1,Metabotropic glutamate receptor 5
CC1(C)CN(C(=O)c2ccc(C#Cc3cccc(F)c3)cn2)CCO1,Metabotropic glutamate receptor 5
Cc1cn2cc(C(F)(F)F)cc2c(C#Cc2ccc(Cl)cc2)n1,Metabotropic glutamate receptor 5
N#Cc1cc(F)cc(S(=O)(=O)c2sc3ncc(N)cc3c2-c2cnccc2Cl)c1,Metabotropic glutamate receptor 5
CC1CCCN(C(=O)c2ccc(Nc3ccc(Cl)cc3)cc2)C1,Metabotropic glutamate receptor 5
Cc1ccc(C#Cc2ccc3c(n2)CCN(C2CCCC2)C3=O)cc1,Metabotropic glutamate receptor 5
O=C(COCc1ccncn1)N1CCN(c2ccc(Cl)cc2Cl)CC1,Metabotropic glutamate receptor 5
COc1cccc(-c2noc([C@H]3CCCCN3C(=O)C3CCC3)n2)c1,Metabotropic glutamate receptor 5
Cc1cccc(-c2cccc(-n3nnc(-c4ccccn4)n3)c2)c1,Metabotropic glutamate receptor 5
Cc1nc(C#Cc2ccc(-c3ccncc3)nc2)cs1,Metabotropic glutamate receptor 5
COc1cc(NC(=O)c2cccc(N3C(=O)c4ccccc4C3=O)c2)cc(OC)c1,Metabotropic glutamate receptor 5
CN1CC(=O)N/C1=NC(=O)Nc1ccccc1,Metabotropic glutamate receptor 5
Cc1cccc(NC(=O)c2cc(Cl)cc(Oc3cnc(C)nc3)c2)n1,Metabotropic glutamate receptor 5
Cc1cccc(NC(=O)c2cc(-c3cccs3)ccn2)n1,Metabotropic glutamate receptor 5
COc1cccc(C#Cc2csc(N)n2)c1,Metabotropic glutamate receptor 5
CC1(C)CN(c2ccc(C#Cc3ccccc3)cn2)C(=O)CO1,Metabotropic glutamate receptor 5
Cc1nc(/C=C/c2cccnc2)cs1,Metabotropic glutamate receptor 5
Cc1ccc(-c2nc3c(o2)CCN(C(=O)c2ccccc2)C3)nc1,Metabotropic glutamate receptor 5
Cc1cccc(-c2cc3nc(C)ccc3cn2)c1,Metabotropic glutamate receptor 5
O=C1NCc2cc(C#Cc3cccc(F)c3)ccc21,Metabotropic glutamate receptor 5
O=C(c1cnc2ccccc2n1)N1CCN(c2ncccc2[N+](=O)[O-])CC1,Metabotropic glutamate receptor 5
CC1c2oc(COc3ccccc3)nc2CCN1C(=O)c1ccc(F)cc1,Metabotropic glutamate receptor 5
Cc1cc2nc(COc3ccccc3)cn2c(=O)n1-c1ccc(F)cc1,Metabotropic glutamate receptor 5
O=C(Nc1ccc(F)c(CF)n1)c1cc(Cl)cc(Oc2cncnc2)c1,Metabotropic glutamate receptor 5
CN1C(=O)N(c2ccc(C#Cc3cccc(F)c3)cn2)CC12CC2,Metabotropic glutamate receptor 5
COc1cccc(-c2cncc(C#Cc3cccc(C)n3)c2)c1,Metabotropic glutamate receptor 5
CN1C(=O)C(c2ccc(C#Cc3cccc(F)c3)cn2)CCC1(C)C,Metabotropic glutamate receptor 5
COC(=O)c1ccc(-c2ncc3ccc(C)nc3n2)cc1,Metabotropic glutamate receptor 5
O=S(=O)(c1ccccc1)c1cnc2ccccc2c1N1CCCCC1,Metabotropic glutamate receptor 5
Cc1cc(C#Cc2ccc3c(c2)CCNC3=O)ccc1F,Metabotropic glutamate receptor 5
Cc1ccc(S(=O)(=O)c2cnc3ccccc3c2N2CCC(C)CC2)cc1,Metabotropic glutamate receptor 5
O=C(Nc1cccc(F)c1)O/N=C(C1CCCCC1)C(Cc1cccs1)C1CCCCC1,Metabotropic glutamate receptor 5
COC(=O)Nc1nc(C#Cc2cccnc2)cs1,Metabotropic glutamate receptor 5
Cc1cccc(NC(=O)c2nc(C)n(-c3ccc(F)c(Cl)c3)c2C)n1,Metabotropic glutamate receptor 5
Cc1cn2cccc2c(C#Cc2ccccc2)n1,Metabotropic glutamate receptor 5
CCCC1CC(=O)c2cnc(Nc3ccc(Cl)cc3)nc2C1,Metabotropic glutamate receptor 5
Cc1csc(C(=O)N[C@]23CCC[C@](C#Cc4cnccn4)(CC2)C3)n1,Metabotropic glutamate receptor 5
Cc1cc(-c2cccc(Cl)c2)ncc1C1CC(O)CN1C(=O)c1cnccn1,Metabotropic glutamate receptor 5
Cc1ccc(C(=O)Nc2cc(-c3ccccc3)nn2-c2ccccc2)cc1C,Metabotropic glutamate receptor 5
O=C1NCCc2cc(C#Cc3ccccc3)ccc21,Metabotropic glutamate receptor 5
COc1ccc(S(=O)(=O)c2sc3ncccc3c2-c2ccc(Cl)cc2)cc1F,Metabotropic glutamate receptor 5
Cc1cn2cc(C(=O)N3CCOCC3)cc2c(C#Cc2ccccc2)n1,Metabotropic glutamate receptor 5
Cc1ccnc(Cl)c1NC(=O)c1cccc(Cl)n1,Metabotropic glutamate receptor 5
Fc1ccc2ncnc(Nc3ccc(Cl)cc3F)c2c1,Metabotropic glutamate receptor 5
Cc1c(C(C)OC(=O)Nc2ccccc2)sc2nccn12,Metabotropic glutamate receptor 5
O=C(COC(=O)c1ccc(N2C(=O)C3CC=CCC3C2=O)cc1)c1ccccc1,Metabotropic glutamate receptor 5
Clc1ccc2ncnc(NCCc3ccccc3Cl)c2c1,Metabotropic glutamate receptor 5
CC1(C)COCCN1C(=O)c1ncc(C#Cc2cccc(Cl)c2)cn1,Metabotropic glutamate receptor 5
O=C(Nc1ccc(Cl)cc1CN1C(=O)c2ccccc2C1=O)c1cccnc1,Metabotropic glutamate receptor 5
O=C(Nc1cncc(Oc2cncnc2)c1)c1ccc(F)cn1,Metabotropic glutamate receptor 5
N#Cc1cc(F)cc(C(=O)Nc2ccc(Cl)cc2)c1,Metabotropic glutamate receptor 5
O=C(Nc1ccccc1)c1cccc2oc(=O)[nH]c12,Metabotropic glutamate receptor 5
CC(C)(C)C(=O)Oc1cccc2nc(C#Cc3ccccn3)ccc12,Metabotropic glutamate receptor 5
[H]N(C(=O)CN(c1cc(C(F)(F)F)ccc1Cl)S(C)(=O)=O)C1CCC1,Metabotropic glutamate receptor 5
Cc1cc(C#N)cc(-n2nnc(-c3ccccn3)n2)c1,Metabotropic glutamate receptor 5
O=S(=O)(c1ccc(Cl)cc1)c1cnc2c(F)cccc2c1N1CCOCC1,Metabotropic glutamate receptor 5
Cc1nc(C#Cc2cccc(Cl)c2)cs1,Metabotropic glutamate receptor 5
Cc1ccc2ncc(S(=O)(=O)c3cccc(Cl)c3)c(N3CCOCC3)c2c1,Metabotropic glutamate receptor 5
O=C1NCCc2nc(C#Cc3cccc(Cl)c3)sc21,Metabotropic glutamate receptor 5
CC1(C)CN(c2ccc(C#Cc3cc(F)ccc3F)cn2)C(=O)O1,Metabotropic glutamate receptor 5
N#Cc1cc(F)cc(S(=O)(=O)c2sc3ncc(N)cc3c2-c2cc(F)cc(F)c2)c1,Metabotropic glutamate receptor 5
Cc1cc(C#N)cc(OCc2cccc(Cl)c2)n1,Metabotropic glutamate receptor 5
COc1ccc(S(=O)(=O)c2cnc3ccc(F)cc3c2N2CCC(C)CC2)cc1,Metabotropic glutamate receptor 5
CCOC(=O)c1cc2c(C#Cc3cccc(C#N)c3)nc(C)cn2c1,Metabotropic glutamate receptor 5
CC(C)NC(=O)c1ccc(C#Cc2ccncc2)cn1,Metabotropic glutamate receptor 5
Cc1cn2cc(C(=O)N3CCN(C)CC3)cc2c(C#Cc2ccccc2)n1,Metabotropic glutamate receptor 5
COc1cccc(-c2cc3n(n2)CCCC3)c1,Metabotropic glutamate receptor 5
Cc1ncc(Oc2cc(Cl)cc(C(=O)Nc3ccc(F)cn3)c2)cn1,Metabotropic glutamate receptor 5
O=C(Nc1ccccn1)c1cncc(Oc2cccnc2)c1,Metabotropic glutamate receptor 5
c1ccc(-c2cc(-c3ccccc3)c3c(-c4ccccc4)n[nH]c3n2)cc1,Metabotropic glutamate receptor 5
Cc1ccc2ncc(S(=O)(=O)c3ccc(F)c(F)c3)c(N3CCOCC3)c2c1,Metabotropic glutamate receptor 5
COc1cccc(-c2ccc3sc(C)nc3c2)c1,Metabotropic glutamate receptor 5
O=C(Nc1nc2ccccc2[nH]1)c1cc(Cl)cc(Cl)c1,Metabotropic glutamate receptor 5
Nc1ncc(Br)nc1C(=O)Nc1ccccn1,Metabotropic glutamate receptor 5
[H]N(CC(F)(F)F)C(=O)CN(c1ccccc1Cl)S(C)(=O)=O,Metabotropic glutamate receptor 5
O=C(N[C@H]1CCC[C@H](NC(=O)c2ccccc2F)C1)c1cccc(Cl)c1,Metabotropic glutamate receptor 5
Cc1cn2cc(C(=O)N3CCN(C)CC3)cc2c(C#Cc2cccc(F)c2)n1,Metabotropic glutamate receptor 5
O=[N+]([O-])c1ccc2ncnc(Nc3cccc(Cl)c3)c2c1,Metabotropic glutamate receptor 5
Cc1cn2cc(C(N)=O)cc2c(C#Cc2cccc(C(F)(F)F)c2)n1,Metabotropic glutamate receptor 5
N#Cc1ccc(C(=O)N2CCn3nc(COc4ccccc4)cc3C2)cc1F,Metabotropic glutamate receptor 5
Cc1cccc(NC(=O)c2c3c(nn2C)CCCC3)n1,Metabotropic glutamate receptor 5
O=C(Nc1cccc(Cl)c1)c1cccc(F)n1,Metabotropic glutamate receptor 5
O=C(Nc1ccc(Cl)cn1)c1cc(Oc2cncnc2)ccn1,Metabotropic glutamate receptor 5
O=C1CS(=O)(=O)CCN1c1ccc(C#Cc2ccccc2)cn1,Metabotropic glutamate receptor 5
N#Cc1c(-c2ccccc2)nc2[nH]nc(-c3ccc(F)c(Cl)c3)c2c1C1CC1,Metabotropic glutamate receptor 5
O=C1N[C@H](c2cncc(C#C[C@H]3C[C@@H](O)C3)c2)[C@@H](c2cccc(F)c2)O1,Metabotropic glutamate receptor 5
CSc1ncc(C#Cc2cccc(C)c2)cn1,Metabotropic glutamate receptor 5
COc1ccccc1C(=O)Nc1cccc(NC(=O)c2ccc(Cl)cc2)c1,Metabotropic glutamate receptor 5
Cc1cc(-c2cc(C)c(C3CCCN3C(=O)c3cncs3)cn2)ccn1,Metabotropic glutamate receptor 5
O=C(Nc1cc(Cl)ccc1O)c1noc2c1CCC2,Metabotropic glutamate receptor 5
CCC(=O)Oc1ccc(Cl)cc1[C@@H]1Oc2nc(SC)nnc2-c2ccccc2N1C(=O)CC,Metabotropic glutamate receptor 5
O=S(=O)(c1ccc(Cl)cc1)c1sc2ncccc2c1-c1ccc(Cl)cc1,Metabotropic glutamate receptor 5
Cc1ccc(NC(=O)Nc2ccc(N3C(=O)C4CC=CCC4C3=O)cc2)cc1C,Metabotropic glutamate receptor 5
Cc1cccc(C#CCCCc2ccccc2)n1,Metabotropic glutamate receptor 5
O=C(COCc1ccccc1)N1CCN(c2cccc(Cl)c2)CC1,Metabotropic glutamate receptor 5
N#Cc1cc(F)cc(S(=O)(=O)c2cnc3cc(Cl)ccc3c2N2CCC(CO)CC2)c1,Metabotropic glutamate receptor 5
Cc1ccc(C(=O)CNC(=O)c2ccc(N3C(=O)C4CC=CCC4C3=O)cc2)cc1C,Metabotropic glutamate receptor 5
O=C(C1CCC1)N1CCCC[C@H]1c1nc(-c2cccc(F)c2)no1,Metabotropic glutamate receptor 5
Cc1ccc(NC(=O)c2cc(F)cc(C#N)c2)cc1,Metabotropic glutamate receptor 5
Cc1ccc(Nc2ncc(-c3nc4ccccc4n3CC(C)C)cc2Cl)cn1,Metabotropic glutamate receptor 5
COc1cccc(OCC#Cc2cc(C)ccn2)c1,Metabotropic glutamate receptor 5
Clc1cccc2nc(C#Cc3cccnc3)ccc12,Metabotropic glutamate receptor 5
Clc1ccc(CNc2ncnc3ccc(Cl)cc23)cc1,Metabotropic glutamate receptor 5
O=C1CC(C#Cc2cncc([C@H]3NC(=O)O[C@@H]3c3cccc(F)c3)c2)C1,Metabotropic glutamate receptor 5
COC(=O)N1CCC2(CC1)CC(O)(C#Cc1cccc(C)c1)CO2,Metabotropic glutamate receptor 5
O=C1c2sc(COc3ccccc3)nc2CCN1c1ccncc1,Metabotropic glutamate receptor 5
O=C1NC(=O)c2cc(C#Cc3ccc(F)cc3)ccc21,Metabotropic glutamate receptor 5
O=C(NCC1CC1)c1ccc(C#Cc2cccc(F)c2)cn1,Metabotropic glutamate receptor 5
CCC[C@@H](NC(=O)c1nccs1)c1cnc(Nc2ccc(C(F)(F)F)nc2)c(Cl)c1,Metabotropic glutamate receptor 5
CC1(c2ccc(Cl)cc2)CCN(C(=O)COCc2ccncc2)CC1,Metabotropic glutamate receptor 5
CS(=O)(=O)N(CC(=O)Nc1ccc(F)cn1)c1ccccc1Cl,Metabotropic glutamate receptor 5
Cc1ccc(N)c(C#Cc2cncc(Cl)c2)n1.Cl,Metabotropic glutamate receptor 5
Cc1cccc(COc2cc(=O)n3c(n2)COC[C@H]3Cc2ccccc2)n1,Metabotropic glutamate receptor 5
O=S(=O)(c1ccc(Cl)cc1)c1sc2ncccc2c1-c1cnccc1F,Metabotropic glutamate receptor 5
CCSc1nnc2c(n1)O[C@@H](c1ccc(N(C)C)cc1)N(C(C)=O)c1ccccc1-2,Metabotropic glutamate receptor 5
Cc1ccc(N2CC(c3nc(-c4cccc(Cl)c4)no3)CC2=O)cc1C,Metabotropic glutamate receptor 5
Clc1ccnc(COc2cc3n(n2)CCCC3)c1,Metabotropic glutamate receptor 5
N#Cc1cc(F)cc(C(=O)Nc2nc(C3CC3)cs2)c1,Metabotropic glutamate receptor 5
COC(=O)N1CCOc2cc(COc3ccccc3)cnc21,Metabotropic glutamate receptor 5
Cc1cc(Oc2cncnc2)cc(C(=O)Nc2nc(C)cs2)n1,Metabotropic glutamate receptor 5
COC(=O)c1cccc(C#Cc2cccc(C)n2)c1,Metabotropic glutamate receptor 5
CN1CCc2nc(OCc3ccccc3)sc2C1=O,Metabotropic glutamate receptor 5
O=C(c1ccccc1)N1CCc2oc(-c3ccc(Br)cn3)nc2C1,Metabotropic glutamate receptor 5
CC1(C)CN(c2ccc(C#Cc3cncc(F)c3)cn2)C(=O)O1,Metabotropic glutamate receptor 5
O=C(Nc1nccs1)c1cc(F)cc(Oc2cncnc2)c1,Metabotropic glutamate receptor 5
O=C(Nc1cccc(C(F)(F)F)n1)c1cc(F)cc(Oc2cncnc2)c1,Metabotropic glutamate receptor 5
Brc1cccc(-c2nc(-c3ccccn3)no2)c1,Metabotropic glutamate receptor 5
Cc1cn2cc(C(F)(F)F)cc2c(C#Cc2ccc(F)cc2F)n1,Metabotropic glutamate receptor 5
Cc1ccc2ncc(S(=O)(=O)c3ccc(C#N)cc3)c(N3CCOCC3)c2c1,Metabotropic glutamate receptor 5
CC1(C)CCc2nc(C#Cc3ccccc3)ccc2C1=O,Metabotropic glutamate receptor 5
Cc1c(C(C)OC(=O)Nc2cccc(Cl)c2)oc2ncnn12,Metabotropic glutamate receptor 5
CCCC1CCCN(C(=O)c2cnc(Nc3ccc(C)nc3)c(Cl)c2)C1,Metabotropic glutamate receptor 5
Cc1nc(C#Cc2ccc(N3C(C)CCC3C)nc2)cs1,Metabotropic glutamate receptor 5
c1ccc(-c2nnn(-c3cccc(-c4ccco4)c3)n2)nc1,Metabotropic glutamate receptor 5
CN(C)c1ccc(CC(/C(=N/OC(=O)Nc2cccc(Cl)c2)C2CCCCC2)C2CCCCC2)cc1,Metabotropic glutamate receptor 5
N#Cc1cc(C(=O)Nc2cc(-c3ccccc3)nn2-c2ccccc2Cl)ccc1-c1ccc(F)cc1,Metabotropic glutamate receptor 5
O=C(Nc1cc(-c2ccccc2)nn1-c1ccccc1)c1cnccn1,Metabotropic glutamate receptor 5
CN1CCN(C(=O)c2ccc(C#Cc3ccccc3)cc2)CC1,Metabotropic glutamate receptor 5
O=C(CSc1ccccc1)N1CCCC2(CCCCC2)C1,Metabotropic glutamate receptor 5
Cc1ccc(N)c(C#Cc2cncc(F)c2)n1.Cl,Metabotropic glutamate receptor 5
CCOC(=O)c1cc2c(C#Cc3cccc(Cl)c3)nc(C)cn2c1,Metabotropic glutamate receptor 5
CN1C(=O)[C@@H](c2ccc(C#Cc3cccc(F)c3)cn2)[C@@H]2CCCC[C@@H]21,Metabotropic glutamate receptor 5
O=C(/C=C/c1ccc([N+](=O)[O-])cc1)Nc1cc(-c2ccccc2)nn1-c1ccccc1,Metabotropic glutamate receptor 5
N#Cc1cccnc1C(=O)NC1CCCC(NC(=O)c2cccc(Cl)c2)C1,Metabotropic glutamate receptor 5
O=C1N(c2ccc(F)cc2)CCc2nc(COc3cccc(F)c3)cn21,Metabotropic glutamate receptor 5
O=C(NC1CCCC(NC(=O)c2ccccn2)C1)c1cccc(Cl)c1,Metabotropic glutamate receptor 5
COc1cc(C#N)cc(-c2cnc3cccnc3c2)c1,Metabotropic glutamate receptor 5
O=C(NC12CCCC(C#Cc3cnccn3)(CC1)C2)c1cccc(Cl)c1,Metabotropic glutamate receptor 5
Cc1cccc(C#CCOc2cccc([N+](=O)[O-])c2)n1,Metabotropic glutamate receptor 5
c1ccc(NC2CCCn3nc(COc4ccccc4)cc32)cc1,Metabotropic glutamate receptor 5
CCCOc1ccccc1[C@@H]1Oc2nc(SCC)nnc2-c2ccccc2N1C(C)=O,Metabotropic glutamate receptor 5
O=c1cc(OCc2cccc(Cl)c2)nc2n1CCOC2,Metabotropic glutamate receptor 5
N#Cc1c(C2CC2)nc2[nH]nc(-c3ccccc3)c2c1-c1ccccc1,Metabotropic glutamate receptor 5
CCOC(=O)c1ccc(C#Cc2ccccc2)nc1,Metabotropic glutamate receptor 5
O=S(=O)(c1ccc(F)c(F)c1)c1cnc2cc(F)ccc2c1-c1ccc(Cl)cc1,Metabotropic glutamate receptor 5
Clc1ccnc(-c2cc3n(n2)CCCC3)c1,Metabotropic glutamate receptor 5
Cc1cccc(C(=O)Nc2cc(-c3ccccc3)nn2-c2ccccc2)c1,Metabotropic glutamate receptor 5
Clc1cccc(CCNc2ncnc3ccc(Cl)cc23)c1,Metabotropic glutamate receptor 5
c1ccc(-c2cn(-c3cc(-c4ccccc4)nn3-c3ccccc3)nn2)cc1,Metabotropic glutamate receptor 5
Cc1cccc(NC(=O)NC2=NC(=O)CCN2C)c1,Metabotropic glutamate receptor 5
Fc1ccc(-c2nc(-c3ccc4c(c3)nnn4C3CCCC3)no2)cc1,Metabotropic glutamate receptor 5
O=C(c1ccc(F)cc1)N1CCc2oc(-c3ccc(F)cn3)nc2C1,Metabotropic glutamate receptor 5
COc1ccc2ncc(S(=O)(=O)c3ccccc3)c(N3CCOCC3)c2c1,Metabotropic glutamate receptor 5
COc1ccc2ncc(S(=O)(=O)c3cc(Cl)cc(Cl)c3)c(N3CCOCC3)c2c1,Metabotropic glutamate receptor 5
O=C(Nc1cncc(Oc2cncnc2)c1)c1csc(C(F)(F)F)n1,Metabotropic glutamate receptor 5
C[C@@H](NC(=O)c1ccc(C#Cc2cccc(F)c2)nc1)C(C)(C)O,Metabotropic glutamate receptor 5
Cc1ccc(S(=O)(=O)c2sc3ncccc3c2-c2ccc(Cl)cc2)cc1Cl,Metabotropic glutamate receptor 5
NC(=O)c1csc(NC(=O)c2cc(Oc3cncnc3)ccn2)n1,Metabotropic glutamate receptor 5
Fc1cccc(Nc2ncnc3ccc(Br)cc23)c1,Metabotropic glutamate receptor 5
CCSc1nnc2c(n1)O[C@@H](c1cc(Cl)ccc1OC(C)=O)N(C(C)=O)c1ccccc1-2,Metabotropic glutamate receptor 5
Cc1cccnc1C#Cc1ccc2ccccc2n1,Metabotropic glutamate receptor 5
CN1C(=O)C(c2ccc(C#Cc3ccc(F)cc3)cn2)CCC1(C)C,Metabotropic glutamate receptor 5
O=C(CCc1ccccc1)c1sccc1-c1ccc(F)cc1,Metabotropic glutamate receptor 5
O=C(Nc1cc(Cl)ccn1)c1cc(F)cc(Oc2cncnc2)c1,Metabotropic glutamate receptor 5
O=S(=O)(c1ccc(F)c(F)c1)c1cnc2c(F)cccc2c1N1CCOCC1,Metabotropic glutamate receptor 5
Cc1cc(OCc2cccc(Cl)c2)cc(N2C(=O)c3ccccc3C2=O)c1,Metabotropic glutamate receptor 5
Cc1ccc2ccc(-c3ncccn3)cc2n1,Metabotropic glutamate receptor 5
CC(C)(C)c1n[nH]c2nc(-c3ccccc3)c(C#N)c(-c3ccccc3)c12,Metabotropic glutamate receptor 5
C=CCSc1nnc2c(n1)O[C@@H](c1cc(Br)c(OC(C)=O)c(OC)c1)N(C(C)=O)c1ccccc1-2,Metabotropic glutamate receptor 5
O=C(c1ccc(F)cc1)N1CCCC[C@@H]1c1nc(-c2cccc(F)c2)no1,Metabotropic glutamate receptor 5
COc1cccc(NC(=O)c2cccc3oc(=O)[nH]c23)c1,Metabotropic glutamate receptor 5
O=C(Nc1nc(CF)cs1)c1cc(Oc2cncnc2)ccn1,Metabotropic glutamate receptor 5
Cc1ccc2ccc(-c3cccc(CO)c3)cc2n1,Metabotropic glutamate receptor 5
COc1cccc(NC(=O)c2cc(F)cc(C#N)c2)n1,Metabotropic glutamate receptor 5
Fc1cccc(F)c1-c1cccc(-n2nnc(-c3ccccn3)n2)c1,Metabotropic glutamate receptor 5
CC1CN(C(=O)c2ccc(F)cc2)Cc2cc(COc3ccccc3)nn21,Metabotropic glutamate receptor 5
C[C@@H](NC(=O)c1ccc(C#Cc2cccc(F)c2)cn1)C(F)(F)F,Metabotropic glutamate receptor 5
Cc1cccc(C#Cc2ccc3c(n2)CCN(C)C3=O)c1,Metabotropic glutamate receptor 5
Cc1cccc(NC(=O)c2cc(-c3cccc(C#N)c3)ccn2)n1,Metabotropic glutamate receptor 5
CC(C)C[C@@H]1COCc2nc(OCc3ccccn3)cc(=O)n21,Metabotropic glutamate receptor 5
O=S(=O)(c1cccs1)c1sc2ncccc2c1-c1ccc(Cl)cc1,Metabotropic glutamate receptor 5
Cc1cccc(NC(=O)c2cc3ccccc3n2C)n1,Metabotropic glutamate receptor 5
Cc1cccc(COc2cc(=O)n3cc(Oc4cccnc4)ccc3n2)n1,Metabotropic glutamate receptor 5
O=C(COCc1ccccc1)N1CCN(c2ccccc2[N+](=O)[O-])CC1,Metabotropic glutamate receptor 5
CC1(C)COCCN1C(=O)c1ccc(C#Cc2cccc(Cl)c2)cn1,Metabotropic glutamate receptor 5
CC1(C)CCCN(c2ccc(C#Cc3ccccc3)cn2)C(=O)O1,Metabotropic glutamate receptor 5
Cc1ccc(OCC#Cc2cccc(C)n2)cn1,Metabotropic glutamate receptor 5
Cc1nc(C#Cc2cncc(-c3ccc(F)cc3)c2)cs1,Metabotropic glutamate receptor 5
CC1(C)CCN(c2ccc(C#Cc3ccc(F)cc3)cn2)C(=O)O1,Metabotropic glutamate receptor 5
CN(c1cncnc1)c1cncc(NC(=O)c2cccc(Br)c2)c1,Metabotropic glutamate receptor 5
CCCCOc1ccc(C(=O)Nc2ncc(F)cc2F)cc1,Metabotropic glutamate receptor 5
CN1C(=O)C(c2ccc(C#Cc3cccc(Cl)c3)cn2)CC1(C)C,Metabotropic glutamate receptor 5
COc1cccc(C(=O)Nc2cncc(Oc3cncnc3)n2)c1,Metabotropic glutamate receptor 5
Cc1cc(OCc2cccc(Cl)c2)cc(N(C)C(=O)Cc2c(F)cccc2F)c1,Metabotropic glutamate receptor 5
CCC[C@@H](NC(=O)c1ccccc1)c1cnc(Nc2ccc(C)nc2)c(Cl)c1,Metabotropic glutamate receptor 5
CC1CCN(S(=O)(=O)c2sc3ncccc3c2-c2ccc(Cl)cc2)CC1,Metabotropic glutamate receptor 5
CN1C(=O)N(c2ccc(C#Cc3cnn(C)c3)cn2)CC1(C)C,Metabotropic glutamate receptor 5
O=C(COCc1ccccc1)N1CCN(c2ccc(F)cc2Cl)CC1,Metabotropic glutamate receptor 5
Cc1cccc(NC(=O)c2cccc(S(C)(=O)=O)c2)n1,Metabotropic glutamate receptor 5
Cc1cn2cc(C(F)(F)F)cc2c(C#Cc2cccc(F)c2)n1,Metabotropic glutamate receptor 5
CC1CCN(c2c(S(=O)(=O)c3ccc(Cl)cc3)cnc3ccc(Cl)cc23)CC1,Metabotropic glutamate receptor 5
O=C1c2sc(C#Cc3ccccc3)nc2CN1C1CCCC1,Metabotropic glutamate receptor 5
O=c1cc(OCc2cccc(Cl)c2)nc2n1CCCC2,Metabotropic glutamate receptor 5
O=S(=O)(c1ccc(Cl)cc1)c1sc2nccc(F)c2c1-c1ccc(Cl)cc1,Metabotropic glutamate receptor 5
Cc1cn2cc(CN3CCNC(=O)C3)cc2c(C#Cc2ccccc2)n1,Metabotropic glutamate receptor 5
CC(=O)N1CCCn2nc(CSc3ccccc3)cc21,Metabotropic glutamate receptor 5
Oc1cccc2nc(C#Cc3ccccn3)ccc12,Metabotropic glutamate receptor 5
Cc1cc(OCc2cccc(Cl)c2)cc(-n2c(C)ccc2C)n1,Metabotropic glutamate receptor 5
N#Cc1cccc(C(=O)N2CCn3nc(COc4ccccc4)cc3C2)c1,Metabotropic glutamate receptor 5
O=S(=O)(c1ccc(F)cc1)c1cnc2cc(F)ccc2c1-c1ccc(Cl)cc1,Metabotropic glutamate receptor 5
Cc1ccc2ccc(-c3ccccn3)cc2n1,Metabotropic glutamate receptor 5
Cc1ccc(-c2ccc3cccnc3n2)cc1C,Metabotropic glutamate receptor 5
CN1C(=O)N(c2ccc(C#Cc3cncc(Cl)c3)cn2)CC1(C)C,Metabotropic glutamate receptor 5
Cc1ccc(S(=O)(=O)c2cnc3ccc(Cl)cc3c2N2CCC(C)CC2)cc1,Metabotropic glutamate receptor 5
N#Cc1cccc(NC(=O)c2nc(C#N)cs2)c1,Metabotropic glutamate receptor 5
CCCn1c(-c2cnc(Nc3ccc(C)nc3)c(Cl)c2)nc2ccc(Cl)cc21,Metabotropic glutamate receptor 5
Cc1cccc(C#CCOc2cc(O)nc3ccccc23)n1,Metabotropic glutamate receptor 5
O=C(c1cccc(F)c1)N1CCn2nc(COc3ccccc3)cc2C1,Metabotropic glutamate receptor 5
Fc1cccnc1C#Cc1ccc2ccccc2n1,Metabotropic glutamate receptor 5
N#Cc1cc(F)cc(S(=O)(=O)c2sc3ncc(N)cc3c2-c2cnccc2F)c1,Metabotropic glutamate receptor 5
Cc1cccc(C#Cc2cccc([N+](=O)[O-])c2)n1,Metabotropic glutamate receptor 5
Cc1nc(C#Cc2ccc(C(C)(C)C)nc2)cs1,Metabotropic glutamate receptor 5
CN(C(=O)c1ccc(C#Cc2cncc(Cl)c2)cn1)C(C)(C)C,Metabotropic glutamate receptor 5
Cc1ccc2ncc(S(=O)(=O)c3cc(Cl)cc(Cl)c3)c(N3CCOCC3)c2c1,Metabotropic glutamate receptor 5
Cc1nc(C#Cc2cnc(-[n+]3ccc4cc[nH]cc3-4)nc2)cs1,Metabotropic glutamate receptor 5
CC(C)S(=O)(=O)N1Cc2nc(C#Cc3ccccc3)sc2C1,Metabotropic glutamate receptor 5
Cc1cccc(NC(=O)c2cccc(Br)n2)n1,Metabotropic glutamate receptor 5
Cc1nc(NC(=O)c2cc(F)cc(C#N)c2)sc1C,Metabotropic glutamate receptor 5
CCCC(=O)N1c2ccccc2-c2nnc(SC)nc2O[C@H]1c1cccc(OC)c1,Metabotropic glutamate receptor 5
N#Cc1cc(Cl)cc(-c2cc(-c3cccnn3)ncn2)c1,Metabotropic glutamate receptor 5
Cc1cn2cc(C(F)(F)F)cc2c(C#Cc2ccc(N(C)C)cc2)n1,Metabotropic glutamate receptor 5
N#Cc1cccc(C#Cc2cccc(F)n2)c1,Metabotropic glutamate receptor 5
CCC(C#Cc1cccc(C)n1)Sc1cccc(Cl)c1,Metabotropic glutamate receptor 5
Cc1csc(NC(=O)c2cccc(Oc3cccnc3)c2)n1,Metabotropic glutamate receptor 5
N#Cc1cccc(N2CCc3nc(-c4cccnc4)oc3C2)c1,Metabotropic glutamate receptor 5
N#Cc1cc(F)cc(S(=O)(=O)c2sc3nc(Cl)ccc3c2-c2ccc(F)cc2)c1,Metabotropic glutamate receptor 5
Cc1cc(-c2cccc(Cl)c2)ncc1C1CCCN1C(=O)c1ccccn1,Metabotropic glutamate receptor 5
Cc1ccc2ncc(S(=O)(=O)c3cccc(F)c3)c(N3CCOCC3)c2c1,Metabotropic glutamate receptor 5
O=C(CCc1ccc(F)cc1)c1sc2ncccc2c1-c1ccccc1,Metabotropic glutamate receptor 5
O=C(c1ncccc1Cl)N1CCn2nc(COc3ccccc3)cc2C1,Metabotropic glutamate receptor 5
Cn1nc(-c2cccnc2)c2ncc(OCc3ccccn3)nc21,Metabotropic glutamate receptor 5
O=C(Nc1ccccc1)O/N=C(C1CCCCC1)C(CN1CCCCC1)C1CCCCC1,Metabotropic glutamate receptor 5
O=C1N[C@H](c2cncc(C#CC3CC(F)(F)C3)c2)[C@@H](c2cccc(F)c2)O1,Metabotropic glutamate receptor 5
O=C(Nc1cc(-c2ccccc2)nn1-c1ccccc1)c1ccsc1,Metabotropic glutamate receptor 5
COc1cccc(S(=O)(=O)c2sc3ncccc3c2-c2ccc(Cl)cc2)c1,Metabotropic glutamate receptor 5
CNc1ncc(Cl)nc1C(=O)Nc1ccccn1,Metabotropic glutamate receptor 5
Cc1cn2cc(C(=O)N3CCOCC3)cc2c(C#Cc2cccc(F)c2)n1,Metabotropic glutamate receptor 5
Cc1cc(F)cc(-c2ncc3ccc(C)nc3n2)c1,Metabotropic glutamate receptor 5
Cc1csc(C(=O)Nc2cccc(F)c2)n1,Metabotropic glutamate receptor 5
N#Cc1cc(F)cc(C(=O)NC2C3CC4CC(C3)CC2C4)c1,Metabotropic glutamate receptor 5
O=C(N[C@H]1CCC[C@H](NC(=O)c2ccccn2)C1)c1ccccn1,Metabotropic glutamate receptor 5
N#Cc1cc(F)cc(N2CCn3nc(-c4ccccn4)nc3C2)c1,Metabotropic glutamate receptor 5
O=c1cc(OCc2cccc(Cl)c2)nc2n1[C@@H](Cc1ccccc1)COC2,Metabotropic glutamate receptor 5
N#Cc1ccccc1N1CCN(C(=O)C23CC4CC(CC(C4)C2)C3)CC1,Metabotropic glutamate receptor 5
CC1(C)CCN(c2ccc(C#Cc3cccc(F)c3)cn2)C(=O)C1,Metabotropic glutamate receptor 5
O=C(NC1CCCC1)c1cc(Oc2cccnc2)ccn1,Metabotropic glutamate receptor 5
CC1(NC(=O)c2ccc(C#Cc3ccccn3)cn2)COC1,Metabotropic glutamate receptor 5
O=C(c1ccccc1)N1CCn2nc(COc3cccc(F)c3)cc2C1,Metabotropic glutamate receptor 5
Cc1ccc(Oc2cccc(NC(=O)c3cccc(Cl)c3)n2)cn1,Metabotropic glutamate receptor 5
O=C(NC1CCCCC1)c1ccc(OCc2cccc(F)c2)nc1,Metabotropic glutamate receptor 5
CCCc1cccnc1Nc1cccc(C)n1,Metabotropic glutamate receptor 5
O=C(Nc1cccc(Cl)c1)c1cc(Oc2cccnc2)ccn1,Metabotropic glutamate receptor 5
CN1C(=O)C(c2ncc(C#Cc3ccc(F)cc3)cn2)CC1(C)C,Metabotropic glutamate receptor 5
O=C(Nc1ccnc(Oc2cccnc2)c1)c1cccc(Cl)c1,Metabotropic glutamate receptor 5
O=C(Nc1nc(C(F)(F)F)cs1)c1cccc(Oc2cccnc2)c1,Metabotropic glutamate receptor 5
N#Cc1cccc(S(=O)(=O)c2cnc3cc(F)ccc3c2N2CCSCC2)c1,Metabotropic glutamate receptor 5
Fc1cccc(C#Cc2csc(Br)n2)c1,Metabotropic glutamate receptor 5
Cc1cccc(C#Cc2ccc(N3CC(C)(C)N(C)C3=O)nn2)c1,Metabotropic glutamate receptor 5
Cc1cccc(NC(=O)c2ccc(-c3cccc(C#N)c3)cn2)n1,Metabotropic glutamate receptor 5
CCCn1c(-c2cnc(Nc3ccc(C)nc3)c(Cl)c2)nc2ccccc21,Metabotropic glutamate receptor 5
O=C1OC[C@H]2CCC[C@H]2N1c1ccc(C#Cc2ccc(F)cc2)cn1,Metabotropic glutamate receptor 5
CC[C@H]1CCCCN1C(=O)c1cnc(Nc2ccc(C)nc2)c(Cl)c1,Metabotropic glutamate receptor 5
CCc1cccc(C#Cc2cccc(C#N)c2)n1,Metabotropic glutamate receptor 5
CCCCCOC(=O)N(C)c1cc(C)cc(OCc2cccc(Cl)c2)c1,Metabotropic glutamate receptor 5
O=c1ccnc2cc(C#Cc3ccccc3)ccn12,Metabotropic glutamate receptor 5
Cc1cc(-c2cccc(Cl)c2)ncc1C1CCCN1C(=O)C1CCS(=O)(=O)C1,Metabotropic glutamate receptor 5
Oc1cccc2nc(C#Cc3cccnc3)ccc12,Metabotropic glutamate receptor 5
O=C1c2cc(COc3ccccc3)nn2CCC12CCCC2,Metabotropic glutamate receptor 5
CC1CCN(c2c(S(=O)(=O)c3ccc(Cl)c(Cl)c3)cnc3c(F)cccc23)CC1,Metabotropic glutamate receptor 5
O=C1N(c2ccc(C#Cc3ccccc3)cn2)CC2CCCCN12,Metabotropic glutamate receptor 5
CN1C(=O)C(C)(c2ccc(C#Cc3ccccc3)cn2)CC1(C)C,Metabotropic glutamate receptor 5
N#Cc1cccc(C#Cc2csc(Br)n2)c1,Metabotropic glutamate receptor 5
COCc1cncc(C#Cc2ccccn2)c1,Metabotropic glutamate receptor 5
O=C(Nc1cc(-c2ccccc2)nn1-c1ccccc1)c1ccncc1,Metabotropic glutamate receptor 5
N#Cc1cccc(S(=O)(=O)c2sc3ncccc3c2-c2ccc(Cl)cc2)c1,Metabotropic glutamate receptor 5
O=C(COCc1ccncc1)N1CCC(c2ccc(Cl)cc2)CC1,Metabotropic glutamate receptor 5
Cc1nc(C#Cc2cncc(-c3ccncc3)c2)cs1,Metabotropic glutamate receptor 5
Cc1cc(C(=O)N2CCCC2c2cnc(-c3cccc(Cl)c3)cc2C)no1,Metabotropic glutamate receptor 5
O=C1OC2(CC2)CN1c1ccc(C#Cc2cccnc2)cn1,Metabotropic glutamate receptor 5
N#Cc1cccc(-c2ccn(-c3ccccn3)n2)c1,Metabotropic glutamate receptor 5
O=C(Nc1cc(-c2ccccc2)nn1-c1ccccc1)c1ccccn1,Metabotropic glutamate receptor 5
O=C(c1ccc(Nc2cccc(Cl)c2)nc1)N1CCCCC1,Metabotropic glutamate receptor 5
O=C(Nc1cccc(Oc2ccc(C(F)(F)F)nc2)n1)c1cccc(Cl)c1,Metabotropic glutamate receptor 5
O[C@@H]1CCCc2nc(C#Cc3ccccc3)ccc21,Metabotropic glutamate receptor 5
COC1CCCN(C(=O)N2CC(c3nc(-c4cccc(Cl)c4)no3)C2)C1,Metabotropic glutamate receptor 5
O=S(=O)(N1CCCCC1)N1CCc2nc(C#Cc3ccccc3)sc2C1,Metabotropic glutamate receptor 5
Cc1nc2nc(-c3ccccc3)sc2cc1-c1ccc(F)cc1,Metabotropic glutamate receptor 5
COC1C(=O)N(c2ccc(C#Cc3cncc(Cl)c3)cn2)CC1(C)C,Metabotropic glutamate receptor 5
CCCC(=O)N1c2ccccc2-c2nnc(SC)nc2O[C@H]1c1ccc(OC)cc1OC,Metabotropic glutamate receptor 5
Cc1cccc(C#Cc2cccc(OCCCc3ccccc3)c2)n1,Metabotropic glutamate receptor 5
Cc1cccc(C#Cc2csc(C)n2)c1,Metabotropic glutamate receptor 5
CN1CC(=O)N/C1=NC(=O)Nc1ncccc1Cl,Metabotropic glutamate receptor 5
N#Cc1cccc(-c2cc(-c3ccncn3)ncn2)c1,Metabotropic glutamate receptor 5
Cn1ccc(NC(=O)c2cc(F)cc(C#N)c2)n1,Metabotropic glutamate receptor 5
Cc1cccc(C#Cc2cncc(-c3ccco3)c2)n1,Metabotropic glutamate receptor 5
O=C(N[C@H]1CCC[C@H](NC(=O)c2cnccn2)C1)c1cccc(Cl)c1,Metabotropic glutamate receptor 5
COc1cccc(-c2noc(C3CCCCN3C(=O)C3CCC3)n2)c1,Metabotropic glutamate receptor 5
O=S(=O)(c1ccc(Cl)c(Cl)c1)c1cnc2cc(Cl)ccc2c1N1CCOCC1,Metabotropic glutamate receptor 5
N#Cc1cc(F)cc(C(=O)N2CCn3nc(COc4cccc(F)c4)cc3C2)c1,Metabotropic glutamate receptor 5
CC1(C)CCN(c2ccc(C#Cc3ccccc3)nn2)C(=O)O1,Metabotropic glutamate receptor 5
COC(=O)c1cncc(OCC#Cc2cccc(C)n2)c1,Metabotropic glutamate receptor 5
Cc1ccc(S(=O)(=O)c2cnc3ccc(Cl)cc3c2N2CCC(C)CC2)cc1Cl,Metabotropic glutamate receptor 5
COc1cc(-c2cccc(Cl)c2)ncc1C1CCCN1C(=O)c1cncs1,Metabotropic glutamate receptor 5
Cc1ccc(Oc2cccc(NC(=O)c3cccc(C)n3)n2)cn1,Metabotropic glutamate receptor 5
COc1cccc(NC(=O)c2cc(F)cc(Oc3cncnc3)c2)n1,Metabotropic glutamate receptor 5
O=C(COCc1ncccn1)N1CCN(c2ccc(Cl)cc2Cl)CC1,Metabotropic glutamate receptor 5
Cc1ccc2ncc(S(=O)(=O)c3ccc(C)c(Cl)c3)c(N3CCOCC3)c2c1,Metabotropic glutamate receptor 5
Cc1c(C(C)OC(=O)Nc2ccccc2)oc2nc(-c3ccc(F)cc3)nn12,Metabotropic glutamate receptor 5
Clc1ccc2nccc(Nc3cccc(Br)c3)c2c1,Metabotropic glutamate receptor 5
CN1C(=O)N(c2ccc(C#Cc3ccccc3)cn2)CC1(C)C,Metabotropic glutamate receptor 5
Cc1cccc(NC(=O)c2nn(C)c(-c3cc(F)cc(F)c3)c2C)n1,Metabotropic glutamate receptor 5
N#Cc1cc(C#N)cc(-c2cc(-c3ccc(F)cn3)ncn2)c1,Metabotropic glutamate receptor 5
O=C(c1cccc(F)c1)N1CCc2nc(COc3cccc(F)c3)oc2C1,Metabotropic glutamate receptor 5
Cc1cccc(NC(=O)c2nn(C)c(OC3CCCCC3)c2C)n1,Metabotropic glutamate receptor 5
CC(=O)N1CCCn2nc(COc3ccccc3)c(F)c21,Metabotropic glutamate receptor 5
COc1ccc2ncc(S(=O)(=O)c3ccc(Cl)c(Cl)c3)c(N3CCC(C)CC3)c2c1,Metabotropic glutamate receptor 5
CC(C)CCOc1ccc(C(=O)NC2CCCCC2)cn1,Metabotropic glutamate receptor 5
CS(=O)(=O)N(CC(=O)Nc1cccnc1F)c1ccccc1Cl,Metabotropic glutamate receptor 5
O=C(NC1CCOCC1)c1cc(Oc2cncnc2)ccn1,Metabotropic glutamate receptor 5
CCn1nc(-c2cnccc2C)c2ncc(OCc3ccccn3)nc21,Metabotropic glutamate receptor 5
CCCC(=O)N1c2ccccc2-c2nnc(SCC)nc2O[C@H]1c1cccs1,Metabotropic glutamate receptor 5
COc1ncc(C#Cc2ccc(C)cc2)cn1,Metabotropic glutamate receptor 5
COc1cc(OC)cc(C(=O)Nc2cc(-c3ccccc3)nn2-c2ccccc2)c1,Metabotropic glutamate receptor 5
O=S(=O)(c1ccc(Cl)c(Cl)c1)c1cnc2cc(F)ccc2c1N1CCOCC1,Metabotropic glutamate receptor 5
[3H]c1c(F)cc(-c2nc(-c3ccc(F)cn3)no2)cc1C#N,Metabotropic glutamate receptor 5
Cc1ccc(C(=O)N2CC(c3nc(-c4cccc(F)c4)no3)C2)cc1,Metabotropic glutamate receptor 5
O=C1CC(c2nc(-c3ccc(F)cc3)no2)CN1c1ccc(Cl)c(Cl)c1,Metabotropic glutamate receptor 5
CC1CCN(c2c(S(=O)(=O)c3cccc(C#N)c3)cnc3ccc(F)cc23)CC1,Metabotropic glutamate receptor 5
N#Cc1cc(C#Cc2ccccn2)cc([N+](=O)[O-])c1,Metabotropic glutamate receptor 5
N#Cc1cccc(-n2cnc(-c3ccccn3)n2)c1,Metabotropic glutamate receptor 5
Clc1cccc(Sc2ccnc(-c3ccccn3)n2)c1,Metabotropic glutamate receptor 5
O=C(Nc1cncc(Oc2cncc(F)c2)n1)c1ncccn1,Metabotropic glutamate receptor 5
O=C(C1CCC1)N1CCC[C@H](c2nc(-c3cccs3)no2)C1,Metabotropic glutamate receptor 5
O=C(NCc1ccco1)c1ccc(C#Cc2ccccc2)nc1,Metabotropic glutamate receptor 5
CC(=O)N1CCCn2nc(CNc3ccccc3)cc21,Metabotropic glutamate receptor 5
Cc1nc(C(=O)Nc2cncc(Oc3cncc(F)c3)n2)cs1,Metabotropic glutamate receptor 5
O[C@H]1CCCc2nc(C#Cc3ccccc3)ccc21,Metabotropic glutamate receptor 5
O=C(NC1CCC1)c1ccc(C#Cc2cccc(F)c2)cn1,Metabotropic glutamate receptor 5
N#Cc1cc(OCc2ccccc2)cc(-n2nnc(-c3ccccn3)n2)c1,Metabotropic glutamate receptor 5
O=C(Nc1ccccc1F)[C@H]1C[C@@H]1c1cccc(F)c1,Metabotropic glutamate receptor 5
Cc1ccc(S(=O)(=O)c2cnc3ccc(Cl)cc3c2N2CCOCC2)cc1Cl,Metabotropic glutamate receptor 5
Cc1cccc(S(=O)(=O)c2sc3ncccc3c2-c2ccc(Cl)cc2)c1,Metabotropic glutamate receptor 5
Cc1nc(C#Cc2ccc(Oc3ccccc3)nc2)cs1,Metabotropic glutamate receptor 5
N#Cc1cccc(COc2cc3n(n2)CCCC3)c1,Metabotropic glutamate receptor 5
Cc1ccc(S(=O)(=O)c2cnc3cc(F)ccc3c2N2CCOCC2)cc1,Metabotropic glutamate receptor 5
COc1ccc2ncc(S(=O)(=O)c3ccc(OC)c(OC)c3)c(N3CCOCC3)c2c1,Metabotropic glutamate receptor 5
CCCSc1nnc2c(n1)O[C@@H](c1ccccc1F)N(C(=O)CC)c1ccccc1-2,Metabotropic glutamate receptor 5
O=C(Nc1cc(F)ccn1)c1cc(Oc2cncnc2)ccn1,Metabotropic glutamate receptor 5
O=C(C1CCC1)N1CCC[C@H](c2nc(-c3cccc(F)c3)no2)C1,Metabotropic glutamate receptor 5
Fc1c(-c2ccccc2)nc2[nH]nc(-c3ccccc3)c2c1-c1ccccc1,Metabotropic glutamate receptor 5
CC1CCN(C(=O)c2ccc(C#Cc3ccccc3)cc2)CC1,Metabotropic glutamate receptor 5
Cc1ccc(Oc2cncc(NC(=O)c3cccc(C)n3)n2)cn1,Metabotropic glutamate receptor 5
O=C(COCc1ccccc1)N1CCN(c2cc(Cl)ccn2)CC1,Metabotropic glutamate receptor 5
O=C(Nc1nc2ccccc2[nH]1)c1cc(C(F)(F)F)ccc1C(F)(F)F,Metabotropic glutamate receptor 5
Fc1ccc2ncnc(Nc3ccccc3)c2c1,Metabotropic glutamate receptor 5
O=C(Nc1cncc(Oc2cncc(F)c2)n1)c1cccc(Cl)n1,Metabotropic glutamate receptor 5
Cc1cc(OCc2ccccc2)cc(N2C(=O)c3ccccc3C2=O)c1,Metabotropic glutamate receptor 5
COc1cccc(-c2noc([C@@H]3CCCCN3C(=O)C3CCC3)n2)c1,Metabotropic glutamate receptor 5
O=C(Nc1nc(C(F)(F)F)cs1)c1cc(Cl)cc(Oc2cncnc2)c1,Metabotropic glutamate receptor 5
N#Cc1cc(C#N)cc(-c2nc(-c3ccccn3)no2)c1,Metabotropic glutamate receptor 5
CCSc1nnc2c(n1)O[C@@H](c1ccccc1F)N(C(C)=O)c1ccccc1-2,Metabotropic glutamate receptor 5
O=C(Nc1cccc(Cl)n1)c1nc(Br)cs1,Metabotropic glutamate receptor 5
C#Cc1nc(C#Cc2cccc(F)c2)cs1,Metabotropic glutamate receptor 5
Cc1ccc(C(=O)COCc2ccc(N3C(=O)C4CC=CCC4C3=O)cc2)cc1C,Metabotropic glutamate receptor 5
O=C(Cc1ccccc1)N1CCCn2nc(COc3ccccc3)cc21,Metabotropic glutamate receptor 5
Cc1cccc(NC(=O)c2nc(C)cc3cc[nH]c23)n1,Metabotropic glutamate receptor 5
O=C(NC1CCCC(NC(=O)c2cccc(Cl)c2)C1)c1cccc(Cl)c1,Metabotropic glutamate receptor 5
Cc1cccc(-c2noc(C3CC(=O)N(c4ccc(C)c(Cl)c4)C3)n2)c1,Metabotropic glutamate receptor 5
Nc1ccnc2sc(S(=O)(=O)c3ccc(Cl)cc3)c(-c3ccc(Cl)cc3)c12,Metabotropic glutamate receptor 5
CNC(=O)c1cc2c(C#Cc3cccc(F)c3)nc(C)cn2c1,Metabotropic glutamate receptor 5
Cc1cccc(C#CCOc2ccccc2Cl)n1,Metabotropic glutamate receptor 5
CCSc1nnc2c(n1)O[C@@H](C)N(C(C)=O)c1ccccc1-2,Metabotropic glutamate receptor 5
O=C1O[C@H]2CCC[C@H]2CN1c1ccc(C#Cc2ccccc2)cn1,Metabotropic glutamate receptor 5
CC1(C)CN(c2ccc(C#Cc3ccccc3)cn2)C1=O,Metabotropic glutamate receptor 5
CC1(C)CN(C(=O)c2ccc(F)cc2)Cc2oc(COc3ccccc3)nc21,Metabotropic glutamate receptor 5
Cc1ccc(S(=O)(=O)c2cnc3ccc(F)cc3c2N2CCC(C)CC2)cc1,Metabotropic glutamate receptor 5
CC(C)n1nnc2c1CCC(c1nc(-c3ccc(F)cc3)no1)C2,Metabotropic glutamate receptor 5
N#Cc1ccc(CC(=O)c2nn3c(c2C(F)(F)F)CCCC3)nc1,Metabotropic glutamate receptor 5
O=C(N1CCN(c2ccccc2Cl)CC1)C12CC3CC(CC(C3)C1)C2,Metabotropic glutamate receptor 5
Brc1cccc2nc(C#Cc3cccnc3)ccc12,Metabotropic glutamate receptor 5
CN(C(=O)c1cccc(Cl)c1)C1CCCC(NC(=O)c2cccc(Cl)c2)C1,Metabotropic glutamate receptor 5
O=S(=O)(c1ccc(F)c(F)c1)c1cnc2ccc(F)cc2c1N1CCOCC1,Metabotropic glutamate receptor 5
Cc1c(C(C)OC(=O)NC2CCCCC2)oc2ncnn12,Metabotropic glutamate receptor 5
O=C1N[C@H](c2cncc(C#CC3CCOCC3)c2)[C@@H](c2cccc(F)c2)O1,Metabotropic glutamate receptor 5
Cc1ccc(S(=O)(=O)c2cnc3cc(Cl)ccc3c2N2CCC(C)CC2)cc1F,Metabotropic glutamate receptor 5
Cc1ncc(C(=O)NC23CCCC(NC(=O)c4cccc(Cl)c4)(CC2)C3)s1,Metabotropic glutamate receptor 5
N#Cc1cccc(-n2ccc(-c3ccccn3)n2)c1,Metabotropic glutamate receptor 5
COc1ccccc1C(=O)Nc1cccc(NC(=O)C2CCCCC2)c1,Metabotropic glutamate receptor 5
Cc1ccc(C(=O)COC(=O)c2ccc(N3CCCC3=O)cc2)cc1C,Metabotropic glutamate receptor 5
CC(C)(C)c1ncc(C#Cc2ccccc2)cn1,Metabotropic glutamate receptor 5
COc1cc(-c2cccc(Cl)c2)ncc1C1CCCN1C(=O)C1CCC1,Metabotropic glutamate receptor 5
O=C(C1CCC1)N1CCCC1c1nc(-c2cccc(F)c2)no1,Metabotropic glutamate receptor 5
N#Cc1cc(F)cc(-c2nc(-c3ccccn3)co2)c1,Metabotropic glutamate receptor 5
COCc1ccccc1-c1ccc(C#Cc2csc(C)n2)cn1,Metabotropic glutamate receptor 5
N#Cc1cccc(-n2cc(-c3ccccn3)cn2)c1,Metabotropic glutamate receptor 5
N#CCc1cccc(C#Cc2csc(N)n2)c1,Metabotropic glutamate receptor 5
Cc1nc(C#Cc2cnc(-c3ccccc3Cl)nc2)cs1,Metabotropic glutamate receptor 5
O=C(COCc1ccccc1)N1CCN(c2nc3ccccc3s2)CC1,Metabotropic glutamate receptor 5
Cc1cccc(C#CCC(C)c2ccccc2)n1,Metabotropic glutamate receptor 5
O=C(C1CCCCC1)N1CCCC1c1nc(-c2cccc(F)c2)no1,Metabotropic glutamate receptor 5
CC1CCC(C(=O)N2CC(c3nc(-c4cccc(Cl)c4)no3)C2)CC1,Metabotropic glutamate receptor 5
COc1ccc2ncc(S(=O)(=O)c3ccc(Cl)c(Cl)c3)c(N3CCOCC3)c2c1,Metabotropic glutamate receptor 5
O=C(N1CCN(c2ccccn2)CC1)C12CC3CC(CC(C3)C1)C2,Metabotropic glutamate receptor 5
N#Cc1cccc(S(=O)(=O)c2sc3ncc(N)cc3c2-c2ccc(F)cc2)c1,Metabotropic glutamate receptor 5
Cc1ccc(C#Cc2cnc(C(C)(C)C)nc2)cc1,Metabotropic glutamate receptor 5
Cc1ccc(Nc2ncc(C(=O)N3CCCCC3)cc2Cl)cn1,Metabotropic glutamate receptor 5
Cc1cc(-c2cn(CC(=O)N3CCN(c4cccc(C#N)c4)C(=O)C3)c(-c3ccc(F)cc3)n2)ccc1F,Metabotropic glutamate receptor 5
CCCCC1(O)CCCn2nc(COc3ccccc3)cc21,Metabotropic glutamate receptor 5
COc1ccc(N2CC(c3nc(-c4cccc(Cl)c4)no3)CC2=O)cc1,Metabotropic glutamate receptor 5
CCC(=O)Oc1ccc([C@@H]2Oc3nc(SC)nnc3-c3ccccc3N2C(=O)CC)cc1,Metabotropic glutamate receptor 5
Cc1cn2cc(C(F)(F)F)cc2c(C#Cc2cccc(-c3cn[nH]c3)c2)n1,Metabotropic glutamate receptor 5
Cc1ccc(Nc2ccc(C(=O)N3CCCCC3)cn2)cn1,Metabotropic glutamate receptor 5
O=C(Nc1ccc(Cl)cc1CN1C(=O)c2ccccc2C1=O)C1CCCCC1,Metabotropic glutamate receptor 5
Cc1cccc(Nc2ncccc2OCc2ccccc2)n1,Metabotropic glutamate receptor 5
CCC(=O)N1c2ccccc2-c2nnc(SC)nc2O[C@H]1c1cc(OC)c(OC)c(OC)c1,Metabotropic glutamate receptor 5
CSc1nnc2c(n1)O[C@@H](c1cccc(C)n1)N(C(C)=O)c1ccccc1-2,Metabotropic glutamate receptor 5
N#Cc1cccc(C(=O)Nc2cncc(Oc3cncc(F)c3)n2)c1,Metabotropic glutamate receptor 5
Cc1nc(C(=O)Nc2cccc(C(F)(F)F)n2)c(C)n1-c1ccc(F)cc1,Metabotropic glutamate receptor 5
Cc1nc(C#Cc2ccc(C3CC4CCC3C4)nc2)cs1,Metabotropic glutamate receptor 5
Cc1cc(-n2cc(C(N)=O)nc2C)cc(OCc2cccc(Cl)c2)n1,Metabotropic glutamate receptor 5
CN(c1cncnc1)c1cc(Cl)nc(NC(=O)c2cccc(Br)c2)c1,Metabotropic glutamate receptor 5
Cn1cc(C#Cc2ccc(N3CC(C)(C)OC3=O)nc2)cn1,Metabotropic glutamate receptor 5
O=S(=O)(c1ccc(Cl)cc1)c1sc2nccc(O)c2c1-c1ccc(Cl)cc1,Metabotropic glutamate receptor 5
O=C1c2cc(OCc3ccccc3)nn2CCC1c1ccc(F)cc1,Metabotropic glutamate receptor 5
CC(=O)Nc1nc2c(s1)CCN(C(=O)Cn1cc(-c3ccc(F)c(C)c3)nc1-c1ccccc1)CC2,Metabotropic glutamate receptor 5
N#Cc1csc(C(=O)Nc2cccc(Cl)n2)n1,Metabotropic glutamate receptor 5
CN(c1cncnc1)c1ccnc(NC(=O)c2cccc(Br)c2)c1,Metabotropic glutamate receptor 5
Cc1cccc(NC(=O)c2cccc(Br)c2)n1,Metabotropic glutamate receptor 5
C(#Cc1ncccn1)c1ccccc1,Metabotropic glutamate receptor 5
Cc1nc(C(=O)Nc2ccc(F)cn2)c(C)n1-c1ccc(F)cc1,Metabotropic glutamate receptor 5
Cc1cccc(C#Cc2ccc3c(n2)CCN(C(C)C)C3=O)c1,Metabotropic glutamate receptor 5
Cc1ccc2ccc(-c3ccccc3)cc2n1,Metabotropic glutamate receptor 5
Cc1nc(NC(=O)c2cc(Oc3cncnc3)ccn2)sc1F,Metabotropic glutamate receptor 5
CSc1nnc2c(n1)O[C@@H](c1ccc(OC(C)=O)c(Br)c1)N(C(C)=O)c1ccccc1-2,Metabotropic glutamate receptor 5
N#Cc1cccc(C(=O)Nc2ccnc(Oc3cncnc3)c2)c1,Metabotropic glutamate receptor 5
Cc1cc(C#Cc2ccccc2)cnc1N1CC(C)(C)CC1=O,Metabotropic glutamate receptor 5
O=C(C1CCCC1)N1CCCCC1c1nnn(-c2cccc(Cl)c2)n1,Metabotropic glutamate receptor 5
c1ccc(CNC2CCCn3nc(COc4ccccc4)cc32)cc1,Metabotropic glutamate receptor 5
COC1CCCn2nc(COc3ccccc3)cc21,Metabotropic glutamate receptor 5
Cc1ccc(C#Cc2cc(C#N)cc([N+](=O)[O-])c2)nc1,Metabotropic glutamate receptor 5
Cc1cccc(C#Cc2cc(Cl)cc(C#N)c2)n1,Metabotropic glutamate receptor 5
O=C1c2ccc(OCc3cccc(F)c3)nc2CCN1Cc1ccccc1,Metabotropic glutamate receptor 5
Cn1cnc2ccc(-c3cn(CC(=O)N4CCN(c5ncccn5)CC4)c(-c4ccccc4)n3)cc21,Metabotropic glutamate receptor 5
CC1CCN(c2c(S(=O)(=O)c3ccc(F)c(Cl)c3)cnc3c(F)cccc23)CC1,Metabotropic glutamate receptor 5
Cc1ccc(N2CC(c3nc(-c4cccc(F)c4)no3)CC2=O)cc1,Metabotropic glutamate receptor 5
O=S(=O)(c1ccc(F)c(Cl)c1)c1cnc2cc(Cl)ccc2c1N1CCOCC1,Metabotropic glutamate receptor 5
Cc1cccc(C#CCNc2ccccc2)n1,Metabotropic glutamate receptor 5
O=C(Nc1cncc(Oc2cncc(F)c2)n1)c1cccnn1,Metabotropic glutamate receptor 5
O=C(c1ccc(F)c(F)c1)N1CCCC[C@@H]1c1nc(-c2cccc(F)c2)no1,Metabotropic glutamate receptor 5
Cc1cc(C)c(N)c(C#Cc2cccc(F)c2)n1.Cl,Metabotropic glutamate receptor 5
Cc1cn2cc(C(F)(F)F)cc2c(C#Cc2cccs2)n1,Metabotropic glutamate receptor 5
Cc1cccc(NC(=O)c2nccc3c(-c4ccccn4)c[nH]c23)n1,Metabotropic glutamate receptor 5
COc1ccc(C(=O)COC(=O)c2ccc(N3C(=O)C4CC=CCC4C3=O)cc2)cc1,Metabotropic glutamate receptor 5
CCSc1nnc2c(n1)O[C@@H](c1ccco1)N(C(C)=O)c1ccccc1-2,Metabotropic glutamate receptor 5
N#Cc1cccc(COc2cc(=O)n3c(n2)COC[C@H]3Cc2ccccc2)c1,Metabotropic glutamate receptor 5
O=C(Nc1nc2ccccc2[nH]1)c1cc(Cl)ccc1Cl,Metabotropic glutamate receptor 5
O=C(Nc1ccnc(Cl)c1)c1cc(Oc2cccnc2)ccn1,Metabotropic glutamate receptor 5
CSc1nnc2c(n1)O[C@@H](c1cccn1C)N(C(C)=O)c1ccccc1-2,Metabotropic glutamate receptor 5
CCOc1cc(C#N)cnc1Nc1cccc(C)n1,Metabotropic glutamate receptor 5
CC1(C)CCN(c2ccc(C#Cc3cc(F)ccc3F)cn2)C(=O)C1,Metabotropic glutamate receptor 5
Cc1ccc(-n2ncc3c(N4CCC(n5c(=O)[nH]c6ccccc65)CC4)ncnc32)c(C)c1,Metabotropic glutamate receptor 5
Fc1ccc(-c2c(C3=NOC(c4ccc(F)cc4)C3)sc3ncccc23)cc1,Metabotropic glutamate receptor 5
O=C1N[C@H](c2cncc(C#CC3CCCC3)c2)[C@@H](c2cccc(F)c2)O1,Metabotropic glutamate receptor 5
O=C(Nc1nc(C(F)F)cs1)c1cc(Oc2cncnc2)ccn1,Metabotropic glutamate receptor 5
N#Cc1cc(F)cc(C#Cc2cccc(CO)n2)c1,Metabotropic glutamate receptor 5
O=C(Nc1cccc(C(F)(F)F)c1)c1cccc2oc(=O)[nH]c12,Metabotropic glutamate receptor 5
CC1CCN(c2c(S(=O)(=O)c3cccc(Cl)c3)cnc3ccc(F)cc23)CC1,Metabotropic glutamate receptor 5
Cc1cccc(C(=O)Nc2cncc(Oc3cccnc3)n2)c1,Metabotropic glutamate receptor 5
O=C(Nc1ccc(Cl)cn1)c1ccccn1,Metabotropic glutamate receptor 5
CC1CCN(c2c(S(=O)(=O)c3ccc(F)cc3)cnc3ccc(F)cc23)CC1,Metabotropic glutamate receptor 5
O=C(Nc1cncc(Oc2cncc(F)c2)n1)c1nccs1,Metabotropic glutamate receptor 5
CS(=O)(=O)N1c2ccccc2CCC1C(=O)Nc1nccs1,Metabotropic glutamate receptor 5
N#Cc1cccc(S(=O)(=O)c2sc3ncc(N)cc3c2-c2ccc(Cl)cc2)c1,Metabotropic glutamate receptor 5
Cc1cccc(-c2noc(C3CCCN3C(=O)C3CCC3)n2)c1,Metabotropic glutamate receptor 5
CCOc1ncccc1Nc1cccc(C)n1,Metabotropic glutamate receptor 5
Cc1cccc(NC(=O)c2cc(-c3ncccn3)ccn2)n1,Metabotropic glutamate receptor 5
COc1ccc2ncc(S(=O)(=O)c3cc(C)cc(C)c3)c(N3CCC(C)CC3)c2c1,Metabotropic glutamate receptor 5
N#Cc1cncc(C#Cc2cccc(C#N)n2)c1,Metabotropic glutamate receptor 5
O=C1NC(=O)c2cc(C#Cc3ccccc3)ccc21,Metabotropic glutamate receptor 5
