smiles,targetname
CCCCN1CCC(COC(=O)c2c3n(c4ccccc24)CCCCO3)CC1,Serotonin 4 (5-HT4) receptor
COc1ccc2[nH]cc(C(=O)NCCN3CCNCC3)c2c1,Serotonin 4 (5-HT4) receptor
COc1cc(N)c(Cl)cc1C(=O)OCCN1CCC(NC(=O)CCCCN2C(=O)c3cccc4c(N)ccc(c34)C2=O)CC1,Serotonin 4 (5-HT4) receptor
CCCCN1CCC(COC(=O)c2c(OC)[nH]c3ccccc23)CC1,Serotonin 4 (5-HT4) receptor
CC(C)n1c(=O)n(C(=O)NC2CC3CCCC(C2)N3C)c2ccccc21,Serotonin 4 (5-HT4) receptor
COc1cc(N)c(Cl)cc1C(=O)NC1CCN(CCCCCCCCN2C(=O)c3ccccc3C2=O)CC1,Serotonin 4 (5-HT4) receptor
COc1cc(N)c(Cl)cc1C(=O)NC1CCN(CCCCCCCCS(=O)(=O)O)CC1,Serotonin 4 (5-HT4) receptor
CC(C)c1nc(C(=O)NCC2CCN(C3CCC3)CC2)c2ccccn12,Serotonin 4 (5-HT4) receptor
N/C(Cc1c[nH]c2ccc(O)cc12)=NCCc1c[nH]c2ccc(O)cc12,Serotonin 4 (5-HT4) receptor
CCCC(=O)NCC1CCN(CCOC(=O)c2cc(Cl)c(N)cc2OC)CC1,Serotonin 4 (5-HT4) receptor
CCCCCN1CCC(COC(=O)c2ccc(N)c(OC)c2)CC1,Serotonin 4 (5-HT4) receptor
O=C(NCC1CCN(CCCS(=O)(=O)N2CCN(S(=O)(=O)N3CCCC3)CC2)CC1)c1cccc2c1OCCO2,Serotonin 4 (5-HT4) receptor
CCCCN1CCC(CNC(=O)c2cc(Br)c([N+](=O)[O-])c3[nH]cnc23)CC1,Serotonin 4 (5-HT4) receptor
COc1cc(N)c(Cl)cc1C(=O)NC1CCN(CC2CCN(CCCNS(C)(=O)=O)CC2)CC1,Serotonin 4 (5-HT4) receptor
COc1cc(N)c(Cl)cc1C(=O)OCCN1CCC(NC(=O)CCc2ccccc2)CC1,Serotonin 4 (5-HT4) receptor
CCCN1CCC(NC(=O)c2cccc3[nH]cnc23)CC1,Serotonin 4 (5-HT4) receptor
CCCCN1CCC(COc2nc3ccccc3c3c2CCCN3)CC1,Serotonin 4 (5-HT4) receptor
CC(C)n1c(=O)n(C(=O)NC2CCNCC2)c2ccccc21,Serotonin 4 (5-HT4) receptor
CCCCN1CCC(CNC(=O)c2cc(Br)c(N)c3[nH]cnc23)CC1,Serotonin 4 (5-HT4) receptor
COc1cc(N)c(Cl)cc1C(=O)OCCN1CCC(NC(=O)CCc2ccc3c(c2)oc2cc(CCC(=O)NC4CCN(CCOC(=O)c5cc(Cl)c(N)cc5OC)CC4)ccc23)CC1,Serotonin 4 (5-HT4) receptor
CCCN1CCC(COc2nc3cc(Cl)ccc3c3c2CCCCN3)CC1,Serotonin 4 (5-HT4) receptor
COc1cc(N)c(Cl)cc1C(=O)OCCN1CCC(CNC(=O)CCCN(CCCc2ccc(CCCN(CCCC(=O)NCC3CCN(CCOC(=O)c4cc(Cl)c(N)cc4OC)CC3)C(=O)C(C)(C)C)cc2)C(=O)C(C)(C)C)CC1,Serotonin 4 (5-HT4) receptor
COC(=O)CCCCCCCCCCCN1CCC(CNC(=O)c2c3n(c4ccccc24)CCCO3)CC1,Serotonin 4 (5-HT4) receptor
COc1ccc(OC)c(/C=C/C(=O)NCC2CCN(CCOC(=O)c3cc(Cl)c(N)cc3OC)CC2)c1,Serotonin 4 (5-HT4) receptor
CCCCN1CCC(NC(=O)c2cccc3[nH]cnc23)CC1,Serotonin 4 (5-HT4) receptor
CC(C)n1c(=O)n(C(=O)NCC2CCNCC2)c2ccccc21,Serotonin 4 (5-HT4) receptor
CCCN1CCC(COc2nc3ccccc3c3cnccc23)CC1,Serotonin 4 (5-HT4) receptor
C=CCN1CCC(COc2nc3sccc3n3cccc23)CC1,Serotonin 4 (5-HT4) receptor
CC(C)(C)OC(=O)CCCCCN1CCC(CNC(=O)c2c3n(c4ccccc24)CCCO3)CC1,Serotonin 4 (5-HT4) receptor
COc1cc(N)c(Cl)cc1C(=O)NC1CCN(CCCCCN2CCN(S(C)(=O)=O)CC2)CC1,Serotonin 4 (5-HT4) receptor
Cn1nc(C(=O)NCC2CCN(CCCCc3ccccc3)CC2)c2ccccc21.O=C(O)C(=O)O,Serotonin 4 (5-HT4) receptor
COc1cc(N)c(Cl)cc1C(=O)NC1CCN(CCCCCCCCN2CCCCC2)CC1,Serotonin 4 (5-HT4) receptor
CCCCN1CCC(CNC(=O)c2nn(C)c3ccc(OC)cc23)CC1.O=C(O)C(=O)O,Serotonin 4 (5-HT4) receptor
Fc1cccc2c1nc(OCC1CCN(CC(F)(F)C(F)(F)F)CC1)c1ccccc12,Serotonin 4 (5-HT4) receptor
COc1cc(N)c(Cl)cc1C(=O)OCCN1CCC(CNC(=O)c2c[nH]c3ccccc23)CC1,Serotonin 4 (5-HT4) receptor
COc1ccccc1NC(=O)OCCN1C[C@@H](C)C[C@@H](C)C1,Serotonin 4 (5-HT4) receptor
Oc1ccc2[nH]cc(/C=N/NC3=NCCS3)c2c1,Serotonin 4 (5-HT4) receptor
CCCN1CCC(COc2nc3ccc(Cl)cc3c3c2CCCCN3)CC1,Serotonin 4 (5-HT4) receptor
FC(F)(F)CN1CCC(COc2nc3ccccc3c3ccccc23)CC1,Serotonin 4 (5-HT4) receptor
[H][C@@]12CCCN1CC[C@H]2CNC(=O)N1C(=O)C(C)(C)c2ccccc21,Serotonin 4 (5-HT4) receptor
COc1cc(N)c(Cl)cc1C(=O)N[C@@H]1CCN(CC2CCN(C(=O)C(C)C)CC2)C[C@@H]1OC,Serotonin 4 (5-HT4) receptor
O=C(CCCCCN1CCC(CNC(=O)c2c3n(c4ccccc24)CCCO3)CC1)OCc1ccccc1,Serotonin 4 (5-HT4) receptor
CCCCN1CCC(COC(=O)c2cc(I)c(N)c3c2OCCO3)CC1,Serotonin 4 (5-HT4) receptor
O=C(NCC1CCN(CCCS(=O)(=O)N2CCN(Cc3cccnc3)CC2)CC1)c1cccc2c1OCCO2,Serotonin 4 (5-HT4) receptor
CCCN1CCC(COc2nc3ccc(OC)cc3c3ccccc23)CC1,Serotonin 4 (5-HT4) receptor
COc1cc(N)c(Cl)cc1C(=O)OCCN1CCCC1,Serotonin 4 (5-HT4) receptor
COc1cc(N)c(Cl)cc1C(=O)OCCN1CCC(CN2C(=O)c3cccc4c(N)ccc(c34)C2=O)CC1,Serotonin 4 (5-HT4) receptor
COc1cc(N)c(Cl)cc1C(=O)OCCN1CCC(CCCCNS(=O)(=O)c2cccc3c(N(C)C)cccc23)CC1,Serotonin 4 (5-HT4) receptor
[H][C@]12CC[C@]([H])(C[C@H](NC(=O)c3cc(Cl)c(N)cc3OC)C1)N2,Serotonin 4 (5-HT4) receptor
CCCCN1CCC(COC(=O)c2cc(I)c(NC)c3c2OCCO3)CC1,Serotonin 4 (5-HT4) receptor
Fc1cccc2c1nc(OCC1CCN(CC(F)(F)F)CC1)c1ccccc12,Serotonin 4 (5-HT4) receptor
COc1ccc2[nH]cc(C(=O)NC3CCNCC3)c2c1,Serotonin 4 (5-HT4) receptor
O=C(O)CCCN1CCC(CNC(=O)c2c[nH]c3ccccc23)CC1,Serotonin 4 (5-HT4) receptor
CCCN1CCC(COc2nc3ccccc3c3cc(C)ccc23)CC1,Serotonin 4 (5-HT4) receptor
O=C1c2cccc3nc(N4CCCCC4)cc(c23)C(=O)N1CCCN1CCCCC1,Serotonin 4 (5-HT4) receptor
C#CCN1CCC(COc2nc3ccccc3c3c2CCCN3)CC1,Serotonin 4 (5-HT4) receptor
COc1cc(N)c(Cl)cc1C(=O)OCCN1CCC(NC(=O)c2ccsc2)CC1,Serotonin 4 (5-HT4) receptor
CCOc1ccccc1NC(=O)OCCN1C[C@H](C)C[C@@H](C)C1,Serotonin 4 (5-HT4) receptor
CCCCN1CCC(CNC(=O)c2cc(Cl)c(N)c3c2OCCO3)CC1,Serotonin 4 (5-HT4) receptor
COc1cc(N)c(Cl)cc1S(=O)(=O)NCCCN1CCCCC1,Serotonin 4 (5-HT4) receptor
CCCN1CCC(COc2nc3ccccc3c3ccc([N+](=O)[O-])cc23)CC1,Serotonin 4 (5-HT4) receptor
CCCN1CCC(COc2nc3cc(OC)ccc3c3ccccc23)CC1,Serotonin 4 (5-HT4) receptor
N/C(=N/N=C/c1c[nH]c2ccc(O)cc12)NCCCc1ccccc1,Serotonin 4 (5-HT4) receptor
COc1cc(N)c(Cl)cc1C(=O)OCCN1CCC(NC(=O)c2c[nH]c3ccccc23)CC1,Serotonin 4 (5-HT4) receptor
O=C(Nc1cccc(Cl)c1)OCCN1CCCCC1,Serotonin 4 (5-HT4) receptor
COc1cc(COc2cc(N)c(Cl)cc2C(=O)CCC2CCN(CCN(C)S(C)(=O)=O)CC2)cc(OC)c1,Serotonin 4 (5-HT4) receptor
COc1cc(N)c(Cl)cc1C(=O)OCCN1CCC(CNC(=O)CCC(=O)NCC2CCN(CCOC(=O)c3cc(Cl)c(N)cc3OC)CC2)CC1,Serotonin 4 (5-HT4) receptor
COc1cc(N)c(Cl)cc1S(=O)(=O)CCCCN1CCCCC1,Serotonin 4 (5-HT4) receptor
CCCC(=O)NC1CCN(CCOC(=O)c2cc(Cl)c(N)cc2OC)CC1,Serotonin 4 (5-HT4) receptor
COc1cc(N)c(Cl)cc1C(=O)OCCN1CCN(c2cccc(C(F)(F)F)c2)CC1,Serotonin 4 (5-HT4) receptor
CC(C)CN1CCC(CNC(=O)c2cc(Cl)cc3c2ncn3Cc2ccccc2)CC1,Serotonin 4 (5-HT4) receptor
COc1ccccc1NC(=O)OCCN1CCCCC1,Serotonin 4 (5-HT4) receptor
[H][C@]12CC[C@]([H])(C[C@H](NC(=O)c3cc4ccccc4n(C(C)C)c3=O)C1)N2CCCCCO,Serotonin 4 (5-HT4) receptor
CCCCCN1CCC(COc2nc3ccccc3c3c2CCCCN3)CC1,Serotonin 4 (5-HT4) receptor
CCN1CCC(COc2nc3sccc3n3cccc23)CC1,Serotonin 4 (5-HT4) receptor
COc1cc(N)c(Cl)cc1C(=O)OCCN1CCC(C(=O)NCc2cccc(CNC(=O)C3CCN(CCOC(=O)c4cc(Cl)c(N)cc4OC)CC3)c2)CC1,Serotonin 4 (5-HT4) receptor
CCCCCN1CCC(COc2nc3scc(C)c3n3cccc23)CC1,Serotonin 4 (5-HT4) receptor
COc1cc(N)c(Cl)cc1C(=O)NCC1CCN(CCCCCn2ccc3ccccc32)CC1,Serotonin 4 (5-HT4) receptor
CCCCN1CCC(CNC(=O)c2cc(Cl)c([N+](=O)[O-])c3[nH]cnc23)CC1,Serotonin 4 (5-HT4) receptor
CCCCCN1CCC(NC(=O)c2cc(Cl)c(N)cc2OC)CC1,Serotonin 4 (5-HT4) receptor
CC(C)n1cc(C(=O)NC2CC3CCC(C2)N3C)c2ccccc21,Serotonin 4 (5-HT4) receptor
[H][C@]12CC[C@]([H])(C[C@H](NC(=O)c3nn(C(C)C)c4ccccc34)C1)N2CCCCCCN1CCN(S(C)(=O)=O)CC1,Serotonin 4 (5-HT4) receptor
Nc1cccc(NC(=O)OCCN2CCCCC2)c1,Serotonin 4 (5-HT4) receptor
O=C(O)CCN1CCC(CNC(=O)c2c3n(c4ccccc24)CCCO3)CC1,Serotonin 4 (5-HT4) receptor
CC(O)CCN1CCC(CNC(=O)c2c3n(c4ccccc24)CCCO3)CC1,Serotonin 4 (5-HT4) receptor
Ic1ccc(CCCN2CCC(COc3nc4ccccc4c4ccccc34)CC2)cc1,Serotonin 4 (5-HT4) receptor
COc1cc(N)c(Cl)cc1C(=O)NC1CCN(CC2CCN(C(=O)C(C)(C)N)CC2)CC1,Serotonin 4 (5-HT4) receptor
COc1cc(N)c(Cl)cc1C(=O)CCCCCN1CCCCC1,Serotonin 4 (5-HT4) receptor
Cc1[nH]c2ccc(O)cc2c1CC(=N)NCCCN1CCCC1=O,Serotonin 4 (5-HT4) receptor
CN(/N=C/c1c[nH]c2ccc(O)cc12)C(=N)N,Serotonin 4 (5-HT4) receptor
CCCCC/N=C(/N)N/N=C/c1c[nH]c2ccc(OCCOC)cc12,Serotonin 4 (5-HT4) receptor
COc1ccc(OC)c(/C=C/C(=O)NC2CCN(CCOC(=O)c3cc(Cl)c(N)cc3OC)CC2)c1,Serotonin 4 (5-HT4) receptor
COc1cc(N)c(Cl)cc1C(=O)NCCC12CC3CN(CC3C1)C2,Serotonin 4 (5-HT4) receptor
O=C(O)c1ccc(CN2CCC(CNC(=O)c3c4n(c5ccccc35)CCCO4)CC2)cc1,Serotonin 4 (5-HT4) receptor
Nc1ccc(NC(=O)OCCN2CCCCC2)cc1,Serotonin 4 (5-HT4) receptor
COc1cc(N)c(Cl)cc1C(=O)OCCN1CC=CCC1,Serotonin 4 (5-HT4) receptor
[H][C@]12CC[C@]([H])(C[C@H](NC(=O)c3cc4ccccc4n(C(C)C)c3=O)C1)N2CCCCCCCCN1CCCCC1,Serotonin 4 (5-HT4) receptor
COc1cc(N)c(Cl)cc1C(=O)OCCN1CCN(c2ncccn2)CC1,Serotonin 4 (5-HT4) receptor
[H][C@@]12CN(C3CCN(C(=O)OC)CC3)C[C@]1([H])[C@H]2CNC(=O)c1nc(C(C)C)n2ccccc12,Serotonin 4 (5-HT4) receptor
CCC(C)N1CCC(COc2nc3ccsc3n3cccc23)CC1,Serotonin 4 (5-HT4) receptor
COc1cc(N)c(Cl)cc1NC(=O)OCCN1CC(C)CC(C)C1,Serotonin 4 (5-HT4) receptor
COc1cc(N)c(Cl)cc1C(=O)OCCN1CCC(CNC(=O)CCCc2ccccc2)CC1,Serotonin 4 (5-HT4) receptor
CCCCN1CCC(CNC(=O)c2c3n(c4ccccc24)CCO3)CC1,Serotonin 4 (5-HT4) receptor
COc1cc(N)c(Cl)cc1C(=O)OCCN1CCC(CNC(=O)CCCCc2ccccc2)CC1,Serotonin 4 (5-HT4) receptor
COc1cc(C(=O)OCCCN2CCCCC2)c2ccccc2n1,Serotonin 4 (5-HT4) receptor
COc1cc(N)c(Cl)cc1C(=O)OCCN1CCC(CNC(=O)c2ccc(C)nc2O)CC1,Serotonin 4 (5-HT4) receptor
O=C(NCC1CCNCC1)c1c2n(c3ccccc13)CCCO2,Serotonin 4 (5-HT4) receptor
COc1cc(N)c(Cl)cc1C(=O)OCCN1CCC(NC(=O)CCNC(=O)C2CCN(CCOC(=O)c3cc(Cl)c(N)cc3OC)CC2)CC1,Serotonin 4 (5-HT4) receptor
CCCS(=O)(=O)N1CCN(S(=O)(=O)CCCN2CCC(CNC(=O)c3cccc4c3OCCO4)CC2)CC1,Serotonin 4 (5-HT4) receptor
[H][C@]12CC[C@]([H])(C[C@H](NC(=O)c3c[nH]c4ccc(OC)cc34)C1)N2,Serotonin 4 (5-HT4) receptor
O=C(Nc1ccc(Cl)cc1)OCCN1CCCCC1,Serotonin 4 (5-HT4) receptor
CCCCC/N=C(/N)N/N=C/c1[nH]nc2ccc(OC)cc12,Serotonin 4 (5-HT4) receptor
[H][C@]12CC[C@]([H])(C[C@H](NC(=O)c3nn(C(C)C)c4ccccc34)C1)N2CC(O)CN1CCC(CNS(C)(=O)=O)CC1,Serotonin 4 (5-HT4) receptor
COc1cc(N)c(Cl)cc1C(=O)OCCN1C[C@@H](C)C[C@@H](C)C1,Serotonin 4 (5-HT4) receptor
COc1cc(N)c(Cl)cc1C(=O)OCCN1CCN(c2ccc(F)cc2)CC1,Serotonin 4 (5-HT4) receptor
CCOC(=O)CCCN1CCC(CNC(=O)c2c[nH]c3ccccc23)CC1,Serotonin 4 (5-HT4) receptor
COc1cc(N)c(Cl)cc1C(=O)OCCN1CCC(NC(=O)CCC(=O)NC2CCN(CCOC(=O)c3cc(Cl)c(N)cc3OC)CC2)CC1,Serotonin 4 (5-HT4) receptor
COc1cc(N)c(Cl)cc1C(=O)OCCN1CCC(NC(=O)CC(C)C)CC1,Serotonin 4 (5-HT4) receptor
O=C(NCC1CCN(CCCS(=O)(=O)N2CCN(S(=O)(=O)c3ccc(F)cc3)CC2)CC1)c1cccc2c1OCCO2,Serotonin 4 (5-HT4) receptor
COc1cc(N)c(Cl)cc1C(=O)NCC1CCN(CCCn2ccc3ccccc32)CC1,Serotonin 4 (5-HT4) receptor
CC(C)n1nc(C(=O)NCCN2CCC(Cc3ccccc3)CC2)c2ccccc21,Serotonin 4 (5-HT4) receptor
CC(C)c1nc(C(=O)NC2C3CN(CC4CCOCC4)CC32)c2ccccn12,Serotonin 4 (5-HT4) receptor
COc1cc(N)c(Cl)cc1C(=O)OCCN1CCC(NC(=O)Cc2ccc([N+](=O)[O-])cc2)CC1,Serotonin 4 (5-HT4) receptor
CN1CCN=C1N/N=C/c1c[nH]c2ccc(O)cc12,Serotonin 4 (5-HT4) receptor
[H][C@@]12CN(CC(C)(C)CO)C[C@]1([H])[C@H]2CNC(=O)c1nc(C(C)C)n2ccccc12,Serotonin 4 (5-HT4) receptor
COc1cc(N)c(Cl)cc1NC(=O)OCCN1CCCCC1,Serotonin 4 (5-HT4) receptor
COc1cc(N)c(Cl)cc1C(=O)OCCN1CCN(c2ccncc2)CC1,Serotonin 4 (5-HT4) receptor
COc1cc(N)c(Cl)cc1C(=O)OCCN1CCN(c2cnccn2)CC1,Serotonin 4 (5-HT4) receptor
COc1cc(N)c(Cl)cc1C(=O)NC1C2CC3CC1CN3C2,Serotonin 4 (5-HT4) receptor
CCCCN1CCC(COc2nc3ccc(Cl)cc3c3c2CCCCN3)CC1,Serotonin 4 (5-HT4) receptor
Cc1noc(-c2ccccc2NC(=O)OCC2CCN(CCNS(C)(=O)=O)CC2)n1,Serotonin 4 (5-HT4) receptor
[H][C@@]12CCCN1CC[C@H]2CNC(=O)c1nc(CC)n2ccccc12,Serotonin 4 (5-HT4) receptor
COc1cc(N)c(Cl)cc1C(=O)OCCN1CCC(NC(=O)Cc2ccc(Br)cc2)CC1,Serotonin 4 (5-HT4) receptor
CCCC1CCN(S(=O)(=O)CCCN2CCC(CNC(=O)c3cccc4c3OCCO4)CC2)CC1,Serotonin 4 (5-HT4) receptor
COc1cc(N)c(Cl)cc1C(=O)OCC[N+]12CCC(CC1)CC2,Serotonin 4 (5-HT4) receptor
CS(=O)(=O)NCCN1CCC(COC(=O)c2cc(Cl)cc3[nH]cnc23)CC1,Serotonin 4 (5-HT4) receptor
COc1cc(C(=O)NCCCN2CCCCC2)c2ccccc2n1,Serotonin 4 (5-HT4) receptor
COc1cc(N)c(Cl)cc1C(=O)OCCN1CCC(CNC(=O)CCCN(CC#Cc2cccc(C#CCN(CCCC(=O)NCC3CCN(CCOC(=O)c4cc(Cl)c(N)cc4OC)CC3)C(=O)OC(C)(C)C)c2)C(=O)OC(C)(C)C)CC1,Serotonin 4 (5-HT4) receptor
COc1cc(COc2cc(N)c(Cl)cc2C(=O)CCC2CCN(CCNS(C)(=O)=O)CC2)cc(OC)c1.Cl,Serotonin 4 (5-HT4) receptor
COc1cc(N)c(Cl)cc1C(=O)OCCN1CCN(C(=O)CCCCCCCCCCNS(=O)(=O)c2cccc3c(N(C)C)cccc23)CC1,Serotonin 4 (5-HT4) receptor
COc1cc(COc2cc(N)c(Cl)cc2C(=O)CCCCN2CCC(CNS(C)(=O)=O)CC2)cc(OC)c1,Serotonin 4 (5-HT4) receptor
O=C1c2cc(N3CCCC3)nc3cccc(c23)CN1CCCN1CCCCC1,Serotonin 4 (5-HT4) receptor
CCCCC/N=C(/N)N/N=C/c1c[nH]c2ccc(OCC(=O)N(C)C)cc12,Serotonin 4 (5-HT4) receptor
COc1cc(N)c(Cl)cc1C(=O)OCCN1CCC(CNC(=O)CCCC(=O)NCC2CCN(CCOC(=O)c3cc(Cl)c(N)cc3OC)CC2)CC1,Serotonin 4 (5-HT4) receptor
COc1cc(NC(C)=O)c(Cl)cc1C(=O)NC1C2CC3CC1CN3C2,Serotonin 4 (5-HT4) receptor
COc1cc(N)c(Cl)cc1C(=O)OCCN1CCCCCC1,Serotonin 4 (5-HT4) receptor
CCCCN1CCC(COC(=O)c2ccc(N)c(OCF)c2)CC1,Serotonin 4 (5-HT4) receptor
CCCCN1CCC(CNC(=O)c2c[nH]c3ccccc23)CC1,Serotonin 4 (5-HT4) receptor
CC(C)c1nc(-c2nnc(C3CCN(C(C)C)CC3)o2)c2ccccn12,Serotonin 4 (5-HT4) receptor
CCCCN1CCC(CNC(=O)c2ccc(N)c(OC)c2)CC1,Serotonin 4 (5-HT4) receptor
CCCCN1CCC(COC(=O)c2ccc(N)c(OCCF)c2)CC1,Serotonin 4 (5-HT4) receptor
CS(=O)(=O)Nc1ccc(CN2CCC(CNC(=O)c3cccc4c3OCCO4)CC2)cc1,Serotonin 4 (5-HT4) receptor
[H][C@]12CC[C@]([H])(C[C@H](NC(=O)c3cc4ccccc4n(C(C)C)c3=O)C1)N2CCN(C)CCc1c[nH]c2ccccc12,Serotonin 4 (5-HT4) receptor
[H][C@]12CC[C@]([H])(C[C@H](NC(=O)c3nn(C(C)C)c4ccccc34)C1)N2CCCCCCN1CCC(CNS(C)(=O)=O)CC1,Serotonin 4 (5-HT4) receptor
COc1cc(N)c(Cl)cc1C(=O)NC1CCN(CCCCCCCCN(C)CCc2c[nH]c3ccccc23)CC1,Serotonin 4 (5-HT4) receptor
O=C1c2cc(Cl)nc3cccc(c23)CN1CCCN1CCCCC1,Serotonin 4 (5-HT4) receptor
CCC(C)N1CCC(COc2nc3scc(C)c3n3cccc23)CC1,Serotonin 4 (5-HT4) receptor
COc1cc(N)c(Cl)cc1C(=O)NCCN1CC(C)CC(C)C1,Serotonin 4 (5-HT4) receptor
CCCCCN(C)C(=N)N/N=C/c1c[nH]c2ccc(O)cc12,Serotonin 4 (5-HT4) receptor
COc1cc(Nc2ccc([N+](=O)[O-])c3nonc23)c(Cl)cc1C(=O)OCCN1CCCCC1,Serotonin 4 (5-HT4) receptor
COc1cc(N)c(Cl)cc1C(=O)OCCN1CCN(Cc2ccccc2)CC1,Serotonin 4 (5-HT4) receptor
CC(C)n1nc(C(=O)NCCN2CCC(NC(=O)c3ccccc3)CC2)c2ccccc21,Serotonin 4 (5-HT4) receptor
COc1cc(N)c(Cl)cc1C(=O)OCCN1CCC(C(=O)NCCOCCNC(=O)C2CCN(CCOC(=O)c3cc(Cl)c(N)cc3OC)CC2)CC1,Serotonin 4 (5-HT4) receptor
O=C1c2cccc3nc(N4CCCC4)cc(c23)C(=O)N1CCCN1CCCCC1,Serotonin 4 (5-HT4) receptor
C=CCCN1CCC(COc2nc3ccsc3n3cccc23)CC1,Serotonin 4 (5-HT4) receptor
CCCCCCN1CCC(CCC(=O)c2cc(Cl)c(N)cc2OC)CC1,Serotonin 4 (5-HT4) receptor
COc1cc(N)c(Cl)cc1C(=O)OCCN1CCC(CNS(=O)(=O)c2cccc3c(N(C)C)cccc23)CC1,Serotonin 4 (5-HT4) receptor
CCCN1CCC(COc2nc3sccc3n3cccc23)CC1,Serotonin 4 (5-HT4) receptor
[3H]C([3H])([3H])n1cc(C(=O)OCC2CCN(CCNS(C)(=O)=O)CC2)c2ccccc21,Serotonin 4 (5-HT4) receptor
COc1cc(N)c(Cl)cc1C(=O)CCC1CCN(C)CC1,Serotonin 4 (5-HT4) receptor
O=C(NCC1CCN(CCCS(=O)(=O)N2CCNCC2)CC1)c1cccc2c1OCCO2,Serotonin 4 (5-HT4) receptor
COc1cc(N)c(Cl)cc1C(=O)OCCN1CCC(CNC(=O)Cc2ccccc2Cl)CC1,Serotonin 4 (5-HT4) receptor
COc1cc(N)c(Cl)cc1C(=O)OCCN1CCC(NC(=O)CCCCCCCCCCC(=O)NC2CCN(Cc3ccccc3)CC2)CC1,Serotonin 4 (5-HT4) receptor
COc1cc(N)c(Cl)cc1C(=O)OCCN1CCC(CCNC(=O)CCC(=O)NCCC2CCN(CCOC(=O)c3cc(Cl)c(N)cc3OC)CC2)CC1,Serotonin 4 (5-HT4) receptor
CC(C)n1nc(C(=O)NCCN2CCN(C(=O)c3ccccc3)CC2)c2ccccc21,Serotonin 4 (5-HT4) receptor
COc1cc(N)c(Cl)cc1C(=O)NC1CCN(CCO)CC1,Serotonin 4 (5-HT4) receptor
CCCCC/N=C(/N)N/N=C/c1c[nH]c2ccc(N)cc12,Serotonin 4 (5-HT4) receptor
CCCCN1CCC(CNC(=S)c2cccc3[nH]cnc23)CC1,Serotonin 4 (5-HT4) receptor
CCCCC(=O)NC1CCN(CCNC(=O)c2nn(C(C)C)c3ccccc23)CC1,Serotonin 4 (5-HT4) receptor
COc1cc(N)c(Cl)cc1SCCCCN1CCCCC1,Serotonin 4 (5-HT4) receptor
[H][C@@]12CN(C3CCC3)C[C@]1([H])[C@H]2CNC(=O)c1nc(C(C)C)n2ccccc12,Serotonin 4 (5-HT4) receptor
COc1ccccc1NC(=O)CCCN1CCCCC1,Serotonin 4 (5-HT4) receptor
CC(C)c1nc(C(=O)NC2CCN(CC3(F)CCOCC3)CC2)c2ccccn12,Serotonin 4 (5-HT4) receptor
COc1cc(N)c(Cl)cc1C(=O)OCCN1CCC(CNC(=O)CSc2ccccc2)CC1,Serotonin 4 (5-HT4) receptor
COc1cc(N)c(Cl)cc1C(=O)OCCN1CCC(NS(=O)(=O)c2cccc3c(N(C)C)cccc23)CC1,Serotonin 4 (5-HT4) receptor
[H][C@]12CC[C@]([H])(C[C@H](NC(=O)c3cc4ccccc4n(C(C)C)c3=O)C1)N2CC(O)CN(C)C(N)=O,Serotonin 4 (5-HT4) receptor
CCCCN1CCC(COC(=O)c2cc(C#N)c(NC)c3c2OCCO3)CC1,Serotonin 4 (5-HT4) receptor
CCN(CC)CCCCOc1nc2ccsc2n2cccc12,Serotonin 4 (5-HT4) receptor
CCCCS(=O)(=O)Nc1ccc(CN2CCC(CNC(=O)c3cccc4c3OCCO4)CC2)cc1,Serotonin 4 (5-HT4) receptor
CC1(C)C(=O)N(C(=O)NCC2CCN(CC3(O)CCOCC3)CC2)c2cc(F)ccc21,Serotonin 4 (5-HT4) receptor
COc1cc(N)c(Cl)cc1C(=O)OCCN1CCC(CNC(=O)CCC2CCCCC2)CC1,Serotonin 4 (5-HT4) receptor
CN1CCC(COC(=O)c2cc(Cl)c(N)c3c2OCCO3)CC1,Serotonin 4 (5-HT4) receptor
[H][C@@]12CCCN1CC[C@H]2COC(=O)c1cc2ccccc2n1C,Serotonin 4 (5-HT4) receptor
[H][C@]12CC[C@]([H])(C[C@H](NC(=O)c3cc4ccccc4n(C(C)C)c3=O)C1)N2CC(O)CN(C)C(=O)NC,Serotonin 4 (5-HT4) receptor
CCCCN1CCC(COC(=O)c2c[nH]c3ccccc23)CC1,Serotonin 4 (5-HT4) receptor
COc1cc(N)c(Cl)cc1C(=O)OCCN1CCN(c2cccnn2)CC1,Serotonin 4 (5-HT4) receptor
COc1cc(N)c(Cl)cc1C(=O)NC1CCNC(C)C12CCC2C,Serotonin 4 (5-HT4) receptor
O=C(O)CCCCCCCCCCCN1CCC(CNC(=O)c2c3n(c4ccccc24)CCCO3)CC1,Serotonin 4 (5-HT4) receptor
COc1cc(N)c(Cl)cc1C(=O)OCCN1CCC(CNC(=O)CCc2ccccc2)CC1,Serotonin 4 (5-HT4) receptor
CCN1CCN(S(=O)(=O)CCCN2CCC(CNC(=O)c3cccc4c3OCCO4)CC2)CC1,Serotonin 4 (5-HT4) receptor
COc1cc(N)c(Cl)cc1C(=O)OCCN1CCN(c2ccc(Cl)nn2)CC1,Serotonin 4 (5-HT4) receptor
[H][C@]12CC[C@]([H])(C[C@H](NC(=O)c3cc4ccccc4n(C(C)C)c3=O)C1)N2CC(O)CNC(=O)NC,Serotonin 4 (5-HT4) receptor
[H][C@]12CC[C@]([H])(C[C@H](NC(=O)c3nn(C(C)C)c4ccccc34)C1)N2CCCCCCN1CCC[C@H]1COC,Serotonin 4 (5-HT4) receptor
[H][C@]12CC[C@]([H])(C[C@H](NC(=O)c3cc4ccccc4n(C(C)C)c3=O)C1)N2CCS(=O)(=O)O,Serotonin 4 (5-HT4) receptor
CCCCCN1CCC(CNC(=O)c2cc(Cl)cc3[nH]cnc23)CC1,Serotonin 4 (5-HT4) receptor
CCN1CCC(COc2nc3scc(C)c3n3cccc23)CC1,Serotonin 4 (5-HT4) receptor
CCCCC/N=C(/N)N/N=C/c1c[nH]c2ccc(OCOC)cc12,Serotonin 4 (5-HT4) receptor
Cc1csc2nc(OCC3CCN(C)CC3)c3cccn3c12,Serotonin 4 (5-HT4) receptor
COc1cc(N)c(Cl)cc1C(=O)NCC1CCN(Cc2ccc(F)cc2)CC1,Serotonin 4 (5-HT4) receptor
[H][C@]12CC[C@]([H])(C[C@H](NC(=O)c3cc4ccccc4n(C(C)C)c3=O)C1)N2CCN1CCCCC1,Serotonin 4 (5-HT4) receptor
c1cc2c(OCCN3CCOCC3)nc3ccsc3n2c1,Serotonin 4 (5-HT4) receptor
CC(C)(C)C(=O)OCOC(=O)CCCCCN1CCC(CNC(=O)c2c3n(c4ccccc24)CCCO3)CC1,Serotonin 4 (5-HT4) receptor
CCC(=O)NC1CCN(CCNC(=O)c2nn(C(C)C)c3ccccc23)CC1,Serotonin 4 (5-HT4) receptor
COc1cc(N)c(Cl)cc1NC(=O)OCCN1CCCC1,Serotonin 4 (5-HT4) receptor
CC(C)n1nc(C(=O)NCCN2CCOCC2)c2ccccc21,Serotonin 4 (5-HT4) receptor
COc1cc(N)c(Cl)cc1C(=O)OCCN1CCC(C(=O)c2ccccc2)CC1,Serotonin 4 (5-HT4) receptor
CC(C)n1nc(C(=O)NCCN2CCC(NC(=O)Nc3ccc(F)cc3)CC2)c2ccccc21,Serotonin 4 (5-HT4) receptor
COc1cc(N)c(Cl)cc1C(=O)OCCN1CCC(C(=O)NCCOCCOCCNC(=O)C2CCN(CCOC(=O)c3cc(Cl)c(N)cc3OC)CC2)CC1,Serotonin 4 (5-HT4) receptor
COc1cc(N)c(Cl)cc1C(=O)OCCN1CCN(c2ccccn2)CC1,Serotonin 4 (5-HT4) receptor
CCn1c(=O)n(C(=O)NC2CC3CCCC(C2)N3C)c2ccccc21,Serotonin 4 (5-HT4) receptor
c1ccc2c3c(c(OCC4CCNCC4)nc2c1)CCCN3,Serotonin 4 (5-HT4) receptor
CCCCN1CCC(COC(=O)c2ccc(N)cc2OC)CC1,Serotonin 4 (5-HT4) receptor
CCCCN1CCC(CNC(=O)c2cccc3[nH]cnc23)CC1,Serotonin 4 (5-HT4) receptor
COc1cc(N)c(Cl)cc1C(=O)OCCN1CCC(NC(=O)CCCNC(=O)C2CCN(CCOC(=O)c3cc(Cl)c(N)cc3OC)CC2)CC1,Serotonin 4 (5-HT4) receptor
COc1cc(N)c(Cl)cc1C(=O)NC1CCN(CCCCCCCCN2CCN(S(C)(=O)=O)CC2)CC1,Serotonin 4 (5-HT4) receptor
[H][C@]12CC[C@]([H])(C[C@H](NC(=O)c3cc4ccccc4n(C(C)C)c3=O)C1)N2CCO,Serotonin 4 (5-HT4) receptor
COc1ccc(CCOc2cc(N)c(Cl)cc2C(=O)CCCCN2CCCCC2)cc1OC,Serotonin 4 (5-HT4) receptor
O=C(Nc1ccccc1Cl)OCCN1CCCCC1,Serotonin 4 (5-HT4) receptor
O=C(NCC1CCN(Cc2ccc(NS(=O)(=O)C3CCCCC3)cc2)CC1)c1cccc2c1OCCO2,Serotonin 4 (5-HT4) receptor
COc1cc(N)c(Cl)cc1C(=O)NCC1CCN(CCCn2ccnn2)CC1,Serotonin 4 (5-HT4) receptor
NCCOc1nc2ccsc2n2cccc12,Serotonin 4 (5-HT4) receptor
Cc1csc2nc(OCC3CCN(C(C)C)CC3)c3cccn3c12,Serotonin 4 (5-HT4) receptor
COc1cc(N)c(Cl)cc1C(=O)OCCN1CCC(NC(=O)CCCC(=O)NC2CCN(CCOC(=O)c3cc(Cl)c(N)cc3O)CC2)CC1,Serotonin 4 (5-HT4) receptor
COc1cc(N)c(Cl)cc1C(=O)OCCN1CCC(NC(=O)CCCNCCCc2ccccc2)CC1,Serotonin 4 (5-HT4) receptor
CC(C)n1nc(C(=O)NCCN2CCC(NC(=O)Nc3ccccc3)CC2)c2ccccc21,Serotonin 4 (5-HT4) receptor
CCCCN1CCC(CNC(=O)c2cc(Cl)c(N)c3[nH]cnc23)CC1,Serotonin 4 (5-HT4) receptor
COc1cc(N)c(Cl)cc1C(=O)NC1CCN(CCN(C)CCc2c[nH]c3ccccc23)CC1,Serotonin 4 (5-HT4) receptor
Cl.O=C(NCC1CCN(CCc2ccccc2)CC1)c1n[nH]c2ccccc12,Serotonin 4 (5-HT4) receptor
COc1cc(N)c(Cl)cc1C(=O)OCCN1CCC(CNC(=O)C(C)C)CC1,Serotonin 4 (5-HT4) receptor
COc1cc(NCCCCCCNS(=O)(=O)c2cccc3c(N(C)C)cccc23)c(Cl)cc1C(=O)OCCN1CCCCC1,Serotonin 4 (5-HT4) receptor
COc1cc(N)c(Cl)cc1C(=O)OCCN1CCC(NC(=O)CC2CCCCC2)CC1,Serotonin 4 (5-HT4) receptor
CC(C)n1c(=O)c(C(=O)NCCCN2CCCCC2)c([O-])c2ccsc21.[K+],Serotonin 4 (5-HT4) receptor
CCCN1CCCC(COc2nc3ccsc3n3cccc23)C1,Serotonin 4 (5-HT4) receptor
COc1cc(N)c(Cl)cc1C(=O)OCCCN1CCCCC1.Cl,Serotonin 4 (5-HT4) receptor
COc1ccc(NC(=O)OCCN2CCCCC2)cc1,Serotonin 4 (5-HT4) receptor
COc1cc(N)c(Cl)cc1C(=O)OCCN1CC2CCC(CC2)C1,Serotonin 4 (5-HT4) receptor
[H][C@]12CC[C@]([H])(C[C@H](NC(=O)c3cc4ccccc4n(C(C)C)c3=O)C1)N2CCCCC,Serotonin 4 (5-HT4) receptor
COc1cc(N)c(Cl)cc1C(=O)OCCN1CCC(CNC(=O)CC(C)C)CC1,Serotonin 4 (5-HT4) receptor
CCCCN1CCC(COc2nc3scc(C)c3n3cccc23)CC1,Serotonin 4 (5-HT4) receptor
COc1cc(COc2cc(N)c(Cl)cc2C(=O)CCCCN2CCC(NC(N)=O)CC2)cc(OC)c1,Serotonin 4 (5-HT4) receptor
CNC(=O)CCN1CCC(CNC(=O)c2nn(C(C)C)c3ccccc23)CC1.Cl,Serotonin 4 (5-HT4) receptor
COc1cc(COc2cc(N)c(Cl)cc2C(=O)CCCCN2CCC(OC)CC2)cc(OC)c1,Serotonin 4 (5-HT4) receptor
CCCN1CCC(COc2nc3cc(F)ccc3c3ccccc23)CC1,Serotonin 4 (5-HT4) receptor
COc1cc(N)c(Cl)cc1C(=O)NC1CCN(CCCCCN2CCCCC2)CC1,Serotonin 4 (5-HT4) receptor
COc1cc(N)c(Cl)cc1C(=O)OCCN1CCC(NC(=O)CCCN(CCCc2ccc(CCCN(CCCC(=O)NC3CCN(CCOC(=O)c4cc(Cl)c(N)cc4OC)CC3)C(=O)OC(C)(C)C)cc2)C(=O)OC(C)(C)C)CC1,Serotonin 4 (5-HT4) receptor
CC(C)n1nc(C(=O)NCC2CCNCC2)c2ccccc21,Serotonin 4 (5-HT4) receptor
COc1cc(N)c(Cl)cc1C(=O)OCCN1C2CCCC1CC2,Serotonin 4 (5-HT4) receptor
[H][C@@]12CCCN1CC[C@H]2COC(=O)c1c[nH]c2ccc(OC)cc12,Serotonin 4 (5-HT4) receptor
COc1cc(COc2cc(N)c(Cl)cc2C(=O)CCCCN2CCC(CCNS(C)(=O)=O)CC2)cc(OC)c1,Serotonin 4 (5-HT4) receptor
CC(C)c1nc(-c2nnc(C3CCN(CC4CC4)CC3)o2)c2ccccn12,Serotonin 4 (5-HT4) receptor
COc1cc(N)c(Cl)cc1C(=O)NC1CCN(CC2CCN(C(=O)CN)CC2)CC1,Serotonin 4 (5-HT4) receptor
[H][C@]12CC[C@]([H])(C[C@H](NC(=O)c3cc4ccccc4n(C(C)C)c3=O)C1)N2CCCCCCCCN1C(=O)c2ccccc2C1=O,Serotonin 4 (5-HT4) receptor
CC(C)n1c(=O)n(C(=O)NC2CCN(CCCOc3ccc(F)cc3)CC2)c2ccccc21,Serotonin 4 (5-HT4) receptor
CCCCC/N=C(/N)N/N=C/c1c[nH]c2ccc(OCCC(C)C)cc12,Serotonin 4 (5-HT4) receptor
COc1cc(N)c(Cl)cc1C(=O)OCCN1CCC(C(=O)NCCCOCCOCCOCNC(=O)C2CCN(CCOC(=O)c3cc(Cl)c(N)cc3OC)CC2)CC1,Serotonin 4 (5-HT4) receptor
COc1cc2c3c(cccc3n1)C(=O)N(CCCN1CCCCC1)C2=O,Serotonin 4 (5-HT4) receptor
CCN(CC)CCOC(=O)Nc1cc(Cl)c(N)cc1OC,Serotonin 4 (5-HT4) receptor
COc1cc(N)c(Cl)cc1C(=O)NCCN1CCNCC1,Serotonin 4 (5-HT4) receptor
CC(C)c1nc(-c2nnc(C3CCN(C4CCC4)CC3)o2)c2ccccn12,Serotonin 4 (5-HT4) receptor
CCCC1CCN(CCCCC(=O)c2cc(Cl)c(N)cc2OCc2cc(OC)cc(OC)c2)CC1,Serotonin 4 (5-HT4) receptor
[H][C@@]12CCCN1CC[C@H]2CNC(=O)c1cn(C)c2ccccc12,Serotonin 4 (5-HT4) receptor
CCOC(=O)N1CCN(CCOC(=O)c2cc(Cl)c(N)cc2OC)CC1,Serotonin 4 (5-HT4) receptor
COc1cc(COc2cc(N)c(Cl)cc2C(=O)CCCCN2CCC(NS(C)(=O)=O)CC2)cc(OC)c1,Serotonin 4 (5-HT4) receptor
CCCCN1CCC(COC(=O)c2cc(Cl)cc3[nH]cnc23)CC1,Serotonin 4 (5-HT4) receptor
COc1cc(COc2cc(N)c(Cl)cc2C(=O)CCCCN2CCC(C(N)=O)CC2)cc(OC)c1,Serotonin 4 (5-HT4) receptor
O=C(NCC1CCN(CCCS(=O)(=O)N2CCCCC2)CC1)c1cccc2c1OCCO2,Serotonin 4 (5-HT4) receptor
CCC(C)N1CCN(S(=O)(=O)CCCN2CCC(CNC(=O)c3cccc4c3OCCO4)CC2)CC1,Serotonin 4 (5-HT4) receptor
COc1cc(N)c(Cl)cc1C(=O)OCCN1CCN(C(=O)CCCCCC(=O)N2CCN(CCOC(=O)c3cc(Cl)c(N)cc3OC)CC2)CC1,Serotonin 4 (5-HT4) receptor
CCCN1CCN(S(=O)(=O)CCCN2CCC(CNC(=O)c3cccc4c3OCCO4)CC2)CC1,Serotonin 4 (5-HT4) receptor
COc1ccccc1NC(=O)OCCCN1CCCCC1,Serotonin 4 (5-HT4) receptor
CCCCC/N=C(/N)N/N=C/c1c[nH]c2ccc(OC(=O)N(C)C)cc12,Serotonin 4 (5-HT4) receptor
[H][C@]12CC[C@]([H])(C[C@H](NC(=O)c3cc4ccccc4n(C(C)C)c3=O)C1)N2CCCCCN(C)CCc1c[nH]c2ccccc12,Serotonin 4 (5-HT4) receptor
Cn1cc2c(OCC3CCNCC3)nc3ccccc3c2c1,Serotonin 4 (5-HT4) receptor
COc1cc(N)c(Cl)cc1C(=O)NC1CCN(CCCCCS(=O)(=O)O)CC1,Serotonin 4 (5-HT4) receptor
C=CCN1CCC(COc2nc3scc(C)c3n3cccc23)CC1,Serotonin 4 (5-HT4) receptor
O=C(CCCCN1CCC(CNC(=O)c2c3n(c4ccccc24)CCCO3)CC1)OCc1ccccc1,Serotonin 4 (5-HT4) receptor
COc1cc(N)c(Cl)cc1C(=O)OCCN1CCC(C)CC1,Serotonin 4 (5-HT4) receptor
CCCN1CCC(COc2nc3ccccc3c3cccc(F)c23)CC1,Serotonin 4 (5-HT4) receptor
CC(C)C(=O)NC1CCN(CCNC(=O)c2nn(C(C)C)c3ccccc23)CC1,Serotonin 4 (5-HT4) receptor
COc1cc(N)c(Cl)cc1C(=O)OCCN1CCC(CCCNS(=O)(=O)c2cccc3c(N(C)C)cccc23)CC1,Serotonin 4 (5-HT4) receptor
CCOP(=O)(CCN1CCC(CNC(=O)c2c3n(c4ccccc24)CCCO3)CC1)OCC,Serotonin 4 (5-HT4) receptor
COc1cc(N)c(Cl)cc1C(=O)OCCN1CCC(CCNC(=O)CCCC(=O)NCCC2CCN(CCOC(=O)c3cc(Cl)c(N)cc3OC)CC2)CC1,Serotonin 4 (5-HT4) receptor
COc1ccc(OC)c(CC(=O)NC2CCN(CCOC(=O)c3cc(Cl)c(N)cc3OC)CC2)c1,Serotonin 4 (5-HT4) receptor
CC(C)c1nc(C(=O)NCC2(O)CCN(CC3CCOCC3)CC2)c2ccccn12,Serotonin 4 (5-HT4) receptor
[H][C@@]12CCCN1CC[C@H]2COC(=O)c1cc(Cl)cn2ccnc12,Serotonin 4 (5-HT4) receptor
O=C(O)CCCN1CCC(CNC(=O)c2c3n(c4ccccc24)CCCO3)CC1,Serotonin 4 (5-HT4) receptor
COc1cc(N)c(Cl)cc1C(=O)NC1CCN(CC2CCN(C(=O)C(N)C(C)C)CC2)CC1,Serotonin 4 (5-HT4) receptor
[H][C@@]12CCCN1CC[C@H]2CNC(=O)c1cccn2ccnc12,Serotonin 4 (5-HT4) receptor
COc1ccc(NC(=O)OCC2CCN(CCNS(C)(=O)=O)CC2)c(-c2nc(C)no2)c1,Serotonin 4 (5-HT4) receptor
COc1cc(N)c(Cl)cc1NC(=O)CCCN1CCCCC1,Serotonin 4 (5-HT4) receptor
CCCN1CCC(COc2nc3ccc(F)cc3c3ccccc23)CC1,Serotonin 4 (5-HT4) receptor
CCC(C)n1cc(C(=O)NC2CC3CCC(C2)N3C)c2ccccc21,Serotonin 4 (5-HT4) receptor
COc1cc(N)c(Cl)cc1C(=O)NC1CCN(CC2CCN(C(=O)CCCCN)CC2)CC1,Serotonin 4 (5-HT4) receptor
COc1cc(N)c(Cl)cc1C(=O)NCC1CCN(CCCn2nccn2)CC1,Serotonin 4 (5-HT4) receptor
O=C(NCC1CCN(CCCS(=O)(=O)N2CCC3(CCCC3)CC2)CC1)c1cccc2c1OCCO2,Serotonin 4 (5-HT4) receptor
CCCCC/N=C(/N)N/N=C/c1c[nH]c2ccc(OC(=O)c3ccccc3)cc12,Serotonin 4 (5-HT4) receptor
CN1C2CCC1CC(NC(=O)c1cn(C)c3ccccc13)C2,Serotonin 4 (5-HT4) receptor
COc1cc(N)c(Cl)cc1C(=O)OCCN1CCC(NC(=O)c2ccc(C)nc2O)CC1,Serotonin 4 (5-HT4) receptor
CCC(C)n1c(=O)n(C(=O)NC2CC3CCC(C2)N3C)c2ccccc21,Serotonin 4 (5-HT4) receptor
O=C(NCC1CCN(CCCS(=O)(=O)N2CCN(C3CCCC3)CC2)CC1)c1cccc2c1OCCO2,Serotonin 4 (5-HT4) receptor
COc1cc(N)c(Cl)cc1C(=O)OCCN1CCC(NC(=O)CCCCCCCCCCN(CCCCCCCCCCC(=O)NC2CCN(CCOC(=O)c3cc(Cl)c(N)cc3OC)CC2)CC(=O)NCC2CCNCC2)CC1,Serotonin 4 (5-HT4) receptor
[H][C@@]12CN(CC(C)(C)COC)C[C@]1([H])[C@H]2CNC(=O)c1nc(C(C)C)n2ccccc12,Serotonin 4 (5-HT4) receptor
[H][C@@]12CN(CC3CCC3)C[C@]1([H])[C@H]2CNC(=O)c1nc(C(C)C)n2ccccc12,Serotonin 4 (5-HT4) receptor
CS(=O)(=O)NCCN1CCC(CNC(=O)c2cccc3[nH]cnc23)CC1,Serotonin 4 (5-HT4) receptor
COc1cc(N)c(Cl)cc1C(=O)OCCN1CCC(C(=O)NCCNC(=O)C2CCN(CCOC(=O)c3cc(Cl)c(N)cc3OC)CC2)CC1,Serotonin 4 (5-HT4) receptor
CC(C)n1c(=O)n(C(=O)NC2CC3CCC(C2)N3CCCOc2ccc(F)cc2)c2ccccc21,Serotonin 4 (5-HT4) receptor
c1cc2c(OCCCN3CCCC3)nc3ccsc3n2c1,Serotonin 4 (5-HT4) receptor
CCCCN1CCC(COC(=O)c2cccc3c2OCO3)CC1,Serotonin 4 (5-HT4) receptor
CCCCN1CCC(COC(=O)c2cccc3c2OCCCO3)CC1,Serotonin 4 (5-HT4) receptor
Cc1csc2nc(OCC3CCN(C/C=C/I)CC3)c3cccn3c12,Serotonin 4 (5-HT4) receptor
CCCCN1CCC(CNC(=O)c2cccc3c2OCCO3)CC1,Serotonin 4 (5-HT4) receptor
COc1cc(N)c(Cl)cc1C(=O)NC1CCN(CC2CCN(C(=O)C(C)N)CC2)CC1,Serotonin 4 (5-HT4) receptor
N/C(=N/N=C/c1c[nH]c2ccc(O)cc12)NCCCO,Serotonin 4 (5-HT4) receptor
C=CCN1CCC(COc2nc3ccccc3c3c2CCCN3)CC1,Serotonin 4 (5-HT4) receptor
O=C(O)CN1CCC(CNC(=O)c2c3n(c4ccccc24)CCCO3)CC1,Serotonin 4 (5-HT4) receptor
CCCOc1cc(N)c(Cl)cc1C(=O)CCCCN1CCCCC1,Serotonin 4 (5-HT4) receptor
Nc1ccccc1NC(=O)OCCN1CCCCC1,Serotonin 4 (5-HT4) receptor
COc1cc(N)c(Cl)cc1C(=O)NCC1CCN(Cc2cccn2C)CC1,Serotonin 4 (5-HT4) receptor
COc1cc(N)c(Cl)cc1C(=O)OCCN1CCC(CNC(=O)c2ccsc2)CC1,Serotonin 4 (5-HT4) receptor
[H][C@]12CC[C@]([H])(C[C@H](NC(=O)c3cc4ccccc4n(C(C)C)c3=O)C1)N2,Serotonin 4 (5-HT4) receptor
CC(C)c1nc(-c2nnc(C3CCN(CC4CCC4)CC3)o2)c2ccccn12,Serotonin 4 (5-HT4) receptor
CC(C)n1nc(C(=O)NC2CCNCC2)c2ccccc21,Serotonin 4 (5-HT4) receptor
CCCC(=O)NC1CCN(CCNC(=O)c2nn(C(C)C)c3ccccc23)CC1,Serotonin 4 (5-HT4) receptor
COc1cc(N)c(Cl)cc1C(=O)OCCN1CCC(NC(=O)CCCCCNC(=O)C2CCN(CCOC(=O)c3cc(Cl)c(N)cc3OC)CC2)CC1,Serotonin 4 (5-HT4) receptor
O=C(Nc1ccccc1)OCCN1CCCCC1,Serotonin 4 (5-HT4) receptor
c1cc2c(OCCC3CCCCN3)nc3ccsc3n2c1,Serotonin 4 (5-HT4) receptor
c1cc2c(OCCCN3CCCCC3)nc3ccsc3n2c1,Serotonin 4 (5-HT4) receptor
CC(C)(C)OC(=O)CN1CCC(CNC(=O)c2c3n(c4ccccc24)CCCO3)CC1,Serotonin 4 (5-HT4) receptor
[H][C@]12CC[C@]([H])(C[C@H](NC(=O)c3cc4ccccc4n(C(C)C)c3=O)C1)N2CCCCCS(=O)(=O)O,Serotonin 4 (5-HT4) receptor
COc1cc(N)c(Cl)cc1C(=O)OCCN1CCN(C)CC1,Serotonin 4 (5-HT4) receptor
COc1cc(N)c(Cl)cc1C(=O)OCCN1CCC(CNC(=O)CC2CCCCC2)CC1,Serotonin 4 (5-HT4) receptor
CC(C)c1nc(C(=O)NCC2CN(C3CCOCC3)CCO2)c2ccccn12,Serotonin 4 (5-HT4) receptor
COc1cc(N)c(Cl)cc1C(=O)OCCN1CCC(CNC(=O)CC(C)(C)C)CC1,Serotonin 4 (5-HT4) receptor
COc1cc(N)c(Cl)cc1C(=O)NCCN1CCCCC1,Serotonin 4 (5-HT4) receptor
CCCCN1CCN(CCOc2nc3ccsc3n3cccc23)CC1,Serotonin 4 (5-HT4) receptor
CS(=O)(=O)NCCN1CCC(CCC(=O)c2cc(Cl)c(N)cc2OCc2ccccc2)CC1,Serotonin 4 (5-HT4) receptor
COc1cc(N)c(Cl)cc1C(=O)NC1CCN(CCCCCO)CC1,Serotonin 4 (5-HT4) receptor
CCCCC/N=C(/N)N/N=C/c1[nH]nc2ccc(O)cc12,Serotonin 4 (5-HT4) receptor
CCCCN1CCC(CNC(=O)c2c(OC)[nH]c3ccccc23)CC1,Serotonin 4 (5-HT4) receptor
COc1cc(N)c(Cl)cc1C(=O)OCCN1CCC(CNC(=O)CCCCCCCCCCC(=O)NCC2CCN(CCOC(=O)c3cc(Cl)c(N)cc3OC)CC2)CC1,Serotonin 4 (5-HT4) receptor
[H][C@]12CC[C@]([H])(C[C@H](NC(=O)c3nn(C(C)C)c4ccccc34)C1)N2,Serotonin 4 (5-HT4) receptor
COc1cc(N)c(Cl)cc1C(=O)NCC1CCN(Cc2ncc[nH]2)CC1,Serotonin 4 (5-HT4) receptor
COc1cc(N)c(Cl)cc1C(=O)NC1CCN(CC2CCN(CC(C)CN)CC2)CC1,Serotonin 4 (5-HT4) receptor
CCN(CC)Cc1coc(-c2cc(Cl)c(N)cc2OC)n1,Serotonin 4 (5-HT4) receptor
COc1cc(N)c(Cl)cc1C(=O)NC1CCN(CC2CCN(CCCCN)CC2)CC1,Serotonin 4 (5-HT4) receptor
COc1cc(N)c(Cl)cc1C(=O)OCCN1CCC(NC(C)=O)CC1,Serotonin 4 (5-HT4) receptor
COc1cc(N)c(Cl)cc1C(=O)OCCCN1CCN(c2ccccc2)CC1,Serotonin 4 (5-HT4) receptor
CCCCCN1CCC(COc2nc3ccsc3n3cccc23)CC1,Serotonin 4 (5-HT4) receptor
COc1cc(N)c(Cl)cc1C(=O)NC1CCN2CCSC1C2,Serotonin 4 (5-HT4) receptor
CN1C2CCC1CC(NC(=O)c1c[nH]c3ccccc13)C2,Serotonin 4 (5-HT4) receptor
COc1cc(N)c(Cl)cc1C(=O)NC1CCN(CCN2C(=O)c3ccccc3C2=O)CC1,Serotonin 4 (5-HT4) receptor
COc1ccc(OC)c(CC(=O)NCC2CCN(CCOC(=O)c3cc(Cl)c(N)cc3OC)CC2)c1,Serotonin 4 (5-HT4) receptor
CC(C)n1c(=O)c(C(=O)NCC2CCNCC2)cc2ccccc21,Serotonin 4 (5-HT4) receptor
COc1cc(N)c(Cl)cc1C(=O)OCCN1CCC(NC(=O)CCCCCC(=O)NC2CCN(CCOC(=O)c3cc(Cl)c(N)cc3O)CC2)CC1,Serotonin 4 (5-HT4) receptor
C=CCN1CCC(CCC(=O)c2cc(Cl)c(N)cc2OC)CC1,Serotonin 4 (5-HT4) receptor
CN(CCOc1nc2ccsc2n2cccc12)Cc1ccccc1,Serotonin 4 (5-HT4) receptor
CCN1CCC(COc2nc3ccccc3c3c2CCCCN3)CC1,Serotonin 4 (5-HT4) receptor
O=C(O)CCCCN1CCC(CNC(=O)c2c3n(c4ccccc24)CCCO3)CC1,Serotonin 4 (5-HT4) receptor
Fc1cccc2c1nc(OCC1CCN(CCCC(F)(F)F)CC1)c1ccccc12,Serotonin 4 (5-HT4) receptor
[H][C@@]12CN(C3CCOCC3)C[C@]1([H])[C@H]2CNC(=O)c1nc(C(C)C)n2ccccc12,Serotonin 4 (5-HT4) receptor
COc1cc(N)c(Cl)cc1C(=O)OCCN1CCC(NC(=O)CCCCCCCCCCC(=O)NC2CCN(CCOC(=O)c3cc(Cl)c(N)cc3O)CC2)CC1,Serotonin 4 (5-HT4) receptor
[H][C@]12CC[C@]([H])(C[C@H](NC(=O)c3cc4ccccc4n(C(C)C)c3=O)C1)N2CCCCCN1C(=O)c2ccccc2C1=O,Serotonin 4 (5-HT4) receptor
COc1cc(N)c(Cl)cc1C(=O)OCCN1CCCCC1C,Serotonin 4 (5-HT4) receptor
c1cc2c(OCCN3CCNCC3)nc3ccsc3n2c1,Serotonin 4 (5-HT4) receptor
CCCCN1CCC(CNC(=O)c2c3n(c4ccccc24)CCCCO3)CC1,Serotonin 4 (5-HT4) receptor
c1cc2c(OCC3CCCCN3)nc3ccsc3n2c1,Serotonin 4 (5-HT4) receptor
COc1cc(N)c(Cl)cc1NC(=O)OCCN1CCCCCC1,Serotonin 4 (5-HT4) receptor
CCCCN1CCC(COC(=O)c2cc(C#N)c(N)c3c2OCCO3)CC1,Serotonin 4 (5-HT4) receptor
COc1cc(N)c(Cl)cc1C(=O)CCC1CCNCC1,Serotonin 4 (5-HT4) receptor
COc1cc(N)c(Cl)cc1C(=O)NC1CCN(CCCCCCCCO)CC1,Serotonin 4 (5-HT4) receptor
CC(C)n1nc(C(=O)NCCN2CCN(Cc3ccccc3)CC2)c2ccccc21,Serotonin 4 (5-HT4) receptor
Cl.Cn1nc(C(=O)NCC2CCN(CCc3ccc(Cl)cc3)CC2)c2ccccc21,Serotonin 4 (5-HT4) receptor
N/C(=N/C(=O)NC1CCCCC1)N/N=C/c1c[nH]c2ccc(O)cc12,Serotonin 4 (5-HT4) receptor
COc1cc(N)c(Cl)cc1C(=O)OCCN1CCC(NC(=O)c2cccs2)CC1,Serotonin 4 (5-HT4) receptor
Nc1c(Cl)cc(C(=O)OCC2CCN(CCCF)CC2)c2c1OCCO2,Serotonin 4 (5-HT4) receptor
COc1cc(N)c(Cl)cc1C(=O)OCCN1CCN(c2ccccc2-c2cnccn2)CC1,Serotonin 4 (5-HT4) receptor
COc1cc(N)c(Cl)cc1C(=O)OCCN1CCC(CNC(=O)CCCN(CCCc2cccc(CCCN(CCCC(=O)NCC3CCN(CCOC(=O)c4cc(Cl)c(N)cc4OC)CC3)C(=O)OC(C)(C)C)c2)C(=O)OC(C)(C)C)CC1,Serotonin 4 (5-HT4) receptor
COc1cc(N)c(Cl)cc1C(=O)NC[C@@H]1CCN2CCC[C@@]12C,Serotonin 4 (5-HT4) receptor
COc1cc(N)c(Cl)cc1C(=O)OCCN1CCC(CCNC(=O)CCCCCC(=O)NCCC2CCN(CCOC(=O)c3cc(Cl)c(N)cc3OC)CC2)CC1,Serotonin 4 (5-HT4) receptor
CN1CCC(COc2nc3ccsc3n3cccc23)CC1,Serotonin 4 (5-HT4) receptor
CCCCCN1CCC(COc2nc3ccccc3c3c2CCCN3)CC1,Serotonin 4 (5-HT4) receptor
COc1cc(NC(C)=O)c(Cl)cc1C(=O)NCC1C2CC3CC1CN3C2,Serotonin 4 (5-HT4) receptor
CCCN1CCC(COc2nc3ccccc3c3ccc(F)cc23)CC1,Serotonin 4 (5-HT4) receptor
CCCCN1CCC(CCC(=O)c2cc(Cl)c(N)cc2OCc2cc(OC)cc(OC)c2)CC1,Serotonin 4 (5-HT4) receptor
COc1cc(N)c(Cl)cc1C(=O)NCC1CCN(CCCn2ccnc2C)CC1,Serotonin 4 (5-HT4) receptor
CS(=O)(=O)N1CCN(S(=O)(=O)CCCN2CCC(CNC(=O)c3cccc4c3OCCO4)CC2)CC1,Serotonin 4 (5-HT4) receptor
COc1ccc(Cl)cc1NC(=O)OCCN1CCCCC1,Serotonin 4 (5-HT4) receptor
CCCCN1CCC(CNC(=O)c2cc(Br)cc3[nH]cnc23)CC1,Serotonin 4 (5-HT4) receptor
N/C(=N/N=C/c1c[nH]c2ccc(O)cc12)NCCc1ccccc1Cl,Serotonin 4 (5-HT4) receptor
COc1cc(N)c(Cl)cc1C(=O)OCCN1CCC(NC(=O)CCCNCCCc2ccc(CCCNCCCC(=O)NC3CCN(CCOC(=O)c4cc(Cl)c(N)cc4OC)CC3)cc2)CC1,Serotonin 4 (5-HT4) receptor
COc1cc(N)c(Cl)cc1C(=O)OCCN1CCN(C(=O)CCCCCCCNS(=O)(=O)c2cccc3c(N(C)C)cccc23)CC1,Serotonin 4 (5-HT4) receptor
COc1cc(N)c(Cl)cc1C(=O)OCCN1CCN(C(=O)OC(C)(C)C)CC1,Serotonin 4 (5-HT4) receptor
COc1cc(N)c(Cl)cc1C(=O)NC1CC(C)NCC12CCC2,Serotonin 4 (5-HT4) receptor
COc1cc(N)c(Cl)cc1C(=O)OCCN1CCC(NC(=O)CCCc2ccccc2)CC1,Serotonin 4 (5-HT4) receptor
CCCN1CCC(COC(=O)c2ccc(N)c(OC)c2)CC1,Serotonin 4 (5-HT4) receptor
COc1ccc(COc2cc(N)c(Cl)cc2C(=O)CCCCN2CCCCC2)cc1OC,Serotonin 4 (5-HT4) receptor
COc1cc(N)c(Cl)cc1C(=O)OCCN1CCC(CCNS(=O)(=O)c2cccc3c(N(C)C)cccc23)CC1,Serotonin 4 (5-HT4) receptor
CCCCC/N=C(/N)N/N=C/c1c[nH]c2ccc(OCc3ccccc3)cc12,Serotonin 4 (5-HT4) receptor
COCCCN1CC2C(C1)C2NC(=O)c1nc(C(C)C)n2ccccc12,Serotonin 4 (5-HT4) receptor
Cl.Cn1nc(C(=O)NCC2CCN(CCC3CCCCC3)CC2)c2ccccc21,Serotonin 4 (5-HT4) receptor
COc1cc(N)c(Cl)cc1C(=O)OCCN1CCN(c2cnc(Cl)nc2)CC1,Serotonin 4 (5-HT4) receptor
CCN(CC)CCNC(=O)c1nn(C(C)C)c2ccccc12,Serotonin 4 (5-HT4) receptor
FC(F)(F)C(F)(F)CN1CCC(COc2nc3ccccc3c3ccccc23)CC1,Serotonin 4 (5-HT4) receptor
c1cc2c(OC3CN4CCC3CC4)nc3ccsc3n2c1,Serotonin 4 (5-HT4) receptor
CCCn1c(=O)n(C(=O)NC2CC3CCC(C2)N3C)c2ccccc21,Serotonin 4 (5-HT4) receptor
CCN1CCC(NC(=O)c2cc(Cl)c(N)cc2OC)CC1,Serotonin 4 (5-HT4) receptor
COc1cc(N)c(Cl)cc1C(=O)OCCN1CCC(NC(=O)c2ccc([N+](=O)[O-])o2)CC1,Serotonin 4 (5-HT4) receptor
CC(C)n1c(=O)n(C(=O)NCC2CCN(CC3(O)CCOCC3)CC2)c2cc(F)ccc21,Serotonin 4 (5-HT4) receptor
COc1ccc(CCCN2CCC(CCC(=O)c3cc(Cl)c(N)c4c3OCCO4)CC2)cc1,Serotonin 4 (5-HT4) receptor
CCCN1CCC(COc2nc3ccccc3c3ccc(OC)cc23)CC1,Serotonin 4 (5-HT4) receptor
CC(C)n1nc(C(=O)NCCN2CCC(NS(C)(=O)=O)CC2)c2ccccc21,Serotonin 4 (5-HT4) receptor
CC(C)N1CCC(COc2nc3ccsc3n3cccc23)CC1,Serotonin 4 (5-HT4) receptor
c1cc2c(OCCN3CCCC3)nc3ccsc3n2c1,Serotonin 4 (5-HT4) receptor
O=C(CCCN1CCC(CNC(=O)c2c3n(c4ccccc24)CCCO3)CC1)OCc1ccccc1,Serotonin 4 (5-HT4) receptor
CS(=O)(=O)NCCN1CCC(COC(=O)c2cccc3[nH]cnc23)CC1,Serotonin 4 (5-HT4) receptor
CCCN1CCC(COc2nc3ccccc3c3ccccc23)CC1,Serotonin 4 (5-HT4) receptor
CCCCN1CCC(COC(=O)c2ccc(N)c3c2OCCO3)CC1,Serotonin 4 (5-HT4) receptor
CCCN1CCC(COc2nc3ccc(Cl)cc3c3ccccc23)CC1,Serotonin 4 (5-HT4) receptor
Nc1c(Cl)cc(C(=O)OCC2CCN(CCF)CC2)c2c1OCCO2,Serotonin 4 (5-HT4) receptor
CCCCC/N=C(/N)N/N=C/c1c[nH]c2ccc(OCC)cc12,Serotonin 4 (5-HT4) receptor
O=C1c2cccc3nc(Cl)cc(c23)C(=O)N1CCCN1CCCCC1,Serotonin 4 (5-HT4) receptor
CCCN1CCC(CCC(=O)c2cc(Cl)c(N)cc2OC)CC1,Serotonin 4 (5-HT4) receptor
COc1cc(N)c(Cl)cc1C(=O)NCCCN1CCCCC1,Serotonin 4 (5-HT4) receptor
Cl.Oc1ccc2[nH]cc(/C=N/Nc3ccccn3)c2c1,Serotonin 4 (5-HT4) receptor
CS(=O)(=O)NCCN1CCC(CCC(=O)c2cc(Cl)c(N)c3c2OCCO3)CC1,Serotonin 4 (5-HT4) receptor
COc1cc(N)c(Cl)cc1C(=O)OCCN1CCC(NC(=O)CCCN(CC#Cc2ccc(C#CCN(CCCC(=O)NC3CCN(CCOC(=O)c4cc(Cl)c(N)cc4OC)CC3)C(=O)OC(C)(C)C)cc2)C(=O)OC(C)(C)C)CC1,Serotonin 4 (5-HT4) receptor
COc1cc(N)c(Cl)cc1C(=O)OCCN1CCC(NC(=O)CSc2ccccc2)CC1,Serotonin 4 (5-HT4) receptor
COc1cc(N)c(Cl)cc1C(=O)OCCN1CCC(NC(=O)CCCCCCCCCCNc2nc(NCCCCCCCCCCC(=O)NC3CCN(CCOC(=O)c4cc(Cl)c(N)cc4OC)CC3)nc(NCc3ccccc3)n2)CC1,Serotonin 4 (5-HT4) receptor
COc1cc(N)c(Cl)cc1C(=O)OCCN1CCC(NC(=O)CCCN(CC#Cc2cccc(C#CCN(CCCC(=O)NC3CCN(CCOC(=O)c4cc(Cl)c(N)cc4OC)CC3)C(=O)OC(C)(C)C)c2)C(=O)OC(C)(C)C)CC1,Serotonin 4 (5-HT4) receptor
CC(C)n1c(=O)n(C(=O)NC2CCN(C)CC2)c2ccccc21,Serotonin 4 (5-HT4) receptor
COCCN1CCC(NC(=O)c2nc(C(C)C)n3ccccc23)CC1,Serotonin 4 (5-HT4) receptor
COc1cc(N)c(Cl)cc1C(=O)NCC1CCN(CCCn2cnnn2)CC1,Serotonin 4 (5-HT4) receptor
CCCCC/N=C(/N)N/N=C/c1csc2ccc(OC)cc12,Serotonin 4 (5-HT4) receptor
CCn1cc(C(=O)NC2CC3CCC(C2)N3C)c2ccccc21,Serotonin 4 (5-HT4) receptor
COc1cc(N)c(Cl)cc1C(=O)NC1CCN(CC2CCN(C(=O)CCCN)CC2)CC1,Serotonin 4 (5-HT4) receptor
Fc1cccc2c1nc(OCC1CCN(CC(F)F)CC1)c1cccnc12,Serotonin 4 (5-HT4) receptor
COc1cc(N)c(Cl)cc1C(=O)OCCN1CCN(c2cccc3ccccc23)CC1,Serotonin 4 (5-HT4) receptor
CCCCC/N=C(/N)N/N=C/c1c[nH]c2ccc([Si](C)(C)C)cc12,Serotonin 4 (5-HT4) receptor
CC(C)n1nc(C(=O)NCCN2CCC(NC(=O)NCc3ccccc3)CC2)c2ccccc21,Serotonin 4 (5-HT4) receptor
COc1cc(N)c(Cl)cc1C(=O)OCCN1CCC(O)CC1,Serotonin 4 (5-HT4) receptor
N/C(=N/N=C/c1c[nH]c2ccc(O)cc12)NCCc1ccc(Cl)cc1,Serotonin 4 (5-HT4) receptor
COc1cc(N)c(Cl)cc1C(=O)OCCN1CCC(NC(=O)CCCNS(=O)(=O)c2ccc(-c3ccccc3)cc2)CC1,Serotonin 4 (5-HT4) receptor
COc1cc(N)c(Cl)cc1C(=O)NC1CCN(CC2CCN(C(=O)C(C)CN)CC2)CC1,Serotonin 4 (5-HT4) receptor
COc1cc(N)c(Cl)cc1C(=O)OCCN1CCC(NC(=O)CCCNS(=O)(=O)c2ccc(C)cc2)CC1,Serotonin 4 (5-HT4) receptor
COc1cc(N)c(Cl)cc1C(=O)NCC1C2CC3CC1CN3C2,Serotonin 4 (5-HT4) receptor
CCOc1ccccc1NC(=O)OCCN1C[C@@H](C)C[C@@H](C)C1,Serotonin 4 (5-HT4) receptor
COc1cc(COc2cc(N)c(Cl)cc2C(=O)CCCCN2CCC(O)CC2)cc(OC)c1,Serotonin 4 (5-HT4) receptor
COc1cc(N)c(Cl)cc1C(=O)NCC(O)CN1CCC(CN2CCC(N)CC2)CC1,Serotonin 4 (5-HT4) receptor
COc1cc(N)c(Cl)cc1C(=O)OCCN1CCC(C(=O)NCCCCCCCCCCNC(=O)C2CCN(CCOC(=O)c3cc(Cl)c(N)cc3O)CC2)CC1,Serotonin 4 (5-HT4) receptor
COc1cc(N)c(Cl)cc1C(=O)OCCN1CCC(NC(=O)C(C)C)CC1,Serotonin 4 (5-HT4) receptor
COc1cc(N)c(Cl)cc1C(=O)OCCN(C)C,Serotonin 4 (5-HT4) receptor
CC(C)(C)C(=O)OCOC(=O)c1ccc(CN2CCC(CNC(=O)c3c4n(c5ccccc35)CCCO4)CC2)cc1,Serotonin 4 (5-HT4) receptor
COCCCN1CCC(O)(CNC(=O)c2nc(C(C)C)n3ccccc23)CC1,Serotonin 4 (5-HT4) receptor
COc1cc(N)c(Cl)cc1C(=O)N(C)CCN1CCCCC1,Serotonin 4 (5-HT4) receptor
CC(=O)n1nc(C(=O)NCC2CCN(CCc3ccccc3)CC2)c2ccccc21.Cl,Serotonin 4 (5-HT4) receptor
CCCCC/N=C(/N)N/N=C/c1c[nH]c2ccc(OC)nc12,Serotonin 4 (5-HT4) receptor
CC(C)n1nc(C(=O)NCCN2CCC(N)CC2)c2ccccc21,Serotonin 4 (5-HT4) receptor
CCCCN1CCC(CNC(=O)c2ccc(N)c3[nH]cnc23)CC1,Serotonin 4 (5-HT4) receptor
CN1C2CCC1CC(NC(=O)c1cccc3ccccc13)C2,Serotonin 4 (5-HT4) receptor
CCCCN1CCC(COC(=O)c2cc(Br)c(NC)c3c2OCCO3)CC1,Serotonin 4 (5-HT4) receptor
CCCCN1CCC(COC(=O)c2cc([N+](=O)[O-])c(N)c3c2OCCO3)CC1,Serotonin 4 (5-HT4) receptor
CCCC(=O)/N=C(/N)N/N=C/c1c[nH]c2ccc(O)cc12,Serotonin 4 (5-HT4) receptor
c1cc2c(OCCCN3CCNCC3)nc3ccsc3n2c1,Serotonin 4 (5-HT4) receptor
COc1cc(N)c(Cl)cc1C(=O)NCC1CCN(CCCn2cncn2)CC1,Serotonin 4 (5-HT4) receptor
COc1cc(N)c(Cl)cc1C(=O)OCCN1CCNCC1,Serotonin 4 (5-HT4) receptor
COc1cc(N)c(Cl)cc1C(=O)NC1CCN(CCS(=O)(=O)O)CC1,Serotonin 4 (5-HT4) receptor
COc1cc(N)c(Cl)cc1C(=O)NC1CCN(CCCCCN2C(=O)c3ccccc3C2=O)CC1,Serotonin 4 (5-HT4) receptor
[H][C@]12CC3(C(=O)NCCN4CCC(NC(=O)c5nn(C(C)C)c6ccccc56)CC4)C[C@]([H])(C1)C[C@@]([H])(C3)C2,Serotonin 4 (5-HT4) receptor
CCCCCCCCN1CCC(NC(=O)c2cc(Cl)c(N)cc2OC)CC1,Serotonin 4 (5-HT4) receptor
c1cc2c(OCC3CCNCC3)nc3ccsc3n2c1,Serotonin 4 (5-HT4) receptor
CCCCC/N=C(/N)N/N=C/c1csc2ccc(O)cc12,Serotonin 4 (5-HT4) receptor
CCCN1CCC(COc2nc3ccsc3n3cccc23)CC1,Serotonin 4 (5-HT4) receptor
CC(C)(C)OC(=O)CCCN1CCC(CNC(=O)c2c3n(c4ccccc24)CCCO3)CC1,Serotonin 4 (5-HT4) receptor
Fc1cccc2c1nc(OCC1CCN(CC(F)F)CC1)c1ccccc12,Serotonin 4 (5-HT4) receptor
COc1cc(N)c(Cl)cc1C(=O)NCC1CCNC(Cc2c[nH]c3ccccc23)C1,Serotonin 4 (5-HT4) receptor
Cc1csc2nc(OCCCN3CCCCC3)c3cccn3c12,Serotonin 4 (5-HT4) receptor
CCCCC/N=C(/N)N/N=C/c1c[nH]c2ccc(NS(C)(=O)=O)cc12,Serotonin 4 (5-HT4) receptor
COc1cc(COc2cc(N)c(Cl)cc2C(=O)CCCCN2CCC(c3ccccc3)CC2)cc(OC)c1,Serotonin 4 (5-HT4) receptor
CC(C)CCn1nc(C(=O)NCC2CCN(CCc3ccccc3)CC2)c2ccccc21.Cl,Serotonin 4 (5-HT4) receptor
COc1cc(N)c(Cl)cc1C(=O)NC1CCN(CCN2CCCCC2)CC1,Serotonin 4 (5-HT4) receptor
[H][C@]12CC[C@]([H])(C[C@H](NC(=O)c3cc4ccccc4n(C(C)C)c3=O)C1)N2CC(O)CNC(N)=O,Serotonin 4 (5-HT4) receptor
COc1cc(N)c(Cl)cc1C(=O)OCCN1CCC(CNC(=O)CCCNS(=O)(=O)c2ccc(C)cc2)CC1,Serotonin 4 (5-HT4) receptor
O=C(NCC1CCN2CCCCC2C1)c1c2n(c3ccccc13)CCCO2,Serotonin 4 (5-HT4) receptor
COc1cc(N)c(Cl)cc1C(=O)OCCN1CCC(CNC(=O)CCCNS(=O)(=O)c2ccc(-c3ccccc3)cc2)CC1,Serotonin 4 (5-HT4) receptor
COc1cc(N)c(Cl)cc1C(=O)NCC1CCN(Cc2ccc(O)cc2)CC1,Serotonin 4 (5-HT4) receptor
N/C(=N/N=C/c1c[nH]c2ccc(O)cc12)NCCc1ccccc1,Serotonin 4 (5-HT4) receptor
COc1cc(N)c(Cl)cc1C(=O)OCCN1CCN(c2cncnc2)CC1,Serotonin 4 (5-HT4) receptor
O=C(NCC1CCN(CCCS(=O)(=O)N2CCOCC2)CC1)c1cccc2c1OCCO2,Serotonin 4 (5-HT4) receptor
COc1cc(N)c(Cl)cc1C(=O)OCCN1CCC(CNC(=O)c2ccc([N+](=O)[O-])o2)CC1,Serotonin 4 (5-HT4) receptor
COc1cc(N)c(Cl)cc1C(=O)NCC1CCN(CCCCCn2ccnn2)CC1,Serotonin 4 (5-HT4) receptor
