smiles,targetname
COC(=O)c1ccc(NC(=O)Nc2cccc(OC)c2)c(CN2CCC(Cc3ccc(F)cc3)CC2)c1,C-C chemokine receptor type 3
N=c1c2ccccc2nc2n1CC/C2=Cc1ccccc1I,C-C chemokine receptor type 3
COc1cccc(NC(=O)N[C@@H]2CCCC[C@H]2CN2CCC[C@H](Cc3ccc(F)cc3)C2)c1,C-C chemokine receptor type 3
N=c1c2nc[nH]c2nc2n1CC/C2=Cc1ccccc1Br,C-C chemokine receptor type 3
CO[C@@H]1CN(C2CCN(C(=O)c3cnnc4ccccc34)CC2)CC[C@@H]1Cc1ccc(Cl)c(Cl)c1,C-C chemokine receptor type 3
COc1ccc(Cl)cc1NC(=O)NCCCCN(C)Cc1ccc(F)cc1,C-C chemokine receptor type 3
CC(=O)c1cccc(NC(=O)NCCCN2CCC[C@H](Cc3ccc(F)cc3)C2)c1,C-C chemokine receptor type 3
O=C(NC1CCN(Cc2ccc3cc(F)ccc3c2)CC1)c1ccccc1F,C-C chemokine receptor type 3
CC(=O)Nc1ccc(-n2c(=O)c(CN(CCc3ccc(Cl)cc3)C3CCN(C(=O)c4c(F)cccc4F)CC3)c(C)n2C)cc1,C-C chemokine receptor type 3
CCc1c(C2CCN(CCCSc3ccc(F)cc3)CC2)c2ccc(F)cc2n1-c1ccccc1,C-C chemokine receptor type 3
Cc1ccc(F)cc1NC(=O)N[C@@H]1CCCC[C@H]1CN1CCC[C@@H](Cc2ccc(F)cc2)C1,C-C chemokine receptor type 3
N#Cc1cccc(NC(=O)NCCCC[C@H]2C[C@H](Cc3ccccc3)CCN2)c1,C-C chemokine receptor type 3
CCN(C[C@H](O)[C@@H](C)NC(=O)Nc1cccc(-c2nnnn2C)c1)[C@@H](C)CCc1ccc(F)cc1,C-C chemokine receptor type 3
N#Cc1cccc(NC(=O)Nc2ccccc2CCN2CCC(Cc3ccc(F)cc3)CC2)c1,C-C chemokine receptor type 3
CO[C@@H]1CN(C2CCN(C(=O)c3ccnc4ccccc34)CC2)CC[C@@H]1Cc1ccc(Cl)c(Cl)c1,C-C chemokine receptor type 3
COc1ccc(CCNCC(c2ccc(C(C)(C)C)cc2)N2CCN(c3ccccc3)CC2)cc1,C-C chemokine receptor type 3
C[S+]([O-])c1ccc(NC(=O)NCCCN2CCC(Cc3ccc(F)cc3)CC2)cc1,C-C chemokine receptor type 3
Cc1ccc(CCNCC(c2ccccc2)N2CCN(C)CC2)cc1,C-C chemokine receptor type 3
CCC(C)NC(=O)c1cc(C)nc(NC(=O)[C@H]2CCC(=O)N2C2CCN(Cc3ccc(Cl)c(C)c3)CC2)c1,C-C chemokine receptor type 3
O=C(CSc1nc2ccccc2s1)NCC1CCCN(Cc2ccc3ccccc3c2)C1,C-C chemokine receptor type 3
C[C@H](NC(=O)[C@H](Cc1ccc(Cl)cc1)NC(=O)c1cccc2ccccc12)C(=O)Nc1ccccc1,C-C chemokine receptor type 3
[H][C@@]12CC[C@]([H])(CC(NC(=O)N3CCC[C@H]3C(=O)Nc3ccccc3Br)C1)N2Cc1ccc2cc(F)ccc2c1,C-C chemokine receptor type 3
Cc1ccccc1CC(=O)N1CCC(N2CCC(Cc3cc(F)cc(F)c3)CC2)CC1,C-C chemokine receptor type 3
COc1cccc(NC(=O)Nc2ccccc2CCN2CCC(Cc3ccc(F)cc3)CC2)c1,C-C chemokine receptor type 3
Cc1c(CN(CCc2ccc([N+](=O)[O-])cc2)C2CCN(C(=O)c3c(F)cccc3F)CC2)c(=O)n(-c2ccc(F)cc2)n1C,C-C chemokine receptor type 3
[H][C@@]1(CNC(=O)Nc2cc(CC)cc(-c3nnnn3C)c2)CCCN(CCc2ccc(N(C)C)cc2)C1,C-C chemokine receptor type 3
Cc1cc(C(=O)N(C)C(C)C)cc(NC(=O)[C@H]2CCC(=O)N2C2CCN(Cc3ccc(Cl)c(C)c3)CC2)n1,C-C chemokine receptor type 3
O=C(Nc1ccc(OCCO)cc1)N[C@@H]1CCN(Cc2ccc3cc(F)ccc3c2)C1,C-C chemokine receptor type 3
C=CCc1cc(OC)c(O[C@H](C)[C@@H](O)c2cc(OC)c(O)c(OC)c2)c(OC)c1,C-C chemokine receptor type 3
[H][C@]12CN(CCCN)CC[C@@]1([H])N1CCc3cccc2c31,C-C chemokine receptor type 3
CS(=O)(=O)NC[C@@H]1CN(C2CCN(C(=O)c3ccc4ncccc4c3)CC2)CC[C@@H]1Cc1ccc(Cl)c(Cl)c1,C-C chemokine receptor type 3
O=C(NCCCN1CCC(Cc2ccc(F)cc2)CC1)Nc1ccccc1C(F)(F)F,C-C chemokine receptor type 3
COc1cccc(NC(=O)N2CCNC(CN3CCC(Cc4ccc(F)cc4)CC3)C2)c1,C-C chemokine receptor type 3
O=C(NCC1CCCN(C2CCN(Cc3cc(Cl)ccc3Cl)CC2)C1)c1ccc2ncccc2c1,C-C chemokine receptor type 3
O=C(CSc1nc2ccccc2s1)NCC1CCCN(Cc2nccs2)C1,C-C chemokine receptor type 3
O=C(Nc1cc(F)ccc1F)Nc1ccccc1CN1CCN(Cc2ccccc2)CC1,C-C chemokine receptor type 3
Cc1ccccc1CC(=O)N1CCC(N2CCC(Cc3ccc(F)cc3)CC2)CC1,C-C chemokine receptor type 3
CO[C@@H]1CN(C2CCN(C(=O)c3ccc4ncccc4c3)CC2)CC[C@@H]1Cc1ccc(Cl)c(Cl)c1,C-C chemokine receptor type 3
COc1ccc(NC(=O)[C@H](C)NC(=O)[C@H](Cc2ccncc2)NC(=O)c2cccc3ccccc23)cc1,C-C chemokine receptor type 3
CNC(=O)c1cccc(NC(=O)Nc2cccc(C(C)=O)c2)c1CN1CCC(Cc2ccc(F)cc2)CC1,C-C chemokine receptor type 3
O=C(NCCCN1CCC(Cc2ccccc2)CC1)Nc1ccc(C(F)(F)F)cc1,C-C chemokine receptor type 3
[H][C@]12CN(CCCCNC(=O)c3ccccc3OC)CC[C@@]1([H])N1CCc3cccc2c31,C-C chemokine receptor type 3
O=C(N[C@@H](Cc1ccc([N+](=O)[O-])cc1)c1nnco1)c1cccc2ccccc12,C-C chemokine receptor type 3
N#Cc1cccc(NC(=O)Nc2cc3c(cc2CN2CCC(Cc4ccc(F)cc4)CC2)OCO3)c1,C-C chemokine receptor type 3
C[N+]1(Cc2cc3c(cc2NC(=O)Nc2cccc(C#N)c2)OCO3)CCC(Cc2ccccc2)CC1.[I-],C-C chemokine receptor type 3
Cc1c(CN(CCc2ccc(Cl)cc2)C2CCN(C(=O)c3cccc[n+]3[O-])CC2)c(=O)n(-c2ccc(F)cc2)n1C,C-C chemokine receptor type 3
O=C(NC1CCCCC1)N[C@@H]1CCN(Cc2ccc3cc(F)ccc3c2)C1,C-C chemokine receptor type 3
Cc1ccc(CCNCC(c2ccc(N(C)C)cc2)N2CCN(c3ccccc3)CC2)cc1,C-C chemokine receptor type 3
O=C(c1ccc2[nH]ccc2c1)N1CCC(N2CCC(Cc3ccc(Cl)c(Cl)c3)CC2)CC1,C-C chemokine receptor type 3
COc1ccc(NC(=O)N[C@@H]2CCCC[C@H]2CN2CCC[C@@H](Cc3ccc(F)cc3)C2)cc1,C-C chemokine receptor type 3
O=C(NC1CCN(S(=O)(=O)c2ccccc2O)CC1)N1CCCN(Cc2ccc3cc(F)ccc3c2)CC1,C-C chemokine receptor type 3
[H][C@@]12CC[C@]([H])(CC(NC(=O)N3CCCN(C(=O)c4ccc(N)cc4)CC3)C1)N2Cc1ccc2cc(F)ccc2c1,C-C chemokine receptor type 3
O=C(Nc1ccccc1)Nc1ccccc1CN1CCC(Cc2ccc(F)cc2)CC1,C-C chemokine receptor type 3
Cc1ccccc1CC(=O)N1CCC(N2CCC(Cc3cc(Cl)ccc3Cl)CC2)CC1,C-C chemokine receptor type 3
[H][C@@]1(CNC(=O)Nc2cc(CC)cc(-c3nnnn3C)c2)CCCN(CCc2ccc(C)cc2)C1,C-C chemokine receptor type 3
[H][C@@]12CC[C@]([H])(CC(NC(=O)N3CCCN(C(=O)c4ccc(F)cc4)CC3)C1)N2Cc1ccc2cc(F)ccc2c1,C-C chemokine receptor type 3
Cc1ccc(NC(=O)NCC(c2ccc(C(F)(F)F)cc2)N2CCN(C)CC2)cc1,C-C chemokine receptor type 3
O=C(NC1CCN(Cc2ccc3cc(F)ccc3c2)CC1)c1ccc(F)cc1,C-C chemokine receptor type 3
Cc1c(CN(CCc2ccccn2)C2CCN(C(=O)c3c(F)cccc3F)CC2)c(=O)n(-c2ccc(F)cc2)n1C,C-C chemokine receptor type 3
CCOC(=O)[C@H](Cc1ccc(O)cc1)NC(=O)[C@H](Cc1ccccc1)NC(=O)OCc1ccccc1,C-C chemokine receptor type 3
O=C(Nc1ccccc1F)N[C@@H]1CCCC[C@H]1CN1CCC[C@@H](Cc2ccc(F)cc2)C1,C-C chemokine receptor type 3
O=C(NCCCN1CCC(Cc2ccc(F)cc2)CC1)NCc1ccccc1,C-C chemokine receptor type 3
O=C(Nc1cc(F)ccc1F)Nc1ccccc1CN1CCC(c2ccccc2)CC1,C-C chemokine receptor type 3
COc1cccc(NC(=O)N2CCCC(CN3CCC(Cc4ccc(F)cc4)CC3)C2)c1,C-C chemokine receptor type 3
Cc1cc(C(=O)N(C)C)cc(NC(=O)[C@H]2CCC(=O)N2C2CCN(Cc3ccc(Cl)c(Cl)c3)CC2)n1,C-C chemokine receptor type 3
O=C(Nc1ccc2cc[nH]c2c1)N[C@@H]1CCCC[C@H]1CN1CCC[C@@H](Cc2ccc(F)cc2)C1,C-C chemokine receptor type 3
Cc1c(CN(CCc2ccc(Cl)cc2)C2CCN(C(=O)c3c(F)cccc3F)CC2)c(=O)n(-c2ccc(O)cc2)n1C,C-C chemokine receptor type 3
COc1ccc(C(CNCCc2cc(Cl)cc(Cl)c2)N2CCN(C3CCCCC3)CC2)cc1,C-C chemokine receptor type 3
Cc1cc(CN2CCC(N3C(=O)CC[C@@H]3C(=O)N(C)c3ccccn3)CC2)ccc1Cl,C-C chemokine receptor type 3
Cc1ccccc1CC(=O)N1CCC(N2CCC(Cc3ccc(Cl)cc3F)CC2)CC1,C-C chemokine receptor type 3
O=C(Cc1cccc2occc12)Nc1cc[n+](CCCc2ccccc2)c(Br)c1.[Br-],C-C chemokine receptor type 3
O=C(NCC(c1ccccc1)N1CCN(C2CCCCC2)CC1)Nc1ccc(C(F)(F)F)cc1,C-C chemokine receptor type 3
CC(=O)c1cccc(NC(=O)NC2CCCC(CN3CCC(Cc4ccc(F)cc4)CC3)C2)c1,C-C chemokine receptor type 3
COc1cccc(NC(=O)N2CCO[C@@H](CN3CCC(Cc4ccc(F)cc4)CC3)C2)c1,C-C chemokine receptor type 3
[H][C@]12CN(CCCCNC(=O)C34CC5CC(CC(C5)C3)C4)CC[C@@]1([H])N1CCc3cccc2c31,C-C chemokine receptor type 3
N#Cc1cccc(NC(=O)Nc2cccc(C(N)=O)c2CN2CCC(Cc3ccc(F)cc3)CC2)c1,C-C chemokine receptor type 3
CC(NC(=O)[C@H](Cc1ccc([N+](=O)[O-])cc1)NC(=O)c1cccc2ccccc12)C(=O)NCc1ccccc1,C-C chemokine receptor type 3
CN1CCN(C(CNCCc2ccccc2)c2ccc(C(F)(F)F)cc2)CC1,C-C chemokine receptor type 3
CN(C)C(=O)COc1ccccc1NC(=O)N[C@@H]1CCN(Cc2ccc3cc(F)ccc3c2)C1,C-C chemokine receptor type 3
[H][C@@]12CN(CCCNC(=O)Nc3cccc(C(C)=O)c3)C[C@]1([H])C[C@H]2c1ccc(F)cc1,C-C chemokine receptor type 3
COc1ccccc1C(=O)NCC1CCCN(C2CCN(Cc3ccc(Cl)c(Cl)c3)CC2)C1,C-C chemokine receptor type 3
COc1ccccc1NC(=O)[C@H](C)NC(=O)[C@H](Cc1ccc(C#N)cc1)NC(=O)c1cccc2ccccc12,C-C chemokine receptor type 3
Cn1nnnc1-c1cccc(NC(=O)N[C@@H]2CCCC[C@H]2CNCCCc2ccc(F)cc2)c1,C-C chemokine receptor type 3
O=C(/C=C/c1ccccc1)NC1CCN(Cc2ccc3cc(F)ccc3c2)CC1,C-C chemokine receptor type 3
C[C@@H](NC(=O)Nc1cccc(-c2nnnn2C)c1)[C@@H](O)CN(C)[C@H](C)[C@H](O)c1ccccc1,C-C chemokine receptor type 3
CCc1cc(NC(=O)NC[C@@H]2CCCN(CCCc3ccc(F)cc3)C2)cc(-c2nnnn2C)c1,C-C chemokine receptor type 3
CCOC(=O)C1COC([C@H](Cc2ccc([N+](=O)[O-])cc2)NC(=O)c2cccc3ccccc23)=N1,C-C chemokine receptor type 3
Cc1ccc(C(=O)NC(CC2CCN(Cc3ccc([N+](=O)[O-])cc3)CC2)C(C)C)cc1,C-C chemokine receptor type 3
CN(C)CCOc1ccccc1NC(=O)N[C@@H]1CCN(Cc2ccc3cc(F)ccc3c2)C1,C-C chemokine receptor type 3
O=C(Nc1ccc(F)cc1)N[C@@H]1CCCC[C@H]1CN1CCC[C@@H](Cc2ccc(F)cc2)C1,C-C chemokine receptor type 3
CC(=O)c1cc(NC(=O)N[C@@H]2CCCC[C@H]2CN2CCC[C@@H](Cc3ccc(F)cc3)C2)cc(C(C)=O)c1,C-C chemokine receptor type 3
Cc1c(CN(CCc2ccc(N)cc2)C2CCN(C(=O)c3c(F)cccc3F)CC2)c(=O)n(-c2ccc(F)cc2)n1C,C-C chemokine receptor type 3
CC(C)(C)c1ccc(C(CNC(=O)Cc2ccccc2)N2CCN(c3ccccc3)CC2)cc1,C-C chemokine receptor type 3
O=C(c1ccccc1-c1ccccc1)N1CCCN(Cc2ccc3cc(F)ccc3c2)CC1,C-C chemokine receptor type 3
C=CCc1cc(OC)c(O[C@H](C)[C@@H](O)c2ccc3c(c2)OCO3)c(OC)c1,C-C chemokine receptor type 3
COc1cccc(NC(=O)N2CCCC(CCN3CCC(Cc4ccc(F)cc4)CC3)C2)c1,C-C chemokine receptor type 3
O=C(Nc1ccc(-n2cncn2)cc1)N[C@@H]1CCCC[C@H]1CN1CCC[C@@H](Cc2ccc(F)cc2)C1,C-C chemokine receptor type 3
CN(C)c1ccc(CCNCC(c2ccc(C(C)(C)C)cc2)N2CCN(C3CCCCC3)CC2)cc1,C-C chemokine receptor type 3
O=C(NCC1CCCN(C2CCN(Cc3ccc(Cl)c(Cl)c3)CC2)C1)c1ccnc2ccccc12,C-C chemokine receptor type 3
COc1ccc(C(CNCCc2ccc(C)cc2)N2CCN(c3ccccc3)CC2)cc1,C-C chemokine receptor type 3
O=C(c1cccc2cccnc12)N1CCC(N2CCC(Cc3ccc(Cl)c(Cl)c3)CC2)CC1,C-C chemokine receptor type 3
COc1cccc(NC(=O)N2CCO[C@H](CN3CCC(Cc4ccc(F)cc4)CC3)C2)c1,C-C chemokine receptor type 3
O=C(Nc1ccc2c(c1)CCN2)N[C@@H]1CCCC[C@H]1CN1CCC[C@@H](Cc2ccc(F)cc2)C1,C-C chemokine receptor type 3
C[C@@H](C(=O)Nc1ccccc1)N(C)C(=O)[C@H](Cc1ccc([N+](=O)[O-])cc1)NC(=O)c1cccc2ccccc12,C-C chemokine receptor type 3
N#Cc1cccc(NC(=O)NCCCN2CCCC(CCc3ccccc3)C2)c1,C-C chemokine receptor type 3
Cc1ccc(CC(=O)NCC(c2ccccc2)N2CCN(c3ccccc3)CC2)cc1,C-C chemokine receptor type 3
Cn1nnnc1-c1cccc(NC(=O)NCC2CCN(Cc3ccc(F)cc3)CC2)c1,C-C chemokine receptor type 3
CC(=O)c1cccc(NC(=O)NN2CCCCC2Cc2ccc(F)cc2)c1,C-C chemokine receptor type 3
FC(F)(F)c1ccc(C(CNCCc2cc(Cl)cc(Cl)c2)N2CCN(C3CCCCC3)CC2)cc1,C-C chemokine receptor type 3
Cc1c(CN(CCc2ccc(Cl)cc2)C2CCN(C(=O)c3c(F)cccc3F)CC2)c(=O)n(-c2ccc(F)cc2)n1C,C-C chemokine receptor type 3
Cc1ccc(C(=O)NC(CC2CCN(Cc3ccc(C)c(C)c3)CC2)C(C)C)cc1,C-C chemokine receptor type 3
COC(=O)c1cccc(NC(=O)Nc2cccc(C#N)c2)c1CN1CCC(Cc2ccc(F)cc2)CC1,C-C chemokine receptor type 3
CC(C)(C)c1ccc(NC(=O)NCC(c2ccc(C(C)(C)C)cc2)N2CCN(C3CCCCC3)CC2)cc1,C-C chemokine receptor type 3
O=C(Nc1ccccc1)Nc1cccc(CO)c1CN1CCC(Cc2ccc(F)cc2)CC1,C-C chemokine receptor type 3
Cc1ccccc1NC(=O)N[C@@H]1CCCC[C@H]1CN1CCC[C@@H](Cc2ccc(F)cc2)C1,C-C chemokine receptor type 3
COc1cccc(NC(=O)N2CCC(CN3CCC(Cc4ccccc4)CC3)CC2)c1,C-C chemokine receptor type 3
Cc1cc(C(=O)N(C)C)cc(NC(=O)[C@H]2CCC(=O)N2C2CCN(Cc3ccc(Cl)c(C(F)(F)F)c3)CC2)n1,C-C chemokine receptor type 3
CCc1cc(NC(=O)N[C@H](C)[C@@H](O)CN(CCCc2ccc(F)cc2)C(C)=O)cc(-c2nnnn2C)c1,C-C chemokine receptor type 3
Cc1cc(CN2CCC(N3C(=O)CC[C@@H]3C(=O)Nc3cc(C(=O)N4CCOCC4)ccn3)CC2)ccc1Cl,C-C chemokine receptor type 3
COc1ccc(C(CNCCc2ccc(C)cc2)N2CCN(C3CCCCC3)CC2)cc1,C-C chemokine receptor type 3
[H][C@@]12CC[C@]([H])(CC(NC(=O)N3CCC(n4c(=O)[nH]c5c(F)cccc54)CC3)C1)N2Cc1ccc2cc(F)ccc2c1,C-C chemokine receptor type 3
CNC(=O)c1cc(NC(=O)NCCCN2CCC[C@@H](Cc3ccc(F)cc3)C2)cc(-c2nnnn2C)c1,C-C chemokine receptor type 3
COc1cccc(NC(=O)N[C@@H]2CCCC[C@H]2CN2CCCC(Cc3ccccc3)C2)c1,C-C chemokine receptor type 3
O=C(N[C@@H]1CCN(Cc2ccc3cc(F)ccc3c2)C1)NS(=O)(=O)c1ccccc1,C-C chemokine receptor type 3
CN(C)C(=O)[C@H](Cc1ccc([N+](=O)[O-])cc1)NC(=O)c1cccc2ccccc12,C-C chemokine receptor type 3
COCCOc1ccccc1NC(=O)N[C@@H]1CCN(Cc2ccc3cc(F)ccc3c2)C1,C-C chemokine receptor type 3
COC(=O)c1cccc(NC(=O)Nc2ccccc2)c1CN1CCC(Cc2ccc(F)cc2)CC1,C-C chemokine receptor type 3
CCc1cc(NC(=O)N[C@H](C)[C@@H](O)CN(CCCc2ccc(F)cc2)C2CC2)cc(-c2nnnn2C)c1,C-C chemokine receptor type 3
Cc1sc2nc3n(c(=N)c2c1C)CC/C3=Cc1ccccc1Br,C-C chemokine receptor type 3
Cc1c(CN(CCc2ccc(Cl)cc2)C2CCN(C(=O)c3c(F)cccc3F)CC2)c(=O)n(-c2ccc(C#N)cc2)n1C,C-C chemokine receptor type 3
CCOC(=O)[C@H](Cc1ccc(O)cc1)NC(=O)[C@H](CO)NC(=O)OCc1ccccc1,C-C chemokine receptor type 3
O=C(NC1CCN(S(=O)(=O)c2ccccc2O)CC1)N[C@@H]1CCN(Cc2ccc3cc(F)ccc3c2)C1,C-C chemokine receptor type 3
CN(C)c1ccc(NC(=O)NCCCN2CCC(Cc3ccccc3)CC2)cc1,C-C chemokine receptor type 3
O=C(N[C@@H](Cc1ccc([N+](=O)[O-])cc1)c1ncco1)c1cccc2ccccc12,C-C chemokine receptor type 3
CCOC(=O)[C@H](Cc1ccc([N+](=O)[O-])cc1)NC(=O)c1ccccc1,C-C chemokine receptor type 3
COc1ccc(C(=O)N2CCC(=CC(=O)N[C@@H]3CCN(Cc4ccc5cc(F)ccc5c4)C3)CC2)cc1,C-C chemokine receptor type 3
COc1ccc(NC(=O)NCc2ccccc2CN2CCC(Cc3ccccc3)CC2)cc1,C-C chemokine receptor type 3
[H][C@@]12CC[C@]([H])(CC(NC(=O)N3CCC[C@H]3C(=O)Nc3ccccc3C(C)C)C1)N2Cc1ccc2cc(F)ccc2c1,C-C chemokine receptor type 3
O=C(C=C1CCN(C(=O)c2ccccc2)CC1)N[C@@H]1CCN(Cc2ccc3cc(F)ccc3c2)C1,C-C chemokine receptor type 3
N#Cc1cccc(NC(=O)Nc2cc3c(cc2CN2CCC(Cc4ccccc4)CC2)OCO3)c1,C-C chemokine receptor type 3
CC(C)(C)c1ccc(C(CNC(=O)Nc2ccc(C(F)(F)F)cc2)N2CCN(C3CCCCC3)CC2)cc1,C-C chemokine receptor type 3
Cn1ccc(NC(=O)N[C@@H]2CCCC[C@H]2CN2CCC[C@@H](Cc3ccc(F)cc3)C2)n1,C-C chemokine receptor type 3
C#Cc1cc(C(=O)N(C)C)cc(NC(=O)[C@H]2CCC(=O)N2C2CCN(Cc3ccc(Cl)c(C)c3)CC2)n1,C-C chemokine receptor type 3
CCc1[nH]c2cc(F)ccc2c1C1CCN(CCCSc2ccccc2)CC1,C-C chemokine receptor type 3
O=C(NCC1CCCN(C2CCN(Cc3ccc(Cl)c(Cl)c3)CC2)C1)c1nccc2ccccc12,C-C chemokine receptor type 3
CCc1cc(NC(=O)N[C@H](C)[C@@H](O)CN(CCCc2ccc(F)cc2)CC(F)(F)F)cc(-c2nnnn2C)c1,C-C chemokine receptor type 3
C[C@H](NC(=O)[C@H](Cc1ccc([N+](=O)[O-])cc1)NC(=O)c1cccc2ccccc12)C(=O)Nc1ccccc1,C-C chemokine receptor type 3
O=C(Nc1nncs1)N[C@@H]1CCCC[C@H]1CN1CCC[C@@H](Cc2ccc(F)cc2)C1,C-C chemokine receptor type 3
COc1ccccc1NC(=O)N[C@@H]1CCCC[C@H]1CN1CCC[C@@H](Cc2ccc(F)cc2)C1,C-C chemokine receptor type 3
CC(=O)c1cccc(NC(=O)Nc2cccc(C(N)=O)c2CN2CCC(Cc3ccc(F)cc3)CC2)c1,C-C chemokine receptor type 3
Cc1c(CN(CCc2ccc([N+](=O)[O-])cc2)C2CCN(C(=O)c3ccccn3)CC2)c(=O)n(-c2ccc(F)cc2)n1C,C-C chemokine receptor type 3
O=C(CSc1nc2ccccc2s1)NCC1CCCN(Cc2ccncc2)C1,C-C chemokine receptor type 3
O=C(NCC1CCCN(C2CCN(Cc3ccc(Cl)c(Cl)c3)CC2)C1)c1cccc2ccccc12,C-C chemokine receptor type 3
O=C(NC1CCN(Cc2ccc3cc(F)ccc3c2)CC1)c1ccccc1Oc1ccccc1,C-C chemokine receptor type 3
NC(=O)[C@@H]1CN(C2CCN(C(=O)c3ccc4ncccc4c3)CC2)CC[C@@H]1Cc1ccc(Cl)c(Cl)c1,C-C chemokine receptor type 3
COc1cccc(NC(=O)N[C@@H]2CCCC[C@H]2CN2CCC[C@@H](Cc3ccc(F)cc3)C2)c1,C-C chemokine receptor type 3
Cn1nnnc1-c1cccc(NC(=O)NC[C@@H]2CCCN(Cc3ccc(F)cc3)C2)c1,C-C chemokine receptor type 3
O=C(NCCCCN1CCC(Cc2ccccc2)CC1)c1ccccc1,C-C chemokine receptor type 3
[H][C@]1(Cc2ccc(F)cc2)CCN(CCCNC(=O)Nc2cccc(C(C)=O)c2)[C@@]([H])([C@@]([H])(O)CCCC)C1,C-C chemokine receptor type 3
CN(C)c1ccc(C(CNC(=O)Nc2cc(Cl)cc(Cl)c2)N2CCN(C3CCCCC3)CC2)cc1,C-C chemokine receptor type 3
CCc1[nH]c2cc(OC)ccc2c1C1CCN(CCCSc2ccc(F)cc2)CC1,C-C chemokine receptor type 3
O=C(NCCCN1CCC(Cc2ccc(F)cc2)CC1)Nc1cccc([N+](=O)[O-])c1,C-C chemokine receptor type 3
CC(C)(C)c1csc2nc3n(c(=N)c12)CC/C3=Cc1ccccc1Br,C-C chemokine receptor type 3
CN(C)c1ccc(CCNCC(c2ccccc2)N2CCN(c3ccccc3)CC2)cc1,C-C chemokine receptor type 3
CC(NC(=O)[C@H](Cc1ccc([N+](=O)[O-])cc1)NC(=O)c1cccc2ccccc12)C(=O)N1CCCC1,C-C chemokine receptor type 3
[H][C@]1(Cc2ccccc2)CCN(CCCNC(=O)Nc2cccc(C(C)=O)c2)[C@@]([H])([C@@]([H])(O)C(C)C)C1,C-C chemokine receptor type 3
[H][C@]12CN(CCCCNC(=O)C3CCCCC3)CC[C@@]1([H])N1CCc3cccc2c31,C-C chemokine receptor type 3
O=C(Cc1ccccc1-c1ccccc1)N1CCCN(Cc2ccc3cc(F)ccc3c2)CC1,C-C chemokine receptor type 3
CS(=O)(=O)c1cccc(NC(=O)NCCCN2CCC(Cc3ccc(F)cc3)CC2)c1,C-C chemokine receptor type 3
O=C(N[C@@H]1CCN(Cc2ccc3cc(F)ccc3c2)C1)c1ccc(F)cc1,C-C chemokine receptor type 3
CCOC(=O)c1coc([C@H](Cc2ccc([N+](=O)[O-])cc2)NC(=O)c2cccc3ccccc23)n1,C-C chemokine receptor type 3
O=C(Cc1ccccc1)NC1CCN(Cc2ccc3cc(F)ccc3c2)CC1,C-C chemokine receptor type 3
O=C(NCC(c1ccccc1)c1ccccc1)Nc1ccccc1CN1CCC(C(=O)c2ccccc2)CC1,C-C chemokine receptor type 3
COc1ccc(NC(=O)Nc2ccc(CN3CCC(Cc4ccccc4)CC3)cc2)cc1,C-C chemokine receptor type 3
COc1ccc(CC2CCN(C3CCN(C(=O)Cc4ccccc4C)CC3)CC2)cc1,C-C chemokine receptor type 3
CCc1cc(NC(=O)N[C@H](C)[C@@H](O)CN(C)[C@@H](C)[C@@H](O)c2ccccc2)cc(-c2nnnn2C)c1,C-C chemokine receptor type 3
CC[C@@H]1CN(C2CCN(C(=O)c3ccc4ncccc4c3)CC2)CC[C@@H]1Cc1ccc(Cl)c(Cl)c1,C-C chemokine receptor type 3
CCOC(=O)c1[nH]c2cc(F)ccc2c1C1CCN(CCCSc2ccc(F)cc2)CC1,C-C chemokine receptor type 3
CCCN(CCCc1ccc(F)cc1)C[C@H](O)[C@@H](C)NC(=O)Nc1cccc(-c2nnnn2C)c1,C-C chemokine receptor type 3
CC(C)(C)c1ccc(C(CNC(=O)Nc2ccc(F)cc2)N2CCN(C3CCCCC3)CC2)cc1,C-C chemokine receptor type 3
N=c1c2c3c(sc2nc2n1CC/C2=Cc1ccccc1Br)CCCC3,C-C chemokine receptor type 3
[H][C@]1(Cc2ccccc2)CCN(CCCNC(=O)Nc2cccc(C(C)=O)c2)[C@@]([H])([C@]([H])(O)C(C)C)C1,C-C chemokine receptor type 3
Fc1ccc2c(c1)nc(CC(F)(F)F)n2C1CCNCC1,C-C chemokine receptor type 3
N#Cc1cccc(NC(=O)NCc2ccccc2CN2CCC(Cc3ccccc3)CC2)c1,C-C chemokine receptor type 3
O=C(NCCc1ccc(F)cc1)Nc1ccccc1CN1CCN(Cc2ccccc2)CC1,C-C chemokine receptor type 3
CC1CN(Cc2ccc(Cl)c(Cl)c2)CCC1N1CCCC(CNC(=O)c2ccc3ncccc3c2)C1,C-C chemokine receptor type 3
O=C(NC1C=CC=CN1)N[C@@H]1CCCC[C@H]1CN1CCC[C@@H](Cc2ccc(F)cc2)C1,C-C chemokine receptor type 3
O=C(Nc1ccc2[nH]ccc2c1)N[C@@H]1CCCC[C@H]1CN1CCCC(Cc2ccc(F)cc2)C1,C-C chemokine receptor type 3
COc1cccc(NC(=O)N2CCC(N3CCC(Cc4ccccc4)CC3)CC2)c1,C-C chemokine receptor type 3
O=C(NCC(c1ccc(C(F)(F)F)cc1)N1CCN(C2CCCCC2)CC1)Nc1ccc(F)cc1,C-C chemokine receptor type 3
O=C(Nc1ccccc1OCCOCCO)N[C@@H]1CCN(Cc2ccc3cc(F)ccc3c2)C1,C-C chemokine receptor type 3
FC(F)(F)c1ccc(CCNCC(c2ccc(C(F)(F)F)cc2)N2CCN(C3CCCCC3)CC2)cc1,C-C chemokine receptor type 3
O=C(C=C1CCN(C(=O)c2ccc(O)cc2)CC1)N[C@@H]1CCN(Cc2ccc3cc(F)ccc3c2)C1,C-C chemokine receptor type 3
CCC(C)N(C)C(=O)c1cc(C)nc(NC(=O)[C@H]2CCC(=O)N2C2CCN(Cc3ccc(Cl)c(C)c3)CC2)c1,C-C chemokine receptor type 3
O=C(NC1CCN(Cc2ccc3cc(F)ccc3c2)CC1)c1cccc(Oc2ccccc2)c1,C-C chemokine receptor type 3
Cc1cc(C)cc(CCNCC(c2ccc(-c3ccccc3)cc2)N2CCN(C3CCCCC3)CC2)c1,C-C chemokine receptor type 3
C[C@H](NC(=O)[C@H](Cc1ccncc1)NC(=O)c1cccc2ccccc12)C(=O)Nc1ccc(-c2ccccc2)cc1,C-C chemokine receptor type 3
[H][C@]12CC[C@]([H])(C[C@H](Cc3ccc(F)cc3)C1)N2CCCNC(=O)Nc1cccc(C(C)=O)c1,C-C chemokine receptor type 3
CCOc1ccccc1/C=C1CCN2Cc3ccccc3N=C12,C-C chemokine receptor type 3
[H][C@@]1(CNC(=O)Nc2cc(CC)cc(-c3nnnn3C)c2)CCCN(CCc2ccc(Cl)cc2)C1,C-C chemokine receptor type 3
CO[C@@H]1CN(C2CCN(C(=O)c3cccc4cccnc34)CC2)CC[C@@H]1Cc1ccc(Cl)c(Cl)c1,C-C chemokine receptor type 3
Clc1ccc(/C=C2CCN3Cc4ccccc4N=C23)c(Cl)c1,C-C chemokine receptor type 3
[H][C@]12CN(CCCCNC(=O)c3ccc(OC)cc3)CC[C@@]1([H])N1CCc3cccc2c31,C-C chemokine receptor type 3
CN(CCCc1ccc(F)cc1)C[C@@H]1CCCC[C@H]1NC(=O)Nc1cccc(-c2nnnn2C)c1,C-C chemokine receptor type 3
[H][C@@]12CC[C@]([H])(CC(NC(=O)N3CCC[C@H]3C(=O)Nc3cccc(Br)c3)C1)N2Cc1ccc2cc(F)ccc2c1,C-C chemokine receptor type 3
[H][C@]12CN(CCCNC(=O)Nc3cccc(C#N)c3)CC[C@@]1([H])N1CCc3cccc2c31,C-C chemokine receptor type 3
COc1ccc(NC(=O)NCC(c2ccc(C(F)(F)F)cc2)N2CCN(C3CCCCC3)CC2)cc1,C-C chemokine receptor type 3
N#Cc1cccc(NC(=O)NCCCN2CCC(Cc3ccc(C(F)(F)F)cc3)CC2)c1,C-C chemokine receptor type 3
COc1cccc(NC(=O)NC2CCCC(CN3CCC(Cc4ccc(F)cc4)CC3)C2)c1,C-C chemokine receptor type 3
O=C(N[C@@H](Cc1ccc([N+](=O)[O-])cc1)C(=O)NCc1ccccc1)c1cccc2ccccc12,C-C chemokine receptor type 3
CC(C)(C)c1ccc(CCNCC(c2ccc(C(C)(C)C)cc2)N2CCN(C3CCCCC3)CC2)cc1,C-C chemokine receptor type 3
Cc1ccccc1CC(=O)N1CCC(N2CCC(Cc3ccccc3Cl)CC2)CC1,C-C chemokine receptor type 3
CN1CCN(C(CNCCc2ccc(C(F)(F)F)cc2)c2ccccc2)CC1,C-C chemokine receptor type 3
CCOC(=O)[C@H](Cc1ccc(O)cc1)NC(=O)Cc1ccccc1,C-C chemokine receptor type 3
COc1ccccc1NC(=O)NCC(c1ccc(C(F)(F)F)cc1)N1CCN(C2CCCCC2)CC1,C-C chemokine receptor type 3
CC(=O)c1ccc(NC(=O)NCCCN2CCC(Cc3ccc(F)cc3)CC2)cc1,C-C chemokine receptor type 3
[H][C@]12CN(CCN)CC[C@@]1([H])N1CCc3cccc2c31,C-C chemokine receptor type 3
Clc1ccc(/C=C2CCN3Cc4ccccc4N=C23)cc1Cl,C-C chemokine receptor type 3
CN1CCN(C(CNC(=O)Nc2ccc(F)cc2)c2ccc(N(C)C)cc2)CC1,C-C chemokine receptor type 3
O=C(Nc1ccc2[nH]ncc2c1)N[C@@H]1CCCC[C@H]1CN1CCCC(Cc2ccc(F)cc2)C1,C-C chemokine receptor type 3
COc1ccc(NC(=O)NCC(c2ccccc2)N2CCN(C3CCCCC3)CC2)cc1,C-C chemokine receptor type 3
Cc1cc(C)cc(NC(=O)NCC(CC(C)C)N2CCN(c3ccc(Cl)c(Cl)c3)CC2)c1,C-C chemokine receptor type 3
O=C(Cc1ccccc1)N[C@@H]1CCN(Cc2ccc3cc(F)ccc3c2)C1,C-C chemokine receptor type 3
O=C(NC1CCN(Cc2ccc3cc(F)ccc3c2)CC1)c1ccccc1-c1ccccc1,C-C chemokine receptor type 3
[H][C@@]12CC[C@]([H])(CC(NC(=O)N3CCCN(C(=O)c4c(Cl)cccc4Cl)CC3)C1)N2Cc1ccc2cc(F)ccc2c1,C-C chemokine receptor type 3
Cc1cc(NC(=O)N[C@@H]2CCCC[C@H]2CN2CCC[C@@H](Cc3ccc(F)cc3)C2)no1,C-C chemokine receptor type 3
Cc1ccccc1CC(=O)N1CCC(N2CCC(Cc3cc(F)cc(Cl)c3)CC2)CC1,C-C chemokine receptor type 3
[H][C@]1(CNC(=O)Nc2cc(CC)cc(-c3nnnn3C)c2)CN(CCc2ccc(F)cc2)CC[C@]1([H])C(F)(F)F,C-C chemokine receptor type 3
Cc1c(CN(CCCCc2ccccc2)C2CCN(C(=O)c3cccc4ccccc34)CC2)c(=O)n(-c2ccccc2)n1C,C-C chemokine receptor type 3
CC(=O)N1CCC(=CC(=O)N[C@@H]2CCN(Cc3ccc4cc(F)ccc4c3)C2)CC1,C-C chemokine receptor type 3
N#Cc1cccc(NC(=O)NCCC[C@@H]2C[C@H](Cc3ccccc3)CCN2)c1,C-C chemokine receptor type 3
CC(=O)c1cccc(NC(=O)NCCCN2CCN(C(C)=O)C(Cc3ccc(F)cc3)C2)c1,C-C chemokine receptor type 3
O=C(Nc1ccccc1COCCO)N[C@@H]1CCN(Cc2ccc3cc(F)ccc3c2)C1,C-C chemokine receptor type 3
[H][C@]1(CNC(=O)Nc2cc(CC)cc(-c3nnnn3C)c2)CN(CCc2ccc(F)cc2)CC[C@]1([H])C(C)C,C-C chemokine receptor type 3
Cn1nnnc1-c1cc(NC(=O)NCCCN2CCC[C@@H](Cc3ccc(F)cc3)C2)cc(-c2ccccc2)c1,C-C chemokine receptor type 3
COc1ccc(C(=O)N2CCC(=CC(=O)N[C@@H]3CCN(Cc4ccc5cc(F)ccc5c4)C3)CC2)cc1OC,C-C chemokine receptor type 3
N#Cc1ccc(C(=O)NCCCCN2CCC(Cc3ccccc3)CC2)cc1,C-C chemokine receptor type 3
O=C(NCC1CCCN(C2CCN(Cc3ccc(Cl)c(Cl)c3)CC2)C1)c1ccc2[nH]ccc2c1,C-C chemokine receptor type 3
CCc1cc(NC(=O)N[C@H](C)[C@@H](O)CN(CCCc2ccc(F)cc2)CC23CC4CC(CC(C4)C2)C3)cc(-c2nnnn2C)c1,C-C chemokine receptor type 3
Cc1ccccc1CC(=O)N1CCC(N2CCC(Cc3ccc(Cl)cc3Cl)CC2)CC1,C-C chemokine receptor type 3
Cc1ccc(CC2CCN(CCCNC(=O)Nc3cccc(C#N)c3)CC2)cc1,C-C chemokine receptor type 3
CCOC(=O)[C@H](Cc1ccc(O)cc1)NC(=O)Nc1ccccc1,C-C chemokine receptor type 3
O=C(NC1CCN(Cc2ccc3cc(F)ccc3n2)CC1)c1ccccc1,C-C chemokine receptor type 3
CCc1cc(NC(=O)N[C@H](C)[C@@H](O)CN2CCC[C@@H](Cc3ccc(F)cc3)C2)cc(-c2nnnn2C)c1,C-C chemokine receptor type 3
Cc1ccccc1CC(=O)N1CCC(N2CCC(Cc3ccc(Br)cc3)CC2)CC1,C-C chemokine receptor type 3
Fc1ccc(SCCCN2CCC(n3c(CC(F)(F)F)nc4cc(F)ccc43)CC2)cc1,C-C chemokine receptor type 3
Cc1cc(CN2CCC(N3C(=O)CC[C@@H]3C(=O)Nc3cc(C(=O)N(C)C)cc(C(C)C)n3)CC2)ccc1Cl,C-C chemokine receptor type 3
COc1ccccc1C(CNC(=O)Nc1ccc(C)cc1)N1CCN(c2ccccc2)CC1,C-C chemokine receptor type 3
Cc1[nH]c2cc(NC(=O)N[C@@H]3CCCC[C@H]3CN3CCC[C@@H](Cc4ccc(F)cc4)C3)ccc2c1C,C-C chemokine receptor type 3
[H][C@@]12CC[C@]([H])(CC(NC(=O)N3CCCN(C(=O)c4ccc(O)cc4)CC3)C1)N2Cc1ccc2cc(F)ccc2c1,C-C chemokine receptor type 3
O=C(NCCCN1CCC(Cc2ccc(F)cc2)CC1)NC1CCCCC1,C-C chemokine receptor type 3
O=C(Nc1ccc(Cl)c(Cl)c1)NN1CCC(N2CCCC(CNC(=O)c3ccc4ncccc4c3)C2)CC1,C-C chemokine receptor type 3
Cc1ccc(NC(=O)NCC(c2ccc(C(F)(F)F)cc2)N2CCN(C3CCCCC3)CC2)cc1,C-C chemokine receptor type 3
O=C(NCCCN1CCC(Cc2ccc(F)cc2)CC1)Nc1ccccc1,C-C chemokine receptor type 3
O=C(Nc1cc(F)ccc1F)Nc1ccccc1CN1CCC(C(=O)c2ccccc2)CC1,C-C chemokine receptor type 3
C[C@@H](NC(=O)Nc1cccc(-c2nnnn2C)c1)[C@@H](O)CN(CCCc1ccc(F)cc1)CC(F)(F)F,C-C chemokine receptor type 3
Cc1ccccc1CC(=O)N1CCC(N2CCC(Cc3cc(Cl)cc(Cl)c3)CC2)CC1,C-C chemokine receptor type 3
Clc1cccc(Cl)c1/C=C1CCN2Cc3ccccc3N=C12,C-C chemokine receptor type 3
CC(=O)c1cccc(NC(=O)Nc2cc3c(cc2CN2CCC(Cc4ccccc4)CC2)OCO3)c1,C-C chemokine receptor type 3
Cn1nnnc1-c1cc(NC(=O)N[C@@H]2CCCC[C@H]2CN2CCC[C@@H](Cc3ccc(F)cc3)C2)cc(-c2nnnn2C)c1,C-C chemokine receptor type 3
COc1ccc(NC(=O)[C@H](C)NC(=O)[C@H](CC2CCCCC2)NC(=O)c2cccc3ccccc23)cc1,C-C chemokine receptor type 3
Cc1c(CN(CCc2ccc(Cl)cc2)C2CCN(C(=O)c3c(F)cccc3F)CC2)c(=O)n(-c2ccc(N(C)C)cc2)n1C,C-C chemokine receptor type 3
[H][C@@]12CC[C@]([H])(CC(NC(=O)N3CCC[C@H]3C(=O)Nc3ccccc3F)C1)N2Cc1ccc2cc(F)ccc2c1,C-C chemokine receptor type 3
CN1CCN(C(CNC(=O)Nc2cc(Cl)cc(Cl)c2)c2ccc(N(C)C)cc2)CC1,C-C chemokine receptor type 3
N#Cc1cccc(NC(=O)NCCN2CCC(Cc3ccccc3)CC2)c1,C-C chemokine receptor type 3
O=C(NC1CCN(Cc2ccc3cc(F)ccc3c2)CC1)c1cccc(-c2ccccc2)c1,C-C chemokine receptor type 3
O=C(NCC1CCCN(C2CCN(Cc3ccc(Cl)cc3)CC2)C1)c1ccc2ncccc2c1,C-C chemokine receptor type 3
COc1cccc(NC(=O)N2CCCC(N3CCC(Cc4ccc(F)cc4)CC3)C2)c1,C-C chemokine receptor type 3
O=C(Nc1cccc(CN2CCC(Cc3ccccc3)CC2)c1)Nc1ccc2[nH]ncc2c1,C-C chemokine receptor type 3
[H][C@]1(Cc2ccccc2)CCN(CCCNC(=O)Nc2cccc(C(C)=O)c2)[C@@]([H])([C@@]([H])(O)CC(C)C)C1,C-C chemokine receptor type 3
Cc1c(CN(CCc2ccc(S(N)(=O)=O)cc2)C2CCN(C(=O)c3c(F)cccc3F)CC2)c(=O)n(-c2ccc(F)cc2)n1C,C-C chemokine receptor type 3
CCCC(=O)[C@H](Cc1ccc([N+](=O)[O-])cc1)NC(=O)c1cccc2ccccc12,C-C chemokine receptor type 3
[H][C@@]1(CNC(=O)Nc2cc(CC)cc(-c3nnnn3C)c2)CCCN(CCc2ccc(F)cc2)C1,C-C chemokine receptor type 3
N#Cc1cccc(NC(=O)Nc2ccc(C(N)=O)cc2CN2CCC(Cc3ccc(F)cc3)CC2)c1,C-C chemokine receptor type 3
O=C(C=C1CCN(C(=O)c2ccccc2F)CC1)N[C@@H]1CCN(Cc2ccc3cc(F)ccc3c2)C1,C-C chemokine receptor type 3
O=C(N[C@@H](Cc1ccc([N+](=O)[O-])cc1)C(=O)N[C@H](C(=O)Nc1ccccc1)c1ccccc1)c1cccc2ccccc12,C-C chemokine receptor type 3
CC(=O)NCC1CCCN(C2CCN(Cc3ccc(Cl)c(Cl)c3)CC2)C1,C-C chemokine receptor type 3
CS(=O)(=O)c1ccc(NC(=O)NCCCN2CCC(Cc3ccc(F)cc3)CC2)cc1,C-C chemokine receptor type 3
COc1cc(NC(=O)NC(CC2CCN(Cc3ccc(Cl)c(Cl)c3)CC2)C(C)C)cc(OC)c1OC,C-C chemokine receptor type 3
CCc1[nH]c2cc(F)ccc2c1C1CCN(CCCSc2ccc(O)cc2)CC1,C-C chemokine receptor type 3
Cc1cc(CN2CCC(N3C(=O)CC[C@@H]3C(=O)Nc3cc(C(=O)N4CCCC4)ccn3)CC2)ccc1Cl,C-C chemokine receptor type 3
Cc1ccc(C(=O)N[C@@H](Cc2ccc(Cl)cc2)C(=O)N[C@@H](C)C(=O)Nc2ccc(Cl)cc2)c(C)c1,C-C chemokine receptor type 3
CNC(=O)c1cccc(NC(=O)[C@H]2CCC(=O)N2C2CCN(Cc3ccc(Cl)c(C)c3)CC2)n1,C-C chemokine receptor type 3
[H][C@]1(Cc2ccccc2)CCN(CCCNC(=O)Nc2cccc(C(C)=O)c2)[C@@]([H])([C@]([H])(O)CC)C1,C-C chemokine receptor type 3
O=C(NCCCN1CCC[C@@H](Cc2ccc(F)cc2)C1)Nc1cccc(-n2ccnc2)c1,C-C chemokine receptor type 3
CC(C)(C)c1ccc(C(CNC(=O)Cc2ccc(C(F)(F)F)cc2)N2CCN(C3CCCCC3)CC2)cc1,C-C chemokine receptor type 3
Cc1cc(C(=O)N(C)C)cc(NC(=O)[C@H]2CCC(=O)N2C2CCN(Cc3cc(C)c(Cl)c(C)c3)CC2)n1,C-C chemokine receptor type 3
Cc1oc2nc3n(c(=N)c2c1C)CC/C3=Cc1ccccc1Br,C-C chemokine receptor type 3
Cc1ccccc1C(=O)NCC1CCCN(C2CCN(Cc3ccc(Cl)c(Cl)c3)CC2)C1,C-C chemokine receptor type 3
Cc1cc(C(=O)NCC(C)C)cc(NC(=O)[C@H]2CCC(=O)N2C2CCN(Cc3ccc(Cl)c(C)c3)CC2)n1,C-C chemokine receptor type 3
COc1ccccc1C(CNC(=O)Nc1cc(Cl)cc(Cl)c1)N1CCN(C2CCCCC2)CC1,C-C chemokine receptor type 3
CN(C)c1ccc(NC(=O)NCC(c2ccc(C(C)(C)C)cc2)N2CCN(C3CCCCC3)CC2)cc1,C-C chemokine receptor type 3
N=c1c2ccsc2nc2n1CC/C2=Cc1ccccc1Br,C-C chemokine receptor type 3
O=C(NCC(c1ccccc1)N1CCN(C2CCCCC2)CC1)Nc1ccc(F)cc1,C-C chemokine receptor type 3
CNC(=O)c1ccc(NC(=O)Nc2cccc(C(C)=O)c2)c(CN2CCC(Cc3ccc(F)cc3)CC2)c1,C-C chemokine receptor type 3
O=C(Nc1ccccc1)OC1CCN(Cc2ccc3cc(F)ccc3c2)CC1,C-C chemokine receptor type 3
N#Cc1cccc(NC(=O)N[C@@H]2CCCC[C@H]2CN2CCC(Cc3ccccc3)CC2)c1,C-C chemokine receptor type 3
O=C1N(CCc2ccccc2)CCC12CCN(Cc1ccc3cc(F)ccc3c1)CC2,C-C chemokine receptor type 3
CCCCc1cc(C(=O)N(C)C)cc(NC(=O)[C@H]2CCC(=O)N2C2CCN(Cc3ccc(Cl)c(C)c3)CC2)n1,C-C chemokine receptor type 3
COc1cccc(NC(=O)NC2CCCCC2CN2CCC(Cc3ccc(F)cc3)CC2)c1,C-C chemokine receptor type 3
COc1ccc(OC)c(S(=O)(=O)N2CCC(CN3CCN(Cc4ccc(F)cc4)CC3)CC2)c1,C-C chemokine receptor type 3
COc1ccc(C(CNC(=O)Nc2cc(Cl)cc(Cl)c2)N2CCN(C3CCCCC3)CC2)cc1,C-C chemokine receptor type 3
O=C(NCCCN1CCC[C@@H](Cc2ccc(F)cc2)C1)Nc1cccc(-c2cnco2)c1,C-C chemokine receptor type 3
O=C(NCC(c1ccccc1)N1CCN(c2ccccc2)CC1)Nc1ccc(F)cc1,C-C chemokine receptor type 3
C[C@H](NC(=O)[C@H](Cc1ccc([N+](=O)[O-])cc1)NC(=O)c1cccc2ccccc12)C(=O)N(C)c1ccccc1,C-C chemokine receptor type 3
Fc1ccc2cc(CN3CCC(NCc4ccccc4)CC3)ccc2c1,C-C chemokine receptor type 3
O=C(NCCCN1CCC(Cc2ccc(F)cc2)CC1)Nc1cccc(-c2ccco2)c1,C-C chemokine receptor type 3
CC(C)(C)OC(=O)[C@H](Cc1ccc([N+](=O)[O-])cc1)NC(=O)c1cccc2ccccc12,C-C chemokine receptor type 3
Cc1nnc2n(CCCN3CCN(C(c4ccccc4)c4ccccc4)CC3)c(=O)c3ccccc3n12,C-C chemokine receptor type 3
N#Cc1cccc(NC(=O)Nc2ccccc2C(O)CN2CCC(Cc3ccc(F)cc3)CC2)c1,C-C chemokine receptor type 3
O=C(Nc1cc(F)ccc1F)Nc1ccccc1N1CCC(Cc2ccccc2)CC1,C-C chemokine receptor type 3
N#Cc1cccc(NC(=O)NCCCCN2CCC(Cc3ccccc3)CC2)c1,C-C chemokine receptor type 3
COc1cccc(NC(=O)N2CCN(C(=O)OC(C)(C)C)C(CN3CCC(Cc4ccc(F)cc4)CC3)C2)c1,C-C chemokine receptor type 3
O=C(NCC(c1ccc(C(F)(F)F)cc1)N1CCN(C2CCCCC2)CC1)Nc1ccccc1,C-C chemokine receptor type 3
COc1cccc(C(=O)NCCCCN2CCC(Cc3ccccc3)CC2)c1,C-C chemokine receptor type 3
Cc1c(CN(CCc2ccc(Cl)cc2)C2CCN(C(=O)c3c(F)cccc3F)CC2)c(=O)n(-c2ccc(Cl)cc2)n1C,C-C chemokine receptor type 3
COC(=O)[C@H](Cc1ccc([N+](=O)[O-])cc1)NC(=O)c1cccc2ccccc12,C-C chemokine receptor type 3
COC(=O)c1ccc(NC(=O)Nc2cccc(C#N)c2)c(CN2CCC(Cc3ccc(F)cc3)CC2)c1,C-C chemokine receptor type 3
COc1cccc(NC(=O)Nc2ccccc2C(O)CN2CCC(Cc3ccc(F)cc3)CC2)c1,C-C chemokine receptor type 3
O=C(Cc1cc(Cl)cc(Cl)c1)NCC(c1ccccc1)N1CCN(C2CCCCC2)CC1,C-C chemokine receptor type 3
N#Cc1cccc(NC(=O)NCCCCCN2CCC(Cc3ccccc3)CC2)c1,C-C chemokine receptor type 3
N#Cc1cccc(NC(=O)NCCCN2CCCC(Cc3cccc(F)c3)C2)c1,C-C chemokine receptor type 3
CC(=O)c1cccc(NC(=O)Nc2ccc(C(N)=O)cc2CN2CCC(Cc3ccc(F)cc3)CC2)c1,C-C chemokine receptor type 3
O=C(NCC1CCCN(C2CCN(Cc3ccc(Cl)c(Cl)c3)CC2)C1)c1ccccc1Cl,C-C chemokine receptor type 3
Cc1c(CN(CCc2ccc(Cl)cc2)C2CCN(C(=O)c3c(F)cccc3F)CC2)c(=O)n(-c2ccc(N)cc2)n1C,C-C chemokine receptor type 3
CN(C)c1ccc(CCNCC(c2ccc(C(F)(F)F)cc2)N2CCN(c3ccccc3)CC2)cc1,C-C chemokine receptor type 3
O=C(NC1CCN(Cc2ccc3cc(F)ccc3c2)CC1)c1ccc(-c2ccccc2)cc1,C-C chemokine receptor type 3
O=C(Nc1ccccc1)Nc1ccccc1/C(CN1CCC(Cc2ccccc2)CC1)=NO,C-C chemokine receptor type 3
O=C(Nc1ccccc1)Nc1ccccc1C(O)CN1CCC(Cc2ccc(F)cc2)CC1,C-C chemokine receptor type 3
O=C(C=C1CCC(Oc2ccccc2)CC1)N[C@@H]1CCN(Cc2ccc3cc(F)ccc3c2)C1,C-C chemokine receptor type 3
CC(C)OC(=O)[C@H](Cc1ccc([N+](=O)[O-])cc1)NC(=O)c1cccc2ccccc12,C-C chemokine receptor type 3
[H][C@@]1(CNC(=O)Nc2cc(CC)cc(-c3nnnn3C)c2)CCCN(CCc2ccccc2)C1,C-C chemokine receptor type 3
CC(=O)N[C@@H]1CN(C2CCN(C(=O)c3ccc4ncccc4c3)CC2)CC[C@@H]1Cc1ccc(Cl)c(Cl)c1,C-C chemokine receptor type 3
CC1(N2CCCC(CNC(=O)c3ccc4ncccc4c3)C2)CCN(Cc2ccc(Cl)c(Cl)c2)CC1,C-C chemokine receptor type 3
O=C(NCC1CCCN(C2CCN(Cc3ccc(Cl)c(Cl)c3)CC2)C1)C1CCCCC1,C-C chemokine receptor type 3
O=C(NCCCN1CCC(Cc2ccc(F)cc2)CC1)Nc1ccc(C(F)(F)F)cc1,C-C chemokine receptor type 3
[H][C@]1(Cc2ccccc2)CCN(CCCNC(=O)Nc2cccc(C(C)=O)c2)[C@@]([H])(C(C)(C)O)C1,C-C chemokine receptor type 3
Cc1ccc(C(=O)NC(CN2CC3CCC2CC3Cc2ccc(Cl)c(Cl)c2)C(C)C)cc1,C-C chemokine receptor type 3
CCOC(=O)[C@H](Cc1cc(I)c(O)c(I)c1)NC(=O)c1ccccc1,C-C chemokine receptor type 3
[H][C@]12CN(CCCCNC(=O)c3cccc(OC)c3)CC[C@@]1([H])N1CCc3cccc2c31,C-C chemokine receptor type 3
COc1cccc(C(=O)NCCN2CCC(Oc3ccc(Cl)c(Cl)c3)CC2)c1,C-C chemokine receptor type 3
O=C(N[C@@H](Cc1ccc([N+](=O)[O-])cc1)c1nc(C(=O)N2CCc3ccccc3C2)cs1)c1cccc2ccccc12,C-C chemokine receptor type 3
O=C(CNC(=O)[C@H](Cc1ccc([N+](=O)[O-])cc1)NC(=O)c1cccc2ccccc12)Nc1ccccc1,C-C chemokine receptor type 3
C[C@@H](NC(=O)[C@H](Cc1ccc([N+](=O)[O-])cc1)NC(=O)c1cccc2ccccc12)C(=O)OC(C)(C)C,C-C chemokine receptor type 3
CCOC(=O)c1cccc(-n2c(CC)c(C3CCN(CCCSc4ccc(F)cc4)CC3)c3ccc(F)cc32)n1,C-C chemokine receptor type 3
CCc1ccccc1/C=C1CCn2c1nc1ccccc1c2=N,C-C chemokine receptor type 3
COc1cccc(C(=O)N2CCC(=CC(=O)N[C@@H]3CCN(Cc4ccc5cc(F)ccc5c4)C3)CC2)c1O,C-C chemokine receptor type 3
CCOC(=O)Cn1c(CC)c(C2CCN(CCCSc3ccc(F)cc3)CC2)c2ccc(F)cc21,C-C chemokine receptor type 3
COc1ccc(-n2c(=O)c(CN(CCc3ccc(Cl)cc3)C3CCN(C(=O)c4c(F)cccc4F)CC3)c(C)n2C)cc1,C-C chemokine receptor type 3
COC(C)c1[nH]c2ccccc2c1C1CCN(CCCSc2ccc(F)cc2)CC1,C-C chemokine receptor type 3
O=C(Nc1ccccc1)N[C@@H]1CCN(Cc2ccc3cc(F)ccc3c2)C1,C-C chemokine receptor type 3
O=C(Nc1ccccc1OCCCO)N[C@@H]1CCN(Cc2ccc3cc(F)ccc3c2)C1,C-C chemokine receptor type 3
O=C(Nc1cccc(Cl)c1)N[C@@H]1CCCC[C@H]1CN1CCC[C@@H](Cc2ccc(F)cc2)C1,C-C chemokine receptor type 3
O=C(CSc1nc2ccccc2s1)NCC1CCCN(CCc2ccccc2)C1,C-C chemokine receptor type 3
N#Cc1cccc(NC(=O)Nc2cc(CO)ccc2CN2CCC(Cc3ccccc3)CC2)c1,C-C chemokine receptor type 3
CC1(NC(=O)c2ccccc2-c2ccccc2)CCN(Cc2ccc3cc(F)ccc3c2)CC1,C-C chemokine receptor type 3
O=C(NCCc1ccc(F)cc1)Nc1ccccc1CN1CCC(Cc2ccccc2)CC1,C-C chemokine receptor type 3
O=C(NC1CCN(Cc2ccc3cc(F)ccc3c2)CC1)c1ccc(Oc2ccccc2)cc1,C-C chemokine receptor type 3
[H][C@@]12CC[C@]([H])(CC(NC(=O)c3ccccc3-c3ccccc3)C1)N2Cc1ccc2cc(F)ccc2c1,C-C chemokine receptor type 3
N#Cc1cccc(NC(=O)N[C@@H]2CCCC[C@H]2CN2CCC[C@H](Cc3ccc(F)cc3)C2)c1,C-C chemokine receptor type 3
[H][C@@]1(CNC(=O)Nc2cc(CC)cc(-c3nnnn3C)c2)CCCN(CCc2ccc(F)cc2F)C1,C-C chemokine receptor type 3
Cc1cc(C(=O)NC2CCC2)cc(NC(=O)[C@H]2CCC(=O)N2C2CCN(Cc3ccc(Cl)c(C)c3)CC2)n1,C-C chemokine receptor type 3
COc1ccccc1CCNCC(c1ccc(C(C)(C)C)cc1)N1CCN(C2CCCCC2)CC1,C-C chemokine receptor type 3
[H][C@@]1(CNC(=O)Nc2cc(CC)cc(-c3nnnn3C)c2)CCCN(CCc2ccccc2F)C1,C-C chemokine receptor type 3
Cc1ccccc1NC(=O)N1CCC(N2CCC(Cc3ccc(Cl)c(Cl)c3)CC2)CC1,C-C chemokine receptor type 3
O=C(Nc1ccc2c[nH]nc2c1)Nc1cc2c(cc1CN1CCC(Cc3ccccc3)CC1)OCO2,C-C chemokine receptor type 3
[H][C@@]12CC[C@]([H])(CC(NC(=O)N3CCC[C@H]3C(=O)Nc3ccccc3OC)C1)N2Cc1ccc2cc(F)ccc2c1,C-C chemokine receptor type 3
COc1ccc(C(CNCCc2ccc(F)cc2)N2CCN(C)CC2)cc1,C-C chemokine receptor type 3
COc1cccc(O)c1C(=O)N1CCC(=CC(=O)N[C@@H]2CCN(Cc3ccc4cc(F)ccc4c3)C2)CC1,C-C chemokine receptor type 3
O=C(/C=C/C1CCN(C(=O)c2ccccc2)CC1)N[C@@H]1CCN(Cc2ccc3cc(F)ccc3c2)C1,C-C chemokine receptor type 3
COc1cc(NC(=O)N[C@H](C)CN2C3CCC2CC(Cc2ccc(Cl)cc2)C3)cc(OC)c1OC,C-C chemokine receptor type 3
O=C(NC1CCN(Cc2ccccc2)CC1)N1CCCN(Cc2ccc3cc(F)ccc3c2)CC1,C-C chemokine receptor type 3
N#Cc1cccc(NC(=O)NCC[C@H]2C[C@H](Cc3ccccc3)CCN2)c1,C-C chemokine receptor type 3
Cc1ccc(C(=O)NC(CC2CCN(Cc3ccccc3)CC2)C(C)C)cc1,C-C chemokine receptor type 3
C/C=C/c1cc(OC)c2c(c1)[C@@H](C)[C@H](c1cc(OC)c(O)c(OC)c1)O2,C-C chemokine receptor type 3
CN1CCN(C(CNC(=O)Nc2cc(Cl)cc(Cl)c2)c2ccc(C(F)(F)F)cc2)CC1,C-C chemokine receptor type 3
[H][C@@]12CC[C@]([H])(CC(NC(=O)N3CCCN(Cc4c(Cl)cccc4Cl)CC3)C1)N2Cc1ccc2cc(F)ccc2c1,C-C chemokine receptor type 3
CCOC(=O)[C@H](Cc1ccc([N+](=O)[O-])cc1)NC(=O)c1ccc(C)cc1C,C-C chemokine receptor type 3
O=C(Nc1ccc(F)cc1)Nc1ccccc1CCN1CCC(Cc2ccc(F)cc2)CC1,C-C chemokine receptor type 3
[H][C@@](C)(O)[C@H](CN1C2CCC1CC(Cc1ccc(Cl)cc1)C2)NC(=O)Nc1cccc(S(C)(=O)=O)c1,C-C chemokine receptor type 3
CO[C@@H]1CN(C2CCN(C(=O)c3ccc4cnccc4n3)CC2)CC[C@@H]1Cc1ccc(Cl)c(Cl)c1,C-C chemokine receptor type 3
COc1cccc(NC(=O)N2CCOC(CN3CCC(Cc4ccc(F)cc4)CC3)C2)c1,C-C chemokine receptor type 3
N#C[C@@H]1CN(C2CCN(C(=O)c3ccc4ncccc4c3)CC2)CC[C@@H]1Cc1ccc(Cl)c(Cl)c1,C-C chemokine receptor type 3
COc1ccc(C[C@H](NC(=O)c2cccc3ccccc23)C(=O)N[C@@H](C)C(=O)Nc2ccccc2OC)cc1,C-C chemokine receptor type 3
Brc1ccccc1/C=C1CCN2Cc3ccccc3N=C12,C-C chemokine receptor type 3
CNC(=O)c1cc(C)nc(NC(=O)[C@H]2CCC(=O)N2C2CCN(Cc3ccc(Cl)c(C)c3)CC2)c1,C-C chemokine receptor type 3
[H][C@@]12CC[C@]([H])(CC(NC(=O)N3CCC(n4c(=O)[nH]c5cc(N)ccc54)CC3)C1)N2Cc1ccc2cc(F)ccc2c1,C-C chemokine receptor type 3
[H][C@@]12CC[C@]([H])(CC(NC(=O)N3CCCN(C(=O)C4(c5ccccc5)CC4)CC3)C1)N2Cc1ccc2cc(F)ccc2c1,C-C chemokine receptor type 3
C[C@@H](NC(=O)Nc1cccc(-c2nnnn2C)c1)[C@@H](O)CN(C)CCCc1ccc(F)cc1,C-C chemokine receptor type 3
Cc1c(CN(CCc2ccc(Cl)cc2)C2CCN(C(=O)c3c(F)cccc3F)CC2)c(=O)n(-c2cnccc2Cl)n1C,C-C chemokine receptor type 3
CC(C)(C)c1ccc(CCNCC(c2ccc(C(F)(F)F)cc2)N2CCN(C3CCCCC3)CC2)cc1,C-C chemokine receptor type 3
CC(=O)NC[C@@H]1CN(C2CCN(C(=O)c3ccc4ncccc4c3)CC2)CC[C@@H]1Cc1ccc(Cl)c(Cl)c1,C-C chemokine receptor type 3
CCc1cc(NC(=O)N[C@H](C)[C@@H](O)CNCCCc2ccc(F)cc2)cc(-c2nnnn2C)c1,C-C chemokine receptor type 3
COc1cccc(NC(=O)NC2CCCCC2CN2CCC(Cc3ccccc3)CC2)c1,C-C chemokine receptor type 3
O=C(CSc1nc2ccccc2s1)NCC1CCCN(CC2CCCCC2)C1,C-C chemokine receptor type 3
Cc1c(CN(CCc2ccc(Cl)cc2)C2CCN(C(=O)c3c(F)cccc3F)CC2)c(=O)n(-c2ccc([N+](=O)[O-])cc2)n1C,C-C chemokine receptor type 3
O=C(NC1CCN(Cc2ccc3cc(F)ccc3c2)CC1)NS(=O)(=O)c1ccccc1,C-C chemokine receptor type 3
CCc1cc(NC(=O)NC[C@H]2CCCN(CCCc3ccc(F)cc3)C2)cc(-c2nnnn2C)c1,C-C chemokine receptor type 3
COCc1ccccc1NC(=O)N[C@@H]1CCN(Cc2ccc3cc(F)ccc3c2)C1,C-C chemokine receptor type 3
Cc1cc(C(=O)N(C)C)cc(NC(=O)[C@H]2CCC(=O)N2C2CCN(Cc3ccc(Br)c(C)c3)CC2)n1,C-C chemokine receptor type 3
Cc1ccc(NC(=O)NCC(c2ccccc2)N2CCN(C3CCCCC3)CC2)cc1,C-C chemokine receptor type 3
Cc1nnnn1-c1cccc(NC(=O)N[C@@H]2CCCC[C@H]2CN2CCC[C@@H](Cc3ccc(F)cc3)C2)c1,C-C chemokine receptor type 3
CC(C)CC(CNC(=O)Nc1cc(Cl)cc(Cl)c1)N1CCN(C2CCCCC2)CC1,C-C chemokine receptor type 3
CCc1[nH]c2cc(C(=O)O)ccc2c1C1CCN(CCCSc2ccc(F)cc2)CC1,C-C chemokine receptor type 3
[H][C@]12Cc3ccc(F)cc3C[C@@]1([H])CN(CCCNC(=O)Nc1cccc(C(C)=O)c1)C2,C-C chemokine receptor type 3
[H][C@@]1(NC(=O)Nc2cc(CC)cc(-c3nnnn3C)c2)CCCN(CCCCc2ccc(F)cc2)C1,C-C chemokine receptor type 3
O=C(N[C@@H](Cc1ccc([N+](=O)[O-])cc1)c1cnco1)c1cccc2ccccc12,C-C chemokine receptor type 3
CC(=O)c1cccc(NC(=O)NCCCN2CC3(Cc4ccc(F)cc4)CCC2CC3)c1,C-C chemokine receptor type 3
CO[C@@H]1CN(C2CCN(C(=O)c3cnc4ccccc4n3)CC2)CC[C@@H]1Cc1ccc(Cl)c(Cl)c1,C-C chemokine receptor type 3
O=C(c1cccc2[nH]ccc12)N1CCC(N2CCC(Cc3ccc(Cl)c(Cl)c3)CC2)CC1,C-C chemokine receptor type 3
Cc1cc(C(=O)NCC2CC2)cc(NC(=O)[C@H]2CCC(=O)N2C2CCN(Cc3ccc(Cl)c(C)c3)CC2)n1,C-C chemokine receptor type 3
CCCCCN1CCCC(CNC(=O)CSc2nc3ccccc3s2)C1,C-C chemokine receptor type 3
[H][C@@]12CC[C@]([H])(CC(NC(=O)N3CCC4(CC3)C(=O)N(C)CN4c3ccccc3)C1)N2Cc1ccc2cc(F)ccc2c1,C-C chemokine receptor type 3
CCOC(=O)[C@H](C)NC(=O)[C@H](Cc1ccc([N+](=O)[O-])cc1)NC(=O)c1cccc2ccccc12,C-C chemokine receptor type 3
O=C(NCC1CCCN(C2CCN(Cc3cc(Cl)cc(Cl)c3)CC2)C1)c1ccc2ncccc2c1,C-C chemokine receptor type 3
O=C(N[C@H]1CCN(Cc2ccc3cc(F)ccc3c2)C1)c1ccccc1-c1ccccc1,C-C chemokine receptor type 3
O=C(NCC(c1ccccc1)c1ccccc1)Nc1ccccc1CN1CCC(Cc2ccccc2)CC1,C-C chemokine receptor type 3
Fc1ccc(CCNCC(c2ccc(C(F)(F)F)cc2)N2CCN(C3CCCCC3)CC2)cc1,C-C chemokine receptor type 3
Cc1ccc(C(=O)NC(CC2CCN(Cc3ccc(Cl)c(Cl)c3)CC2)C(C)C)cc1,C-C chemokine receptor type 3
CN(C)c1ccc(/C=C2CCN3Cc4ccccc4N=C23)c(Cl)c1,C-C chemokine receptor type 3
N#Cc1cccc(NC(=O)NCCCN2CCOC(Cc3ccccc3)C2)c1,C-C chemokine receptor type 3
[H][C@@]1(CNC(=O)Nc2cc(CC)cc(-c3nnnn3C)c2)CCCN(CCc2ccc(C(F)(F)F)cc2)C1,C-C chemokine receptor type 3
Clc1ccccc1/C=C1CCN2Cc3ccccc3N=C12,C-C chemokine receptor type 3
CCO[C@@H]1CN(C2CCN(C(=O)c3ccc4ncccc4c3)CC2)CC[C@@H]1Cc1ccc(Cl)c(Cl)c1,C-C chemokine receptor type 3
[H][C@]12CN(CCCNC(=O)c3ccc(F)cc3)CC[C@@]1([H])N1CCc3cccc2c31,C-C chemokine receptor type 3
CC(=O)c1cccc(NC(=O)NCCCN2CC3CCC2[C@@H](Cc2ccc(F)cc2)C3)c1,C-C chemokine receptor type 3
Cc1c(CN(CCc2ccc(Cl)cc2)C2CCN(C(=O)c3c(F)cccc3F)CC2)c(=O)n(-c2ccccn2)n1C,C-C chemokine receptor type 3
COc1ccc(O)c(C(=O)N2CCC(=CC(=O)N[C@@H]3CCN(Cc4ccc5cc(F)ccc5c4)C3)CC2)c1,C-C chemokine receptor type 3
COc1ccc(NC(=O)NCC(c2ccc(C(C)(C)C)cc2)N2CCN(C3CCCCC3)CC2)cc1,C-C chemokine receptor type 3
O=C(NCCCN1CCC(Cc2ccc(F)cc2)CC1)NC12CC3CC(CC(C3)C1)C2,C-C chemokine receptor type 3
COc1cccc(NC(=O)N2CCCCC2CN2CCC(Cc3ccc(F)cc3)CC2)c1,C-C chemokine receptor type 3
O=C(NCC1CCCN(C2CCN(CC3CCCCC3)CC2)C1)c1ccc2ncccc2c1,C-C chemokine receptor type 3
COC(=O)c1ccc(NC(=O)Nc2cccc(C(C)=O)c2)c(CN2CCC(Cc3ccc(F)cc3)CC2)c1,C-C chemokine receptor type 3
NC(=O)c1ccc(CNC(=O)NC[C@@H]2CN(Cc3ccc(Cl)c(Cl)c3)CCO2)cc1,C-C chemokine receptor type 3
COc1ccccc1C(=O)NC1CCN(Cc2ccc3cc(F)ccc3c2)CC1,C-C chemokine receptor type 3
[H][C@]1(Cc2ccccc2)CCN(CCCNC(=O)Nc2cccc(C(C)=O)c2)[C@@]([H])([C@]([H])(C)O)C1,C-C chemokine receptor type 3
Cc1c(CN(CCc2cccnc2)C2CCN(C(=O)c3c(F)cccc3F)CC2)c(=O)n(-c2ccc(F)cc2)n1C,C-C chemokine receptor type 3
CNC(=O)c1cccc(NC(=O)Nc2ccccc2)c1CN1CCC(Cc2ccc(F)cc2)CC1,C-C chemokine receptor type 3
N#Cc1cccc(NC(=O)Nc2ccc(CN3CCC(Cc4ccccc4)CC3)cc2)c1,C-C chemokine receptor type 3
[H][C@@]1(NC(=O)Nc2cc(CC)cc(-c3nnnn3C)c2)CCCN(CCCc2ccc(F)cc2)C1,C-C chemokine receptor type 3
[H][C@]1(Cc2ccccc2)CCN(CCCNC(=O)Nc2cccc(C(C)=O)c2)[C@@]([H])([C@@]([H])(O)CCCC)C1,C-C chemokine receptor type 3
Cc1[nH]c2cc(F)ccc2c1C1CCN(CCCSc2ccc(F)cc2)CC1,C-C chemokine receptor type 3
O=C(NCC1CCCN(C2CCN(Cc3ccc(Cl)c(Cl)c3)CC2)C1)c1ccc2[nH]cnc2c1,C-C chemokine receptor type 3
CN1CCN(C(CNCCc2ccccc2)c2ccccc2)CC1,C-C chemokine receptor type 3
O=C(NCCCN1CCC(Cc2ccccc2)CC1)Nc1ccccc1,C-C chemokine receptor type 3
O=C(Nc1ccccc1OCCCCO)N[C@@H]1CCN(Cc2ccc3cc(F)ccc3c2)C1,C-C chemokine receptor type 3
CCOC(=O)[C@H](Cc1ccc(O)cc1)NS(=O)(=O)c1ccc(C)cc1,C-C chemokine receptor type 3
O=C(C=C1CCN(C(=O)c2ccc(Cl)cc2O)CC1)N[C@@H]1CCN(Cc2ccc3cc(F)ccc3c2)C1,C-C chemokine receptor type 3
[H][C@@](C)(O)[C@H](CN1C2CCC1CC(Cc1ccc(Cl)cc1)C2)NC(=O)Nc1cc(OC)c(OC)c(OC)c1,C-C chemokine receptor type 3
N#Cc1cccc(NC(=O)Nc2ccc(CO)cc2CN2CCC(Cc3ccc(F)cc3)CC2)c1,C-C chemokine receptor type 3
O=C(NCc1ccc2c(c1)OCO2)Nc1ccccc1CN1CCC(Cc2ccccc2)CC1,C-C chemokine receptor type 3
CCN(CCCc1ccc(F)cc1)C[C@H](O)[C@@H](C)NC(=O)Nc1cccc(-c2nnnn2C)c1,C-C chemokine receptor type 3
[H][C@@]12Cc3ccc(F)cc3C[C@@]1([H])CN(CCCNC(=O)Nc1cccc(C(C)=O)c1)C2,C-C chemokine receptor type 3
CC(=O)c1cccc(NC(=O)N[C@@H]2CCCC[C@H]2CN2CCC[C@H](Cc3ccc(F)cc3)C2)c1,C-C chemokine receptor type 3
COc1ccc(CCNCC(c2ccc(C(F)(F)F)cc2)N2CCN(C3CCCCC3)CC2)cc1,C-C chemokine receptor type 3
O=C(Nc1cc(F)ccc1F)Nc1ccccc1CN1CCC(O)(c2ccc(Cl)cc2)CC1,C-C chemokine receptor type 3
O=C(c1nccc2ccccc12)N1CCC(N2CCC(Cc3ccc(Cl)c(Cl)c3)CC2)CC1,C-C chemokine receptor type 3
[H][C@]12CN(CCCNC(=O)Nc3ccc(I)cc3)CC[C@@]1([H])N1CCc3cccc2c31,C-C chemokine receptor type 3
CC(C)CC(CNC(=O)Nc1ccc(Cl)cc1)N1CCN(C2CCCCC2)CC1,C-C chemokine receptor type 3
[H][C@@]12CC[C@]([H])(CC(NC(=O)N3CCCN(S(=O)(=O)c4ccccc4)CC3)C1)N2Cc1ccc2cc(F)ccc2c1,C-C chemokine receptor type 3
[H][C@]1(Cc2ccccc2)CCN(CCCNC(=O)Nc2cccc(C(C)=O)c2)[C@@]([H])(C(C)(O)O)C1,C-C chemokine receptor type 3
[H][C@@]12CC[C@]([H])(CC(NC(=O)N3CCc4cc(F)ccc4C3)C1)N2Cc1ccc2cc(F)ccc2c1,C-C chemokine receptor type 3
Cc1c(CN(CCc2ccc(Cl)cc2)C2CCN(C(=O)c3c(F)cccc3F)CC2)c(=O)n(-c2ccccc2)n1C,C-C chemokine receptor type 3
O=C1OC2(CCN(Cc3ccc4cc(F)ccc4c3)CC2)c2ccccc2N1Cc1ccccc1,C-C chemokine receptor type 3
CCc1[nH]c2cc(F)ccc2c1C1CCN(CCCSc2ccc(C)cc2)CC1,C-C chemokine receptor type 3
O=C(NCCCCN1CCC(Oc2ccc(F)cc2)C1)Nc1ccc(F)c(F)c1,C-C chemokine receptor type 3
Cn1nnnc1-c1cccc(NC(=O)NCCCN2CCC(Cc3ccc(F)cc3)CC2)c1,C-C chemokine receptor type 3
O=C(NCC1CCCN(C2CCN(Cc3ccc(Cl)c(Cl)c3)CC2)C1)c1cccc2cccnc12,C-C chemokine receptor type 3
O=C(Nc1nc2c(Cl)cccc2s1)N[C@@H]1CCCC[C@H]1CN1CCC[C@@H](Cc2ccc(F)cc2)C1,C-C chemokine receptor type 3
O=C(Nc1ccc2[nH]ccc2c1)N[C@@H]1CCCC[C@H]1CN1CCC[C@@H](Cc2ccc(F)cc2)C1,C-C chemokine receptor type 3
O=C(N[C@@H](Cc1ccc([N+](=O)[O-])cc1)C1=NCCO1)c1cccc2ccccc12,C-C chemokine receptor type 3
COc1ccccc1C(=O)N1CCC(=CC(=O)N[C@@H]2CCN(Cc3ccc4cc(F)ccc4c3)C2)CC1,C-C chemokine receptor type 3
Fc1ccc(CCCN2CCC3C(C2)c2cccc4c2N3CC4)cc1,C-C chemokine receptor type 3
O=C(Nc1ccc(F)c(F)c1)N[C@@H]1CCCC[C@H]1CN1CCC[C@@H](Cc2ccc(F)cc2)C1,C-C chemokine receptor type 3
[H][C@]12CN(CCCCNS(=O)(=O)c3ccc(F)cc3)CC[C@@]1([H])N1CCc3cccc2c31,C-C chemokine receptor type 3
COc1ccccc1CC(=O)NCC(c1ccc(C(C)(C)C)cc1)N1CCN(c2ccccc2)CC1,C-C chemokine receptor type 3
Cn1nnnc1-c1cccc(NC(=O)NCC2CCCN(CCCc3ccc(F)cc3)C2)c1,C-C chemokine receptor type 3
Cc1cc(C(=O)N(C)C)cc(NC(=O)[C@H]2CCC(=O)N2C2CCN(Cc3ccc(Cl)c(C)c3)CC2)n1,C-C chemokine receptor type 3
COc1cccc(NC(=O)N2CCC(CN3CCC(Cc4ccc(F)cc4)CC3)C2)c1,C-C chemokine receptor type 3
C/N=c1/c2ccccc2nc2n1CC/C2=Cc1ccccc1Br,C-C chemokine receptor type 3
COC(C)c1[nH]c2cc(F)ccc2c1C1CCN(CCCSc2ccc(F)cc2)CC1,C-C chemokine receptor type 3
Cc1ccc(NC(=O)NCC(c2ccccc2)N2CCN(c3ccccc3)CC2)cc1,C-C chemokine receptor type 3
CCc1c(C2CCN(CCCSc3ccc(F)cc3)CC2)c2ccc(F)cc2n1C,C-C chemokine receptor type 3
O=C(C=C1CCN(C(=O)c2cccc(O)c2)CC1)N[C@@H]1CCN(Cc2ccc3cc(F)ccc3c2)C1,C-C chemokine receptor type 3
[H][C@]1(Cc2ccccc2)CCN(CCCNC(=O)Nc2cccc(C(C)=O)c2)[C@@]([H])(Cc2ccccc2)C1,C-C chemokine receptor type 3
CCc1[nH]c2cc(O)ccc2c1C1CCN(CCCSc2ccc(F)cc2)CC1,C-C chemokine receptor type 3
O=C(Nc1cccc(F)c1)N[C@@H]1CCCC[C@H]1CN1CCC[C@@H](Cc2ccc(F)cc2)C1,C-C chemokine receptor type 3
Cc1c(CN(CCc2ccc(Cl)cc2)C2CCN(C(=O)c3c(F)cccc3F)CC2)c(=O)n(-c2ccccc2F)n1C,C-C chemokine receptor type 3
C=CCc1cc(OC)c(O[C@@H](C)[C@H](OC(C)=O)c2ccc(OC)c(OC)c2)c(OC)c1,C-C chemokine receptor type 3
COc1ccccc1C(CNC(=O)Nc1ccc(F)cc1)N1CCN(C2CCCCC2)CC1,C-C chemokine receptor type 3
CCOC(=O)c1ccnc(-n2c(CC)c(C3CCN(CCCSc4ccc(F)cc4)CC3)c3ccc(F)cc32)c1,C-C chemokine receptor type 3
O=C(Nc1cccc(OCCO)c1)N[C@@H]1CCN(Cc2ccc3cc(F)ccc3c2)C1,C-C chemokine receptor type 3
COc1cccc(NC(=O)NCCCN2CCOC(Cc3ccccc3)C2)c1,C-C chemokine receptor type 3
Cc1ccc(NC(=O)NCC(CC(C)C)N2CCN(c3ccc(Cl)c(Cl)c3)CC2)cc1,C-C chemokine receptor type 3
FC(F)(F)c1ccc(CCNCC(c2ccccc2)N2CCN(C3CCCCC3)CC2)cc1,C-C chemokine receptor type 3
O=C(Nc1ccc2[nH]nc(Cl)c2c1)N[C@@H]1CCCC[C@H]1CN1CCC[C@@H](Cc2ccc(F)cc2)C1,C-C chemokine receptor type 3
CCc1cc(NC(=O)N[C@H](C)[C@@H](O)CN(CCCc2ccc(F)cc2)CC2CC2)cc(-c2nnnn2C)c1,C-C chemokine receptor type 3
CCN(C[C@H](O)[C@@H](C)NC(=O)Nc1cccc(-c2nnnn2C)c1)[C@@H](C)[C@@H](O)Cc1ccc(F)cc1,C-C chemokine receptor type 3
CC(=O)c1cccc(NC(=O)Nc2ccccc2CN2CCC(Cc3ccc(F)cc3)CC2)c1,C-C chemokine receptor type 3
C=CCc1cc(OC)c(O[C@H](C)Cc2ccc3c(c2)OCO3)c(OC)c1,C-C chemokine receptor type 3
