smiles,targetname
CCN(CC)c1nc(Nc2cccc(F)c2)nc(OCC(F)(F)C(F)F)n1,Cystic fibrosis transmembrane conductance regulator
Cc1nc(NC(=O)c2ccc([19F])cc2)sc1-c1csc(Nc2cc(N(C)C)ccc2Cl)n1,Cystic fibrosis transmembrane conductance regulator
CCc1ccc(NC(=O)c2c[nH]c3ccccc3c2=O)cc1,Cystic fibrosis transmembrane conductance regulator
CSc1cccc(Nc2nc(-c3cc(Cl)cc(Cl)c3F)cs2)c1,Cystic fibrosis transmembrane conductance regulator
Cc1cccnc1Nc1nc2c(s1)CCCc1nc(NC(=O)C(C)(C)C)sc1-2,Cystic fibrosis transmembrane conductance regulator
CSc1cccc(Nc2nc(-c3ccc(C)cc3C)cs2)c1,Cystic fibrosis transmembrane conductance regulator
COc1ccc(Cl)cc1Nc1nc2c(s1)CCCc1nc(NC(=O)C(C)(C)C)sc1-2,Cystic fibrosis transmembrane conductance regulator
FC(F)(F)Sc1cccc(Nc2nc(-c3cccc(Cl)c3)cs2)c1,Cystic fibrosis transmembrane conductance regulator
CC(C)(CCOC[C@@H](O)CO)c1cc2cc(NC(=O)C3(c4ccc5c(c4)OC(F)(F)O5)CC3)c(F)cc2n1C[C@@H](O)CO,Cystic fibrosis transmembrane conductance regulator
CC(C)(CCOC[C@@H](O)CO)c1cc2cc(NC(=O)C3(c4ccc5c(c4)OC(F)(F)O5)CC3)c(F)cc2[nH]1,Cystic fibrosis transmembrane conductance regulator
CN(C)c1cccc(Nc2nc3c(s2)CCCc2nc(NC(=O)C(C)(C)C)sc2-3)c1,Cystic fibrosis transmembrane conductance regulator
CSc1cccc(Nc2nc(-c3ccc4c(c3)NC(=O)CS4)cs2)c1,Cystic fibrosis transmembrane conductance regulator
CN(C)CC1Cn2c(-c3cccc(Cl)c3)c3c(=O)n(C)c(=O)n(C)c3c2C(c2ccc(Cl)o2)O1,Cystic fibrosis transmembrane conductance regulator
Nc1cc2[n+](c3cc(Cl)ccc13)CCc1c-2[nH]c2ccccc12.[Cl-],Cystic fibrosis transmembrane conductance regulator
CC(C)(C)c1ccc(NC(=O)c2c[nH]c3ccccc3c2=O)cc1,Cystic fibrosis transmembrane conductance regulator
COc1ccc(Cl)cc1Nc1nc2c(s1)CCCc1nc(NC(=O)C(C)C)sc1-2,Cystic fibrosis transmembrane conductance regulator
CNc1nc(Nc2ccccc2)nc(OC(C(F)(F)F)C(F)(F)F)n1,Cystic fibrosis transmembrane conductance regulator
CCN(CC)c1nc(Nc2ccccc2)nc(OC(C(F)(F)F)C(F)(F)F)n1,Cystic fibrosis transmembrane conductance regulator
CSc1cccc(Nc2nc(-c3ccccc3Cl)cs2)c1,Cystic fibrosis transmembrane conductance regulator
Cc1cccc(-c2c3c(=O)n(C)c(=O)n(C)c3c3n2-c2ccccc2NC3c2ccc(O)cc2)c1,Cystic fibrosis transmembrane conductance regulator
COc1ccc(Cl)cc1Nc1nc2c(s1)CCCCc1nc(NC(=O)C(C)C)sc1-2,Cystic fibrosis transmembrane conductance regulator
O=C(O)c1cc(/C=C2SC(=S)N(c3ccccc3C(F)(F)F)C2=O)ccc1O,Cystic fibrosis transmembrane conductance regulator
O=C(O)c1ccccc1/C=C1SC(=S)N(c2cccc(C(F)(F)F)c2)C1=O,Cystic fibrosis transmembrane conductance regulator
CSc1cccc(Nc2nc(-c3cccc(O)c3)cs2)c1,Cystic fibrosis transmembrane conductance regulator
COc1cccc(C2Nc3ccccc3-n3c(-c4ccccc4)c4c(=O)n(C)c(=O)n(C)c4c32)c1,Cystic fibrosis transmembrane conductance regulator
Cn1c(=O)c2c(-c3ccccc3)n3c(c2n(C)c1=O)C(c1ccc(Br)o1)Oc1ccc([N+](=O)[O-])cc1-3,Cystic fibrosis transmembrane conductance regulator
O=c1c(-c2ccc(F)c([N+](=O)[O-])c2)nc2ccccc2n1Cc1ccccc1,Cystic fibrosis transmembrane conductance regulator
Cn1c(=O)c2c(-c3ccccc3)n3c(c2n(C)c1=O)C(c1nc(Cl)cs1)COCC3,Cystic fibrosis transmembrane conductance regulator
O=C(Nc1ccc(Cl)cc1)[C@H]1Cc2ccccc2CN1C(=O)c1ccccc1Oc1ccccc1,Cystic fibrosis transmembrane conductance regulator
CSc1cccc(Nc2nc(-c3ccc(Br)cc3)cs2)c1,Cystic fibrosis transmembrane conductance regulator
Cc1nc(NC(=O)c2ccccc2)sc1-c1csc(Nc2cc(Cl)ccc2OCCOCCOCC(=O)O)n1,Cystic fibrosis transmembrane conductance regulator
COC(=O)C1CC(c2cc(Br)ccc2OCc2ccc(OC)cc2)=NO1,Cystic fibrosis transmembrane conductance regulator
COc1ccc(NC(=O)c2cc(-c3sc(NC(=O)C(C)(C)C)nc3C)n(-c3ccc(Br)cc3)n2)cc1,Cystic fibrosis transmembrane conductance regulator
COc1ccc(Cl)cc1Nc1nc(-c2sc(NC(=O)C(C)(C)C)nc2C)c(-n2cc(CO)nn2)s1,Cystic fibrosis transmembrane conductance regulator
CCCCCc1ccc(NC(=O)[C@@H]2Cc3ccccc3CN2C(=O)c2ccnc(OC(C)C)c2)cc1,Cystic fibrosis transmembrane conductance regulator
O=C(O)c1ccc(NC2=C(Cl)C(=O)N(c3cccc(C(F)(F)F)c3)C2=O)cc1,Cystic fibrosis transmembrane conductance regulator
CSc1cccc(Nc2nc(-c3ccc(O)c(O)c3)cs2)c1,Cystic fibrosis transmembrane conductance regulator
CN(C)c1ccc(Cl)cc1Nc1nc2c(s1)CCCCc1nc(NC(=O)C(C)(C)C)sc1-2,Cystic fibrosis transmembrane conductance regulator
Cn1c(=O)c2c(-c3ccccc3)n3c(c2n(C)c1=O)C(c1cccc(F)c1F)NCC3,Cystic fibrosis transmembrane conductance regulator
O=C(Nc1cccnc1)[C@H]1Cc2ccccc2CN1C(=O)c1cccc(Oc2ccccc2)c1,Cystic fibrosis transmembrane conductance regulator
CC(C)(C)c1ccc(NC(=O)c2c[nH]c3ccccc3c2=O)cc1F,Cystic fibrosis transmembrane conductance regulator
[H][C@]12Nc3ccccc3C1(O)[C@@H](O)[C@]13SS[C@@]4(C(=O)N12)[C@H](O)C1(O)C(=O)C2=C(CC1N4C3=O)O[C@@H](C)C2(C)C,Cystic fibrosis transmembrane conductance regulator
Cc1nc2c3ccccc3cc[n+]2c(C)c1[O-],Cystic fibrosis transmembrane conductance regulator
COc1ccc(Cl)cc1Nc1nc2c(s1)CCCc1nc(N)sc1-2,Cystic fibrosis transmembrane conductance regulator
CSc1cccc(Nc2nc(C3CN(c4ccccc4)C(C)=N3)cs2)c1,Cystic fibrosis transmembrane conductance regulator
CCCCCc1ccc(NC(=O)[C@@H]2Cc3ccccc3CN2C(=O)c2cncc(OC(C)C)c2)cc1,Cystic fibrosis transmembrane conductance regulator
Cn1c(=O)c2c(-c3ccccc3)n3c(c2n(C)c1=O)C(c1cc2ccccc2o1)Nc1ccccc1-3,Cystic fibrosis transmembrane conductance regulator
CCC(C)C(=O)Nc1nc2c(s1)-c1nc(Nc3cc(Cl)ccc3OC)sc1CCC2,Cystic fibrosis transmembrane conductance regulator
CCCn1c(=O)c(-c2cccc([N+](=O)[O-])c2)nc2ccccc21,Cystic fibrosis transmembrane conductance regulator
CCCCCCCc1ccc(NC(=O)[C@H]2Cc3ccccc3CN2C(=O)c2cccc(Oc3ccccc3)c2)cc1,Cystic fibrosis transmembrane conductance regulator
CCCCOc1ccc(NC(=O)[C@H]2Cc3ccccc3CN2C(=O)c2cccc(Oc3ccccc3)c2)cc1,Cystic fibrosis transmembrane conductance regulator
NC(=O)c1ccc(/C=C2SC(=S)N(c3cccc(C(F)(F)F)c3)C2=O)cc1,Cystic fibrosis transmembrane conductance regulator
Cn1cc(C(=O)N(Cc2ccccc2)Cc2ccccc2)c(=O)c2ccccc21,Cystic fibrosis transmembrane conductance regulator
O=c1c(-c2cccc([N+](=O)[O-])c2)nc2ccc(Cl)cc2n1Cc1ccccc1,Cystic fibrosis transmembrane conductance regulator
Cc1cccc(-c2c3c(=O)n(C)c(=O)n(C)c3c3n2-c2ccccc2NC3c2ccc(C)o2)c1,Cystic fibrosis transmembrane conductance regulator
CCN(CC)c1nc(Nc2cccc(C(=O)O)c2)nc(OCC(F)(F)C(F)F)n1,Cystic fibrosis transmembrane conductance regulator
COc1ccc(COc2ccc(Br)cc2-c2cc(CCl)on2)cc1,Cystic fibrosis transmembrane conductance regulator
CSc1cccc(Nc2nc(C)cs2)c1,Cystic fibrosis transmembrane conductance regulator
COc1cccc(COc2ccccc2C2=NOC(CO)C2)c1,Cystic fibrosis transmembrane conductance regulator
CCN(CC)c1ccc(-c2csc(Nc3cccc(SC)c3)n2)cc1,Cystic fibrosis transmembrane conductance regulator
CSc1cccc(Nc2nc(-c3cc(Cl)cc(OC(F)(F)F)c3)cs2)c1,Cystic fibrosis transmembrane conductance regulator
CSc1cccc(NC2N=C3C=CC(Br)=CC3S2)c1,Cystic fibrosis transmembrane conductance regulator
CCc1ccc(C2Nc3ccccc3-n3c(-c4ccccc4)c4c(=O)n(C)c(=O)n(C)c4c32)o1,Cystic fibrosis transmembrane conductance regulator
Cn1c(=O)c2c(-c3ccccc3)n3c(c2n(C)c1=O)C(c1nc(C(F)(F)F)cs1)NCC3,Cystic fibrosis transmembrane conductance regulator
[H][C@]12Nc3ccccc3C1(O)[C@@H](O)[C@@]1(SC)C(=O)N3C4CC5=C(C(=O)C4(O)[C@@H](O)[C@@]3(SC)C(=O)N12)C(C)(C)[C@H](C)O5,Cystic fibrosis transmembrane conductance regulator
Cc1cccc(C2Nc3ccccc3-n3c(-c4ccccc4C)c4c(=O)n(C)c(=O)n(C)c4c32)c1,Cystic fibrosis transmembrane conductance regulator
Cn1c(=O)c2c(-c3cccc(Cl)c3)n3c(c2n(C)c1=O)[C@H](c1ccc(Cl)o1)O[C@@H](CO)C3,Cystic fibrosis transmembrane conductance regulator
CCN(CC)c1nc(Nc2ccc(C(=O)O)cc2)nc(OCC(F)(F)C(F)F)n1,Cystic fibrosis transmembrane conductance regulator
O=C(O)c1cc(Nc2nnc(-c3cccc(C(F)(F)F)c3)s2)ccc1O,Cystic fibrosis transmembrane conductance regulator
O=C(Nc1ccc(Cl)cc1)[C@H]1Cc2ccccc2CN1C(=O)c1cccc(Cc2ccccc2)c1,Cystic fibrosis transmembrane conductance regulator
CSc1cccc(Nc2nc(-c3ccccc3C)cs2)c1,Cystic fibrosis transmembrane conductance regulator
COc1ccc(C2(C(=O)Nc3ccc4[nH]c(C(C)(C)C)cc4c3)CC2(C)C)cc1,Cystic fibrosis transmembrane conductance regulator
COc1ccc(-c2csc(Nc3cccc(SC)c3)n2)cc1,Cystic fibrosis transmembrane conductance regulator
CSc1cccc(Nc2nc(-c3ccc(Br)cc3)c(C)s2)c1,Cystic fibrosis transmembrane conductance regulator
CCN(CC)c1nc(Nc2ccc3[nH]ncc3c2)nc(OC(C(F)(F)F)C(F)(F)F)n1,Cystic fibrosis transmembrane conductance regulator
O=C(Nc1ccc(Cl)cc1)[C@H]1Cc2ccccc2CN1C(=O)c1cccc(Sc2ccccc2)c1,Cystic fibrosis transmembrane conductance regulator
CCCCCc1ccc(-c2csc(Nc3cccc(SC)c3)n2)cc1,Cystic fibrosis transmembrane conductance regulator
CSc1cccc(Nc2nc(-c3ccco3)cs2)c1,Cystic fibrosis transmembrane conductance regulator
CCc1cccc(CC)c1NC(=O)c1c[nH]c2ccccc2c1=O,Cystic fibrosis transmembrane conductance regulator
CC(C)(C)c1ccc(NC(=O)c2c[nH]c3ccccc3c2=O)cc1O,Cystic fibrosis transmembrane conductance regulator
Cn1c(=O)c2c(-c3ccccc3)n3c(c2n(C)c1=O)C(c1ccc(Br)o1)Oc1ccccc1-3,Cystic fibrosis transmembrane conductance regulator
C=CCn1nc(C(=O)NCc2ccccc2)cc1-c1sc(NC(=O)C(C)(C)C)nc1C,Cystic fibrosis transmembrane conductance regulator
Cc1csc(-c2c3c(=O)n(C)c(=O)n(C)c3c3n2CC(CO)OC3c2ccc(Cl)o2)n1,Cystic fibrosis transmembrane conductance regulator
CSc1cccc(Nc2nc(-c3cccc(OCC(=O)O)c3)cs2)c1,Cystic fibrosis transmembrane conductance regulator
CCCCCc1ccc(NC(=O)[C@@H]2Cc3ccccc3CN2C(=O)c2cccc(OCC(C)C)c2)cc1,Cystic fibrosis transmembrane conductance regulator
CSc1cccc(Nc2nc(-c3ccc(Cl)cc3)c(-c3ccc(C)cc3)s2)c1,Cystic fibrosis transmembrane conductance regulator
CC(C)(C)c1ccc(NC(=O)c2c[nH]c3ccccc3c2=O)cc1CN,Cystic fibrosis transmembrane conductance regulator
CCCCCN(C(C)=O)c1ccc(NC(=O)[C@H]2Cc3ccccc3CN2C(=O)c2cccc(Oc3ccccc3)c2)cc1,Cystic fibrosis transmembrane conductance regulator
OCCc1cc(-c2ccccc2OCc2ccc(Br)cc2)no1,Cystic fibrosis transmembrane conductance regulator
CC(=O)Oc1ccccc1C(=O)Nc1nc(-c2ccc(Br)cc2)cs1,Cystic fibrosis transmembrane conductance regulator
CCc1ccc(NC(=O)c2c[nH]c3ccccc3c2=O)cc1N,Cystic fibrosis transmembrane conductance regulator
O=C(O)c1cc(/C=C2SC(=S)N(c3cccc(C(F)(F)F)c3)C2=O)ccc1O,Cystic fibrosis transmembrane conductance regulator
CSc1cccc(Nc2nc(-c3cc(Br)ccc3O)cs2)c1,Cystic fibrosis transmembrane conductance regulator
CCCCCc1ccc(NC(=O)[C@@H]2Cc3ccccc3CN2C(=O)c2ccc(OC)c(OC(C)C)c2)cc1,Cystic fibrosis transmembrane conductance regulator
O=C1/C(=C/c2ccc(S(=O)(=O)[O-])cc2)SC(=S)N1c1cccc(C(F)(F)F)c1.[Na+],Cystic fibrosis transmembrane conductance regulator
COc1ccc(Cl)cc1Nc1nc(-c2nnc(NC(=O)C(C)(C)C)o2)cs1,Cystic fibrosis transmembrane conductance regulator
CNc1nc(Nc2ccc([N+](=O)[O-])cc2)nc(OCC(F)(F)C(F)F)n1,Cystic fibrosis transmembrane conductance regulator
FC(F)(F)C(Oc1nc(N2CCCCCC2)nc(N(c2ccccc2)c2ccccc2)n1)C(F)(F)F,Cystic fibrosis transmembrane conductance regulator
O=C1C(C(=S)Nc2ccc(S(=O)(=O)[O-])cc2)SC(=S)N1c1cccc(C(F)(F)F)c1.[Na+],Cystic fibrosis transmembrane conductance regulator
COc1ccc(OC)c(Nc2nc(-c3sc(NC(=O)c4ccc(Cl)cc4)nc3C)cs2)c1,Cystic fibrosis transmembrane conductance regulator
CCSc1cccc(Nc2nc(-c3cccc(Cl)c3)cs2)c1,Cystic fibrosis transmembrane conductance regulator
O=C(O)c1ccccc1/C=C1SC(=S)N(c2ccc(C(F)(F)F)cc2)C1=O,Cystic fibrosis transmembrane conductance regulator
Cc1ccccc1-c1c2c(=O)n(C)c(=O)n(C)c2c2n1-c1ccccc1NC2c1cccc([N+](=O)[O-])c1,Cystic fibrosis transmembrane conductance regulator
COc1ccc(Cl)cc1Cn1nc(C(=O)NCCO)cc1-c1sc(NC(=O)C(C)(C)C)nc1C,Cystic fibrosis transmembrane conductance regulator
O=c1c(CNc2ccc3cc[nH]c3c2)c[nH]c2ccccc12,Cystic fibrosis transmembrane conductance regulator
O=C(O)c1ccc(/C=C2SC(=S)N(c3ccc(F)c(C(F)(F)F)c3)C2=O)cc1,Cystic fibrosis transmembrane conductance regulator
CCOC(=O)c1ccc2c(c1)-n1c(-c3ccccc3)c3c(=O)n(C)c(=O)n(C)c3c1[C@@H](c1ccc(Br)o1)O2,Cystic fibrosis transmembrane conductance regulator
CCc1ccccc1NC(=O)c1c[nH]c2ccccc2c1=O,Cystic fibrosis transmembrane conductance regulator
O=C(Nc1ccc2ccccc2c1)c1c[nH]c2ccccc2c1=O,Cystic fibrosis transmembrane conductance regulator
CCCCCc1ccc(NC(=O)[C@@H]2Cc3ccccc3CN2C(=O)c2ccc(Cl)c(Cl)c2)cc1,Cystic fibrosis transmembrane conductance regulator
CCOc1ccc(NC(=O)[C@H]2Cc3ccccc3CN2C(=O)c2cccc(Oc3ccccc3)c2)cc1,Cystic fibrosis transmembrane conductance regulator
O=c1c(-c2cccc([N+](=O)[O-])c2)nc2cc(Cl)ccc2n1Cc1ccccc1,Cystic fibrosis transmembrane conductance regulator
CSc1cccc(Nc2nc(-c3ccc4c(c3)ncn4C)cs2)c1,Cystic fibrosis transmembrane conductance regulator
O=C(c1cnc2ccccc2c1)N(Cc1ccccc1)Cc1ccccc1,Cystic fibrosis transmembrane conductance regulator
FC(F)(F)C(Oc1nc(Nc2ccccc2)nc(OC(C(F)(F)F)C(F)(F)F)n1)C(F)(F)F,Cystic fibrosis transmembrane conductance regulator
COC(=O)CCC(=O)Nc1nc2c(s1)-c1nc(Nc3cc(Cl)ccc3OC)sc1CCCC2,Cystic fibrosis transmembrane conductance regulator
Cc1nc(NC(=O)c2ccc(Cl)cc2)sc1-c1csc(Nc2ccc(Cl)cc2)n1,Cystic fibrosis transmembrane conductance regulator
COc1ccc(Cl)cc1Cn1nc(C(=O)N2CCOCC2)cc1-c1sc(NC(=O)C(C)(C)C)nc1C,Cystic fibrosis transmembrane conductance regulator
COc1ccc(C(=O)NCCNc2nc3cc(C)cc(C)c3cc2C#N)nc1,Cystic fibrosis transmembrane conductance regulator
COc1ccccc1-c1cc(CCl)on1,Cystic fibrosis transmembrane conductance regulator
CCCCn1cnc2c1N=CN1C2=[NH+][C@](C)(C(=O)[O-])[C@@H](O)[C@@]1(C)O,Cystic fibrosis transmembrane conductance regulator
Cc1cc(C)c2cc(C#N)c(NCCNC(=O)c3cnccn3)nc2c1,Cystic fibrosis transmembrane conductance regulator
Cc1ccc(C2OCCn3c(-c4ccccc4)c4c(=O)n(C)c(=O)n(C)c4c32)o1,Cystic fibrosis transmembrane conductance regulator
O=C(O)c1ccc(/C=C2SC(=S)N(c3ccc(Cl)c(C(F)(F)F)c3)C2=O)cc1,Cystic fibrosis transmembrane conductance regulator
O=C(O)c1ccc(-n2cc(-c3ccc(C(F)(F)F)cc3)nn2)cc1,Cystic fibrosis transmembrane conductance regulator
CCN(CC)c1nc(Nc2cccc(C(=O)O)c2)nc(OC(C(F)(F)F)C(F)(F)F)n1,Cystic fibrosis transmembrane conductance regulator
CSc1cccc(Nc2nc(-c3cccc(C)c3)cs2)c1,Cystic fibrosis transmembrane conductance regulator
Oc1c(-c2ccccc2)c2cccc[n+]2c2c(Cl)cccc12.[Cl-],Cystic fibrosis transmembrane conductance regulator
O=C1/C(=C/c2cc(Br)c(O)c(Br)c2)SC(=S)N1c1cccc(C(F)(F)F)c1,Cystic fibrosis transmembrane conductance regulator
O=C(O)c1ccc(/C=C2SC(=S)N(c3cc(C(F)(F)F)ccc3Cl)C2=O)cc1,Cystic fibrosis transmembrane conductance regulator
Cc1cc(C)c2cc(C#N)c(N3CCN(C(=O)c4ccccn4)CC3)nc2c1,Cystic fibrosis transmembrane conductance regulator
O=C(O)c1cc(Nc2nc(-c3cccc(C(F)(F)F)c3)cs2)ccc1O,Cystic fibrosis transmembrane conductance regulator
Cc1ccc(C2Nc3ccccc3-n3c(-c4ccccc4C)c4c(=O)n(C)c(=O)n(C)c4c32)o1,Cystic fibrosis transmembrane conductance regulator
CCOc1ccccc1Nc1nc(-c2sc(NC(=O)C(C)(C)C)nc2C)cs1,Cystic fibrosis transmembrane conductance regulator
CCCCCc1ccc(NC(=O)[C@@H]2Cc3ccccc3CN2C(=O)c2cc(Oc3ccccc3)ccn2)cc1,Cystic fibrosis transmembrane conductance regulator
CSc1cccc(Nc2nc(-c3cc(Cl)ccc3Cl)cs2)c1,Cystic fibrosis transmembrane conductance regulator
Nc1cccc(NC(=O)c2c[nH]c3ccccc3c2=O)c1,Cystic fibrosis transmembrane conductance regulator
CCCCC(O)c1cc2cc(C)c(C(=O)O)cc2n1CCc1ccccc1,Cystic fibrosis transmembrane conductance regulator
CCCSc1cccc(Nc2nc(-c3cccc(Cl)c3)cs2)c1,Cystic fibrosis transmembrane conductance regulator
ClCc1cc(-c2ccccc2OCc2ccccc2)no1,Cystic fibrosis transmembrane conductance regulator
COc1ccc(Cl)cc1Nc1nc(-c2sc(NC(=O)C(C)(C)C)nc2C)c(-n2cc(-c3ccccc3)nn2)s1,Cystic fibrosis transmembrane conductance regulator
COc1cccc(COc2ccccc2C2=NOC(CCl)C2)c1,Cystic fibrosis transmembrane conductance regulator
O=C1/C(=C/c2cc(Br)c(O)c(Br)c2O)SC(=S)N1c1cccc(C(F)(F)F)c1,Cystic fibrosis transmembrane conductance regulator
Cc1nc2cccc[n+]2c(C)c1[O-],Cystic fibrosis transmembrane conductance regulator
N#Cc1cccc(-c2nc3ccccc3n(Cc3ccccc3)c2=O)c1,Cystic fibrosis transmembrane conductance regulator
CCCCCc1ccc(NC(=O)[C@@H]2Cc3ccccc3CN2C(=O)c2cccc(OC3CCCCC3)c2)cc1,Cystic fibrosis transmembrane conductance regulator
Cc1ccc(C2Nc3cc(C)c(C)cc3-n3c(-c4ccccc4F)c4c(=O)n(C)c(=O)n(C)c4c32)o1,Cystic fibrosis transmembrane conductance regulator
Cc1cc(C)c2cc(C#N)c(N3CCN(C(=O)c4ccncc4)CC3)nc2c1,Cystic fibrosis transmembrane conductance regulator
O=c1c(-c2cccc([N+](=O)[O-])c2)nc2ccccc2n1Cc1cccs1,Cystic fibrosis transmembrane conductance regulator
Oc1cc2cccc[n+]2c2cc(F)ccc12.[Cl-],Cystic fibrosis transmembrane conductance regulator
NCCNC(=O)c1ccc(/C=C2SC(=S)N(c3cccc(C(F)(F)F)c3)C2=O)cc1,Cystic fibrosis transmembrane conductance regulator
Cn1c(=O)c2c(-c3ccccc3)n3c(c2n(C)c1=O)C(c1ccc(-c2ccccc2)o1)Nc1ccccc1-3,Cystic fibrosis transmembrane conductance regulator
Cn1c(=O)c2c(-c3ccccc3)n3c(c2n(C)c1=O)C(c1nccs1)NCC3,Cystic fibrosis transmembrane conductance regulator
COc1ccc(COc2ccccc2-c2cc(CCO)on2)cc1,Cystic fibrosis transmembrane conductance regulator
CC(C)(C)c1cc2cc(NC(=O)C3(c4ccc5c(c4)OC(F)(F)O5)CC3)c(F)cc2n1CC[N+](C)(C)C,Cystic fibrosis transmembrane conductance regulator
CCc1c[nH]c2cc(NC(=O)c3c[nH]c4ccccc4c3=O)ccc12,Cystic fibrosis transmembrane conductance regulator
O=C(O)c1ccc(/C=C2SC(=S)N(c3ccc(C(F)(F)F)cc3)C2=O)cc1,Cystic fibrosis transmembrane conductance regulator
CCCCCCc1ccc(NC(=O)[C@H]2Cc3ccccc3CN2C(=O)c2cccc(Oc3ccccc3)c2)cc1,Cystic fibrosis transmembrane conductance regulator
C[C@]1(C(=O)[O-])[NH+]=C2C=CC=CN2[C@](C)(O)[C@H]1O,Cystic fibrosis transmembrane conductance regulator
COC(=O)C1CC(c2ccccc2OCc2cccc(OC)c2)=NO1,Cystic fibrosis transmembrane conductance regulator
COc1c(Cl)cccc1Nc1nc(-c2sc(NC(=O)c3ccccc3)nc2C)cs1,Cystic fibrosis transmembrane conductance regulator
CCN(CC)c1nc(Nc2ccc3cn[nH]c3c2)nc(OC(C(F)(F)F)C(F)(F)F)n1,Cystic fibrosis transmembrane conductance regulator
COC(=O)c1onc(-c2ccccc2OCc2ccc(Br)cc2)c1C(=O)OC,Cystic fibrosis transmembrane conductance regulator
O=C(O)c1ccc(/C=C2SC(=O)N(c3cccc(C(F)(F)F)c3)C2=O)cc1,Cystic fibrosis transmembrane conductance regulator
Brc1ccc(-c2csc(N(Cc3ccccc3)Cc3ccccc3)n2)cc1,Cystic fibrosis transmembrane conductance regulator
O=C(O)c1ccc(NC(=S)C2SC(=S)N(c3cccc(C(F)(F)F)c3)C2=O)cc1,Cystic fibrosis transmembrane conductance regulator
Cc1cccc(-c2c3c(=O)n(C)c(=O)n(C)c3c3n2-c2ccccc2NC3c2cccc([N+](=O)[O-])c2F)c1,Cystic fibrosis transmembrane conductance regulator
O=C(Nc1nc(-c2ccc(Br)cc2)cs1)c1ccccc1,Cystic fibrosis transmembrane conductance regulator
CCN(CC)c1nc(Nc2ccc(F)cc2)nc(OCC(F)(F)C(F)F)n1,Cystic fibrosis transmembrane conductance regulator
COc1ccc(Cl)cc1Nc1nc2c(s1)CCCc1nc(NC(=O)c3ccno3)sc1-2,Cystic fibrosis transmembrane conductance regulator
CCCc1ccc(NC(=O)c2c[nH]c3ccccc3c2=O)cc1N,Cystic fibrosis transmembrane conductance regulator
C[C@]1(C(=O)[O-])[NH+]=C2c3ncn(CCCc4ccccc4)c3N=CN2[C@](C)(O)[C@@H]1O,Cystic fibrosis transmembrane conductance regulator
COc1ccc(C(=O)NCCNc2nc3cc(C)cc(C)c3cc2C#N)cc1OC,Cystic fibrosis transmembrane conductance regulator
CSc1cccc(Nc2nc(-c3nc(C)cs3)cs2)c1,Cystic fibrosis transmembrane conductance regulator
COCc1cc(-c2ccccc2OCc2ccc(Br)cc2)no1,Cystic fibrosis transmembrane conductance regulator
Cc1ccc(Nc2nc(-c3sc(NC(=O)c4ccc(Cl)cc4)nc3C)cs2)cc1,Cystic fibrosis transmembrane conductance regulator
Cc1ccc(C2c3c4c(c(-c5ccccc5)n3-c3ccccc3N2N=O)c(=O)n(C)c(=O)n4C)o1,Cystic fibrosis transmembrane conductance regulator
CSc1cccc(Nc2nc(-c3cccc(Cl)c3)cs2)c1,Cystic fibrosis transmembrane conductance regulator
CNc1nc(Nc2ccccc2C(F)(F)F)nc(OC(C(F)(F)F)C(F)(F)F)n1,Cystic fibrosis transmembrane conductance regulator
Cc1c(N2C(=O)/C(=C/c3ccc(C(=O)O)cc3)SC2=S)cccc1C(F)(F)F,Cystic fibrosis transmembrane conductance regulator
Cc1ccccc1Nc1nc(OC(C(F)(F)F)C(F)(F)F)nc(OC(C(F)(F)F)C(F)(F)F)n1,Cystic fibrosis transmembrane conductance regulator
C[C@]1(C(=O)[O-])[NH+]=C2c3ccccc3C=CN2[C@](C)(O)[C@@H]1O,Cystic fibrosis transmembrane conductance regulator
COc1ccc(Cl)cc1Nc1ncc(-c2sc(NC(=O)C(C)(C)C)nc2C)o1,Cystic fibrosis transmembrane conductance regulator
Cn1c(=O)c(-c2cccc([N+](=O)[O-])c2)nc2ccccc21,Cystic fibrosis transmembrane conductance regulator
Cc1cc2nc(-c3cccc([N+](=O)[O-])c3)c(=O)n(Cc3ccccc3)c2cc1C,Cystic fibrosis transmembrane conductance regulator
Cn1c(=O)c2c(-c3ccccc3)n3c(c2n(C)c1=O)C(c1ccc(C(F)(F)F)o1)Nc1ccccc1-3,Cystic fibrosis transmembrane conductance regulator
Cn1c(=O)c2c(-c3cccc(C#N)c3)n3c(c2n(C)c1=O)C(c1ccc(Cl)o1)NCC3,Cystic fibrosis transmembrane conductance regulator
CC(C)(CCO)c1cc2cc(NC(=O)C3(c4ccc5c(c4)OC(F)(F)O5)CC3)c(F)cc2n1C[C@@H](O)CO,Cystic fibrosis transmembrane conductance regulator
CSc1cccc(Nc2nc(-c3nc4ccccc4s3)cs2)c1,Cystic fibrosis transmembrane conductance regulator
COc1ccc(COc2ccccc2C2=NOC(CCl)C2)cc1,Cystic fibrosis transmembrane conductance regulator
CC(=O)c1ccc(Nc2nc(OC(C(F)(F)F)C(F)(F)F)nc(OC(C(F)(F)F)C(F)(F)F)n2)cc1,Cystic fibrosis transmembrane conductance regulator
Nc1cc2[n+](c3cc(Br)ccc13)CCc1c-2[nH]c2ccccc12.[Cl-],Cystic fibrosis transmembrane conductance regulator
Cc1cc(C)c2cc(C#N)c(NCCCNC(=O)c3ccncc3)nc2c1,Cystic fibrosis transmembrane conductance regulator
FC(F)(F)COc1nc(Nc2ccccc2)nc(OCC(F)(F)F)n1,Cystic fibrosis transmembrane conductance regulator
COc1ccccc1-c1cc(CO)on1,Cystic fibrosis transmembrane conductance regulator
O=c1c(-c2cccc([N+](=O)[O-])c2)nc2cc(Cl)c(Cl)cc2n1Cc1ccccc1,Cystic fibrosis transmembrane conductance regulator
COc1ccc(COc2ccccc2C2=NOC(CO)C2)cc1,Cystic fibrosis transmembrane conductance regulator
COC(=O)CCC(=O)Nc1nc2c(s1)-c1nc(Nc3cc(Cl)ccc3OC)sc1CCC2,Cystic fibrosis transmembrane conductance regulator
CCc1ccc(C2NCCn3c(-c4ccccc4)c4c(=O)n(C)c(=O)n(C)c4c32)o1,Cystic fibrosis transmembrane conductance regulator
Cc1csc(C2OC(C)Cn3c(-c4ccccc4)c4c(=O)n(C)c(=O)n(C)c4c32)n1,Cystic fibrosis transmembrane conductance regulator
Cn1c(=O)c2c(-c3ccccc3)n3c(c2n(C)c1=O)C(c1ccccc1F)Nc1ccccc1-3,Cystic fibrosis transmembrane conductance regulator
CCCCCc1ccc(NC(=O)[C@@H]2Cc3ccccc3CN2C(=O)c2cccc(Cl)c2)cc1,Cystic fibrosis transmembrane conductance regulator
Cc1cc(C)c2cc(C#N)c(NCCNC(=O)c3cccnc3)nc2c1,Cystic fibrosis transmembrane conductance regulator
Cc1cccnc1Nc1nc2c(s1)CCCCc1nc(NC(=O)C(C)(C)C)sc1-2,Cystic fibrosis transmembrane conductance regulator
CSc1cccc(Nc2nc(-c3cccc([N+](=O)[O-])c3)cs2)c1,Cystic fibrosis transmembrane conductance regulator
CSc1cccc(Nc2nc(-c3cccc(Cl)c3Cl)cs2)c1,Cystic fibrosis transmembrane conductance regulator
CC(C)(C)c1ccc(NC(=O)c2c[nH]c3ccccc3c2=O)cc1CO,Cystic fibrosis transmembrane conductance regulator
Nc1ccc([N+](=O)[O-])cc1-c1nc2ccccc2n(Cc2ccccc2)c1=O,Cystic fibrosis transmembrane conductance regulator
O=C(Nc1ccc(Cl)cc1)[C@@H]1Cc2ccccc2CN1C(=O)c1cccc(Oc2ccccc2)c1,Cystic fibrosis transmembrane conductance regulator
C[C@]1(C(=O)[O-])[NH+]=C2c3ccccc3C=CN2[C@](C)(O)[C@H]1O,Cystic fibrosis transmembrane conductance regulator
COCC1Cn2c(-c3cccc(Cl)c3)c3c(=O)n(C)c(=O)n(C)c3c2C(c2ccc(Cl)o2)O1,Cystic fibrosis transmembrane conductance regulator
[H][C@]12Nc3ccccc3C1(O)[C@@H](O)[C@]13SSS[C@@]4(C(=O)N12)[C@H](O)C1(O)C(=O)C2=C(CC1N4C3=O)O[C@@H](C)C2(C)C,Cystic fibrosis transmembrane conductance regulator
CCCCc1c(O)c2cccc(Cl)c2[n+]2ccccc12.[Cl-],Cystic fibrosis transmembrane conductance regulator
Cc1cc(C)c2cc(C#N)c(NCCCNC(=O)c3ccccn3)nc2c1,Cystic fibrosis transmembrane conductance regulator
CCCCCc1ccc(NC(=O)[C@@H]2Cc3ccccc3CN2C(=O)c2cc(OC(C)C)ccn2)cc1,Cystic fibrosis transmembrane conductance regulator
C=CCn1c(=O)c(-c2cccc([N+](=O)[O-])c2)nc2ccccc21,Cystic fibrosis transmembrane conductance regulator
Cn1c(=O)c2c(-c3cccc(C#N)c3)n3c(c2n(C)c1=O)[C@@H](c1nc(Cl)cs1)O[C@H](CO)C3,Cystic fibrosis transmembrane conductance regulator
CSc1cccc(Nc2nc(-c3ccc(CC(F)(F)F)cc3)cs2)c1,Cystic fibrosis transmembrane conductance regulator
COc1ccc(COc2cccc(-c3cc(CCl)on3)c2)cc1,Cystic fibrosis transmembrane conductance regulator
CSc1cccc(Nc2nc(-c3cccnc3)cs2)c1,Cystic fibrosis transmembrane conductance regulator
CC(C)(C)c1cc2c(C#N)c(NC(=O)C3(c4ccc5c(c4)OC(F)(F)O5)CC3)ccc2[nH]1,Cystic fibrosis transmembrane conductance regulator
O=C1/C(=C/c2ccc(-c3nn[nH]n3)cc2)SC(=S)N1c1cccc(C(F)(F)F)c1,Cystic fibrosis transmembrane conductance regulator
CSc1cccc(Nc2nc(-c3ccc(Cl)c(Cl)c3)cs2)c1,Cystic fibrosis transmembrane conductance regulator
CSc1cccc(Nc2nc(-c3nc4ccccc4n3C)cs2)c1,Cystic fibrosis transmembrane conductance regulator
CSc1cccc(Nc2nc(-c3c(Cl)ccc(F)c3Cl)cs2)c1,Cystic fibrosis transmembrane conductance regulator
O=C(Nc1ccc2cn[nH]c2c1)c1c[nH]c2ccccc2c1=O,Cystic fibrosis transmembrane conductance regulator
CN(C)c1cccc(Nc2nc3c(s2)CCCCc2nc(NC(=O)C(C)(C)C)sc2-3)c1,Cystic fibrosis transmembrane conductance regulator
CCCCc1cc(-c2ccccc2OCc2ccc(OC)cc2)no1,Cystic fibrosis transmembrane conductance regulator
O=C(Nc1ccc(Cl)cc1)C1Cc2ccccc2CN1C(=O)c1cccc(Oc2ccccc2)c1,Cystic fibrosis transmembrane conductance regulator
O=C(Nc1ccc(Cl)cc1)[C@H]1Cc2ccccc2CN1C(=O)c1cccc(Oc2ccc(F)cc2)c1,Cystic fibrosis transmembrane conductance regulator
Cc1csc(C2OC[C@@H](C)n3c(-c4ccccc4)c4c(=O)n(C)c(=O)n(C)c4c32)n1,Cystic fibrosis transmembrane conductance regulator
COc1c(Br)cc(/C=C2SC(=S)N(c3cccc(C(F)(F)F)c3)C2=O)c(O)c1Br,Cystic fibrosis transmembrane conductance regulator
CSc1cccc(Nc2nc(-c3ccc(CCCl)cc3)cs2)c1,Cystic fibrosis transmembrane conductance regulator
CSc1cccc(Nc2nc(-c3cc(OC(C)=O)c(OC(C)=O)c(OC(C)=O)c3)cs2)c1,Cystic fibrosis transmembrane conductance regulator
CSc1cccc(Nc2nc(-c3cc(Cl)ccc3O)cs2)c1,Cystic fibrosis transmembrane conductance regulator
O=C(Nc1ccc(Cl)cc1)[C@H]1Cc2ccccc2CN1C(=O)c1cccc(Oc2ccccn2)c1,Cystic fibrosis transmembrane conductance regulator
CCc1cc2cc[nH]c2cc1NC(=O)c1c[nH]c2ccccc2c1=O,Cystic fibrosis transmembrane conductance regulator
Cc1cc2c(cc1C)-n1c(-c3ccccc3)c3c(=O)n(C)c(=O)n(C)c3c1C(c1ccc(O)cc1)N2,Cystic fibrosis transmembrane conductance regulator
O=c1c(-c2cccc([N+](=O)[O-])c2)nc2ccccc2n1Cc1ccc2ccccc2c1,Cystic fibrosis transmembrane conductance regulator
Cn1c(=O)c2c(-c3ccccc3)n3c(c2n(C)c1=O)C(c1cccc(F)c1F)Nc1ccccc1-3,Cystic fibrosis transmembrane conductance regulator
Cn1c(=O)c2c(-c3ccccc3)n3c(c2n(C)c1=O)C(c1ccc(Br)o1)Nc1ccc([N+](=O)[O-])cc1-3,Cystic fibrosis transmembrane conductance regulator
CC(C)N.Cn1c(=O)c2c(-c3ccccc3)n3c(c2n(C)c1=O)[C@H](c1ccc(Br)o1)Oc1ccc(C(=O)O)cc1-3,Cystic fibrosis transmembrane conductance regulator
CCCOc1ccc(-c2csc(Nc3cccc(SC)c3)n2)cc1,Cystic fibrosis transmembrane conductance regulator
COc1cccc(COc2ccccc2-c2cc(CO)on2)c1,Cystic fibrosis transmembrane conductance regulator
O=[N+]([O-])c1ccc2nc3n(Cc4ccccc4)c4ccc(C(F)(F)F)cc4nc-3c2c1,Cystic fibrosis transmembrane conductance regulator
Cn1c(=O)c2c(-c3ccccc3)n3c(c2n(C)c1=O)C(c1ccc(O)cc1)Nc1ccccc1-3,Cystic fibrosis transmembrane conductance regulator
COc1ccc(Cl)cc1Nc1nc(-c2cccc(NC(=O)C(C)(C)C)c2)c(C)s1,Cystic fibrosis transmembrane conductance regulator
CCOC(=O)c1c(O)c2cc(F)ccc2[n+]2ccccc12.[Cl-],Cystic fibrosis transmembrane conductance regulator
CCCCc1ccc(NC(=O)[C@H]2Cc3ccccc3CN2C(=O)c2cccc(Oc3ccccc3)c2)cc1,Cystic fibrosis transmembrane conductance regulator
Cn1c(=O)c2c(-c3ccccc3)n3c(c2n(C)c1=O)C(C1CC=CCC1)NCC3,Cystic fibrosis transmembrane conductance regulator
Cn1c(=O)c2c(-c3ccccc3)n3c(c2n(C)c1=O)C(C1CCCCC1)NCC3,Cystic fibrosis transmembrane conductance regulator
O=C1/C(=C/c2ccc(O)c(O)c2)SC(=S)N1c1cccc(C(F)(F)F)c1,Cystic fibrosis transmembrane conductance regulator
CC(C)CCCc1ccc(NC(=O)[C@H]2Cc3ccccc3CN2C(=O)c2cccc(Oc3ccccc3)c2)cc1,Cystic fibrosis transmembrane conductance regulator
COc1ccc(-c2csc(Nc3cccc(SC)c3)n2)c(OC)c1,Cystic fibrosis transmembrane conductance regulator
CC(C)(C)c1ccc(NC(=O)c2c[nH]c3ccccc3c2=O)cc1N,Cystic fibrosis transmembrane conductance regulator
Cn1c(=O)c2c(-c3ccccc3F)n3c(c2n(C)c1=O)C(c1cccc(Cl)c1)Nc1ccccc1-3,Cystic fibrosis transmembrane conductance regulator
CC(C)(CO)c1cc2cc(NC(=O)C3(c4ccc5c(c4)OC(F)(F)O5)CC3)c(F)cc2n1C[C@@H](O)CO,Cystic fibrosis transmembrane conductance regulator
CC(C)Cc1c(O)c2cccc(Cl)c2[n+]2ccccc12.[Cl-],Cystic fibrosis transmembrane conductance regulator
COc1ccc(COc2ccc(Br)cc2-c2cc(CO)on2)cc1,Cystic fibrosis transmembrane conductance regulator
Nc1nc(-c2ccc(Br)cc2)cs1,Cystic fibrosis transmembrane conductance regulator
CSc1cccc(Nc2nc(-c3cccs3)cs2)c1,Cystic fibrosis transmembrane conductance regulator
Cn1c(=O)c2c(-c3ccccc3)n3c(c2n(C)c1=O)C(c1ccc(I)o1)Nc1ccccc1-3,Cystic fibrosis transmembrane conductance regulator
Cn1c(=O)c2c(-c3cccc(C#N)c3)n3c(c2n(C)c1=O)[C@H](c1ccc(Cl)o1)O[C@@H](CO)C3,Cystic fibrosis transmembrane conductance regulator
COC(=O)c1cc(-c2ccccc2OCc2ccc(Br)cc2)no1,Cystic fibrosis transmembrane conductance regulator
O=C(Nc1ccc2cc[nH]c2n1)c1c[nH]c2ccccc2c1=O,Cystic fibrosis transmembrane conductance regulator
O=C1S/C(=Cc2ccc(-c3nn[nH]n3)cc2)C(=O)N1c1cccc(C(F)(F)F)c1,Cystic fibrosis transmembrane conductance regulator
COc1cccc(C2Nc3ccccc3-n3c(-c4ccccc4F)c4c(=O)n(C)c(=O)n(C)c4c32)c1,Cystic fibrosis transmembrane conductance regulator
CCCCCc1ccc(NC(=O)[C@@H]2Cc3ccccc3CN2C(=O)c2cncc(OC3CCCCC3)c2)cc1,Cystic fibrosis transmembrane conductance regulator
O=C(O)c1ccc(SC2CC(=O)N(c3cccc(C(F)(F)F)c3)C2=O)cc1,Cystic fibrosis transmembrane conductance regulator
OCc1cc(-c2ccccc2OCc2ccc(Br)cc2)no1,Cystic fibrosis transmembrane conductance regulator
CC(C)c1ccccc1NC(=O)c1c[nH]c2ccccc2c1=O,Cystic fibrosis transmembrane conductance regulator
COC(=O)C1CC(c2ccccc2OCc2ccc(OC)cc2)=NO1,Cystic fibrosis transmembrane conductance regulator
CC(=O)Nc1cc(NC(=O)c2c[nH]c3ccccc3c2=O)ccc1C(C)(C)C,Cystic fibrosis transmembrane conductance regulator
CCOC(=O)c1c(O)c2cccc(F)c2[n+]2ccccc12.[Cl-],Cystic fibrosis transmembrane conductance regulator
COc1ccc(Cl)cc1Nc1nc2c(s1)CCCCc1nc(NC(=O)c3ccno3)sc1-2,Cystic fibrosis transmembrane conductance regulator
O=C(O)c1ccc([N+](=O)[O-])c(-c2nc3ccccc3n(Cc3ccccc3)c2=O)c1,Cystic fibrosis transmembrane conductance regulator
Cn1c(=O)c2c(-c3nc(CO)cs3)n3c(c2n(C)c1=O)[C@@H](c1ccc(Cl)o1)O[C@H](CO)C3,Cystic fibrosis transmembrane conductance regulator
O=C(O)COc1ccc(/C=C2SC(=S)N(c3cccc(C(F)(F)F)c3)C2=O)cc1,Cystic fibrosis transmembrane conductance regulator
O=C1/C(=C/c2ccc(S(=O)(=O)[O-])cc2S(=O)(=O)[O-])SC(=S)N1c1cccc(C(F)(F)F)c1.[Na+].[Na+],Cystic fibrosis transmembrane conductance regulator
Cc1ccc(C2Nc3ccccc3-n3c(-c4ccccc4)c4c(=O)n(C)c(=O)n(C)c4c32)s1,Cystic fibrosis transmembrane conductance regulator
CCC(C)Nc1nc(Nc2ccc([N+](=O)[O-])cc2)nc(OC(C(F)(F)F)C(F)(F)F)n1,Cystic fibrosis transmembrane conductance regulator
CSc1cccc(Nc2nc(-c3cc4ccccc4o3)cs2)c1,Cystic fibrosis transmembrane conductance regulator
COc1ccccc1C(=O)NCCCNc1nc2cc(C)cc(C)c2cc1C#N,Cystic fibrosis transmembrane conductance regulator
CCCCCc1ccc(NC(=O)[C@@H]2Cc3ccccc3CN2C(=O)c2cccc(OC(C)C)c2)cc1,Cystic fibrosis transmembrane conductance regulator
COc1cc(Br)ccc1/C=C1SC(=S)N(c2cccc(C(F)(F)F)c2)C1=O,Cystic fibrosis transmembrane conductance regulator
CSc1cccc(Nc2nc(-c3cccc(OCC(=O)OC(C)(C)C)c3)cs2)c1,Cystic fibrosis transmembrane conductance regulator
O=C1/C(=C/c2ccc(O)c(O)c2O)SC(=S)N1c1cccc(C(F)(F)F)c1,Cystic fibrosis transmembrane conductance regulator
CSc1cccc(Nc2nc(-c3cc(Cl)cc(Cl)c3O)cs2)c1,Cystic fibrosis transmembrane conductance regulator
CSc1cccc(Nc2nc(-c3cccc(Br)c3)cs2)c1,Cystic fibrosis transmembrane conductance regulator
CC(C)c1ccc(NC(=O)c2c[nH]c3ccccc3c2=O)cc1N,Cystic fibrosis transmembrane conductance regulator
Cc1ccc(Nc2nc(OC(C(F)(F)F)C(F)(F)F)nc(N3CCCCC3)n2)cc1,Cystic fibrosis transmembrane conductance regulator
O=C(Nc1nc(-c2ccc(Br)cc2)cs1)c1ccncc1,Cystic fibrosis transmembrane conductance regulator
O=c1c(-c2cccc([N+](=O)[O-])c2)nc2cc(Br)ccc2n1Cc1ccccc1,Cystic fibrosis transmembrane conductance regulator
O=c1c(-c2ccc([N+](=O)[O-])cc2)nc2ccccc2n1Cc1ccccc1,Cystic fibrosis transmembrane conductance regulator
Cc1ccc(Nc2nc(OC(C(F)(F)F)C(F)(F)F)nc(OC(C(F)(F)F)C(F)(F)F)n2)cc1,Cystic fibrosis transmembrane conductance regulator
C=CCNc1nc(Nc2cccc([N+](=O)[O-])c2)nc(OC(C(F)(F)F)C(F)(F)F)n1,Cystic fibrosis transmembrane conductance regulator
COC(=O)Nc1cc(NC(=O)c2c[nH]c3ccccc3c2=O)ccc1C(C)(C)C,Cystic fibrosis transmembrane conductance regulator
CSc1cccc(Nc2nc(-c3cccc(SC)c3)cs2)c1,Cystic fibrosis transmembrane conductance regulator
Cn1c(=O)c2c(-c3ccccc3)n3c(c2n(C)c1=O)C(c1ccc(Cl)cc1)NCC3,Cystic fibrosis transmembrane conductance regulator
O=C(c1cnc2ccccn2c1=O)N(Cc1ccccc1)Cc1ccccc1,Cystic fibrosis transmembrane conductance regulator
CC(C)(C)c1ccc(NC(=O)c2c[nH]c3ccccc3c2=O)cc1S(N)(=O)=O,Cystic fibrosis transmembrane conductance regulator
Cc1cccc(-c2c3c(=O)n(C)c(=O)n(C)c3c3n2-c2ccccc2OC3c2ccc(C)o2)c1,Cystic fibrosis transmembrane conductance regulator
COc1ccc(Nc2nc(NC3CCCCC3)nc(OC(C(F)(F)F)C(F)(F)F)n2)cc1,Cystic fibrosis transmembrane conductance regulator
Nc1cc2[n+](c3c(Cl)cccc13)CCc1c-2[nH]c2ccccc12.[Cl-],Cystic fibrosis transmembrane conductance regulator
O=C(Nc1ccc(Cl)cc1)[C@H]1Cc2ccccc2CN1C(=O)c1cccc(Oc2ccccc2)c1,Cystic fibrosis transmembrane conductance regulator
O=C(O)c1ccc(Nc2nnc(-c3cccc(C(F)(F)F)c3)s2)cc1,Cystic fibrosis transmembrane conductance regulator
CCC(C)C(=O)Nc1nc2c(s1)-c1nc(Nc3cc(Cl)ccc3OC)sc1CCCC2,Cystic fibrosis transmembrane conductance regulator
CSc1cccc(N(C)c2nc(-c3cccc(Cl)c3)cs2)c1,Cystic fibrosis transmembrane conductance regulator
CCn1c(=O)c(-c2cccc([N+](=O)[O-])c2)nc2ccccc21,Cystic fibrosis transmembrane conductance regulator
CSc1cccc(Nc2nc(-c3ccc4c(c3)OCO4)cs2)c1,Cystic fibrosis transmembrane conductance regulator
Cc1ccc(C2Oc3cc([N+](=O)[O-])c(Cl)cc3-n3c(-c4ccccc4)c4c(=O)n(C)c(=O)n(C)c4c32)o1,Cystic fibrosis transmembrane conductance regulator
FC(F)(F)C(Oc1nc(Nc2cccnc2)nc(OC(C(F)(F)F)C(F)(F)F)n1)C(F)(F)F,Cystic fibrosis transmembrane conductance regulator
CSc1cccc(Nc2nc(-c3ccc4c(c3)OCCO4)cs2)c1,Cystic fibrosis transmembrane conductance regulator
O=C(O)c1ccc(/C=C2SC(=S)N(Cc3cccc(C(F)(F)F)c3)C2=O)cc1,Cystic fibrosis transmembrane conductance regulator
COc1ccc(-c2csc(Nc3cccc(SC)c3)n2)cc1Cl,Cystic fibrosis transmembrane conductance regulator
Cn1c(=O)c2c(-c3ccccc3)n3c(c2n(C)c1=O)C(c1ccc(Br)o1)Oc1ccc(C(=O)O)cc1-3,Cystic fibrosis transmembrane conductance regulator
Brc1ccc(-c2csc(NCc3ccccc3)n2)cc1,Cystic fibrosis transmembrane conductance regulator
COc1cc2c(cc1OC)CN(c1csc(Nc3cccc(SC)c3)n1)CC2,Cystic fibrosis transmembrane conductance regulator
CCCCCc1ccc(NC(=O)[C@@H]2Cc3ccccc3CN2C(=O)c2cccc(OC3CCCC3)c2)cc1,Cystic fibrosis transmembrane conductance regulator
O=C1/C(=C/c2ccncc2)SC(=S)N1c1cccc(C(F)(F)F)c1,Cystic fibrosis transmembrane conductance regulator
COc1ccc(COc2ccc(-c3cc(CCl)on3)cc2)cc1,Cystic fibrosis transmembrane conductance regulator
O=c1c(-c2ccccc2)nc2ccccc2n1Cc1ccccc1,Cystic fibrosis transmembrane conductance regulator
CN(C)c1nc(Nc2ccc(OC(F)(F)F)cc2)nc(OCC(F)(F)F)n1,Cystic fibrosis transmembrane conductance regulator
CSc1cccc(Nc2nc(-c3cccc(I)c3)cs2)c1,Cystic fibrosis transmembrane conductance regulator
CCCCCc1ccc(NC(=O)[C@@H]2Cc3ccccc3CN2C(=O)c2cccc(OC)c2)cc1,Cystic fibrosis transmembrane conductance regulator
Cc1ccc(C2Oc3ccc([N+](=O)[O-])cc3-n3c(-c4ccccc4)c4c(=O)n(C)c(=O)n(C)c4c32)o1,Cystic fibrosis transmembrane conductance regulator
O=C(O)c1cccc(/C=C2SC(=S)N(c3ccc(F)c(C(F)(F)F)c3)C2=O)c1,Cystic fibrosis transmembrane conductance regulator
Oc1cc2cccc[n+]2c2cccc(F)c12.[Cl-],Cystic fibrosis transmembrane conductance regulator
Nc1cc2[n+](c3ccc(Cl)cc13)CCc1c-2[nH]c2ccccc12.[Cl-],Cystic fibrosis transmembrane conductance regulator
CC1(C)CCn2c1cc1cc(NC(=O)C3(c4ccc5c(c4)OC(F)(F)O5)CC3)c(F)cc12,Cystic fibrosis transmembrane conductance regulator
COc1ccc([N+](=O)[O-])cc1Nc1nc2c(s1)CCCCc1nc(NC(=O)C(C)(C)C)sc1-2,Cystic fibrosis transmembrane conductance regulator
C=CCn1cnc2c1N=CN1C2=[NH+][C@](C)(C(=O)[O-])[C@@H](O)[C@@]1(C)O,Cystic fibrosis transmembrane conductance regulator
Cc1ccc(C2c3c4c(c(-c5ccccc5)n3-c3ccccc3N2C)c(=O)n(C)c(=O)n4C)o1,Cystic fibrosis transmembrane conductance regulator
CSc1cccc(Nc2nc(-c3cccc(NC(C)=O)c3)cs2)c1,Cystic fibrosis transmembrane conductance regulator
C[C@]1(C(=O)[O-])[NH+]=C2C=CC=CN2[C@](C)(O)[C@@H]1O,Cystic fibrosis transmembrane conductance regulator
CCN(CC)c1nc(Nc2cccc([N+](=O)[O-])c2)nc(OCC(F)(F)C(F)F)n1,Cystic fibrosis transmembrane conductance regulator
Cn1c(=O)c2c(-c3ccccc3)n3c(c2n(C)c1=O)C(c1ccc(CO)o1)Nc1ccccc1-3,Cystic fibrosis transmembrane conductance regulator
CCCCCc1ccc(NC(=O)[C@@H]2Cc3ccccc3CN2C(=O)c2ccc(OC)c(Oc3ccccc3)c2)cc1,Cystic fibrosis transmembrane conductance regulator
O=C(O)COc1cccc(/C=C2SC(=S)N(c3cccc(C(F)(F)F)c3)C2=O)c1,Cystic fibrosis transmembrane conductance regulator
O=C(O)c1cc(/C=C2SC(=S)N(c3ccc(C(F)(F)F)cc3)C2=O)ccc1O,Cystic fibrosis transmembrane conductance regulator
COc1ccc(Cl)cc1Nc1nc2c(s1)CCCCc1nc(N)sc1-2,Cystic fibrosis transmembrane conductance regulator
Cn1c(=O)c2c(-c3ccccc3)n3c(c2n(C)c1=O)C(c1ccc(Cl)o1)Nc1ccccc1-3,Cystic fibrosis transmembrane conductance regulator
CCN(CC)c1nc(Nc2cccc([N+](=O)[O-])c2)nc(OC(C(F)(F)F)C(F)(F)F)n1,Cystic fibrosis transmembrane conductance regulator
Cn1c(=O)c2c(-c3ccccc3)n3c(c2n(C)c1=O)C(c1ccc(Br)o1)Nc1ccccc1-3,Cystic fibrosis transmembrane conductance regulator
COc1ccc(COc2ccccc2-c2cc(CCl)on2)cc1,Cystic fibrosis transmembrane conductance regulator
Cc1ccccc1-c1c2c(=O)n(C)c(=O)n(C)c2c2n1-c1ccccc1NC2c1ccccc1,Cystic fibrosis transmembrane conductance regulator
O=C(Nc1ccc2[nH]ccc2c1)c1c[nH]c2ccccc2c1=O,Cystic fibrosis transmembrane conductance regulator
Cc1nc(NC(=O)c2ccccc2)sc1-c1csc(Nc2cccc(Cl)c2Cl)n1,Cystic fibrosis transmembrane conductance regulator
COc1nc(Nc2ccc([N+](=O)[O-])cc2)nc(OC)n1,Cystic fibrosis transmembrane conductance regulator
COC(=O)c1cn(-c2sc(Nc3cc(Cl)ccc3OC)nc2-c2sc(NC(=O)C(C)(C)C)nc2C)nn1,Cystic fibrosis transmembrane conductance regulator
O=c1c(-c2cccc([N+](=O)[O-])c2)nc2ccccc2n1Cc1cccc2ccccc12,Cystic fibrosis transmembrane conductance regulator
O=C(NCCO)c1ccc(/C=C2SC(=S)N(c3cccc(C(F)(F)F)c3)C2=O)cc1,Cystic fibrosis transmembrane conductance regulator
O=C1/C(=C/c2cc[n+]([O-])cc2)SC(=S)N1c1cccc(C(F)(F)F)c1,Cystic fibrosis transmembrane conductance regulator
Cn1c(=O)c2c(-c3ccccc3)n3c(c2n(C)c1=O)C(c1ccccc1)Nc1ccccc1-3,Cystic fibrosis transmembrane conductance regulator
CCCCCc1ccc(NC(=O)[C@@H]2Cc3ccccc3CN2C(=O)c2cc(Cl)ccn2)cc1,Cystic fibrosis transmembrane conductance regulator
COc1ccc(Cl)cc1-n1cc(-c2sc(NC(=O)C(C)(C)C)nc2C)[nH]c1=O,Cystic fibrosis transmembrane conductance regulator
CSc1cccc(Nc2nc(-c3cc(Cl)cs3)cs2)c1,Cystic fibrosis transmembrane conductance regulator
Cn1ccc(C2NCCn3c(-c4ccccc4)c4c(=O)n(C)c(=O)n(C)c4c32)n1,Cystic fibrosis transmembrane conductance regulator
COc1cc(O)ccc1C1Nc2ccccc2-n2c(-c3ccccc3)c3c(=O)n(C)c(=O)n(C)c3c21,Cystic fibrosis transmembrane conductance regulator
CSc1cccc(Nc2nc(-c3sc(-c4ccccc4)nc3C)cs2)c1,Cystic fibrosis transmembrane conductance regulator
Cc1csc(-c2c3c(=O)n(C)c(=O)n(C)c3c3n2CCNC3c2ccc(Cl)o2)n1,Cystic fibrosis transmembrane conductance regulator
CSc1cccc(Nc2nc(-c3cc(Cl)cc(C(F)(F)F)c3)cs2)c1,Cystic fibrosis transmembrane conductance regulator
CN(C(=O)Cc1c[nH]c2ccccc12)[C@H](C(=O)Nc1ccc(CO)cc1)c1ccccc1,Cystic fibrosis transmembrane conductance regulator
O=c1c(-c2cccc(Br)c2)nc2ccccc2n1Cc1ccccc1,Cystic fibrosis transmembrane conductance regulator
Sc1cccc(Nc2nc(-c3cccc(Cl)c3)cs2)c1,Cystic fibrosis transmembrane conductance regulator
Cn1c(=O)c2c(-c3ccccc3)n3c(c2n(C)c1=O)C(c1ccc(I)o1)Oc1ccccc1-3,Cystic fibrosis transmembrane conductance regulator
O=c1c(-c2cccc([N+](=O)[O-])c2)nc2cc(F)c(F)cc2n1Cc1ccccc1,Cystic fibrosis transmembrane conductance regulator
Cc1csc(C2NCCn3c(-c4cccc(Cl)c4)c4c(=O)n(C)c(=O)n(C)c4c32)n1,Cystic fibrosis transmembrane conductance regulator
COc1ccc([N+](=O)[O-])cc1Nc1nc2c(s1)CCCc1nc(NC(=O)C(C)(C)C)sc1-2,Cystic fibrosis transmembrane conductance regulator
COc1cccc(COc2ccccc2-c2cc(CCO)on2)c1,Cystic fibrosis transmembrane conductance regulator
CSc1cccc(Nc2nc(-c3ccc(F)cc3)cs2)c1,Cystic fibrosis transmembrane conductance regulator
CSc1cccc(Nc2nc(-c3ccc4c(c3)C(C)(C)CCC4(C)C)cs2)c1,Cystic fibrosis transmembrane conductance regulator
CSc1cccc(Nc2nc(-c3ccc4c(c3)OCCCO4)cs2)c1,Cystic fibrosis transmembrane conductance regulator
CCCc1c(O)c2cccc(Cl)c2[n+]2ccccc12.[Cl-],Cystic fibrosis transmembrane conductance regulator
CCCCCc1ccc(NC(=O)[C@H]2Cc3ccccc3CN2C(=O)c2cccc(Oc3ccccc3)c2)cc1,Cystic fibrosis transmembrane conductance regulator
CSc1cccc(Nc2nc(-c3cc(F)cc(Cl)c3)cs2)c1,Cystic fibrosis transmembrane conductance regulator
CCCCCc1ccc(NC(=O)[C@@H]2Cc3ccccc3CN2C(=O)c2cccc(OCC)c2)cc1,Cystic fibrosis transmembrane conductance regulator
Cc1ccc(NC(=O)c2c[nH]c3ccccc3c2=O)cc1N,Cystic fibrosis transmembrane conductance regulator
CCCCCc1ccc(NC(=O)[C@@H]2Cc3ccccc3CN2C(=O)c2cc(OC3CCCCC3)ccn2)cc1,Cystic fibrosis transmembrane conductance regulator
CSc1cccc(Nc2nc(-c3ccc(Cl)c([N+](=O)[O-])c3)cs2)c1,Cystic fibrosis transmembrane conductance regulator
COC(=O)c1ccc([N+](=O)[O-])c(-c2nc3ccccc3n(Cc3ccccc3)c2=O)c1,Cystic fibrosis transmembrane conductance regulator
CSc1cccc(Nc2nc(-c3cc4ccccc4oc3=O)cs2)c1,Cystic fibrosis transmembrane conductance regulator
O=C(CNc1ccc2ccccc2c1)N/N=C/c1cc(Br)c(O)c(Br)c1O,Cystic fibrosis transmembrane conductance regulator
CCN(CC)c1nc(Nc2cccc(Cl)c2)nc(OCC(F)(F)C(F)F)n1,Cystic fibrosis transmembrane conductance regulator
CC(C)N.Cn1c(=O)c2c(-c3ccccc3)n3c(c2n(C)c1=O)[C@@H](c1ccc(Br)o1)Oc1ccc(C(=O)O)cc1-3,Cystic fibrosis transmembrane conductance regulator
CCOC(=O)c1c(O)c2ccc(F)cc2[n+]2ccccc12.[Cl-],Cystic fibrosis transmembrane conductance regulator
C[C@]1(C(=O)[O-])[NH+]=C2c3ncn(Cc4ccccc4)c3N=CN2[C@](C)(O)[C@@H]1O,Cystic fibrosis transmembrane conductance regulator
O=C(c1cnccc1O)N(Cc1ccccc1)Cc1ccccc1,Cystic fibrosis transmembrane conductance regulator
Cc1cccc(-c2c3c(=O)n(C)c(=O)n(C)c3c3n2CC(C)OC3c2ccc(Cl)o2)c1,Cystic fibrosis transmembrane conductance regulator
CCN(CC)c1nc(Nc2cccc(Cl)c2)nc(OC(C(F)(F)F)C(F)(F)F)n1,Cystic fibrosis transmembrane conductance regulator
CSc1cccc(Nc2nc(-c3ccc(Cl)cc3Cl)cs2)c1,Cystic fibrosis transmembrane conductance regulator
CSc1cccc(Nc2nc(-c3ccsc3)cs2)c1,Cystic fibrosis transmembrane conductance regulator
CSc1cccc(Nc2nc(-c3cnc4ccccc4c3)cs2)c1,Cystic fibrosis transmembrane conductance regulator
CSc1cccc(Nc2nc(-c3ccc(Cl)c(C)c3)cs2)c1,Cystic fibrosis transmembrane conductance regulator
CCOC(=O)c1cc(-c2sc(NC(=O)C(C)(C)C)nc2C)nn1Cc1ccccc1,Cystic fibrosis transmembrane conductance regulator
CSc1cccc(Nc2nc(-c3ccc(F)c(Br)c3)cs2)c1,Cystic fibrosis transmembrane conductance regulator
CSc1cccc(Nc2nc(-c3cccc(C(F)(F)F)c3)cs2)c1,Cystic fibrosis transmembrane conductance regulator
Cc1cccc2nc(-c3cccc([N+](=O)[O-])c3)c(=O)n(Cc3ccccc3)c12,Cystic fibrosis transmembrane conductance regulator
ClCc1cc(-c2ccccc2OCc2ccc(Br)cc2)no1,Cystic fibrosis transmembrane conductance regulator
Fc1ccc(Nc2nc(OC(C(F)(F)F)C(F)(F)F)nc(N3CCCCC3)n2)cc1,Cystic fibrosis transmembrane conductance regulator
CCN(c1ccccc1)S(=O)(=O)c1ccc2ncc(C(=O)NCc3ccccc3OC)c(O)c2c1,Cystic fibrosis transmembrane conductance regulator
N#CCc1ccccc1NC(=O)c1c[nH]c2ccccc2c1=O,Cystic fibrosis transmembrane conductance regulator
Cc1cc(C)c2cc(C#N)c(N3CCN(C(=O)c4cccnc4)CC3)nc2c1,Cystic fibrosis transmembrane conductance regulator
O=C(O)c1ccc(-n2cc(-c3cccc(C(F)(F)F)c3)nn2)cc1,Cystic fibrosis transmembrane conductance regulator
CC(C)(C)c1c[nH]c2cc(NC(=O)c3c[nH]c4ccccc4c3=O)ccc12,Cystic fibrosis transmembrane conductance regulator
CCOC(=O)c1ccc(/C=C2SC(=S)N(c3cccc(C(F)(F)F)c3)C2=O)cc1,Cystic fibrosis transmembrane conductance regulator
COc1ccc(Cl)cc1Nc1nc(-c2cnc(NC(=O)C(C)(C)C)s2)cs1,Cystic fibrosis transmembrane conductance regulator
CSc1cccc(Nc2nc(-c3cc(OCC(=O)O)c(OCC(=O)O)c(OCC(=O)O)c3)cs2)c1,Cystic fibrosis transmembrane conductance regulator
CCCCCc1ccc(NC(=O)[C@@H]2Cc3ccccc3CN2C(=O)c2cccc(Oc3ccccc3)c2)cc1,Cystic fibrosis transmembrane conductance regulator
Cn1c(=O)c2c(-c3cccc(Cl)c3)n3c(c2n(C)c1=O)[C@@H](c1nc(Cl)cs1)O[C@@H](CO)C3,Cystic fibrosis transmembrane conductance regulator
Oc1cc2cccc[n+]2c2c(F)cccc12.[Cl-],Cystic fibrosis transmembrane conductance regulator
O=C1/C(=C/c2cc(O)c(O)c(O)c2)SC(=S)N1c1cccc(C(F)(F)F)c1,Cystic fibrosis transmembrane conductance regulator
Cn1c(=O)c2c(-c3cccc(C#N)c3)n3c(c2n(C)c1=O)C(c1nc(Cl)cs1)OC(CO)C3,Cystic fibrosis transmembrane conductance regulator
CSc1cccc(Nc2nc(-c3ccc(C(F)(F)F)cc3)cs2)c1,Cystic fibrosis transmembrane conductance regulator
CSc1cccc(Nc2nc(CC(=O)Nc3ccccc3)cs2)c1,Cystic fibrosis transmembrane conductance regulator
CCCCN(C(C)=O)c1ccc(NC(=O)[C@H]2Cc3ccccc3CN2C(=O)c2cccc(Oc3ccccc3)c2)cc1,Cystic fibrosis transmembrane conductance regulator
C[C@]1(C(=O)[O-])[NH+]=C2c3ncn(CCCO)c3N=CN2[C@](C)(O)[C@@H]1O,Cystic fibrosis transmembrane conductance regulator
Cc1nc(NC(=O)C(C)(C)C)sc1-c1cc(C(=O)NCc2ccccc2)nn1Cc1ccccc1,Cystic fibrosis transmembrane conductance regulator
O=C(O)c1ccc(/C=C2SC(=S)N(c3cccc(C(F)(F)F)c3)C2=O)cc1,Cystic fibrosis transmembrane conductance regulator
O=C(c1c[nH]c2ccccc2c1=O)N(Cc1ccccc1)Cc1ccccc1,Cystic fibrosis transmembrane conductance regulator
O=C(O)c1ccccc1/C=C1SC(=S)N(c2ccccc2C(F)(F)F)C1=O,Cystic fibrosis transmembrane conductance regulator
Cn1ccc2ccc(NC(=O)c3c[nH]c4ccccc4c3=O)cc21,Cystic fibrosis transmembrane conductance regulator
CSc1cccc(Nc2nc(-c3cc(C)cs3)cs2)c1,Cystic fibrosis transmembrane conductance regulator
CSc1cccc(Nc2nc(-c3cc(C(C)(C)C)c(O)c(C(C)(C)C)c3)cs2)c1,Cystic fibrosis transmembrane conductance regulator
CC(C)(CO)c1cc2cc(NC(=O)C3(c4ccc5c(c4)OC(F)(F)O5)CC3)c(F)cc2[nH]1,Cystic fibrosis transmembrane conductance regulator
CC(=O)N1CCN(c2nc(Nc3ccccc3C(=O)c3ccccc3)nc(OC(C(F)(F)F)C(F)(F)F)n2)CC1,Cystic fibrosis transmembrane conductance regulator
COc1ccc(C2(C(=O)Nc3ccc4c(c3)cc(C(C)(C)C)n4C[C@@H](O)CO)CC2(C)C)cc1,Cystic fibrosis transmembrane conductance regulator
Cc1cc(C)c2cc(C#N)c(NCCNC(=O)c3ccccc3)nc2c1,Cystic fibrosis transmembrane conductance regulator
O=C(c1ccc2ccccc2c1O)N(Cc1ccccc1)Cc1ccccc1,Cystic fibrosis transmembrane conductance regulator
O=C(Nc1ccc(F)cc1)[C@H]1Cc2ccccc2CN1C(=O)c1cccc(Oc2ccccc2)c1,Cystic fibrosis transmembrane conductance regulator
Cc1ccc([C@H]2NCCn3c(-c4ccccc4)c4c(=O)n(C)c(=O)n(C)c4c32)o1,Cystic fibrosis transmembrane conductance regulator
Cn1c(=O)c2c(-c3cccc(C#N)c3)n3c(c2n(C)c1=O)C(c1nc(Cl)cs1)COC(CO)C3,Cystic fibrosis transmembrane conductance regulator
O=C(Nc1cnc2ccccc2c1O)c1ccc2cc[nH]c2c1,Cystic fibrosis transmembrane conductance regulator
CSc1cccc(Nc2nc(-c3ccccc3)c(C)s2)c1,Cystic fibrosis transmembrane conductance regulator
CCN(CC)c1nc(Nc2ccccc2)nc(OCC(F)(F)C(F)F)n1,Cystic fibrosis transmembrane conductance regulator
COc1ccc(/C=C2SC(=S)N(c3cccc(C(F)(F)F)c3)C2=O)cc1,Cystic fibrosis transmembrane conductance regulator
CC(C)(C)Nc1nc(Nc2ccc(OC(F)(F)Cl)cc2)nc(OCC(F)(F)F)n1,Cystic fibrosis transmembrane conductance regulator
O=C(Nc1ccc(Cl)nc1)[C@H]1Cc2ccccc2CN1C(=O)c1cccc(Oc2ccccc2)c1,Cystic fibrosis transmembrane conductance regulator
CSc1cccc(Nc2nc(-c3ccc([N+](=O)[O-])cc3)cs2)c1,Cystic fibrosis transmembrane conductance regulator
Cc1ccc(C2c3c4c(c(-c5ccccc5)n3-c3ccccc3N2C(=O)CCl)c(=O)n(C)c(=O)n4C)o1,Cystic fibrosis transmembrane conductance regulator
O=[N+]([O-])c1ccccc1Nc1nc(OC(C(F)(F)F)C(F)(F)F)nc(OC(C(F)(F)F)C(F)(F)F)n1,Cystic fibrosis transmembrane conductance regulator
O=c1[nH]c2ccccc2nc1-c1cccc([N+](=O)[O-])c1,Cystic fibrosis transmembrane conductance regulator
CNc1nc(-c2sc(NC(=O)C(C)(C)C)nc2C)c(-n2cc(-c3ccccc3)nn2)s1,Cystic fibrosis transmembrane conductance regulator
Cc1cccc(N2C(=O)/C(=C/c3ccc(C(=O)O)cc3)SC2=S)c1,Cystic fibrosis transmembrane conductance regulator
CC(C)(C)c1cc(C(F)(F)F)c(NC(=O)c2c[nH]c3ccccc3c2=O)cc1O,Cystic fibrosis transmembrane conductance regulator
CCCCCc1csc(-c2csc(Nc3cccc(SC)c3)n2)c1,Cystic fibrosis transmembrane conductance regulator
Cc1ccc(C2Oc3ccccc3-n3c(-c4ccccc4)c4c(=O)n(C)c(=O)n(C)c4c32)o1,Cystic fibrosis transmembrane conductance regulator
CSc1cccc(Nc2nc(-c3cccc(F)c3)cs2)c1,Cystic fibrosis transmembrane conductance regulator
CC(C)(C)c1cc(F)c(NC(=O)c2c[nH]c3ccccc3c2=O)cc1O,Cystic fibrosis transmembrane conductance regulator
CSc1cccc(Nc2nc(-c3ccccn3)cs2)c1,Cystic fibrosis transmembrane conductance regulator
CSc1cccc(Nc2nc(-c3ccc(F)c(Cl)c3)cs2)c1,Cystic fibrosis transmembrane conductance regulator
Cn1c(=O)c2c(-c3ccccc3)n3c(c2n(C)c1=O)C(c1ccco1)NCC3,Cystic fibrosis transmembrane conductance regulator
O=c1c(S(=O)(=O)Nc2ccc3cc[nH]c3c2)c[nH]c2ccccc12,Cystic fibrosis transmembrane conductance regulator
O=C(O)c1ccc(CC2SC(=S)N(c3cccc(C(F)(F)F)c3)C2=O)cc1,Cystic fibrosis transmembrane conductance regulator
O=C(Nc1nc(-c2ccc(Br)cc2)cs1)c1ccccc1O,Cystic fibrosis transmembrane conductance regulator
CSc1cccc(Nc2nc(-c3ccc4[nH]c(=O)oc4c3)cs2)c1,Cystic fibrosis transmembrane conductance regulator
CSc1cccc(N(Cc2ccccc2)c2nc(-c3cccc(Cl)c3)cs2)c1,Cystic fibrosis transmembrane conductance regulator
O=c1c(-c2ccc(C(F)(F)F)cc2)nc2ccccc2n1Cc1ccccc1,Cystic fibrosis transmembrane conductance regulator
O=C(O)c1ccc(Nc2nc(-c3cccc(C(F)(F)F)c3)cs2)cc1,Cystic fibrosis transmembrane conductance regulator
CSc1cccc(Nc2nc(-c3cc(C)n(-c4ccc(Cl)cc4)c3C)cs2)c1,Cystic fibrosis transmembrane conductance regulator
O=C(O)c1cccc(/C=C2SC(=S)N(c3cccc(C(F)(F)F)c3)C2=O)c1,Cystic fibrosis transmembrane conductance regulator
O=C(O)c1ccc(/C=C2SC(=S)N(c3cc(C(F)(F)F)cc(C(F)(F)F)c3)C2=O)cc1,Cystic fibrosis transmembrane conductance regulator
COc1ccc(Cl)cc1Nc1nnc(-c2csc(NC(=O)C(C)(C)C)n2)o1,Cystic fibrosis transmembrane conductance regulator
O=C1Cc2ccc(NC(=O)c3c[nH]c4ccccc4c3=O)cc2N1,Cystic fibrosis transmembrane conductance regulator
O=c1c(-c2cccc([N+](=O)[O-])c2)nc2ccccc2n1Cc1ccccn1,Cystic fibrosis transmembrane conductance regulator
CCN(CC)c1nc(Nc2cccc(F)c2)nc(OC(C(F)(F)F)C(F)(F)F)n1,Cystic fibrosis transmembrane conductance regulator
COc1ccc(Cl)cc1Nc1nc2c(s1)CCCCc1nc(NC(=O)C3CC3)sc1-2,Cystic fibrosis transmembrane conductance regulator
O=c1c(-c2cccc([N+](=O)[O-])c2)nc2c(Cl)cccc2n1Cc1ccccc1,Cystic fibrosis transmembrane conductance regulator
CC(C)(C)c1cc2cc(NC(=O)C3(c4ccc5c(c4)OCO5)CC3)c(F)cc2n1C[C@@H](O)CO,Cystic fibrosis transmembrane conductance regulator
Nc1ccc(C(=O)O)cc1-c1nc2ccccc2n(Cc2ccccc2)c1=O,Cystic fibrosis transmembrane conductance regulator
O=c1c(-c2ccccc2[N+](=O)[O-])nc2ccccc2n1Cc1ccccc1,Cystic fibrosis transmembrane conductance regulator
CCc1ccc(Nc2nc(-c3cccc(Cl)c3)cs2)cc1SC,Cystic fibrosis transmembrane conductance regulator
Cn1cnc2c1N=CN1C2=[NH+][C@](C)(C(=O)[O-])[C@@H](O)[C@@]1(C)O,Cystic fibrosis transmembrane conductance regulator
Oc1c2c3c(ccc[n+]3c3cccc(F)c13)CC2.[Cl-],Cystic fibrosis transmembrane conductance regulator
Nc1cc2[n+](c3cccc(Cl)c13)CCc1c-2[nH]c2ccccc12.[Cl-],Cystic fibrosis transmembrane conductance regulator
CSc1cccc(Nc2nc(Cc3ccc(Br)cc3)cs2)c1,Cystic fibrosis transmembrane conductance regulator
CC(C)(C)c1cc2cc[nH]c2cc1NC(=O)c1c[nH]c2ccccc2c1=O,Cystic fibrosis transmembrane conductance regulator
O=c1c(-c2cccc([N+](=O)[O-])c2)nc2ccc(Br)cc2n1Cc1ccccc1,Cystic fibrosis transmembrane conductance regulator
CCOC(=O)c1ccc2c(c1)-n1c(-c3ccccc3)c3c(=O)n(C)c(=O)n(C)c3c1C(c1ccc(Br)o1)O2,Cystic fibrosis transmembrane conductance regulator
Nc1ccc([N+](=O)[O-])cc1-c1nc2cccc3c2n(c1=O)C(c1ccccc1)CO3,Cystic fibrosis transmembrane conductance regulator
Cn1c(=O)c2c(-c3ccccc3)n3c(c2n(C)c1=O)[C@H](c1ccc(Cl)o1)N[C@@H](CO)C3,Cystic fibrosis transmembrane conductance regulator
O=C(Oc1ccc2cc[nH]c2c1)c1c[nH]c2ccccc2c1=O,Cystic fibrosis transmembrane conductance regulator
Oc1cc2cccc[n+]2c2ccc(F)cc12.[Cl-],Cystic fibrosis transmembrane conductance regulator
O=[N+]([O-])c1ccc(Nc2nc(OC(C(F)(F)F)C(F)(F)F)nc(OC(C(F)(F)F)C(F)(F)F)n2)cc1,Cystic fibrosis transmembrane conductance regulator
Cc1cccc(-c2c3c(=O)n(C)c(=O)n(C)c3c3n2-c2ccccc2OC3c2ccc(Cl)o2)c1,Cystic fibrosis transmembrane conductance regulator
COc1cccc(C(=O)NCCNc2nc3cc(C)cc(C)c3cc2C#N)c1,Cystic fibrosis transmembrane conductance regulator
CCCCCc1ccc(NC(=O)[C@@H]2Cc3ccccc3CN2C(=O)c2cccc(Oc3ccccc3)c2)cn1,Cystic fibrosis transmembrane conductance regulator
COC(=O)c1ccc(N)c(-c2nc3ccccc3n(Cc3ccccc3)c2=O)c1,Cystic fibrosis transmembrane conductance regulator
CCN(CC)c1nc(Nc2ccc(F)cc2)nc(OC(C(F)(F)F)C(F)(F)F)n1,Cystic fibrosis transmembrane conductance regulator
COc1ccc(NC(=O)c2cc(-c3sc(NC(=O)C(C)(C)C)nc3C)n(Cc3cc(Cl)ccc3OC)n2)cc1,Cystic fibrosis transmembrane conductance regulator
CCOC(=O)c1c(O)c2c(F)cccc2[n+]2ccccc12.[Cl-],Cystic fibrosis transmembrane conductance regulator
O=C(O)c1ccc(NC(=S)C2SC(=S)N(c3cccc(C(F)(F)F)c3)C2=O)cc1O,Cystic fibrosis transmembrane conductance regulator
CC(C)(C)c1ccc(NC(=O)c2c[nH]c3ccccc3c2=O)cc1C(=O)O,Cystic fibrosis transmembrane conductance regulator
CSc1cccc(Nc2nc(-c3ccccc3)c(C(=O)c3ccccc3)s2)c1,Cystic fibrosis transmembrane conductance regulator
CCOC(=O)c1cc(-c2csc(Nc3cccc(SC)c3)n2)on1,Cystic fibrosis transmembrane conductance regulator
COc1ccc(Cl)cc1Nc1nc(-c2cccc(NC(=O)C(C)(C)C)c2)cs1,Cystic fibrosis transmembrane conductance regulator
O=C1/C(=C/c2ccc(O)cc2)SC(=S)N1c1cccc(C(F)(F)F)c1,Cystic fibrosis transmembrane conductance regulator
CC(=O)Nc1ccc([N+](=O)[O-])cc1-c1nc2cccc3c2n(c1=O)CCO3,Cystic fibrosis transmembrane conductance regulator
CCN(CC)c1nc(Nc2ccc([N+](=O)[O-])cc2)nc(OC(C(F)(F)F)C(F)(F)F)n1,Cystic fibrosis transmembrane conductance regulator
CSc1cccc(Nc2nc(-c3ccc4sccc4c3)cs2)c1,Cystic fibrosis transmembrane conductance regulator
